cell,variant,embedder,traj_id,step_idx,n_steps,actor,d_a_sem,d_a_lex,d_a_gated,d_oA,d_oA_calibrated,d_oU,user_is_tool_turn,label_fail
qwen32B-int4_airline_50runs,baseline,Qwen3-Embedding-0.6B,995d305a-e3d4-4df6-b4c0-9e28ed0c0653,0,18,agent,,,,,,,0,1
qwen32B-int4_airline_50runs,baseline,Qwen3-Embedding-0.6B,995d305a-e3d4-4df6-b4c0-9e28ed0c0653,1,18,user,,,,,,0.49866610765457153,0,1
qwen32B-int4_airline_50runs,baseline,Qwen3-Embedding-0.6B,995d305a-e3d4-4df6-b4c0-9e28ed0c0653,2,18,agent,0.3441413640975952,0.08163265306122448,0.0,,,,0,1
qwen32B-int4_airline_50runs,baseline,Qwen3-Embedding-0.6B,995d305a-e3d4-4df6-b4c0-9e28ed0c0653,3,18,user,,,,,,0.22533875703811646,0,1
qwen32B-int4_airline_50runs,baseline,Qwen3-Embedding-0.6B,995d305a-e3d4-4df6-b4c0-9e28ed0c0653,4,18,agent,0.43842804431915283,0.017857142857142856,0.0,0.48087048530578613,-0.07344423731168115,,0,1
qwen32B-int4_airline_50runs,baseline,Qwen3-Embedding-0.6B,995d305a-e3d4-4df6-b4c0-9e28ed0c0653,5,18,tool,,,,,,,0,1
qwen32B-int4_airline_50runs,baseline,Qwen3-Embedding-0.6B,995d305a-e3d4-4df6-b4c0-9e28ed0c0653,6,18,agent,0.7474737763404846,0.3384615384615385,0.0,0.4589799642562866,-0.11516676346460974,,0,1
qwen32B-int4_airline_50runs,baseline,Qwen3-Embedding-0.6B,995d305a-e3d4-4df6-b4c0-9e28ed0c0653,7,18,tool,,,,,,,0,1
qwen32B-int4_airline_50runs,baseline,Qwen3-Embedding-0.6B,995d305a-e3d4-4df6-b4c0-9e28ed0c0653,8,18,agent,0.6419983506202698,0.22105263157894736,0.0,,,,0,1
qwen32B-int4_airline_50runs,baseline,Qwen3-Embedding-0.6B,995d305a-e3d4-4df6-b4c0-9e28ed0c0653,9,18,user,,,,,,0.20395010709762573,0,1
qwen32B-int4_airline_50runs,baseline,Qwen3-Embedding-0.6B,995d305a-e3d4-4df6-b4c0-9e28ed0c0653,10,18,agent,0.5359455943107605,0.01818181818181818,0.0,0.5195124745368958,-0.035413970549901364,,0,1
qwen32B-int4_airline_50runs,baseline,Qwen3-Embedding-0.6B,995d305a-e3d4-4df6-b4c0-9e28ed0c0653,11,18,tool,,,,,,,0,1
qwen32B-int4_airline_50runs,baseline,Qwen3-Embedding-0.6B,995d305a-e3d4-4df6-b4c0-9e28ed0c0653,12,18,agent,0.6930692195892334,0.3142857142857143,0.0,,,,0,1
qwen32B-int4_airline_50runs,baseline,Qwen3-Embedding-0.6B,995d305a-e3d4-4df6-b4c0-9e28ed0c0653,13,18,user,,,,,,0.42286592721939087,0,1
qwen32B-int4_airline_50runs,baseline,Qwen3-Embedding-0.6B,995d305a-e3d4-4df6-b4c0-9e28ed0c0653,14,18,agent,0.3875664174556732,0.3333333333333333,0.0,0.23631805181503296,-0.26454181472460425,,0,1
qwen32B-int4_airline_50runs,baseline,Qwen3-Embedding-0.6B,995d305a-e3d4-4df6-b4c0-9e28ed0c0653,15,18,tool,,,,,,,0,1
qwen32B-int4_airline_50runs,baseline,Qwen3-Embedding-0.6B,995d305a-e3d4-4df6-b4c0-9e28ed0c0653,16,18,agent,0.5709307789802551,0.21212121212121213,0.0,,,,0,1
qwen32B-int4_airline_50runs,baseline,Qwen3-Embedding-0.6B,995d305a-e3d4-4df6-b4c0-9e28ed0c0653,17,18,user,,,,,,0.15511029958724976,0,1
qwen32B-int4_airline_50runs,baseline,Qwen3-Embedding-0.6B,444e811c-4cd3-47ba-a4b0-7f99ea839bdb,0,26,agent,,,,,,,0,1
qwen32B-int4_airline_50runs,baseline,Qwen3-Embedding-0.6B,444e811c-4cd3-47ba-a4b0-7f99ea839bdb,1,26,user,,,,,,0.6243713796138763,0,1
qwen32B-int4_airline_50runs,baseline,Qwen3-Embedding-0.6B,444e811c-4cd3-47ba-a4b0-7f99ea839bdb,2,26,agent,0.2961238622665405,0.08571428571428572,0.0,,,,0,1
qwen32B-int4_airline_50runs,baseline,Qwen3-Embedding-0.6B,444e811c-4cd3-47ba-a4b0-7f99ea839bdb,3,26,user,,,,,,0.24984461069107056,0,1
qwen32B-int4_airline_50runs,baseline,Qwen3-Embedding-0.6B,444e811c-4cd3-47ba-a4b0-7f99ea839bdb,4,26,agent,0.5224946737289429,0.024390243902439025,0.0,0.5140054523944855,-0.07860007385412848,,0,1
qwen32B-int4_airline_50runs,baseline,Qwen3-Embedding-0.6B,444e811c-4cd3-47ba-a4b0-7f99ea839bdb,5,26,tool,,,,,,,0,1
qwen32B-int4_airline_50runs,baseline,Qwen3-Embedding-0.6B,444e811c-4cd3-47ba-a4b0-7f99ea839bdb,6,26,agent,0.8132016062736511,0.23214285714285715,0.0,,,,0,1
qwen32B-int4_airline_50runs,baseline,Qwen3-Embedding-0.6B,444e811c-4cd3-47ba-a4b0-7f99ea839bdb,7,26,user,,,,,,0.09290218353271484,0,1
qwen32B-int4_airline_50runs,baseline,Qwen3-Embedding-0.6B,444e811c-4cd3-47ba-a4b0-7f99ea839bdb,8,26,agent,0.66568523645401,0.4666666666666667,0.0,0.4334835410118103,-0.007637312014897646,,0,1
qwen32B-int4_airline_50runs,baseline,Qwen3-Embedding-0.6B,444e811c-4cd3-47ba-a4b0-7f99ea839bdb,9,26,tool,,,,,,,0,1
qwen32B-int4_airline_50runs,baseline,Qwen3-Embedding-0.6B,444e811c-4cd3-47ba-a4b0-7f99ea839bdb,10,26,agent,0.998142659664154,0.6923076923076923,0.0,0.4347279667854309,-0.00029092033704120057,,0,1
qwen32B-int4_airline_50runs,baseline,Qwen3-Embedding-0.6B,444e811c-4cd3-47ba-a4b0-7f99ea839bdb,11,26,tool,,,,,,,0,1
qwen32B-int4_airline_50runs,baseline,Qwen3-Embedding-0.6B,444e811c-4cd3-47ba-a4b0-7f99ea839bdb,12,26,agent,0.9988784193992615,0.6923076923076923,0.0,0.3943895697593689,-0.05062247316042584,,0,1
qwen32B-int4_airline_50runs,baseline,Qwen3-Embedding-0.6B,444e811c-4cd3-47ba-a4b0-7f99ea839bdb,13,26,tool,,,,,,,0,1
qwen32B-int4_airline_50runs,baseline,Qwen3-Embedding-0.6B,444e811c-4cd3-47ba-a4b0-7f99ea839bdb,14,26,agent,0.9985650777816772,0.6923076923076923,0.0,0.429837167263031,-0.015203813711802183,,0,1
qwen32B-int4_airline_50runs,baseline,Qwen3-Embedding-0.6B,444e811c-4cd3-47ba-a4b0-7f99ea839bdb,15,26,tool,,,,,,,0,1
qwen32B-int4_airline_50runs,baseline,Qwen3-Embedding-0.6B,444e811c-4cd3-47ba-a4b0-7f99ea839bdb,16,26,agent,0.999142050743103,0.6923076923076923,0.0,0.4607107639312744,0.017248769601186098,,0,1
qwen32B-int4_airline_50runs,baseline,Qwen3-Embedding-0.6B,444e811c-4cd3-47ba-a4b0-7f99ea839bdb,17,26,tool,,,,,,,0,1
qwen32B-int4_airline_50runs,baseline,Qwen3-Embedding-0.6B,444e811c-4cd3-47ba-a4b0-7f99ea839bdb,18,26,agent,0.5869539976119995,0.037037037037037035,0.0,,,,0,1
qwen32B-int4_airline_50runs,baseline,Qwen3-Embedding-0.6B,444e811c-4cd3-47ba-a4b0-7f99ea839bdb,19,26,user,,,,,,0.3876423239707947,0,1
qwen32B-int4_airline_50runs,baseline,Qwen3-Embedding-0.6B,444e811c-4cd3-47ba-a4b0-7f99ea839bdb,20,26,agent,0.5930723547935486,0.25,0.0,,,,0,1
qwen32B-int4_airline_50runs,baseline,Qwen3-Embedding-0.6B,444e811c-4cd3-47ba-a4b0-7f99ea839bdb,21,26,user,,,,,,0.44260644912719727,0,1
qwen32B-int4_airline_50runs,baseline,Qwen3-Embedding-0.6B,444e811c-4cd3-47ba-a4b0-7f99ea839bdb,22,26,agent,0.6191093325614929,0.24324324324324326,0.0,0.6095994710922241,-0.0419785579045614,,0,1
qwen32B-int4_airline_50runs,baseline,Qwen3-Embedding-0.6B,444e811c-4cd3-47ba-a4b0-7f99ea839bdb,23,26,tool,,,,,,,0,1
qwen32B-int4_airline_50runs,baseline,Qwen3-Embedding-0.6B,444e811c-4cd3-47ba-a4b0-7f99ea839bdb,24,26,agent,0.6111827492713928,0.30357142857142855,0.0,,,,0,1
qwen32B-int4_airline_50runs,baseline,Qwen3-Embedding-0.6B,444e811c-4cd3-47ba-a4b0-7f99ea839bdb,25,26,user,,,,,,0.5471939146518707,0,1
qwen32B-int4_airline_50runs,baseline,Qwen3-Embedding-0.6B,4ecca480-4087-4c4c-b115-608f048464ce,0,26,agent,,,,,,,0,1
qwen32B-int4_airline_50runs,baseline,Qwen3-Embedding-0.6B,4ecca480-4087-4c4c-b115-608f048464ce,1,26,user,,,,,,0.54984450340271,0,1
qwen32B-int4_airline_50runs,baseline,Qwen3-Embedding-0.6B,4ecca480-4087-4c4c-b115-608f048464ce,2,26,agent,0.3587401807308197,0.09375,0.0,,,,0,1
qwen32B-int4_airline_50runs,baseline,Qwen3-Embedding-0.6B,4ecca480-4087-4c4c-b115-608f048464ce,3,26,user,,,,,,0.23314273357391357,0,1
qwen32B-int4_airline_50runs,baseline,Qwen3-Embedding-0.6B,4ecca480-4087-4c4c-b115-608f048464ce,4,26,agent,0.7612557411193848,0.02631578947368421,0.0,0.4655821919441223,-0.08657048940658574,,0,1
qwen32B-int4_airline_50runs,baseline,Qwen3-Embedding-0.6B,4ecca480-4087-4c4c-b115-608f048464ce,5,26,tool,,,,,,,0,1
qwen32B-int4_airline_50runs,baseline,Qwen3-Embedding-0.6B,4ecca480-4087-4c4c-b115-608f048464ce,6,26,agent,0.6597209572792053,0.3050847457627119,0.0,,,,0,1
qwen32B-int4_airline_50runs,baseline,Qwen3-Embedding-0.6B,4ecca480-4087-4c4c-b115-608f048464ce,7,26,user,,,,,,0.35744673013687134,0,1
qwen32B-int4_airline_50runs,baseline,Qwen3-Embedding-0.6B,4ecca480-4087-4c4c-b115-608f048464ce,8,26,agent,0.6763248443603516,0.1553398058252427,0.0,0.6358665525913239,0.03525128960609436,,0,1
qwen32B-int4_airline_50runs,baseline,Qwen3-Embedding-0.6B,4ecca480-4087-4c4c-b115-608f048464ce,9,26,tool,,,,,,,0,1
qwen32B-int4_airline_50runs,baseline,Qwen3-Embedding-0.6B,4ecca480-4087-4c4c-b115-608f048464ce,10,26,agent,0.5498480796813965,0.03225806451612903,0.0,0.5391687154769897,0.034447216987609885,,0,1
qwen32B-int4_airline_50runs,baseline,Qwen3-Embedding-0.6B,4ecca480-4087-4c4c-b115-608f048464ce,11,26,tool,,,,,,,0,1
qwen32B-int4_airline_50runs,baseline,Qwen3-Embedding-0.6B,4ecca480-4087-4c4c-b115-608f048464ce,12,26,agent,0.7310812473297119,0.2261904761904762,0.0,,,,0,1
qwen32B-int4_airline_50runs,baseline,Qwen3-Embedding-0.6B,4ecca480-4087-4c4c-b115-608f048464ce,13,26,user,,,,,,0.2953788638114929,0,1
qwen32B-int4_airline_50runs,baseline,Qwen3-Embedding-0.6B,4ecca480-4087-4c4c-b115-608f048464ce,14,26,agent,0.6626094579696655,0.3142857142857143,0.0,,,,0,1
qwen32B-int4_airline_50runs,baseline,Qwen3-Embedding-0.6B,4ecca480-4087-4c4c-b115-608f048464ce,15,26,user,,,,,,0.3570331335067749,0,1
qwen32B-int4_airline_50runs,baseline,Qwen3-Embedding-0.6B,4ecca480-4087-4c4c-b115-608f048464ce,16,26,agent,0.634035587310791,0.20689655172413793,0.0,0.5937401652336121,-0.03763837218284605,,0,1
qwen32B-int4_airline_50runs,baseline,Qwen3-Embedding-0.6B,4ecca480-4087-4c4c-b115-608f048464ce,17,26,tool,,,,,,,0,1
qwen32B-int4_airline_50runs,baseline,Qwen3-Embedding-0.6B,4ecca480-4087-4c4c-b115-608f048464ce,18,26,agent,0.6882917284965515,0.2631578947368421,0.0,,,,0,1
qwen32B-int4_airline_50runs,baseline,Qwen3-Embedding-0.6B,4ecca480-4087-4c4c-b115-608f048464ce,19,26,user,,,,,,0.23322248458862305,0,1
qwen32B-int4_airline_50runs,baseline,Qwen3-Embedding-0.6B,4ecca480-4087-4c4c-b115-608f048464ce,20,26,agent,0.5708324909210205,0.014084507042253521,0.0,0.3902342915534973,-0.1612997472286224,,0,1
qwen32B-int4_airline_50runs,baseline,Qwen3-Embedding-0.6B,4ecca480-4087-4c4c-b115-608f048464ce,21,26,tool,,,,,,,0,1
qwen32B-int4_airline_50runs,baseline,Qwen3-Embedding-0.6B,4ecca480-4087-4c4c-b115-608f048464ce,22,26,agent,0.48484373092651367,0.4117647058823529,0.0,0.2169308066368103,-0.3008312940597534,,0,1
qwen32B-int4_airline_50runs,baseline,Qwen3-Embedding-0.6B,4ecca480-4087-4c4c-b115-608f048464ce,23,26,tool,,,,,,,0,1
qwen32B-int4_airline_50runs,baseline,Qwen3-Embedding-0.6B,4ecca480-4087-4c4c-b115-608f048464ce,24,26,agent,0.6903021335601807,0.018518518518518517,0.0,,,,0,1
qwen32B-int4_airline_50runs,baseline,Qwen3-Embedding-0.6B,4ecca480-4087-4c4c-b115-608f048464ce,25,26,user,,,,,,0.2853146195411682,0,1
qwen32B-int4_airline_50runs,baseline,Qwen3-Embedding-0.6B,2ab60ea0-bad2-491e-887d-78a1a398f4ad,0,14,agent,,,,,,,0,0
qwen32B-int4_airline_50runs,baseline,Qwen3-Embedding-0.6B,2ab60ea0-bad2-491e-887d-78a1a398f4ad,1,14,user,,,,,,0.5255249738693237,0,0
qwen32B-int4_airline_50runs,baseline,Qwen3-Embedding-0.6B,2ab60ea0-bad2-491e-887d-78a1a398f4ad,2,14,agent,0.36966460943222046,0.0,0.0,0.41854310035705566,-0.14663700759410858,,0,0
qwen32B-int4_airline_50runs,baseline,Qwen3-Embedding-0.6B,2ab60ea0-bad2-491e-887d-78a1a398f4ad,3,14,tool,,,,,,,0,0
qwen32B-int4_airline_50runs,baseline,Qwen3-Embedding-0.6B,2ab60ea0-bad2-491e-887d-78a1a398f4ad,4,14,agent,0.4740510582923889,0.05,0.0,,,,0,0
qwen32B-int4_airline_50runs,baseline,Qwen3-Embedding-0.6B,2ab60ea0-bad2-491e-887d-78a1a398f4ad,5,14,user,,,,,,0.35267531871795654,0,0
qwen32B-int4_airline_50runs,baseline,Qwen3-Embedding-0.6B,2ab60ea0-bad2-491e-887d-78a1a398f4ad,6,14,agent,0.6339393854141235,0.4666666666666667,0.0,0.4949820041656494,-0.10177566111087799,,0,0
qwen32B-int4_airline_50runs,baseline,Qwen3-Embedding-0.6B,2ab60ea0-bad2-491e-887d-78a1a398f4ad,7,14,tool,,,,,,,0,0
qwen32B-int4_airline_50runs,baseline,Qwen3-Embedding-0.6B,2ab60ea0-bad2-491e-887d-78a1a398f4ad,8,14,agent,0.7738034725189209,0.40789473684210525,0.0,,,,0,0
qwen32B-int4_airline_50runs,baseline,Qwen3-Embedding-0.6B,2ab60ea0-bad2-491e-887d-78a1a398f4ad,9,14,user,,,,,,0.18124878406524658,0,0
qwen32B-int4_airline_50runs,baseline,Qwen3-Embedding-0.6B,2ab60ea0-bad2-491e-887d-78a1a398f4ad,10,14,agent,0.5991854667663574,0.1891891891891892,0.0,0.4382440447807312,-0.028063058853149414,,0,0
qwen32B-int4_airline_50runs,baseline,Qwen3-Embedding-0.6B,2ab60ea0-bad2-491e-887d-78a1a398f4ad,11,14,tool,,,,,,,0,0
qwen32B-int4_airline_50runs,baseline,Qwen3-Embedding-0.6B,2ab60ea0-bad2-491e-887d-78a1a398f4ad,12,14,agent,0.7541646361351013,0.1,0.0,,,,0,0
qwen32B-int4_airline_50runs,baseline,Qwen3-Embedding-0.6B,2ab60ea0-bad2-491e-887d-78a1a398f4ad,13,14,user,,,,,,0.23380333185195923,0,0
qwen32B-int4_airline_50runs,baseline,Qwen3-Embedding-0.6B,5ecb7138-87ad-454b-b8e5-ce0c80569617,0,12,agent,,,,,,,0,0
qwen32B-int4_airline_50runs,baseline,Qwen3-Embedding-0.6B,5ecb7138-87ad-454b-b8e5-ce0c80569617,1,12,user,,,,,,0.5859319865703583,0,0
qwen32B-int4_airline_50runs,baseline,Qwen3-Embedding-0.6B,5ecb7138-87ad-454b-b8e5-ce0c80569617,2,12,agent,0.37540754675865173,0.0,0.0,0.6189737319946289,-0.006463885307312012,,0,0
qwen32B-int4_airline_50runs,baseline,Qwen3-Embedding-0.6B,5ecb7138-87ad-454b-b8e5-ce0c80569617,3,12,tool,,,,,,,0,0
qwen32B-int4_airline_50runs,baseline,Qwen3-Embedding-0.6B,5ecb7138-87ad-454b-b8e5-ce0c80569617,4,12,agent,0.5103434920310974,0.08620689655172414,0.0,,,,0,0
qwen32B-int4_airline_50runs,baseline,Qwen3-Embedding-0.6B,5ecb7138-87ad-454b-b8e5-ce0c80569617,5,12,user,,,,,,0.2784344553947449,0,0
qwen32B-int4_airline_50runs,baseline,Qwen3-Embedding-0.6B,5ecb7138-87ad-454b-b8e5-ce0c80569617,6,12,agent,0.8695979714393616,0.3181818181818182,0.0,,,,0,0
qwen32B-int4_airline_50runs,baseline,Qwen3-Embedding-0.6B,5ecb7138-87ad-454b-b8e5-ce0c80569617,7,12,user,,,,,,0.43965691328048706,0,0
qwen32B-int4_airline_50runs,baseline,Qwen3-Embedding-0.6B,5ecb7138-87ad-454b-b8e5-ce0c80569617,8,12,agent,0.9001292586326599,0.4117647058823529,0.0,0.7360253930091858,0.1293596625328064,,0,0
qwen32B-int4_airline_50runs,baseline,Qwen3-Embedding-0.6B,5ecb7138-87ad-454b-b8e5-ce0c80569617,9,12,tool,,,,,,,0,0
qwen32B-int4_airline_50runs,baseline,Qwen3-Embedding-0.6B,5ecb7138-87ad-454b-b8e5-ce0c80569617,10,12,agent,0.3344447910785675,0.09230769230769231,0.0,,,,0,0
qwen32B-int4_airline_50runs,baseline,Qwen3-Embedding-0.6B,5ecb7138-87ad-454b-b8e5-ce0c80569617,11,12,user,,,,,,0.2334446907043457,0,0
qwen32B-int4_airline_50runs,baseline,Qwen3-Embedding-0.6B,24be882a-2e2c-4cb5-8e1e-c34d22b4a06c,0,28,agent,,,,,,,0,0
qwen32B-int4_airline_50runs,baseline,Qwen3-Embedding-0.6B,24be882a-2e2c-4cb5-8e1e-c34d22b4a06c,1,28,user,,,,,,0.5737842917442322,0,0
qwen32B-int4_airline_50runs,baseline,Qwen3-Embedding-0.6B,24be882a-2e2c-4cb5-8e1e-c34d22b4a06c,2,28,agent,0.4348180592060089,0.07894736842105263,0.0,,,,0,0
qwen32B-int4_airline_50runs,baseline,Qwen3-Embedding-0.6B,24be882a-2e2c-4cb5-8e1e-c34d22b4a06c,3,28,user,,,,,,0.23416996002197266,0,0
qwen32B-int4_airline_50runs,baseline,Qwen3-Embedding-0.6B,24be882a-2e2c-4cb5-8e1e-c34d22b4a06c,4,28,agent,0.5846995711326599,0.25301204819277107,0.0,,,,0,0
qwen32B-int4_airline_50runs,baseline,Qwen3-Embedding-0.6B,24be882a-2e2c-4cb5-8e1e-c34d22b4a06c,5,28,user,,,,,,0.2401145100593567,0,0
qwen32B-int4_airline_50runs,baseline,Qwen3-Embedding-0.6B,24be882a-2e2c-4cb5-8e1e-c34d22b4a06c,6,28,agent,0.5524557828903198,0.022727272727272728,0.0,0.24122405052185059,-0.280976015329361,,0,0
qwen32B-int4_airline_50runs,baseline,Qwen3-Embedding-0.6B,24be882a-2e2c-4cb5-8e1e-c34d22b4a06c,7,28,tool,,,,,,,0,0
qwen32B-int4_airline_50runs,baseline,Qwen3-Embedding-0.6B,24be882a-2e2c-4cb5-8e1e-c34d22b4a06c,8,28,agent,0.6858781576156616,0.25555555555555554,0.0,,,,0,0
qwen32B-int4_airline_50runs,baseline,Qwen3-Embedding-0.6B,24be882a-2e2c-4cb5-8e1e-c34d22b4a06c,9,28,user,,,,,,0.22498589754104614,0,0
qwen32B-int4_airline_50runs,baseline,Qwen3-Embedding-0.6B,24be882a-2e2c-4cb5-8e1e-c34d22b4a06c,10,28,agent,0.9994291067123413,0.6923076923076923,0.0,0.23942339420318604,-0.2779012799263001,,0,0
qwen32B-int4_airline_50runs,baseline,Qwen3-Embedding-0.6B,24be882a-2e2c-4cb5-8e1e-c34d22b4a06c,11,28,tool,,,,,,,0,0
qwen32B-int4_airline_50runs,baseline,Qwen3-Embedding-0.6B,24be882a-2e2c-4cb5-8e1e-c34d22b4a06c,12,28,agent,0.949438214302063,0.5737704918032787,0.0,,,,0,0
qwen32B-int4_airline_50runs,baseline,Qwen3-Embedding-0.6B,24be882a-2e2c-4cb5-8e1e-c34d22b4a06c,13,28,user,,,,,,0.2953811287879944,0,0
qwen32B-int4_airline_50runs,baseline,Qwen3-Embedding-0.6B,24be882a-2e2c-4cb5-8e1e-c34d22b4a06c,14,28,agent,0.5275975465774536,0.35,0.0,0.3656163215637207,-0.16844171285629272,,0,0
qwen32B-int4_airline_50runs,baseline,Qwen3-Embedding-0.6B,24be882a-2e2c-4cb5-8e1e-c34d22b4a06c,15,28,tool,,,,,,,0,0
qwen32B-int4_airline_50runs,baseline,Qwen3-Embedding-0.6B,24be882a-2e2c-4cb5-8e1e-c34d22b4a06c,16,28,agent,0.8062383532524109,0.37333333333333335,0.0,,,,0,0
qwen32B-int4_airline_50runs,baseline,Qwen3-Embedding-0.6B,24be882a-2e2c-4cb5-8e1e-c34d22b4a06c,17,28,user,,,,,,0.20495736598968506,0,0
qwen32B-int4_airline_50runs,baseline,Qwen3-Embedding-0.6B,24be882a-2e2c-4cb5-8e1e-c34d22b4a06c,18,28,agent,0.7332631945610046,0.5,0.0,0.6407786905765533,0.12132627964019771,,0,0
qwen32B-int4_airline_50runs,baseline,Qwen3-Embedding-0.6B,24be882a-2e2c-4cb5-8e1e-c34d22b4a06c,19,28,tool,,,,,,,0,0
qwen32B-int4_airline_50runs,baseline,Qwen3-Embedding-0.6B,24be882a-2e2c-4cb5-8e1e-c34d22b4a06c,20,28,agent,0.6807759404182434,0.5068493150684932,0.0,,,,0,0
qwen32B-int4_airline_50runs,baseline,Qwen3-Embedding-0.6B,24be882a-2e2c-4cb5-8e1e-c34d22b4a06c,21,28,user,,,,,,0.35849034786224365,0,0
qwen32B-int4_airline_50runs,baseline,Qwen3-Embedding-0.6B,24be882a-2e2c-4cb5-8e1e-c34d22b4a06c,22,28,agent,0.7302139401435852,0.5,0.0,0.3639625906944275,-0.17081509232521053,,0,0
qwen32B-int4_airline_50runs,baseline,Qwen3-Embedding-0.6B,24be882a-2e2c-4cb5-8e1e-c34d22b4a06c,23,28,tool,,,,,,,0,0
qwen32B-int4_airline_50runs,baseline,Qwen3-Embedding-0.6B,24be882a-2e2c-4cb5-8e1e-c34d22b4a06c,24,28,agent,0.5827755331993103,0.24528301886792453,0.0,0.7578627616167068,0.2144828468561173,,0,0
qwen32B-int4_airline_50runs,baseline,Qwen3-Embedding-0.6B,24be882a-2e2c-4cb5-8e1e-c34d22b4a06c,25,28,tool,,,,,,,0,0
qwen32B-int4_airline_50runs,baseline,Qwen3-Embedding-0.6B,24be882a-2e2c-4cb5-8e1e-c34d22b4a06c,26,28,agent,0.43959954380989075,0.12162162162162163,0.0,,,,0,0
qwen32B-int4_airline_50runs,baseline,Qwen3-Embedding-0.6B,24be882a-2e2c-4cb5-8e1e-c34d22b4a06c,27,28,user,,,,,,0.23219871520996094,0,0
qwen32B-int4_airline_50runs,baseline,Qwen3-Embedding-0.6B,1351424c-5fa3-4355-a64e-8f2b127fb25b,0,32,agent,,,,,,,0,1
qwen32B-int4_airline_50runs,baseline,Qwen3-Embedding-0.6B,1351424c-5fa3-4355-a64e-8f2b127fb25b,1,32,user,,,,,,0.7067253589630127,0,1
qwen32B-int4_airline_50runs,baseline,Qwen3-Embedding-0.6B,1351424c-5fa3-4355-a64e-8f2b127fb25b,2,32,agent,0.30287086963653564,0.06382978723404255,0.0,,,,0,1
qwen32B-int4_airline_50runs,baseline,Qwen3-Embedding-0.6B,1351424c-5fa3-4355-a64e-8f2b127fb25b,3,32,user,,,,,,0.33546024560928345,0,1
qwen32B-int4_airline_50runs,baseline,Qwen3-Embedding-0.6B,1351424c-5fa3-4355-a64e-8f2b127fb25b,4,32,agent,0.4213812053203583,0.0,0.0,0.470098614692688,-0.10759991738531327,,0,1
qwen32B-int4_airline_50runs,baseline,Qwen3-Embedding-0.6B,1351424c-5fa3-4355-a64e-8f2b127fb25b,5,32,tool,,,,,,,0,1
qwen32B-int4_airline_50runs,baseline,Qwen3-Embedding-0.6B,1351424c-5fa3-4355-a64e-8f2b127fb25b,6,32,agent,0.8689420819282532,0.35,0.0,,,,0,1
qwen32B-int4_airline_50runs,baseline,Qwen3-Embedding-0.6B,1351424c-5fa3-4355-a64e-8f2b127fb25b,7,32,user,,,,,,0.32723134756088257,0,1
qwen32B-int4_airline_50runs,baseline,Qwen3-Embedding-0.6B,1351424c-5fa3-4355-a64e-8f2b127fb25b,8,32,agent,0.9215951561927795,0.38666666666666666,0.0,,,,0,1
qwen32B-int4_airline_50runs,baseline,Qwen3-Embedding-0.6B,1351424c-5fa3-4355-a64e-8f2b127fb25b,9,32,user,,,,,,0.23527252674102783,0,1
qwen32B-int4_airline_50runs,baseline,Qwen3-Embedding-0.6B,1351424c-5fa3-4355-a64e-8f2b127fb25b,10,32,agent,0.6796236038208008,0.02040816326530612,0.0,0.41467803716659546,-0.048052503003014446,,0,1
qwen32B-int4_airline_50runs,baseline,Qwen3-Embedding-0.6B,1351424c-5fa3-4355-a64e-8f2b127fb25b,11,32,tool,,,,,,,0,1
qwen32B-int4_airline_50runs,baseline,Qwen3-Embedding-0.6B,1351424c-5fa3-4355-a64e-8f2b127fb25b,12,32,agent,0.9985118508338928,0.6923076923076923,0.0,0.38335174322128296,-0.08248835139804417,,0,1
qwen32B-int4_airline_50runs,baseline,Qwen3-Embedding-0.6B,1351424c-5fa3-4355-a64e-8f2b127fb25b,13,32,tool,,,,,,,0,1
qwen32B-int4_airline_50runs,baseline,Qwen3-Embedding-0.6B,1351424c-5fa3-4355-a64e-8f2b127fb25b,14,32,agent,0.6391774415969849,0.02,0.0,0.5443892180919647,0.17814979950586957,,0,1
qwen32B-int4_airline_50runs,baseline,Qwen3-Embedding-0.6B,1351424c-5fa3-4355-a64e-8f2b127fb25b,15,32,tool,,,,,,,0,1
qwen32B-int4_airline_50runs,baseline,Qwen3-Embedding-0.6B,1351424c-5fa3-4355-a64e-8f2b127fb25b,16,32,agent,0.6722185611724854,0.15942028985507245,0.0,0.3445011377334595,-0.048868695894877134,,0,1
qwen32B-int4_airline_50runs,baseline,Qwen3-Embedding-0.6B,1351424c-5fa3-4355-a64e-8f2b127fb25b,17,32,tool,,,,,,,0,1
qwen32B-int4_airline_50runs,baseline,Qwen3-Embedding-0.6B,1351424c-5fa3-4355-a64e-8f2b127fb25b,18,32,agent,0.6098885536193848,0.04081632653061224,0.0,0.4447844624519348,-0.007620096206665039,,0,1
qwen32B-int4_airline_50runs,baseline,Qwen3-Embedding-0.6B,1351424c-5fa3-4355-a64e-8f2b127fb25b,19,32,tool,,,,,,,0,1
qwen32B-int4_airline_50runs,baseline,Qwen3-Embedding-0.6B,1351424c-5fa3-4355-a64e-8f2b127fb25b,20,32,agent,0.9990341663360596,0.6923076923076923,0.0,0.419339656829834,-0.04076908032099408,,0,1
qwen32B-int4_airline_50runs,baseline,Qwen3-Embedding-0.6B,1351424c-5fa3-4355-a64e-8f2b127fb25b,21,32,tool,,,,,,,0,1
qwen32B-int4_airline_50runs,baseline,Qwen3-Embedding-0.6B,1351424c-5fa3-4355-a64e-8f2b127fb25b,22,32,agent,0.9990537166595459,0.6923076923076923,0.6923076923076923,0.429734468460083,-0.024114476309882282,,0,1
qwen32B-int4_airline_50runs,baseline,Qwen3-Embedding-0.6B,1351424c-5fa3-4355-a64e-8f2b127fb25b,23,32,tool,,,,,,,0,1
qwen32B-int4_airline_50runs,baseline,Qwen3-Embedding-0.6B,1351424c-5fa3-4355-a64e-8f2b127fb25b,24,32,agent,0.4296177625656128,0.02857142857142857,0.0,,,,0,1
qwen32B-int4_airline_50runs,baseline,Qwen3-Embedding-0.6B,1351424c-5fa3-4355-a64e-8f2b127fb25b,25,32,user,,,,,,0.5272644460201263,0,1
qwen32B-int4_airline_50runs,baseline,Qwen3-Embedding-0.6B,1351424c-5fa3-4355-a64e-8f2b127fb25b,26,32,agent,0.5158016681671143,0.13953488372093023,0.0,0.5377584397792816,0.012533889876471638,,0,1
qwen32B-int4_airline_50runs,baseline,Qwen3-Embedding-0.6B,1351424c-5fa3-4355-a64e-8f2b127fb25b,27,32,tool,,,,,,,0,1
qwen32B-int4_airline_50runs,baseline,Qwen3-Embedding-0.6B,1351424c-5fa3-4355-a64e-8f2b127fb25b,28,32,agent,0.8799312710762024,0.3333333333333333,0.0,0.45534074306488037,-0.0360765854517619,,0,1
qwen32B-int4_airline_50runs,baseline,Qwen3-Embedding-0.6B,1351424c-5fa3-4355-a64e-8f2b127fb25b,29,32,tool,,,,,,,0,1
qwen32B-int4_airline_50runs,baseline,Qwen3-Embedding-0.6B,1351424c-5fa3-4355-a64e-8f2b127fb25b,30,32,agent,0.8780245780944824,0.38181818181818183,0.0,,,,0,1
qwen32B-int4_airline_50runs,baseline,Qwen3-Embedding-0.6B,1351424c-5fa3-4355-a64e-8f2b127fb25b,31,32,user,,,,,,0.6964681148529053,0,1
qwen32B-int4_airline_50runs,baseline,Qwen3-Embedding-0.6B,fb075abd-f40a-49ac-bf13-26157f84b8ae,0,26,agent,,,,,,,0,0
qwen32B-int4_airline_50runs,baseline,Qwen3-Embedding-0.6B,fb075abd-f40a-49ac-bf13-26157f84b8ae,1,26,user,,,,,,0.6097920536994934,0,0
qwen32B-int4_airline_50runs,baseline,Qwen3-Embedding-0.6B,fb075abd-f40a-49ac-bf13-26157f84b8ae,2,26,agent,0.2957455813884735,0.038461538461538464,0.0,,,,0,0
qwen32B-int4_airline_50runs,baseline,Qwen3-Embedding-0.6B,fb075abd-f40a-49ac-bf13-26157f84b8ae,3,26,user,,,,,,0.2910614609718323,0,0
qwen32B-int4_airline_50runs,baseline,Qwen3-Embedding-0.6B,fb075abd-f40a-49ac-bf13-26157f84b8ae,4,26,agent,0.589214026927948,0.017543859649122806,0.0,0.19672387838363647,-0.35507020354270935,,0,0
qwen32B-int4_airline_50runs,baseline,Qwen3-Embedding-0.6B,fb075abd-f40a-49ac-bf13-26157f84b8ae,5,26,tool,,,,,,,0,0
qwen32B-int4_airline_50runs,baseline,Qwen3-Embedding-0.6B,fb075abd-f40a-49ac-bf13-26157f84b8ae,6,26,agent,0.6478113532066345,0.1919191919191919,0.0,,,,0,0
qwen32B-int4_airline_50runs,baseline,Qwen3-Embedding-0.6B,fb075abd-f40a-49ac-bf13-26157f84b8ae,7,26,user,,,,,,0.21684354543685913,0,0
qwen32B-int4_airline_50runs,baseline,Qwen3-Embedding-0.6B,fb075abd-f40a-49ac-bf13-26157f84b8ae,8,26,agent,0.640587568283081,0.3333333333333333,0.0,0.3519885540008545,-0.15123426914215088,,0,0
qwen32B-int4_airline_50runs,baseline,Qwen3-Embedding-0.6B,fb075abd-f40a-49ac-bf13-26157f84b8ae,9,26,tool,,,,,,,0,0
qwen32B-int4_airline_50runs,baseline,Qwen3-Embedding-0.6B,fb075abd-f40a-49ac-bf13-26157f84b8ae,10,26,agent,0.7160044312477112,0.25,0.0,,,,0,0
qwen32B-int4_airline_50runs,baseline,Qwen3-Embedding-0.6B,fb075abd-f40a-49ac-bf13-26157f84b8ae,11,26,user,,,,,,0.2853659987449646,0,0
qwen32B-int4_airline_50runs,baseline,Qwen3-Embedding-0.6B,fb075abd-f40a-49ac-bf13-26157f84b8ae,12,26,agent,0.7407988905906677,0.38738738738738737,0.0,,,,0,0
qwen32B-int4_airline_50runs,baseline,Qwen3-Embedding-0.6B,fb075abd-f40a-49ac-bf13-26157f84b8ae,13,26,user,,,,,,0.525137186050415,0,0
qwen32B-int4_airline_50runs,baseline,Qwen3-Embedding-0.6B,fb075abd-f40a-49ac-bf13-26157f84b8ae,14,26,agent,0.2810460329055786,0.0,0.0,0.4839910864830017,-0.17861004918813705,,0,0
qwen32B-int4_airline_50runs,baseline,Qwen3-Embedding-0.6B,fb075abd-f40a-49ac-bf13-26157f84b8ae,15,26,tool,,,,,,,0,0
qwen32B-int4_airline_50runs,baseline,Qwen3-Embedding-0.6B,fb075abd-f40a-49ac-bf13-26157f84b8ae,16,26,agent,0.8221769332885742,0.5607476635514018,0.0,,,,0,0
qwen32B-int4_airline_50runs,baseline,Qwen3-Embedding-0.6B,fb075abd-f40a-49ac-bf13-26157f84b8ae,17,26,user,,,,,,0.2871166467666626,0,0
qwen32B-int4_airline_50runs,baseline,Qwen3-Embedding-0.6B,fb075abd-f40a-49ac-bf13-26157f84b8ae,18,26,agent,0.6772826910018921,0.18867924528301888,0.0,0.6025400757789612,0.2742415964603424,,0,0
qwen32B-int4_airline_50runs,baseline,Qwen3-Embedding-0.6B,fb075abd-f40a-49ac-bf13-26157f84b8ae,19,26,tool,,,,,,,0,0
qwen32B-int4_airline_50runs,baseline,Qwen3-Embedding-0.6B,fb075abd-f40a-49ac-bf13-26157f84b8ae,20,26,agent,0.7348759770393372,0.24489795918367346,0.0,,,,0,0
qwen32B-int4_airline_50runs,baseline,Qwen3-Embedding-0.6B,fb075abd-f40a-49ac-bf13-26157f84b8ae,21,26,user,,,,,,0.16450244188308716,0,0
qwen32B-int4_airline_50runs,baseline,Qwen3-Embedding-0.6B,fb075abd-f40a-49ac-bf13-26157f84b8ae,22,26,agent,0.9994416832923889,0.9215686274509803,0.0,0.14310294389724731,-0.29611673206090927,,0,0
qwen32B-int4_airline_50runs,baseline,Qwen3-Embedding-0.6B,fb075abd-f40a-49ac-bf13-26157f84b8ae,23,26,tool,,,,,,,0,0
qwen32B-int4_airline_50runs,baseline,Qwen3-Embedding-0.6B,fb075abd-f40a-49ac-bf13-26157f84b8ae,24,26,agent,0.7444593906402588,0.20952380952380953,0.0,,,,0,0
qwen32B-int4_airline_50runs,baseline,Qwen3-Embedding-0.6B,fb075abd-f40a-49ac-bf13-26157f84b8ae,25,26,user,,,,,,0.46415066719055176,0,0
qwen32B-int4_airline_50runs,baseline,Qwen3-Embedding-0.6B,97272b90-05b0-47c5-8eb0-93c418eab26b,0,22,agent,,,,,,,0,1
qwen32B-int4_airline_50runs,baseline,Qwen3-Embedding-0.6B,97272b90-05b0-47c5-8eb0-93c418eab26b,1,22,user,,,,,,0.48564577102661133,0,1
qwen32B-int4_airline_50runs,baseline,Qwen3-Embedding-0.6B,97272b90-05b0-47c5-8eb0-93c418eab26b,2,22,agent,0.43490540981292725,0.047619047619047616,0.0,0.3746156692504883,-0.1635663310686747,,0,1
qwen32B-int4_airline_50runs,baseline,Qwen3-Embedding-0.6B,97272b90-05b0-47c5-8eb0-93c418eab26b,3,22,tool,,,,,,,0,1
qwen32B-int4_airline_50runs,baseline,Qwen3-Embedding-0.6B,97272b90-05b0-47c5-8eb0-93c418eab26b,4,22,agent,0.7699995636940002,0.19047619047619047,0.0,,,,0,1
qwen32B-int4_airline_50runs,baseline,Qwen3-Embedding-0.6B,97272b90-05b0-47c5-8eb0-93c418eab26b,5,22,user,,,,,,0.31458789110183716,0,1
qwen32B-int4_airline_50runs,baseline,Qwen3-Embedding-0.6B,97272b90-05b0-47c5-8eb0-93c418eab26b,6,22,agent,0.7181126475334167,0.2,0.0,,,,0,1
qwen32B-int4_airline_50runs,baseline,Qwen3-Embedding-0.6B,97272b90-05b0-47c5-8eb0-93c418eab26b,7,22,user,,,,,,0.22002440690994263,0,1
qwen32B-int4_airline_50runs,baseline,Qwen3-Embedding-0.6B,97272b90-05b0-47c5-8eb0-93c418eab26b,8,22,agent,0.7679687142372131,0.0851063829787234,0.0,0.39718902111053467,-0.12128472328186035,,0,1
qwen32B-int4_airline_50runs,baseline,Qwen3-Embedding-0.6B,97272b90-05b0-47c5-8eb0-93c418eab26b,9,22,tool,,,,,,,0,1
qwen32B-int4_airline_50runs,baseline,Qwen3-Embedding-0.6B,97272b90-05b0-47c5-8eb0-93c418eab26b,10,22,tool,,,,,,,0,1
qwen32B-int4_airline_50runs,baseline,Qwen3-Embedding-0.6B,97272b90-05b0-47c5-8eb0-93c418eab26b,11,22,tool,,,,,,,0,1
qwen32B-int4_airline_50runs,baseline,Qwen3-Embedding-0.6B,97272b90-05b0-47c5-8eb0-93c418eab26b,12,22,agent,0.5784332752227783,0.057692307692307696,0.0,,,,0,1
qwen32B-int4_airline_50runs,baseline,Qwen3-Embedding-0.6B,97272b90-05b0-47c5-8eb0-93c418eab26b,13,22,user,,,,,,0.509361207485199,0,1
qwen32B-int4_airline_50runs,baseline,Qwen3-Embedding-0.6B,97272b90-05b0-47c5-8eb0-93c418eab26b,14,22,agent,0.6469192504882812,0.2692307692307692,0.0,0.6816775798797607,0.15551969408988953,,0,1
qwen32B-int4_airline_50runs,baseline,Qwen3-Embedding-0.6B,97272b90-05b0-47c5-8eb0-93c418eab26b,15,22,tool,,,,,,,0,1
qwen32B-int4_airline_50runs,baseline,Qwen3-Embedding-0.6B,97272b90-05b0-47c5-8eb0-93c418eab26b,16,22,agent,0.8339506983757019,0.3191489361702128,0.0,,,,0,1
qwen32B-int4_airline_50runs,baseline,Qwen3-Embedding-0.6B,97272b90-05b0-47c5-8eb0-93c418eab26b,17,22,user,,,,,,0.4143058657646179,0,1
qwen32B-int4_airline_50runs,baseline,Qwen3-Embedding-0.6B,97272b90-05b0-47c5-8eb0-93c418eab26b,18,22,agent,0.8526275157928467,0.34285714285714286,0.0,0.725642204284668,0.13256674011548364,,0,1
qwen32B-int4_airline_50runs,baseline,Qwen3-Embedding-0.6B,97272b90-05b0-47c5-8eb0-93c418eab26b,19,22,tool,,,,,,,0,1
qwen32B-int4_airline_50runs,baseline,Qwen3-Embedding-0.6B,97272b90-05b0-47c5-8eb0-93c418eab26b,20,22,agent,0.907036304473877,0.5,0.0,,,,0,1
qwen32B-int4_airline_50runs,baseline,Qwen3-Embedding-0.6B,97272b90-05b0-47c5-8eb0-93c418eab26b,21,22,user,,,,,,0.5318096578121185,0,1
qwen32B-int4_airline_50runs,baseline,Qwen3-Embedding-0.6B,5dd3b7bf-1f89-4015-8e92-d249b436bd7f,0,30,agent,,,,,,,0,0
qwen32B-int4_airline_50runs,baseline,Qwen3-Embedding-0.6B,5dd3b7bf-1f89-4015-8e92-d249b436bd7f,1,30,user,,,,,,0.5261669754981995,0,0
qwen32B-int4_airline_50runs,baseline,Qwen3-Embedding-0.6B,5dd3b7bf-1f89-4015-8e92-d249b436bd7f,2,30,agent,0.3384498953819275,0.08823529411764706,0.0,,,,0,0
qwen32B-int4_airline_50runs,baseline,Qwen3-Embedding-0.6B,5dd3b7bf-1f89-4015-8e92-d249b436bd7f,3,30,user,,,,,,0.25198954343795776,0,0
qwen32B-int4_airline_50runs,baseline,Qwen3-Embedding-0.6B,5dd3b7bf-1f89-4015-8e92-d249b436bd7f,4,30,agent,0.5489381551742554,0.025,0.0,0.492972731590271,-0.14158696308732033,,0,0
qwen32B-int4_airline_50runs,baseline,Qwen3-Embedding-0.6B,5dd3b7bf-1f89-4015-8e92-d249b436bd7f,5,30,tool,,,,,,,0,0
qwen32B-int4_airline_50runs,baseline,Qwen3-Embedding-0.6B,5dd3b7bf-1f89-4015-8e92-d249b436bd7f,6,30,agent,0.7433019280433655,0.1896551724137931,0.0,,,,0,0
qwen32B-int4_airline_50runs,baseline,Qwen3-Embedding-0.6B,5dd3b7bf-1f89-4015-8e92-d249b436bd7f,7,30,user,,,,,,0.11129528284072876,0,0
qwen32B-int4_airline_50runs,baseline,Qwen3-Embedding-0.6B,5dd3b7bf-1f89-4015-8e92-d249b436bd7f,8,30,agent,0.6842241287231445,0.4666666666666667,0.0,0.43167269229888916,-0.17062179744243622,,0,0
qwen32B-int4_airline_50runs,baseline,Qwen3-Embedding-0.6B,5dd3b7bf-1f89-4015-8e92-d249b436bd7f,9,30,tool,,,,,,,0,0
qwen32B-int4_airline_50runs,baseline,Qwen3-Embedding-0.6B,5dd3b7bf-1f89-4015-8e92-d249b436bd7f,10,30,agent,0.7291707396507263,0.21176470588235294,0.0,,,,0,0
qwen32B-int4_airline_50runs,baseline,Qwen3-Embedding-0.6B,5dd3b7bf-1f89-4015-8e92-d249b436bd7f,11,30,user,,,,,,0.26769012212753296,0,0
qwen32B-int4_airline_50runs,baseline,Qwen3-Embedding-0.6B,5dd3b7bf-1f89-4015-8e92-d249b436bd7f,12,30,agent,0.7482159733772278,0.2826086956521739,0.0,,,,0,0
qwen32B-int4_airline_50runs,baseline,Qwen3-Embedding-0.6B,5dd3b7bf-1f89-4015-8e92-d249b436bd7f,13,30,user,,,,,,0.10101938247680664,0,0
qwen32B-int4_airline_50runs,baseline,Qwen3-Embedding-0.6B,5dd3b7bf-1f89-4015-8e92-d249b436bd7f,14,30,agent,0.6207090020179749,0.04411764705882353,0.0,0.6312606930732727,0.19151528179645538,,0,0
qwen32B-int4_airline_50runs,baseline,Qwen3-Embedding-0.6B,5dd3b7bf-1f89-4015-8e92-d249b436bd7f,15,30,tool,,,,,,,0,0
qwen32B-int4_airline_50runs,baseline,Qwen3-Embedding-0.6B,5dd3b7bf-1f89-4015-8e92-d249b436bd7f,16,30,agent,0.7031539082527161,0.2537313432835821,0.0,,,,0,0
qwen32B-int4_airline_50runs,baseline,Qwen3-Embedding-0.6B,5dd3b7bf-1f89-4015-8e92-d249b436bd7f,17,30,user,,,,,,0.27676230669021606,0,0
qwen32B-int4_airline_50runs,baseline,Qwen3-Embedding-0.6B,5dd3b7bf-1f89-4015-8e92-d249b436bd7f,18,30,agent,0.9550012350082397,0.7894736842105263,0.7894736842105263,0.3674476742744446,-0.14562687277793884,,0,0
qwen32B-int4_airline_50runs,baseline,Qwen3-Embedding-0.6B,5dd3b7bf-1f89-4015-8e92-d249b436bd7f,19,30,tool,,,,,,,0,0
qwen32B-int4_airline_50runs,baseline,Qwen3-Embedding-0.6B,5dd3b7bf-1f89-4015-8e92-d249b436bd7f,20,30,agent,0.7528524398803711,0.1839080459770115,0.0,,,,0,0
qwen32B-int4_airline_50runs,baseline,Qwen3-Embedding-0.6B,5dd3b7bf-1f89-4015-8e92-d249b436bd7f,21,30,user,,,,,,0.5494351387023926,0,0
qwen32B-int4_airline_50runs,baseline,Qwen3-Embedding-0.6B,5dd3b7bf-1f89-4015-8e92-d249b436bd7f,22,30,agent,0.34730830788612366,0.30434782608695654,0.0,0.5631681680679321,-0.0290331169962883,,0,0
qwen32B-int4_airline_50runs,baseline,Qwen3-Embedding-0.6B,5dd3b7bf-1f89-4015-8e92-d249b436bd7f,23,30,tool,,,,,,,0,0
qwen32B-int4_airline_50runs,baseline,Qwen3-Embedding-0.6B,5dd3b7bf-1f89-4015-8e92-d249b436bd7f,24,30,agent,0.464154988527298,0.16822429906542055,0.0,,,,0,0
qwen32B-int4_airline_50runs,baseline,Qwen3-Embedding-0.6B,5dd3b7bf-1f89-4015-8e92-d249b436bd7f,25,30,user,,,,,,0.33255064487457275,0,0
qwen32B-int4_airline_50runs,baseline,Qwen3-Embedding-0.6B,5dd3b7bf-1f89-4015-8e92-d249b436bd7f,26,30,agent,0.7963395714759827,0.3217391304347826,0.0,,,,0,0
qwen32B-int4_airline_50runs,baseline,Qwen3-Embedding-0.6B,5dd3b7bf-1f89-4015-8e92-d249b436bd7f,27,30,user,,,,,,0.3112226128578186,0,0
qwen32B-int4_airline_50runs,baseline,Qwen3-Embedding-0.6B,5dd3b7bf-1f89-4015-8e92-d249b436bd7f,28,30,agent,0.9078812599182129,0.4728682170542636,0.0,,,,0,0
qwen32B-int4_airline_50runs,baseline,Qwen3-Embedding-0.6B,5dd3b7bf-1f89-4015-8e92-d249b436bd7f,29,30,user,,,,,,0.2698547840118408,0,0
qwen32B-int4_airline_50runs,baseline,Qwen3-Embedding-0.6B,d3f9fc2a-d78f-4ee0-8c03-f322ce130de4,0,28,agent,,,,,,,0,1
qwen32B-int4_airline_50runs,baseline,Qwen3-Embedding-0.6B,d3f9fc2a-d78f-4ee0-8c03-f322ce130de4,1,28,user,,,,,,0.6630169451236725,0,1
qwen32B-int4_airline_50runs,baseline,Qwen3-Embedding-0.6B,d3f9fc2a-d78f-4ee0-8c03-f322ce130de4,2,28,agent,0.29182982444763184,0.05454545454545454,0.0,,,,0,1
qwen32B-int4_airline_50runs,baseline,Qwen3-Embedding-0.6B,d3f9fc2a-d78f-4ee0-8c03-f322ce130de4,3,28,user,,,,,,0.2877376675605774,0,1
qwen32B-int4_airline_50runs,baseline,Qwen3-Embedding-0.6B,d3f9fc2a-d78f-4ee0-8c03-f322ce130de4,4,28,agent,0.4419615864753723,0.01639344262295082,0.0,0.5189755260944366,-0.1723527818918228,,0,1
qwen32B-int4_airline_50runs,baseline,Qwen3-Embedding-0.6B,d3f9fc2a-d78f-4ee0-8c03-f322ce130de4,5,28,tool,,,,,,,0,1
qwen32B-int4_airline_50runs,baseline,Qwen3-Embedding-0.6B,d3f9fc2a-d78f-4ee0-8c03-f322ce130de4,6,28,agent,0.8035193681716919,0.3076923076923077,0.0,,,,0,1
qwen32B-int4_airline_50runs,baseline,Qwen3-Embedding-0.6B,d3f9fc2a-d78f-4ee0-8c03-f322ce130de4,7,28,user,,,,,,0.1870061159133911,0,1
qwen32B-int4_airline_50runs,baseline,Qwen3-Embedding-0.6B,d3f9fc2a-d78f-4ee0-8c03-f322ce130de4,8,28,agent,0.636359453201294,0.4666666666666667,0.0,0.43895596265792847,-0.10923347473144529,,0,1
qwen32B-int4_airline_50runs,baseline,Qwen3-Embedding-0.6B,d3f9fc2a-d78f-4ee0-8c03-f322ce130de4,9,28,tool,,,,,,,0,1
qwen32B-int4_airline_50runs,baseline,Qwen3-Embedding-0.6B,d3f9fc2a-d78f-4ee0-8c03-f322ce130de4,10,28,agent,0.757728099822998,0.3103448275862069,0.0,,,,0,1
qwen32B-int4_airline_50runs,baseline,Qwen3-Embedding-0.6B,d3f9fc2a-d78f-4ee0-8c03-f322ce130de4,11,28,user,,,,,,0.2651846408843994,0,1
qwen32B-int4_airline_50runs,baseline,Qwen3-Embedding-0.6B,d3f9fc2a-d78f-4ee0-8c03-f322ce130de4,12,28,agent,0.6175393462181091,0.34615384615384615,0.0,0.37135177850723267,-0.06477165222167969,,0,1
qwen32B-int4_airline_50runs,baseline,Qwen3-Embedding-0.6B,d3f9fc2a-d78f-4ee0-8c03-f322ce130de4,13,28,tool,,,,,,,0,1
qwen32B-int4_airline_50runs,baseline,Qwen3-Embedding-0.6B,d3f9fc2a-d78f-4ee0-8c03-f322ce130de4,14,28,agent,0.7205154299736023,0.26666666666666666,0.0,,,,0,1
qwen32B-int4_airline_50runs,baseline,Qwen3-Embedding-0.6B,d3f9fc2a-d78f-4ee0-8c03-f322ce130de4,15,28,user,,,,,,0.2774733901023865,0,1
qwen32B-int4_airline_50runs,baseline,Qwen3-Embedding-0.6B,d3f9fc2a-d78f-4ee0-8c03-f322ce130de4,16,28,agent,0.655533492565155,0.24074074074074073,0.0,,,,0,1
qwen32B-int4_airline_50runs,baseline,Qwen3-Embedding-0.6B,d3f9fc2a-d78f-4ee0-8c03-f322ce130de4,17,28,user,,,,,,0.14510667324066162,0,1
qwen32B-int4_airline_50runs,baseline,Qwen3-Embedding-0.6B,d3f9fc2a-d78f-4ee0-8c03-f322ce130de4,18,28,agent,0.45463576912879944,0.0,0.0,0.42458122968673706,0.013222241401672385,,0,1
qwen32B-int4_airline_50runs,baseline,Qwen3-Embedding-0.6B,d3f9fc2a-d78f-4ee0-8c03-f322ce130de4,19,28,tool,,,,,,,0,1
qwen32B-int4_airline_50runs,baseline,Qwen3-Embedding-0.6B,d3f9fc2a-d78f-4ee0-8c03-f322ce130de4,20,28,agent,0.9915381073951721,0.7894736842105263,0.0,0.4035909175872803,-0.00900678038597108,,0,1
qwen32B-int4_airline_50runs,baseline,Qwen3-Embedding-0.6B,d3f9fc2a-d78f-4ee0-8c03-f322ce130de4,21,28,tool,,,,,,,0,1
qwen32B-int4_airline_50runs,baseline,Qwen3-Embedding-0.6B,d3f9fc2a-d78f-4ee0-8c03-f322ce130de4,22,28,agent,0.44731396436691284,0.022727272727272728,0.0,,,,0,1
qwen32B-int4_airline_50runs,baseline,Qwen3-Embedding-0.6B,d3f9fc2a-d78f-4ee0-8c03-f322ce130de4,23,28,user,,,,,,0.3537670373916626,0,1
qwen32B-int4_airline_50runs,baseline,Qwen3-Embedding-0.6B,d3f9fc2a-d78f-4ee0-8c03-f322ce130de4,24,28,agent,0.6476345658302307,0.36666666666666664,0.0,0.23663872480392456,-0.16221133470535276,,0,1
qwen32B-int4_airline_50runs,baseline,Qwen3-Embedding-0.6B,d3f9fc2a-d78f-4ee0-8c03-f322ce130de4,25,28,tool,,,,,,,0,1
qwen32B-int4_airline_50runs,baseline,Qwen3-Embedding-0.6B,d3f9fc2a-d78f-4ee0-8c03-f322ce130de4,26,28,agent,0.7171874642372131,0.28440366972477066,0.0,,,,0,1
qwen32B-int4_airline_50runs,baseline,Qwen3-Embedding-0.6B,d3f9fc2a-d78f-4ee0-8c03-f322ce130de4,27,28,user,,,,,,0.6402254700660706,0,1
qwen32B-int4_airline_50runs,baseline,Qwen3-Embedding-0.6B,b26820e7-d732-4db5-9d29-851413a78ad6,0,78,agent,,,,,,,0,0
qwen32B-int4_airline_50runs,baseline,Qwen3-Embedding-0.6B,b26820e7-d732-4db5-9d29-851413a78ad6,1,78,user,,,,,,0.6522519588470459,0,0
qwen32B-int4_airline_50runs,baseline,Qwen3-Embedding-0.6B,b26820e7-d732-4db5-9d29-851413a78ad6,2,78,agent,0.3635673224925995,0.0,0.0,0.4700205326080322,0.0,,0,0
qwen32B-int4_airline_50runs,baseline,Qwen3-Embedding-0.6B,b26820e7-d732-4db5-9d29-851413a78ad6,3,78,tool,,,,,,,0,0
qwen32B-int4_airline_50runs,baseline,Qwen3-Embedding-0.6B,b26820e7-d732-4db5-9d29-851413a78ad6,4,78,agent,0.5650990009307861,0.07142857142857142,0.0,,,,0,0
qwen32B-int4_airline_50runs,baseline,Qwen3-Embedding-0.6B,b26820e7-d732-4db5-9d29-851413a78ad6,5,78,user,,,,,,0.3992348313331604,0,0
qwen32B-int4_airline_50runs,baseline,Qwen3-Embedding-0.6B,b26820e7-d732-4db5-9d29-851413a78ad6,6,78,agent,0.8406858444213867,0.27,0.0,,,,0,0
qwen32B-int4_airline_50runs,baseline,Qwen3-Embedding-0.6B,b26820e7-d732-4db5-9d29-851413a78ad6,7,78,user,,,,,,0.26707321405410767,0,0
qwen32B-int4_airline_50runs,baseline,Qwen3-Embedding-0.6B,b26820e7-d732-4db5-9d29-851413a78ad6,8,78,agent,0.5654699206352234,0.04285714285714286,0.0,0.41375666856765747,0.0,,0,0
qwen32B-int4_airline_50runs,baseline,Qwen3-Embedding-0.6B,b26820e7-d732-4db5-9d29-851413a78ad6,9,78,tool,,,,,,,0,0
qwen32B-int4_airline_50runs,baseline,Qwen3-Embedding-0.6B,b26820e7-d732-4db5-9d29-851413a78ad6,10,78,agent,0.8637440204620361,0.2692307692307692,0.0,,,,0,0
qwen32B-int4_airline_50runs,baseline,Qwen3-Embedding-0.6B,b26820e7-d732-4db5-9d29-851413a78ad6,11,78,user,,,,,,0.09121942520141602,0,0
qwen32B-int4_airline_50runs,baseline,Qwen3-Embedding-0.6B,b26820e7-d732-4db5-9d29-851413a78ad6,12,78,agent,0.9998531341552734,0.9047619047619048,0.9047619047619048,0.4135648012161255,0.0,,0,0
qwen32B-int4_airline_50runs,baseline,Qwen3-Embedding-0.6B,b26820e7-d732-4db5-9d29-851413a78ad6,13,78,tool,,,,,,,0,0
qwen32B-int4_airline_50runs,baseline,Qwen3-Embedding-0.6B,b26820e7-d732-4db5-9d29-851413a78ad6,14,78,agent,0.8793507218360901,0.34146341463414637,0.0,,,,0,0
qwen32B-int4_airline_50runs,baseline,Qwen3-Embedding-0.6B,b26820e7-d732-4db5-9d29-851413a78ad6,15,78,user,,,,,,0.3498294949531555,0,0
qwen32B-int4_airline_50runs,baseline,Qwen3-Embedding-0.6B,b26820e7-d732-4db5-9d29-851413a78ad6,16,78,agent,0.804214358329773,0.21,0.0,,,,0,0
qwen32B-int4_airline_50runs,baseline,Qwen3-Embedding-0.6B,b26820e7-d732-4db5-9d29-851413a78ad6,17,78,user,,,,,,0.20060110092163086,0,0
qwen32B-int4_airline_50runs,baseline,Qwen3-Embedding-0.6B,b26820e7-d732-4db5-9d29-851413a78ad6,18,78,agent,0.6536881923675537,0.03488372093023256,0.0,0.4128258228302002,0.0,,0,0
qwen32B-int4_airline_50runs,baseline,Qwen3-Embedding-0.6B,b26820e7-d732-4db5-9d29-851413a78ad6,19,78,tool,,,,,,,0,0
qwen32B-int4_airline_50runs,baseline,Qwen3-Embedding-0.6B,b26820e7-d732-4db5-9d29-851413a78ad6,20,78,agent,0.7733190655708313,0.2,0.0,,,,0,0
qwen32B-int4_airline_50runs,baseline,Qwen3-Embedding-0.6B,b26820e7-d732-4db5-9d29-851413a78ad6,21,78,user,,,,,,0.3286764621734619,0,0
qwen32B-int4_airline_50runs,baseline,Qwen3-Embedding-0.6B,b26820e7-d732-4db5-9d29-851413a78ad6,22,78,agent,0.861266553401947,0.21367521367521367,0.0,,,,0,0
qwen32B-int4_airline_50runs,baseline,Qwen3-Embedding-0.6B,b26820e7-d732-4db5-9d29-851413a78ad6,23,78,user,,,,,,0.15680664777755737,0,0
qwen32B-int4_airline_50runs,baseline,Qwen3-Embedding-0.6B,b26820e7-d732-4db5-9d29-851413a78ad6,24,78,agent,0.5983119010925293,0.011363636363636364,0.0,0.4084853529930115,0.0,,0,0
qwen32B-int4_airline_50runs,baseline,Qwen3-Embedding-0.6B,b26820e7-d732-4db5-9d29-851413a78ad6,25,78,tool,,,,,,,0,0
qwen32B-int4_airline_50runs,baseline,Qwen3-Embedding-0.6B,b26820e7-d732-4db5-9d29-851413a78ad6,26,78,agent,0.8588337302207947,0.22950819672131148,0.0,,,,0,0
qwen32B-int4_airline_50runs,baseline,Qwen3-Embedding-0.6B,b26820e7-d732-4db5-9d29-851413a78ad6,27,78,user,,,,,,0.3482980728149414,0,0
qwen32B-int4_airline_50runs,baseline,Qwen3-Embedding-0.6B,b26820e7-d732-4db5-9d29-851413a78ad6,28,78,agent,0.8641266226768494,0.26356589147286824,0.0,,,,0,0
qwen32B-int4_airline_50runs,baseline,Qwen3-Embedding-0.6B,b26820e7-d732-4db5-9d29-851413a78ad6,29,78,user,,,,,,0.172968327999115,0,0
qwen32B-int4_airline_50runs,baseline,Qwen3-Embedding-0.6B,b26820e7-d732-4db5-9d29-851413a78ad6,30,78,agent,0.5981393456459045,0.010416666666666666,0.0,0.41269350051879883,0.0,,0,0
qwen32B-int4_airline_50runs,baseline,Qwen3-Embedding-0.6B,b26820e7-d732-4db5-9d29-851413a78ad6,31,78,tool,,,,,,,0,0
qwen32B-int4_airline_50runs,baseline,Qwen3-Embedding-0.6B,b26820e7-d732-4db5-9d29-851413a78ad6,32,78,agent,0.863440752029419,0.26356589147286824,0.0,,,,0,0
qwen32B-int4_airline_50runs,baseline,Qwen3-Embedding-0.6B,b26820e7-d732-4db5-9d29-851413a78ad6,33,78,user,,,,,,0.34007900953292847,0,0
qwen32B-int4_airline_50runs,baseline,Qwen3-Embedding-0.6B,b26820e7-d732-4db5-9d29-851413a78ad6,34,78,agent,0.8304833173751831,0.2644628099173554,0.0,,,,0,0
qwen32B-int4_airline_50runs,baseline,Qwen3-Embedding-0.6B,b26820e7-d732-4db5-9d29-851413a78ad6,35,78,user,,,,,,0.15215134620666504,0,0
qwen32B-int4_airline_50runs,baseline,Qwen3-Embedding-0.6B,b26820e7-d732-4db5-9d29-851413a78ad6,36,78,agent,0.5964265465736389,0.010526315789473684,0.0,0.41327494382858276,0.0,,0,0
qwen32B-int4_airline_50runs,baseline,Qwen3-Embedding-0.6B,b26820e7-d732-4db5-9d29-851413a78ad6,37,78,tool,,,,,,,0,0
qwen32B-int4_airline_50runs,baseline,Qwen3-Embedding-0.6B,b26820e7-d732-4db5-9d29-851413a78ad6,38,78,agent,0.827691912651062,0.2644628099173554,0.0,,,,0,0
qwen32B-int4_airline_50runs,baseline,Qwen3-Embedding-0.6B,b26820e7-d732-4db5-9d29-851413a78ad6,39,78,user,,,,,,0.33438926935195923,0,0
qwen32B-int4_airline_50runs,baseline,Qwen3-Embedding-0.6B,b26820e7-d732-4db5-9d29-851413a78ad6,40,78,agent,0.8438965082168579,0.25,0.0,,,,0,0
qwen32B-int4_airline_50runs,baseline,Qwen3-Embedding-0.6B,b26820e7-d732-4db5-9d29-851413a78ad6,41,78,user,,,,,,0.16873884201049805,0,0
qwen32B-int4_airline_50runs,baseline,Qwen3-Embedding-0.6B,b26820e7-d732-4db5-9d29-851413a78ad6,42,78,agent,0.6021443009376526,0.010869565217391304,0.0,0.4088789224624634,0.0,,0,0
qwen32B-int4_airline_50runs,baseline,Qwen3-Embedding-0.6B,b26820e7-d732-4db5-9d29-851413a78ad6,43,78,tool,,,,,,,0,0
qwen32B-int4_airline_50runs,baseline,Qwen3-Embedding-0.6B,b26820e7-d732-4db5-9d29-851413a78ad6,44,78,agent,0.8443149924278259,0.25,0.0,,,,0,0
qwen32B-int4_airline_50runs,baseline,Qwen3-Embedding-0.6B,b26820e7-d732-4db5-9d29-851413a78ad6,45,78,user,,,,,,0.3367237448692322,0,0
qwen32B-int4_airline_50runs,baseline,Qwen3-Embedding-0.6B,b26820e7-d732-4db5-9d29-851413a78ad6,46,78,agent,0.829484760761261,0.2644628099173554,0.0,,,,0,0
qwen32B-int4_airline_50runs,baseline,Qwen3-Embedding-0.6B,b26820e7-d732-4db5-9d29-851413a78ad6,47,78,user,,,,,,0.15215134620666504,0,0
qwen32B-int4_airline_50runs,baseline,Qwen3-Embedding-0.6B,b26820e7-d732-4db5-9d29-851413a78ad6,48,78,agent,0.5981442928314209,0.010526315789473684,0.0,0.41170793771743774,0.0,,0,0
qwen32B-int4_airline_50runs,baseline,Qwen3-Embedding-0.6B,b26820e7-d732-4db5-9d29-851413a78ad6,49,78,tool,,,,,,,0,0
qwen32B-int4_airline_50runs,baseline,Qwen3-Embedding-0.6B,b26820e7-d732-4db5-9d29-851413a78ad6,50,78,agent,0.8280242085456848,0.2644628099173554,0.0,,,,0,0
qwen32B-int4_airline_50runs,baseline,Qwen3-Embedding-0.6B,b26820e7-d732-4db5-9d29-851413a78ad6,51,78,user,,,,,,0.3351464867591858,0,0
qwen32B-int4_airline_50runs,baseline,Qwen3-Embedding-0.6B,b26820e7-d732-4db5-9d29-851413a78ad6,52,78,agent,0.8473679423332214,0.25,0.0,,,,0,0
qwen32B-int4_airline_50runs,baseline,Qwen3-Embedding-0.6B,b26820e7-d732-4db5-9d29-851413a78ad6,53,78,user,,,,,,0.16873884201049805,0,0
qwen32B-int4_airline_50runs,baseline,Qwen3-Embedding-0.6B,b26820e7-d732-4db5-9d29-851413a78ad6,54,78,agent,0.5981893539428711,0.010869565217391304,0.0,0.4098203778266907,0.0,,0,0
qwen32B-int4_airline_50runs,baseline,Qwen3-Embedding-0.6B,b26820e7-d732-4db5-9d29-851413a78ad6,55,78,tool,,,,,,,0,0
qwen32B-int4_airline_50runs,baseline,Qwen3-Embedding-0.6B,b26820e7-d732-4db5-9d29-851413a78ad6,56,78,agent,0.8443450331687927,0.25,0.0,,,,0,0
qwen32B-int4_airline_50runs,baseline,Qwen3-Embedding-0.6B,b26820e7-d732-4db5-9d29-851413a78ad6,57,78,user,,,,,,0.334228515625,0,0
qwen32B-int4_airline_50runs,baseline,Qwen3-Embedding-0.6B,b26820e7-d732-4db5-9d29-851413a78ad6,58,78,agent,0.8280252814292908,0.2644628099173554,0.0,,,,0,0
qwen32B-int4_airline_50runs,baseline,Qwen3-Embedding-0.6B,b26820e7-d732-4db5-9d29-851413a78ad6,59,78,user,,,,,,0.15215134620666504,0,0
qwen32B-int4_airline_50runs,baseline,Qwen3-Embedding-0.6B,b26820e7-d732-4db5-9d29-851413a78ad6,60,78,agent,0.9458470940589905,0.5104166666666666,0.0,,,,0,0
qwen32B-int4_airline_50runs,baseline,Qwen3-Embedding-0.6B,b26820e7-d732-4db5-9d29-851413a78ad6,61,78,user,,,,,,0.2556796669960022,0,0
qwen32B-int4_airline_50runs,baseline,Qwen3-Embedding-0.6B,b26820e7-d732-4db5-9d29-851413a78ad6,62,78,agent,0.9830314517021179,0.9036144578313253,0.0,,,,0,0
qwen32B-int4_airline_50runs,baseline,Qwen3-Embedding-0.6B,b26820e7-d732-4db5-9d29-851413a78ad6,63,78,user,,,,,,0.12774664163589478,0,0
qwen32B-int4_airline_50runs,baseline,Qwen3-Embedding-0.6B,b26820e7-d732-4db5-9d29-851413a78ad6,64,78,agent,0.995688796043396,0.8481012658227848,0.0,,,,0,0
qwen32B-int4_airline_50runs,baseline,Qwen3-Embedding-0.6B,b26820e7-d732-4db5-9d29-851413a78ad6,65,78,user,,,,,,0.26098936796188354,0,0
qwen32B-int4_airline_50runs,baseline,Qwen3-Embedding-0.6B,b26820e7-d732-4db5-9d29-851413a78ad6,66,78,agent,0.9941854476928711,0.9759036144578314,0.9759036144578314,,,,0,0
qwen32B-int4_airline_50runs,baseline,Qwen3-Embedding-0.6B,b26820e7-d732-4db5-9d29-851413a78ad6,67,78,user,,,,,,0.14548921585083008,0,0
qwen32B-int4_airline_50runs,baseline,Qwen3-Embedding-0.6B,b26820e7-d732-4db5-9d29-851413a78ad6,68,78,agent,0.9964336156845093,0.8313253012048193,0.0,,,,0,0
qwen32B-int4_airline_50runs,baseline,Qwen3-Embedding-0.6B,b26820e7-d732-4db5-9d29-851413a78ad6,69,78,user,,,,,,0.25538206100463867,0,0
qwen32B-int4_airline_50runs,baseline,Qwen3-Embedding-0.6B,b26820e7-d732-4db5-9d29-851413a78ad6,70,78,agent,0.9597817659378052,0.8351648351648352,0.0,,,,0,0
qwen32B-int4_airline_50runs,baseline,Qwen3-Embedding-0.6B,b26820e7-d732-4db5-9d29-851413a78ad6,71,78,user,,,,,,0.135670006275177,0,0
qwen32B-int4_airline_50runs,baseline,Qwen3-Embedding-0.6B,b26820e7-d732-4db5-9d29-851413a78ad6,72,78,agent,0.9168615937232971,0.3557692307692308,0.0,,,,0,0
qwen32B-int4_airline_50runs,baseline,Qwen3-Embedding-0.6B,b26820e7-d732-4db5-9d29-851413a78ad6,73,78,user,,,,,,0.14152276515960693,0,0
qwen32B-int4_airline_50runs,baseline,Qwen3-Embedding-0.6B,b26820e7-d732-4db5-9d29-851413a78ad6,74,78,agent,0.8934011459350586,0.40540540540540543,0.0,,,,0,0
qwen32B-int4_airline_50runs,baseline,Qwen3-Embedding-0.6B,b26820e7-d732-4db5-9d29-851413a78ad6,75,78,user,,,,,,0.5222414433956146,0,0
qwen32B-int4_airline_50runs,baseline,Qwen3-Embedding-0.6B,b26820e7-d732-4db5-9d29-851413a78ad6,76,78,agent,0.6862035989761353,0.37272727272727274,0.0,,,,0,0
qwen32B-int4_airline_50runs,baseline,Qwen3-Embedding-0.6B,b26820e7-d732-4db5-9d29-851413a78ad6,77,78,user,,,,,,0.244232177734375,0,0
qwen32B-int4_airline_50runs,baseline,Qwen3-Embedding-0.6B,04ad51ab-bc2b-401d-bd75-02d5068c8b6f,0,24,agent,,,,,,,0,1
qwen32B-int4_airline_50runs,baseline,Qwen3-Embedding-0.6B,04ad51ab-bc2b-401d-bd75-02d5068c8b6f,1,24,user,,,,,,0.6545543968677521,0,1
qwen32B-int4_airline_50runs,baseline,Qwen3-Embedding-0.6B,04ad51ab-bc2b-401d-bd75-02d5068c8b6f,2,24,agent,0.3445947468280792,0.09523809523809523,0.0,,,,0,1
qwen32B-int4_airline_50runs,baseline,Qwen3-Embedding-0.6B,04ad51ab-bc2b-401d-bd75-02d5068c8b6f,3,24,user,,,,,,0.1763433814048767,0,1
qwen32B-int4_airline_50runs,baseline,Qwen3-Embedding-0.6B,04ad51ab-bc2b-401d-bd75-02d5068c8b6f,4,24,agent,0.46511340141296387,0.02040816326530612,0.0,0.44722968339920044,-0.09720225930213933,,0,1
qwen32B-int4_airline_50runs,baseline,Qwen3-Embedding-0.6B,04ad51ab-bc2b-401d-bd75-02d5068c8b6f,5,24,tool,,,,,,,0,1
qwen32B-int4_airline_50runs,baseline,Qwen3-Embedding-0.6B,04ad51ab-bc2b-401d-bd75-02d5068c8b6f,6,24,agent,0.7625603675842285,0.18840579710144928,0.0,0.5570010244846344,0.09898093938827512,,0,1
qwen32B-int4_airline_50runs,baseline,Qwen3-Embedding-0.6B,04ad51ab-bc2b-401d-bd75-02d5068c8b6f,7,24,tool,,,,,,,0,1
qwen32B-int4_airline_50runs,baseline,Qwen3-Embedding-0.6B,04ad51ab-bc2b-401d-bd75-02d5068c8b6f,8,24,agent,0.6293525695800781,0.3684210526315789,0.0,0.5352001786231995,0.09909039735794067,,0,1
qwen32B-int4_airline_50runs,baseline,Qwen3-Embedding-0.6B,04ad51ab-bc2b-401d-bd75-02d5068c8b6f,9,24,tool,,,,,,,0,1
qwen32B-int4_airline_50runs,baseline,Qwen3-Embedding-0.6B,04ad51ab-bc2b-401d-bd75-02d5068c8b6f,10,24,agent,0.7762842774391174,0.28205128205128205,0.0,0.26430487632751465,-0.17953336238861084,,0,1
qwen32B-int4_airline_50runs,baseline,Qwen3-Embedding-0.6B,04ad51ab-bc2b-401d-bd75-02d5068c8b6f,11,24,tool,,,,,,,0,1
qwen32B-int4_airline_50runs,baseline,Qwen3-Embedding-0.6B,04ad51ab-bc2b-401d-bd75-02d5068c8b6f,12,24,agent,0.7465854287147522,0.5238095238095238,0.0,0.3963574767112732,0.0011653065681457297,,0,1
qwen32B-int4_airline_50runs,baseline,Qwen3-Embedding-0.6B,04ad51ab-bc2b-401d-bd75-02d5068c8b6f,13,24,tool,,,,,,,0,1
qwen32B-int4_airline_50runs,baseline,Qwen3-Embedding-0.6B,04ad51ab-bc2b-401d-bd75-02d5068c8b6f,14,24,agent,0.8763344287872314,0.3218390804597701,0.0,,,,0,1
qwen32B-int4_airline_50runs,baseline,Qwen3-Embedding-0.6B,04ad51ab-bc2b-401d-bd75-02d5068c8b6f,15,24,user,,,,,,0.342839777469635,0,1
qwen32B-int4_airline_50runs,baseline,Qwen3-Embedding-0.6B,04ad51ab-bc2b-401d-bd75-02d5068c8b6f,16,24,agent,0.6445879936218262,0.25263157894736843,0.0,,,,0,1
qwen32B-int4_airline_50runs,baseline,Qwen3-Embedding-0.6B,04ad51ab-bc2b-401d-bd75-02d5068c8b6f,17,24,user,,,,,,0.37767595052719116,0,1
qwen32B-int4_airline_50runs,baseline,Qwen3-Embedding-0.6B,04ad51ab-bc2b-401d-bd75-02d5068c8b6f,18,24,agent,0.8165972232818604,0.46987951807228917,0.0,,,,0,1
qwen32B-int4_airline_50runs,baseline,Qwen3-Embedding-0.6B,04ad51ab-bc2b-401d-bd75-02d5068c8b6f,19,24,user,,,,,,0.17513912916183472,0,1
qwen32B-int4_airline_50runs,baseline,Qwen3-Embedding-0.6B,04ad51ab-bc2b-401d-bd75-02d5068c8b6f,20,24,agent,0.6392468214035034,0.1,0.0,0.24624991416931152,-0.20272421836853027,,0,1
qwen32B-int4_airline_50runs,baseline,Qwen3-Embedding-0.6B,04ad51ab-bc2b-401d-bd75-02d5068c8b6f,21,24,tool,,,,,,,0,1
qwen32B-int4_airline_50runs,baseline,Qwen3-Embedding-0.6B,04ad51ab-bc2b-401d-bd75-02d5068c8b6f,22,24,agent,0.8666543960571289,0.32954545454545453,0.0,,,,0,1
qwen32B-int4_airline_50runs,baseline,Qwen3-Embedding-0.6B,04ad51ab-bc2b-401d-bd75-02d5068c8b6f,23,24,user,,,,,,0.41611260175704956,0,1
qwen32B-int4_airline_50runs,baseline,Qwen3-Embedding-0.6B,3fa9b13e-95b6-4dfd-8f2f-85f109b10b0d,0,30,agent,,,,,,,0,1
qwen32B-int4_airline_50runs,baseline,Qwen3-Embedding-0.6B,3fa9b13e-95b6-4dfd-8f2f-85f109b10b0d,1,30,user,,,,,,0.5628614723682404,0,1
qwen32B-int4_airline_50runs,baseline,Qwen3-Embedding-0.6B,3fa9b13e-95b6-4dfd-8f2f-85f109b10b0d,2,30,agent,0.2839278280735016,0.05660377358490566,0.0,,,,0,1
qwen32B-int4_airline_50runs,baseline,Qwen3-Embedding-0.6B,3fa9b13e-95b6-4dfd-8f2f-85f109b10b0d,3,30,user,,,,,,0.18814605474472046,0,1
qwen32B-int4_airline_50runs,baseline,Qwen3-Embedding-0.6B,3fa9b13e-95b6-4dfd-8f2f-85f109b10b0d,4,30,agent,0.5561551451683044,0.01694915254237288,0.0,0.45476359128952026,-0.1439353168010712,,0,1
qwen32B-int4_airline_50runs,baseline,Qwen3-Embedding-0.6B,3fa9b13e-95b6-4dfd-8f2f-85f109b10b0d,5,30,tool,,,,,,,0,1
qwen32B-int4_airline_50runs,baseline,Qwen3-Embedding-0.6B,3fa9b13e-95b6-4dfd-8f2f-85f109b10b0d,6,30,agent,0.7079832553863525,0.18556701030927836,0.0,,,,0,1
qwen32B-int4_airline_50runs,baseline,Qwen3-Embedding-0.6B,3fa9b13e-95b6-4dfd-8f2f-85f109b10b0d,7,30,user,,,,,,0.17408668994903564,0,1
qwen32B-int4_airline_50runs,baseline,Qwen3-Embedding-0.6B,3fa9b13e-95b6-4dfd-8f2f-85f109b10b0d,8,30,agent,0.4974280297756195,0.3333333333333333,0.0,0.3765872120857239,-0.14622651338577275,,0,1
qwen32B-int4_airline_50runs,baseline,Qwen3-Embedding-0.6B,3fa9b13e-95b6-4dfd-8f2f-85f109b10b0d,9,30,tool,,,,,,,0,1
qwen32B-int4_airline_50runs,baseline,Qwen3-Embedding-0.6B,3fa9b13e-95b6-4dfd-8f2f-85f109b10b0d,10,30,agent,0.7628927826881409,0.2882882882882883,0.0,,,,0,1
qwen32B-int4_airline_50runs,baseline,Qwen3-Embedding-0.6B,3fa9b13e-95b6-4dfd-8f2f-85f109b10b0d,11,30,user,,,,,,0.33096635341644287,0,1
qwen32B-int4_airline_50runs,baseline,Qwen3-Embedding-0.6B,3fa9b13e-95b6-4dfd-8f2f-85f109b10b0d,12,30,agent,0.6859644651412964,0.26956521739130435,0.0,,,,0,1
qwen32B-int4_airline_50runs,baseline,Qwen3-Embedding-0.6B,3fa9b13e-95b6-4dfd-8f2f-85f109b10b0d,13,30,user,,,,,,0.18223053216934204,0,1
qwen32B-int4_airline_50runs,baseline,Qwen3-Embedding-0.6B,3fa9b13e-95b6-4dfd-8f2f-85f109b10b0d,14,30,agent,0.47317659854888916,0.0,0.0,0.40885454416275024,-0.19086741209030156,,0,1
qwen32B-int4_airline_50runs,baseline,Qwen3-Embedding-0.6B,3fa9b13e-95b6-4dfd-8f2f-85f109b10b0d,15,30,tool,,,,,,,0,1
qwen32B-int4_airline_50runs,baseline,Qwen3-Embedding-0.6B,3fa9b13e-95b6-4dfd-8f2f-85f109b10b0d,16,30,agent,0.8430665135383606,0.3924050632911392,0.0,,,,0,1
qwen32B-int4_airline_50runs,baseline,Qwen3-Embedding-0.6B,3fa9b13e-95b6-4dfd-8f2f-85f109b10b0d,17,30,user,,,,,,0.222900390625,0,1
qwen32B-int4_airline_50runs,baseline,Qwen3-Embedding-0.6B,3fa9b13e-95b6-4dfd-8f2f-85f109b10b0d,18,30,agent,0.6711446046829224,0.12962962962962962,0.0,0.6039734780788422,0.2557811439037323,,0,1
qwen32B-int4_airline_50runs,baseline,Qwen3-Embedding-0.6B,3fa9b13e-95b6-4dfd-8f2f-85f109b10b0d,19,30,tool,,,,,,,0,1
qwen32B-int4_airline_50runs,baseline,Qwen3-Embedding-0.6B,3fa9b13e-95b6-4dfd-8f2f-85f109b10b0d,20,30,agent,0.6812441945075989,0.22535211267605634,0.0,,,,0,1
qwen32B-int4_airline_50runs,baseline,Qwen3-Embedding-0.6B,3fa9b13e-95b6-4dfd-8f2f-85f109b10b0d,21,30,user,,,,,,0.2866066098213196,0,1
qwen32B-int4_airline_50runs,baseline,Qwen3-Embedding-0.6B,3fa9b13e-95b6-4dfd-8f2f-85f109b10b0d,22,30,agent,0.9988793730735779,0.9230769230769231,0.0,0.4672151803970337,0.08936723470687868,,0,1
qwen32B-int4_airline_50runs,baseline,Qwen3-Embedding-0.6B,3fa9b13e-95b6-4dfd-8f2f-85f109b10b0d,23,30,tool,,,,,,,0,1
qwen32B-int4_airline_50runs,baseline,Qwen3-Embedding-0.6B,3fa9b13e-95b6-4dfd-8f2f-85f109b10b0d,24,30,agent,0.6800884008407593,0.35384615384615387,0.0,,,,0,1
qwen32B-int4_airline_50runs,baseline,Qwen3-Embedding-0.6B,3fa9b13e-95b6-4dfd-8f2f-85f109b10b0d,25,30,user,,,,,,0.2892037630081177,0,1
qwen32B-int4_airline_50runs,baseline,Qwen3-Embedding-0.6B,3fa9b13e-95b6-4dfd-8f2f-85f109b10b0d,26,30,agent,0.9939712882041931,0.9230769230769231,0.9230769230769231,0.5188960433006287,0.13016648292541505,,0,1
qwen32B-int4_airline_50runs,baseline,Qwen3-Embedding-0.6B,3fa9b13e-95b6-4dfd-8f2f-85f109b10b0d,27,30,tool,,,,,,,0,1
qwen32B-int4_airline_50runs,baseline,Qwen3-Embedding-0.6B,3fa9b13e-95b6-4dfd-8f2f-85f109b10b0d,28,30,agent,0.7435137033462524,0.3620689655172414,0.0,,,,0,1
qwen32B-int4_airline_50runs,baseline,Qwen3-Embedding-0.6B,3fa9b13e-95b6-4dfd-8f2f-85f109b10b0d,29,30,user,,,,,,0.6638478338718414,0,1
qwen32B-int4_airline_50runs,baseline,Qwen3-Embedding-0.6B,3968582e-9efd-411e-af9f-ae8480bfa436,0,29,agent,,,,,,,0,1
qwen32B-int4_airline_50runs,baseline,Qwen3-Embedding-0.6B,3968582e-9efd-411e-af9f-ae8480bfa436,1,29,user,,,,,,0.5249339044094086,0,1
qwen32B-int4_airline_50runs,baseline,Qwen3-Embedding-0.6B,3968582e-9efd-411e-af9f-ae8480bfa436,2,29,agent,0.40701669454574585,0.0625,0.0,0.3760070204734802,-0.20978335142135618,,0,1
qwen32B-int4_airline_50runs,baseline,Qwen3-Embedding-0.6B,3968582e-9efd-411e-af9f-ae8480bfa436,3,29,tool,,,,,,,0,1
qwen32B-int4_airline_50runs,baseline,Qwen3-Embedding-0.6B,3968582e-9efd-411e-af9f-ae8480bfa436,4,29,agent,0.6797857284545898,0.2077922077922078,0.0,,,,0,1
qwen32B-int4_airline_50runs,baseline,Qwen3-Embedding-0.6B,3968582e-9efd-411e-af9f-ae8480bfa436,5,29,user,,,,,,0.2899462580680847,0,1
qwen32B-int4_airline_50runs,baseline,Qwen3-Embedding-0.6B,3968582e-9efd-411e-af9f-ae8480bfa436,6,29,agent,0.4449058175086975,0.08333333333333333,0.0,0.39822036027908325,-0.22553284168243404,,0,1
qwen32B-int4_airline_50runs,baseline,Qwen3-Embedding-0.6B,3968582e-9efd-411e-af9f-ae8480bfa436,7,29,tool,,,,,,,0,1
qwen32B-int4_airline_50runs,baseline,Qwen3-Embedding-0.6B,3968582e-9efd-411e-af9f-ae8480bfa436,8,29,tool,,,,,,,0,1
qwen32B-int4_airline_50runs,baseline,Qwen3-Embedding-0.6B,3968582e-9efd-411e-af9f-ae8480bfa436,9,29,agent,0.7461612224578857,0.3,0.0,,,,0,1
qwen32B-int4_airline_50runs,baseline,Qwen3-Embedding-0.6B,3968582e-9efd-411e-af9f-ae8480bfa436,10,29,user,,,,,,0.8282213509082794,0,1
qwen32B-int4_airline_50runs,baseline,Qwen3-Embedding-0.6B,3968582e-9efd-411e-af9f-ae8480bfa436,11,29,agent,0.3053995668888092,0.09230769230769231,0.0,,,,0,1
qwen32B-int4_airline_50runs,baseline,Qwen3-Embedding-0.6B,3968582e-9efd-411e-af9f-ae8480bfa436,12,29,user,,,,,,0.13319629430770874,0,1
qwen32B-int4_airline_50runs,baseline,Qwen3-Embedding-0.6B,3968582e-9efd-411e-af9f-ae8480bfa436,13,29,agent,0.4993979036808014,0.0392156862745098,0.0,0.48373448848724365,-0.16136179864406586,,0,1
qwen32B-int4_airline_50runs,baseline,Qwen3-Embedding-0.6B,3968582e-9efd-411e-af9f-ae8480bfa436,14,29,tool,,,,,,,0,1
qwen32B-int4_airline_50runs,baseline,Qwen3-Embedding-0.6B,3968582e-9efd-411e-af9f-ae8480bfa436,15,29,agent,0.9136127233505249,0.34545454545454546,0.0,0.4974876046180725,-0.07474617958068852,,0,1
qwen32B-int4_airline_50runs,baseline,Qwen3-Embedding-0.6B,3968582e-9efd-411e-af9f-ae8480bfa436,16,29,tool,,,,,,,0,1
qwen32B-int4_airline_50runs,baseline,Qwen3-Embedding-0.6B,3968582e-9efd-411e-af9f-ae8480bfa436,17,29,agent,0.586734414100647,0.13043478260869565,0.0,,,,0,1
qwen32B-int4_airline_50runs,baseline,Qwen3-Embedding-0.6B,3968582e-9efd-411e-af9f-ae8480bfa436,18,29,user,,,,,,0.3790837526321411,0,1
qwen32B-int4_airline_50runs,baseline,Qwen3-Embedding-0.6B,3968582e-9efd-411e-af9f-ae8480bfa436,19,29,agent,0.7145995497703552,0.33695652173913043,0.0,0.38514047861099243,-0.12690744400024412,,0,1
qwen32B-int4_airline_50runs,baseline,Qwen3-Embedding-0.6B,3968582e-9efd-411e-af9f-ae8480bfa436,20,29,tool,,,,,,,0,1
qwen32B-int4_airline_50runs,baseline,Qwen3-Embedding-0.6B,3968582e-9efd-411e-af9f-ae8480bfa436,21,29,tool,,,,,,,0,1
qwen32B-int4_airline_50runs,baseline,Qwen3-Embedding-0.6B,3968582e-9efd-411e-af9f-ae8480bfa436,22,29,agent,0.7657977342605591,0.24561403508771928,0.0,0.3781198263168335,-0.25179682672023773,,0,1
qwen32B-int4_airline_50runs,baseline,Qwen3-Embedding-0.6B,3968582e-9efd-411e-af9f-ae8480bfa436,23,29,tool,,,,,,,0,1
qwen32B-int4_airline_50runs,baseline,Qwen3-Embedding-0.6B,3968582e-9efd-411e-af9f-ae8480bfa436,24,29,tool,,,,,,,0,1
qwen32B-int4_airline_50runs,baseline,Qwen3-Embedding-0.6B,3968582e-9efd-411e-af9f-ae8480bfa436,25,29,agent,0.759235680103302,0.31543624161073824,0.0,,,,0,1
qwen32B-int4_airline_50runs,baseline,Qwen3-Embedding-0.6B,3968582e-9efd-411e-af9f-ae8480bfa436,26,29,user,,,,,,0.3186439275741577,0,1
qwen32B-int4_airline_50runs,baseline,Qwen3-Embedding-0.6B,3968582e-9efd-411e-af9f-ae8480bfa436,27,29,agent,0.681806743144989,0.21830985915492956,0.0,,,,0,1
qwen32B-int4_airline_50runs,baseline,Qwen3-Embedding-0.6B,3968582e-9efd-411e-af9f-ae8480bfa436,28,29,user,,,,,,0.6197388768196106,0,1
qwen32B-int4_airline_50runs,baseline,Qwen3-Embedding-0.6B,1bf32d5a-bd22-4342-b4cd-b43acb222235,0,23,agent,,,,,,,0,1
qwen32B-int4_airline_50runs,baseline,Qwen3-Embedding-0.6B,1bf32d5a-bd22-4342-b4cd-b43acb222235,1,23,user,,,,,,0.6674456298351288,0,1
qwen32B-int4_airline_50runs,baseline,Qwen3-Embedding-0.6B,1bf32d5a-bd22-4342-b4cd-b43acb222235,2,23,agent,0.3289547562599182,0.06451612903225806,0.0,0.33363837003707886,-0.10855595022439957,,0,1
qwen32B-int4_airline_50runs,baseline,Qwen3-Embedding-0.6B,1bf32d5a-bd22-4342-b4cd-b43acb222235,3,23,tool,,,,,,,0,1
qwen32B-int4_airline_50runs,baseline,Qwen3-Embedding-0.6B,1bf32d5a-bd22-4342-b4cd-b43acb222235,4,23,agent,0.8939963579177856,0.17543859649122806,0.0,,,,0,1
qwen32B-int4_airline_50runs,baseline,Qwen3-Embedding-0.6B,1bf32d5a-bd22-4342-b4cd-b43acb222235,5,23,user,,,,,,0.18297749757766724,0,1
qwen32B-int4_airline_50runs,baseline,Qwen3-Embedding-0.6B,1bf32d5a-bd22-4342-b4cd-b43acb222235,6,23,agent,0.711138904094696,0.02631578947368421,0.0,0.42807358503341675,-0.08288157731294632,,0,1
qwen32B-int4_airline_50runs,baseline,Qwen3-Embedding-0.6B,1bf32d5a-bd22-4342-b4cd-b43acb222235,7,23,tool,,,,,,,0,1
qwen32B-int4_airline_50runs,baseline,Qwen3-Embedding-0.6B,1bf32d5a-bd22-4342-b4cd-b43acb222235,8,23,tool,,,,,,,0,1
qwen32B-int4_airline_50runs,baseline,Qwen3-Embedding-0.6B,1bf32d5a-bd22-4342-b4cd-b43acb222235,9,23,agent,0.7318628430366516,0.19540229885057472,0.0,0.7313258349895477,0.3258482962846756,,0,1
qwen32B-int4_airline_50runs,baseline,Qwen3-Embedding-0.6B,1bf32d5a-bd22-4342-b4cd-b43acb222235,10,23,tool,,,,,,,0,1
qwen32B-int4_airline_50runs,baseline,Qwen3-Embedding-0.6B,1bf32d5a-bd22-4342-b4cd-b43acb222235,11,23,tool,,,,,,,0,1
qwen32B-int4_airline_50runs,baseline,Qwen3-Embedding-0.6B,1bf32d5a-bd22-4342-b4cd-b43acb222235,12,23,agent,0.8219144940376282,0.3472222222222222,0.0,0.34839707612991333,-0.1830693781375885,,0,1
qwen32B-int4_airline_50runs,baseline,Qwen3-Embedding-0.6B,1bf32d5a-bd22-4342-b4cd-b43acb222235,13,23,tool,,,,,,,0,1
qwen32B-int4_airline_50runs,baseline,Qwen3-Embedding-0.6B,1bf32d5a-bd22-4342-b4cd-b43acb222235,14,23,tool,,,,,,,0,1
qwen32B-int4_airline_50runs,baseline,Qwen3-Embedding-0.6B,1bf32d5a-bd22-4342-b4cd-b43acb222235,15,23,agent,0.8625730276107788,0.13333333333333333,0.0,,,,0,1
qwen32B-int4_airline_50runs,baseline,Qwen3-Embedding-0.6B,1bf32d5a-bd22-4342-b4cd-b43acb222235,16,23,user,,,,,,0.33772552013397217,0,1
qwen32B-int4_airline_50runs,baseline,Qwen3-Embedding-0.6B,1bf32d5a-bd22-4342-b4cd-b43acb222235,17,23,agent,0.4706697165966034,0.25,0.0,,,,0,1
qwen32B-int4_airline_50runs,baseline,Qwen3-Embedding-0.6B,1bf32d5a-bd22-4342-b4cd-b43acb222235,18,23,user,,,,,,0.23060226440429688,0,1
qwen32B-int4_airline_50runs,baseline,Qwen3-Embedding-0.6B,1bf32d5a-bd22-4342-b4cd-b43acb222235,19,23,agent,0.720981776714325,0.10975609756097561,0.0,0.23059672117233276,-0.18780019134283066,,0,1
qwen32B-int4_airline_50runs,baseline,Qwen3-Embedding-0.6B,1bf32d5a-bd22-4342-b4cd-b43acb222235,20,23,tool,,,,,,,0,1
qwen32B-int4_airline_50runs,baseline,Qwen3-Embedding-0.6B,1bf32d5a-bd22-4342-b4cd-b43acb222235,21,23,agent,0.8010353446006775,0.35555555555555557,0.0,,,,0,1
qwen32B-int4_airline_50runs,baseline,Qwen3-Embedding-0.6B,1bf32d5a-bd22-4342-b4cd-b43acb222235,22,23,user,,,,,,0.36485791206359863,0,1
qwen32B-int4_airline_50runs,baseline,Qwen3-Embedding-0.6B,4bf0ebf9-cf80-452b-879d-5a28d85e865b,0,22,agent,,,,,,,0,1
qwen32B-int4_airline_50runs,baseline,Qwen3-Embedding-0.6B,4bf0ebf9-cf80-452b-879d-5a28d85e865b,1,22,user,,,,,,0.5122942328453064,0,1
qwen32B-int4_airline_50runs,baseline,Qwen3-Embedding-0.6B,4bf0ebf9-cf80-452b-879d-5a28d85e865b,2,22,agent,0.2917841374874115,0.1,0.0,,,,0,1
qwen32B-int4_airline_50runs,baseline,Qwen3-Embedding-0.6B,4bf0ebf9-cf80-452b-879d-5a28d85e865b,3,22,user,,,,,,0.15414297580718994,0,1
qwen32B-int4_airline_50runs,baseline,Qwen3-Embedding-0.6B,4bf0ebf9-cf80-452b-879d-5a28d85e865b,4,22,agent,0.48435714840888977,0.02127659574468085,0.0,0.5229876041412354,-0.10812593996524811,,0,1
qwen32B-int4_airline_50runs,baseline,Qwen3-Embedding-0.6B,4bf0ebf9-cf80-452b-879d-5a28d85e865b,5,22,tool,,,,,,,0,1
qwen32B-int4_airline_50runs,baseline,Qwen3-Embedding-0.6B,4bf0ebf9-cf80-452b-879d-5a28d85e865b,6,22,agent,0.806800127029419,0.23076923076923078,0.0,,,,0,1
qwen32B-int4_airline_50runs,baseline,Qwen3-Embedding-0.6B,4bf0ebf9-cf80-452b-879d-5a28d85e865b,7,22,user,,,,,,0.1233862042427063,0,1
qwen32B-int4_airline_50runs,baseline,Qwen3-Embedding-0.6B,4bf0ebf9-cf80-452b-879d-5a28d85e865b,8,22,agent,0.6414598822593689,0.4666666666666667,0.0,0.4286550283432007,-0.10063902288675308,,0,1
qwen32B-int4_airline_50runs,baseline,Qwen3-Embedding-0.6B,4bf0ebf9-cf80-452b-879d-5a28d85e865b,9,22,tool,,,,,,,0,1
qwen32B-int4_airline_50runs,baseline,Qwen3-Embedding-0.6B,4bf0ebf9-cf80-452b-879d-5a28d85e865b,10,22,agent,0.7033950090408325,0.21052631578947367,0.0,0.7109186351299286,0.3711768537759781,,0,1
qwen32B-int4_airline_50runs,baseline,Qwen3-Embedding-0.6B,4bf0ebf9-cf80-452b-879d-5a28d85e865b,11,22,tool,,,,,,,0,1
qwen32B-int4_airline_50runs,baseline,Qwen3-Embedding-0.6B,4bf0ebf9-cf80-452b-879d-5a28d85e865b,12,22,agent,0.6854609251022339,0.3333333333333333,0.0,0.28667986392974854,-0.1054624691605568,,0,1
qwen32B-int4_airline_50runs,baseline,Qwen3-Embedding-0.6B,4bf0ebf9-cf80-452b-879d-5a28d85e865b,13,22,tool,,,,,,,0,1
qwen32B-int4_airline_50runs,baseline,Qwen3-Embedding-0.6B,4bf0ebf9-cf80-452b-879d-5a28d85e865b,14,22,agent,0.8449407815933228,0.2222222222222222,0.0,,,,0,1
qwen32B-int4_airline_50runs,baseline,Qwen3-Embedding-0.6B,4bf0ebf9-cf80-452b-879d-5a28d85e865b,15,22,user,,,,,,0.5630589723587036,0,1
qwen32B-int4_airline_50runs,baseline,Qwen3-Embedding-0.6B,4bf0ebf9-cf80-452b-879d-5a28d85e865b,16,22,agent,0.5560387969017029,0.38738738738738737,0.0,,,,0,1
qwen32B-int4_airline_50runs,baseline,Qwen3-Embedding-0.6B,4bf0ebf9-cf80-452b-879d-5a28d85e865b,17,22,user,,,,,,0.5700430274009705,0,1
qwen32B-int4_airline_50runs,baseline,Qwen3-Embedding-0.6B,4bf0ebf9-cf80-452b-879d-5a28d85e865b,18,22,agent,0.7729562520980835,0.09302325581395349,0.0,0.2438620924949646,-0.15287185460329056,,0,1
qwen32B-int4_airline_50runs,baseline,Qwen3-Embedding-0.6B,4bf0ebf9-cf80-452b-879d-5a28d85e865b,19,22,tool,,,,,,,0,1
qwen32B-int4_airline_50runs,baseline,Qwen3-Embedding-0.6B,4bf0ebf9-cf80-452b-879d-5a28d85e865b,20,22,agent,0.8577380180358887,0.59375,0.0,,,,0,1
qwen32B-int4_airline_50runs,baseline,Qwen3-Embedding-0.6B,4bf0ebf9-cf80-452b-879d-5a28d85e865b,21,22,user,,,,,,0.37521034479141235,0,1
qwen32B-int4_airline_50runs,baseline,Qwen3-Embedding-0.6B,f646edd2-ac93-4eb0-a474-b64841752191,0,22,agent,,,,,,,0,0
qwen32B-int4_airline_50runs,baseline,Qwen3-Embedding-0.6B,f646edd2-ac93-4eb0-a474-b64841752191,1,22,user,,,,,,0.6086950302124023,0,0
qwen32B-int4_airline_50runs,baseline,Qwen3-Embedding-0.6B,f646edd2-ac93-4eb0-a474-b64841752191,2,22,agent,0.3626369833946228,0.0851063829787234,0.0,,,,0,0
qwen32B-int4_airline_50runs,baseline,Qwen3-Embedding-0.6B,f646edd2-ac93-4eb0-a474-b64841752191,3,22,user,,,,,,0.2358902096748352,0,0
qwen32B-int4_airline_50runs,baseline,Qwen3-Embedding-0.6B,f646edd2-ac93-4eb0-a474-b64841752191,4,22,agent,0.4267292022705078,0.018518518518518517,0.0,0.4807894825935364,-0.1517833098769188,,0,0
qwen32B-int4_airline_50runs,baseline,Qwen3-Embedding-0.6B,f646edd2-ac93-4eb0-a474-b64841752191,5,22,tool,,,,,,,0,0
qwen32B-int4_airline_50runs,baseline,Qwen3-Embedding-0.6B,f646edd2-ac93-4eb0-a474-b64841752191,6,22,agent,0.8106808662414551,0.33783783783783783,0.0,,,,0,0
qwen32B-int4_airline_50runs,baseline,Qwen3-Embedding-0.6B,f646edd2-ac93-4eb0-a474-b64841752191,7,22,user,,,,,,0.15432500839233398,0,0
qwen32B-int4_airline_50runs,baseline,Qwen3-Embedding-0.6B,f646edd2-ac93-4eb0-a474-b64841752191,8,22,agent,0.6817381978034973,0.4666666666666667,0.0,0.42071783542633057,-0.13069114834070206,,0,0
qwen32B-int4_airline_50runs,baseline,Qwen3-Embedding-0.6B,f646edd2-ac93-4eb0-a474-b64841752191,9,22,tool,,,,,,,0,0
qwen32B-int4_airline_50runs,baseline,Qwen3-Embedding-0.6B,f646edd2-ac93-4eb0-a474-b64841752191,10,22,agent,0.7209480404853821,0.27586206896551724,0.0,0.7391667366027832,0.31182363629341125,,0,0
qwen32B-int4_airline_50runs,baseline,Qwen3-Embedding-0.6B,f646edd2-ac93-4eb0-a474-b64841752191,11,22,tool,,,,,,,0,0
qwen32B-int4_airline_50runs,baseline,Qwen3-Embedding-0.6B,f646edd2-ac93-4eb0-a474-b64841752191,12,22,agent,0.7480541467666626,0.2857142857142857,0.0,0.3074724078178406,-0.22178418189287186,,0,0
qwen32B-int4_airline_50runs,baseline,Qwen3-Embedding-0.6B,f646edd2-ac93-4eb0-a474-b64841752191,13,22,tool,,,,,,,0,0
qwen32B-int4_airline_50runs,baseline,Qwen3-Embedding-0.6B,f646edd2-ac93-4eb0-a474-b64841752191,14,22,agent,0.7487049698829651,0.27956989247311825,0.0,,,,0,0
qwen32B-int4_airline_50runs,baseline,Qwen3-Embedding-0.6B,f646edd2-ac93-4eb0-a474-b64841752191,15,22,user,,,,,,0.4543166160583496,0,0
qwen32B-int4_airline_50runs,baseline,Qwen3-Embedding-0.6B,f646edd2-ac93-4eb0-a474-b64841752191,16,22,agent,0.3783992826938629,0.13725490196078433,0.0,,,,0,0
qwen32B-int4_airline_50runs,baseline,Qwen3-Embedding-0.6B,f646edd2-ac93-4eb0-a474-b64841752191,17,22,user,,,,,,0.19431465864181519,0,0
qwen32B-int4_airline_50runs,baseline,Qwen3-Embedding-0.6B,f646edd2-ac93-4eb0-a474-b64841752191,18,22,agent,0.6528147459030151,0.015873015873015872,0.0,0.3847482204437256,-0.1826002597808838,,0,0
qwen32B-int4_airline_50runs,baseline,Qwen3-Embedding-0.6B,f646edd2-ac93-4eb0-a474-b64841752191,19,22,tool,,,,,,,0,0
qwen32B-int4_airline_50runs,baseline,Qwen3-Embedding-0.6B,f646edd2-ac93-4eb0-a474-b64841752191,20,22,agent,0.8195713758468628,0.2876712328767123,0.0,,,,0,0
qwen32B-int4_airline_50runs,baseline,Qwen3-Embedding-0.6B,f646edd2-ac93-4eb0-a474-b64841752191,21,22,user,,,,,,0.5846469402313232,0,0
qwen32B-int4_airline_50runs,baseline,Qwen3-Embedding-0.6B,20d5a26a-3bd5-4a62-a417-2f72653daa99,0,28,agent,,,,,,,0,1
qwen32B-int4_airline_50runs,baseline,Qwen3-Embedding-0.6B,20d5a26a-3bd5-4a62-a417-2f72653daa99,1,28,user,,,,,,0.6673332750797272,0,1
qwen32B-int4_airline_50runs,baseline,Qwen3-Embedding-0.6B,20d5a26a-3bd5-4a62-a417-2f72653daa99,2,28,agent,0.30570724606513977,0.04081632653061224,0.0,,,,0,1
qwen32B-int4_airline_50runs,baseline,Qwen3-Embedding-0.6B,20d5a26a-3bd5-4a62-a417-2f72653daa99,3,28,user,,,,,,0.4332329034805298,0,1
qwen32B-int4_airline_50runs,baseline,Qwen3-Embedding-0.6B,20d5a26a-3bd5-4a62-a417-2f72653daa99,4,28,agent,0.5402058959007263,0.018518518518518517,0.0,0.2594286799430847,-0.233810031414032,,0,1
qwen32B-int4_airline_50runs,baseline,Qwen3-Embedding-0.6B,20d5a26a-3bd5-4a62-a417-2f72653daa99,5,28,tool,,,,,,,0,1
qwen32B-int4_airline_50runs,baseline,Qwen3-Embedding-0.6B,20d5a26a-3bd5-4a62-a417-2f72653daa99,6,28,agent,0.914877712726593,0.2542372881355932,0.0,,,,0,1
qwen32B-int4_airline_50runs,baseline,Qwen3-Embedding-0.6B,20d5a26a-3bd5-4a62-a417-2f72653daa99,7,28,user,,,,,,0.26889681816101074,0,1
qwen32B-int4_airline_50runs,baseline,Qwen3-Embedding-0.6B,20d5a26a-3bd5-4a62-a417-2f72653daa99,8,28,agent,0.6659597754478455,0.5714285714285714,0.5714285714285714,0.4794743061065674,-0.1461156934499741,,0,1
qwen32B-int4_airline_50runs,baseline,Qwen3-Embedding-0.6B,20d5a26a-3bd5-4a62-a417-2f72653daa99,9,28,tool,,,,,,,0,1
qwen32B-int4_airline_50runs,baseline,Qwen3-Embedding-0.6B,20d5a26a-3bd5-4a62-a417-2f72653daa99,10,28,agent,0.930010974407196,0.2830188679245283,0.0,,,,0,1
qwen32B-int4_airline_50runs,baseline,Qwen3-Embedding-0.6B,20d5a26a-3bd5-4a62-a417-2f72653daa99,11,28,user,,,,,,0.29266148805618286,0,1
qwen32B-int4_airline_50runs,baseline,Qwen3-Embedding-0.6B,20d5a26a-3bd5-4a62-a417-2f72653daa99,12,28,agent,0.6480923891067505,0.4666666666666667,0.0,0.42089229822158813,-0.06848959326744081,,0,1
qwen32B-int4_airline_50runs,baseline,Qwen3-Embedding-0.6B,20d5a26a-3bd5-4a62-a417-2f72653daa99,13,28,tool,,,,,,,0,1
qwen32B-int4_airline_50runs,baseline,Qwen3-Embedding-0.6B,20d5a26a-3bd5-4a62-a417-2f72653daa99,14,28,agent,0.698188304901123,0.1509433962264151,0.0,,,,0,1
qwen32B-int4_airline_50runs,baseline,Qwen3-Embedding-0.6B,20d5a26a-3bd5-4a62-a417-2f72653daa99,15,28,user,,,,,,0.3478618860244751,0,1
qwen32B-int4_airline_50runs,baseline,Qwen3-Embedding-0.6B,20d5a26a-3bd5-4a62-a417-2f72653daa99,16,28,agent,0.6807727217674255,0.22330097087378642,0.0,0.47266387939453125,-0.027895039319992043,,0,1
qwen32B-int4_airline_50runs,baseline,Qwen3-Embedding-0.6B,20d5a26a-3bd5-4a62-a417-2f72653daa99,17,28,tool,,,,,,,0,1
qwen32B-int4_airline_50runs,baseline,Qwen3-Embedding-0.6B,20d5a26a-3bd5-4a62-a417-2f72653daa99,18,28,agent,0.5897137522697449,0.20967741935483872,0.0,0.2891039252281189,-0.17733092308044435,,0,1
qwen32B-int4_airline_50runs,baseline,Qwen3-Embedding-0.6B,20d5a26a-3bd5-4a62-a417-2f72653daa99,19,28,tool,,,,,,,0,1
qwen32B-int4_airline_50runs,baseline,Qwen3-Embedding-0.6B,20d5a26a-3bd5-4a62-a417-2f72653daa99,20,28,agent,0.7901838421821594,0.3181818181818182,0.0,,,,0,1
qwen32B-int4_airline_50runs,baseline,Qwen3-Embedding-0.6B,20d5a26a-3bd5-4a62-a417-2f72653daa99,21,28,user,,,,,,0.4501296877861023,0,1
qwen32B-int4_airline_50runs,baseline,Qwen3-Embedding-0.6B,20d5a26a-3bd5-4a62-a417-2f72653daa99,22,28,agent,0.5095823407173157,0.09803921568627451,0.0,0.23209553956985474,-0.15603715181350708,,0,1
qwen32B-int4_airline_50runs,baseline,Qwen3-Embedding-0.6B,20d5a26a-3bd5-4a62-a417-2f72653daa99,23,28,tool,,,,,,,0,1
qwen32B-int4_airline_50runs,baseline,Qwen3-Embedding-0.6B,20d5a26a-3bd5-4a62-a417-2f72653daa99,24,28,agent,0.8329915404319763,0.2967032967032967,0.0,,,,0,1
qwen32B-int4_airline_50runs,baseline,Qwen3-Embedding-0.6B,20d5a26a-3bd5-4a62-a417-2f72653daa99,25,28,user,,,,,,0.49786990880966187,0,1
qwen32B-int4_airline_50runs,baseline,Qwen3-Embedding-0.6B,20d5a26a-3bd5-4a62-a417-2f72653daa99,26,28,agent,0.8187927603721619,0.38461538461538464,0.0,,,,0,1
qwen32B-int4_airline_50runs,baseline,Qwen3-Embedding-0.6B,20d5a26a-3bd5-4a62-a417-2f72653daa99,27,28,user,,,,,,0.7334163188934326,0,1
qwen32B-int4_airline_50runs,baseline,Qwen3-Embedding-0.6B,31ff9a7c-4641-4bc1-811d-1d586e5bf42e,0,40,agent,,,,,,,0,1
qwen32B-int4_airline_50runs,baseline,Qwen3-Embedding-0.6B,31ff9a7c-4641-4bc1-811d-1d586e5bf42e,1,40,user,,,,,,0.6177016496658325,0,1
qwen32B-int4_airline_50runs,baseline,Qwen3-Embedding-0.6B,31ff9a7c-4641-4bc1-811d-1d586e5bf42e,2,40,agent,0.26313215494155884,0.046875,0.0,,,,0,1
qwen32B-int4_airline_50runs,baseline,Qwen3-Embedding-0.6B,31ff9a7c-4641-4bc1-811d-1d586e5bf42e,3,40,user,,,,,,0.15403330326080322,0,1
qwen32B-int4_airline_50runs,baseline,Qwen3-Embedding-0.6B,31ff9a7c-4641-4bc1-811d-1d586e5bf42e,4,40,agent,0.4240624010562897,0.014285714285714285,0.0,0.47917866706848145,-0.12049274146556854,,0,1
qwen32B-int4_airline_50runs,baseline,Qwen3-Embedding-0.6B,31ff9a7c-4641-4bc1-811d-1d586e5bf42e,5,40,tool,,,,,,,0,1
qwen32B-int4_airline_50runs,baseline,Qwen3-Embedding-0.6B,31ff9a7c-4641-4bc1-811d-1d586e5bf42e,6,40,agent,0.8490219712257385,0.27586206896551724,0.0,,,,0,1
qwen32B-int4_airline_50runs,baseline,Qwen3-Embedding-0.6B,31ff9a7c-4641-4bc1-811d-1d586e5bf42e,7,40,user,,,,,,0.06642603874206543,0,1
qwen32B-int4_airline_50runs,baseline,Qwen3-Embedding-0.6B,31ff9a7c-4641-4bc1-811d-1d586e5bf42e,8,40,agent,0.635835587978363,0.4666666666666667,0.0,0.4437606930732727,-0.06939375028014183,,0,1
qwen32B-int4_airline_50runs,baseline,Qwen3-Embedding-0.6B,31ff9a7c-4641-4bc1-811d-1d586e5bf42e,9,40,tool,,,,,,,0,1
qwen32B-int4_airline_50runs,baseline,Qwen3-Embedding-0.6B,31ff9a7c-4641-4bc1-811d-1d586e5bf42e,10,40,agent,0.7560408115386963,0.2653061224489796,0.0,,,,0,1
qwen32B-int4_airline_50runs,baseline,Qwen3-Embedding-0.6B,31ff9a7c-4641-4bc1-811d-1d586e5bf42e,11,40,user,,,,,,0.5615551471710205,0,1
qwen32B-int4_airline_50runs,baseline,Qwen3-Embedding-0.6B,31ff9a7c-4641-4bc1-811d-1d586e5bf42e,12,40,agent,0.626403272151947,0.5,0.0,0.48277682065963745,0.05630972608923912,,0,1
qwen32B-int4_airline_50runs,baseline,Qwen3-Embedding-0.6B,31ff9a7c-4641-4bc1-811d-1d586e5bf42e,13,40,tool,,,,,,,0,1
qwen32B-int4_airline_50runs,baseline,Qwen3-Embedding-0.6B,31ff9a7c-4641-4bc1-811d-1d586e5bf42e,14,40,agent,0.679160475730896,0.16260162601626016,0.0,,,,0,1
qwen32B-int4_airline_50runs,baseline,Qwen3-Embedding-0.6B,31ff9a7c-4641-4bc1-811d-1d586e5bf42e,15,40,user,,,,,,0.23050695657730103,0,1
qwen32B-int4_airline_50runs,baseline,Qwen3-Embedding-0.6B,31ff9a7c-4641-4bc1-811d-1d586e5bf42e,16,40,agent,0.9874982237815857,0.7777777777777778,0.7777777777777778,0.4123849868774414,-0.04412062093615532,,0,1
qwen32B-int4_airline_50runs,baseline,Qwen3-Embedding-0.6B,31ff9a7c-4641-4bc1-811d-1d586e5bf42e,17,40,tool,,,,,,,0,1
qwen32B-int4_airline_50runs,baseline,Qwen3-Embedding-0.6B,31ff9a7c-4641-4bc1-811d-1d586e5bf42e,18,40,agent,0.8370086550712585,0.5662650602409639,0.0,,,,0,1
qwen32B-int4_airline_50runs,baseline,Qwen3-Embedding-0.6B,31ff9a7c-4641-4bc1-811d-1d586e5bf42e,19,40,user,,,,,,0.20045208930969238,0,1
qwen32B-int4_airline_50runs,baseline,Qwen3-Embedding-0.6B,31ff9a7c-4641-4bc1-811d-1d586e5bf42e,20,40,agent,0.9868212342262268,0.7777777777777778,0.7777777777777778,0.35904890298843384,-0.07750106602907181,,0,1
qwen32B-int4_airline_50runs,baseline,Qwen3-Embedding-0.6B,31ff9a7c-4641-4bc1-811d-1d586e5bf42e,21,40,tool,,,,,,,0,1
qwen32B-int4_airline_50runs,baseline,Qwen3-Embedding-0.6B,31ff9a7c-4641-4bc1-811d-1d586e5bf42e,22,40,agent,0.7710651159286499,0.21052631578947367,0.0,,,,0,1
qwen32B-int4_airline_50runs,baseline,Qwen3-Embedding-0.6B,31ff9a7c-4641-4bc1-811d-1d586e5bf42e,23,40,user,,,,,,0.20112216472625732,0,1
qwen32B-int4_airline_50runs,baseline,Qwen3-Embedding-0.6B,31ff9a7c-4641-4bc1-811d-1d586e5bf42e,24,40,agent,0.816820502281189,0.2903225806451613,0.0,0.36884617805480957,-0.09911005571484566,,0,1
qwen32B-int4_airline_50runs,baseline,Qwen3-Embedding-0.6B,31ff9a7c-4641-4bc1-811d-1d586e5bf42e,25,40,tool,,,,,,,0,1
qwen32B-int4_airline_50runs,baseline,Qwen3-Embedding-0.6B,31ff9a7c-4641-4bc1-811d-1d586e5bf42e,26,40,agent,0.819153368473053,0.3137254901960784,0.0,,,,0,1
qwen32B-int4_airline_50runs,baseline,Qwen3-Embedding-0.6B,31ff9a7c-4641-4bc1-811d-1d586e5bf42e,27,40,user,,,,,,0.29260045289993286,0,1
qwen32B-int4_airline_50runs,baseline,Qwen3-Embedding-0.6B,31ff9a7c-4641-4bc1-811d-1d586e5bf42e,28,40,agent,0.4927672743797302,0.20588235294117646,0.0,0.3502013683319092,-0.10487128794193268,,0,1
qwen32B-int4_airline_50runs,baseline,Qwen3-Embedding-0.6B,31ff9a7c-4641-4bc1-811d-1d586e5bf42e,29,40,tool,,,,,,,0,1
qwen32B-int4_airline_50runs,baseline,Qwen3-Embedding-0.6B,31ff9a7c-4641-4bc1-811d-1d586e5bf42e,30,40,agent,0.6747272610664368,0.29545454545454547,0.0,,,,0,1
qwen32B-int4_airline_50runs,baseline,Qwen3-Embedding-0.6B,31ff9a7c-4641-4bc1-811d-1d586e5bf42e,31,40,user,,,,,,0.39733022451400757,0,1
qwen32B-int4_airline_50runs,baseline,Qwen3-Embedding-0.6B,31ff9a7c-4641-4bc1-811d-1d586e5bf42e,32,40,agent,0.6548789739608765,0.36666666666666664,0.0,0.524666041135788,0.18338249251246452,,0,1
qwen32B-int4_airline_50runs,baseline,Qwen3-Embedding-0.6B,31ff9a7c-4641-4bc1-811d-1d586e5bf42e,33,40,tool,,,,,,,0,1
qwen32B-int4_airline_50runs,baseline,Qwen3-Embedding-0.6B,31ff9a7c-4641-4bc1-811d-1d586e5bf42e,34,40,agent,0.7070934176445007,0.2857142857142857,0.0,,,,0,1
qwen32B-int4_airline_50runs,baseline,Qwen3-Embedding-0.6B,31ff9a7c-4641-4bc1-811d-1d586e5bf42e,35,40,user,,,,,,0.16567927598953247,0,1
qwen32B-int4_airline_50runs,baseline,Qwen3-Embedding-0.6B,31ff9a7c-4641-4bc1-811d-1d586e5bf42e,36,40,agent,0.9939780831336975,0.8461538461538461,0.8461538461538461,0.249298095703125,-0.14058785885572433,,0,1
qwen32B-int4_airline_50runs,baseline,Qwen3-Embedding-0.6B,31ff9a7c-4641-4bc1-811d-1d586e5bf42e,37,40,tool,,,,,,,0,1
qwen32B-int4_airline_50runs,baseline,Qwen3-Embedding-0.6B,31ff9a7c-4641-4bc1-811d-1d586e5bf42e,38,40,agent,0.7169109582901001,0.15789473684210525,0.0,,,,0,1
qwen32B-int4_airline_50runs,baseline,Qwen3-Embedding-0.6B,31ff9a7c-4641-4bc1-811d-1d586e5bf42e,39,40,user,,,,,,0.6113449335098267,0,1
qwen32B-int4_airline_50runs,baseline,Qwen3-Embedding-0.6B,8673c754-ab0a-454b-9ae5-150e6104377c,0,14,agent,,,,,,,0,1
qwen32B-int4_airline_50runs,baseline,Qwen3-Embedding-0.6B,8673c754-ab0a-454b-9ae5-150e6104377c,1,14,user,,,,,,0.41824811697006226,0,1
qwen32B-int4_airline_50runs,baseline,Qwen3-Embedding-0.6B,8673c754-ab0a-454b-9ae5-150e6104377c,2,14,agent,0.27371716499328613,0.08571428571428572,0.0,,,,0,1
qwen32B-int4_airline_50runs,baseline,Qwen3-Embedding-0.6B,8673c754-ab0a-454b-9ae5-150e6104377c,3,14,user,,,,,,0.332658588886261,0,1
qwen32B-int4_airline_50runs,baseline,Qwen3-Embedding-0.6B,8673c754-ab0a-454b-9ae5-150e6104377c,4,14,agent,0.5063351392745972,0.024390243902439025,0.0,0.47882723808288574,-0.15401622653007507,,0,1
qwen32B-int4_airline_50runs,baseline,Qwen3-Embedding-0.6B,8673c754-ab0a-454b-9ae5-150e6104377c,5,14,tool,,,,,,,0,1
qwen32B-int4_airline_50runs,baseline,Qwen3-Embedding-0.6B,8673c754-ab0a-454b-9ae5-150e6104377c,6,14,agent,0.9112142324447632,0.21052631578947367,0.0,,,,0,1
qwen32B-int4_airline_50runs,baseline,Qwen3-Embedding-0.6B,8673c754-ab0a-454b-9ae5-150e6104377c,7,14,user,,,,,,0.17612391710281372,0,1
qwen32B-int4_airline_50runs,baseline,Qwen3-Embedding-0.6B,8673c754-ab0a-454b-9ae5-150e6104377c,8,14,agent,0.6838942766189575,0.13636363636363635,0.0,,,,0,1
qwen32B-int4_airline_50runs,baseline,Qwen3-Embedding-0.6B,8673c754-ab0a-454b-9ae5-150e6104377c,9,14,user,,,,,,0.5022528171539307,0,1
qwen32B-int4_airline_50runs,baseline,Qwen3-Embedding-0.6B,8673c754-ab0a-454b-9ae5-150e6104377c,10,14,agent,0.746803879737854,0.01818181818181818,0.0,0.3788401484489441,0.02553027868270874,,0,1
qwen32B-int4_airline_50runs,baseline,Qwen3-Embedding-0.6B,8673c754-ab0a-454b-9ae5-150e6104377c,11,14,tool,,,,,,,0,1
qwen32B-int4_airline_50runs,baseline,Qwen3-Embedding-0.6B,8673c754-ab0a-454b-9ae5-150e6104377c,12,14,agent,0.8119729161262512,0.08571428571428572,0.0,,,,0,1
qwen32B-int4_airline_50runs,baseline,Qwen3-Embedding-0.6B,8673c754-ab0a-454b-9ae5-150e6104377c,13,14,user,,,,,,0.6904354989528656,0,1
qwen32B-int4_airline_50runs,baseline,Qwen3-Embedding-0.6B,0854a9bd-879d-47bd-adab-16889351d39e,0,29,agent,,,,,,,0,0
qwen32B-int4_airline_50runs,baseline,Qwen3-Embedding-0.6B,0854a9bd-879d-47bd-adab-16889351d39e,1,29,user,,,,,,0.627472311258316,0,0
qwen32B-int4_airline_50runs,baseline,Qwen3-Embedding-0.6B,0854a9bd-879d-47bd-adab-16889351d39e,2,29,agent,0.45447292923927307,0.13793103448275862,0.0,,,,0,0
qwen32B-int4_airline_50runs,baseline,Qwen3-Embedding-0.6B,0854a9bd-879d-47bd-adab-16889351d39e,3,29,user,,,,,,0.1825326681137085,0,0
qwen32B-int4_airline_50runs,baseline,Qwen3-Embedding-0.6B,0854a9bd-879d-47bd-adab-16889351d39e,4,29,agent,0.7499033212661743,0.23214285714285715,0.0,,,,0,0
qwen32B-int4_airline_50runs,baseline,Qwen3-Embedding-0.6B,0854a9bd-879d-47bd-adab-16889351d39e,5,29,user,,,,,,0.38015496730804443,0,0
qwen32B-int4_airline_50runs,baseline,Qwen3-Embedding-0.6B,0854a9bd-879d-47bd-adab-16889351d39e,6,29,agent,0.6842455863952637,0.05084745762711865,0.0,0.373767614364624,-0.13357313474019372,,0,0
qwen32B-int4_airline_50runs,baseline,Qwen3-Embedding-0.6B,0854a9bd-879d-47bd-adab-16889351d39e,7,29,tool,,,,,,,0,0
qwen32B-int4_airline_50runs,baseline,Qwen3-Embedding-0.6B,0854a9bd-879d-47bd-adab-16889351d39e,8,29,tool,,,,,,,0,0
qwen32B-int4_airline_50runs,baseline,Qwen3-Embedding-0.6B,0854a9bd-879d-47bd-adab-16889351d39e,9,29,agent,0.5998426675796509,0.21428571428571427,0.0,,,,0,0
qwen32B-int4_airline_50runs,baseline,Qwen3-Embedding-0.6B,0854a9bd-879d-47bd-adab-16889351d39e,10,29,user,,,,,,0.5443449914455414,0,0
qwen32B-int4_airline_50runs,baseline,Qwen3-Embedding-0.6B,0854a9bd-879d-47bd-adab-16889351d39e,11,29,agent,0.6955721378326416,0.4297520661157025,0.0,,,,0,0
qwen32B-int4_airline_50runs,baseline,Qwen3-Embedding-0.6B,0854a9bd-879d-47bd-adab-16889351d39e,12,29,user,,,,,,0.48139941692352295,0,0
qwen32B-int4_airline_50runs,baseline,Qwen3-Embedding-0.6B,0854a9bd-879d-47bd-adab-16889351d39e,13,29,agent,0.6772276759147644,0.2116788321167883,0.0,,,,0,0
qwen32B-int4_airline_50runs,baseline,Qwen3-Embedding-0.6B,0854a9bd-879d-47bd-adab-16889351d39e,14,29,user,,,,,,0.45031875371932983,0,0
qwen32B-int4_airline_50runs,baseline,Qwen3-Embedding-0.6B,0854a9bd-879d-47bd-adab-16889351d39e,15,29,agent,0.6848945021629333,0.3157894736842105,0.0,,,,0,0
qwen32B-int4_airline_50runs,baseline,Qwen3-Embedding-0.6B,0854a9bd-879d-47bd-adab-16889351d39e,16,29,user,,,,,,0.5744891166687012,0,0
qwen32B-int4_airline_50runs,baseline,Qwen3-Embedding-0.6B,0854a9bd-879d-47bd-adab-16889351d39e,17,29,agent,0.3816101551055908,0.024390243902439025,0.0,0.5076883435249329,-0.19997268915176392,,0,0
qwen32B-int4_airline_50runs,baseline,Qwen3-Embedding-0.6B,0854a9bd-879d-47bd-adab-16889351d39e,18,29,tool,,,,,,,0,0
qwen32B-int4_airline_50runs,baseline,Qwen3-Embedding-0.6B,0854a9bd-879d-47bd-adab-16889351d39e,19,29,agent,0.8532132506370544,0.42424242424242425,0.0,,,,0,0
qwen32B-int4_airline_50runs,baseline,Qwen3-Embedding-0.6B,0854a9bd-879d-47bd-adab-16889351d39e,20,29,user,,,,,,0.47074049711227417,0,0
qwen32B-int4_airline_50runs,baseline,Qwen3-Embedding-0.6B,0854a9bd-879d-47bd-adab-16889351d39e,21,29,agent,0.6632824540138245,0.18,0.0,0.5832832157611847,0.28997235496838886,,0,0
qwen32B-int4_airline_50runs,baseline,Qwen3-Embedding-0.6B,0854a9bd-879d-47bd-adab-16889351d39e,22,29,tool,,,,,,,0,0
qwen32B-int4_airline_50runs,baseline,Qwen3-Embedding-0.6B,0854a9bd-879d-47bd-adab-16889351d39e,23,29,agent,0.6752342581748962,0.2230769230769231,0.0,,,,0,0
qwen32B-int4_airline_50runs,baseline,Qwen3-Embedding-0.6B,0854a9bd-879d-47bd-adab-16889351d39e,24,29,user,,,,,,0.4911630153656006,0,0
qwen32B-int4_airline_50runs,baseline,Qwen3-Embedding-0.6B,0854a9bd-879d-47bd-adab-16889351d39e,25,29,agent,0.999703049659729,0.92,0.0,0.14892566204071045,-0.29107265671094257,,0,0
qwen32B-int4_airline_50runs,baseline,Qwen3-Embedding-0.6B,0854a9bd-879d-47bd-adab-16889351d39e,26,29,tool,,,,,,,0,0
qwen32B-int4_airline_50runs,baseline,Qwen3-Embedding-0.6B,0854a9bd-879d-47bd-adab-16889351d39e,27,29,agent,0.7119971513748169,0.24770642201834864,0.0,,,,0,0
qwen32B-int4_airline_50runs,baseline,Qwen3-Embedding-0.6B,0854a9bd-879d-47bd-adab-16889351d39e,28,29,user,,,,,,0.8271051198244095,0,0
qwen32B-int4_airline_50runs,baseline,Qwen3-Embedding-0.6B,c2015682-b1b9-44ee-a294-82b40f5cb794,0,40,agent,,,,,,,0,1
qwen32B-int4_airline_50runs,baseline,Qwen3-Embedding-0.6B,c2015682-b1b9-44ee-a294-82b40f5cb794,1,40,user,,,,,,0.6248094439506531,0,1
qwen32B-int4_airline_50runs,baseline,Qwen3-Embedding-0.6B,c2015682-b1b9-44ee-a294-82b40f5cb794,2,40,agent,0.3879883885383606,0.0,0.0,0.27257299423217773,-0.19880920106714423,,0,1
qwen32B-int4_airline_50runs,baseline,Qwen3-Embedding-0.6B,c2015682-b1b9-44ee-a294-82b40f5cb794,3,40,tool,,,,,,,0,1
qwen32B-int4_airline_50runs,baseline,Qwen3-Embedding-0.6B,c2015682-b1b9-44ee-a294-82b40f5cb794,4,40,agent,0.7221510410308838,0.0967741935483871,0.0,,,,0,1
qwen32B-int4_airline_50runs,baseline,Qwen3-Embedding-0.6B,c2015682-b1b9-44ee-a294-82b40f5cb794,5,40,user,,,,,,0.13946151733398438,0,1
qwen32B-int4_airline_50runs,baseline,Qwen3-Embedding-0.6B,c2015682-b1b9-44ee-a294-82b40f5cb794,6,40,agent,0.6648637056350708,0.5714285714285714,0.5714285714285714,0.49487757682800293,-0.08670994639396667,,0,1
qwen32B-int4_airline_50runs,baseline,Qwen3-Embedding-0.6B,c2015682-b1b9-44ee-a294-82b40f5cb794,7,40,tool,,,,,,,0,1
qwen32B-int4_airline_50runs,baseline,Qwen3-Embedding-0.6B,c2015682-b1b9-44ee-a294-82b40f5cb794,8,40,agent,0.7899177074432373,0.1724137931034483,0.0,,,,0,1
qwen32B-int4_airline_50runs,baseline,Qwen3-Embedding-0.6B,c2015682-b1b9-44ee-a294-82b40f5cb794,9,40,user,,,,,,0.19169360399246216,0,1
qwen32B-int4_airline_50runs,baseline,Qwen3-Embedding-0.6B,c2015682-b1b9-44ee-a294-82b40f5cb794,10,40,agent,0.6394281983375549,0.4666666666666667,0.0,0.4371318817138672,-0.060255080461502075,,0,1
qwen32B-int4_airline_50runs,baseline,Qwen3-Embedding-0.6B,c2015682-b1b9-44ee-a294-82b40f5cb794,11,40,tool,,,,,,,0,1
qwen32B-int4_airline_50runs,baseline,Qwen3-Embedding-0.6B,c2015682-b1b9-44ee-a294-82b40f5cb794,12,40,agent,0.9963918924331665,0.6923076923076923,0.0,0.4581875801086426,-0.033243146809664614,,0,1
qwen32B-int4_airline_50runs,baseline,Qwen3-Embedding-0.6B,c2015682-b1b9-44ee-a294-82b40f5cb794,13,40,tool,,,,,,,0,1
qwen32B-int4_airline_50runs,baseline,Qwen3-Embedding-0.6B,c2015682-b1b9-44ee-a294-82b40f5cb794,14,40,agent,0.9981671571731567,0.6923076923076923,0.0,0.43547916412353516,-0.06508234685117553,,0,1
qwen32B-int4_airline_50runs,baseline,Qwen3-Embedding-0.6B,c2015682-b1b9-44ee-a294-82b40f5cb794,15,40,tool,,,,,,,0,1
qwen32B-int4_airline_50runs,baseline,Qwen3-Embedding-0.6B,c2015682-b1b9-44ee-a294-82b40f5cb794,16,40,agent,0.9989624619483948,0.6923076923076923,0.0,0.43821436166763306,-0.060313455083153444,,0,1
qwen32B-int4_airline_50runs,baseline,Qwen3-Embedding-0.6B,c2015682-b1b9-44ee-a294-82b40f5cb794,17,40,tool,,,,,,,0,1
qwen32B-int4_airline_50runs,baseline,Qwen3-Embedding-0.6B,c2015682-b1b9-44ee-a294-82b40f5cb794,18,40,agent,0.9974326491355896,0.6923076923076923,0.0,0.4325672388076782,-0.06390902670946991,,0,1
qwen32B-int4_airline_50runs,baseline,Qwen3-Embedding-0.6B,c2015682-b1b9-44ee-a294-82b40f5cb794,19,40,tool,,,,,,,0,1
qwen32B-int4_airline_50runs,baseline,Qwen3-Embedding-0.6B,c2015682-b1b9-44ee-a294-82b40f5cb794,20,40,agent,0.5438088178634644,0.0392156862745098,0.0,,,,0,1
qwen32B-int4_airline_50runs,baseline,Qwen3-Embedding-0.6B,c2015682-b1b9-44ee-a294-82b40f5cb794,21,40,user,,,,,,0.22808074951171875,0,1
qwen32B-int4_airline_50runs,baseline,Qwen3-Embedding-0.6B,c2015682-b1b9-44ee-a294-82b40f5cb794,22,40,agent,0.5817208886146545,0.3333333333333333,0.0,0.6342173218727112,0.2452597130428661,,0,1
qwen32B-int4_airline_50runs,baseline,Qwen3-Embedding-0.6B,c2015682-b1b9-44ee-a294-82b40f5cb794,23,40,tool,,,,,,,0,1
qwen32B-int4_airline_50runs,baseline,Qwen3-Embedding-0.6B,c2015682-b1b9-44ee-a294-82b40f5cb794,24,40,agent,0.9653592705726624,0.7894736842105263,0.7894736842105263,0.34545010328292847,-0.07034224271774292,,0,1
qwen32B-int4_airline_50runs,baseline,Qwen3-Embedding-0.6B,c2015682-b1b9-44ee-a294-82b40f5cb794,25,40,tool,,,,,,,0,1
qwen32B-int4_airline_50runs,baseline,Qwen3-Embedding-0.6B,c2015682-b1b9-44ee-a294-82b40f5cb794,26,40,agent,0.5370407700538635,0.0196078431372549,0.0,,,,0,1
qwen32B-int4_airline_50runs,baseline,Qwen3-Embedding-0.6B,c2015682-b1b9-44ee-a294-82b40f5cb794,27,40,user,,,,,,0.5693563520908356,0,1
qwen32B-int4_airline_50runs,baseline,Qwen3-Embedding-0.6B,c2015682-b1b9-44ee-a294-82b40f5cb794,28,40,agent,0.6455297470092773,0.34375,0.0,0.3977462649345398,0.0444974492896687,,0,1
qwen32B-int4_airline_50runs,baseline,Qwen3-Embedding-0.6B,c2015682-b1b9-44ee-a294-82b40f5cb794,29,40,tool,,,,,,,0,1
qwen32B-int4_airline_50runs,baseline,Qwen3-Embedding-0.6B,c2015682-b1b9-44ee-a294-82b40f5cb794,30,40,agent,0.6593863368034363,0.26956521739130435,0.0,,,,0,1
qwen32B-int4_airline_50runs,baseline,Qwen3-Embedding-0.6B,c2015682-b1b9-44ee-a294-82b40f5cb794,31,40,user,,,,,,0.3780551552772522,0,1
qwen32B-int4_airline_50runs,baseline,Qwen3-Embedding-0.6B,c2015682-b1b9-44ee-a294-82b40f5cb794,32,40,agent,0.9993854761123657,0.8275862068965517,0.0,0.5234877169132233,0.18504264408891852,,0,1
qwen32B-int4_airline_50runs,baseline,Qwen3-Embedding-0.6B,c2015682-b1b9-44ee-a294-82b40f5cb794,33,40,tool,,,,,,,0,1
qwen32B-int4_airline_50runs,baseline,Qwen3-Embedding-0.6B,c2015682-b1b9-44ee-a294-82b40f5cb794,34,40,agent,0.675423800945282,0.345679012345679,0.0,,,,0,1
qwen32B-int4_airline_50runs,baseline,Qwen3-Embedding-0.6B,c2015682-b1b9-44ee-a294-82b40f5cb794,35,40,user,,,,,,0.3072759509086609,0,1
qwen32B-int4_airline_50runs,baseline,Qwen3-Embedding-0.6B,c2015682-b1b9-44ee-a294-82b40f5cb794,36,40,agent,0.9996710419654846,0.8620689655172413,0.8620689655172413,0.23221874237060547,-0.13476784933697095,,0,1
qwen32B-int4_airline_50runs,baseline,Qwen3-Embedding-0.6B,c2015682-b1b9-44ee-a294-82b40f5cb794,37,40,tool,,,,,,,0,1
qwen32B-int4_airline_50runs,baseline,Qwen3-Embedding-0.6B,c2015682-b1b9-44ee-a294-82b40f5cb794,38,40,agent,0.7128393650054932,0.12871287128712872,0.0,,,,0,1
qwen32B-int4_airline_50runs,baseline,Qwen3-Embedding-0.6B,c2015682-b1b9-44ee-a294-82b40f5cb794,39,40,user,,,,,,0.795513778924942,0,1
qwen32B-int4_airline_50runs,baseline,Qwen3-Embedding-0.6B,d79ec5a1-ee28-44fc-b977-d5d5308fac26,0,20,agent,,,,,,,0,1
qwen32B-int4_airline_50runs,baseline,Qwen3-Embedding-0.6B,d79ec5a1-ee28-44fc-b977-d5d5308fac26,1,20,user,,,,,,0.524056077003479,0,1
qwen32B-int4_airline_50runs,baseline,Qwen3-Embedding-0.6B,d79ec5a1-ee28-44fc-b977-d5d5308fac26,2,20,agent,0.3417775630950928,0.057692307692307696,0.0,,,,0,1
qwen32B-int4_airline_50runs,baseline,Qwen3-Embedding-0.6B,d79ec5a1-ee28-44fc-b977-d5d5308fac26,3,20,user,,,,,,0.2850481867790222,0,1
qwen32B-int4_airline_50runs,baseline,Qwen3-Embedding-0.6B,d79ec5a1-ee28-44fc-b977-d5d5308fac26,4,20,agent,0.5036168098449707,0.017241379310344827,0.0,0.47563666105270386,-0.14832505583763123,,0,1
qwen32B-int4_airline_50runs,baseline,Qwen3-Embedding-0.6B,d79ec5a1-ee28-44fc-b977-d5d5308fac26,5,20,tool,,,,,,,0,1
qwen32B-int4_airline_50runs,baseline,Qwen3-Embedding-0.6B,d79ec5a1-ee28-44fc-b977-d5d5308fac26,6,20,agent,0.7840145826339722,0.2835820895522388,0.0,0.3621688485145569,-0.08489154775937396,,0,1
qwen32B-int4_airline_50runs,baseline,Qwen3-Embedding-0.6B,d79ec5a1-ee28-44fc-b977-d5d5308fac26,7,20,tool,,,,,,,0,1
qwen32B-int4_airline_50runs,baseline,Qwen3-Embedding-0.6B,d79ec5a1-ee28-44fc-b977-d5d5308fac26,8,20,agent,0.6621886491775513,0.17829457364341086,0.0,,,,0,1
qwen32B-int4_airline_50runs,baseline,Qwen3-Embedding-0.6B,d79ec5a1-ee28-44fc-b977-d5d5308fac26,9,20,user,,,,,,0.24100321531295776,0,1
qwen32B-int4_airline_50runs,baseline,Qwen3-Embedding-0.6B,d79ec5a1-ee28-44fc-b977-d5d5308fac26,10,20,agent,0.6569108963012695,0.1267605633802817,0.0,0.5931506752967834,0.3608190814654032,,0,1
qwen32B-int4_airline_50runs,baseline,Qwen3-Embedding-0.6B,d79ec5a1-ee28-44fc-b977-d5d5308fac26,11,20,tool,,,,,,,0,1
qwen32B-int4_airline_50runs,baseline,Qwen3-Embedding-0.6B,d79ec5a1-ee28-44fc-b977-d5d5308fac26,12,20,agent,0.668012797832489,0.1953125,0.0,,,,0,1
qwen32B-int4_airline_50runs,baseline,Qwen3-Embedding-0.6B,d79ec5a1-ee28-44fc-b977-d5d5308fac26,13,20,user,,,,,,0.1359020471572876,0,1
qwen32B-int4_airline_50runs,baseline,Qwen3-Embedding-0.6B,d79ec5a1-ee28-44fc-b977-d5d5308fac26,14,20,agent,0.9992088079452515,0.9166666666666666,0.0,0.15181905031204224,-0.22818535566329956,,0,1
qwen32B-int4_airline_50runs,baseline,Qwen3-Embedding-0.6B,d79ec5a1-ee28-44fc-b977-d5d5308fac26,15,20,tool,,,,,,,0,1
qwen32B-int4_airline_50runs,baseline,Qwen3-Embedding-0.6B,d79ec5a1-ee28-44fc-b977-d5d5308fac26,16,20,agent,0.59504634141922,0.19801980198019803,0.0,,,,0,1
qwen32B-int4_airline_50runs,baseline,Qwen3-Embedding-0.6B,d79ec5a1-ee28-44fc-b977-d5d5308fac26,17,20,user,,,,,,0.3770837187767029,0,1
qwen32B-int4_airline_50runs,baseline,Qwen3-Embedding-0.6B,d79ec5a1-ee28-44fc-b977-d5d5308fac26,18,20,agent,0.8028869032859802,0.2692307692307692,0.0,,,,0,1
qwen32B-int4_airline_50runs,baseline,Qwen3-Embedding-0.6B,d79ec5a1-ee28-44fc-b977-d5d5308fac26,19,20,user,,,,,,0.35937219858169556,0,1
qwen32B-int4_airline_50runs,baseline,Qwen3-Embedding-0.6B,726e18b1-1e10-4cf0-aca3-ddf3f2f6a552,0,30,agent,,,,,,,0,1
qwen32B-int4_airline_50runs,baseline,Qwen3-Embedding-0.6B,726e18b1-1e10-4cf0-aca3-ddf3f2f6a552,1,30,user,,,,,,0.5218241810798645,0,1
qwen32B-int4_airline_50runs,baseline,Qwen3-Embedding-0.6B,726e18b1-1e10-4cf0-aca3-ddf3f2f6a552,2,30,agent,0.3729565739631653,0.05714285714285714,0.0,0.33394676446914673,-0.22941541340616012,,0,1
qwen32B-int4_airline_50runs,baseline,Qwen3-Embedding-0.6B,726e18b1-1e10-4cf0-aca3-ddf3f2f6a552,3,30,tool,,,,,,,0,1
qwen32B-int4_airline_50runs,baseline,Qwen3-Embedding-0.6B,726e18b1-1e10-4cf0-aca3-ddf3f2f6a552,4,30,agent,0.7453908324241638,0.2638888888888889,0.0,,,,0,1
qwen32B-int4_airline_50runs,baseline,Qwen3-Embedding-0.6B,726e18b1-1e10-4cf0-aca3-ddf3f2f6a552,5,30,user,,,,,,0.3228256106376648,0,1
qwen32B-int4_airline_50runs,baseline,Qwen3-Embedding-0.6B,726e18b1-1e10-4cf0-aca3-ddf3f2f6a552,6,30,agent,0.5983678698539734,0.24561403508771928,0.0,0.4477100968360901,-0.19510815044244134,,0,1
qwen32B-int4_airline_50runs,baseline,Qwen3-Embedding-0.6B,726e18b1-1e10-4cf0-aca3-ddf3f2f6a552,7,30,tool,,,,,,,0,1
qwen32B-int4_airline_50runs,baseline,Qwen3-Embedding-0.6B,726e18b1-1e10-4cf0-aca3-ddf3f2f6a552,8,30,agent,0.7290493845939636,0.21666666666666667,0.0,,,,0,1
qwen32B-int4_airline_50runs,baseline,Qwen3-Embedding-0.6B,726e18b1-1e10-4cf0-aca3-ddf3f2f6a552,9,30,user,,,,,,0.18711024522781372,0,1
qwen32B-int4_airline_50runs,baseline,Qwen3-Embedding-0.6B,726e18b1-1e10-4cf0-aca3-ddf3f2f6a552,10,30,agent,0.8749983310699463,0.36363636363636365,0.0,0.25691771507263184,-0.2942464351654053,,0,1
qwen32B-int4_airline_50runs,baseline,Qwen3-Embedding-0.6B,726e18b1-1e10-4cf0-aca3-ddf3f2f6a552,11,30,tool,,,,,,,0,1
qwen32B-int4_airline_50runs,baseline,Qwen3-Embedding-0.6B,726e18b1-1e10-4cf0-aca3-ddf3f2f6a552,12,30,agent,0.7938327193260193,0.4067796610169492,0.0,0.3620896339416504,-0.1915926668379042,,0,1
qwen32B-int4_airline_50runs,baseline,Qwen3-Embedding-0.6B,726e18b1-1e10-4cf0-aca3-ddf3f2f6a552,13,30,tool,,,,,,,0,1
qwen32B-int4_airline_50runs,baseline,Qwen3-Embedding-0.6B,726e18b1-1e10-4cf0-aca3-ddf3f2f6a552,14,30,agent,0.7850173711776733,0.41304347826086957,0.0,0.7984936982393265,0.24071984158621895,,0,1
qwen32B-int4_airline_50runs,baseline,Qwen3-Embedding-0.6B,726e18b1-1e10-4cf0-aca3-ddf3f2f6a552,15,30,tool,,,,,,,0,1
qwen32B-int4_airline_50runs,baseline,Qwen3-Embedding-0.6B,726e18b1-1e10-4cf0-aca3-ddf3f2f6a552,16,30,agent,0.7449115514755249,0.43478260869565216,0.0,0.4173615574836731,-0.2458139674531089,,0,1
qwen32B-int4_airline_50runs,baseline,Qwen3-Embedding-0.6B,726e18b1-1e10-4cf0-aca3-ddf3f2f6a552,17,30,tool,,,,,,,0,1
qwen32B-int4_airline_50runs,baseline,Qwen3-Embedding-0.6B,726e18b1-1e10-4cf0-aca3-ddf3f2f6a552,18,30,agent,0.7183251976966858,0.176056338028169,0.0,,,,0,1
qwen32B-int4_airline_50runs,baseline,Qwen3-Embedding-0.6B,726e18b1-1e10-4cf0-aca3-ddf3f2f6a552,19,30,user,,,,,,0.31442850828170776,0,1
qwen32B-int4_airline_50runs,baseline,Qwen3-Embedding-0.6B,726e18b1-1e10-4cf0-aca3-ddf3f2f6a552,20,30,agent,0.8321659564971924,0.2945205479452055,0.0,0.6973838210105896,0.17036497096220649,,0,1
qwen32B-int4_airline_50runs,baseline,Qwen3-Embedding-0.6B,726e18b1-1e10-4cf0-aca3-ddf3f2f6a552,21,30,tool,,,,,,,0,1
qwen32B-int4_airline_50runs,baseline,Qwen3-Embedding-0.6B,726e18b1-1e10-4cf0-aca3-ddf3f2f6a552,22,30,agent,0.7579773664474487,0.26666666666666666,0.0,0.49130868911743164,-0.09350588586595321,,0,1
qwen32B-int4_airline_50runs,baseline,Qwen3-Embedding-0.6B,726e18b1-1e10-4cf0-aca3-ddf3f2f6a552,23,30,tool,,,,,,,0,1
qwen32B-int4_airline_50runs,baseline,Qwen3-Embedding-0.6B,726e18b1-1e10-4cf0-aca3-ddf3f2f6a552,24,30,agent,0.9791789650917053,0.6716417910447762,0.0,0.4605449438095093,-0.11326430241266883,,0,1
qwen32B-int4_airline_50runs,baseline,Qwen3-Embedding-0.6B,726e18b1-1e10-4cf0-aca3-ddf3f2f6a552,25,30,tool,,,,,,,0,1
qwen32B-int4_airline_50runs,baseline,Qwen3-Embedding-0.6B,726e18b1-1e10-4cf0-aca3-ddf3f2f6a552,26,30,agent,0.611997663974762,0.18478260869565216,0.0,0.6423913240432739,0.15991530815760296,,0,1
qwen32B-int4_airline_50runs,baseline,Qwen3-Embedding-0.6B,726e18b1-1e10-4cf0-aca3-ddf3f2f6a552,27,30,tool,,,,,,,0,1
qwen32B-int4_airline_50runs,baseline,Qwen3-Embedding-0.6B,726e18b1-1e10-4cf0-aca3-ddf3f2f6a552,28,30,agent,0.4705771803855896,0.1111111111111111,0.0,,,,0,1
qwen32B-int4_airline_50runs,baseline,Qwen3-Embedding-0.6B,726e18b1-1e10-4cf0-aca3-ddf3f2f6a552,29,30,user,,,,,,0.22931426763534546,0,1
qwen32B-int4_airline_50runs,baseline,Qwen3-Embedding-0.6B,3801079e-40f5-43b3-b273-b4c69273b5f6,0,26,agent,,,,,,,0,1
qwen32B-int4_airline_50runs,baseline,Qwen3-Embedding-0.6B,3801079e-40f5-43b3-b273-b4c69273b5f6,1,26,user,,,,,,0.6179423332214355,0,1
qwen32B-int4_airline_50runs,baseline,Qwen3-Embedding-0.6B,3801079e-40f5-43b3-b273-b4c69273b5f6,2,26,agent,0.2777143716812134,0.08333333333333333,0.0,0.41351771354675293,-0.08061280349890393,,0,1
qwen32B-int4_airline_50runs,baseline,Qwen3-Embedding-0.6B,3801079e-40f5-43b3-b273-b4c69273b5f6,3,26,tool,,,,,,,0,1
qwen32B-int4_airline_50runs,baseline,Qwen3-Embedding-0.6B,3801079e-40f5-43b3-b273-b4c69273b5f6,4,26,agent,0.6962801218032837,0.19767441860465115,0.0,,,,0,1
qwen32B-int4_airline_50runs,baseline,Qwen3-Embedding-0.6B,3801079e-40f5-43b3-b273-b4c69273b5f6,5,26,user,,,,,,0.2951875925064087,0,1
qwen32B-int4_airline_50runs,baseline,Qwen3-Embedding-0.6B,3801079e-40f5-43b3-b273-b4c69273b5f6,6,26,agent,0.709357500076294,0.06666666666666667,0.0,0.3778212070465088,-0.10030941168467206,,0,1
qwen32B-int4_airline_50runs,baseline,Qwen3-Embedding-0.6B,3801079e-40f5-43b3-b273-b4c69273b5f6,7,26,tool,,,,,,,0,1
qwen32B-int4_airline_50runs,baseline,Qwen3-Embedding-0.6B,3801079e-40f5-43b3-b273-b4c69273b5f6,8,26,agent,0.8191661834716797,0.35294117647058826,0.0,,,,0,1
qwen32B-int4_airline_50runs,baseline,Qwen3-Embedding-0.6B,3801079e-40f5-43b3-b273-b4c69273b5f6,9,26,user,,,,,,0.41036319732666016,0,1
qwen32B-int4_airline_50runs,baseline,Qwen3-Embedding-0.6B,3801079e-40f5-43b3-b273-b4c69273b5f6,10,26,agent,0.5740622878074646,0.3333333333333333,0.0,0.4070630669593811,-0.17354468504587806,,0,1
qwen32B-int4_airline_50runs,baseline,Qwen3-Embedding-0.6B,3801079e-40f5-43b3-b273-b4c69273b5f6,11,26,tool,,,,,,,0,1
qwen32B-int4_airline_50runs,baseline,Qwen3-Embedding-0.6B,3801079e-40f5-43b3-b273-b4c69273b5f6,12,26,agent,0.6174149513244629,0.2,0.0,0.43708980083465576,0.02221047878265381,,0,1
qwen32B-int4_airline_50runs,baseline,Qwen3-Embedding-0.6B,3801079e-40f5-43b3-b273-b4c69273b5f6,13,26,tool,,,,,,,0,1
qwen32B-int4_airline_50runs,baseline,Qwen3-Embedding-0.6B,3801079e-40f5-43b3-b273-b4c69273b5f6,14,26,agent,0.5997236371040344,0.24528301886792453,0.0,0.23850131034851074,-0.235386922955513,,0,1
qwen32B-int4_airline_50runs,baseline,Qwen3-Embedding-0.6B,3801079e-40f5-43b3-b273-b4c69273b5f6,15,26,tool,,,,,,,0,1
qwen32B-int4_airline_50runs,baseline,Qwen3-Embedding-0.6B,3801079e-40f5-43b3-b273-b4c69273b5f6,16,26,agent,0.81590735912323,0.453781512605042,0.0,,,,0,1
qwen32B-int4_airline_50runs,baseline,Qwen3-Embedding-0.6B,3801079e-40f5-43b3-b273-b4c69273b5f6,17,26,user,,,,,,0.45468348264694214,0,1
qwen32B-int4_airline_50runs,baseline,Qwen3-Embedding-0.6B,3801079e-40f5-43b3-b273-b4c69273b5f6,18,26,agent,0.44574204087257385,0.11363636363636363,0.0,0.45618849992752075,-0.030461182196935,,0,1
qwen32B-int4_airline_50runs,baseline,Qwen3-Embedding-0.6B,3801079e-40f5-43b3-b273-b4c69273b5f6,19,26,tool,,,,,,,0,1
qwen32B-int4_airline_50runs,baseline,Qwen3-Embedding-0.6B,3801079e-40f5-43b3-b273-b4c69273b5f6,20,26,agent,0.7349058389663696,0.4452054794520548,0.0,,,,0,1
qwen32B-int4_airline_50runs,baseline,Qwen3-Embedding-0.6B,3801079e-40f5-43b3-b273-b4c69273b5f6,21,26,user,,,,,,0.33042818307876587,0,1
qwen32B-int4_airline_50runs,baseline,Qwen3-Embedding-0.6B,3801079e-40f5-43b3-b273-b4c69273b5f6,22,26,agent,0.6853906512260437,0.06428571428571428,0.0,0.14842528104782104,-0.20728832483291626,,0,1
qwen32B-int4_airline_50runs,baseline,Qwen3-Embedding-0.6B,3801079e-40f5-43b3-b273-b4c69273b5f6,23,26,tool,,,,,,,0,1
qwen32B-int4_airline_50runs,baseline,Qwen3-Embedding-0.6B,3801079e-40f5-43b3-b273-b4c69273b5f6,24,26,agent,0.7853968739509583,0.36,0.0,,,,0,1
qwen32B-int4_airline_50runs,baseline,Qwen3-Embedding-0.6B,3801079e-40f5-43b3-b273-b4c69273b5f6,25,26,user,,,,,,0.44220638275146484,0,1
qwen32B-int4_airline_50runs,baseline,Qwen3-Embedding-0.6B,9a88eccf-ac8f-42e2-a11d-2d385b5a295d,0,16,agent,,,,,,,0,1
qwen32B-int4_airline_50runs,baseline,Qwen3-Embedding-0.6B,9a88eccf-ac8f-42e2-a11d-2d385b5a295d,1,16,user,,,,,,0.6809997856616974,0,1
qwen32B-int4_airline_50runs,baseline,Qwen3-Embedding-0.6B,9a88eccf-ac8f-42e2-a11d-2d385b5a295d,2,16,agent,0.3390965163707733,0.09302325581395349,0.0,,,,0,1
qwen32B-int4_airline_50runs,baseline,Qwen3-Embedding-0.6B,9a88eccf-ac8f-42e2-a11d-2d385b5a295d,3,16,user,,,,,,0.21945089101791382,0,1
qwen32B-int4_airline_50runs,baseline,Qwen3-Embedding-0.6B,9a88eccf-ac8f-42e2-a11d-2d385b5a295d,4,16,agent,0.4907098412513733,0.02,0.0,0.49271708726882935,-0.07824632525444031,,0,1
qwen32B-int4_airline_50runs,baseline,Qwen3-Embedding-0.6B,9a88eccf-ac8f-42e2-a11d-2d385b5a295d,5,16,tool,,,,,,,0,1
qwen32B-int4_airline_50runs,baseline,Qwen3-Embedding-0.6B,9a88eccf-ac8f-42e2-a11d-2d385b5a295d,6,16,agent,0.7266299724578857,0.3442622950819672,0.0,,,,0,1
qwen32B-int4_airline_50runs,baseline,Qwen3-Embedding-0.6B,9a88eccf-ac8f-42e2-a11d-2d385b5a295d,7,16,user,,,,,,0.18571996688842773,0,1
qwen32B-int4_airline_50runs,baseline,Qwen3-Embedding-0.6B,9a88eccf-ac8f-42e2-a11d-2d385b5a295d,8,16,agent,0.6488279700279236,0.4666666666666667,0.0,0.4202924966812134,-0.010871797800064087,,0,1
qwen32B-int4_airline_50runs,baseline,Qwen3-Embedding-0.6B,9a88eccf-ac8f-42e2-a11d-2d385b5a295d,9,16,tool,,,,,,,0,1
qwen32B-int4_airline_50runs,baseline,Qwen3-Embedding-0.6B,9a88eccf-ac8f-42e2-a11d-2d385b5a295d,10,16,agent,0.8443039655685425,0.26666666666666666,0.0,,,,0,1
qwen32B-int4_airline_50runs,baseline,Qwen3-Embedding-0.6B,9a88eccf-ac8f-42e2-a11d-2d385b5a295d,11,16,user,,,,,,0.28440427780151367,0,1
qwen32B-int4_airline_50runs,baseline,Qwen3-Embedding-0.6B,9a88eccf-ac8f-42e2-a11d-2d385b5a295d,12,16,agent,0.7962223291397095,0.6923076923076923,0.6923076923076923,0.358445405960083,-0.11780807375907898,,0,1
qwen32B-int4_airline_50runs,baseline,Qwen3-Embedding-0.6B,9a88eccf-ac8f-42e2-a11d-2d385b5a295d,13,16,tool,,,,,,,0,1
qwen32B-int4_airline_50runs,baseline,Qwen3-Embedding-0.6B,9a88eccf-ac8f-42e2-a11d-2d385b5a295d,14,16,agent,0.7080954909324646,0.25,0.0,,,,0,1
qwen32B-int4_airline_50runs,baseline,Qwen3-Embedding-0.6B,9a88eccf-ac8f-42e2-a11d-2d385b5a295d,15,16,user,,,,,,0.5280575454235077,0,1
qwen32B-int4_airline_50runs,baseline,Qwen3-Embedding-0.6B,48f24d4d-ee21-4bdf-a034-aeb61e376670,0,12,agent,,,,,,,0,1
qwen32B-int4_airline_50runs,baseline,Qwen3-Embedding-0.6B,48f24d4d-ee21-4bdf-a034-aeb61e376670,1,12,user,,,,,,0.512014240026474,0,1
qwen32B-int4_airline_50runs,baseline,Qwen3-Embedding-0.6B,48f24d4d-ee21-4bdf-a034-aeb61e376670,2,12,agent,0.3812538981437683,0.0,0.0,0.6129049956798553,-0.07614153623580933,,0,1
qwen32B-int4_airline_50runs,baseline,Qwen3-Embedding-0.6B,48f24d4d-ee21-4bdf-a034-aeb61e376670,3,12,tool,,,,,,,0,1
qwen32B-int4_airline_50runs,baseline,Qwen3-Embedding-0.6B,48f24d4d-ee21-4bdf-a034-aeb61e376670,4,12,agent,0.5619800090789795,0.06382978723404255,0.0,,,,0,1
qwen32B-int4_airline_50runs,baseline,Qwen3-Embedding-0.6B,48f24d4d-ee21-4bdf-a034-aeb61e376670,5,12,user,,,,,,0.3960834741592407,0,1
qwen32B-int4_airline_50runs,baseline,Qwen3-Embedding-0.6B,48f24d4d-ee21-4bdf-a034-aeb61e376670,6,12,agent,0.6435586214065552,0.2191780821917808,0.0,,,,0,1
qwen32B-int4_airline_50runs,baseline,Qwen3-Embedding-0.6B,48f24d4d-ee21-4bdf-a034-aeb61e376670,7,12,user,,,,,,0.3972366452217102,0,1
qwen32B-int4_airline_50runs,baseline,Qwen3-Embedding-0.6B,48f24d4d-ee21-4bdf-a034-aeb61e376670,8,12,agent,0.5409069657325745,0.03508771929824561,0.0,0.18043571710586548,-0.3668955862522125,,0,1
qwen32B-int4_airline_50runs,baseline,Qwen3-Embedding-0.6B,48f24d4d-ee21-4bdf-a034-aeb61e376670,9,12,tool,,,,,,,0,1
qwen32B-int4_airline_50runs,baseline,Qwen3-Embedding-0.6B,48f24d4d-ee21-4bdf-a034-aeb61e376670,10,12,agent,0.8243927359580994,0.2608695652173913,0.0,,,,0,1
qwen32B-int4_airline_50runs,baseline,Qwen3-Embedding-0.6B,48f24d4d-ee21-4bdf-a034-aeb61e376670,11,12,user,,,,,,0.5032605528831482,0,1
qwen32B-int4_airline_50runs,baseline,Qwen3-Embedding-0.6B,c371e448-a3fc-42ea-a3da-055d7cff214c,0,16,agent,,,,,,,0,1
qwen32B-int4_airline_50runs,baseline,Qwen3-Embedding-0.6B,c371e448-a3fc-42ea-a3da-055d7cff214c,1,16,user,,,,,,0.6046422719955444,0,1
qwen32B-int4_airline_50runs,baseline,Qwen3-Embedding-0.6B,c371e448-a3fc-42ea-a3da-055d7cff214c,2,16,agent,0.27179643511772156,0.05172413793103448,0.0,,,,0,1
qwen32B-int4_airline_50runs,baseline,Qwen3-Embedding-0.6B,c371e448-a3fc-42ea-a3da-055d7cff214c,3,16,user,,,,,,0.1465967297554016,0,1
qwen32B-int4_airline_50runs,baseline,Qwen3-Embedding-0.6B,c371e448-a3fc-42ea-a3da-055d7cff214c,4,16,agent,0.5652191042900085,0.015625,0.0,0.4078962206840515,-0.2472635805606842,,0,1
qwen32B-int4_airline_50runs,baseline,Qwen3-Embedding-0.6B,c371e448-a3fc-42ea-a3da-055d7cff214c,5,16,tool,,,,,,,0,1
qwen32B-int4_airline_50runs,baseline,Qwen3-Embedding-0.6B,c371e448-a3fc-42ea-a3da-055d7cff214c,6,16,agent,0.7330858111381531,0.2345679012345679,0.0,,,,0,1
qwen32B-int4_airline_50runs,baseline,Qwen3-Embedding-0.6B,c371e448-a3fc-42ea-a3da-055d7cff214c,7,16,user,,,,,,0.40655505657196045,0,1
qwen32B-int4_airline_50runs,baseline,Qwen3-Embedding-0.6B,c371e448-a3fc-42ea-a3da-055d7cff214c,8,16,agent,0.590896487236023,0.25,0.0,,,,0,1
qwen32B-int4_airline_50runs,baseline,Qwen3-Embedding-0.6B,c371e448-a3fc-42ea-a3da-055d7cff214c,9,16,user,,,,,,0.47558778524398804,0,1
qwen32B-int4_airline_50runs,baseline,Qwen3-Embedding-0.6B,c371e448-a3fc-42ea-a3da-055d7cff214c,10,16,agent,0.5896499752998352,0.4019607843137255,0.0,,,,0,1
qwen32B-int4_airline_50runs,baseline,Qwen3-Embedding-0.6B,c371e448-a3fc-42ea-a3da-055d7cff214c,11,16,user,,,,,,0.23496711254119873,0,1
qwen32B-int4_airline_50runs,baseline,Qwen3-Embedding-0.6B,c371e448-a3fc-42ea-a3da-055d7cff214c,12,16,agent,0.5215380787849426,0.015151515151515152,0.0,0.20170539617538452,-0.33854395151138306,,0,1
qwen32B-int4_airline_50runs,baseline,Qwen3-Embedding-0.6B,c371e448-a3fc-42ea-a3da-055d7cff214c,13,16,tool,,,,,,,0,1
qwen32B-int4_airline_50runs,baseline,Qwen3-Embedding-0.6B,c371e448-a3fc-42ea-a3da-055d7cff214c,14,16,agent,0.6877442002296448,0.2716049382716049,0.0,,,,0,1
qwen32B-int4_airline_50runs,baseline,Qwen3-Embedding-0.6B,c371e448-a3fc-42ea-a3da-055d7cff214c,15,16,user,,,,,,0.5756716132164001,0,1
qwen32B-int4_airline_50runs,baseline,Qwen3-Embedding-0.6B,e030c9ea-d795-4da0-b889-76bb0bf509a9,0,20,agent,,,,,,,0,1
qwen32B-int4_airline_50runs,baseline,Qwen3-Embedding-0.6B,e030c9ea-d795-4da0-b889-76bb0bf509a9,1,20,user,,,,,,0.4791133403778076,0,1
qwen32B-int4_airline_50runs,baseline,Qwen3-Embedding-0.6B,e030c9ea-d795-4da0-b889-76bb0bf509a9,2,20,agent,0.2728377878665924,0.08571428571428572,0.0,,,,0,1
qwen32B-int4_airline_50runs,baseline,Qwen3-Embedding-0.6B,e030c9ea-d795-4da0-b889-76bb0bf509a9,3,20,user,,,,,,0.1640552282333374,0,1
qwen32B-int4_airline_50runs,baseline,Qwen3-Embedding-0.6B,e030c9ea-d795-4da0-b889-76bb0bf509a9,4,20,agent,0.7088984847068787,0.024390243902439025,0.0,0.45191341638565063,-0.11059145132700599,,0,1
qwen32B-int4_airline_50runs,baseline,Qwen3-Embedding-0.6B,e030c9ea-d795-4da0-b889-76bb0bf509a9,5,20,tool,,,,,,,0,1
qwen32B-int4_airline_50runs,baseline,Qwen3-Embedding-0.6B,e030c9ea-d795-4da0-b889-76bb0bf509a9,6,20,agent,0.5142488479614258,0.18309859154929578,0.0,,,,0,1
qwen32B-int4_airline_50runs,baseline,Qwen3-Embedding-0.6B,e030c9ea-d795-4da0-b889-76bb0bf509a9,7,20,user,,,,,,0.3019251227378845,0,1
qwen32B-int4_airline_50runs,baseline,Qwen3-Embedding-0.6B,e030c9ea-d795-4da0-b889-76bb0bf509a9,8,20,agent,0.5759450197219849,0.3333333333333333,0.0,0.4051186442375183,0.061109721660614014,,0,1
qwen32B-int4_airline_50runs,baseline,Qwen3-Embedding-0.6B,e030c9ea-d795-4da0-b889-76bb0bf509a9,9,20,tool,,,,,,,0,1
qwen32B-int4_airline_50runs,baseline,Qwen3-Embedding-0.6B,e030c9ea-d795-4da0-b889-76bb0bf509a9,10,20,agent,0.9928166270256042,0.7894736842105263,0.0,0.4177217483520508,0.06824197371800739,,0,1
qwen32B-int4_airline_50runs,baseline,Qwen3-Embedding-0.6B,e030c9ea-d795-4da0-b889-76bb0bf509a9,11,20,tool,,,,,,,0,1
qwen32B-int4_airline_50runs,baseline,Qwen3-Embedding-0.6B,e030c9ea-d795-4da0-b889-76bb0bf509a9,12,20,agent,0.5348400473594666,0.0,0.0,,,,0,1
qwen32B-int4_airline_50runs,baseline,Qwen3-Embedding-0.6B,e030c9ea-d795-4da0-b889-76bb0bf509a9,13,20,user,,,,,,0.39345598220825195,0,1
qwen32B-int4_airline_50runs,baseline,Qwen3-Embedding-0.6B,e030c9ea-d795-4da0-b889-76bb0bf509a9,14,20,agent,0.6664572954177856,0.3055555555555556,0.0,,,,0,1
qwen32B-int4_airline_50runs,baseline,Qwen3-Embedding-0.6B,e030c9ea-d795-4da0-b889-76bb0bf509a9,15,20,user,,,,,,0.3585142493247986,0,1
qwen32B-int4_airline_50runs,baseline,Qwen3-Embedding-0.6B,e030c9ea-d795-4da0-b889-76bb0bf509a9,16,20,agent,0.6133366823196411,0.04054054054054054,0.0,0.26851117610931396,-0.12364623943964642,,0,1
qwen32B-int4_airline_50runs,baseline,Qwen3-Embedding-0.6B,e030c9ea-d795-4da0-b889-76bb0bf509a9,17,20,tool,,,,,,,0,1
qwen32B-int4_airline_50runs,baseline,Qwen3-Embedding-0.6B,e030c9ea-d795-4da0-b889-76bb0bf509a9,18,20,agent,0.7964827418327332,0.2892561983471074,0.0,,,,0,1
qwen32B-int4_airline_50runs,baseline,Qwen3-Embedding-0.6B,e030c9ea-d795-4da0-b889-76bb0bf509a9,19,20,user,,,,,,0.37788867950439453,0,1
qwen32B-int4_airline_50runs,baseline,Qwen3-Embedding-0.6B,ad9b35ee-cb2d-45c6-aba1-d03c97f7232a,0,16,agent,,,,,,,0,0
qwen32B-int4_airline_50runs,baseline,Qwen3-Embedding-0.6B,ad9b35ee-cb2d-45c6-aba1-d03c97f7232a,1,16,user,,,,,,0.6500562429428101,0,0
qwen32B-int4_airline_50runs,baseline,Qwen3-Embedding-0.6B,ad9b35ee-cb2d-45c6-aba1-d03c97f7232a,2,16,agent,0.3788983225822449,0.0,0.0,0.28630125522613525,-0.13218453526496887,,0,0
qwen32B-int4_airline_50runs,baseline,Qwen3-Embedding-0.6B,ad9b35ee-cb2d-45c6-aba1-d03c97f7232a,3,16,tool,,,,,,,0,0
qwen32B-int4_airline_50runs,baseline,Qwen3-Embedding-0.6B,ad9b35ee-cb2d-45c6-aba1-d03c97f7232a,4,16,agent,0.7382747530937195,0.045454545454545456,0.0,,,,0,0
qwen32B-int4_airline_50runs,baseline,Qwen3-Embedding-0.6B,ad9b35ee-cb2d-45c6-aba1-d03c97f7232a,5,16,user,,,,,,0.13679933547973633,0,0
qwen32B-int4_airline_50runs,baseline,Qwen3-Embedding-0.6B,ad9b35ee-cb2d-45c6-aba1-d03c97f7232a,6,16,agent,0.6604944467544556,0.5714285714285714,0.5714285714285714,0.4929978847503662,-0.035456135869026184,,0,0
qwen32B-int4_airline_50runs,baseline,Qwen3-Embedding-0.6B,ad9b35ee-cb2d-45c6-aba1-d03c97f7232a,7,16,tool,,,,,,,0,0
qwen32B-int4_airline_50runs,baseline,Qwen3-Embedding-0.6B,ad9b35ee-cb2d-45c6-aba1-d03c97f7232a,8,16,agent,0.8208973407745361,0.1875,0.0,,,,0,0
qwen32B-int4_airline_50runs,baseline,Qwen3-Embedding-0.6B,ad9b35ee-cb2d-45c6-aba1-d03c97f7232a,9,16,user,,,,,,0.16113901138305664,0,0
qwen32B-int4_airline_50runs,baseline,Qwen3-Embedding-0.6B,ad9b35ee-cb2d-45c6-aba1-d03c97f7232a,10,16,agent,0.6266624331474304,0.4666666666666667,0.0,0.4354233741760254,0.043543219566345215,,0,0
qwen32B-int4_airline_50runs,baseline,Qwen3-Embedding-0.6B,ad9b35ee-cb2d-45c6-aba1-d03c97f7232a,11,16,tool,,,,,,,0,0
qwen32B-int4_airline_50runs,baseline,Qwen3-Embedding-0.6B,ad9b35ee-cb2d-45c6-aba1-d03c97f7232a,12,16,agent,0.8547226190567017,0.2647058823529412,0.0,,,,0,0
qwen32B-int4_airline_50runs,baseline,Qwen3-Embedding-0.6B,ad9b35ee-cb2d-45c6-aba1-d03c97f7232a,13,16,user,,,,,,0.2674945592880249,0,0
qwen32B-int4_airline_50runs,baseline,Qwen3-Embedding-0.6B,ad9b35ee-cb2d-45c6-aba1-d03c97f7232a,14,16,agent,0.869681179523468,0.42857142857142855,0.0,,,,0,0
qwen32B-int4_airline_50runs,baseline,Qwen3-Embedding-0.6B,ad9b35ee-cb2d-45c6-aba1-d03c97f7232a,15,16,user,,,,,,0.7729246318340302,0,0
qwen32B-int4_airline_50runs,baseline,Qwen3-Embedding-0.6B,61019198-9609-48d4-9426-e9648df47f36,0,40,agent,,,,,,,0,1
qwen32B-int4_airline_50runs,baseline,Qwen3-Embedding-0.6B,61019198-9609-48d4-9426-e9648df47f36,1,40,user,,,,,,0.634413093328476,0,1
qwen32B-int4_airline_50runs,baseline,Qwen3-Embedding-0.6B,61019198-9609-48d4-9426-e9648df47f36,2,40,agent,0.3276297450065613,0.0975609756097561,0.0,,,,0,1
qwen32B-int4_airline_50runs,baseline,Qwen3-Embedding-0.6B,61019198-9609-48d4-9426-e9648df47f36,3,40,user,,,,,,0.23250961303710938,0,1
qwen32B-int4_airline_50runs,baseline,Qwen3-Embedding-0.6B,61019198-9609-48d4-9426-e9648df47f36,4,40,agent,0.5328291058540344,0.018518518518518517,0.0,0.4039316177368164,-0.1065983846783638,,0,1
qwen32B-int4_airline_50runs,baseline,Qwen3-Embedding-0.6B,61019198-9609-48d4-9426-e9648df47f36,5,40,tool,,,,,,,0,1
qwen32B-int4_airline_50runs,baseline,Qwen3-Embedding-0.6B,61019198-9609-48d4-9426-e9648df47f36,6,40,agent,0.5441104769706726,0.12359550561797752,0.0,,,,0,1
qwen32B-int4_airline_50runs,baseline,Qwen3-Embedding-0.6B,61019198-9609-48d4-9426-e9648df47f36,7,40,user,,,,,,0.4848629832267761,0,1
qwen32B-int4_airline_50runs,baseline,Qwen3-Embedding-0.6B,61019198-9609-48d4-9426-e9648df47f36,8,40,agent,0.9906131029129028,0.7894736842105263,0.0,0.3676871061325073,-0.14176872745156288,,0,1
qwen32B-int4_airline_50runs,baseline,Qwen3-Embedding-0.6B,61019198-9609-48d4-9426-e9648df47f36,9,40,tool,,,,,,,0,1
qwen32B-int4_airline_50runs,baseline,Qwen3-Embedding-0.6B,61019198-9609-48d4-9426-e9648df47f36,10,40,agent,0.8547753095626831,0.3925233644859813,0.0,,,,0,1
qwen32B-int4_airline_50runs,baseline,Qwen3-Embedding-0.6B,61019198-9609-48d4-9426-e9648df47f36,11,40,user,,,,,,0.35567426681518555,0,1
qwen32B-int4_airline_50runs,baseline,Qwen3-Embedding-0.6B,61019198-9609-48d4-9426-e9648df47f36,12,40,agent,0.6535071730613708,0.36666666666666664,0.0,0.549086332321167,0.12236865609884262,,0,1
qwen32B-int4_airline_50runs,baseline,Qwen3-Embedding-0.6B,61019198-9609-48d4-9426-e9648df47f36,13,40,tool,,,,,,,0,1
qwen32B-int4_airline_50runs,baseline,Qwen3-Embedding-0.6B,61019198-9609-48d4-9426-e9648df47f36,14,40,agent,0.8095276355743408,0.13157894736842105,0.0,,,,0,1
qwen32B-int4_airline_50runs,baseline,Qwen3-Embedding-0.6B,61019198-9609-48d4-9426-e9648df47f36,15,40,user,,,,,,0.3145773410797119,0,1
qwen32B-int4_airline_50runs,baseline,Qwen3-Embedding-0.6B,61019198-9609-48d4-9426-e9648df47f36,16,40,agent,0.9953723549842834,0.8461538461538461,0.0,0.5601517260074615,0.12631149217486382,,0,1
qwen32B-int4_airline_50runs,baseline,Qwen3-Embedding-0.6B,61019198-9609-48d4-9426-e9648df47f36,17,40,tool,,,,,,,0,1
qwen32B-int4_airline_50runs,baseline,Qwen3-Embedding-0.6B,61019198-9609-48d4-9426-e9648df47f36,18,40,agent,0.9502462148666382,0.3225806451612903,0.0,,,,0,1
qwen32B-int4_airline_50runs,baseline,Qwen3-Embedding-0.6B,61019198-9609-48d4-9426-e9648df47f36,19,40,user,,,,,,0.4010048508644104,0,1
qwen32B-int4_airline_50runs,baseline,Qwen3-Embedding-0.6B,61019198-9609-48d4-9426-e9648df47f36,20,40,agent,0.9994615912437439,0.8461538461538461,0.0,0.5659015774726868,0.12752287834882736,,0,1
qwen32B-int4_airline_50runs,baseline,Qwen3-Embedding-0.6B,61019198-9609-48d4-9426-e9648df47f36,21,40,tool,,,,,,,0,1
qwen32B-int4_airline_50runs,baseline,Qwen3-Embedding-0.6B,61019198-9609-48d4-9426-e9648df47f36,22,40,agent,0.7814106345176697,0.3142857142857143,0.0,,,,0,1
qwen32B-int4_airline_50runs,baseline,Qwen3-Embedding-0.6B,61019198-9609-48d4-9426-e9648df47f36,23,40,user,,,,,,0.29027241468429565,0,1
qwen32B-int4_airline_50runs,baseline,Qwen3-Embedding-0.6B,61019198-9609-48d4-9426-e9648df47f36,24,40,agent,0.9997977018356323,0.8461538461538461,0.0,0.5656068623065948,0.12842704728245735,,0,1
qwen32B-int4_airline_50runs,baseline,Qwen3-Embedding-0.6B,61019198-9609-48d4-9426-e9648df47f36,25,40,tool,,,,,,,0,1
qwen32B-int4_airline_50runs,baseline,Qwen3-Embedding-0.6B,61019198-9609-48d4-9426-e9648df47f36,26,40,agent,0.8358196020126343,0.6363636363636364,0.0,,,,0,1
qwen32B-int4_airline_50runs,baseline,Qwen3-Embedding-0.6B,61019198-9609-48d4-9426-e9648df47f36,27,40,user,,,,,,0.2844986915588379,0,1
qwen32B-int4_airline_50runs,baseline,Qwen3-Embedding-0.6B,61019198-9609-48d4-9426-e9648df47f36,28,40,agent,0.40390729904174805,0.25,0.0,0.5089044868946075,-0.15476218052208424,,0,1
qwen32B-int4_airline_50runs,baseline,Qwen3-Embedding-0.6B,61019198-9609-48d4-9426-e9648df47f36,29,40,tool,,,,,,,0,1
qwen32B-int4_airline_50runs,baseline,Qwen3-Embedding-0.6B,61019198-9609-48d4-9426-e9648df47f36,30,40,agent,0.8230953216552734,0.3125,0.0,,,,0,1
qwen32B-int4_airline_50runs,baseline,Qwen3-Embedding-0.6B,61019198-9609-48d4-9426-e9648df47f36,31,40,user,,,,,,0.2386023998260498,0,1
qwen32B-int4_airline_50runs,baseline,Qwen3-Embedding-0.6B,61019198-9609-48d4-9426-e9648df47f36,32,40,agent,0.6451058387756348,0.25,0.0,0.23341530561447144,-0.22965893149375916,,0,1
qwen32B-int4_airline_50runs,baseline,Qwen3-Embedding-0.6B,61019198-9609-48d4-9426-e9648df47f36,33,40,tool,,,,,,,0,1
qwen32B-int4_airline_50runs,baseline,Qwen3-Embedding-0.6B,61019198-9609-48d4-9426-e9648df47f36,34,40,agent,0.7272259593009949,0.14563106796116504,0.0,,,,0,1
qwen32B-int4_airline_50runs,baseline,Qwen3-Embedding-0.6B,61019198-9609-48d4-9426-e9648df47f36,35,40,user,,,,,,0.35235995054244995,0,1
qwen32B-int4_airline_50runs,baseline,Qwen3-Embedding-0.6B,61019198-9609-48d4-9426-e9648df47f36,36,40,agent,0.8213813900947571,0.3793103448275862,0.0,0.32272452116012573,-0.1996235027909279,,0,1
qwen32B-int4_airline_50runs,baseline,Qwen3-Embedding-0.6B,61019198-9609-48d4-9426-e9648df47f36,37,40,tool,,,,,,,0,1
qwen32B-int4_airline_50runs,baseline,Qwen3-Embedding-0.6B,61019198-9609-48d4-9426-e9648df47f36,38,40,agent,0.9209986925125122,0.6024096385542169,0.0,,,,0,1
qwen32B-int4_airline_50runs,baseline,Qwen3-Embedding-0.6B,61019198-9609-48d4-9426-e9648df47f36,39,40,user,,,,,,0.4669293165206909,0,1
qwen32B-int4_airline_50runs,baseline,Qwen3-Embedding-0.6B,4402d850-6825-4dde-b1b6-c84d47a2083a,0,20,agent,,,,,,,0,1
qwen32B-int4_airline_50runs,baseline,Qwen3-Embedding-0.6B,4402d850-6825-4dde-b1b6-c84d47a2083a,1,20,user,,,,,,0.6268492639064789,0,1
qwen32B-int4_airline_50runs,baseline,Qwen3-Embedding-0.6B,4402d850-6825-4dde-b1b6-c84d47a2083a,2,20,agent,0.32528841495513916,0.046511627906976744,0.0,,,,0,1
qwen32B-int4_airline_50runs,baseline,Qwen3-Embedding-0.6B,4402d850-6825-4dde-b1b6-c84d47a2083a,3,20,user,,,,,,0.3352707624435425,0,1
qwen32B-int4_airline_50runs,baseline,Qwen3-Embedding-0.6B,4402d850-6825-4dde-b1b6-c84d47a2083a,4,20,agent,0.4350730776786804,0.020833333333333332,0.0,0.4898173213005066,-0.15396747489770257,,0,1
qwen32B-int4_airline_50runs,baseline,Qwen3-Embedding-0.6B,4402d850-6825-4dde-b1b6-c84d47a2083a,5,20,tool,,,,,,,0,1
qwen32B-int4_airline_50runs,baseline,Qwen3-Embedding-0.6B,4402d850-6825-4dde-b1b6-c84d47a2083a,6,20,agent,0.851902425289154,0.3103448275862069,0.0,,,,0,1
qwen32B-int4_airline_50runs,baseline,Qwen3-Embedding-0.6B,4402d850-6825-4dde-b1b6-c84d47a2083a,7,20,user,,,,,,0.1763312816619873,0,1
qwen32B-int4_airline_50runs,baseline,Qwen3-Embedding-0.6B,4402d850-6825-4dde-b1b6-c84d47a2083a,8,20,agent,0.7428566813468933,0.4666666666666667,0.0,0.43442779779434204,-0.07627556721369422,,0,1
qwen32B-int4_airline_50runs,baseline,Qwen3-Embedding-0.6B,4402d850-6825-4dde-b1b6-c84d47a2083a,9,20,tool,,,,,,,0,1
qwen32B-int4_airline_50runs,baseline,Qwen3-Embedding-0.6B,4402d850-6825-4dde-b1b6-c84d47a2083a,10,20,agent,0.5441983938217163,0.16176470588235295,0.0,0.44368427991867065,-0.07255029678344727,,0,1
qwen32B-int4_airline_50runs,baseline,Qwen3-Embedding-0.6B,4402d850-6825-4dde-b1b6-c84d47a2083a,11,20,tool,,,,,,,0,1
qwen32B-int4_airline_50runs,baseline,Qwen3-Embedding-0.6B,4402d850-6825-4dde-b1b6-c84d47a2083a,12,20,agent,0.7031276226043701,0.2962962962962963,0.0,,,,0,1
qwen32B-int4_airline_50runs,baseline,Qwen3-Embedding-0.6B,4402d850-6825-4dde-b1b6-c84d47a2083a,13,20,user,,,,,,0.27412861585617065,0,1
qwen32B-int4_airline_50runs,baseline,Qwen3-Embedding-0.6B,4402d850-6825-4dde-b1b6-c84d47a2083a,14,20,agent,0.7617707848548889,0.3368421052631579,0.0,,,,0,1
qwen32B-int4_airline_50runs,baseline,Qwen3-Embedding-0.6B,4402d850-6825-4dde-b1b6-c84d47a2083a,15,20,user,,,,,,0.2669466733932495,0,1
qwen32B-int4_airline_50runs,baseline,Qwen3-Embedding-0.6B,4402d850-6825-4dde-b1b6-c84d47a2083a,16,20,agent,0.5809939503669739,0.03614457831325301,0.0,0.2053481936454773,-0.15441930294036865,,0,1
qwen32B-int4_airline_50runs,baseline,Qwen3-Embedding-0.6B,4402d850-6825-4dde-b1b6-c84d47a2083a,17,20,tool,,,,,,,0,1
qwen32B-int4_airline_50runs,baseline,Qwen3-Embedding-0.6B,4402d850-6825-4dde-b1b6-c84d47a2083a,18,20,agent,0.7894542813301086,0.28888888888888886,0.0,,,,0,1
qwen32B-int4_airline_50runs,baseline,Qwen3-Embedding-0.6B,4402d850-6825-4dde-b1b6-c84d47a2083a,19,20,user,,,,,,0.30137646198272705,0,1
qwen32B-int4_airline_50runs,baseline,Qwen3-Embedding-0.6B,f56744b4-1e6b-4325-8d15-91b1a1192256,0,26,agent,,,,,,,0,1
qwen32B-int4_airline_50runs,baseline,Qwen3-Embedding-0.6B,f56744b4-1e6b-4325-8d15-91b1a1192256,1,26,user,,,,,,0.7135679721832275,0,1
qwen32B-int4_airline_50runs,baseline,Qwen3-Embedding-0.6B,f56744b4-1e6b-4325-8d15-91b1a1192256,2,26,agent,0.2777230441570282,0.08333333333333333,0.0,,,,0,1
qwen32B-int4_airline_50runs,baseline,Qwen3-Embedding-0.6B,f56744b4-1e6b-4325-8d15-91b1a1192256,3,26,user,,,,,,0.2484549880027771,0,1
qwen32B-int4_airline_50runs,baseline,Qwen3-Embedding-0.6B,f56744b4-1e6b-4325-8d15-91b1a1192256,4,26,agent,0.457815945148468,0.01818181818181818,0.0,0.5147501826286316,-0.12698560357093813,,0,1
qwen32B-int4_airline_50runs,baseline,Qwen3-Embedding-0.6B,f56744b4-1e6b-4325-8d15-91b1a1192256,5,26,tool,,,,,,,0,1
qwen32B-int4_airline_50runs,baseline,Qwen3-Embedding-0.6B,f56744b4-1e6b-4325-8d15-91b1a1192256,6,26,agent,0.7741641402244568,0.2465753424657534,0.0,,,,0,1
qwen32B-int4_airline_50runs,baseline,Qwen3-Embedding-0.6B,f56744b4-1e6b-4325-8d15-91b1a1192256,7,26,user,,,,,,0.2289484739303589,0,1
qwen32B-int4_airline_50runs,baseline,Qwen3-Embedding-0.6B,f56744b4-1e6b-4325-8d15-91b1a1192256,8,26,agent,0.7095124125480652,0.4666666666666667,0.0,0.4451144337654114,-0.02566174268722532,,0,1
qwen32B-int4_airline_50runs,baseline,Qwen3-Embedding-0.6B,f56744b4-1e6b-4325-8d15-91b1a1192256,9,26,tool,,,,,,,0,1
qwen32B-int4_airline_50runs,baseline,Qwen3-Embedding-0.6B,f56744b4-1e6b-4325-8d15-91b1a1192256,10,26,agent,0.8284741640090942,0.4117647058823529,0.0,,,,0,1
qwen32B-int4_airline_50runs,baseline,Qwen3-Embedding-0.6B,f56744b4-1e6b-4325-8d15-91b1a1192256,11,26,user,,,,,,0.2593821883201599,0,1
qwen32B-int4_airline_50runs,baseline,Qwen3-Embedding-0.6B,f56744b4-1e6b-4325-8d15-91b1a1192256,12,26,agent,0.9982019066810608,0.6923076923076923,0.0,0.4483780264854431,-0.022751665115356423,,0,1
qwen32B-int4_airline_50runs,baseline,Qwen3-Embedding-0.6B,f56744b4-1e6b-4325-8d15-91b1a1192256,13,26,tool,,,,,,,0,1
qwen32B-int4_airline_50runs,baseline,Qwen3-Embedding-0.6B,f56744b4-1e6b-4325-8d15-91b1a1192256,14,26,agent,0.9991946220397949,0.6923076923076923,0.0,0.41748613119125366,-0.06294967532157897,,0,1
qwen32B-int4_airline_50runs,baseline,Qwen3-Embedding-0.6B,f56744b4-1e6b-4325-8d15-91b1a1192256,15,26,tool,,,,,,,0,1
qwen32B-int4_airline_50runs,baseline,Qwen3-Embedding-0.6B,f56744b4-1e6b-4325-8d15-91b1a1192256,16,26,agent,0.5470479726791382,0.024096385542168676,0.0,,,,0,1
qwen32B-int4_airline_50runs,baseline,Qwen3-Embedding-0.6B,f56744b4-1e6b-4325-8d15-91b1a1192256,17,26,user,,,,,,0.3057548999786377,0,1
qwen32B-int4_airline_50runs,baseline,Qwen3-Embedding-0.6B,f56744b4-1e6b-4325-8d15-91b1a1192256,18,26,agent,0.787097156047821,0.6923076923076923,0.6923076923076923,0.3624417781829834,-0.16252207159996035,,0,1
qwen32B-int4_airline_50runs,baseline,Qwen3-Embedding-0.6B,f56744b4-1e6b-4325-8d15-91b1a1192256,19,26,tool,,,,,,,0,1
qwen32B-int4_airline_50runs,baseline,Qwen3-Embedding-0.6B,f56744b4-1e6b-4325-8d15-91b1a1192256,20,26,agent,0.7684329748153687,0.35454545454545455,0.0,,,,0,1
qwen32B-int4_airline_50runs,baseline,Qwen3-Embedding-0.6B,f56744b4-1e6b-4325-8d15-91b1a1192256,21,26,user,,,,,,0.2089487910270691,0,1
qwen32B-int4_airline_50runs,baseline,Qwen3-Embedding-0.6B,f56744b4-1e6b-4325-8d15-91b1a1192256,22,26,agent,0.5712510347366333,0.3333333333333333,0.0,0.40168261528015137,0.05371229648590087,,0,1
qwen32B-int4_airline_50runs,baseline,Qwen3-Embedding-0.6B,f56744b4-1e6b-4325-8d15-91b1a1192256,23,26,tool,,,,,,,0,1
qwen32B-int4_airline_50runs,baseline,Qwen3-Embedding-0.6B,f56744b4-1e6b-4325-8d15-91b1a1192256,24,26,agent,0.7367444038391113,0.30973451327433627,0.0,,,,0,1
qwen32B-int4_airline_50runs,baseline,Qwen3-Embedding-0.6B,f56744b4-1e6b-4325-8d15-91b1a1192256,25,26,user,,,,,,0.262997031211853,0,1
qwen32B-int4_airline_50runs,baseline,Qwen3-Embedding-0.6B,6940dd25-d42a-42fc-888e-2f2658dc7a89,0,18,agent,,,,,,,0,0
qwen32B-int4_airline_50runs,baseline,Qwen3-Embedding-0.6B,6940dd25-d42a-42fc-888e-2f2658dc7a89,1,18,user,,,,,,0.6206145584583282,0,0
qwen32B-int4_airline_50runs,baseline,Qwen3-Embedding-0.6B,6940dd25-d42a-42fc-888e-2f2658dc7a89,2,18,agent,0.4169253408908844,0.061224489795918366,0.0,0.4188801050186157,-0.16625602046648658,,0,0
qwen32B-int4_airline_50runs,baseline,Qwen3-Embedding-0.6B,6940dd25-d42a-42fc-888e-2f2658dc7a89,3,18,tool,,,,,,,0,0
qwen32B-int4_airline_50runs,baseline,Qwen3-Embedding-0.6B,6940dd25-d42a-42fc-888e-2f2658dc7a89,4,18,agent,0.8096123337745667,0.22784810126582278,0.0,0.7389928996562958,0.22333592176437378,,0,0
qwen32B-int4_airline_50runs,baseline,Qwen3-Embedding-0.6B,6940dd25-d42a-42fc-888e-2f2658dc7a89,5,18,tool,,,,,,,0,0
qwen32B-int4_airline_50runs,baseline,Qwen3-Embedding-0.6B,6940dd25-d42a-42fc-888e-2f2658dc7a89,6,18,agent,0.6396353840827942,0.21311475409836064,0.0,0.3614891767501831,-0.27401394148667657,,0,0
qwen32B-int4_airline_50runs,baseline,Qwen3-Embedding-0.6B,6940dd25-d42a-42fc-888e-2f2658dc7a89,7,18,tool,,,,,,,0,0
qwen32B-int4_airline_50runs,baseline,Qwen3-Embedding-0.6B,6940dd25-d42a-42fc-888e-2f2658dc7a89,8,18,agent,0.7508882880210876,0.25,0.0,,,,0,0
qwen32B-int4_airline_50runs,baseline,Qwen3-Embedding-0.6B,6940dd25-d42a-42fc-888e-2f2658dc7a89,9,18,user,,,,,,0.3828924894332886,0,0
qwen32B-int4_airline_50runs,baseline,Qwen3-Embedding-0.6B,6940dd25-d42a-42fc-888e-2f2658dc7a89,10,18,agent,0.5673063397407532,0.2636363636363636,0.0,,,,0,0
qwen32B-int4_airline_50runs,baseline,Qwen3-Embedding-0.6B,6940dd25-d42a-42fc-888e-2f2658dc7a89,11,18,user,,,,,,0.2639259696006775,0,0
qwen32B-int4_airline_50runs,baseline,Qwen3-Embedding-0.6B,6940dd25-d42a-42fc-888e-2f2658dc7a89,12,18,agent,0.9190042018890381,0.6309523809523809,0.0,,,,0,0
qwen32B-int4_airline_50runs,baseline,Qwen3-Embedding-0.6B,6940dd25-d42a-42fc-888e-2f2658dc7a89,13,18,user,,,,,,0.20985573530197144,0,0
qwen32B-int4_airline_50runs,baseline,Qwen3-Embedding-0.6B,6940dd25-d42a-42fc-888e-2f2658dc7a89,14,18,agent,0.8251901268959045,0.31868131868131866,0.0,0.7269372940063477,0.17324561874071753,,0,0
qwen32B-int4_airline_50runs,baseline,Qwen3-Embedding-0.6B,6940dd25-d42a-42fc-888e-2f2658dc7a89,15,18,tool,,,,,,,0,0
qwen32B-int4_airline_50runs,baseline,Qwen3-Embedding-0.6B,6940dd25-d42a-42fc-888e-2f2658dc7a89,16,18,agent,0.3978087604045868,0.05128205128205128,0.0,,,,0,0
qwen32B-int4_airline_50runs,baseline,Qwen3-Embedding-0.6B,6940dd25-d42a-42fc-888e-2f2658dc7a89,17,18,user,,,,,,0.22931426763534546,0,0
qwen32B-int4_airline_50runs,baseline,Qwen3-Embedding-0.6B,d4a62128-65ad-40c5-88cb-df3289b6c6ee,0,54,agent,,,,,,,0,0
qwen32B-int4_airline_50runs,baseline,Qwen3-Embedding-0.6B,d4a62128-65ad-40c5-88cb-df3289b6c6ee,1,54,user,,,,,,0.5745964348316193,0,0
qwen32B-int4_airline_50runs,baseline,Qwen3-Embedding-0.6B,d4a62128-65ad-40c5-88cb-df3289b6c6ee,2,54,agent,0.35767656564712524,0.06896551724137931,0.0,0.34316062927246094,-0.24056347608566286,,0,0
qwen32B-int4_airline_50runs,baseline,Qwen3-Embedding-0.6B,d4a62128-65ad-40c5-88cb-df3289b6c6ee,3,54,tool,,,,,,,0,0
qwen32B-int4_airline_50runs,baseline,Qwen3-Embedding-0.6B,d4a62128-65ad-40c5-88cb-df3289b6c6ee,4,54,agent,0.8101187348365784,0.136986301369863,0.0,,,,0,0
qwen32B-int4_airline_50runs,baseline,Qwen3-Embedding-0.6B,d4a62128-65ad-40c5-88cb-df3289b6c6ee,5,54,user,,,,,,0.2439725399017334,0,0
qwen32B-int4_airline_50runs,baseline,Qwen3-Embedding-0.6B,d4a62128-65ad-40c5-88cb-df3289b6c6ee,6,54,agent,0.7559793591499329,0.24786324786324787,0.0,,,,0,0
qwen32B-int4_airline_50runs,baseline,Qwen3-Embedding-0.6B,d4a62128-65ad-40c5-88cb-df3289b6c6ee,7,54,user,,,,,,0.3854879140853882,0,0
qwen32B-int4_airline_50runs,baseline,Qwen3-Embedding-0.6B,d4a62128-65ad-40c5-88cb-df3289b6c6ee,8,54,agent,0.8817647099494934,0.34146341463414637,0.0,0.5243304073810577,-0.11456766923268635,,0,0
qwen32B-int4_airline_50runs,baseline,Qwen3-Embedding-0.6B,d4a62128-65ad-40c5-88cb-df3289b6c6ee,9,54,tool,,,,,,,0,0
qwen32B-int4_airline_50runs,baseline,Qwen3-Embedding-0.6B,d4a62128-65ad-40c5-88cb-df3289b6c6ee,10,54,agent,0.5490875840187073,0.2912621359223301,0.0,0.30643337965011597,-0.40041261216004687,,0,0
qwen32B-int4_airline_50runs,baseline,Qwen3-Embedding-0.6B,d4a62128-65ad-40c5-88cb-df3289b6c6ee,11,54,tool,,,,,,,0,0
qwen32B-int4_airline_50runs,baseline,Qwen3-Embedding-0.6B,d4a62128-65ad-40c5-88cb-df3289b6c6ee,12,54,agent,0.8344246745109558,0.5487804878048781,0.0,,,,0,0
qwen32B-int4_airline_50runs,baseline,Qwen3-Embedding-0.6B,d4a62128-65ad-40c5-88cb-df3289b6c6ee,13,54,user,,,,,,0.4129694104194641,0,0
qwen32B-int4_airline_50runs,baseline,Qwen3-Embedding-0.6B,d4a62128-65ad-40c5-88cb-df3289b6c6ee,14,54,agent,0.7720271348953247,0.26595744680851063,0.0,0.32277780771255493,-0.303143193324407,,0,0
qwen32B-int4_airline_50runs,baseline,Qwen3-Embedding-0.6B,d4a62128-65ad-40c5-88cb-df3289b6c6ee,15,54,tool,,,,,,,0,0
qwen32B-int4_airline_50runs,baseline,Qwen3-Embedding-0.6B,d4a62128-65ad-40c5-88cb-df3289b6c6ee,16,54,agent,0.7894216775894165,0.43617021276595747,0.0,,,,0,0
qwen32B-int4_airline_50runs,baseline,Qwen3-Embedding-0.6B,d4a62128-65ad-40c5-88cb-df3289b6c6ee,17,54,user,,,,,,0.31943660974502563,0,0
qwen32B-int4_airline_50runs,baseline,Qwen3-Embedding-0.6B,d4a62128-65ad-40c5-88cb-df3289b6c6ee,18,54,agent,0.7049958109855652,0.2878787878787879,0.0,,,,0,0
qwen32B-int4_airline_50runs,baseline,Qwen3-Embedding-0.6B,d4a62128-65ad-40c5-88cb-df3289b6c6ee,19,54,user,,,,,,0.23675137758255005,0,0
qwen32B-int4_airline_50runs,baseline,Qwen3-Embedding-0.6B,d4a62128-65ad-40c5-88cb-df3289b6c6ee,20,54,agent,0.8652285933494568,0.4295774647887324,0.0,,,,0,0
qwen32B-int4_airline_50runs,baseline,Qwen3-Embedding-0.6B,d4a62128-65ad-40c5-88cb-df3289b6c6ee,21,54,user,,,,,,0.16084450483322144,0,0
qwen32B-int4_airline_50runs,baseline,Qwen3-Embedding-0.6B,d4a62128-65ad-40c5-88cb-df3289b6c6ee,22,54,agent,0.8922688961029053,0.3826086956521739,0.0,,,,0,0
qwen32B-int4_airline_50runs,baseline,Qwen3-Embedding-0.6B,d4a62128-65ad-40c5-88cb-df3289b6c6ee,23,54,user,,,,,,0.5041302442550659,0,0
qwen32B-int4_airline_50runs,baseline,Qwen3-Embedding-0.6B,d4a62128-65ad-40c5-88cb-df3289b6c6ee,24,54,agent,0.9226713180541992,0.43661971830985913,0.0,0.6822284460067749,0.07511370778083803,,0,0
qwen32B-int4_airline_50runs,baseline,Qwen3-Embedding-0.6B,d4a62128-65ad-40c5-88cb-df3289b6c6ee,25,54,tool,,,,,,,0,0
qwen32B-int4_airline_50runs,baseline,Qwen3-Embedding-0.6B,d4a62128-65ad-40c5-88cb-df3289b6c6ee,26,54,agent,0.7997667789459229,0.24271844660194175,0.0,,,,0,0
qwen32B-int4_airline_50runs,baseline,Qwen3-Embedding-0.6B,d4a62128-65ad-40c5-88cb-df3289b6c6ee,27,54,user,,,,,,0.24067777395248413,0,0
qwen32B-int4_airline_50runs,baseline,Qwen3-Embedding-0.6B,d4a62128-65ad-40c5-88cb-df3289b6c6ee,28,54,agent,0.8681030869483948,0.5535714285714286,0.0,0.6226500272750854,0.08037018577257793,,0,0
qwen32B-int4_airline_50runs,baseline,Qwen3-Embedding-0.6B,d4a62128-65ad-40c5-88cb-df3289b6c6ee,29,54,tool,,,,,,,0,0
qwen32B-int4_airline_50runs,baseline,Qwen3-Embedding-0.6B,d4a62128-65ad-40c5-88cb-df3289b6c6ee,30,54,agent,0.6672184467315674,0.34210526315789475,0.0,,,,0,0
qwen32B-int4_airline_50runs,baseline,Qwen3-Embedding-0.6B,d4a62128-65ad-40c5-88cb-df3289b6c6ee,31,54,user,,,,,,0.3347380757331848,0,0
qwen32B-int4_airline_50runs,baseline,Qwen3-Embedding-0.6B,d4a62128-65ad-40c5-88cb-df3289b6c6ee,32,54,agent,0.984096884727478,0.9387755102040817,0.0,0.6179610192775726,0.08294548988342287,,0,0
qwen32B-int4_airline_50runs,baseline,Qwen3-Embedding-0.6B,d4a62128-65ad-40c5-88cb-df3289b6c6ee,33,54,tool,,,,,,,0,0
qwen32B-int4_airline_50runs,baseline,Qwen3-Embedding-0.6B,d4a62128-65ad-40c5-88cb-df3289b6c6ee,34,54,agent,0.7751557230949402,0.2878787878787879,0.0,0.5095922648906708,-0.03618547121683757,,0,0
qwen32B-int4_airline_50runs,baseline,Qwen3-Embedding-0.6B,d4a62128-65ad-40c5-88cb-df3289b6c6ee,35,54,tool,,,,,,,0,0
qwen32B-int4_airline_50runs,baseline,Qwen3-Embedding-0.6B,d4a62128-65ad-40c5-88cb-df3289b6c6ee,36,54,agent,0.7204877138137817,0.28735632183908044,0.0,0.4486615061759949,-0.05523712237675982,,0,0
qwen32B-int4_airline_50runs,baseline,Qwen3-Embedding-0.6B,d4a62128-65ad-40c5-88cb-df3289b6c6ee,37,54,tool,,,,,,,0,0
qwen32B-int4_airline_50runs,baseline,Qwen3-Embedding-0.6B,d4a62128-65ad-40c5-88cb-df3289b6c6ee,38,54,agent,0.8793219327926636,0.36904761904761907,0.0,0.4578700065612793,-0.054366552829742454,,0,0
qwen32B-int4_airline_50runs,baseline,Qwen3-Embedding-0.6B,d4a62128-65ad-40c5-88cb-df3289b6c6ee,39,54,tool,,,,,,,0,0
qwen32B-int4_airline_50runs,baseline,Qwen3-Embedding-0.6B,d4a62128-65ad-40c5-88cb-df3289b6c6ee,40,54,agent,0.9265989065170288,0.5522388059701493,0.0,0.4409976601600647,-0.0788755873839061,,0,0
qwen32B-int4_airline_50runs,baseline,Qwen3-Embedding-0.6B,d4a62128-65ad-40c5-88cb-df3289b6c6ee,41,54,tool,,,,,,,0,0
qwen32B-int4_airline_50runs,baseline,Qwen3-Embedding-0.6B,d4a62128-65ad-40c5-88cb-df3289b6c6ee,42,54,agent,0.910340428352356,0.4794520547945205,0.0,0.3539344072341919,-0.11844866375128427,,0,0
qwen32B-int4_airline_50runs,baseline,Qwen3-Embedding-0.6B,d4a62128-65ad-40c5-88cb-df3289b6c6ee,43,54,tool,,,,,,,0,0
qwen32B-int4_airline_50runs,baseline,Qwen3-Embedding-0.6B,d4a62128-65ad-40c5-88cb-df3289b6c6ee,44,54,agent,0.9524048566818237,0.631578947368421,0.0,0.44373196363449097,-0.07241912881533308,,0,0
qwen32B-int4_airline_50runs,baseline,Qwen3-Embedding-0.6B,d4a62128-65ad-40c5-88cb-df3289b6c6ee,45,54,tool,,,,,,,0,0
qwen32B-int4_airline_50runs,baseline,Qwen3-Embedding-0.6B,d4a62128-65ad-40c5-88cb-df3289b6c6ee,46,54,agent,0.9840847253799438,0.7471264367816092,0.0,0.4194662570953369,-0.08817103306452434,,0,0
qwen32B-int4_airline_50runs,baseline,Qwen3-Embedding-0.6B,d4a62128-65ad-40c5-88cb-df3289b6c6ee,47,54,tool,,,,,,,0,0
qwen32B-int4_airline_50runs,baseline,Qwen3-Embedding-0.6B,d4a62128-65ad-40c5-88cb-df3289b6c6ee,48,54,agent,0.880818247795105,0.6326530612244898,0.0,0.4322810173034668,-0.08361012339591978,,0,0
qwen32B-int4_airline_50runs,baseline,Qwen3-Embedding-0.6B,d4a62128-65ad-40c5-88cb-df3289b6c6ee,49,54,tool,,,,,,,0,0
qwen32B-int4_airline_50runs,baseline,Qwen3-Embedding-0.6B,d4a62128-65ad-40c5-88cb-df3289b6c6ee,50,54,agent,0.9180495142936707,0.5529411764705883,0.0,0.48799920082092285,-0.01756611069043479,,0,0
qwen32B-int4_airline_50runs,baseline,Qwen3-Embedding-0.6B,d4a62128-65ad-40c5-88cb-df3289b6c6ee,51,54,tool,,,,,,,0,0
qwen32B-int4_airline_50runs,baseline,Qwen3-Embedding-0.6B,d4a62128-65ad-40c5-88cb-df3289b6c6ee,52,54,agent,0.7880238890647888,0.3644859813084112,0.0,,,,0,0
qwen32B-int4_airline_50runs,baseline,Qwen3-Embedding-0.6B,d4a62128-65ad-40c5-88cb-df3289b6c6ee,53,54,user,,,,,,0.5390225052833557,0,0
qwen32B-int4_airline_50runs,baseline,Qwen3-Embedding-0.6B,b22bdbea-bd05-4647-9820-d467ab3a911a,0,22,agent,,,,,,,0,1
qwen32B-int4_airline_50runs,baseline,Qwen3-Embedding-0.6B,b22bdbea-bd05-4647-9820-d467ab3a911a,1,22,user,,,,,,0.5421538949012756,0,1
qwen32B-int4_airline_50runs,baseline,Qwen3-Embedding-0.6B,b22bdbea-bd05-4647-9820-d467ab3a911a,2,22,agent,0.21560198068618774,0.0851063829787234,0.0,,,,0,1
qwen32B-int4_airline_50runs,baseline,Qwen3-Embedding-0.6B,b22bdbea-bd05-4647-9820-d467ab3a911a,3,22,user,,,,,,0.12263643741607666,0,1
qwen32B-int4_airline_50runs,baseline,Qwen3-Embedding-0.6B,b22bdbea-bd05-4647-9820-d467ab3a911a,4,22,agent,0.6380600333213806,0.018518518518518517,0.0,0.441803514957428,0.010706841945648193,,0,1
qwen32B-int4_airline_50runs,baseline,Qwen3-Embedding-0.6B,b22bdbea-bd05-4647-9820-d467ab3a911a,5,22,tool,,,,,,,0,1
qwen32B-int4_airline_50runs,baseline,Qwen3-Embedding-0.6B,b22bdbea-bd05-4647-9820-d467ab3a911a,6,22,agent,0.9958752989768982,0.6923076923076923,0.0,0.4421369433403015,0.011164629459381126,,0,1
qwen32B-int4_airline_50runs,baseline,Qwen3-Embedding-0.6B,b22bdbea-bd05-4647-9820-d467ab3a911a,7,22,tool,,,,,,,0,1
qwen32B-int4_airline_50runs,baseline,Qwen3-Embedding-0.6B,b22bdbea-bd05-4647-9820-d467ab3a911a,8,22,agent,0.9979701042175293,0.6923076923076923,0.0,0.41803091764450073,-0.020846450328826927,,0,1
qwen32B-int4_airline_50runs,baseline,Qwen3-Embedding-0.6B,b22bdbea-bd05-4647-9820-d467ab3a911a,9,22,tool,,,,,,,0,1
qwen32B-int4_airline_50runs,baseline,Qwen3-Embedding-0.6B,b22bdbea-bd05-4647-9820-d467ab3a911a,10,22,agent,0.41400617361068726,0.019417475728155338,0.0,,,,0,1
qwen32B-int4_airline_50runs,baseline,Qwen3-Embedding-0.6B,b22bdbea-bd05-4647-9820-d467ab3a911a,11,22,user,,,,,,0.3358304500579834,0,1
qwen32B-int4_airline_50runs,baseline,Qwen3-Embedding-0.6B,b22bdbea-bd05-4647-9820-d467ab3a911a,12,22,agent,0.7820112109184265,0.24770642201834864,0.0,0.37121373414993286,-0.02294216156005857,,0,1
qwen32B-int4_airline_50runs,baseline,Qwen3-Embedding-0.6B,b22bdbea-bd05-4647-9820-d467ab3a911a,13,22,tool,,,,,,,0,1
qwen32B-int4_airline_50runs,baseline,Qwen3-Embedding-0.6B,b22bdbea-bd05-4647-9820-d467ab3a911a,14,22,agent,0.7760103344917297,0.16,0.0,0.4121726155281067,-0.0799082636833191,,0,1
qwen32B-int4_airline_50runs,baseline,Qwen3-Embedding-0.6B,b22bdbea-bd05-4647-9820-d467ab3a911a,15,22,tool,,,,,,,0,1
qwen32B-int4_airline_50runs,baseline,Qwen3-Embedding-0.6B,b22bdbea-bd05-4647-9820-d467ab3a911a,16,22,agent,0.8428202271461487,0.34782608695652173,0.0,,,,0,1
qwen32B-int4_airline_50runs,baseline,Qwen3-Embedding-0.6B,b22bdbea-bd05-4647-9820-d467ab3a911a,17,22,user,,,,,,0.1554783582687378,0,1
qwen32B-int4_airline_50runs,baseline,Qwen3-Embedding-0.6B,b22bdbea-bd05-4647-9820-d467ab3a911a,18,22,agent,0.7308791279792786,0.05714285714285714,0.0,0.22661727666854858,-0.031679105758667,,0,1
qwen32B-int4_airline_50runs,baseline,Qwen3-Embedding-0.6B,b22bdbea-bd05-4647-9820-d467ab3a911a,19,22,tool,,,,,,,0,1
qwen32B-int4_airline_50runs,baseline,Qwen3-Embedding-0.6B,b22bdbea-bd05-4647-9820-d467ab3a911a,20,22,agent,0.7630401253700256,0.39473684210526316,0.0,,,,0,1
qwen32B-int4_airline_50runs,baseline,Qwen3-Embedding-0.6B,b22bdbea-bd05-4647-9820-d467ab3a911a,21,22,user,,,,,,0.39148932695388794,0,1
qwen32B-int4_airline_50runs,baseline,Qwen3-Embedding-0.6B,2828e439-9b26-408c-81c4-e14f308b5efd,0,28,agent,,,,,,,0,1
qwen32B-int4_airline_50runs,baseline,Qwen3-Embedding-0.6B,2828e439-9b26-408c-81c4-e14f308b5efd,1,28,user,,,,,,0.4910556674003601,0,1
qwen32B-int4_airline_50runs,baseline,Qwen3-Embedding-0.6B,2828e439-9b26-408c-81c4-e14f308b5efd,2,28,agent,0.40813007950782776,0.08163265306122448,0.0,,,,0,1
qwen32B-int4_airline_50runs,baseline,Qwen3-Embedding-0.6B,2828e439-9b26-408c-81c4-e14f308b5efd,3,28,user,,,,,,0.2250990867614746,0,1
qwen32B-int4_airline_50runs,baseline,Qwen3-Embedding-0.6B,2828e439-9b26-408c-81c4-e14f308b5efd,4,28,agent,0.5100281834602356,0.017857142857142856,0.0,0.4782859683036804,-0.06340021491050718,,0,1
qwen32B-int4_airline_50runs,baseline,Qwen3-Embedding-0.6B,2828e439-9b26-408c-81c4-e14f308b5efd,5,28,tool,,,,,,,0,1
qwen32B-int4_airline_50runs,baseline,Qwen3-Embedding-0.6B,2828e439-9b26-408c-81c4-e14f308b5efd,6,28,agent,0.8741284608840942,0.24285714285714285,0.0,,,,0,1
qwen32B-int4_airline_50runs,baseline,Qwen3-Embedding-0.6B,2828e439-9b26-408c-81c4-e14f308b5efd,7,28,user,,,,,,0.5250847637653351,0,1
qwen32B-int4_airline_50runs,baseline,Qwen3-Embedding-0.6B,2828e439-9b26-408c-81c4-e14f308b5efd,8,28,agent,0.5134627819061279,0.3333333333333333,0.0,0.6335577070713043,0.213851535320282,,0,1
qwen32B-int4_airline_50runs,baseline,Qwen3-Embedding-0.6B,2828e439-9b26-408c-81c4-e14f308b5efd,9,28,tool,,,,,,,0,1
qwen32B-int4_airline_50runs,baseline,Qwen3-Embedding-0.6B,2828e439-9b26-408c-81c4-e14f308b5efd,10,28,agent,0.6745143532752991,0.1267605633802817,0.0,,,,0,1
qwen32B-int4_airline_50runs,baseline,Qwen3-Embedding-0.6B,2828e439-9b26-408c-81c4-e14f308b5efd,11,28,user,,,,,,0.3698906898498535,0,1
qwen32B-int4_airline_50runs,baseline,Qwen3-Embedding-0.6B,2828e439-9b26-408c-81c4-e14f308b5efd,12,28,agent,0.6507818102836609,0.2714285714285714,0.0,0.41164857149124146,-0.11335418224334715,,0,1
qwen32B-int4_airline_50runs,baseline,Qwen3-Embedding-0.6B,2828e439-9b26-408c-81c4-e14f308b5efd,13,28,tool,,,,,,,0,1
qwen32B-int4_airline_50runs,baseline,Qwen3-Embedding-0.6B,2828e439-9b26-408c-81c4-e14f308b5efd,14,28,agent,0.7232798337936401,0.18867924528301888,0.0,,,,0,1
qwen32B-int4_airline_50runs,baseline,Qwen3-Embedding-0.6B,2828e439-9b26-408c-81c4-e14f308b5efd,15,28,user,,,,,,0.2918946146965027,0,1
qwen32B-int4_airline_50runs,baseline,Qwen3-Embedding-0.6B,2828e439-9b26-408c-81c4-e14f308b5efd,16,28,agent,0.6858807802200317,0.2892561983471074,0.0,,,,0,1
qwen32B-int4_airline_50runs,baseline,Qwen3-Embedding-0.6B,2828e439-9b26-408c-81c4-e14f308b5efd,17,28,user,,,,,,0.21845585107803345,0,1
qwen32B-int4_airline_50runs,baseline,Qwen3-Embedding-0.6B,2828e439-9b26-408c-81c4-e14f308b5efd,18,28,agent,0.30347302556037903,0.011627906976744186,0.0,0.4834743142127991,-0.06266748309135439,,0,1
qwen32B-int4_airline_50runs,baseline,Qwen3-Embedding-0.6B,2828e439-9b26-408c-81c4-e14f308b5efd,19,28,tool,,,,,,,0,1
qwen32B-int4_airline_50runs,baseline,Qwen3-Embedding-0.6B,2828e439-9b26-408c-81c4-e14f308b5efd,20,28,agent,0.7649636268615723,0.29,0.0,0.39986592531204224,-0.020070183277130116,,0,1
qwen32B-int4_airline_50runs,baseline,Qwen3-Embedding-0.6B,2828e439-9b26-408c-81c4-e14f308b5efd,21,28,tool,,,,,,,0,1
qwen32B-int4_airline_50runs,baseline,Qwen3-Embedding-0.6B,2828e439-9b26-408c-81c4-e14f308b5efd,22,28,agent,0.785844624042511,0.2413793103448276,0.0,,,,0,1
qwen32B-int4_airline_50runs,baseline,Qwen3-Embedding-0.6B,2828e439-9b26-408c-81c4-e14f308b5efd,23,28,user,,,,,,0.26986074447631836,0,1
qwen32B-int4_airline_50runs,baseline,Qwen3-Embedding-0.6B,2828e439-9b26-408c-81c4-e14f308b5efd,24,28,agent,0.8472025990486145,0.2894736842105263,0.0,0.42988234758377075,-0.020791572332382213,,0,1
qwen32B-int4_airline_50runs,baseline,Qwen3-Embedding-0.6B,2828e439-9b26-408c-81c4-e14f308b5efd,25,28,tool,,,,,,,0,1
qwen32B-int4_airline_50runs,baseline,Qwen3-Embedding-0.6B,2828e439-9b26-408c-81c4-e14f308b5efd,26,28,agent,0.8543116450309753,0.42735042735042733,0.0,,,,0,1
qwen32B-int4_airline_50runs,baseline,Qwen3-Embedding-0.6B,2828e439-9b26-408c-81c4-e14f308b5efd,27,28,user,,,,,,0.5552555620670319,0,1
qwen32B-int4_airline_50runs,baseline,Qwen3-Embedding-0.6B,fb5331ce-98eb-4888-94ac-b1f2c5b667fd,0,38,agent,,,,,,,0,1
qwen32B-int4_airline_50runs,baseline,Qwen3-Embedding-0.6B,fb5331ce-98eb-4888-94ac-b1f2c5b667fd,1,38,user,,,,,,0.5706672966480255,0,1
qwen32B-int4_airline_50runs,baseline,Qwen3-Embedding-0.6B,fb5331ce-98eb-4888-94ac-b1f2c5b667fd,2,38,agent,0.3709268569946289,0.07692307692307693,0.0,,,,0,1
qwen32B-int4_airline_50runs,baseline,Qwen3-Embedding-0.6B,fb5331ce-98eb-4888-94ac-b1f2c5b667fd,3,38,user,,,,,,0.24675995111465454,0,1
qwen32B-int4_airline_50runs,baseline,Qwen3-Embedding-0.6B,fb5331ce-98eb-4888-94ac-b1f2c5b667fd,4,38,agent,0.47213214635849,0.0,0.0,0.4826647639274597,-0.10745854250022346,,0,1
qwen32B-int4_airline_50runs,baseline,Qwen3-Embedding-0.6B,fb5331ce-98eb-4888-94ac-b1f2c5b667fd,5,38,tool,,,,,,,0,1
qwen32B-int4_airline_50runs,baseline,Qwen3-Embedding-0.6B,fb5331ce-98eb-4888-94ac-b1f2c5b667fd,6,38,agent,0.837274968624115,0.25396825396825395,0.0,,,,0,1
qwen32B-int4_airline_50runs,baseline,Qwen3-Embedding-0.6B,fb5331ce-98eb-4888-94ac-b1f2c5b667fd,7,38,user,,,,,,0.3320385813713074,0,1
qwen32B-int4_airline_50runs,baseline,Qwen3-Embedding-0.6B,fb5331ce-98eb-4888-94ac-b1f2c5b667fd,8,38,agent,0.7672536373138428,0.18181818181818182,0.0,0.3960292339324951,0.020773568323680325,,0,1
qwen32B-int4_airline_50runs,baseline,Qwen3-Embedding-0.6B,fb5331ce-98eb-4888-94ac-b1f2c5b667fd,9,38,tool,,,,,,,0,1
qwen32B-int4_airline_50runs,baseline,Qwen3-Embedding-0.6B,fb5331ce-98eb-4888-94ac-b1f2c5b667fd,10,38,agent,0.8007965087890625,0.14492753623188406,0.0,0.37113940715789795,-0.07383212234292713,,0,1
qwen32B-int4_airline_50runs,baseline,Qwen3-Embedding-0.6B,fb5331ce-98eb-4888-94ac-b1f2c5b667fd,11,38,tool,,,,,,,0,1
qwen32B-int4_airline_50runs,baseline,Qwen3-Embedding-0.6B,fb5331ce-98eb-4888-94ac-b1f2c5b667fd,12,38,agent,0.8415985703468323,0.23255813953488372,0.0,0.5497575998306274,0.040569360767092055,,0,1
qwen32B-int4_airline_50runs,baseline,Qwen3-Embedding-0.6B,fb5331ce-98eb-4888-94ac-b1f2c5b667fd,13,38,tool,,,,,,,0,1
qwen32B-int4_airline_50runs,baseline,Qwen3-Embedding-0.6B,fb5331ce-98eb-4888-94ac-b1f2c5b667fd,14,38,agent,0.8311024904251099,0.9117647058823529,0.0,0.483284592628479,-0.017375143510954705,,0,1
qwen32B-int4_airline_50runs,baseline,Qwen3-Embedding-0.6B,fb5331ce-98eb-4888-94ac-b1f2c5b667fd,15,38,tool,,,,,,,0,1
qwen32B-int4_airline_50runs,baseline,Qwen3-Embedding-0.6B,fb5331ce-98eb-4888-94ac-b1f2c5b667fd,16,38,agent,0.8476541638374329,0.9090909090909091,0.0,0.5722976922988892,0.047522129757063714,,0,1
qwen32B-int4_airline_50runs,baseline,Qwen3-Embedding-0.6B,fb5331ce-98eb-4888-94ac-b1f2c5b667fd,17,38,tool,,,,,,,0,1
qwen32B-int4_airline_50runs,baseline,Qwen3-Embedding-0.6B,fb5331ce-98eb-4888-94ac-b1f2c5b667fd,18,38,agent,0.83064866065979,0.9117647058823529,0.0,0.41178297996520996,-0.05511753261089325,,0,1
qwen32B-int4_airline_50runs,baseline,Qwen3-Embedding-0.6B,fb5331ce-98eb-4888-94ac-b1f2c5b667fd,19,38,tool,,,,,,,0,1
qwen32B-int4_airline_50runs,baseline,Qwen3-Embedding-0.6B,fb5331ce-98eb-4888-94ac-b1f2c5b667fd,20,38,agent,0.877841055393219,0.9090909090909091,0.0,0.5355343818664551,0.005639067717960855,,0,1
qwen32B-int4_airline_50runs,baseline,Qwen3-Embedding-0.6B,fb5331ce-98eb-4888-94ac-b1f2c5b667fd,21,38,tool,,,,,,,0,1
qwen32B-int4_airline_50runs,baseline,Qwen3-Embedding-0.6B,fb5331ce-98eb-4888-94ac-b1f2c5b667fd,22,38,agent,0.8464361429214478,0.9393939393939394,0.0,0.43399709463119507,-0.05133751673357828,,0,1
qwen32B-int4_airline_50runs,baseline,Qwen3-Embedding-0.6B,fb5331ce-98eb-4888-94ac-b1f2c5b667fd,23,38,tool,,,,,,,0,1
qwen32B-int4_airline_50runs,baseline,Qwen3-Embedding-0.6B,fb5331ce-98eb-4888-94ac-b1f2c5b667fd,24,38,agent,0.8427352905273438,0.9090909090909091,0.0,0.5960201025009155,0.05774485852037159,,0,1
qwen32B-int4_airline_50runs,baseline,Qwen3-Embedding-0.6B,fb5331ce-98eb-4888-94ac-b1f2c5b667fd,25,38,tool,,,,,,,0,1
qwen32B-int4_airline_50runs,baseline,Qwen3-Embedding-0.6B,fb5331ce-98eb-4888-94ac-b1f2c5b667fd,26,38,agent,0.82338547706604,0.9393939393939394,0.0,0.43209201097488403,-0.0476499391453607,,0,1
qwen32B-int4_airline_50runs,baseline,Qwen3-Embedding-0.6B,fb5331ce-98eb-4888-94ac-b1f2c5b667fd,27,38,tool,,,,,,,0,1
qwen32B-int4_airline_50runs,baseline,Qwen3-Embedding-0.6B,fb5331ce-98eb-4888-94ac-b1f2c5b667fd,28,38,agent,0.8920844793319702,0.9090909090909091,0.0,0.5221522450447083,0.018597255860056228,,0,1
qwen32B-int4_airline_50runs,baseline,Qwen3-Embedding-0.6B,fb5331ce-98eb-4888-94ac-b1f2c5b667fd,29,38,tool,,,,,,,0,1
qwen32B-int4_airline_50runs,baseline,Qwen3-Embedding-0.6B,fb5331ce-98eb-4888-94ac-b1f2c5b667fd,30,38,agent,0.8772348165512085,0.9393939393939394,0.0,0.38615137338638306,-0.06958909545625958,,0,1
qwen32B-int4_airline_50runs,baseline,Qwen3-Embedding-0.6B,fb5331ce-98eb-4888-94ac-b1f2c5b667fd,31,38,tool,,,,,,,0,1
qwen32B-int4_airline_50runs,baseline,Qwen3-Embedding-0.6B,fb5331ce-98eb-4888-94ac-b1f2c5b667fd,32,38,agent,0.8867126703262329,0.8260869565217391,0.0,0.487699031829834,0.010884932109287815,,0,1
qwen32B-int4_airline_50runs,baseline,Qwen3-Embedding-0.6B,fb5331ce-98eb-4888-94ac-b1f2c5b667fd,33,38,tool,,,,,,,0,1
qwen32B-int4_airline_50runs,baseline,Qwen3-Embedding-0.6B,fb5331ce-98eb-4888-94ac-b1f2c5b667fd,34,38,agent,0.8426634073257446,0.6923076923076923,0.0,0.40689629316329956,-0.059699411903108845,,0,1
qwen32B-int4_airline_50runs,baseline,Qwen3-Embedding-0.6B,fb5331ce-98eb-4888-94ac-b1f2c5b667fd,35,38,tool,,,,,,,0,1
qwen32B-int4_airline_50runs,baseline,Qwen3-Embedding-0.6B,fb5331ce-98eb-4888-94ac-b1f2c5b667fd,36,38,agent,0.6997084617614746,0.2545454545454545,0.0,,,,0,1
qwen32B-int4_airline_50runs,baseline,Qwen3-Embedding-0.6B,fb5331ce-98eb-4888-94ac-b1f2c5b667fd,37,38,user,,,,,,0.7022567093372345,0,1
qwen32B-int4_airline_50runs,baseline,Qwen3-Embedding-0.6B,934a7dd7-2412-4b7b-9120-0b0c1f2a7458,0,18,agent,,,,,,,0,0
qwen32B-int4_airline_50runs,baseline,Qwen3-Embedding-0.6B,934a7dd7-2412-4b7b-9120-0b0c1f2a7458,1,18,user,,,,,,0.6608671545982361,0,0
qwen32B-int4_airline_50runs,baseline,Qwen3-Embedding-0.6B,934a7dd7-2412-4b7b-9120-0b0c1f2a7458,2,18,agent,0.2760883867740631,0.08108108108108109,0.0,,,,0,0
qwen32B-int4_airline_50runs,baseline,Qwen3-Embedding-0.6B,934a7dd7-2412-4b7b-9120-0b0c1f2a7458,3,18,user,,,,,,0.23777318000793457,0,0
qwen32B-int4_airline_50runs,baseline,Qwen3-Embedding-0.6B,934a7dd7-2412-4b7b-9120-0b0c1f2a7458,4,18,agent,0.7609520554542542,0.04,0.0,0.38159579038619995,-0.014089822769165039,,0,0
qwen32B-int4_airline_50runs,baseline,Qwen3-Embedding-0.6B,934a7dd7-2412-4b7b-9120-0b0c1f2a7458,5,18,tool,,,,,,,0,0
qwen32B-int4_airline_50runs,baseline,Qwen3-Embedding-0.6B,934a7dd7-2412-4b7b-9120-0b0c1f2a7458,6,18,agent,0.7541409134864807,0.18333333333333332,0.0,,,,0,0
qwen32B-int4_airline_50runs,baseline,Qwen3-Embedding-0.6B,934a7dd7-2412-4b7b-9120-0b0c1f2a7458,7,18,user,,,,,,0.3319733738899231,0,0
qwen32B-int4_airline_50runs,baseline,Qwen3-Embedding-0.6B,934a7dd7-2412-4b7b-9120-0b0c1f2a7458,8,18,agent,0.7708806395530701,0.23529411764705882,0.0,,,,0,0
qwen32B-int4_airline_50runs,baseline,Qwen3-Embedding-0.6B,934a7dd7-2412-4b7b-9120-0b0c1f2a7458,9,18,user,,,,,,0.22305095195770264,0,0
qwen32B-int4_airline_50runs,baseline,Qwen3-Embedding-0.6B,934a7dd7-2412-4b7b-9120-0b0c1f2a7458,10,18,agent,0.9462713599205017,0.40350877192982454,0.0,0.4206669330596924,-0.008660316467285156,,0,0
qwen32B-int4_airline_50runs,baseline,Qwen3-Embedding-0.6B,934a7dd7-2412-4b7b-9120-0b0c1f2a7458,11,18,tool,,,,,,,0,0
qwen32B-int4_airline_50runs,baseline,Qwen3-Embedding-0.6B,934a7dd7-2412-4b7b-9120-0b0c1f2a7458,12,18,agent,0.8982678055763245,0.36764705882352944,0.0,,,,0,0
qwen32B-int4_airline_50runs,baseline,Qwen3-Embedding-0.6B,934a7dd7-2412-4b7b-9120-0b0c1f2a7458,13,18,user,,,,,,0.15137749910354614,0,0
qwen32B-int4_airline_50runs,baseline,Qwen3-Embedding-0.6B,934a7dd7-2412-4b7b-9120-0b0c1f2a7458,14,18,agent,0.7930055260658264,0.16666666666666666,0.0,0.3981271982192993,0.012324213981628418,,0,0
qwen32B-int4_airline_50runs,baseline,Qwen3-Embedding-0.6B,934a7dd7-2412-4b7b-9120-0b0c1f2a7458,15,18,tool,,,,,,,0,0
qwen32B-int4_airline_50runs,baseline,Qwen3-Embedding-0.6B,934a7dd7-2412-4b7b-9120-0b0c1f2a7458,16,18,agent,0.7725962400436401,0.16216216216216217,0.0,,,,0,0
qwen32B-int4_airline_50runs,baseline,Qwen3-Embedding-0.6B,934a7dd7-2412-4b7b-9120-0b0c1f2a7458,17,18,user,,,,,,0.5428108870983124,0,0
qwen32B-int4_airline_50runs,baseline,Qwen3-Embedding-0.6B,0c9e1013-eb30-4ca9-b854-ee9a16e8562c,0,30,agent,,,,,,,0,1
qwen32B-int4_airline_50runs,baseline,Qwen3-Embedding-0.6B,0c9e1013-eb30-4ca9-b854-ee9a16e8562c,1,30,user,,,,,,0.5512170195579529,0,1
qwen32B-int4_airline_50runs,baseline,Qwen3-Embedding-0.6B,0c9e1013-eb30-4ca9-b854-ee9a16e8562c,2,30,agent,0.34612324833869934,0.1,0.0,,,,0,1
qwen32B-int4_airline_50runs,baseline,Qwen3-Embedding-0.6B,0c9e1013-eb30-4ca9-b854-ee9a16e8562c,3,30,user,,,,,,0.1858224868774414,0,1
qwen32B-int4_airline_50runs,baseline,Qwen3-Embedding-0.6B,0c9e1013-eb30-4ca9-b854-ee9a16e8562c,4,30,agent,0.539613664150238,0.027777777777777776,0.0,0.48255205154418945,-0.10044992963472998,,0,1
qwen32B-int4_airline_50runs,baseline,Qwen3-Embedding-0.6B,0c9e1013-eb30-4ca9-b854-ee9a16e8562c,5,30,tool,,,,,,,0,1
qwen32B-int4_airline_50runs,baseline,Qwen3-Embedding-0.6B,0c9e1013-eb30-4ca9-b854-ee9a16e8562c,6,30,agent,0.8561119437217712,0.22807017543859648,0.0,,,,0,1
qwen32B-int4_airline_50runs,baseline,Qwen3-Embedding-0.6B,0c9e1013-eb30-4ca9-b854-ee9a16e8562c,7,30,user,,,,,,0.27788758277893066,0,1
qwen32B-int4_airline_50runs,baseline,Qwen3-Embedding-0.6B,0c9e1013-eb30-4ca9-b854-ee9a16e8562c,8,30,agent,0.7023682594299316,0.4666666666666667,0.0,0.41936200857162476,-0.04356297519471908,,0,1
qwen32B-int4_airline_50runs,baseline,Qwen3-Embedding-0.6B,0c9e1013-eb30-4ca9-b854-ee9a16e8562c,9,30,tool,,,,,,,0,1
qwen32B-int4_airline_50runs,baseline,Qwen3-Embedding-0.6B,0c9e1013-eb30-4ca9-b854-ee9a16e8562c,10,30,agent,0.9874683022499084,0.6923076923076923,0.0,0.4560210108757019,0.0020033783382839565,,0,1
qwen32B-int4_airline_50runs,baseline,Qwen3-Embedding-0.6B,0c9e1013-eb30-4ca9-b854-ee9a16e8562c,11,30,tool,,,,,,,0,1
qwen32B-int4_airline_50runs,baseline,Qwen3-Embedding-0.6B,0c9e1013-eb30-4ca9-b854-ee9a16e8562c,12,30,agent,0.9982872605323792,0.6923076923076923,0.0,0.45650410652160645,-0.0023466216193305245,,0,1
qwen32B-int4_airline_50runs,baseline,Qwen3-Embedding-0.6B,0c9e1013-eb30-4ca9-b854-ee9a16e8562c,13,30,tool,,,,,,,0,1
qwen32B-int4_airline_50runs,baseline,Qwen3-Embedding-0.6B,0c9e1013-eb30-4ca9-b854-ee9a16e8562c,14,30,agent,0.9969515204429626,0.6923076923076923,0.0,0.4385979175567627,-0.016643597020043255,,0,1
qwen32B-int4_airline_50runs,baseline,Qwen3-Embedding-0.6B,0c9e1013-eb30-4ca9-b854-ee9a16e8562c,15,30,tool,,,,,,,0,1
qwen32B-int4_airline_50runs,baseline,Qwen3-Embedding-0.6B,0c9e1013-eb30-4ca9-b854-ee9a16e8562c,16,30,agent,0.9977493286132812,0.6923076923076923,0.0,0.4633446931838989,0.011032872729831278,,0,1
qwen32B-int4_airline_50runs,baseline,Qwen3-Embedding-0.6B,0c9e1013-eb30-4ca9-b854-ee9a16e8562c,17,30,tool,,,,,,,0,1
qwen32B-int4_airline_50runs,baseline,Qwen3-Embedding-0.6B,0c9e1013-eb30-4ca9-b854-ee9a16e8562c,18,30,agent,0.998435378074646,0.6923076923076923,0.0,0.44992882013320923,-0.00808321105109322,,0,1
qwen32B-int4_airline_50runs,baseline,Qwen3-Embedding-0.6B,0c9e1013-eb30-4ca9-b854-ee9a16e8562c,19,30,tool,,,,,,,0,1
qwen32B-int4_airline_50runs,baseline,Qwen3-Embedding-0.6B,0c9e1013-eb30-4ca9-b854-ee9a16e8562c,20,30,agent,0.9989013671875,0.6923076923076923,0.0,0.4227578043937683,-0.04001060459348893,,0,1
qwen32B-int4_airline_50runs,baseline,Qwen3-Embedding-0.6B,0c9e1013-eb30-4ca9-b854-ee9a16e8562c,21,30,tool,,,,,,,0,1
qwen32B-int4_airline_50runs,baseline,Qwen3-Embedding-0.6B,0c9e1013-eb30-4ca9-b854-ee9a16e8562c,22,30,agent,0.5970906615257263,0.04081632653061224,0.0,,,,0,1
qwen32B-int4_airline_50runs,baseline,Qwen3-Embedding-0.6B,0c9e1013-eb30-4ca9-b854-ee9a16e8562c,23,30,user,,,,,,0.3129414916038513,0,1
qwen32B-int4_airline_50runs,baseline,Qwen3-Embedding-0.6B,0c9e1013-eb30-4ca9-b854-ee9a16e8562c,24,30,agent,0.7838872075080872,0.5714285714285714,0.0,0.42928916215896606,-0.0456629859076606,,0,1
qwen32B-int4_airline_50runs,baseline,Qwen3-Embedding-0.6B,0c9e1013-eb30-4ca9-b854-ee9a16e8562c,25,30,tool,,,,,,,0,1
qwen32B-int4_airline_50runs,baseline,Qwen3-Embedding-0.6B,0c9e1013-eb30-4ca9-b854-ee9a16e8562c,26,30,agent,0.9943429231643677,0.6923076923076923,0.0,0.40283823013305664,-0.07668816381030613,,0,1
qwen32B-int4_airline_50runs,baseline,Qwen3-Embedding-0.6B,0c9e1013-eb30-4ca9-b854-ee9a16e8562c,27,30,tool,,,,,,,0,1
qwen32B-int4_airline_50runs,baseline,Qwen3-Embedding-0.6B,0c9e1013-eb30-4ca9-b854-ee9a16e8562c,28,30,agent,0.6381727457046509,0.018518518518518517,0.0,,,,0,1
qwen32B-int4_airline_50runs,baseline,Qwen3-Embedding-0.6B,0c9e1013-eb30-4ca9-b854-ee9a16e8562c,29,30,user,,,,,,0.37047863006591797,0,1
qwen32B-int4_airline_50runs,baseline,Qwen3-Embedding-0.6B,709ad87c-ee8c-434f-970c-3e06c7284dbc,0,28,agent,,,,,,,0,1
qwen32B-int4_airline_50runs,baseline,Qwen3-Embedding-0.6B,709ad87c-ee8c-434f-970c-3e06c7284dbc,1,28,user,,,,,,0.6179778575897217,0,1
qwen32B-int4_airline_50runs,baseline,Qwen3-Embedding-0.6B,709ad87c-ee8c-434f-970c-3e06c7284dbc,2,28,agent,0.43028226494789124,0.0,0.0,0.5357570946216583,-0.05433328284157646,,0,1
qwen32B-int4_airline_50runs,baseline,Qwen3-Embedding-0.6B,709ad87c-ee8c-434f-970c-3e06c7284dbc,3,28,tool,,,,,,,0,1
qwen32B-int4_airline_50runs,baseline,Qwen3-Embedding-0.6B,709ad87c-ee8c-434f-970c-3e06c7284dbc,4,28,agent,0.6825160384178162,0.04081632653061224,0.0,,,,0,1
qwen32B-int4_airline_50runs,baseline,Qwen3-Embedding-0.6B,709ad87c-ee8c-434f-970c-3e06c7284dbc,5,28,user,,,,,,0.5648813545703888,0,1
qwen32B-int4_airline_50runs,baseline,Qwen3-Embedding-0.6B,709ad87c-ee8c-434f-970c-3e06c7284dbc,6,28,agent,0.7431779503822327,0.4666666666666667,0.0,0.4543823003768921,-0.0009377565648820418,,0,1
qwen32B-int4_airline_50runs,baseline,Qwen3-Embedding-0.6B,709ad87c-ee8c-434f-970c-3e06c7284dbc,7,28,tool,,,,,,,0,1
qwen32B-int4_airline_50runs,baseline,Qwen3-Embedding-0.6B,709ad87c-ee8c-434f-970c-3e06c7284dbc,8,28,agent,0.9853225350379944,0.6923076923076923,0.0,0.4259783625602722,-0.03436239560445148,,0,1
qwen32B-int4_airline_50runs,baseline,Qwen3-Embedding-0.6B,709ad87c-ee8c-434f-970c-3e06c7284dbc,9,28,tool,,,,,,,0,1
qwen32B-int4_airline_50runs,baseline,Qwen3-Embedding-0.6B,709ad87c-ee8c-434f-970c-3e06c7284dbc,10,28,agent,0.9890775084495544,0.6923076923076923,0.0,0.48001980781555176,0.017729656563864826,,0,1
qwen32B-int4_airline_50runs,baseline,Qwen3-Embedding-0.6B,709ad87c-ee8c-434f-970c-3e06c7284dbc,11,28,tool,,,,,,,0,1
qwen32B-int4_airline_50runs,baseline,Qwen3-Embedding-0.6B,709ad87c-ee8c-434f-970c-3e06c7284dbc,12,28,agent,0.9954162240028381,0.6923076923076923,0.0,0.45652544498443604,-0.018492271502812685,,0,1
qwen32B-int4_airline_50runs,baseline,Qwen3-Embedding-0.6B,709ad87c-ee8c-434f-970c-3e06c7284dbc,13,28,tool,,,,,,,0,1
qwen32B-int4_airline_50runs,baseline,Qwen3-Embedding-0.6B,709ad87c-ee8c-434f-970c-3e06c7284dbc,14,28,agent,0.9957820773124695,0.6923076923076923,0.0,0.4401560425758362,-0.02850996785693699,,0,1
qwen32B-int4_airline_50runs,baseline,Qwen3-Embedding-0.6B,709ad87c-ee8c-434f-970c-3e06c7284dbc,15,28,tool,,,,,,,0,1
qwen32B-int4_airline_50runs,baseline,Qwen3-Embedding-0.6B,709ad87c-ee8c-434f-970c-3e06c7284dbc,16,28,agent,0.9953522086143494,0.6923076923076923,0.0,0.4339519739151001,-0.023098889324400185,,0,1
qwen32B-int4_airline_50runs,baseline,Qwen3-Embedding-0.6B,709ad87c-ee8c-434f-970c-3e06c7284dbc,17,28,tool,,,,,,,0,1
qwen32B-int4_airline_50runs,baseline,Qwen3-Embedding-0.6B,709ad87c-ee8c-434f-970c-3e06c7284dbc,18,28,agent,0.9957993030548096,0.6923076923076923,0.0,0.43694037199020386,-0.03555692897902596,,0,1
qwen32B-int4_airline_50runs,baseline,Qwen3-Embedding-0.6B,709ad87c-ee8c-434f-970c-3e06c7284dbc,19,28,tool,,,,,,,0,1
qwen32B-int4_airline_50runs,baseline,Qwen3-Embedding-0.6B,709ad87c-ee8c-434f-970c-3e06c7284dbc,20,28,agent,0.5222924947738647,0.009708737864077669,0.0,,,,0,1
qwen32B-int4_airline_50runs,baseline,Qwen3-Embedding-0.6B,709ad87c-ee8c-434f-970c-3e06c7284dbc,21,28,user,,,,,,0.22073841094970703,0,1
qwen32B-int4_airline_50runs,baseline,Qwen3-Embedding-0.6B,709ad87c-ee8c-434f-970c-3e06c7284dbc,22,28,agent,0.7770050168037415,0.5714285714285714,0.0,0.35995203256607056,-0.1257898575729794,,0,1
qwen32B-int4_airline_50runs,baseline,Qwen3-Embedding-0.6B,709ad87c-ee8c-434f-970c-3e06c7284dbc,23,28,tool,,,,,,,0,1
qwen32B-int4_airline_50runs,baseline,Qwen3-Embedding-0.6B,709ad87c-ee8c-434f-970c-3e06c7284dbc,24,28,agent,0.9927855730056763,0.6923076923076923,0.0,0.3987811207771301,-0.09626174304220414,,0,1
qwen32B-int4_airline_50runs,baseline,Qwen3-Embedding-0.6B,709ad87c-ee8c-434f-970c-3e06c7284dbc,25,28,tool,,,,,,,0,1
qwen32B-int4_airline_50runs,baseline,Qwen3-Embedding-0.6B,709ad87c-ee8c-434f-970c-3e06c7284dbc,26,28,agent,0.6464483141899109,0.017543859649122806,0.0,,,,0,1
qwen32B-int4_airline_50runs,baseline,Qwen3-Embedding-0.6B,709ad87c-ee8c-434f-970c-3e06c7284dbc,27,28,user,,,,,,0.5727156698703766,0,1
qwen32B-int4_airline_50runs,baseline,Qwen3-Embedding-0.6B,5355c4fe-e8f5-48cf-878e-335b9b86ac8f,0,22,agent,,,,,,,0,1
qwen32B-int4_airline_50runs,baseline,Qwen3-Embedding-0.6B,5355c4fe-e8f5-48cf-878e-335b9b86ac8f,1,22,user,,,,,,0.5778788626194,0,1
qwen32B-int4_airline_50runs,baseline,Qwen3-Embedding-0.6B,5355c4fe-e8f5-48cf-878e-335b9b86ac8f,2,22,agent,0.39436018466949463,0.13333333333333333,0.0,,,,0,1
qwen32B-int4_airline_50runs,baseline,Qwen3-Embedding-0.6B,5355c4fe-e8f5-48cf-878e-335b9b86ac8f,3,22,user,,,,,,0.37561964988708496,0,1
qwen32B-int4_airline_50runs,baseline,Qwen3-Embedding-0.6B,5355c4fe-e8f5-48cf-878e-335b9b86ac8f,4,22,agent,0.6387268304824829,0.02702702702702703,0.0,0.48686349391937256,-0.1117985785007477,,0,1
qwen32B-int4_airline_50runs,baseline,Qwen3-Embedding-0.6B,5355c4fe-e8f5-48cf-878e-335b9b86ac8f,5,22,tool,,,,,,,0,1
qwen32B-int4_airline_50runs,baseline,Qwen3-Embedding-0.6B,5355c4fe-e8f5-48cf-878e-335b9b86ac8f,6,22,agent,0.6760668754577637,0.2553191489361702,0.0,,,,0,1
qwen32B-int4_airline_50runs,baseline,Qwen3-Embedding-0.6B,5355c4fe-e8f5-48cf-878e-335b9b86ac8f,7,22,user,,,,,,0.07975810766220093,0,1
qwen32B-int4_airline_50runs,baseline,Qwen3-Embedding-0.6B,5355c4fe-e8f5-48cf-878e-335b9b86ac8f,8,22,agent,0.6523983478546143,0.4666666666666667,0.0,0.44198518991470337,-0.004209196567535378,,0,1
qwen32B-int4_airline_50runs,baseline,Qwen3-Embedding-0.6B,5355c4fe-e8f5-48cf-878e-335b9b86ac8f,9,22,tool,,,,,,,0,1
qwen32B-int4_airline_50runs,baseline,Qwen3-Embedding-0.6B,5355c4fe-e8f5-48cf-878e-335b9b86ac8f,10,22,agent,0.9976065158843994,0.6923076923076923,0.0,0.4524158835411072,0.008339488506317161,,0,1
qwen32B-int4_airline_50runs,baseline,Qwen3-Embedding-0.6B,5355c4fe-e8f5-48cf-878e-335b9b86ac8f,11,22,tool,,,,,,,0,1
qwen32B-int4_airline_50runs,baseline,Qwen3-Embedding-0.6B,5355c4fe-e8f5-48cf-878e-335b9b86ac8f,12,22,agent,0.998590350151062,0.6923076923076923,0.0,0.444543719291687,-0.0032522082328796387,,0,1
qwen32B-int4_airline_50runs,baseline,Qwen3-Embedding-0.6B,5355c4fe-e8f5-48cf-878e-335b9b86ac8f,13,22,tool,,,,,,,0,1
qwen32B-int4_airline_50runs,baseline,Qwen3-Embedding-0.6B,5355c4fe-e8f5-48cf-878e-335b9b86ac8f,14,22,agent,0.9984078407287598,0.6923076923076923,0.0,0.44209325313568115,-0.006572985649108909,,0,1
qwen32B-int4_airline_50runs,baseline,Qwen3-Embedding-0.6B,5355c4fe-e8f5-48cf-878e-335b9b86ac8f,15,22,tool,,,,,,,0,1
qwen32B-int4_airline_50runs,baseline,Qwen3-Embedding-0.6B,5355c4fe-e8f5-48cf-878e-335b9b86ac8f,16,22,agent,0.5862399935722351,0.031746031746031744,0.0,,,,0,1
qwen32B-int4_airline_50runs,baseline,Qwen3-Embedding-0.6B,5355c4fe-e8f5-48cf-878e-335b9b86ac8f,17,22,user,,,,,,0.26978200674057007,0,1
qwen32B-int4_airline_50runs,baseline,Qwen3-Embedding-0.6B,5355c4fe-e8f5-48cf-878e-335b9b86ac8f,18,22,agent,0.7856317162513733,0.6923076923076923,0.6923076923076923,0.37846195697784424,-0.10183914899826052,,0,1
qwen32B-int4_airline_50runs,baseline,Qwen3-Embedding-0.6B,5355c4fe-e8f5-48cf-878e-335b9b86ac8f,19,22,tool,,,,,,,0,1
qwen32B-int4_airline_50runs,baseline,Qwen3-Embedding-0.6B,5355c4fe-e8f5-48cf-878e-335b9b86ac8f,20,22,agent,0.8145275712013245,0.3,0.0,,,,0,1
qwen32B-int4_airline_50runs,baseline,Qwen3-Embedding-0.6B,5355c4fe-e8f5-48cf-878e-335b9b86ac8f,21,22,user,,,,,,0.6165557503700256,0,1
qwen32B-int4_airline_50runs,baseline,Qwen3-Embedding-0.6B,d64d1ea0-ee90-4a86-8482-0dcee71a5ead,0,20,agent,,,,,,,0,1
qwen32B-int4_airline_50runs,baseline,Qwen3-Embedding-0.6B,d64d1ea0-ee90-4a86-8482-0dcee71a5ead,1,20,user,,,,,,0.6727778315544128,0,1
qwen32B-int4_airline_50runs,baseline,Qwen3-Embedding-0.6B,d64d1ea0-ee90-4a86-8482-0dcee71a5ead,2,20,agent,0.3343380391597748,0.07142857142857142,0.0,0.448244571685791,-0.06528906524181366,,0,1
qwen32B-int4_airline_50runs,baseline,Qwen3-Embedding-0.6B,d64d1ea0-ee90-4a86-8482-0dcee71a5ead,3,20,tool,,,,,,,0,1
qwen32B-int4_airline_50runs,baseline,Qwen3-Embedding-0.6B,d64d1ea0-ee90-4a86-8482-0dcee71a5ead,4,20,agent,0.7118852138519287,0.2,0.0,0.6941864788532257,0.199320450425148,,0,1
qwen32B-int4_airline_50runs,baseline,Qwen3-Embedding-0.6B,d64d1ea0-ee90-4a86-8482-0dcee71a5ead,5,20,tool,,,,,,,0,1
qwen32B-int4_airline_50runs,baseline,Qwen3-Embedding-0.6B,d64d1ea0-ee90-4a86-8482-0dcee71a5ead,6,20,agent,0.47846153378486633,0.014492753623188406,0.0,0.536814421415329,0.07043399661779404,,0,1
qwen32B-int4_airline_50runs,baseline,Qwen3-Embedding-0.6B,d64d1ea0-ee90-4a86-8482-0dcee71a5ead,7,20,tool,,,,,,,0,1
qwen32B-int4_airline_50runs,baseline,Qwen3-Embedding-0.6B,d64d1ea0-ee90-4a86-8482-0dcee71a5ead,8,20,agent,0.6451064348220825,0.17647058823529413,0.0,,,,0,1
qwen32B-int4_airline_50runs,baseline,Qwen3-Embedding-0.6B,d64d1ea0-ee90-4a86-8482-0dcee71a5ead,9,20,user,,,,,,0.28994691371917725,0,1
qwen32B-int4_airline_50runs,baseline,Qwen3-Embedding-0.6B,d64d1ea0-ee90-4a86-8482-0dcee71a5ead,10,20,agent,0.7590411901473999,0.375,0.0,,,,0,1
qwen32B-int4_airline_50runs,baseline,Qwen3-Embedding-0.6B,d64d1ea0-ee90-4a86-8482-0dcee71a5ead,11,20,user,,,,,,0.20595508813858032,0,1
qwen32B-int4_airline_50runs,baseline,Qwen3-Embedding-0.6B,d64d1ea0-ee90-4a86-8482-0dcee71a5ead,12,20,agent,0.26414743065834045,0.012987012987012988,0.0,0.5075729489326477,-0.08338553458452225,,0,1
qwen32B-int4_airline_50runs,baseline,Qwen3-Embedding-0.6B,d64d1ea0-ee90-4a86-8482-0dcee71a5ead,13,20,tool,,,,,,,0,1
qwen32B-int4_airline_50runs,baseline,Qwen3-Embedding-0.6B,d64d1ea0-ee90-4a86-8482-0dcee71a5ead,14,20,agent,0.9136897325515747,0.44871794871794873,0.0,,,,0,1
qwen32B-int4_airline_50runs,baseline,Qwen3-Embedding-0.6B,d64d1ea0-ee90-4a86-8482-0dcee71a5ead,15,20,user,,,,,,0.28037476539611816,0,1
qwen32B-int4_airline_50runs,baseline,Qwen3-Embedding-0.6B,d64d1ea0-ee90-4a86-8482-0dcee71a5ead,16,20,agent,0.6264367699623108,0.09210526315789473,0.0,0.4157339930534363,-0.17811772227287292,,0,1
qwen32B-int4_airline_50runs,baseline,Qwen3-Embedding-0.6B,d64d1ea0-ee90-4a86-8482-0dcee71a5ead,17,20,tool,,,,,,,0,1
qwen32B-int4_airline_50runs,baseline,Qwen3-Embedding-0.6B,d64d1ea0-ee90-4a86-8482-0dcee71a5ead,18,20,agent,0.8886687159538269,0.38461538461538464,0.0,,,,0,1
qwen32B-int4_airline_50runs,baseline,Qwen3-Embedding-0.6B,d64d1ea0-ee90-4a86-8482-0dcee71a5ead,19,20,user,,,,,,0.5542441606521606,0,1
qwen32B-int4_airline_50runs,baseline,Qwen3-Embedding-0.6B,5f58e338-7fcf-4e46-a780-d158da6c240c,0,6,agent,,,,,,,0,0
qwen32B-int4_airline_50runs,baseline,Qwen3-Embedding-0.6B,5f58e338-7fcf-4e46-a780-d158da6c240c,1,6,user,,,,,,0.6400841176509857,0,0
qwen32B-int4_airline_50runs,baseline,Qwen3-Embedding-0.6B,5f58e338-7fcf-4e46-a780-d158da6c240c,2,6,agent,0.23629194498062134,0.031578947368421054,0.0,,,,0,0
qwen32B-int4_airline_50runs,baseline,Qwen3-Embedding-0.6B,5f58e338-7fcf-4e46-a780-d158da6c240c,3,6,user,,,,,,0.20230209827423096,0,0
qwen32B-int4_airline_50runs,baseline,Qwen3-Embedding-0.6B,5f58e338-7fcf-4e46-a780-d158da6c240c,4,6,agent,0.7343723773956299,0.3671875,0.0,,,,0,0
qwen32B-int4_airline_50runs,baseline,Qwen3-Embedding-0.6B,5f58e338-7fcf-4e46-a780-d158da6c240c,5,6,user,,,,,,0.7753332704305649,0,0
qwen32B-int4_airline_50runs,baseline,Qwen3-Embedding-0.6B,c8db6133-906e-429e-888e-ec553ec943d5,0,38,agent,,,,,,,0,1
qwen32B-int4_airline_50runs,baseline,Qwen3-Embedding-0.6B,c8db6133-906e-429e-888e-ec553ec943d5,1,38,user,,,,,,0.5604826807975769,0,1
qwen32B-int4_airline_50runs,baseline,Qwen3-Embedding-0.6B,c8db6133-906e-429e-888e-ec553ec943d5,2,38,agent,0.35578253865242004,0.0975609756097561,0.0,,,,0,1
qwen32B-int4_airline_50runs,baseline,Qwen3-Embedding-0.6B,c8db6133-906e-429e-888e-ec553ec943d5,3,38,user,,,,,,0.5376588404178619,0,1
qwen32B-int4_airline_50runs,baseline,Qwen3-Embedding-0.6B,c8db6133-906e-429e-888e-ec553ec943d5,4,38,agent,0.4411168694496155,0.020833333333333332,0.0,0.4787359833717346,-0.1641916647553444,,0,1
qwen32B-int4_airline_50runs,baseline,Qwen3-Embedding-0.6B,c8db6133-906e-429e-888e-ec553ec943d5,5,38,tool,,,,,,,0,1
qwen32B-int4_airline_50runs,baseline,Qwen3-Embedding-0.6B,c8db6133-906e-429e-888e-ec553ec943d5,6,38,agent,0.7430908679962158,0.2638888888888889,0.0,0.3435513377189636,-0.12430748343467712,,0,1
qwen32B-int4_airline_50runs,baseline,Qwen3-Embedding-0.6B,c8db6133-906e-429e-888e-ec553ec943d5,7,38,tool,,,,,,,0,1
qwen32B-int4_airline_50runs,baseline,Qwen3-Embedding-0.6B,c8db6133-906e-429e-888e-ec553ec943d5,8,38,agent,0.579831063747406,0.16981132075471697,0.0,,,,0,1
qwen32B-int4_airline_50runs,baseline,Qwen3-Embedding-0.6B,c8db6133-906e-429e-888e-ec553ec943d5,9,38,user,,,,,,0.40198808908462524,0,1
qwen32B-int4_airline_50runs,baseline,Qwen3-Embedding-0.6B,c8db6133-906e-429e-888e-ec553ec943d5,10,38,agent,0.49139824509620667,0.036585365853658534,0.0,0.6113298535346985,0.0837444871664047,,0,1
qwen32B-int4_airline_50runs,baseline,Qwen3-Embedding-0.6B,c8db6133-906e-429e-888e-ec553ec943d5,11,38,tool,,,,,,,0,1
qwen32B-int4_airline_50runs,baseline,Qwen3-Embedding-0.6B,c8db6133-906e-429e-888e-ec553ec943d5,12,38,agent,0.7002817392349243,0.20155038759689922,0.0,0.5275492370128632,-0.10226207971572876,,0,1
qwen32B-int4_airline_50runs,baseline,Qwen3-Embedding-0.6B,c8db6133-906e-429e-888e-ec553ec943d5,13,38,tool,,,,,,,0,1
qwen32B-int4_airline_50runs,baseline,Qwen3-Embedding-0.6B,c8db6133-906e-429e-888e-ec553ec943d5,14,38,agent,0.7910182476043701,0.36936936936936937,0.0,0.49373769760131836,-0.0780743733048439,,0,1
qwen32B-int4_airline_50runs,baseline,Qwen3-Embedding-0.6B,c8db6133-906e-429e-888e-ec553ec943d5,15,38,tool,,,,,,,0,1
qwen32B-int4_airline_50runs,baseline,Qwen3-Embedding-0.6B,c8db6133-906e-429e-888e-ec553ec943d5,16,38,agent,0.7457844614982605,0.3125,0.0,,,,0,1
qwen32B-int4_airline_50runs,baseline,Qwen3-Embedding-0.6B,c8db6133-906e-429e-888e-ec553ec943d5,17,38,user,,,,,,0.272327721118927,0,1
qwen32B-int4_airline_50runs,baseline,Qwen3-Embedding-0.6B,c8db6133-906e-429e-888e-ec553ec943d5,18,38,agent,0.40316930413246155,0.012195121951219513,0.0,0.5407374799251556,0.06180392056703565,,0,1
qwen32B-int4_airline_50runs,baseline,Qwen3-Embedding-0.6B,c8db6133-906e-429e-888e-ec553ec943d5,19,38,tool,,,,,,,0,1
qwen32B-int4_airline_50runs,baseline,Qwen3-Embedding-0.6B,c8db6133-906e-429e-888e-ec553ec943d5,20,38,agent,0.9963716268539429,0.6666666666666666,0.0,0.5288278460502625,0.05573912113904955,,0,1
qwen32B-int4_airline_50runs,baseline,Qwen3-Embedding-0.6B,c8db6133-906e-429e-888e-ec553ec943d5,21,38,tool,,,,,,,0,1
qwen32B-int4_airline_50runs,baseline,Qwen3-Embedding-0.6B,c8db6133-906e-429e-888e-ec553ec943d5,22,38,agent,0.45852547883987427,0.0,0.0,0.3642303943634033,-0.14617741554975505,,0,1
qwen32B-int4_airline_50runs,baseline,Qwen3-Embedding-0.6B,c8db6133-906e-429e-888e-ec553ec943d5,23,38,tool,,,,,,,0,1
qwen32B-int4_airline_50runs,baseline,Qwen3-Embedding-0.6B,c8db6133-906e-429e-888e-ec553ec943d5,24,38,agent,0.6433947086334229,0.23809523809523808,0.0,0.2912566661834717,-0.28148531466722493,,0,1
qwen32B-int4_airline_50runs,baseline,Qwen3-Embedding-0.6B,c8db6133-906e-429e-888e-ec553ec943d5,25,38,tool,,,,,,,0,1
qwen32B-int4_airline_50runs,baseline,Qwen3-Embedding-0.6B,c8db6133-906e-429e-888e-ec553ec943d5,26,38,agent,0.8597681522369385,0.47619047619047616,0.0,,,,0,1
qwen32B-int4_airline_50runs,baseline,Qwen3-Embedding-0.6B,c8db6133-906e-429e-888e-ec553ec943d5,27,38,user,,,,,,0.19262969493865967,0,1
qwen32B-int4_airline_50runs,baseline,Qwen3-Embedding-0.6B,c8db6133-906e-429e-888e-ec553ec943d5,28,38,agent,0.813939094543457,0.2857142857142857,0.0,,,,0,1
qwen32B-int4_airline_50runs,baseline,Qwen3-Embedding-0.6B,c8db6133-906e-429e-888e-ec553ec943d5,29,38,user,,,,,,0.29520630836486816,0,1
qwen32B-int4_airline_50runs,baseline,Qwen3-Embedding-0.6B,c8db6133-906e-429e-888e-ec553ec943d5,30,38,agent,0.3913899064064026,0.0,0.0,0.41744107007980347,-0.14228177517652507,,0,1
qwen32B-int4_airline_50runs,baseline,Qwen3-Embedding-0.6B,c8db6133-906e-429e-888e-ec553ec943d5,31,38,tool,,,,,,,0,1
qwen32B-int4_airline_50runs,baseline,Qwen3-Embedding-0.6B,c8db6133-906e-429e-888e-ec553ec943d5,32,38,agent,0.8610527515411377,0.3170731707317073,0.0,,,,0,1
qwen32B-int4_airline_50runs,baseline,Qwen3-Embedding-0.6B,c8db6133-906e-429e-888e-ec553ec943d5,33,38,user,,,,,,0.20698928833007812,0,1
qwen32B-int4_airline_50runs,baseline,Qwen3-Embedding-0.6B,c8db6133-906e-429e-888e-ec553ec943d5,34,38,agent,0.6870314478874207,0.36,0.0,0.29050350189208984,-0.14256521910429,,0,1
qwen32B-int4_airline_50runs,baseline,Qwen3-Embedding-0.6B,c8db6133-906e-429e-888e-ec553ec943d5,35,38,tool,,,,,,,0,1
qwen32B-int4_airline_50runs,baseline,Qwen3-Embedding-0.6B,c8db6133-906e-429e-888e-ec553ec943d5,36,38,agent,0.8388948440551758,0.31958762886597936,0.0,,,,0,1
qwen32B-int4_airline_50runs,baseline,Qwen3-Embedding-0.6B,c8db6133-906e-429e-888e-ec553ec943d5,37,38,user,,,,,,0.7657569944858551,0,1
qwen32B-int4_airline_50runs,baseline,Qwen3-Embedding-0.6B,b0e59e19-f444-4f39-a0f4-df7985ba542f,0,10,agent,,,,,,,0,1
qwen32B-int4_airline_50runs,baseline,Qwen3-Embedding-0.6B,b0e59e19-f444-4f39-a0f4-df7985ba542f,1,10,user,,,,,,0.6376669704914093,0,1
qwen32B-int4_airline_50runs,baseline,Qwen3-Embedding-0.6B,b0e59e19-f444-4f39-a0f4-df7985ba542f,2,10,agent,0.3032756447792053,0.06,0.0,,,,0,1
qwen32B-int4_airline_50runs,baseline,Qwen3-Embedding-0.6B,b0e59e19-f444-4f39-a0f4-df7985ba542f,3,10,user,,,,,,0.2450951337814331,0,1
qwen32B-int4_airline_50runs,baseline,Qwen3-Embedding-0.6B,b0e59e19-f444-4f39-a0f4-df7985ba542f,4,10,agent,0.5857052206993103,0.017857142857142856,0.0,0.3944098949432373,,,0,1
qwen32B-int4_airline_50runs,baseline,Qwen3-Embedding-0.6B,b0e59e19-f444-4f39-a0f4-df7985ba542f,5,10,tool,,,,,,,0,1
qwen32B-int4_airline_50runs,baseline,Qwen3-Embedding-0.6B,b0e59e19-f444-4f39-a0f4-df7985ba542f,6,10,agent,0.6875513792037964,0.21333333333333335,0.0,,,,0,1
qwen32B-int4_airline_50runs,baseline,Qwen3-Embedding-0.6B,b0e59e19-f444-4f39-a0f4-df7985ba542f,7,10,user,,,,,,0.39583730697631836,0,1
qwen32B-int4_airline_50runs,baseline,Qwen3-Embedding-0.6B,b0e59e19-f444-4f39-a0f4-df7985ba542f,8,10,agent,0.6444775462150574,0.38235294117647056,0.0,,,,0,1
qwen32B-int4_airline_50runs,baseline,Qwen3-Embedding-0.6B,b0e59e19-f444-4f39-a0f4-df7985ba542f,9,10,user,,,,,,0.4105128049850464,0,1
qwen32B-int4_airline_50runs,baseline,Qwen3-Embedding-0.6B,e5edbc75-61b8-46cd-9b71-ad7f91ffa2b1,0,12,agent,,,,,,,0,1
qwen32B-int4_airline_50runs,baseline,Qwen3-Embedding-0.6B,e5edbc75-61b8-46cd-9b71-ad7f91ffa2b1,1,12,user,,,,,,0.5800386667251587,0,1
qwen32B-int4_airline_50runs,baseline,Qwen3-Embedding-0.6B,e5edbc75-61b8-46cd-9b71-ad7f91ffa2b1,2,12,agent,0.33328473567962646,0.05660377358490566,0.0,,,,0,1
qwen32B-int4_airline_50runs,baseline,Qwen3-Embedding-0.6B,e5edbc75-61b8-46cd-9b71-ad7f91ffa2b1,3,12,user,,,,,,0.22923970222473145,0,1
qwen32B-int4_airline_50runs,baseline,Qwen3-Embedding-0.6B,e5edbc75-61b8-46cd-9b71-ad7f91ffa2b1,4,12,agent,0.7706959247589111,0.01694915254237288,0.0,0.393726646900177,,,0,1
qwen32B-int4_airline_50runs,baseline,Qwen3-Embedding-0.6B,e5edbc75-61b8-46cd-9b71-ad7f91ffa2b1,5,12,tool,,,,,,,0,1
qwen32B-int4_airline_50runs,baseline,Qwen3-Embedding-0.6B,e5edbc75-61b8-46cd-9b71-ad7f91ffa2b1,6,12,agent,0.763252854347229,0.26666666666666666,0.0,,,,0,1
qwen32B-int4_airline_50runs,baseline,Qwen3-Embedding-0.6B,e5edbc75-61b8-46cd-9b71-ad7f91ffa2b1,7,12,user,,,,,,0.1950257420539856,0,1
qwen32B-int4_airline_50runs,baseline,Qwen3-Embedding-0.6B,e5edbc75-61b8-46cd-9b71-ad7f91ffa2b1,8,12,agent,0.8593847751617432,0.515625,0.0,,,,0,1
qwen32B-int4_airline_50runs,baseline,Qwen3-Embedding-0.6B,e5edbc75-61b8-46cd-9b71-ad7f91ffa2b1,9,12,user,,,,,,0.6711350083351135,0,1
qwen32B-int4_airline_50runs,baseline,Qwen3-Embedding-0.6B,e5edbc75-61b8-46cd-9b71-ad7f91ffa2b1,10,12,agent,0.3203977346420288,0.13636363636363635,0.0,,,,0,1
qwen32B-int4_airline_50runs,baseline,Qwen3-Embedding-0.6B,e5edbc75-61b8-46cd-9b71-ad7f91ffa2b1,11,12,user,,,,,,0.3894904851913452,0,1
qwen32B-int4_airline_50runs,baseline,Qwen3-Embedding-0.6B,924cda17-2d2e-4674-911b-385d8be5ca81,0,52,agent,,,,,,,0,1
qwen32B-int4_airline_50runs,baseline,Qwen3-Embedding-0.6B,924cda17-2d2e-4674-911b-385d8be5ca81,1,52,user,,,,,,0.6707417666912079,0,1
qwen32B-int4_airline_50runs,baseline,Qwen3-Embedding-0.6B,924cda17-2d2e-4674-911b-385d8be5ca81,2,52,agent,0.287100613117218,0.05714285714285714,0.0,0.3282380700111389,-0.2870632588863373,,0,1
qwen32B-int4_airline_50runs,baseline,Qwen3-Embedding-0.6B,924cda17-2d2e-4674-911b-385d8be5ca81,3,52,tool,,,,,,,0,1
qwen32B-int4_airline_50runs,baseline,Qwen3-Embedding-0.6B,924cda17-2d2e-4674-911b-385d8be5ca81,4,52,agent,0.5593683123588562,0.20634920634920634,0.0,0.4489145874977112,-0.28209787408510845,,0,1
qwen32B-int4_airline_50runs,baseline,Qwen3-Embedding-0.6B,924cda17-2d2e-4674-911b-385d8be5ca81,5,52,tool,,,,,,,0,1
qwen32B-int4_airline_50runs,baseline,Qwen3-Embedding-0.6B,924cda17-2d2e-4674-911b-385d8be5ca81,6,52,agent,0.7586373090744019,0.24705882352941178,0.0,,,,0,1
qwen32B-int4_airline_50runs,baseline,Qwen3-Embedding-0.6B,924cda17-2d2e-4674-911b-385d8be5ca81,7,52,user,,,,,,0.2819615602493286,0,1
qwen32B-int4_airline_50runs,baseline,Qwen3-Embedding-0.6B,924cda17-2d2e-4674-911b-385d8be5ca81,8,52,agent,0.8423352241516113,0.39705882352941174,0.0,0.282728374004364,-0.3782001634438833,,0,1
qwen32B-int4_airline_50runs,baseline,Qwen3-Embedding-0.6B,924cda17-2d2e-4674-911b-385d8be5ca81,9,52,tool,,,,,,,0,1
qwen32B-int4_airline_50runs,baseline,Qwen3-Embedding-0.6B,924cda17-2d2e-4674-911b-385d8be5ca81,10,52,agent,0.8817071318626404,0.5060240963855421,0.0,,,,0,1
qwen32B-int4_airline_50runs,baseline,Qwen3-Embedding-0.6B,924cda17-2d2e-4674-911b-385d8be5ca81,11,52,user,,,,,,0.4237326383590698,0,1
qwen32B-int4_airline_50runs,baseline,Qwen3-Embedding-0.6B,924cda17-2d2e-4674-911b-385d8be5ca81,12,52,agent,0.6561934947967529,0.2808988764044944,0.0,,,,0,1
qwen32B-int4_airline_50runs,baseline,Qwen3-Embedding-0.6B,924cda17-2d2e-4674-911b-385d8be5ca81,13,52,user,,,,,,0.3502596616744995,0,1
qwen32B-int4_airline_50runs,baseline,Qwen3-Embedding-0.6B,924cda17-2d2e-4674-911b-385d8be5ca81,14,52,agent,0.7411485910415649,0.30526315789473685,0.0,0.41691339015960693,-0.2425754259030024,,0,1
qwen32B-int4_airline_50runs,baseline,Qwen3-Embedding-0.6B,924cda17-2d2e-4674-911b-385d8be5ca81,15,52,tool,,,,,,,0,1
qwen32B-int4_airline_50runs,baseline,Qwen3-Embedding-0.6B,924cda17-2d2e-4674-911b-385d8be5ca81,16,52,agent,0.8091704845428467,0.2708333333333333,0.0,,,,0,1
qwen32B-int4_airline_50runs,baseline,Qwen3-Embedding-0.6B,924cda17-2d2e-4674-911b-385d8be5ca81,17,52,user,,,,,,0.1818867325782776,0,1
qwen32B-int4_airline_50runs,baseline,Qwen3-Embedding-0.6B,924cda17-2d2e-4674-911b-385d8be5ca81,18,52,agent,0.8821570873260498,0.35135135135135137,0.0,0.6019236743450165,0.041562408208847046,,0,1
qwen32B-int4_airline_50runs,baseline,Qwen3-Embedding-0.6B,924cda17-2d2e-4674-911b-385d8be5ca81,19,52,tool,,,,,,,0,1
qwen32B-int4_airline_50runs,baseline,Qwen3-Embedding-0.6B,924cda17-2d2e-4674-911b-385d8be5ca81,20,52,agent,0.8312238454818726,0.24603174603174602,0.0,,,,0,1
qwen32B-int4_airline_50runs,baseline,Qwen3-Embedding-0.6B,924cda17-2d2e-4674-911b-385d8be5ca81,21,52,user,,,,,,0.3863205909729004,0,1
qwen32B-int4_airline_50runs,baseline,Qwen3-Embedding-0.6B,924cda17-2d2e-4674-911b-385d8be5ca81,22,52,agent,0.8992679119110107,0.3870967741935484,0.0,0.6060775518417358,0.07200933496157325,,0,1
qwen32B-int4_airline_50runs,baseline,Qwen3-Embedding-0.6B,924cda17-2d2e-4674-911b-385d8be5ca81,23,52,tool,,,,,,,0,1
qwen32B-int4_airline_50runs,baseline,Qwen3-Embedding-0.6B,924cda17-2d2e-4674-911b-385d8be5ca81,24,52,agent,0.5248873829841614,0.21621621621621623,0.0,,,,0,1
qwen32B-int4_airline_50runs,baseline,Qwen3-Embedding-0.6B,924cda17-2d2e-4674-911b-385d8be5ca81,25,52,user,,,,,,0.09431785345077515,0,1
qwen32B-int4_airline_50runs,baseline,Qwen3-Embedding-0.6B,924cda17-2d2e-4674-911b-385d8be5ca81,26,52,agent,0.9003742337226868,0.5476190476190477,0.0,0.5328651666641235,-0.0026991307735443337,,0,1
qwen32B-int4_airline_50runs,baseline,Qwen3-Embedding-0.6B,924cda17-2d2e-4674-911b-385d8be5ca81,27,52,tool,,,,,,,0,1
qwen32B-int4_airline_50runs,baseline,Qwen3-Embedding-0.6B,924cda17-2d2e-4674-911b-385d8be5ca81,28,52,agent,0.8645559549331665,0.3157894736842105,0.0,0.44571173191070557,-0.0680069357156754,,0,1
qwen32B-int4_airline_50runs,baseline,Qwen3-Embedding-0.6B,924cda17-2d2e-4674-911b-385d8be5ca81,29,52,tool,,,,,,,0,1
qwen32B-int4_airline_50runs,baseline,Qwen3-Embedding-0.6B,924cda17-2d2e-4674-911b-385d8be5ca81,30,52,agent,0.8575648665428162,0.3125,0.0,,,,0,1
qwen32B-int4_airline_50runs,baseline,Qwen3-Embedding-0.6B,924cda17-2d2e-4674-911b-385d8be5ca81,31,52,user,,,,,,0.19237792491912842,0,1
qwen32B-int4_airline_50runs,baseline,Qwen3-Embedding-0.6B,924cda17-2d2e-4674-911b-385d8be5ca81,32,52,agent,0.8895121812820435,0.3246753246753247,0.0,0.493863046169281,-0.017743978897730495,,0,1
qwen32B-int4_airline_50runs,baseline,Qwen3-Embedding-0.6B,924cda17-2d2e-4674-911b-385d8be5ca81,33,52,tool,,,,,,,0,1
qwen32B-int4_airline_50runs,baseline,Qwen3-Embedding-0.6B,924cda17-2d2e-4674-911b-385d8be5ca81,34,52,agent,0.9504443407058716,0.5,0.0,0.4312341809272766,-0.04074881076812742,,0,1
qwen32B-int4_airline_50runs,baseline,Qwen3-Embedding-0.6B,924cda17-2d2e-4674-911b-385d8be5ca81,35,52,tool,,,,,,,0,1
qwen32B-int4_airline_50runs,baseline,Qwen3-Embedding-0.6B,924cda17-2d2e-4674-911b-385d8be5ca81,36,52,agent,0.882514476776123,0.4823529411764706,0.0,,,,0,1
qwen32B-int4_airline_50runs,baseline,Qwen3-Embedding-0.6B,924cda17-2d2e-4674-911b-385d8be5ca81,37,52,user,,,,,,0.2075062394142151,0,1
qwen32B-int4_airline_50runs,baseline,Qwen3-Embedding-0.6B,924cda17-2d2e-4674-911b-385d8be5ca81,38,52,agent,0.931685209274292,0.4153846153846154,0.0,0.47535550594329834,-0.022674783070882165,,0,1
qwen32B-int4_airline_50runs,baseline,Qwen3-Embedding-0.6B,924cda17-2d2e-4674-911b-385d8be5ca81,39,52,tool,,,,,,,0,1
qwen32B-int4_airline_50runs,baseline,Qwen3-Embedding-0.6B,924cda17-2d2e-4674-911b-385d8be5ca81,40,52,agent,0.9106987714767456,0.5930232558139535,0.0,0.35105299949645996,-0.09585723678270974,,0,1
qwen32B-int4_airline_50runs,baseline,Qwen3-Embedding-0.6B,924cda17-2d2e-4674-911b-385d8be5ca81,41,52,tool,,,,,,,0,1
qwen32B-int4_airline_50runs,baseline,Qwen3-Embedding-0.6B,924cda17-2d2e-4674-911b-385d8be5ca81,42,52,agent,0.9519175291061401,0.5641025641025641,0.0,0.3432219624519348,-0.08888617356618245,,0,1
qwen32B-int4_airline_50runs,baseline,Qwen3-Embedding-0.6B,924cda17-2d2e-4674-911b-385d8be5ca81,43,52,tool,,,,,,,0,1
qwen32B-int4_airline_50runs,baseline,Qwen3-Embedding-0.6B,924cda17-2d2e-4674-911b-385d8be5ca81,44,52,agent,0.9430822730064392,0.5833333333333334,0.0,0.43573248386383057,-0.05326859553654989,,0,1
qwen32B-int4_airline_50runs,baseline,Qwen3-Embedding-0.6B,924cda17-2d2e-4674-911b-385d8be5ca81,45,52,tool,,,,,,,0,1
qwen32B-int4_airline_50runs,baseline,Qwen3-Embedding-0.6B,924cda17-2d2e-4674-911b-385d8be5ca81,46,52,agent,0.9803131818771362,0.7222222222222222,0.7222222222222222,0.4017530679702759,-0.07283455530802407,,0,1
qwen32B-int4_airline_50runs,baseline,Qwen3-Embedding-0.6B,924cda17-2d2e-4674-911b-385d8be5ca81,47,52,tool,,,,,,,0,1
qwen32B-int4_airline_50runs,baseline,Qwen3-Embedding-0.6B,924cda17-2d2e-4674-911b-385d8be5ca81,48,52,agent,0.9807887077331543,0.7590361445783133,0.0,0.4579748511314392,-0.04091432491938274,,0,1
qwen32B-int4_airline_50runs,baseline,Qwen3-Embedding-0.6B,924cda17-2d2e-4674-911b-385d8be5ca81,49,52,tool,,,,,,,0,1
qwen32B-int4_airline_50runs,baseline,Qwen3-Embedding-0.6B,924cda17-2d2e-4674-911b-385d8be5ca81,50,52,agent,0.9582284092903137,0.8735632183908046,0.8735632183908046,,,,0,1
qwen32B-int4_airline_50runs,baseline,Qwen3-Embedding-0.6B,924cda17-2d2e-4674-911b-385d8be5ca81,51,52,user,,,,,,0.7279185652732849,0,1
qwen32B-int4_airline_50runs,baseline,Qwen3-Embedding-0.6B,07f2a344-093d-418e-9948-2fe9f0a8668a,0,18,agent,,,,,,,0,1
qwen32B-int4_airline_50runs,baseline,Qwen3-Embedding-0.6B,07f2a344-093d-418e-9948-2fe9f0a8668a,1,18,user,,,,,,0.6459963321685791,0,1
qwen32B-int4_airline_50runs,baseline,Qwen3-Embedding-0.6B,07f2a344-093d-418e-9948-2fe9f0a8668a,2,18,agent,0.24366448819637299,0.06,0.0,,,,0,1
qwen32B-int4_airline_50runs,baseline,Qwen3-Embedding-0.6B,07f2a344-093d-418e-9948-2fe9f0a8668a,3,18,user,,,,,,0.1955946683883667,0,1
qwen32B-int4_airline_50runs,baseline,Qwen3-Embedding-0.6B,07f2a344-093d-418e-9948-2fe9f0a8668a,4,18,agent,0.5187931060791016,0.017857142857142856,0.0,0.4730672836303711,-0.01072588562965393,,0,1
qwen32B-int4_airline_50runs,baseline,Qwen3-Embedding-0.6B,07f2a344-093d-418e-9948-2fe9f0a8668a,5,18,tool,,,,,,,0,1
qwen32B-int4_airline_50runs,baseline,Qwen3-Embedding-0.6B,07f2a344-093d-418e-9948-2fe9f0a8668a,6,18,agent,0.7782779932022095,0.2463768115942029,0.0,,,,0,1
qwen32B-int4_airline_50runs,baseline,Qwen3-Embedding-0.6B,07f2a344-093d-418e-9948-2fe9f0a8668a,7,18,user,,,,,,0.30235809087753296,0,1
qwen32B-int4_airline_50runs,baseline,Qwen3-Embedding-0.6B,07f2a344-093d-418e-9948-2fe9f0a8668a,8,18,agent,0.7616221308708191,0.23076923076923078,0.0,,,,0,1
qwen32B-int4_airline_50runs,baseline,Qwen3-Embedding-0.6B,07f2a344-093d-418e-9948-2fe9f0a8668a,9,18,user,,,,,,0.25911659002304077,0,1
qwen32B-int4_airline_50runs,baseline,Qwen3-Embedding-0.6B,07f2a344-093d-418e-9948-2fe9f0a8668a,10,18,agent,0.6020793318748474,0.03076923076923077,0.0,0.3967326879501343,-0.10892800986766815,,0,1
qwen32B-int4_airline_50runs,baseline,Qwen3-Embedding-0.6B,07f2a344-093d-418e-9948-2fe9f0a8668a,11,18,tool,,,,,,,0,1
qwen32B-int4_airline_50runs,baseline,Qwen3-Embedding-0.6B,07f2a344-093d-418e-9948-2fe9f0a8668a,12,18,agent,0.8248924016952515,0.35,0.0,,,,0,1
qwen32B-int4_airline_50runs,baseline,Qwen3-Embedding-0.6B,07f2a344-093d-418e-9948-2fe9f0a8668a,13,18,user,,,,,,0.38396400213241577,0,1
qwen32B-int4_airline_50runs,baseline,Qwen3-Embedding-0.6B,07f2a344-093d-418e-9948-2fe9f0a8668a,14,18,agent,0.45386436581611633,0.4666666666666667,0.4666666666666667,0.49141860008239746,-0.10046370327472687,,0,1
qwen32B-int4_airline_50runs,baseline,Qwen3-Embedding-0.6B,07f2a344-093d-418e-9948-2fe9f0a8668a,15,18,tool,,,,,,,0,1
qwen32B-int4_airline_50runs,baseline,Qwen3-Embedding-0.6B,07f2a344-093d-418e-9948-2fe9f0a8668a,16,18,agent,0.7780491709709167,0.2336448598130841,0.0,,,,0,1
qwen32B-int4_airline_50runs,baseline,Qwen3-Embedding-0.6B,07f2a344-093d-418e-9948-2fe9f0a8668a,17,18,user,,,,,,0.6757137775421143,0,1
