cell,variant,embedder,traj_id,step_idx,n_steps,actor,d_a_sem,d_a_lex,d_a_gated,d_oA,d_oA_calibrated,d_oU,user_is_tool_turn,label_fail
qwen32B-int4_airline_50runs,verbalized,bge-m3,995d305a-e3d4-4df6-b4c0-9e28ed0c0653,0,18,agent,,,,,,,0,1
qwen32B-int4_airline_50runs,verbalized,bge-m3,995d305a-e3d4-4df6-b4c0-9e28ed0c0653,1,18,user,,,,,,0.5193493664264679,0,1
qwen32B-int4_airline_50runs,verbalized,bge-m3,995d305a-e3d4-4df6-b4c0-9e28ed0c0653,2,18,agent,0.4781242311000824,0.08163265306122448,0.0,,,,0,1
qwen32B-int4_airline_50runs,verbalized,bge-m3,995d305a-e3d4-4df6-b4c0-9e28ed0c0653,3,18,user,,,,,,0.19921064376831055,0,1
qwen32B-int4_airline_50runs,verbalized,bge-m3,995d305a-e3d4-4df6-b4c0-9e28ed0c0653,4,18,agent,0.49159717559814453,0.017857142857142856,0.0,0.3099275827407837,-0.160137136777242,,0,1
qwen32B-int4_airline_50runs,verbalized,bge-m3,995d305a-e3d4-4df6-b4c0-9e28ed0c0653,5,18,tool,,,,,,,0,1
qwen32B-int4_airline_50runs,verbalized,bge-m3,995d305a-e3d4-4df6-b4c0-9e28ed0c0653,6,18,agent,0.7643243074417114,0.3384615384615385,0.0,0.37144356966018677,-0.13431017597516381,,0,1
qwen32B-int4_airline_50runs,verbalized,bge-m3,995d305a-e3d4-4df6-b4c0-9e28ed0c0653,7,18,tool,,,,,,,0,1
qwen32B-int4_airline_50runs,verbalized,bge-m3,995d305a-e3d4-4df6-b4c0-9e28ed0c0653,8,18,agent,0.6445395350456238,0.22105263157894736,0.0,,,,0,1
qwen32B-int4_airline_50runs,verbalized,bge-m3,995d305a-e3d4-4df6-b4c0-9e28ed0c0653,9,18,user,,,,,,0.19780391454696655,0,1
qwen32B-int4_airline_50runs,verbalized,bge-m3,995d305a-e3d4-4df6-b4c0-9e28ed0c0653,10,18,agent,0.5849314332008362,0.01818181818181818,0.0,0.4887704849243164,0.030101527770360292,,0,1
qwen32B-int4_airline_50runs,verbalized,bge-m3,995d305a-e3d4-4df6-b4c0-9e28ed0c0653,11,18,tool,,,,,,,0,1
qwen32B-int4_airline_50runs,verbalized,bge-m3,995d305a-e3d4-4df6-b4c0-9e28ed0c0653,12,18,agent,0.666755199432373,0.3142857142857143,0.0,,,,0,1
qwen32B-int4_airline_50runs,verbalized,bge-m3,995d305a-e3d4-4df6-b4c0-9e28ed0c0653,13,18,user,,,,,,0.34245288372039795,0,1
qwen32B-int4_airline_50runs,verbalized,bge-m3,995d305a-e3d4-4df6-b4c0-9e28ed0c0653,14,18,agent,0.6785483956336975,0.3333333333333333,0.0,0.25531625747680664,-0.2047719756762187,,0,1
qwen32B-int4_airline_50runs,verbalized,bge-m3,995d305a-e3d4-4df6-b4c0-9e28ed0c0653,15,18,tool,,,,,,,0,1
qwen32B-int4_airline_50runs,verbalized,bge-m3,995d305a-e3d4-4df6-b4c0-9e28ed0c0653,16,18,agent,0.7060878872871399,0.21212121212121213,0.0,,,,0,1
qwen32B-int4_airline_50runs,verbalized,bge-m3,995d305a-e3d4-4df6-b4c0-9e28ed0c0653,17,18,user,,,,,,0.1513858437538147,0,1
qwen32B-int4_airline_50runs,verbalized,bge-m3,444e811c-4cd3-47ba-a4b0-7f99ea839bdb,0,26,agent,,,,,,,0,1
qwen32B-int4_airline_50runs,verbalized,bge-m3,444e811c-4cd3-47ba-a4b0-7f99ea839bdb,1,26,user,,,,,,0.4952194094657898,0,1
qwen32B-int4_airline_50runs,verbalized,bge-m3,444e811c-4cd3-47ba-a4b0-7f99ea839bdb,2,26,agent,0.4995899200439453,0.08571428571428572,0.0,,,,0,1
qwen32B-int4_airline_50runs,verbalized,bge-m3,444e811c-4cd3-47ba-a4b0-7f99ea839bdb,3,26,user,,,,,,0.3459487557411194,0,1
qwen32B-int4_airline_50runs,verbalized,bge-m3,444e811c-4cd3-47ba-a4b0-7f99ea839bdb,4,26,agent,0.499543696641922,0.024390243902439025,0.0,0.3260875344276428,-0.07805394132932025,,0,1
qwen32B-int4_airline_50runs,verbalized,bge-m3,444e811c-4cd3-47ba-a4b0-7f99ea839bdb,5,26,tool,,,,,,,0,1
qwen32B-int4_airline_50runs,verbalized,bge-m3,444e811c-4cd3-47ba-a4b0-7f99ea839bdb,6,26,agent,0.7005226016044617,0.23214285714285715,0.0,,,,0,1
qwen32B-int4_airline_50runs,verbalized,bge-m3,444e811c-4cd3-47ba-a4b0-7f99ea839bdb,7,26,user,,,,,,0.16396307945251465,0,1
qwen32B-int4_airline_50runs,verbalized,bge-m3,444e811c-4cd3-47ba-a4b0-7f99ea839bdb,8,26,agent,0.8249737620353699,0.4666666666666667,0.0,0.3745155930519104,-0.012537817160288511,,0,1
qwen32B-int4_airline_50runs,verbalized,bge-m3,444e811c-4cd3-47ba-a4b0-7f99ea839bdb,9,26,tool,,,,,,,0,1
qwen32B-int4_airline_50runs,verbalized,bge-m3,444e811c-4cd3-47ba-a4b0-7f99ea839bdb,10,26,agent,0.963287353515625,0.6923076923076923,0.0,0.3899664282798767,0.0069450438022613525,,0,1
qwen32B-int4_airline_50runs,verbalized,bge-m3,444e811c-4cd3-47ba-a4b0-7f99ea839bdb,11,26,tool,,,,,,,0,1
qwen32B-int4_airline_50runs,verbalized,bge-m3,444e811c-4cd3-47ba-a4b0-7f99ea839bdb,12,26,agent,0.9843705296516418,0.6923076923076923,0.0,0.38127845525741577,-0.005420307318369566,,0,1
qwen32B-int4_airline_50runs,verbalized,bge-m3,444e811c-4cd3-47ba-a4b0-7f99ea839bdb,13,26,tool,,,,,,,0,1
qwen32B-int4_airline_50runs,verbalized,bge-m3,444e811c-4cd3-47ba-a4b0-7f99ea839bdb,14,26,agent,0.9684255123138428,0.6923076923076923,0.0,0.3765367269515991,-0.012186547120412172,,0,1
qwen32B-int4_airline_50runs,verbalized,bge-m3,444e811c-4cd3-47ba-a4b0-7f99ea839bdb,15,26,tool,,,,,,,0,1
qwen32B-int4_airline_50runs,verbalized,bge-m3,444e811c-4cd3-47ba-a4b0-7f99ea839bdb,16,26,agent,0.978506863117218,0.6923076923076923,0.0,0.35621070861816406,-0.029224812984466553,,0,1
qwen32B-int4_airline_50runs,verbalized,bge-m3,444e811c-4cd3-47ba-a4b0-7f99ea839bdb,17,26,tool,,,,,,,0,1
qwen32B-int4_airline_50runs,verbalized,bge-m3,444e811c-4cd3-47ba-a4b0-7f99ea839bdb,18,26,agent,0.5372301340103149,0.037037037037037035,0.0,,,,0,1
qwen32B-int4_airline_50runs,verbalized,bge-m3,444e811c-4cd3-47ba-a4b0-7f99ea839bdb,19,26,user,,,,,,0.30370503664016724,0,1
qwen32B-int4_airline_50runs,verbalized,bge-m3,444e811c-4cd3-47ba-a4b0-7f99ea839bdb,20,26,agent,0.6620166301727295,0.25,0.0,,,,0,1
qwen32B-int4_airline_50runs,verbalized,bge-m3,444e811c-4cd3-47ba-a4b0-7f99ea839bdb,21,26,user,,,,,,0.20947331190109253,0,1
qwen32B-int4_airline_50runs,verbalized,bge-m3,444e811c-4cd3-47ba-a4b0-7f99ea839bdb,22,26,agent,0.8391575217247009,0.24324324324324326,0.0,0.5055835843086243,-0.043994834025700924,,0,1
qwen32B-int4_airline_50runs,verbalized,bge-m3,444e811c-4cd3-47ba-a4b0-7f99ea839bdb,23,26,tool,,,,,,,0,1
qwen32B-int4_airline_50runs,verbalized,bge-m3,444e811c-4cd3-47ba-a4b0-7f99ea839bdb,24,26,agent,0.8156942129135132,0.30357142857142855,0.0,,,,0,1
qwen32B-int4_airline_50runs,verbalized,bge-m3,444e811c-4cd3-47ba-a4b0-7f99ea839bdb,25,26,user,,,,,,0.46144938468933105,0,1
qwen32B-int4_airline_50runs,verbalized,bge-m3,4ecca480-4087-4c4c-b115-608f048464ce,0,26,agent,,,,,,,0,1
qwen32B-int4_airline_50runs,verbalized,bge-m3,4ecca480-4087-4c4c-b115-608f048464ce,1,26,user,,,,,,0.4829897880554199,0,1
qwen32B-int4_airline_50runs,verbalized,bge-m3,4ecca480-4087-4c4c-b115-608f048464ce,2,26,agent,0.47343337535858154,0.09375,0.0,,,,0,1
qwen32B-int4_airline_50runs,verbalized,bge-m3,4ecca480-4087-4c4c-b115-608f048464ce,3,26,user,,,,,,0.2931060791015625,0,1
qwen32B-int4_airline_50runs,verbalized,bge-m3,4ecca480-4087-4c4c-b115-608f048464ce,4,26,agent,0.6284940242767334,0.02631578947368421,0.0,0.35512375831604004,-0.10038216710090636,,0,1
qwen32B-int4_airline_50runs,verbalized,bge-m3,4ecca480-4087-4c4c-b115-608f048464ce,5,26,tool,,,,,,,0,1
qwen32B-int4_airline_50runs,verbalized,bge-m3,4ecca480-4087-4c4c-b115-608f048464ce,6,26,agent,0.635261595249176,0.3050847457627119,0.0,,,,0,1
qwen32B-int4_airline_50runs,verbalized,bge-m3,4ecca480-4087-4c4c-b115-608f048464ce,7,26,user,,,,,,0.3612211346626282,0,1
qwen32B-int4_airline_50runs,verbalized,bge-m3,4ecca480-4087-4c4c-b115-608f048464ce,8,26,agent,0.7004561424255371,0.1553398058252427,0.0,0.5989988446235657,0.026119059324264504,,0,1
qwen32B-int4_airline_50runs,verbalized,bge-m3,4ecca480-4087-4c4c-b115-608f048464ce,9,26,tool,,,,,,,0,1
qwen32B-int4_airline_50runs,verbalized,bge-m3,4ecca480-4087-4c4c-b115-608f048464ce,10,26,agent,0.5896865725517273,0.03225806451612903,0.0,0.5098505318164825,0.07590585350990298,,0,1
qwen32B-int4_airline_50runs,verbalized,bge-m3,4ecca480-4087-4c4c-b115-608f048464ce,11,26,tool,,,,,,,0,1
qwen32B-int4_airline_50runs,verbalized,bge-m3,4ecca480-4087-4c4c-b115-608f048464ce,12,26,agent,0.7160961627960205,0.2261904761904762,0.0,,,,0,1
qwen32B-int4_airline_50runs,verbalized,bge-m3,4ecca480-4087-4c4c-b115-608f048464ce,13,26,user,,,,,,0.24802625179290771,0,1
qwen32B-int4_airline_50runs,verbalized,bge-m3,4ecca480-4087-4c4c-b115-608f048464ce,14,26,agent,0.6703781485557556,0.3142857142857143,0.0,,,,0,1
qwen32B-int4_airline_50runs,verbalized,bge-m3,4ecca480-4087-4c4c-b115-608f048464ce,15,26,user,,,,,,0.29538410902023315,0,1
qwen32B-int4_airline_50runs,verbalized,bge-m3,4ecca480-4087-4c4c-b115-608f048464ce,16,26,agent,0.6763869524002075,0.20689655172413793,0.0,0.5477308332920074,0.02256841659545894,,0,1
qwen32B-int4_airline_50runs,verbalized,bge-m3,4ecca480-4087-4c4c-b115-608f048464ce,17,26,tool,,,,,,,0,1
qwen32B-int4_airline_50runs,verbalized,bge-m3,4ecca480-4087-4c4c-b115-608f048464ce,18,26,agent,0.6062039136886597,0.2631578947368421,0.0,,,,0,1
qwen32B-int4_airline_50runs,verbalized,bge-m3,4ecca480-4087-4c4c-b115-608f048464ce,19,26,user,,,,,,0.28063786029815674,0,1
qwen32B-int4_airline_50runs,verbalized,bge-m3,4ecca480-4087-4c4c-b115-608f048464ce,20,26,agent,0.5176748037338257,0.014084507042253521,0.0,0.35976600646972656,-0.11987856626510618,,0,1
qwen32B-int4_airline_50runs,verbalized,bge-m3,4ecca480-4087-4c4c-b115-608f048464ce,21,26,tool,,,,,,,0,1
qwen32B-int4_airline_50runs,verbalized,bge-m3,4ecca480-4087-4c4c-b115-608f048464ce,22,26,agent,0.7544381022453308,0.4117647058823529,0.0,0.26992493867874146,-0.18233802318573,,0,1
qwen32B-int4_airline_50runs,verbalized,bge-m3,4ecca480-4087-4c4c-b115-608f048464ce,23,26,tool,,,,,,,0,1
qwen32B-int4_airline_50runs,verbalized,bge-m3,4ecca480-4087-4c4c-b115-608f048464ce,24,26,agent,0.5890703797340393,0.018518518518518517,0.0,,,,0,1
qwen32B-int4_airline_50runs,verbalized,bge-m3,4ecca480-4087-4c4c-b115-608f048464ce,25,26,user,,,,,,0.23632580041885376,0,1
qwen32B-int4_airline_50runs,verbalized,bge-m3,2ab60ea0-bad2-491e-887d-78a1a398f4ad,0,14,agent,,,,,,,0,0
qwen32B-int4_airline_50runs,verbalized,bge-m3,2ab60ea0-bad2-491e-887d-78a1a398f4ad,1,14,user,,,,,,0.5266838669776917,0,0
qwen32B-int4_airline_50runs,verbalized,bge-m3,2ab60ea0-bad2-491e-887d-78a1a398f4ad,2,14,agent,0.4904436469078064,0.0,0.0,0.41075778007507324,-0.0905800610780716,,0,0
qwen32B-int4_airline_50runs,verbalized,bge-m3,2ab60ea0-bad2-491e-887d-78a1a398f4ad,3,14,tool,,,,,,,0,0
qwen32B-int4_airline_50runs,verbalized,bge-m3,2ab60ea0-bad2-491e-887d-78a1a398f4ad,4,14,agent,0.4132334589958191,0.05,0.0,,,,0,0
qwen32B-int4_airline_50runs,verbalized,bge-m3,2ab60ea0-bad2-491e-887d-78a1a398f4ad,5,14,user,,,,,,0.26348578929901123,0,0
qwen32B-int4_airline_50runs,verbalized,bge-m3,2ab60ea0-bad2-491e-887d-78a1a398f4ad,6,14,agent,0.8216418623924255,0.4666666666666667,0.0,0.30840736627578735,-0.17619551718235016,,0,0
qwen32B-int4_airline_50runs,verbalized,bge-m3,2ab60ea0-bad2-491e-887d-78a1a398f4ad,7,14,tool,,,,,,,0,0
qwen32B-int4_airline_50runs,verbalized,bge-m3,2ab60ea0-bad2-491e-887d-78a1a398f4ad,8,14,agent,0.8479242324829102,0.40789473684210525,0.0,,,,0,0
qwen32B-int4_airline_50runs,verbalized,bge-m3,2ab60ea0-bad2-491e-887d-78a1a398f4ad,9,14,user,,,,,,0.12208980321884155,0,0
qwen32B-int4_airline_50runs,verbalized,bge-m3,2ab60ea0-bad2-491e-887d-78a1a398f4ad,10,14,agent,0.6685574650764465,0.1891891891891892,0.0,0.5048157572746277,-0.009785503149032593,,0,0
qwen32B-int4_airline_50runs,verbalized,bge-m3,2ab60ea0-bad2-491e-887d-78a1a398f4ad,11,14,tool,,,,,,,0,0
qwen32B-int4_airline_50runs,verbalized,bge-m3,2ab60ea0-bad2-491e-887d-78a1a398f4ad,12,14,agent,0.6176837682723999,0.1,0.0,,,,0,0
qwen32B-int4_airline_50runs,verbalized,bge-m3,2ab60ea0-bad2-491e-887d-78a1a398f4ad,13,14,user,,,,,,0.36564916372299194,0,0
qwen32B-int4_airline_50runs,verbalized,bge-m3,5ecb7138-87ad-454b-b8e5-ce0c80569617,0,12,agent,,,,,,,0,0
qwen32B-int4_airline_50runs,verbalized,bge-m3,5ecb7138-87ad-454b-b8e5-ce0c80569617,1,12,user,,,,,,0.5032726526260376,0,0
qwen32B-int4_airline_50runs,verbalized,bge-m3,5ecb7138-87ad-454b-b8e5-ce0c80569617,2,12,agent,0.4945526719093323,0.0,0.0,0.5431019067764282,0.0002275407314300537,,0,0
qwen32B-int4_airline_50runs,verbalized,bge-m3,5ecb7138-87ad-454b-b8e5-ce0c80569617,3,12,tool,,,,,,,0,0
qwen32B-int4_airline_50runs,verbalized,bge-m3,5ecb7138-87ad-454b-b8e5-ce0c80569617,4,12,agent,0.6038547158241272,0.08620689655172414,0.0,,,,0,0
qwen32B-int4_airline_50runs,verbalized,bge-m3,5ecb7138-87ad-454b-b8e5-ce0c80569617,5,12,user,,,,,,0.264714777469635,0,0
qwen32B-int4_airline_50runs,verbalized,bge-m3,5ecb7138-87ad-454b-b8e5-ce0c80569617,6,12,agent,0.8440739512443542,0.3181818181818182,0.0,,,,0,0
qwen32B-int4_airline_50runs,verbalized,bge-m3,5ecb7138-87ad-454b-b8e5-ce0c80569617,7,12,user,,,,,,0.29902946949005127,0,0
qwen32B-int4_airline_50runs,verbalized,bge-m3,5ecb7138-87ad-454b-b8e5-ce0c80569617,8,12,agent,0.9419835209846497,0.4117647058823529,0.0,0.5697320103645325,0.1361345648765564,,0,0
qwen32B-int4_airline_50runs,verbalized,bge-m3,5ecb7138-87ad-454b-b8e5-ce0c80569617,9,12,tool,,,,,,,0,0
qwen32B-int4_airline_50runs,verbalized,bge-m3,5ecb7138-87ad-454b-b8e5-ce0c80569617,10,12,agent,0.4352310299873352,0.09230769230769231,0.0,,,,0,0
qwen32B-int4_airline_50runs,verbalized,bge-m3,5ecb7138-87ad-454b-b8e5-ce0c80569617,11,12,user,,,,,,0.3656492233276367,0,0
qwen32B-int4_airline_50runs,verbalized,bge-m3,24be882a-2e2c-4cb5-8e1e-c34d22b4a06c,0,28,agent,,,,,,,0,0
qwen32B-int4_airline_50runs,verbalized,bge-m3,24be882a-2e2c-4cb5-8e1e-c34d22b4a06c,1,28,user,,,,,,0.46632319688796997,0,0
qwen32B-int4_airline_50runs,verbalized,bge-m3,24be882a-2e2c-4cb5-8e1e-c34d22b4a06c,2,28,agent,0.5002416372299194,0.07894736842105263,0.0,,,,0,0
qwen32B-int4_airline_50runs,verbalized,bge-m3,24be882a-2e2c-4cb5-8e1e-c34d22b4a06c,3,28,user,,,,,,0.23744142055511475,0,0
qwen32B-int4_airline_50runs,verbalized,bge-m3,24be882a-2e2c-4cb5-8e1e-c34d22b4a06c,4,28,agent,0.7884940505027771,0.25301204819277107,0.0,,,,0,0
qwen32B-int4_airline_50runs,verbalized,bge-m3,24be882a-2e2c-4cb5-8e1e-c34d22b4a06c,5,28,user,,,,,,0.19787704944610596,0,0
qwen32B-int4_airline_50runs,verbalized,bge-m3,24be882a-2e2c-4cb5-8e1e-c34d22b4a06c,6,28,agent,0.5567721128463745,0.022727272727272728,0.0,0.44965165853500366,-0.13181164860725403,,0,0
qwen32B-int4_airline_50runs,verbalized,bge-m3,24be882a-2e2c-4cb5-8e1e-c34d22b4a06c,7,28,tool,,,,,,,0,0
qwen32B-int4_airline_50runs,verbalized,bge-m3,24be882a-2e2c-4cb5-8e1e-c34d22b4a06c,8,28,agent,0.7145681381225586,0.25555555555555554,0.0,,,,0,0
qwen32B-int4_airline_50runs,verbalized,bge-m3,24be882a-2e2c-4cb5-8e1e-c34d22b4a06c,9,28,user,,,,,,0.21547406911849976,0,0
qwen32B-int4_airline_50runs,verbalized,bge-m3,24be882a-2e2c-4cb5-8e1e-c34d22b4a06c,10,28,agent,0.964189350605011,0.6923076923076923,0.0,0.44672906398773193,-0.13243704438209536,,0,0
qwen32B-int4_airline_50runs,verbalized,bge-m3,24be882a-2e2c-4cb5-8e1e-c34d22b4a06c,11,28,tool,,,,,,,0,0
qwen32B-int4_airline_50runs,verbalized,bge-m3,24be882a-2e2c-4cb5-8e1e-c34d22b4a06c,12,28,agent,0.8653213977813721,0.5737704918032787,0.0,,,,0,0
qwen32B-int4_airline_50runs,verbalized,bge-m3,24be882a-2e2c-4cb5-8e1e-c34d22b4a06c,13,28,user,,,,,,0.28625351190567017,0,0
qwen32B-int4_airline_50runs,verbalized,bge-m3,24be882a-2e2c-4cb5-8e1e-c34d22b4a06c,14,28,agent,0.7778491973876953,0.35,0.0,0.47022801637649536,-0.09220118522644039,,0,0
qwen32B-int4_airline_50runs,verbalized,bge-m3,24be882a-2e2c-4cb5-8e1e-c34d22b4a06c,15,28,tool,,,,,,,0,0
qwen32B-int4_airline_50runs,verbalized,bge-m3,24be882a-2e2c-4cb5-8e1e-c34d22b4a06c,16,28,agent,0.8309441208839417,0.37333333333333335,0.0,,,,0,0
qwen32B-int4_airline_50runs,verbalized,bge-m3,24be882a-2e2c-4cb5-8e1e-c34d22b4a06c,17,28,user,,,,,,0.22959768772125244,0,0
qwen32B-int4_airline_50runs,verbalized,bge-m3,24be882a-2e2c-4cb5-8e1e-c34d22b4a06c,18,28,agent,0.8119391202926636,0.5,0.0,0.5515671968460083,0.0010472416877747026,,0,0
qwen32B-int4_airline_50runs,verbalized,bge-m3,24be882a-2e2c-4cb5-8e1e-c34d22b4a06c,19,28,tool,,,,,,,0,0
qwen32B-int4_airline_50runs,verbalized,bge-m3,24be882a-2e2c-4cb5-8e1e-c34d22b4a06c,20,28,agent,0.6778253316879272,0.5068493150684932,0.0,,,,0,0
qwen32B-int4_airline_50runs,verbalized,bge-m3,24be882a-2e2c-4cb5-8e1e-c34d22b4a06c,21,28,user,,,,,,0.43673980236053467,0,0
qwen32B-int4_airline_50runs,verbalized,bge-m3,24be882a-2e2c-4cb5-8e1e-c34d22b4a06c,22,28,agent,0.8156270980834961,0.5,0.0,0.4750060439109802,-0.08684318065643315,,0,0
qwen32B-int4_airline_50runs,verbalized,bge-m3,24be882a-2e2c-4cb5-8e1e-c34d22b4a06c,23,28,tool,,,,,,,0,0
qwen32B-int4_airline_50runs,verbalized,bge-m3,24be882a-2e2c-4cb5-8e1e-c34d22b4a06c,24,28,agent,0.6187307834625244,0.24528301886792453,0.0,0.5424225330352783,0.011494719982147239,,0,0
qwen32B-int4_airline_50runs,verbalized,bge-m3,24be882a-2e2c-4cb5-8e1e-c34d22b4a06c,25,28,tool,,,,,,,0,0
qwen32B-int4_airline_50runs,verbalized,bge-m3,24be882a-2e2c-4cb5-8e1e-c34d22b4a06c,26,28,agent,0.5113465785980225,0.12162162162162163,0.0,,,,0,0
qwen32B-int4_airline_50runs,verbalized,bge-m3,24be882a-2e2c-4cb5-8e1e-c34d22b4a06c,27,28,user,,,,,,0.36564916372299194,0,0
qwen32B-int4_airline_50runs,verbalized,bge-m3,1351424c-5fa3-4355-a64e-8f2b127fb25b,0,32,agent,,,,,,,0,1
qwen32B-int4_airline_50runs,verbalized,bge-m3,1351424c-5fa3-4355-a64e-8f2b127fb25b,1,32,user,,,,,,0.5722465515136719,0,1
qwen32B-int4_airline_50runs,verbalized,bge-m3,1351424c-5fa3-4355-a64e-8f2b127fb25b,2,32,agent,0.4352361857891083,0.06382978723404255,0.0,,,,0,1
qwen32B-int4_airline_50runs,verbalized,bge-m3,1351424c-5fa3-4355-a64e-8f2b127fb25b,3,32,user,,,,,,0.33572572469711304,0,1
qwen32B-int4_airline_50runs,verbalized,bge-m3,1351424c-5fa3-4355-a64e-8f2b127fb25b,4,32,agent,0.5054097175598145,0.0,0.0,0.31651103496551514,-0.0700763530201382,,0,1
qwen32B-int4_airline_50runs,verbalized,bge-m3,1351424c-5fa3-4355-a64e-8f2b127fb25b,5,32,tool,,,,,,,0,1
qwen32B-int4_airline_50runs,verbalized,bge-m3,1351424c-5fa3-4355-a64e-8f2b127fb25b,6,32,agent,0.9300703406333923,0.35,0.0,,,,0,1
qwen32B-int4_airline_50runs,verbalized,bge-m3,1351424c-5fa3-4355-a64e-8f2b127fb25b,7,32,user,,,,,,0.3095961809158325,0,1
qwen32B-int4_airline_50runs,verbalized,bge-m3,1351424c-5fa3-4355-a64e-8f2b127fb25b,8,32,agent,0.9347715377807617,0.38666666666666666,0.0,,,,0,1
qwen32B-int4_airline_50runs,verbalized,bge-m3,1351424c-5fa3-4355-a64e-8f2b127fb25b,9,32,user,,,,,,0.3111666440963745,0,1
qwen32B-int4_airline_50runs,verbalized,bge-m3,1351424c-5fa3-4355-a64e-8f2b127fb25b,10,32,agent,0.6116155385971069,0.02040816326530612,0.0,0.3836199641227722,-0.025521278381347656,,0,1
qwen32B-int4_airline_50runs,verbalized,bge-m3,1351424c-5fa3-4355-a64e-8f2b127fb25b,11,32,tool,,,,,,,0,1
qwen32B-int4_airline_50runs,verbalized,bge-m3,1351424c-5fa3-4355-a64e-8f2b127fb25b,12,32,agent,0.9795833826065063,0.6923076923076923,0.0,0.3843887448310852,-0.022231525844997824,,0,1
qwen32B-int4_airline_50runs,verbalized,bge-m3,1351424c-5fa3-4355-a64e-8f2b127fb25b,13,32,tool,,,,,,,0,1
qwen32B-int4_airline_50runs,verbalized,bge-m3,1351424c-5fa3-4355-a64e-8f2b127fb25b,14,32,agent,0.5382885336875916,0.02,0.0,0.5270558297634125,0.07647334867053562,,0,1
qwen32B-int4_airline_50runs,verbalized,bge-m3,1351424c-5fa3-4355-a64e-8f2b127fb25b,15,32,tool,,,,,,,0,1
qwen32B-int4_airline_50runs,verbalized,bge-m3,1351424c-5fa3-4355-a64e-8f2b127fb25b,16,32,agent,0.5997756123542786,0.15942028985507245,0.0,0.33745044469833374,-0.057249877187940834,,0,1
qwen32B-int4_airline_50runs,verbalized,bge-m3,1351424c-5fa3-4355-a64e-8f2b127fb25b,17,32,tool,,,,,,,0,1
qwen32B-int4_airline_50runs,verbalized,bge-m3,1351424c-5fa3-4355-a64e-8f2b127fb25b,18,32,agent,0.6012396812438965,0.04081632653061224,0.0,0.37582993507385254,-0.028527213467491985,,0,1
qwen32B-int4_airline_50runs,verbalized,bge-m3,1351424c-5fa3-4355-a64e-8f2b127fb25b,19,32,tool,,,,,,,0,1
qwen32B-int4_airline_50runs,verbalized,bge-m3,1351424c-5fa3-4355-a64e-8f2b127fb25b,20,32,agent,0.97709721326828,0.6923076923076923,0.0,0.41613060235977173,0.019149535232120096,,0,1
qwen32B-int4_airline_50runs,verbalized,bge-m3,1351424c-5fa3-4355-a64e-8f2b127fb25b,21,32,tool,,,,,,,0,1
qwen32B-int4_airline_50runs,verbalized,bge-m3,1351424c-5fa3-4355-a64e-8f2b127fb25b,22,32,agent,0.9797969460487366,0.6923076923076923,0.6923076923076923,0.4081401824951172,0.0033231311374240513,,0,1
qwen32B-int4_airline_50runs,verbalized,bge-m3,1351424c-5fa3-4355-a64e-8f2b127fb25b,23,32,tool,,,,,,,0,1
qwen32B-int4_airline_50runs,verbalized,bge-m3,1351424c-5fa3-4355-a64e-8f2b127fb25b,24,32,agent,0.4251664876937866,0.02857142857142857,0.0,,,,0,1
qwen32B-int4_airline_50runs,verbalized,bge-m3,1351424c-5fa3-4355-a64e-8f2b127fb25b,25,32,user,,,,,,0.5082496106624603,0,1
qwen32B-int4_airline_50runs,verbalized,bge-m3,1351424c-5fa3-4355-a64e-8f2b127fb25b,26,32,agent,0.5089026689529419,0.13953488372093023,0.0,0.45770418643951416,-0.03507161802715725,,0,1
qwen32B-int4_airline_50runs,verbalized,bge-m3,1351424c-5fa3-4355-a64e-8f2b127fb25b,27,32,tool,,,,,,,0,1
qwen32B-int4_airline_50runs,verbalized,bge-m3,1351424c-5fa3-4355-a64e-8f2b127fb25b,28,32,agent,0.864861786365509,0.3333333333333333,0.0,0.4950157403945923,-0.028452379835976482,,0,1
qwen32B-int4_airline_50runs,verbalized,bge-m3,1351424c-5fa3-4355-a64e-8f2b127fb25b,29,32,tool,,,,,,,0,1
qwen32B-int4_airline_50runs,verbalized,bge-m3,1351424c-5fa3-4355-a64e-8f2b127fb25b,30,32,agent,0.8402695655822754,0.38181818181818183,0.0,,,,0,1
qwen32B-int4_airline_50runs,verbalized,bge-m3,1351424c-5fa3-4355-a64e-8f2b127fb25b,31,32,user,,,,,,0.5511506795883179,0,1
qwen32B-int4_airline_50runs,verbalized,bge-m3,fb075abd-f40a-49ac-bf13-26157f84b8ae,0,26,agent,,,,,,,0,0
qwen32B-int4_airline_50runs,verbalized,bge-m3,fb075abd-f40a-49ac-bf13-26157f84b8ae,1,26,user,,,,,,0.5164379179477692,0,0
qwen32B-int4_airline_50runs,verbalized,bge-m3,fb075abd-f40a-49ac-bf13-26157f84b8ae,2,26,agent,0.4782625138759613,0.038461538461538464,0.0,,,,0,0
qwen32B-int4_airline_50runs,verbalized,bge-m3,fb075abd-f40a-49ac-bf13-26157f84b8ae,3,26,user,,,,,,0.35324084758758545,0,0
qwen32B-int4_airline_50runs,verbalized,bge-m3,fb075abd-f40a-49ac-bf13-26157f84b8ae,4,26,agent,0.5839474201202393,0.017543859649122806,0.0,0.4171379804611206,-0.04938820004463196,,0,0
qwen32B-int4_airline_50runs,verbalized,bge-m3,fb075abd-f40a-49ac-bf13-26157f84b8ae,5,26,tool,,,,,,,0,0
qwen32B-int4_airline_50runs,verbalized,bge-m3,fb075abd-f40a-49ac-bf13-26157f84b8ae,6,26,agent,0.6721439361572266,0.1919191919191919,0.0,,,,0,0
qwen32B-int4_airline_50runs,verbalized,bge-m3,fb075abd-f40a-49ac-bf13-26157f84b8ae,7,26,user,,,,,,0.18715542554855347,0,0
qwen32B-int4_airline_50runs,verbalized,bge-m3,fb075abd-f40a-49ac-bf13-26157f84b8ae,8,26,agent,0.7481589913368225,0.3333333333333333,0.0,0.3459485173225403,-0.14234811067581177,,0,0
qwen32B-int4_airline_50runs,verbalized,bge-m3,fb075abd-f40a-49ac-bf13-26157f84b8ae,9,26,tool,,,,,,,0,0
qwen32B-int4_airline_50runs,verbalized,bge-m3,fb075abd-f40a-49ac-bf13-26157f84b8ae,10,26,agent,0.7339756488800049,0.25,0.0,,,,0,0
qwen32B-int4_airline_50runs,verbalized,bge-m3,fb075abd-f40a-49ac-bf13-26157f84b8ae,11,26,user,,,,,,0.2827564477920532,0,0
qwen32B-int4_airline_50runs,verbalized,bge-m3,fb075abd-f40a-49ac-bf13-26157f84b8ae,12,26,agent,0.7871069312095642,0.38738738738738737,0.0,,,,0,0
qwen32B-int4_airline_50runs,verbalized,bge-m3,fb075abd-f40a-49ac-bf13-26157f84b8ae,13,26,user,,,,,,0.4757971167564392,0,0
qwen32B-int4_airline_50runs,verbalized,bge-m3,fb075abd-f40a-49ac-bf13-26157f84b8ae,14,26,agent,0.43771108984947205,0.0,0.0,0.33612895011901855,-0.18797283619642258,,0,0
qwen32B-int4_airline_50runs,verbalized,bge-m3,fb075abd-f40a-49ac-bf13-26157f84b8ae,15,26,tool,,,,,,,0,0
qwen32B-int4_airline_50runs,verbalized,bge-m3,fb075abd-f40a-49ac-bf13-26157f84b8ae,16,26,agent,0.8336994051933289,0.5607476635514018,0.0,,,,0,0
qwen32B-int4_airline_50runs,verbalized,bge-m3,fb075abd-f40a-49ac-bf13-26157f84b8ae,17,26,user,,,,,,0.32842570543289185,0,0
qwen32B-int4_airline_50runs,verbalized,bge-m3,fb075abd-f40a-49ac-bf13-26157f84b8ae,18,26,agent,0.7922302484512329,0.18867924528301888,0.0,0.5442069172859192,0.23409365862607956,,0,0
qwen32B-int4_airline_50runs,verbalized,bge-m3,fb075abd-f40a-49ac-bf13-26157f84b8ae,19,26,tool,,,,,,,0,0
qwen32B-int4_airline_50runs,verbalized,bge-m3,fb075abd-f40a-49ac-bf13-26157f84b8ae,20,26,agent,0.6904886960983276,0.24489795918367346,0.0,,,,0,0
qwen32B-int4_airline_50runs,verbalized,bge-m3,fb075abd-f40a-49ac-bf13-26157f84b8ae,21,26,user,,,,,,0.15373408794403076,0,0
qwen32B-int4_airline_50runs,verbalized,bge-m3,fb075abd-f40a-49ac-bf13-26157f84b8ae,22,26,agent,0.9954811334609985,0.9215686274509803,0.0,0.15221154689788818,-0.2616877034306526,,0,0
qwen32B-int4_airline_50runs,verbalized,bge-m3,fb075abd-f40a-49ac-bf13-26157f84b8ae,23,26,tool,,,,,,,0,0
qwen32B-int4_airline_50runs,verbalized,bge-m3,fb075abd-f40a-49ac-bf13-26157f84b8ae,24,26,agent,0.8105161190032959,0.20952380952380953,0.0,,,,0,0
qwen32B-int4_airline_50runs,verbalized,bge-m3,fb075abd-f40a-49ac-bf13-26157f84b8ae,25,26,user,,,,,,0.3554392457008362,0,0
qwen32B-int4_airline_50runs,verbalized,bge-m3,97272b90-05b0-47c5-8eb0-93c418eab26b,0,22,agent,,,,,,,0,1
qwen32B-int4_airline_50runs,verbalized,bge-m3,97272b90-05b0-47c5-8eb0-93c418eab26b,1,22,user,,,,,,0.5011369585990906,0,1
qwen32B-int4_airline_50runs,verbalized,bge-m3,97272b90-05b0-47c5-8eb0-93c418eab26b,2,22,agent,0.514339029788971,0.047619047619047616,0.0,0.28745388984680176,-0.2742599447568258,,0,1
qwen32B-int4_airline_50runs,verbalized,bge-m3,97272b90-05b0-47c5-8eb0-93c418eab26b,3,22,tool,,,,,,,0,1
qwen32B-int4_airline_50runs,verbalized,bge-m3,97272b90-05b0-47c5-8eb0-93c418eab26b,4,22,agent,0.7715291976928711,0.19047619047619047,0.0,,,,0,1
qwen32B-int4_airline_50runs,verbalized,bge-m3,97272b90-05b0-47c5-8eb0-93c418eab26b,5,22,user,,,,,,0.2785838842391968,0,1
qwen32B-int4_airline_50runs,verbalized,bge-m3,97272b90-05b0-47c5-8eb0-93c418eab26b,6,22,agent,0.7061535120010376,0.2,0.0,,,,0,1
qwen32B-int4_airline_50runs,verbalized,bge-m3,97272b90-05b0-47c5-8eb0-93c418eab26b,7,22,user,,,,,,0.3641666769981384,0,1
qwen32B-int4_airline_50runs,verbalized,bge-m3,97272b90-05b0-47c5-8eb0-93c418eab26b,8,22,agent,0.6207761168479919,0.0851063829787234,0.0,0.4028329849243164,-0.11197882890701294,,0,1
qwen32B-int4_airline_50runs,verbalized,bge-m3,97272b90-05b0-47c5-8eb0-93c418eab26b,9,22,tool,,,,,,,0,1
qwen32B-int4_airline_50runs,verbalized,bge-m3,97272b90-05b0-47c5-8eb0-93c418eab26b,10,22,tool,,,,,,,0,1
qwen32B-int4_airline_50runs,verbalized,bge-m3,97272b90-05b0-47c5-8eb0-93c418eab26b,11,22,tool,,,,,,,0,1
qwen32B-int4_airline_50runs,verbalized,bge-m3,97272b90-05b0-47c5-8eb0-93c418eab26b,12,22,agent,0.4960741400718689,0.057692307692307696,0.0,,,,0,1
qwen32B-int4_airline_50runs,verbalized,bge-m3,97272b90-05b0-47c5-8eb0-93c418eab26b,13,22,user,,,,,,0.441780149936676,0,1
qwen32B-int4_airline_50runs,verbalized,bge-m3,97272b90-05b0-47c5-8eb0-93c418eab26b,14,22,agent,0.7492164969444275,0.2692307692307692,0.0,0.730027049779892,0.14661372701327002,,0,1
qwen32B-int4_airline_50runs,verbalized,bge-m3,97272b90-05b0-47c5-8eb0-93c418eab26b,15,22,tool,,,,,,,0,1
qwen32B-int4_airline_50runs,verbalized,bge-m3,97272b90-05b0-47c5-8eb0-93c418eab26b,16,22,agent,0.8112106919288635,0.3191489361702128,0.0,,,,0,1
qwen32B-int4_airline_50runs,verbalized,bge-m3,97272b90-05b0-47c5-8eb0-93c418eab26b,17,22,user,,,,,,0.4191089868545532,0,1
qwen32B-int4_airline_50runs,verbalized,bge-m3,97272b90-05b0-47c5-8eb0-93c418eab26b,18,22,agent,0.8863639831542969,0.34285714285714286,0.0,0.7095908224582672,0.0982915461063385,,0,1
qwen32B-int4_airline_50runs,verbalized,bge-m3,97272b90-05b0-47c5-8eb0-93c418eab26b,19,22,tool,,,,,,,0,1
qwen32B-int4_airline_50runs,verbalized,bge-m3,97272b90-05b0-47c5-8eb0-93c418eab26b,20,22,agent,0.9399928450584412,0.5,0.0,,,,0,1
qwen32B-int4_airline_50runs,verbalized,bge-m3,97272b90-05b0-47c5-8eb0-93c418eab26b,21,22,user,,,,,,0.5258578062057495,0,1
qwen32B-int4_airline_50runs,verbalized,bge-m3,5dd3b7bf-1f89-4015-8e92-d249b436bd7f,0,30,agent,,,,,,,0,0
qwen32B-int4_airline_50runs,verbalized,bge-m3,5dd3b7bf-1f89-4015-8e92-d249b436bd7f,1,30,user,,,,,,0.4610615372657776,0,0
qwen32B-int4_airline_50runs,verbalized,bge-m3,5dd3b7bf-1f89-4015-8e92-d249b436bd7f,2,30,agent,0.4732253849506378,0.08823529411764706,0.0,,,,0,0
qwen32B-int4_airline_50runs,verbalized,bge-m3,5dd3b7bf-1f89-4015-8e92-d249b436bd7f,3,30,user,,,,,,0.27281975746154785,0,0
qwen32B-int4_airline_50runs,verbalized,bge-m3,5dd3b7bf-1f89-4015-8e92-d249b436bd7f,4,30,agent,0.5231961011886597,0.025,0.0,0.30734527111053467,-0.15259622037410736,,0,0
qwen32B-int4_airline_50runs,verbalized,bge-m3,5dd3b7bf-1f89-4015-8e92-d249b436bd7f,5,30,tool,,,,,,,0,0
qwen32B-int4_airline_50runs,verbalized,bge-m3,5dd3b7bf-1f89-4015-8e92-d249b436bd7f,6,30,agent,0.6917281746864319,0.1896551724137931,0.0,,,,0,0
qwen32B-int4_airline_50runs,verbalized,bge-m3,5dd3b7bf-1f89-4015-8e92-d249b436bd7f,7,30,user,,,,,,0.1261264681816101,0,0
qwen32B-int4_airline_50runs,verbalized,bge-m3,5dd3b7bf-1f89-4015-8e92-d249b436bd7f,8,30,agent,0.8486124277114868,0.4666666666666667,0.4666666666666667,0.3850135803222656,-0.0751066580414772,,0,0
qwen32B-int4_airline_50runs,verbalized,bge-m3,5dd3b7bf-1f89-4015-8e92-d249b436bd7f,9,30,tool,,,,,,,0,0
qwen32B-int4_airline_50runs,verbalized,bge-m3,5dd3b7bf-1f89-4015-8e92-d249b436bd7f,10,30,agent,0.7606022953987122,0.21176470588235294,0.0,,,,0,0
qwen32B-int4_airline_50runs,verbalized,bge-m3,5dd3b7bf-1f89-4015-8e92-d249b436bd7f,11,30,user,,,,,,0.23126202821731567,0,0
qwen32B-int4_airline_50runs,verbalized,bge-m3,5dd3b7bf-1f89-4015-8e92-d249b436bd7f,12,30,agent,0.7899317145347595,0.2826086956521739,0.0,,,,0,0
qwen32B-int4_airline_50runs,verbalized,bge-m3,5dd3b7bf-1f89-4015-8e92-d249b436bd7f,13,30,user,,,,,,0.13543695211410522,0,0
qwen32B-int4_airline_50runs,verbalized,bge-m3,5dd3b7bf-1f89-4015-8e92-d249b436bd7f,14,30,agent,0.5681158900260925,0.04411764705882353,0.0,0.558436393737793,0.16362212598323822,,0,0
qwen32B-int4_airline_50runs,verbalized,bge-m3,5dd3b7bf-1f89-4015-8e92-d249b436bd7f,15,30,tool,,,,,,,0,0
qwen32B-int4_airline_50runs,verbalized,bge-m3,5dd3b7bf-1f89-4015-8e92-d249b436bd7f,16,30,agent,0.6536945700645447,0.2537313432835821,0.0,,,,0,0
qwen32B-int4_airline_50runs,verbalized,bge-m3,5dd3b7bf-1f89-4015-8e92-d249b436bd7f,17,30,user,,,,,,0.368807315826416,0,0
qwen32B-int4_airline_50runs,verbalized,bge-m3,5dd3b7bf-1f89-4015-8e92-d249b436bd7f,18,30,agent,0.9201406836509705,0.7894736842105263,0.7894736842105263,0.3110232353210449,-0.12921573966741562,,0,0
qwen32B-int4_airline_50runs,verbalized,bge-m3,5dd3b7bf-1f89-4015-8e92-d249b436bd7f,19,30,tool,,,,,,,0,0
qwen32B-int4_airline_50runs,verbalized,bge-m3,5dd3b7bf-1f89-4015-8e92-d249b436bd7f,20,30,agent,0.7190258502960205,0.1839080459770115,0.0,,,,0,0
qwen32B-int4_airline_50runs,verbalized,bge-m3,5dd3b7bf-1f89-4015-8e92-d249b436bd7f,21,30,user,,,,,,0.48706257343292236,0,0
qwen32B-int4_airline_50runs,verbalized,bge-m3,5dd3b7bf-1f89-4015-8e92-d249b436bd7f,22,30,agent,0.6171116232872009,0.30434782608695654,0.0,0.42228931188583374,-0.08230343461036682,,0,0
qwen32B-int4_airline_50runs,verbalized,bge-m3,5dd3b7bf-1f89-4015-8e92-d249b436bd7f,23,30,tool,,,,,,,0,0
qwen32B-int4_airline_50runs,verbalized,bge-m3,5dd3b7bf-1f89-4015-8e92-d249b436bd7f,24,30,agent,0.5380540490150452,0.16822429906542055,0.0,,,,0,0
qwen32B-int4_airline_50runs,verbalized,bge-m3,5dd3b7bf-1f89-4015-8e92-d249b436bd7f,25,30,user,,,,,,0.2467024326324463,0,0
qwen32B-int4_airline_50runs,verbalized,bge-m3,5dd3b7bf-1f89-4015-8e92-d249b436bd7f,26,30,agent,0.7041493654251099,0.3217391304347826,0.0,,,,0,0
qwen32B-int4_airline_50runs,verbalized,bge-m3,5dd3b7bf-1f89-4015-8e92-d249b436bd7f,27,30,user,,,,,,0.35290956497192383,0,0
qwen32B-int4_airline_50runs,verbalized,bge-m3,5dd3b7bf-1f89-4015-8e92-d249b436bd7f,28,30,agent,0.8690418004989624,0.4728682170542636,0.0,,,,0,0
qwen32B-int4_airline_50runs,verbalized,bge-m3,5dd3b7bf-1f89-4015-8e92-d249b436bd7f,29,30,user,,,,,,0.3183603286743164,0,0
qwen32B-int4_airline_50runs,verbalized,bge-m3,d3f9fc2a-d78f-4ee0-8c03-f322ce130de4,0,28,agent,,,,,,,0,1
qwen32B-int4_airline_50runs,verbalized,bge-m3,d3f9fc2a-d78f-4ee0-8c03-f322ce130de4,1,28,user,,,,,,0.5220890939235687,0,1
qwen32B-int4_airline_50runs,verbalized,bge-m3,d3f9fc2a-d78f-4ee0-8c03-f322ce130de4,2,28,agent,0.44516900181770325,0.05454545454545454,0.0,,,,0,1
qwen32B-int4_airline_50runs,verbalized,bge-m3,d3f9fc2a-d78f-4ee0-8c03-f322ce130de4,3,28,user,,,,,,0.2575078010559082,0,1
qwen32B-int4_airline_50runs,verbalized,bge-m3,d3f9fc2a-d78f-4ee0-8c03-f322ce130de4,4,28,agent,0.49936074018478394,0.01639344262295082,0.0,0.3563598394393921,-0.12332612872123716,,0,1
qwen32B-int4_airline_50runs,verbalized,bge-m3,d3f9fc2a-d78f-4ee0-8c03-f322ce130de4,5,28,tool,,,,,,,0,1
qwen32B-int4_airline_50runs,verbalized,bge-m3,d3f9fc2a-d78f-4ee0-8c03-f322ce130de4,6,28,agent,0.7751657962799072,0.3076923076923077,0.0,,,,0,1
qwen32B-int4_airline_50runs,verbalized,bge-m3,d3f9fc2a-d78f-4ee0-8c03-f322ce130de4,7,28,user,,,,,,0.2755688428878784,0,1
qwen32B-int4_airline_50runs,verbalized,bge-m3,d3f9fc2a-d78f-4ee0-8c03-f322ce130de4,8,28,agent,0.8255823254585266,0.4666666666666667,0.0,0.3855751156806946,-0.07744415402412413,,0,1
qwen32B-int4_airline_50runs,verbalized,bge-m3,d3f9fc2a-d78f-4ee0-8c03-f322ce130de4,9,28,tool,,,,,,,0,1
qwen32B-int4_airline_50runs,verbalized,bge-m3,d3f9fc2a-d78f-4ee0-8c03-f322ce130de4,10,28,agent,0.776192843914032,0.3103448275862069,0.0,,,,0,1
qwen32B-int4_airline_50runs,verbalized,bge-m3,d3f9fc2a-d78f-4ee0-8c03-f322ce130de4,11,28,user,,,,,,0.2679055333137512,0,1
qwen32B-int4_airline_50runs,verbalized,bge-m3,d3f9fc2a-d78f-4ee0-8c03-f322ce130de4,12,28,agent,0.7760670781135559,0.34615384615384615,0.0,0.4107978940010071,0.04577866792678831,,0,1
qwen32B-int4_airline_50runs,verbalized,bge-m3,d3f9fc2a-d78f-4ee0-8c03-f322ce130de4,13,28,tool,,,,,,,0,1
qwen32B-int4_airline_50runs,verbalized,bge-m3,d3f9fc2a-d78f-4ee0-8c03-f322ce130de4,14,28,agent,0.7173920273780823,0.26666666666666666,0.0,,,,0,1
qwen32B-int4_airline_50runs,verbalized,bge-m3,d3f9fc2a-d78f-4ee0-8c03-f322ce130de4,15,28,user,,,,,,0.20720994472503662,0,1
qwen32B-int4_airline_50runs,verbalized,bge-m3,d3f9fc2a-d78f-4ee0-8c03-f322ce130de4,16,28,agent,0.7224303483963013,0.24074074074074073,0.0,,,,0,1
qwen32B-int4_airline_50runs,verbalized,bge-m3,d3f9fc2a-d78f-4ee0-8c03-f322ce130de4,17,28,user,,,,,,0.11180394887924194,0,1
qwen32B-int4_airline_50runs,verbalized,bge-m3,d3f9fc2a-d78f-4ee0-8c03-f322ce130de4,18,28,agent,0.46707621216773987,0.0,0.0,0.3681598901748657,-0.01654852628707887,,0,1
qwen32B-int4_airline_50runs,verbalized,bge-m3,d3f9fc2a-d78f-4ee0-8c03-f322ce130de4,19,28,tool,,,,,,,0,1
qwen32B-int4_airline_50runs,verbalized,bge-m3,d3f9fc2a-d78f-4ee0-8c03-f322ce130de4,20,28,agent,0.9846556782722473,0.7894736842105263,0.0,0.3540452718734741,-0.02838233709335325,,0,1
qwen32B-int4_airline_50runs,verbalized,bge-m3,d3f9fc2a-d78f-4ee0-8c03-f322ce130de4,21,28,tool,,,,,,,0,1
qwen32B-int4_airline_50runs,verbalized,bge-m3,d3f9fc2a-d78f-4ee0-8c03-f322ce130de4,22,28,agent,0.5457459688186646,0.022727272727272728,0.0,,,,0,1
qwen32B-int4_airline_50runs,verbalized,bge-m3,d3f9fc2a-d78f-4ee0-8c03-f322ce130de4,23,28,user,,,,,,0.30439817905426025,0,1
qwen32B-int4_airline_50runs,verbalized,bge-m3,d3f9fc2a-d78f-4ee0-8c03-f322ce130de4,24,28,agent,0.7184628248214722,0.36666666666666664,0.0,0.29336392879486084,-0.08101382255554201,,0,1
qwen32B-int4_airline_50runs,verbalized,bge-m3,d3f9fc2a-d78f-4ee0-8c03-f322ce130de4,25,28,tool,,,,,,,0,1
qwen32B-int4_airline_50runs,verbalized,bge-m3,d3f9fc2a-d78f-4ee0-8c03-f322ce130de4,26,28,agent,0.8084750771522522,0.28440366972477066,0.0,,,,0,1
qwen32B-int4_airline_50runs,verbalized,bge-m3,d3f9fc2a-d78f-4ee0-8c03-f322ce130de4,27,28,user,,,,,,0.5369995534420013,0,1
qwen32B-int4_airline_50runs,verbalized,bge-m3,b26820e7-d732-4db5-9d29-851413a78ad6,0,78,agent,,,,,,,0,0
qwen32B-int4_airline_50runs,verbalized,bge-m3,b26820e7-d732-4db5-9d29-851413a78ad6,1,78,user,,,,,,0.5546886324882507,0,0
qwen32B-int4_airline_50runs,verbalized,bge-m3,b26820e7-d732-4db5-9d29-851413a78ad6,2,78,agent,0.4963033199310303,0.0,0.0,0.35204392671585083,0.0,,0,0
qwen32B-int4_airline_50runs,verbalized,bge-m3,b26820e7-d732-4db5-9d29-851413a78ad6,3,78,tool,,,,,,,0,0
qwen32B-int4_airline_50runs,verbalized,bge-m3,b26820e7-d732-4db5-9d29-851413a78ad6,4,78,agent,0.5387881994247437,0.07142857142857142,0.0,,,,0,0
qwen32B-int4_airline_50runs,verbalized,bge-m3,b26820e7-d732-4db5-9d29-851413a78ad6,5,78,user,,,,,,0.38981473445892334,0,0
qwen32B-int4_airline_50runs,verbalized,bge-m3,b26820e7-d732-4db5-9d29-851413a78ad6,6,78,agent,0.7604380249977112,0.27,0.0,,,,0,0
qwen32B-int4_airline_50runs,verbalized,bge-m3,b26820e7-d732-4db5-9d29-851413a78ad6,7,78,user,,,,,,0.2995912432670593,0,0
qwen32B-int4_airline_50runs,verbalized,bge-m3,b26820e7-d732-4db5-9d29-851413a78ad6,8,78,agent,0.5901582837104797,0.04285714285714286,0.0,0.26587188243865967,0.0,,0,0
qwen32B-int4_airline_50runs,verbalized,bge-m3,b26820e7-d732-4db5-9d29-851413a78ad6,9,78,tool,,,,,,,0,0
qwen32B-int4_airline_50runs,verbalized,bge-m3,b26820e7-d732-4db5-9d29-851413a78ad6,10,78,agent,0.8502355813980103,0.2692307692307692,0.0,,,,0,0
qwen32B-int4_airline_50runs,verbalized,bge-m3,b26820e7-d732-4db5-9d29-851413a78ad6,11,78,user,,,,,,0.15675556659698486,0,0
qwen32B-int4_airline_50runs,verbalized,bge-m3,b26820e7-d732-4db5-9d29-851413a78ad6,12,78,agent,0.9976772665977478,0.9047619047619048,0.9047619047619048,0.25758904218673706,0.0,,0,0
qwen32B-int4_airline_50runs,verbalized,bge-m3,b26820e7-d732-4db5-9d29-851413a78ad6,13,78,tool,,,,,,,0,0
qwen32B-int4_airline_50runs,verbalized,bge-m3,b26820e7-d732-4db5-9d29-851413a78ad6,14,78,agent,0.8369033336639404,0.34146341463414637,0.0,,,,0,0
qwen32B-int4_airline_50runs,verbalized,bge-m3,b26820e7-d732-4db5-9d29-851413a78ad6,15,78,user,,,,,,0.314872145652771,0,0
qwen32B-int4_airline_50runs,verbalized,bge-m3,b26820e7-d732-4db5-9d29-851413a78ad6,16,78,agent,0.7470345497131348,0.21,0.0,,,,0,0
qwen32B-int4_airline_50runs,verbalized,bge-m3,b26820e7-d732-4db5-9d29-851413a78ad6,17,78,user,,,,,,0.15835464000701904,0,0
qwen32B-int4_airline_50runs,verbalized,bge-m3,b26820e7-d732-4db5-9d29-851413a78ad6,18,78,agent,0.6494972705841064,0.03488372093023256,0.0,0.255932092666626,0.0,,0,0
qwen32B-int4_airline_50runs,verbalized,bge-m3,b26820e7-d732-4db5-9d29-851413a78ad6,19,78,tool,,,,,,,0,0
qwen32B-int4_airline_50runs,verbalized,bge-m3,b26820e7-d732-4db5-9d29-851413a78ad6,20,78,agent,0.7646386623382568,0.2,0.0,,,,0,0
qwen32B-int4_airline_50runs,verbalized,bge-m3,b26820e7-d732-4db5-9d29-851413a78ad6,21,78,user,,,,,,0.2918524742126465,0,0
qwen32B-int4_airline_50runs,verbalized,bge-m3,b26820e7-d732-4db5-9d29-851413a78ad6,22,78,agent,0.7645953297615051,0.21367521367521367,0.0,,,,0,0
qwen32B-int4_airline_50runs,verbalized,bge-m3,b26820e7-d732-4db5-9d29-851413a78ad6,23,78,user,,,,,,0.10743057727813721,0,0
qwen32B-int4_airline_50runs,verbalized,bge-m3,b26820e7-d732-4db5-9d29-851413a78ad6,24,78,agent,0.6104218363761902,0.011363636363636364,0.0,0.25820720195770264,0.0,,0,0
qwen32B-int4_airline_50runs,verbalized,bge-m3,b26820e7-d732-4db5-9d29-851413a78ad6,25,78,tool,,,,,,,0,0
qwen32B-int4_airline_50runs,verbalized,bge-m3,b26820e7-d732-4db5-9d29-851413a78ad6,26,78,agent,0.7535507082939148,0.22950819672131148,0.0,,,,0,0
qwen32B-int4_airline_50runs,verbalized,bge-m3,b26820e7-d732-4db5-9d29-851413a78ad6,27,78,user,,,,,,0.26167869567871094,0,0
qwen32B-int4_airline_50runs,verbalized,bge-m3,b26820e7-d732-4db5-9d29-851413a78ad6,28,78,agent,0.8042571544647217,0.26356589147286824,0.0,,,,0,0
qwen32B-int4_airline_50runs,verbalized,bge-m3,b26820e7-d732-4db5-9d29-851413a78ad6,29,78,user,,,,,,0.1281840205192566,0,0
qwen32B-int4_airline_50runs,verbalized,bge-m3,b26820e7-d732-4db5-9d29-851413a78ad6,30,78,agent,0.60727858543396,0.010416666666666666,0.0,0.2577129602432251,0.0,,0,0
qwen32B-int4_airline_50runs,verbalized,bge-m3,b26820e7-d732-4db5-9d29-851413a78ad6,31,78,tool,,,,,,,0,0
qwen32B-int4_airline_50runs,verbalized,bge-m3,b26820e7-d732-4db5-9d29-851413a78ad6,32,78,agent,0.8020831942558289,0.26356589147286824,0.0,,,,0,0
qwen32B-int4_airline_50runs,verbalized,bge-m3,b26820e7-d732-4db5-9d29-851413a78ad6,33,78,user,,,,,,0.2511768937110901,0,0
qwen32B-int4_airline_50runs,verbalized,bge-m3,b26820e7-d732-4db5-9d29-851413a78ad6,34,78,agent,0.7782231569290161,0.2644628099173554,0.0,,,,0,0
qwen32B-int4_airline_50runs,verbalized,bge-m3,b26820e7-d732-4db5-9d29-851413a78ad6,35,78,user,,,,,,0.11224246025085449,0,0
qwen32B-int4_airline_50runs,verbalized,bge-m3,b26820e7-d732-4db5-9d29-851413a78ad6,36,78,agent,0.6034977436065674,0.010526315789473684,0.0,0.2582334876060486,0.0,,0,0
qwen32B-int4_airline_50runs,verbalized,bge-m3,b26820e7-d732-4db5-9d29-851413a78ad6,37,78,tool,,,,,,,0,0
qwen32B-int4_airline_50runs,verbalized,bge-m3,b26820e7-d732-4db5-9d29-851413a78ad6,38,78,agent,0.7798731327056885,0.2644628099173554,0.0,,,,0,0
qwen32B-int4_airline_50runs,verbalized,bge-m3,b26820e7-d732-4db5-9d29-851413a78ad6,39,78,user,,,,,,0.25141483545303345,0,0
qwen32B-int4_airline_50runs,verbalized,bge-m3,b26820e7-d732-4db5-9d29-851413a78ad6,40,78,agent,0.7798851132392883,0.25,0.0,,,,0,0
qwen32B-int4_airline_50runs,verbalized,bge-m3,b26820e7-d732-4db5-9d29-851413a78ad6,41,78,user,,,,,,0.11047226190567017,0,0
qwen32B-int4_airline_50runs,verbalized,bge-m3,b26820e7-d732-4db5-9d29-851413a78ad6,42,78,agent,0.60672527551651,0.010869565217391304,0.0,0.2624955177307129,0.0,,0,0
qwen32B-int4_airline_50runs,verbalized,bge-m3,b26820e7-d732-4db5-9d29-851413a78ad6,43,78,tool,,,,,,,0,0
qwen32B-int4_airline_50runs,verbalized,bge-m3,b26820e7-d732-4db5-9d29-851413a78ad6,44,78,agent,0.7817797660827637,0.25,0.0,,,,0,0
qwen32B-int4_airline_50runs,verbalized,bge-m3,b26820e7-d732-4db5-9d29-851413a78ad6,45,78,user,,,,,,0.25156933069229126,0,0
qwen32B-int4_airline_50runs,verbalized,bge-m3,b26820e7-d732-4db5-9d29-851413a78ad6,46,78,agent,0.7816181778907776,0.2644628099173554,0.0,,,,0,0
qwen32B-int4_airline_50runs,verbalized,bge-m3,b26820e7-d732-4db5-9d29-851413a78ad6,47,78,user,,,,,,0.11224246025085449,0,0
qwen32B-int4_airline_50runs,verbalized,bge-m3,b26820e7-d732-4db5-9d29-851413a78ad6,48,78,agent,0.6038962006568909,0.010526315789473684,0.0,0.2607322931289673,0.0,,0,0
qwen32B-int4_airline_50runs,verbalized,bge-m3,b26820e7-d732-4db5-9d29-851413a78ad6,49,78,tool,,,,,,,0,0
qwen32B-int4_airline_50runs,verbalized,bge-m3,b26820e7-d732-4db5-9d29-851413a78ad6,50,78,agent,0.7770878672599792,0.2644628099173554,0.0,,,,0,0
qwen32B-int4_airline_50runs,verbalized,bge-m3,b26820e7-d732-4db5-9d29-851413a78ad6,51,78,user,,,,,,0.25184130668640137,0,0
qwen32B-int4_airline_50runs,verbalized,bge-m3,b26820e7-d732-4db5-9d29-851413a78ad6,52,78,agent,0.7775960564613342,0.25,0.0,,,,0,0
qwen32B-int4_airline_50runs,verbalized,bge-m3,b26820e7-d732-4db5-9d29-851413a78ad6,53,78,user,,,,,,0.11047226190567017,0,0
qwen32B-int4_airline_50runs,verbalized,bge-m3,b26820e7-d732-4db5-9d29-851413a78ad6,54,78,agent,0.6033626794815063,0.010869565217391304,0.0,0.25575560331344604,0.0,,0,0
qwen32B-int4_airline_50runs,verbalized,bge-m3,b26820e7-d732-4db5-9d29-851413a78ad6,55,78,tool,,,,,,,0,0
qwen32B-int4_airline_50runs,verbalized,bge-m3,b26820e7-d732-4db5-9d29-851413a78ad6,56,78,agent,0.7817178964614868,0.25,0.0,,,,0,0
qwen32B-int4_airline_50runs,verbalized,bge-m3,b26820e7-d732-4db5-9d29-851413a78ad6,57,78,user,,,,,,0.251725971698761,0,0
qwen32B-int4_airline_50runs,verbalized,bge-m3,b26820e7-d732-4db5-9d29-851413a78ad6,58,78,agent,0.7817075252532959,0.2644628099173554,0.0,,,,0,0
qwen32B-int4_airline_50runs,verbalized,bge-m3,b26820e7-d732-4db5-9d29-851413a78ad6,59,78,user,,,,,,0.11224246025085449,0,0
qwen32B-int4_airline_50runs,verbalized,bge-m3,b26820e7-d732-4db5-9d29-851413a78ad6,60,78,agent,0.9178934097290039,0.5104166666666666,0.0,,,,0,0
qwen32B-int4_airline_50runs,verbalized,bge-m3,b26820e7-d732-4db5-9d29-851413a78ad6,61,78,user,,,,,,0.1251593828201294,0,0
qwen32B-int4_airline_50runs,verbalized,bge-m3,b26820e7-d732-4db5-9d29-851413a78ad6,62,78,agent,0.988741934299469,0.9036144578313253,0.0,,,,0,0
qwen32B-int4_airline_50runs,verbalized,bge-m3,b26820e7-d732-4db5-9d29-851413a78ad6,63,78,user,,,,,,0.11119067668914795,0,0
qwen32B-int4_airline_50runs,verbalized,bge-m3,b26820e7-d732-4db5-9d29-851413a78ad6,64,78,agent,0.9904019236564636,0.8481012658227848,0.0,,,,0,0
qwen32B-int4_airline_50runs,verbalized,bge-m3,b26820e7-d732-4db5-9d29-851413a78ad6,65,78,user,,,,,,0.136674165725708,0,0
qwen32B-int4_airline_50runs,verbalized,bge-m3,b26820e7-d732-4db5-9d29-851413a78ad6,66,78,agent,0.9981352686882019,0.9759036144578314,0.9759036144578314,,,,0,0
qwen32B-int4_airline_50runs,verbalized,bge-m3,b26820e7-d732-4db5-9d29-851413a78ad6,67,78,user,,,,,,0.11716151237487793,0,0
qwen32B-int4_airline_50runs,verbalized,bge-m3,b26820e7-d732-4db5-9d29-851413a78ad6,68,78,agent,0.9946604371070862,0.8313253012048193,0.0,,,,0,0
qwen32B-int4_airline_50runs,verbalized,bge-m3,b26820e7-d732-4db5-9d29-851413a78ad6,69,78,user,,,,,,0.13511717319488525,0,0
qwen32B-int4_airline_50runs,verbalized,bge-m3,b26820e7-d732-4db5-9d29-851413a78ad6,70,78,agent,0.9679305553436279,0.8351648351648352,0.0,,,,0,0
qwen32B-int4_airline_50runs,verbalized,bge-m3,b26820e7-d732-4db5-9d29-851413a78ad6,71,78,user,,,,,,0.09902346134185791,0,0
qwen32B-int4_airline_50runs,verbalized,bge-m3,b26820e7-d732-4db5-9d29-851413a78ad6,72,78,agent,0.9163658022880554,0.3557692307692308,0.0,,,,0,0
qwen32B-int4_airline_50runs,verbalized,bge-m3,b26820e7-d732-4db5-9d29-851413a78ad6,73,78,user,,,,,,0.13772064447402954,0,0
qwen32B-int4_airline_50runs,verbalized,bge-m3,b26820e7-d732-4db5-9d29-851413a78ad6,74,78,agent,0.9185945987701416,0.40540540540540543,0.0,,,,0,0
qwen32B-int4_airline_50runs,verbalized,bge-m3,b26820e7-d732-4db5-9d29-851413a78ad6,75,78,user,,,,,,0.36216944456100464,0,0
qwen32B-int4_airline_50runs,verbalized,bge-m3,b26820e7-d732-4db5-9d29-851413a78ad6,76,78,agent,0.7884891033172607,0.37272727272727274,0.0,,,,0,0
qwen32B-int4_airline_50runs,verbalized,bge-m3,b26820e7-d732-4db5-9d29-851413a78ad6,77,78,user,,,,,,0.19683218002319336,0,0
qwen32B-int4_airline_50runs,verbalized,bge-m3,04ad51ab-bc2b-401d-bd75-02d5068c8b6f,0,24,agent,,,,,,,0,1
qwen32B-int4_airline_50runs,verbalized,bge-m3,04ad51ab-bc2b-401d-bd75-02d5068c8b6f,1,24,user,,,,,,0.5373828113079071,0,1
qwen32B-int4_airline_50runs,verbalized,bge-m3,04ad51ab-bc2b-401d-bd75-02d5068c8b6f,2,24,agent,0.49108871817588806,0.09523809523809523,0.0,,,,0,1
qwen32B-int4_airline_50runs,verbalized,bge-m3,04ad51ab-bc2b-401d-bd75-02d5068c8b6f,3,24,user,,,,,,0.27781128883361816,0,1
qwen32B-int4_airline_50runs,verbalized,bge-m3,04ad51ab-bc2b-401d-bd75-02d5068c8b6f,4,24,agent,0.5566986799240112,0.02040816326530612,0.0,0.3609471321105957,-0.1148754835128784,,0,1
qwen32B-int4_airline_50runs,verbalized,bge-m3,04ad51ab-bc2b-401d-bd75-02d5068c8b6f,5,24,tool,,,,,,,0,1
qwen32B-int4_airline_50runs,verbalized,bge-m3,04ad51ab-bc2b-401d-bd75-02d5068c8b6f,6,24,agent,0.6963008046150208,0.18840579710144928,0.0,0.5449012815952301,0.051755213737487815,,0,1
qwen32B-int4_airline_50runs,verbalized,bge-m3,04ad51ab-bc2b-401d-bd75-02d5068c8b6f,7,24,tool,,,,,,,0,1
qwen32B-int4_airline_50runs,verbalized,bge-m3,04ad51ab-bc2b-401d-bd75-02d5068c8b6f,8,24,agent,0.7613453269004822,0.3684210526315789,0.0,0.509156197309494,0.12551071643829348,,0,1
qwen32B-int4_airline_50runs,verbalized,bge-m3,04ad51ab-bc2b-401d-bd75-02d5068c8b6f,9,24,tool,,,,,,,0,1
qwen32B-int4_airline_50runs,verbalized,bge-m3,04ad51ab-bc2b-401d-bd75-02d5068c8b6f,10,24,agent,0.7330597043037415,0.28205128205128205,0.0,0.3397764563560486,-0.11552990674972535,,0,1
qwen32B-int4_airline_50runs,verbalized,bge-m3,04ad51ab-bc2b-401d-bd75-02d5068c8b6f,11,24,tool,,,,,,,0,1
qwen32B-int4_airline_50runs,verbalized,bge-m3,04ad51ab-bc2b-401d-bd75-02d5068c8b6f,12,24,agent,0.8341463208198547,0.5238095238095238,0.0,0.37068402767181396,-0.047259557247161854,,0,1
qwen32B-int4_airline_50runs,verbalized,bge-m3,04ad51ab-bc2b-401d-bd75-02d5068c8b6f,13,24,tool,,,,,,,0,1
qwen32B-int4_airline_50runs,verbalized,bge-m3,04ad51ab-bc2b-401d-bd75-02d5068c8b6f,14,24,agent,0.9168499708175659,0.3218390804597701,0.0,,,,0,1
qwen32B-int4_airline_50runs,verbalized,bge-m3,04ad51ab-bc2b-401d-bd75-02d5068c8b6f,15,24,user,,,,,,0.29960930347442627,0,1
qwen32B-int4_airline_50runs,verbalized,bge-m3,04ad51ab-bc2b-401d-bd75-02d5068c8b6f,16,24,agent,0.6234118342399597,0.25263157894736843,0.0,,,,0,1
qwen32B-int4_airline_50runs,verbalized,bge-m3,04ad51ab-bc2b-401d-bd75-02d5068c8b6f,17,24,user,,,,,,0.4071337580680847,0,1
qwen32B-int4_airline_50runs,verbalized,bge-m3,04ad51ab-bc2b-401d-bd75-02d5068c8b6f,18,24,agent,0.8984616994857788,0.46987951807228917,0.0,,,,0,1
qwen32B-int4_airline_50runs,verbalized,bge-m3,04ad51ab-bc2b-401d-bd75-02d5068c8b6f,19,24,user,,,,,,0.19908225536346436,0,1
qwen32B-int4_airline_50runs,verbalized,bge-m3,04ad51ab-bc2b-401d-bd75-02d5068c8b6f,20,24,agent,0.5757877826690674,0.1,0.0,0.3051028251647949,-0.10679765939712527,,0,1
qwen32B-int4_airline_50runs,verbalized,bge-m3,04ad51ab-bc2b-401d-bd75-02d5068c8b6f,21,24,tool,,,,,,,0,1
qwen32B-int4_airline_50runs,verbalized,bge-m3,04ad51ab-bc2b-401d-bd75-02d5068c8b6f,22,24,agent,0.8276789784431458,0.32954545454545453,0.0,,,,0,1
qwen32B-int4_airline_50runs,verbalized,bge-m3,04ad51ab-bc2b-401d-bd75-02d5068c8b6f,23,24,user,,,,,,0.41193288564682007,0,1
qwen32B-int4_airline_50runs,verbalized,bge-m3,3fa9b13e-95b6-4dfd-8f2f-85f109b10b0d,0,30,agent,,,,,,,0,1
qwen32B-int4_airline_50runs,verbalized,bge-m3,3fa9b13e-95b6-4dfd-8f2f-85f109b10b0d,1,30,user,,,,,,0.48495686054229736,0,1
qwen32B-int4_airline_50runs,verbalized,bge-m3,3fa9b13e-95b6-4dfd-8f2f-85f109b10b0d,2,30,agent,0.4995310604572296,0.05660377358490566,0.0,,,,0,1
qwen32B-int4_airline_50runs,verbalized,bge-m3,3fa9b13e-95b6-4dfd-8f2f-85f109b10b0d,3,30,user,,,,,,0.27368879318237305,0,1
qwen32B-int4_airline_50runs,verbalized,bge-m3,3fa9b13e-95b6-4dfd-8f2f-85f109b10b0d,4,30,agent,0.5879095196723938,0.01694915254237288,0.0,0.3947798013687134,-0.1060513913631439,,0,1
qwen32B-int4_airline_50runs,verbalized,bge-m3,3fa9b13e-95b6-4dfd-8f2f-85f109b10b0d,5,30,tool,,,,,,,0,1
qwen32B-int4_airline_50runs,verbalized,bge-m3,3fa9b13e-95b6-4dfd-8f2f-85f109b10b0d,6,30,agent,0.6625990867614746,0.18556701030927836,0.0,,,,0,1
qwen32B-int4_airline_50runs,verbalized,bge-m3,3fa9b13e-95b6-4dfd-8f2f-85f109b10b0d,7,30,user,,,,,,0.16797137260437012,0,1
qwen32B-int4_airline_50runs,verbalized,bge-m3,3fa9b13e-95b6-4dfd-8f2f-85f109b10b0d,8,30,agent,0.7540110349655151,0.3333333333333333,0.0,0.34310609102249146,-0.12943856716156005,,0,1
qwen32B-int4_airline_50runs,verbalized,bge-m3,3fa9b13e-95b6-4dfd-8f2f-85f109b10b0d,9,30,tool,,,,,,,0,1
qwen32B-int4_airline_50runs,verbalized,bge-m3,3fa9b13e-95b6-4dfd-8f2f-85f109b10b0d,10,30,agent,0.818609356880188,0.2882882882882883,0.0,,,,0,1
qwen32B-int4_airline_50runs,verbalized,bge-m3,3fa9b13e-95b6-4dfd-8f2f-85f109b10b0d,11,30,user,,,,,,0.2807408571243286,0,1
qwen32B-int4_airline_50runs,verbalized,bge-m3,3fa9b13e-95b6-4dfd-8f2f-85f109b10b0d,12,30,agent,0.8155118227005005,0.26956521739130435,0.0,,,,0,1
qwen32B-int4_airline_50runs,verbalized,bge-m3,3fa9b13e-95b6-4dfd-8f2f-85f109b10b0d,13,30,user,,,,,,0.15770959854125977,0,1
qwen32B-int4_airline_50runs,verbalized,bge-m3,3fa9b13e-95b6-4dfd-8f2f-85f109b10b0d,14,30,agent,0.47960132360458374,0.0,0.0,0.407115638256073,-0.1021022140979767,,0,1
qwen32B-int4_airline_50runs,verbalized,bge-m3,3fa9b13e-95b6-4dfd-8f2f-85f109b10b0d,15,30,tool,,,,,,,0,1
qwen32B-int4_airline_50runs,verbalized,bge-m3,3fa9b13e-95b6-4dfd-8f2f-85f109b10b0d,16,30,agent,0.9186210036277771,0.3924050632911392,0.0,,,,0,1
qwen32B-int4_airline_50runs,verbalized,bge-m3,3fa9b13e-95b6-4dfd-8f2f-85f109b10b0d,17,30,user,,,,,,0.30057770013809204,0,1
qwen32B-int4_airline_50runs,verbalized,bge-m3,3fa9b13e-95b6-4dfd-8f2f-85f109b10b0d,18,30,agent,0.67935711145401,0.12962962962962962,0.0,0.4979243278503418,0.17517331838607786,,0,1
qwen32B-int4_airline_50runs,verbalized,bge-m3,3fa9b13e-95b6-4dfd-8f2f-85f109b10b0d,19,30,tool,,,,,,,0,1
qwen32B-int4_airline_50runs,verbalized,bge-m3,3fa9b13e-95b6-4dfd-8f2f-85f109b10b0d,20,30,agent,0.6549473404884338,0.22535211267605634,0.0,,,,0,1
qwen32B-int4_airline_50runs,verbalized,bge-m3,3fa9b13e-95b6-4dfd-8f2f-85f109b10b0d,21,30,user,,,,,,0.22439229488372803,0,1
qwen32B-int4_airline_50runs,verbalized,bge-m3,3fa9b13e-95b6-4dfd-8f2f-85f109b10b0d,22,30,agent,0.9981842041015625,0.9230769230769231,0.0,0.46988236904144287,0.1407685399055481,,0,1
qwen32B-int4_airline_50runs,verbalized,bge-m3,3fa9b13e-95b6-4dfd-8f2f-85f109b10b0d,23,30,tool,,,,,,,0,1
qwen32B-int4_airline_50runs,verbalized,bge-m3,3fa9b13e-95b6-4dfd-8f2f-85f109b10b0d,24,30,agent,0.7688016891479492,0.35384615384615387,0.0,,,,0,1
qwen32B-int4_airline_50runs,verbalized,bge-m3,3fa9b13e-95b6-4dfd-8f2f-85f109b10b0d,25,30,user,,,,,,0.3218843340873718,0,1
qwen32B-int4_airline_50runs,verbalized,bge-m3,3fa9b13e-95b6-4dfd-8f2f-85f109b10b0d,26,30,agent,0.9914194941520691,0.9230769230769231,0.9230769230769231,0.4888749122619629,0.15542370080947876,,0,1
qwen32B-int4_airline_50runs,verbalized,bge-m3,3fa9b13e-95b6-4dfd-8f2f-85f109b10b0d,27,30,tool,,,,,,,0,1
qwen32B-int4_airline_50runs,verbalized,bge-m3,3fa9b13e-95b6-4dfd-8f2f-85f109b10b0d,28,30,agent,0.8085811138153076,0.3620689655172414,0.0,,,,0,1
qwen32B-int4_airline_50runs,verbalized,bge-m3,3fa9b13e-95b6-4dfd-8f2f-85f109b10b0d,29,30,user,,,,,,0.5764096975326538,0,1
qwen32B-int4_airline_50runs,verbalized,bge-m3,3968582e-9efd-411e-af9f-ae8480bfa436,0,29,agent,,,,,,,0,1
qwen32B-int4_airline_50runs,verbalized,bge-m3,3968582e-9efd-411e-af9f-ae8480bfa436,1,29,user,,,,,,0.5125028789043427,0,1
qwen32B-int4_airline_50runs,verbalized,bge-m3,3968582e-9efd-411e-af9f-ae8480bfa436,2,29,agent,0.49077627062797546,0.0625,0.0,0.4189174771308899,-0.10231170654296873,,0,1
qwen32B-int4_airline_50runs,verbalized,bge-m3,3968582e-9efd-411e-af9f-ae8480bfa436,3,29,tool,,,,,,,0,1
qwen32B-int4_airline_50runs,verbalized,bge-m3,3968582e-9efd-411e-af9f-ae8480bfa436,4,29,agent,0.7322716116905212,0.2077922077922078,0.0,,,,0,1
qwen32B-int4_airline_50runs,verbalized,bge-m3,3968582e-9efd-411e-af9f-ae8480bfa436,5,29,user,,,,,,0.2223108410835266,0,1
qwen32B-int4_airline_50runs,verbalized,bge-m3,3968582e-9efd-411e-af9f-ae8480bfa436,6,29,agent,0.4804554581642151,0.08333333333333333,0.0,0.35963737964630127,-0.12069162726402283,,0,1
qwen32B-int4_airline_50runs,verbalized,bge-m3,3968582e-9efd-411e-af9f-ae8480bfa436,7,29,tool,,,,,,,0,1
qwen32B-int4_airline_50runs,verbalized,bge-m3,3968582e-9efd-411e-af9f-ae8480bfa436,8,29,tool,,,,,,,0,1
qwen32B-int4_airline_50runs,verbalized,bge-m3,3968582e-9efd-411e-af9f-ae8480bfa436,9,29,agent,0.8408654928207397,0.3,0.0,,,,0,1
qwen32B-int4_airline_50runs,verbalized,bge-m3,3968582e-9efd-411e-af9f-ae8480bfa436,10,29,user,,,,,,0.5563189685344696,0,1
qwen32B-int4_airline_50runs,verbalized,bge-m3,3968582e-9efd-411e-af9f-ae8480bfa436,11,29,agent,0.46077126264572144,0.09230769230769231,0.0,,,,0,1
qwen32B-int4_airline_50runs,verbalized,bge-m3,3968582e-9efd-411e-af9f-ae8480bfa436,12,29,user,,,,,,0.11347585916519165,0,1
qwen32B-int4_airline_50runs,verbalized,bge-m3,3968582e-9efd-411e-af9f-ae8480bfa436,13,29,agent,0.6731405854225159,0.0392156862745098,0.0,0.3208109140396118,-0.1351117968559265,,0,1
qwen32B-int4_airline_50runs,verbalized,bge-m3,3968582e-9efd-411e-af9f-ae8480bfa436,14,29,tool,,,,,,,0,1
qwen32B-int4_airline_50runs,verbalized,bge-m3,3968582e-9efd-411e-af9f-ae8480bfa436,15,29,agent,0.7371358871459961,0.34545454545454546,0.0,0.42269569635391235,-0.10970035791397093,,0,1
qwen32B-int4_airline_50runs,verbalized,bge-m3,3968582e-9efd-411e-af9f-ae8480bfa436,16,29,tool,,,,,,,0,1
qwen32B-int4_airline_50runs,verbalized,bge-m3,3968582e-9efd-411e-af9f-ae8480bfa436,17,29,agent,0.6234130859375,0.13043478260869565,0.0,,,,0,1
qwen32B-int4_airline_50runs,verbalized,bge-m3,3968582e-9efd-411e-af9f-ae8480bfa436,18,29,user,,,,,,0.2781807780265808,0,1
qwen32B-int4_airline_50runs,verbalized,bge-m3,3968582e-9efd-411e-af9f-ae8480bfa436,19,29,agent,0.8157041072845459,0.33695652173913043,0.0,0.4253588914871216,-0.10624285936355593,,0,1
qwen32B-int4_airline_50runs,verbalized,bge-m3,3968582e-9efd-411e-af9f-ae8480bfa436,20,29,tool,,,,,,,0,1
qwen32B-int4_airline_50runs,verbalized,bge-m3,3968582e-9efd-411e-af9f-ae8480bfa436,21,29,tool,,,,,,,0,1
qwen32B-int4_airline_50runs,verbalized,bge-m3,3968582e-9efd-411e-af9f-ae8480bfa436,22,29,agent,0.7746118903160095,0.24561403508771928,0.0,0.34896552562713623,-0.14684725403785703,,0,1
qwen32B-int4_airline_50runs,verbalized,bge-m3,3968582e-9efd-411e-af9f-ae8480bfa436,23,29,tool,,,,,,,0,1
qwen32B-int4_airline_50runs,verbalized,bge-m3,3968582e-9efd-411e-af9f-ae8480bfa436,24,29,tool,,,,,,,0,1
qwen32B-int4_airline_50runs,verbalized,bge-m3,3968582e-9efd-411e-af9f-ae8480bfa436,25,29,agent,0.8947017192840576,0.31543624161073824,0.0,,,,0,1
qwen32B-int4_airline_50runs,verbalized,bge-m3,3968582e-9efd-411e-af9f-ae8480bfa436,26,29,user,,,,,,0.3370756506919861,0,1
qwen32B-int4_airline_50runs,verbalized,bge-m3,3968582e-9efd-411e-af9f-ae8480bfa436,27,29,agent,0.6461923122406006,0.21830985915492956,0.0,,,,0,1
qwen32B-int4_airline_50runs,verbalized,bge-m3,3968582e-9efd-411e-af9f-ae8480bfa436,28,29,user,,,,,,0.5453425347805023,0,1
qwen32B-int4_airline_50runs,verbalized,bge-m3,1bf32d5a-bd22-4342-b4cd-b43acb222235,0,23,agent,,,,,,,0,1
qwen32B-int4_airline_50runs,verbalized,bge-m3,1bf32d5a-bd22-4342-b4cd-b43acb222235,1,23,user,,,,,,0.5449976921081543,0,1
qwen32B-int4_airline_50runs,verbalized,bge-m3,1bf32d5a-bd22-4342-b4cd-b43acb222235,2,23,agent,0.5027265548706055,0.06451612903225806,0.0,0.32326626777648926,-0.14632736146450043,,0,1
qwen32B-int4_airline_50runs,verbalized,bge-m3,1bf32d5a-bd22-4342-b4cd-b43acb222235,3,23,tool,,,,,,,0,1
qwen32B-int4_airline_50runs,verbalized,bge-m3,1bf32d5a-bd22-4342-b4cd-b43acb222235,4,23,agent,0.779190719127655,0.17543859649122806,0.0,,,,0,1
qwen32B-int4_airline_50runs,verbalized,bge-m3,1bf32d5a-bd22-4342-b4cd-b43acb222235,5,23,user,,,,,,0.21163135766983032,0,1
qwen32B-int4_airline_50runs,verbalized,bge-m3,1bf32d5a-bd22-4342-b4cd-b43acb222235,6,23,agent,0.6346027851104736,0.02631578947368421,0.0,0.3746456503868103,-0.05978723615407944,,0,1
qwen32B-int4_airline_50runs,verbalized,bge-m3,1bf32d5a-bd22-4342-b4cd-b43acb222235,7,23,tool,,,,,,,0,1
qwen32B-int4_airline_50runs,verbalized,bge-m3,1bf32d5a-bd22-4342-b4cd-b43acb222235,8,23,tool,,,,,,,0,1
qwen32B-int4_airline_50runs,verbalized,bge-m3,1bf32d5a-bd22-4342-b4cd-b43acb222235,9,23,agent,0.7127771377563477,0.19540229885057472,0.0,0.7542634457349777,0.34982170164585114,,0,1
qwen32B-int4_airline_50runs,verbalized,bge-m3,1bf32d5a-bd22-4342-b4cd-b43acb222235,10,23,tool,,,,,,,0,1
qwen32B-int4_airline_50runs,verbalized,bge-m3,1bf32d5a-bd22-4342-b4cd-b43acb222235,11,23,tool,,,,,,,0,1
qwen32B-int4_airline_50runs,verbalized,bge-m3,1bf32d5a-bd22-4342-b4cd-b43acb222235,12,23,agent,0.8519880771636963,0.3472222222222222,0.0,0.39297759532928467,-0.17640458047389984,,0,1
qwen32B-int4_airline_50runs,verbalized,bge-m3,1bf32d5a-bd22-4342-b4cd-b43acb222235,13,23,tool,,,,,,,0,1
qwen32B-int4_airline_50runs,verbalized,bge-m3,1bf32d5a-bd22-4342-b4cd-b43acb222235,14,23,tool,,,,,,,0,1
qwen32B-int4_airline_50runs,verbalized,bge-m3,1bf32d5a-bd22-4342-b4cd-b43acb222235,15,23,agent,0.821786642074585,0.13333333333333333,0.0,,,,0,1
qwen32B-int4_airline_50runs,verbalized,bge-m3,1bf32d5a-bd22-4342-b4cd-b43acb222235,16,23,user,,,,,,0.2911374568939209,0,1
qwen32B-int4_airline_50runs,verbalized,bge-m3,1bf32d5a-bd22-4342-b4cd-b43acb222235,17,23,agent,0.7430451512336731,0.25,0.0,,,,0,1
qwen32B-int4_airline_50runs,verbalized,bge-m3,1bf32d5a-bd22-4342-b4cd-b43acb222235,18,23,user,,,,,,0.3501710295677185,0,1
qwen32B-int4_airline_50runs,verbalized,bge-m3,1bf32d5a-bd22-4342-b4cd-b43acb222235,19,23,agent,0.7896279096603394,0.10975609756097561,0.0,0.28982114791870117,-0.13388416916131973,,0,1
qwen32B-int4_airline_50runs,verbalized,bge-m3,1bf32d5a-bd22-4342-b4cd-b43acb222235,20,23,tool,,,,,,,0,1
qwen32B-int4_airline_50runs,verbalized,bge-m3,1bf32d5a-bd22-4342-b4cd-b43acb222235,21,23,agent,0.8563069105148315,0.35555555555555557,0.0,,,,0,1
qwen32B-int4_airline_50runs,verbalized,bge-m3,1bf32d5a-bd22-4342-b4cd-b43acb222235,22,23,user,,,,,,0.4310324192047119,0,1
qwen32B-int4_airline_50runs,verbalized,bge-m3,4bf0ebf9-cf80-452b-879d-5a28d85e865b,0,22,agent,,,,,,,0,1
qwen32B-int4_airline_50runs,verbalized,bge-m3,4bf0ebf9-cf80-452b-879d-5a28d85e865b,1,22,user,,,,,,0.5024385750293732,0,1
qwen32B-int4_airline_50runs,verbalized,bge-m3,4bf0ebf9-cf80-452b-879d-5a28d85e865b,2,22,agent,0.4968232214450836,0.1,0.0,,,,0,1
qwen32B-int4_airline_50runs,verbalized,bge-m3,4bf0ebf9-cf80-452b-879d-5a28d85e865b,3,22,user,,,,,,0.21349245309829712,0,1
qwen32B-int4_airline_50runs,verbalized,bge-m3,4bf0ebf9-cf80-452b-879d-5a28d85e865b,4,22,agent,0.5360381603240967,0.02127659574468085,0.0,0.3427969217300415,-0.11633669584989548,,0,1
qwen32B-int4_airline_50runs,verbalized,bge-m3,4bf0ebf9-cf80-452b-879d-5a28d85e865b,5,22,tool,,,,,,,0,1
qwen32B-int4_airline_50runs,verbalized,bge-m3,4bf0ebf9-cf80-452b-879d-5a28d85e865b,6,22,agent,0.7971221208572388,0.23076923076923078,0.0,,,,0,1
qwen32B-int4_airline_50runs,verbalized,bge-m3,4bf0ebf9-cf80-452b-879d-5a28d85e865b,7,22,user,,,,,,0.13896691799163818,0,1
qwen32B-int4_airline_50runs,verbalized,bge-m3,4bf0ebf9-cf80-452b-879d-5a28d85e865b,8,22,agent,0.8316397666931152,0.4666666666666667,0.0,0.37767207622528076,-0.0642063096165657,,0,1
qwen32B-int4_airline_50runs,verbalized,bge-m3,4bf0ebf9-cf80-452b-879d-5a28d85e865b,9,22,tool,,,,,,,0,1
qwen32B-int4_airline_50runs,verbalized,bge-m3,4bf0ebf9-cf80-452b-879d-5a28d85e865b,10,22,agent,0.6671346426010132,0.21052631578947367,0.0,0.729062408208847,0.2960217148065567,,0,1
qwen32B-int4_airline_50runs,verbalized,bge-m3,4bf0ebf9-cf80-452b-879d-5a28d85e865b,11,22,tool,,,,,,,0,1
qwen32B-int4_airline_50runs,verbalized,bge-m3,4bf0ebf9-cf80-452b-879d-5a28d85e865b,12,22,agent,0.7282239198684692,0.3333333333333333,0.0,0.3020106554031372,-0.090968057513237,,0,1
qwen32B-int4_airline_50runs,verbalized,bge-m3,4bf0ebf9-cf80-452b-879d-5a28d85e865b,13,22,tool,,,,,,,0,1
qwen32B-int4_airline_50runs,verbalized,bge-m3,4bf0ebf9-cf80-452b-879d-5a28d85e865b,14,22,agent,0.8142726421356201,0.2222222222222222,0.0,,,,0,1
qwen32B-int4_airline_50runs,verbalized,bge-m3,4bf0ebf9-cf80-452b-879d-5a28d85e865b,15,22,user,,,,,,0.4614718556404114,0,1
qwen32B-int4_airline_50runs,verbalized,bge-m3,4bf0ebf9-cf80-452b-879d-5a28d85e865b,16,22,agent,0.8308526277542114,0.38738738738738737,0.0,,,,0,1
qwen32B-int4_airline_50runs,verbalized,bge-m3,4bf0ebf9-cf80-452b-879d-5a28d85e865b,17,22,user,,,,,,0.47615301609039307,0,1
qwen32B-int4_airline_50runs,verbalized,bge-m3,4bf0ebf9-cf80-452b-879d-5a28d85e865b,18,22,agent,0.7792735695838928,0.09302325581395349,0.0,0.2966552972793579,-0.12275207787752151,,0,1
qwen32B-int4_airline_50runs,verbalized,bge-m3,4bf0ebf9-cf80-452b-879d-5a28d85e865b,19,22,tool,,,,,,,0,1
qwen32B-int4_airline_50runs,verbalized,bge-m3,4bf0ebf9-cf80-452b-879d-5a28d85e865b,20,22,agent,0.9549902081489563,0.59375,0.0,,,,0,1
qwen32B-int4_airline_50runs,verbalized,bge-m3,4bf0ebf9-cf80-452b-879d-5a28d85e865b,21,22,user,,,,,,0.36601972579956055,0,1
qwen32B-int4_airline_50runs,verbalized,bge-m3,f646edd2-ac93-4eb0-a474-b64841752191,0,22,agent,,,,,,,0,0
qwen32B-int4_airline_50runs,verbalized,bge-m3,f646edd2-ac93-4eb0-a474-b64841752191,1,22,user,,,,,,0.44742000102996826,0,0
qwen32B-int4_airline_50runs,verbalized,bge-m3,f646edd2-ac93-4eb0-a474-b64841752191,2,22,agent,0.5138052105903625,0.0851063829787234,0.0,,,,0,0
qwen32B-int4_airline_50runs,verbalized,bge-m3,f646edd2-ac93-4eb0-a474-b64841752191,3,22,user,,,,,,0.25338101387023926,0,0
qwen32B-int4_airline_50runs,verbalized,bge-m3,f646edd2-ac93-4eb0-a474-b64841752191,4,22,agent,0.4976274073123932,0.018518518518518517,0.0,0.31426119804382324,-0.14531580358743668,,0,0
qwen32B-int4_airline_50runs,verbalized,bge-m3,f646edd2-ac93-4eb0-a474-b64841752191,5,22,tool,,,,,,,0,0
qwen32B-int4_airline_50runs,verbalized,bge-m3,f646edd2-ac93-4eb0-a474-b64841752191,6,22,agent,0.7420861124992371,0.33783783783783783,0.0,,,,0,0
qwen32B-int4_airline_50runs,verbalized,bge-m3,f646edd2-ac93-4eb0-a474-b64841752191,7,22,user,,,,,,0.18662375211715698,0,0
qwen32B-int4_airline_50runs,verbalized,bge-m3,f646edd2-ac93-4eb0-a474-b64841752191,8,22,agent,0.8351904153823853,0.4666666666666667,0.0,0.3840482831001282,-0.06610997021198273,,0,0
qwen32B-int4_airline_50runs,verbalized,bge-m3,f646edd2-ac93-4eb0-a474-b64841752191,9,22,tool,,,,,,,0,0
qwen32B-int4_airline_50runs,verbalized,bge-m3,f646edd2-ac93-4eb0-a474-b64841752191,10,22,agent,0.6839751601219177,0.27586206896551724,0.0,0.7329277992248535,0.3033877983689308,,0,0
qwen32B-int4_airline_50runs,verbalized,bge-m3,f646edd2-ac93-4eb0-a474-b64841752191,11,22,tool,,,,,,,0,0
qwen32B-int4_airline_50runs,verbalized,bge-m3,f646edd2-ac93-4eb0-a474-b64841752191,12,22,agent,0.8285317420959473,0.2857142857142857,0.0,0.4177226424217224,-0.1433190405368805,,0,0
qwen32B-int4_airline_50runs,verbalized,bge-m3,f646edd2-ac93-4eb0-a474-b64841752191,13,22,tool,,,,,,,0,0
qwen32B-int4_airline_50runs,verbalized,bge-m3,f646edd2-ac93-4eb0-a474-b64841752191,14,22,agent,0.7819148302078247,0.27956989247311825,0.0,,,,0,0
qwen32B-int4_airline_50runs,verbalized,bge-m3,f646edd2-ac93-4eb0-a474-b64841752191,15,22,user,,,,,,0.27083349227905273,0,0
qwen32B-int4_airline_50runs,verbalized,bge-m3,f646edd2-ac93-4eb0-a474-b64841752191,16,22,agent,0.5449768304824829,0.13725490196078433,0.0,,,,0,0
qwen32B-int4_airline_50runs,verbalized,bge-m3,f646edd2-ac93-4eb0-a474-b64841752191,17,22,user,,,,,,0.19105935096740723,0,0
qwen32B-int4_airline_50runs,verbalized,bge-m3,f646edd2-ac93-4eb0-a474-b64841752191,18,22,agent,0.5718168020248413,0.015873015873015872,0.0,0.3828777074813843,-0.08844726532697678,,0,0
qwen32B-int4_airline_50runs,verbalized,bge-m3,f646edd2-ac93-4eb0-a474-b64841752191,19,22,tool,,,,,,,0,0
qwen32B-int4_airline_50runs,verbalized,bge-m3,f646edd2-ac93-4eb0-a474-b64841752191,20,22,agent,0.8321707248687744,0.2876712328767123,0.0,,,,0,0
qwen32B-int4_airline_50runs,verbalized,bge-m3,f646edd2-ac93-4eb0-a474-b64841752191,21,22,user,,,,,,0.4952836036682129,0,0
qwen32B-int4_airline_50runs,verbalized,bge-m3,20d5a26a-3bd5-4a62-a417-2f72653daa99,0,28,agent,,,,,,,0,1
qwen32B-int4_airline_50runs,verbalized,bge-m3,20d5a26a-3bd5-4a62-a417-2f72653daa99,1,28,user,,,,,,0.5043358504772186,0,1
qwen32B-int4_airline_50runs,verbalized,bge-m3,20d5a26a-3bd5-4a62-a417-2f72653daa99,2,28,agent,0.4468939006328583,0.04081632653061224,0.0,,,,0,1
qwen32B-int4_airline_50runs,verbalized,bge-m3,20d5a26a-3bd5-4a62-a417-2f72653daa99,3,28,user,,,,,,0.39827054738998413,0,1
qwen32B-int4_airline_50runs,verbalized,bge-m3,20d5a26a-3bd5-4a62-a417-2f72653daa99,4,28,agent,0.5604060292243958,0.018518518518518517,0.0,0.43742114305496216,0.0633082389831543,,0,1
qwen32B-int4_airline_50runs,verbalized,bge-m3,20d5a26a-3bd5-4a62-a417-2f72653daa99,5,28,tool,,,,,,,0,1
qwen32B-int4_airline_50runs,verbalized,bge-m3,20d5a26a-3bd5-4a62-a417-2f72653daa99,6,28,agent,0.8627938032150269,0.2542372881355932,0.0,,,,0,1
qwen32B-int4_airline_50runs,verbalized,bge-m3,20d5a26a-3bd5-4a62-a417-2f72653daa99,7,28,user,,,,,,0.28696882724761963,0,1
qwen32B-int4_airline_50runs,verbalized,bge-m3,20d5a26a-3bd5-4a62-a417-2f72653daa99,8,28,agent,0.9091670513153076,0.5714285714285714,0.5714285714285714,0.3635138273239136,-0.09619177579879762,,0,1
qwen32B-int4_airline_50runs,verbalized,bge-m3,20d5a26a-3bd5-4a62-a417-2f72653daa99,9,28,tool,,,,,,,0,1
qwen32B-int4_airline_50runs,verbalized,bge-m3,20d5a26a-3bd5-4a62-a417-2f72653daa99,10,28,agent,0.8296892642974854,0.2830188679245283,0.0,,,,0,1
qwen32B-int4_airline_50runs,verbalized,bge-m3,20d5a26a-3bd5-4a62-a417-2f72653daa99,11,28,user,,,,,,0.3699578046798706,0,1
qwen32B-int4_airline_50runs,verbalized,bge-m3,20d5a26a-3bd5-4a62-a417-2f72653daa99,12,28,agent,0.8563216924667358,0.4666666666666667,0.0,0.38639605045318604,-0.08415149450302123,,0,1
qwen32B-int4_airline_50runs,verbalized,bge-m3,20d5a26a-3bd5-4a62-a417-2f72653daa99,13,28,tool,,,,,,,0,1
qwen32B-int4_airline_50runs,verbalized,bge-m3,20d5a26a-3bd5-4a62-a417-2f72653daa99,14,28,agent,0.6769763827323914,0.1509433962264151,0.0,,,,0,1
qwen32B-int4_airline_50runs,verbalized,bge-m3,20d5a26a-3bd5-4a62-a417-2f72653daa99,15,28,user,,,,,,0.3251224756240845,0,1
qwen32B-int4_airline_50runs,verbalized,bge-m3,20d5a26a-3bd5-4a62-a417-2f72653daa99,16,28,agent,0.7217751741409302,0.22330097087378642,0.0,0.47442567348480225,-0.06095337271690371,,0,1
qwen32B-int4_airline_50runs,verbalized,bge-m3,20d5a26a-3bd5-4a62-a417-2f72653daa99,17,28,tool,,,,,,,0,1
qwen32B-int4_airline_50runs,verbalized,bge-m3,20d5a26a-3bd5-4a62-a417-2f72653daa99,18,28,agent,0.7347666025161743,0.20967741935483872,0.0,0.3185185194015503,-0.1360630512237549,,0,1
qwen32B-int4_airline_50runs,verbalized,bge-m3,20d5a26a-3bd5-4a62-a417-2f72653daa99,19,28,tool,,,,,,,0,1
qwen32B-int4_airline_50runs,verbalized,bge-m3,20d5a26a-3bd5-4a62-a417-2f72653daa99,20,28,agent,0.8773958683013916,0.3181818181818182,0.0,,,,0,1
qwen32B-int4_airline_50runs,verbalized,bge-m3,20d5a26a-3bd5-4a62-a417-2f72653daa99,21,28,user,,,,,,0.4315313696861267,0,1
qwen32B-int4_airline_50runs,verbalized,bge-m3,20d5a26a-3bd5-4a62-a417-2f72653daa99,22,28,agent,0.627496600151062,0.09803921568627451,0.0,0.30181950330734253,-0.09666571617126463,,0,1
qwen32B-int4_airline_50runs,verbalized,bge-m3,20d5a26a-3bd5-4a62-a417-2f72653daa99,23,28,tool,,,,,,,0,1
qwen32B-int4_airline_50runs,verbalized,bge-m3,20d5a26a-3bd5-4a62-a417-2f72653daa99,24,28,agent,0.8998183012008667,0.2967032967032967,0.0,,,,0,1
qwen32B-int4_airline_50runs,verbalized,bge-m3,20d5a26a-3bd5-4a62-a417-2f72653daa99,25,28,user,,,,,,0.43419259786605835,0,1
qwen32B-int4_airline_50runs,verbalized,bge-m3,20d5a26a-3bd5-4a62-a417-2f72653daa99,26,28,agent,0.7884263396263123,0.38461538461538464,0.0,,,,0,1
qwen32B-int4_airline_50runs,verbalized,bge-m3,20d5a26a-3bd5-4a62-a417-2f72653daa99,27,28,user,,,,,,0.5889653563499451,0,1
qwen32B-int4_airline_50runs,verbalized,bge-m3,31ff9a7c-4641-4bc1-811d-1d586e5bf42e,0,40,agent,,,,,,,0,1
qwen32B-int4_airline_50runs,verbalized,bge-m3,31ff9a7c-4641-4bc1-811d-1d586e5bf42e,1,40,user,,,,,,0.47966378927230835,0,1
qwen32B-int4_airline_50runs,verbalized,bge-m3,31ff9a7c-4641-4bc1-811d-1d586e5bf42e,2,40,agent,0.4871319532394409,0.046875,0.0,,,,0,1
qwen32B-int4_airline_50runs,verbalized,bge-m3,31ff9a7c-4641-4bc1-811d-1d586e5bf42e,3,40,user,,,,,,0.1478290557861328,0,1
qwen32B-int4_airline_50runs,verbalized,bge-m3,31ff9a7c-4641-4bc1-811d-1d586e5bf42e,4,40,agent,0.547559916973114,0.014285714285714285,0.0,0.3356524109840393,-0.15774179250001907,,0,1
qwen32B-int4_airline_50runs,verbalized,bge-m3,31ff9a7c-4641-4bc1-811d-1d586e5bf42e,5,40,tool,,,,,,,0,1
qwen32B-int4_airline_50runs,verbalized,bge-m3,31ff9a7c-4641-4bc1-811d-1d586e5bf42e,6,40,agent,0.7682849168777466,0.27586206896551724,0.0,,,,0,1
qwen32B-int4_airline_50runs,verbalized,bge-m3,31ff9a7c-4641-4bc1-811d-1d586e5bf42e,7,40,user,,,,,,0.11276495456695557,0,1
qwen32B-int4_airline_50runs,verbalized,bge-m3,31ff9a7c-4641-4bc1-811d-1d586e5bf42e,8,40,agent,0.8250864744186401,0.4666666666666667,0.0,0.36676448583602905,-0.08189666271209717,,0,1
qwen32B-int4_airline_50runs,verbalized,bge-m3,31ff9a7c-4641-4bc1-811d-1d586e5bf42e,9,40,tool,,,,,,,0,1
qwen32B-int4_airline_50runs,verbalized,bge-m3,31ff9a7c-4641-4bc1-811d-1d586e5bf42e,10,40,agent,0.7057525515556335,0.2653061224489796,0.0,,,,0,1
qwen32B-int4_airline_50runs,verbalized,bge-m3,31ff9a7c-4641-4bc1-811d-1d586e5bf42e,11,40,user,,,,,,0.4724399447441101,0,1
qwen32B-int4_airline_50runs,verbalized,bge-m3,31ff9a7c-4641-4bc1-811d-1d586e5bf42e,12,40,agent,0.8197921514511108,0.5,0.0,0.42199909687042236,0.027013123035430908,,0,1
qwen32B-int4_airline_50runs,verbalized,bge-m3,31ff9a7c-4641-4bc1-811d-1d586e5bf42e,13,40,tool,,,,,,,0,1
qwen32B-int4_airline_50runs,verbalized,bge-m3,31ff9a7c-4641-4bc1-811d-1d586e5bf42e,14,40,agent,0.6647564172744751,0.16260162601626016,0.0,,,,0,1
qwen32B-int4_airline_50runs,verbalized,bge-m3,31ff9a7c-4641-4bc1-811d-1d586e5bf42e,15,40,user,,,,,,0.2382960319519043,0,1
qwen32B-int4_airline_50runs,verbalized,bge-m3,31ff9a7c-4641-4bc1-811d-1d586e5bf42e,16,40,agent,0.9720977544784546,0.7777777777777778,0.7777777777777778,0.4612831473350525,0.0533154234290123,,0,1
qwen32B-int4_airline_50runs,verbalized,bge-m3,31ff9a7c-4641-4bc1-811d-1d586e5bf42e,17,40,tool,,,,,,,0,1
qwen32B-int4_airline_50runs,verbalized,bge-m3,31ff9a7c-4641-4bc1-811d-1d586e5bf42e,18,40,agent,0.8918616771697998,0.5662650602409639,0.0,,,,0,1
qwen32B-int4_airline_50runs,verbalized,bge-m3,31ff9a7c-4641-4bc1-811d-1d586e5bf42e,19,40,user,,,,,,0.2289971113204956,0,1
qwen32B-int4_airline_50runs,verbalized,bge-m3,31ff9a7c-4641-4bc1-811d-1d586e5bf42e,20,40,agent,0.9721635580062866,0.7777777777777778,0.7777777777777778,0.35610562562942505,-0.05105378478765488,,0,1
qwen32B-int4_airline_50runs,verbalized,bge-m3,31ff9a7c-4641-4bc1-811d-1d586e5bf42e,21,40,tool,,,,,,,0,1
qwen32B-int4_airline_50runs,verbalized,bge-m3,31ff9a7c-4641-4bc1-811d-1d586e5bf42e,22,40,agent,0.7444282174110413,0.21052631578947367,0.0,,,,0,1
qwen32B-int4_airline_50runs,verbalized,bge-m3,31ff9a7c-4641-4bc1-811d-1d586e5bf42e,23,40,user,,,,,,0.2813202738761902,0,1
qwen32B-int4_airline_50runs,verbalized,bge-m3,31ff9a7c-4641-4bc1-811d-1d586e5bf42e,24,40,agent,0.7801145315170288,0.2903225806451613,0.0,0.29697293043136597,-0.11588983237743378,,0,1
qwen32B-int4_airline_50runs,verbalized,bge-m3,31ff9a7c-4641-4bc1-811d-1d586e5bf42e,25,40,tool,,,,,,,0,1
qwen32B-int4_airline_50runs,verbalized,bge-m3,31ff9a7c-4641-4bc1-811d-1d586e5bf42e,26,40,agent,0.7924516797065735,0.3137254901960784,0.0,,,,0,1
qwen32B-int4_airline_50runs,verbalized,bge-m3,31ff9a7c-4641-4bc1-811d-1d586e5bf42e,27,40,user,,,,,,0.12035459280014038,0,1
qwen32B-int4_airline_50runs,verbalized,bge-m3,31ff9a7c-4641-4bc1-811d-1d586e5bf42e,28,40,agent,0.6853331327438354,0.20588235294117646,0.0,0.3335232734680176,-0.08801362290978432,,0,1
qwen32B-int4_airline_50runs,verbalized,bge-m3,31ff9a7c-4641-4bc1-811d-1d586e5bf42e,29,40,tool,,,,,,,0,1
qwen32B-int4_airline_50runs,verbalized,bge-m3,31ff9a7c-4641-4bc1-811d-1d586e5bf42e,30,40,agent,0.7775827050209045,0.29545454545454547,0.0,,,,0,1
qwen32B-int4_airline_50runs,verbalized,bge-m3,31ff9a7c-4641-4bc1-811d-1d586e5bf42e,31,40,user,,,,,,0.3476749062538147,0,1
qwen32B-int4_airline_50runs,verbalized,bge-m3,31ff9a7c-4641-4bc1-811d-1d586e5bf42e,32,40,agent,0.733390212059021,0.36666666666666664,0.0,0.5084160566329956,0.14035774022340775,,0,1
qwen32B-int4_airline_50runs,verbalized,bge-m3,31ff9a7c-4641-4bc1-811d-1d586e5bf42e,33,40,tool,,,,,,,0,1
qwen32B-int4_airline_50runs,verbalized,bge-m3,31ff9a7c-4641-4bc1-811d-1d586e5bf42e,34,40,agent,0.7505888938903809,0.2857142857142857,0.0,,,,0,1
qwen32B-int4_airline_50runs,verbalized,bge-m3,31ff9a7c-4641-4bc1-811d-1d586e5bf42e,35,40,user,,,,,,0.20111072063446045,0,1
qwen32B-int4_airline_50runs,verbalized,bge-m3,31ff9a7c-4641-4bc1-811d-1d586e5bf42e,36,40,agent,0.9906070828437805,0.8461538461538461,0.8461538461538461,0.3008083701133728,-0.10435295477509499,,0,1
qwen32B-int4_airline_50runs,verbalized,bge-m3,31ff9a7c-4641-4bc1-811d-1d586e5bf42e,37,40,tool,,,,,,,0,1
qwen32B-int4_airline_50runs,verbalized,bge-m3,31ff9a7c-4641-4bc1-811d-1d586e5bf42e,38,40,agent,0.7244504690170288,0.15789473684210525,0.0,,,,0,1
qwen32B-int4_airline_50runs,verbalized,bge-m3,31ff9a7c-4641-4bc1-811d-1d586e5bf42e,39,40,user,,,,,,0.5312597751617432,0,1
qwen32B-int4_airline_50runs,verbalized,bge-m3,8673c754-ab0a-454b-9ae5-150e6104377c,0,14,agent,,,,,,,0,1
qwen32B-int4_airline_50runs,verbalized,bge-m3,8673c754-ab0a-454b-9ae5-150e6104377c,1,14,user,,,,,,0.423356831073761,0,1
qwen32B-int4_airline_50runs,verbalized,bge-m3,8673c754-ab0a-454b-9ae5-150e6104377c,2,14,agent,0.5317749977111816,0.08571428571428572,0.0,,,,0,1
qwen32B-int4_airline_50runs,verbalized,bge-m3,8673c754-ab0a-454b-9ae5-150e6104377c,3,14,user,,,,,,0.31747788190841675,0,1
qwen32B-int4_airline_50runs,verbalized,bge-m3,8673c754-ab0a-454b-9ae5-150e6104377c,4,14,agent,0.5078158378601074,0.024390243902439025,0.0,0.3430965542793274,-0.22630712389945984,,0,1
qwen32B-int4_airline_50runs,verbalized,bge-m3,8673c754-ab0a-454b-9ae5-150e6104377c,5,14,tool,,,,,,,0,1
qwen32B-int4_airline_50runs,verbalized,bge-m3,8673c754-ab0a-454b-9ae5-150e6104377c,6,14,agent,0.7273018956184387,0.21052631578947367,0.0,,,,0,1
qwen32B-int4_airline_50runs,verbalized,bge-m3,8673c754-ab0a-454b-9ae5-150e6104377c,7,14,user,,,,,,0.21452021598815918,0,1
qwen32B-int4_airline_50runs,verbalized,bge-m3,8673c754-ab0a-454b-9ae5-150e6104377c,8,14,agent,0.6470130085945129,0.13636363636363635,0.0,,,,0,1
qwen32B-int4_airline_50runs,verbalized,bge-m3,8673c754-ab0a-454b-9ae5-150e6104377c,9,14,user,,,,,,0.39208292961120605,0,1
qwen32B-int4_airline_50runs,verbalized,bge-m3,8673c754-ab0a-454b-9ae5-150e6104377c,10,14,agent,0.5863033533096313,0.01818181818181818,0.0,0.41352224349975586,0.04526340961456299,,0,1
qwen32B-int4_airline_50runs,verbalized,bge-m3,8673c754-ab0a-454b-9ae5-150e6104377c,11,14,tool,,,,,,,0,1
qwen32B-int4_airline_50runs,verbalized,bge-m3,8673c754-ab0a-454b-9ae5-150e6104377c,12,14,agent,0.6832953691482544,0.08571428571428572,0.0,,,,0,1
qwen32B-int4_airline_50runs,verbalized,bge-m3,8673c754-ab0a-454b-9ae5-150e6104377c,13,14,user,,,,,,0.5715110599994659,0,1
qwen32B-int4_airline_50runs,verbalized,bge-m3,0854a9bd-879d-47bd-adab-16889351d39e,0,29,agent,,,,,,,0,0
qwen32B-int4_airline_50runs,verbalized,bge-m3,0854a9bd-879d-47bd-adab-16889351d39e,1,29,user,,,,,,0.5445736646652222,0,0
qwen32B-int4_airline_50runs,verbalized,bge-m3,0854a9bd-879d-47bd-adab-16889351d39e,2,29,agent,0.5801939368247986,0.13793103448275862,0.0,,,,0,0
qwen32B-int4_airline_50runs,verbalized,bge-m3,0854a9bd-879d-47bd-adab-16889351d39e,3,29,user,,,,,,0.22315168380737305,0,0
qwen32B-int4_airline_50runs,verbalized,bge-m3,0854a9bd-879d-47bd-adab-16889351d39e,4,29,agent,0.6356219053268433,0.23214285714285715,0.0,,,,0,0
qwen32B-int4_airline_50runs,verbalized,bge-m3,0854a9bd-879d-47bd-adab-16889351d39e,5,29,user,,,,,,0.30689293146133423,0,0
qwen32B-int4_airline_50runs,verbalized,bge-m3,0854a9bd-879d-47bd-adab-16889351d39e,6,29,agent,0.721259593963623,0.05084745762711865,0.0,0.3170415759086609,-0.16907040278116864,,0,0
qwen32B-int4_airline_50runs,verbalized,bge-m3,0854a9bd-879d-47bd-adab-16889351d39e,7,29,tool,,,,,,,0,0
qwen32B-int4_airline_50runs,verbalized,bge-m3,0854a9bd-879d-47bd-adab-16889351d39e,8,29,tool,,,,,,,0,0
qwen32B-int4_airline_50runs,verbalized,bge-m3,0854a9bd-879d-47bd-adab-16889351d39e,9,29,agent,0.8132377862930298,0.21428571428571427,0.0,,,,0,0
qwen32B-int4_airline_50runs,verbalized,bge-m3,0854a9bd-879d-47bd-adab-16889351d39e,10,29,user,,,,,,0.3768277168273926,0,0
qwen32B-int4_airline_50runs,verbalized,bge-m3,0854a9bd-879d-47bd-adab-16889351d39e,11,29,agent,0.8341392278671265,0.4297520661157025,0.0,,,,0,0
qwen32B-int4_airline_50runs,verbalized,bge-m3,0854a9bd-879d-47bd-adab-16889351d39e,12,29,user,,,,,,0.3027167320251465,0,0
qwen32B-int4_airline_50runs,verbalized,bge-m3,0854a9bd-879d-47bd-adab-16889351d39e,13,29,agent,0.7861841917037964,0.2116788321167883,0.0,,,,0,0
qwen32B-int4_airline_50runs,verbalized,bge-m3,0854a9bd-879d-47bd-adab-16889351d39e,14,29,user,,,,,,0.4403090476989746,0,0
qwen32B-int4_airline_50runs,verbalized,bge-m3,0854a9bd-879d-47bd-adab-16889351d39e,15,29,agent,0.7251750230789185,0.3157894736842105,0.0,,,,0,0
qwen32B-int4_airline_50runs,verbalized,bge-m3,0854a9bd-879d-47bd-adab-16889351d39e,16,29,user,,,,,,0.32910996675491333,0,0
qwen32B-int4_airline_50runs,verbalized,bge-m3,0854a9bd-879d-47bd-adab-16889351d39e,17,29,agent,0.529359757900238,0.024390243902439025,0.0,0.3598204255104065,-0.14886630574862159,,0,0
qwen32B-int4_airline_50runs,verbalized,bge-m3,0854a9bd-879d-47bd-adab-16889351d39e,18,29,tool,,,,,,,0,0
qwen32B-int4_airline_50runs,verbalized,bge-m3,0854a9bd-879d-47bd-adab-16889351d39e,19,29,agent,0.7440775036811829,0.42424242424242425,0.0,,,,0,0
qwen32B-int4_airline_50runs,verbalized,bge-m3,0854a9bd-879d-47bd-adab-16889351d39e,20,29,user,,,,,,0.39862895011901855,0,0
qwen32B-int4_airline_50runs,verbalized,bge-m3,0854a9bd-879d-47bd-adab-16889351d39e,21,29,agent,0.8093264102935791,0.18,0.0,0.5566463768482208,0.3162994484106699,,0,0
qwen32B-int4_airline_50runs,verbalized,bge-m3,0854a9bd-879d-47bd-adab-16889351d39e,22,29,tool,,,,,,,0,0
qwen32B-int4_airline_50runs,verbalized,bge-m3,0854a9bd-879d-47bd-adab-16889351d39e,23,29,agent,0.5867664813995361,0.2230769230769231,0.0,,,,0,0
qwen32B-int4_airline_50runs,verbalized,bge-m3,0854a9bd-879d-47bd-adab-16889351d39e,24,29,user,,,,,,0.4020167589187622,0,0
qwen32B-int4_airline_50runs,verbalized,bge-m3,0854a9bd-879d-47bd-adab-16889351d39e,25,29,agent,0.9982850551605225,0.92,0.0,0.14418095350265503,-0.23229342699050903,,0,0
qwen32B-int4_airline_50runs,verbalized,bge-m3,0854a9bd-879d-47bd-adab-16889351d39e,26,29,tool,,,,,,,0,0
qwen32B-int4_airline_50runs,verbalized,bge-m3,0854a9bd-879d-47bd-adab-16889351d39e,27,29,agent,0.8286170959472656,0.24770642201834864,0.0,,,,0,0
qwen32B-int4_airline_50runs,verbalized,bge-m3,0854a9bd-879d-47bd-adab-16889351d39e,28,29,user,,,,,,0.5435296297073364,0,0
qwen32B-int4_airline_50runs,verbalized,bge-m3,c2015682-b1b9-44ee-a294-82b40f5cb794,0,40,agent,,,,,,,0,1
qwen32B-int4_airline_50runs,verbalized,bge-m3,c2015682-b1b9-44ee-a294-82b40f5cb794,1,40,user,,,,,,0.46829754114151,0,1
qwen32B-int4_airline_50runs,verbalized,bge-m3,c2015682-b1b9-44ee-a294-82b40f5cb794,2,40,agent,0.49300941824913025,0.0,0.0,0.3910996913909912,-0.020511155778711487,,0,1
qwen32B-int4_airline_50runs,verbalized,bge-m3,c2015682-b1b9-44ee-a294-82b40f5cb794,3,40,tool,,,,,,,0,1
qwen32B-int4_airline_50runs,verbalized,bge-m3,c2015682-b1b9-44ee-a294-82b40f5cb794,4,40,agent,0.7417585849761963,0.0967741935483871,0.0,,,,0,1
qwen32B-int4_airline_50runs,verbalized,bge-m3,c2015682-b1b9-44ee-a294-82b40f5cb794,5,40,user,,,,,,0.21346598863601685,0,1
qwen32B-int4_airline_50runs,verbalized,bge-m3,c2015682-b1b9-44ee-a294-82b40f5cb794,6,40,agent,0.9210347533226013,0.5714285714285714,0.5714285714285714,0.31043773889541626,-0.15614390102299774,,0,1
qwen32B-int4_airline_50runs,verbalized,bge-m3,c2015682-b1b9-44ee-a294-82b40f5cb794,7,40,tool,,,,,,,0,1
qwen32B-int4_airline_50runs,verbalized,bge-m3,c2015682-b1b9-44ee-a294-82b40f5cb794,8,40,agent,0.7014075517654419,0.1724137931034483,0.0,,,,0,1
qwen32B-int4_airline_50runs,verbalized,bge-m3,c2015682-b1b9-44ee-a294-82b40f5cb794,9,40,user,,,,,,0.18888890743255615,0,1
qwen32B-int4_airline_50runs,verbalized,bge-m3,c2015682-b1b9-44ee-a294-82b40f5cb794,10,40,agent,0.8466833829879761,0.4666666666666667,0.0,0.3791411519050598,-0.07658430392091925,,0,1
qwen32B-int4_airline_50runs,verbalized,bge-m3,c2015682-b1b9-44ee-a294-82b40f5cb794,11,40,tool,,,,,,,0,1
qwen32B-int4_airline_50runs,verbalized,bge-m3,c2015682-b1b9-44ee-a294-82b40f5cb794,12,40,agent,0.9771914482116699,0.6923076923076923,0.0,0.3790508508682251,-0.07881124182180926,,0,1
qwen32B-int4_airline_50runs,verbalized,bge-m3,c2015682-b1b9-44ee-a294-82b40f5cb794,13,40,tool,,,,,,,0,1
qwen32B-int4_airline_50runs,verbalized,bge-m3,c2015682-b1b9-44ee-a294-82b40f5cb794,14,40,agent,0.9834045171737671,0.6923076923076923,0.0,0.37590450048446655,-0.07613816315477545,,0,1
qwen32B-int4_airline_50runs,verbalized,bge-m3,c2015682-b1b9-44ee-a294-82b40f5cb794,15,40,tool,,,,,,,0,1
qwen32B-int4_airline_50runs,verbalized,bge-m3,c2015682-b1b9-44ee-a294-82b40f5cb794,16,40,agent,0.9788941740989685,0.6923076923076923,0.0,0.3838948607444763,-0.07879478010264312,,0,1
qwen32B-int4_airline_50runs,verbalized,bge-m3,c2015682-b1b9-44ee-a294-82b40f5cb794,17,40,tool,,,,,,,0,1
qwen32B-int4_airline_50runs,verbalized,bge-m3,c2015682-b1b9-44ee-a294-82b40f5cb794,18,40,agent,0.9739309549331665,0.6923076923076923,0.0,0.3809167742729187,-0.07845335927876557,,0,1
qwen32B-int4_airline_50runs,verbalized,bge-m3,c2015682-b1b9-44ee-a294-82b40f5cb794,19,40,tool,,,,,,,0,1
qwen32B-int4_airline_50runs,verbalized,bge-m3,c2015682-b1b9-44ee-a294-82b40f5cb794,20,40,agent,0.48312705755233765,0.0392156862745098,0.0,,,,0,1
qwen32B-int4_airline_50runs,verbalized,bge-m3,c2015682-b1b9-44ee-a294-82b40f5cb794,21,40,user,,,,,,0.14265942573547363,0,1
qwen32B-int4_airline_50runs,verbalized,bge-m3,c2015682-b1b9-44ee-a294-82b40f5cb794,22,40,agent,0.7510324716567993,0.3333333333333333,0.0,0.5630002319812775,0.154634334824302,,0,1
qwen32B-int4_airline_50runs,verbalized,bge-m3,c2015682-b1b9-44ee-a294-82b40f5cb794,23,40,tool,,,,,,,0,1
qwen32B-int4_airline_50runs,verbalized,bge-m3,c2015682-b1b9-44ee-a294-82b40f5cb794,24,40,agent,0.9265084862709045,0.7894736842105263,0.7894736842105263,0.33119964599609375,-0.07917947660792957,,0,1
qwen32B-int4_airline_50runs,verbalized,bge-m3,c2015682-b1b9-44ee-a294-82b40f5cb794,25,40,tool,,,,,,,0,1
qwen32B-int4_airline_50runs,verbalized,bge-m3,c2015682-b1b9-44ee-a294-82b40f5cb794,26,40,agent,0.6112787127494812,0.0196078431372549,0.0,,,,0,1
qwen32B-int4_airline_50runs,verbalized,bge-m3,c2015682-b1b9-44ee-a294-82b40f5cb794,27,40,user,,,,,,0.497589647769928,0,1
qwen32B-int4_airline_50runs,verbalized,bge-m3,c2015682-b1b9-44ee-a294-82b40f5cb794,28,40,agent,0.7419178485870361,0.34375,0.0,0.42435353994369507,0.03599954464218835,,0,1
qwen32B-int4_airline_50runs,verbalized,bge-m3,c2015682-b1b9-44ee-a294-82b40f5cb794,29,40,tool,,,,,,,0,1
qwen32B-int4_airline_50runs,verbalized,bge-m3,c2015682-b1b9-44ee-a294-82b40f5cb794,30,40,agent,0.8611901998519897,0.26956521739130435,0.0,,,,0,1
qwen32B-int4_airline_50runs,verbalized,bge-m3,c2015682-b1b9-44ee-a294-82b40f5cb794,31,40,user,,,,,,0.2899954319000244,0,1
qwen32B-int4_airline_50runs,verbalized,bge-m3,c2015682-b1b9-44ee-a294-82b40f5cb794,32,40,agent,0.9905117750167847,0.8275862068965517,0.0,0.532561182975769,0.15273427150466223,,0,1
qwen32B-int4_airline_50runs,verbalized,bge-m3,c2015682-b1b9-44ee-a294-82b40f5cb794,33,40,tool,,,,,,,0,1
qwen32B-int4_airline_50runs,verbalized,bge-m3,c2015682-b1b9-44ee-a294-82b40f5cb794,34,40,agent,0.5607248544692993,0.345679012345679,0.0,,,,0,1
qwen32B-int4_airline_50runs,verbalized,bge-m3,c2015682-b1b9-44ee-a294-82b40f5cb794,35,40,user,,,,,,0.2667022943496704,0,1
qwen32B-int4_airline_50runs,verbalized,bge-m3,c2015682-b1b9-44ee-a294-82b40f5cb794,36,40,agent,0.9954715967178345,0.8620689655172413,0.8620689655172413,0.2757837176322937,-0.12382626262578095,,0,1
qwen32B-int4_airline_50runs,verbalized,bge-m3,c2015682-b1b9-44ee-a294-82b40f5cb794,37,40,tool,,,,,,,0,1
qwen32B-int4_airline_50runs,verbalized,bge-m3,c2015682-b1b9-44ee-a294-82b40f5cb794,38,40,agent,0.6485096216201782,0.12871287128712872,0.0,,,,0,1
qwen32B-int4_airline_50runs,verbalized,bge-m3,c2015682-b1b9-44ee-a294-82b40f5cb794,39,40,user,,,,,,0.5718093812465668,0,1
qwen32B-int4_airline_50runs,verbalized,bge-m3,d79ec5a1-ee28-44fc-b977-d5d5308fac26,0,20,agent,,,,,,,0,1
qwen32B-int4_airline_50runs,verbalized,bge-m3,d79ec5a1-ee28-44fc-b977-d5d5308fac26,1,20,user,,,,,,0.4892817735671997,0,1
qwen32B-int4_airline_50runs,verbalized,bge-m3,d79ec5a1-ee28-44fc-b977-d5d5308fac26,2,20,agent,0.47945258021354675,0.057692307692307696,0.0,,,,0,1
qwen32B-int4_airline_50runs,verbalized,bge-m3,d79ec5a1-ee28-44fc-b977-d5d5308fac26,3,20,user,,,,,,0.33756858110427856,0,1
qwen32B-int4_airline_50runs,verbalized,bge-m3,d79ec5a1-ee28-44fc-b977-d5d5308fac26,4,20,agent,0.5742216110229492,0.017241379310344827,0.0,0.3359198570251465,-0.12134032448132831,,0,1
qwen32B-int4_airline_50runs,verbalized,bge-m3,d79ec5a1-ee28-44fc-b977-d5d5308fac26,5,20,tool,,,,,,,0,1
qwen32B-int4_airline_50runs,verbalized,bge-m3,d79ec5a1-ee28-44fc-b977-d5d5308fac26,6,20,agent,0.8379113078117371,0.2835820895522388,0.0,0.2820335030555725,-0.12243727842966717,,0,1
qwen32B-int4_airline_50runs,verbalized,bge-m3,d79ec5a1-ee28-44fc-b977-d5d5308fac26,7,20,tool,,,,,,,0,1
qwen32B-int4_airline_50runs,verbalized,bge-m3,d79ec5a1-ee28-44fc-b977-d5d5308fac26,8,20,agent,0.68683922290802,0.17829457364341086,0.0,,,,0,1
qwen32B-int4_airline_50runs,verbalized,bge-m3,d79ec5a1-ee28-44fc-b977-d5d5308fac26,9,20,user,,,,,,0.27004629373550415,0,1
qwen32B-int4_airline_50runs,verbalized,bge-m3,d79ec5a1-ee28-44fc-b977-d5d5308fac26,10,20,agent,0.7222501039505005,0.1267605633802817,0.0,0.5612195730209351,0.35609155893325806,,0,1
qwen32B-int4_airline_50runs,verbalized,bge-m3,d79ec5a1-ee28-44fc-b977-d5d5308fac26,11,20,tool,,,,,,,0,1
qwen32B-int4_airline_50runs,verbalized,bge-m3,d79ec5a1-ee28-44fc-b977-d5d5308fac26,12,20,agent,0.6505559682846069,0.1953125,0.0,,,,0,1
qwen32B-int4_airline_50runs,verbalized,bge-m3,d79ec5a1-ee28-44fc-b977-d5d5308fac26,13,20,user,,,,,,0.18302035331726074,0,1
qwen32B-int4_airline_50runs,verbalized,bge-m3,d79ec5a1-ee28-44fc-b977-d5d5308fac26,14,20,agent,0.9974623322486877,0.9166666666666666,0.0,0.1538456678390503,-0.18572820226351422,,0,1
qwen32B-int4_airline_50runs,verbalized,bge-m3,d79ec5a1-ee28-44fc-b977-d5d5308fac26,15,20,tool,,,,,,,0,1
qwen32B-int4_airline_50runs,verbalized,bge-m3,d79ec5a1-ee28-44fc-b977-d5d5308fac26,16,20,agent,0.7540205121040344,0.19801980198019803,0.0,,,,0,1
qwen32B-int4_airline_50runs,verbalized,bge-m3,d79ec5a1-ee28-44fc-b977-d5d5308fac26,17,20,user,,,,,,0.3849521279335022,0,1
qwen32B-int4_airline_50runs,verbalized,bge-m3,d79ec5a1-ee28-44fc-b977-d5d5308fac26,18,20,agent,0.7657938003540039,0.2692307692307692,0.0,,,,0,1
qwen32B-int4_airline_50runs,verbalized,bge-m3,d79ec5a1-ee28-44fc-b977-d5d5308fac26,19,20,user,,,,,,0.38002270460128784,0,1
qwen32B-int4_airline_50runs,verbalized,bge-m3,726e18b1-1e10-4cf0-aca3-ddf3f2f6a552,0,30,agent,,,,,,,0,1
qwen32B-int4_airline_50runs,verbalized,bge-m3,726e18b1-1e10-4cf0-aca3-ddf3f2f6a552,1,30,user,,,,,,0.4894258379936218,0,1
qwen32B-int4_airline_50runs,verbalized,bge-m3,726e18b1-1e10-4cf0-aca3-ddf3f2f6a552,2,30,agent,0.504652738571167,0.05714285714285714,0.0,0.40563827753067017,-0.12692464060253572,,0,1
qwen32B-int4_airline_50runs,verbalized,bge-m3,726e18b1-1e10-4cf0-aca3-ddf3f2f6a552,3,30,tool,,,,,,,0,1
qwen32B-int4_airline_50runs,verbalized,bge-m3,726e18b1-1e10-4cf0-aca3-ddf3f2f6a552,4,30,agent,0.7485039234161377,0.2638888888888889,0.0,,,,0,1
qwen32B-int4_airline_50runs,verbalized,bge-m3,726e18b1-1e10-4cf0-aca3-ddf3f2f6a552,5,30,user,,,,,,0.3117397427558899,0,1
qwen32B-int4_airline_50runs,verbalized,bge-m3,726e18b1-1e10-4cf0-aca3-ddf3f2f6a552,6,30,agent,0.684354305267334,0.24561403508771928,0.0,0.43655675649642944,-0.16153555446200896,,0,1
qwen32B-int4_airline_50runs,verbalized,bge-m3,726e18b1-1e10-4cf0-aca3-ddf3f2f6a552,7,30,tool,,,,,,,0,1
qwen32B-int4_airline_50runs,verbalized,bge-m3,726e18b1-1e10-4cf0-aca3-ddf3f2f6a552,8,30,agent,0.7026761770248413,0.21666666666666667,0.0,,,,0,1
qwen32B-int4_airline_50runs,verbalized,bge-m3,726e18b1-1e10-4cf0-aca3-ddf3f2f6a552,9,30,user,,,,,,0.19040632247924805,0,1
qwen32B-int4_airline_50runs,verbalized,bge-m3,726e18b1-1e10-4cf0-aca3-ddf3f2f6a552,10,30,agent,0.8732979893684387,0.36363636363636365,0.0,0.3285689949989319,-0.20526713463995194,,0,1
qwen32B-int4_airline_50runs,verbalized,bge-m3,726e18b1-1e10-4cf0-aca3-ddf3f2f6a552,11,30,tool,,,,,,,0,1
qwen32B-int4_airline_50runs,verbalized,bge-m3,726e18b1-1e10-4cf0-aca3-ddf3f2f6a552,12,30,agent,0.7926999926567078,0.4067796610169492,0.0,0.4197917580604553,-0.14931462539566887,,0,1
qwen32B-int4_airline_50runs,verbalized,bge-m3,726e18b1-1e10-4cf0-aca3-ddf3f2f6a552,13,30,tool,,,,,,,0,1
qwen32B-int4_airline_50runs,verbalized,bge-m3,726e18b1-1e10-4cf0-aca3-ddf3f2f6a552,14,30,agent,0.8322464823722839,0.41304347826086957,0.0,0.7428339421749115,0.23023535476790535,,0,1
qwen32B-int4_airline_50runs,verbalized,bge-m3,726e18b1-1e10-4cf0-aca3-ddf3f2f6a552,15,30,tool,,,,,,,0,1
qwen32B-int4_airline_50runs,verbalized,bge-m3,726e18b1-1e10-4cf0-aca3-ddf3f2f6a552,16,30,agent,0.8037105798721313,0.43478260869565216,0.0,0.4686993956565857,-0.16776645845837068,,0,1
qwen32B-int4_airline_50runs,verbalized,bge-m3,726e18b1-1e10-4cf0-aca3-ddf3f2f6a552,17,30,tool,,,,,,,0,1
qwen32B-int4_airline_50runs,verbalized,bge-m3,726e18b1-1e10-4cf0-aca3-ddf3f2f6a552,18,30,agent,0.8096147775650024,0.176056338028169,0.0,,,,0,1
qwen32B-int4_airline_50runs,verbalized,bge-m3,726e18b1-1e10-4cf0-aca3-ddf3f2f6a552,19,30,user,,,,,,0.42591995000839233,0,1
qwen32B-int4_airline_50runs,verbalized,bge-m3,726e18b1-1e10-4cf0-aca3-ddf3f2f6a552,20,30,agent,0.8827564120292664,0.2945205479452055,0.0,0.6181486248970032,0.12321120500564575,,0,1
qwen32B-int4_airline_50runs,verbalized,bge-m3,726e18b1-1e10-4cf0-aca3-ddf3f2f6a552,21,30,tool,,,,,,,0,1
qwen32B-int4_airline_50runs,verbalized,bge-m3,726e18b1-1e10-4cf0-aca3-ddf3f2f6a552,22,30,agent,0.6663839221000671,0.26666666666666666,0.0,0.43836700916290283,-0.08243830336464775,,0,1
qwen32B-int4_airline_50runs,verbalized,bge-m3,726e18b1-1e10-4cf0-aca3-ddf3f2f6a552,23,30,tool,,,,,,,0,1
qwen32B-int4_airline_50runs,verbalized,bge-m3,726e18b1-1e10-4cf0-aca3-ddf3f2f6a552,24,30,agent,0.9804033637046814,0.6716417910447762,0.0,0.4703022241592407,-0.05660279591878259,,0,1
qwen32B-int4_airline_50runs,verbalized,bge-m3,726e18b1-1e10-4cf0-aca3-ddf3f2f6a552,25,30,tool,,,,,,,0,1
qwen32B-int4_airline_50runs,verbalized,bge-m3,726e18b1-1e10-4cf0-aca3-ddf3f2f6a552,26,30,agent,0.6896845698356628,0.18478260869565216,0.0,0.5545011460781097,0.11879461341434056,,0,1
qwen32B-int4_airline_50runs,verbalized,bge-m3,726e18b1-1e10-4cf0-aca3-ddf3f2f6a552,27,30,tool,,,,,,,0,1
qwen32B-int4_airline_50runs,verbalized,bge-m3,726e18b1-1e10-4cf0-aca3-ddf3f2f6a552,28,30,agent,0.48366907238960266,0.1111111111111111,0.0,,,,0,1
qwen32B-int4_airline_50runs,verbalized,bge-m3,726e18b1-1e10-4cf0-aca3-ddf3f2f6a552,29,30,user,,,,,,0.3656492829322815,0,1
qwen32B-int4_airline_50runs,verbalized,bge-m3,3801079e-40f5-43b3-b273-b4c69273b5f6,0,26,agent,,,,,,,0,1
qwen32B-int4_airline_50runs,verbalized,bge-m3,3801079e-40f5-43b3-b273-b4c69273b5f6,1,26,user,,,,,,0.4624117612838745,0,1
qwen32B-int4_airline_50runs,verbalized,bge-m3,3801079e-40f5-43b3-b273-b4c69273b5f6,2,26,agent,0.4870523512363434,0.08333333333333333,0.0,0.37697720527648926,-0.07384209831555683,,0,1
qwen32B-int4_airline_50runs,verbalized,bge-m3,3801079e-40f5-43b3-b273-b4c69273b5f6,3,26,tool,,,,,,,0,1
qwen32B-int4_airline_50runs,verbalized,bge-m3,3801079e-40f5-43b3-b273-b4c69273b5f6,4,26,agent,0.6851334571838379,0.19767441860465115,0.0,,,,0,1
qwen32B-int4_airline_50runs,verbalized,bge-m3,3801079e-40f5-43b3-b273-b4c69273b5f6,5,26,user,,,,,,0.2511727809906006,0,1
qwen32B-int4_airline_50runs,verbalized,bge-m3,3801079e-40f5-43b3-b273-b4c69273b5f6,6,26,agent,0.6408364176750183,0.06666666666666667,0.0,0.3982677459716797,0.017074952522913633,,0,1
qwen32B-int4_airline_50runs,verbalized,bge-m3,3801079e-40f5-43b3-b273-b4c69273b5f6,7,26,tool,,,,,,,0,1
qwen32B-int4_airline_50runs,verbalized,bge-m3,3801079e-40f5-43b3-b273-b4c69273b5f6,8,26,agent,0.8292144536972046,0.35294117647058826,0.0,,,,0,1
qwen32B-int4_airline_50runs,verbalized,bge-m3,3801079e-40f5-43b3-b273-b4c69273b5f6,9,26,user,,,,,,0.3863093852996826,0,1
qwen32B-int4_airline_50runs,verbalized,bge-m3,3801079e-40f5-43b3-b273-b4c69273b5f6,10,26,agent,0.7531183362007141,0.3333333333333333,0.0,0.3998384475708008,-0.06790950397650403,,0,1
qwen32B-int4_airline_50runs,verbalized,bge-m3,3801079e-40f5-43b3-b273-b4c69273b5f6,11,26,tool,,,,,,,0,1
qwen32B-int4_airline_50runs,verbalized,bge-m3,3801079e-40f5-43b3-b273-b4c69273b5f6,12,26,agent,0.6033744812011719,0.2,0.0,0.4314690828323364,-0.03481633961200714,,0,1
qwen32B-int4_airline_50runs,verbalized,bge-m3,3801079e-40f5-43b3-b273-b4c69273b5f6,13,26,tool,,,,,,,0,1
qwen32B-int4_airline_50runs,verbalized,bge-m3,3801079e-40f5-43b3-b273-b4c69273b5f6,14,26,agent,0.6851159334182739,0.24528301886792453,0.0,0.2665465474128723,-0.16329039633274078,,0,1
qwen32B-int4_airline_50runs,verbalized,bge-m3,3801079e-40f5-43b3-b273-b4c69273b5f6,15,26,tool,,,,,,,0,1
qwen32B-int4_airline_50runs,verbalized,bge-m3,3801079e-40f5-43b3-b273-b4c69273b5f6,16,26,agent,0.9155291318893433,0.453781512605042,0.0,,,,0,1
qwen32B-int4_airline_50runs,verbalized,bge-m3,3801079e-40f5-43b3-b273-b4c69273b5f6,17,26,user,,,,,,0.4424703121185303,0,1
qwen32B-int4_airline_50runs,verbalized,bge-m3,3801079e-40f5-43b3-b273-b4c69273b5f6,18,26,agent,0.5592681169509888,0.11363636363636363,0.0,0.4251295328140259,-0.018496195475260435,,0,1
qwen32B-int4_airline_50runs,verbalized,bge-m3,3801079e-40f5-43b3-b273-b4c69273b5f6,19,26,tool,,,,,,,0,1
qwen32B-int4_airline_50runs,verbalized,bge-m3,3801079e-40f5-43b3-b273-b4c69273b5f6,20,26,agent,0.7269020676612854,0.4452054794520548,0.0,,,,0,1
qwen32B-int4_airline_50runs,verbalized,bge-m3,3801079e-40f5-43b3-b273-b4c69273b5f6,21,26,user,,,,,,0.32412266731262207,0,1
qwen32B-int4_airline_50runs,verbalized,bge-m3,3801079e-40f5-43b3-b273-b4c69273b5f6,22,26,agent,0.7434462308883667,0.06428571428571428,0.0,0.13816940784454346,-0.1521108051141103,,0,1
qwen32B-int4_airline_50runs,verbalized,bge-m3,3801079e-40f5-43b3-b273-b4c69273b5f6,23,26,tool,,,,,,,0,1
qwen32B-int4_airline_50runs,verbalized,bge-m3,3801079e-40f5-43b3-b273-b4c69273b5f6,24,26,agent,0.8068569898605347,0.36,0.0,,,,0,1
qwen32B-int4_airline_50runs,verbalized,bge-m3,3801079e-40f5-43b3-b273-b4c69273b5f6,25,26,user,,,,,,0.4138222932815552,0,1
qwen32B-int4_airline_50runs,verbalized,bge-m3,9a88eccf-ac8f-42e2-a11d-2d385b5a295d,0,16,agent,,,,,,,0,1
qwen32B-int4_airline_50runs,verbalized,bge-m3,9a88eccf-ac8f-42e2-a11d-2d385b5a295d,1,16,user,,,,,,0.5825722813606262,0,1
qwen32B-int4_airline_50runs,verbalized,bge-m3,9a88eccf-ac8f-42e2-a11d-2d385b5a295d,2,16,agent,0.4708302617073059,0.09302325581395349,0.0,,,,0,1
qwen32B-int4_airline_50runs,verbalized,bge-m3,9a88eccf-ac8f-42e2-a11d-2d385b5a295d,3,16,user,,,,,,0.2930184602737427,0,1
qwen32B-int4_airline_50runs,verbalized,bge-m3,9a88eccf-ac8f-42e2-a11d-2d385b5a295d,4,16,agent,0.4963753819465637,0.02,0.0,0.29726970195770264,-0.08166760206222534,,0,1
qwen32B-int4_airline_50runs,verbalized,bge-m3,9a88eccf-ac8f-42e2-a11d-2d385b5a295d,5,16,tool,,,,,,,0,1
qwen32B-int4_airline_50runs,verbalized,bge-m3,9a88eccf-ac8f-42e2-a11d-2d385b5a295d,6,16,agent,0.7731035351753235,0.3442622950819672,0.0,,,,0,1
qwen32B-int4_airline_50runs,verbalized,bge-m3,9a88eccf-ac8f-42e2-a11d-2d385b5a295d,7,16,user,,,,,,0.22174334526062012,0,1
qwen32B-int4_airline_50runs,verbalized,bge-m3,9a88eccf-ac8f-42e2-a11d-2d385b5a295d,8,16,agent,0.8194904327392578,0.4666666666666667,0.4666666666666667,0.36459827423095703,-0.0016127824783325195,,0,1
qwen32B-int4_airline_50runs,verbalized,bge-m3,9a88eccf-ac8f-42e2-a11d-2d385b5a295d,9,16,tool,,,,,,,0,1
qwen32B-int4_airline_50runs,verbalized,bge-m3,9a88eccf-ac8f-42e2-a11d-2d385b5a295d,10,16,agent,0.7962343692779541,0.26666666666666666,0.0,,,,0,1
qwen32B-int4_airline_50runs,verbalized,bge-m3,9a88eccf-ac8f-42e2-a11d-2d385b5a295d,11,16,user,,,,,,0.2576908469200134,0,1
qwen32B-int4_airline_50runs,verbalized,bge-m3,9a88eccf-ac8f-42e2-a11d-2d385b5a295d,12,16,agent,0.903178870677948,0.6923076923076923,0.6923076923076923,0.381507933139801,-0.01879364252090454,,0,1
qwen32B-int4_airline_50runs,verbalized,bge-m3,9a88eccf-ac8f-42e2-a11d-2d385b5a295d,13,16,tool,,,,,,,0,1
qwen32B-int4_airline_50runs,verbalized,bge-m3,9a88eccf-ac8f-42e2-a11d-2d385b5a295d,14,16,agent,0.7264726758003235,0.25,0.0,,,,0,1
qwen32B-int4_airline_50runs,verbalized,bge-m3,9a88eccf-ac8f-42e2-a11d-2d385b5a295d,15,16,user,,,,,,0.4344642758369446,0,1
qwen32B-int4_airline_50runs,verbalized,bge-m3,48f24d4d-ee21-4bdf-a034-aeb61e376670,0,12,agent,,,,,,,0,1
qwen32B-int4_airline_50runs,verbalized,bge-m3,48f24d4d-ee21-4bdf-a034-aeb61e376670,1,12,user,,,,,,0.5597565174102783,0,1
qwen32B-int4_airline_50runs,verbalized,bge-m3,48f24d4d-ee21-4bdf-a034-aeb61e376670,2,12,agent,0.4899483323097229,0.0,0.0,0.5401718616485596,-0.00763586163520813,,0,1
qwen32B-int4_airline_50runs,verbalized,bge-m3,48f24d4d-ee21-4bdf-a034-aeb61e376670,3,12,tool,,,,,,,0,1
qwen32B-int4_airline_50runs,verbalized,bge-m3,48f24d4d-ee21-4bdf-a034-aeb61e376670,4,12,agent,0.6031387448310852,0.06382978723404255,0.0,,,,0,1
qwen32B-int4_airline_50runs,verbalized,bge-m3,48f24d4d-ee21-4bdf-a034-aeb61e376670,5,12,user,,,,,,0.3445282578468323,0,1
qwen32B-int4_airline_50runs,verbalized,bge-m3,48f24d4d-ee21-4bdf-a034-aeb61e376670,6,12,agent,0.6117364168167114,0.2191780821917808,0.0,,,,0,1
qwen32B-int4_airline_50runs,verbalized,bge-m3,48f24d4d-ee21-4bdf-a034-aeb61e376670,7,12,user,,,,,,0.39241278171539307,0,1
qwen32B-int4_airline_50runs,verbalized,bge-m3,48f24d4d-ee21-4bdf-a034-aeb61e376670,8,12,agent,0.6280879974365234,0.03508771929824561,0.0,0.2393820881843567,-0.36293065547943115,,0,1
qwen32B-int4_airline_50runs,verbalized,bge-m3,48f24d4d-ee21-4bdf-a034-aeb61e376670,9,12,tool,,,,,,,0,1
qwen32B-int4_airline_50runs,verbalized,bge-m3,48f24d4d-ee21-4bdf-a034-aeb61e376670,10,12,agent,0.8646697998046875,0.2608695652173913,0.0,,,,0,1
qwen32B-int4_airline_50runs,verbalized,bge-m3,48f24d4d-ee21-4bdf-a034-aeb61e376670,11,12,user,,,,,,0.37813901901245117,0,1
qwen32B-int4_airline_50runs,verbalized,bge-m3,c371e448-a3fc-42ea-a3da-055d7cff214c,0,16,agent,,,,,,,0,1
qwen32B-int4_airline_50runs,verbalized,bge-m3,c371e448-a3fc-42ea-a3da-055d7cff214c,1,16,user,,,,,,0.5045422911643982,0,1
qwen32B-int4_airline_50runs,verbalized,bge-m3,c371e448-a3fc-42ea-a3da-055d7cff214c,2,16,agent,0.42432647943496704,0.05172413793103448,0.0,,,,0,1
qwen32B-int4_airline_50runs,verbalized,bge-m3,c371e448-a3fc-42ea-a3da-055d7cff214c,3,16,user,,,,,,0.19945573806762695,0,1
qwen32B-int4_airline_50runs,verbalized,bge-m3,c371e448-a3fc-42ea-a3da-055d7cff214c,4,16,agent,0.5772430896759033,0.015625,0.0,0.40098798274993896,-0.15709125995635986,,0,1
qwen32B-int4_airline_50runs,verbalized,bge-m3,c371e448-a3fc-42ea-a3da-055d7cff214c,5,16,tool,,,,,,,0,1
qwen32B-int4_airline_50runs,verbalized,bge-m3,c371e448-a3fc-42ea-a3da-055d7cff214c,6,16,agent,0.7143929600715637,0.2345679012345679,0.0,,,,0,1
qwen32B-int4_airline_50runs,verbalized,bge-m3,c371e448-a3fc-42ea-a3da-055d7cff214c,7,16,user,,,,,,0.32059693336486816,0,1
qwen32B-int4_airline_50runs,verbalized,bge-m3,c371e448-a3fc-42ea-a3da-055d7cff214c,8,16,agent,0.7607216238975525,0.25,0.0,,,,0,1
qwen32B-int4_airline_50runs,verbalized,bge-m3,c371e448-a3fc-42ea-a3da-055d7cff214c,9,16,user,,,,,,0.3251948356628418,0,1
qwen32B-int4_airline_50runs,verbalized,bge-m3,c371e448-a3fc-42ea-a3da-055d7cff214c,10,16,agent,0.7401218414306641,0.4019607843137255,0.0,,,,0,1
qwen32B-int4_airline_50runs,verbalized,bge-m3,c371e448-a3fc-42ea-a3da-055d7cff214c,11,16,user,,,,,,0.13020235300064087,0,1
qwen32B-int4_airline_50runs,verbalized,bge-m3,c371e448-a3fc-42ea-a3da-055d7cff214c,12,16,agent,0.541162371635437,0.015151515151515152,0.0,0.2790350914001465,-0.13782453536987305,,0,1
qwen32B-int4_airline_50runs,verbalized,bge-m3,c371e448-a3fc-42ea-a3da-055d7cff214c,13,16,tool,,,,,,,0,1
qwen32B-int4_airline_50runs,verbalized,bge-m3,c371e448-a3fc-42ea-a3da-055d7cff214c,14,16,agent,0.7302675247192383,0.2716049382716049,0.0,,,,0,1
qwen32B-int4_airline_50runs,verbalized,bge-m3,c371e448-a3fc-42ea-a3da-055d7cff214c,15,16,user,,,,,,0.49118733406066895,0,1
qwen32B-int4_airline_50runs,verbalized,bge-m3,e030c9ea-d795-4da0-b889-76bb0bf509a9,0,20,agent,,,,,,,0,1
qwen32B-int4_airline_50runs,verbalized,bge-m3,e030c9ea-d795-4da0-b889-76bb0bf509a9,1,20,user,,,,,,0.47698450088500977,0,1
qwen32B-int4_airline_50runs,verbalized,bge-m3,e030c9ea-d795-4da0-b889-76bb0bf509a9,2,20,agent,0.5323880910873413,0.08571428571428572,0.0,,,,0,1
qwen32B-int4_airline_50runs,verbalized,bge-m3,e030c9ea-d795-4da0-b889-76bb0bf509a9,3,20,user,,,,,,0.24316954612731934,0,1
qwen32B-int4_airline_50runs,verbalized,bge-m3,e030c9ea-d795-4da0-b889-76bb0bf509a9,4,20,agent,0.6159563064575195,0.024390243902439025,0.0,0.3728402853012085,-0.056204636891682924,,0,1
qwen32B-int4_airline_50runs,verbalized,bge-m3,e030c9ea-d795-4da0-b889-76bb0bf509a9,5,20,tool,,,,,,,0,1
qwen32B-int4_airline_50runs,verbalized,bge-m3,e030c9ea-d795-4da0-b889-76bb0bf509a9,6,20,agent,0.555957555770874,0.18309859154929578,0.0,,,,0,1
qwen32B-int4_airline_50runs,verbalized,bge-m3,e030c9ea-d795-4da0-b889-76bb0bf509a9,7,20,user,,,,,,0.3088318109512329,0,1
qwen32B-int4_airline_50runs,verbalized,bge-m3,e030c9ea-d795-4da0-b889-76bb0bf509a9,8,20,agent,0.7565754055976868,0.3333333333333333,0.0,0.35126280784606934,0.023835877577463804,,0,1
qwen32B-int4_airline_50runs,verbalized,bge-m3,e030c9ea-d795-4da0-b889-76bb0bf509a9,9,20,tool,,,,,,,0,1
qwen32B-int4_airline_50runs,verbalized,bge-m3,e030c9ea-d795-4da0-b889-76bb0bf509a9,10,20,agent,0.9921123385429382,0.7894736842105263,0.0,0.35765504837036133,0.026166260242462158,,0,1
qwen32B-int4_airline_50runs,verbalized,bge-m3,e030c9ea-d795-4da0-b889-76bb0bf509a9,11,20,tool,,,,,,,0,1
qwen32B-int4_airline_50runs,verbalized,bge-m3,e030c9ea-d795-4da0-b889-76bb0bf509a9,12,20,agent,0.5318254232406616,0.0,0.0,,,,0,1
qwen32B-int4_airline_50runs,verbalized,bge-m3,e030c9ea-d795-4da0-b889-76bb0bf509a9,13,20,user,,,,,,0.3139933943748474,0,1
qwen32B-int4_airline_50runs,verbalized,bge-m3,e030c9ea-d795-4da0-b889-76bb0bf509a9,14,20,agent,0.8173238039016724,0.3055555555555556,0.0,,,,0,1
qwen32B-int4_airline_50runs,verbalized,bge-m3,e030c9ea-d795-4da0-b889-76bb0bf509a9,15,20,user,,,,,,0.31437361240386963,0,1
qwen32B-int4_airline_50runs,verbalized,bge-m3,e030c9ea-d795-4da0-b889-76bb0bf509a9,16,20,agent,0.7397934794425964,0.04054054054054054,0.0,0.3205033540725708,-0.023416578769683838,,0,1
qwen32B-int4_airline_50runs,verbalized,bge-m3,e030c9ea-d795-4da0-b889-76bb0bf509a9,17,20,tool,,,,,,,0,1
qwen32B-int4_airline_50runs,verbalized,bge-m3,e030c9ea-d795-4da0-b889-76bb0bf509a9,18,20,agent,0.9067131280899048,0.2892561983471074,0.0,,,,0,1
qwen32B-int4_airline_50runs,verbalized,bge-m3,e030c9ea-d795-4da0-b889-76bb0bf509a9,19,20,user,,,,,,0.346552312374115,0,1
qwen32B-int4_airline_50runs,verbalized,bge-m3,ad9b35ee-cb2d-45c6-aba1-d03c97f7232a,0,16,agent,,,,,,,0,0
qwen32B-int4_airline_50runs,verbalized,bge-m3,ad9b35ee-cb2d-45c6-aba1-d03c97f7232a,1,16,user,,,,,,0.47515714168548584,0,0
qwen32B-int4_airline_50runs,verbalized,bge-m3,ad9b35ee-cb2d-45c6-aba1-d03c97f7232a,2,16,agent,0.4971998929977417,0.0,0.0,0.42009633779525757,0.09244084358215332,,0,0
qwen32B-int4_airline_50runs,verbalized,bge-m3,ad9b35ee-cb2d-45c6-aba1-d03c97f7232a,3,16,tool,,,,,,,0,0
qwen32B-int4_airline_50runs,verbalized,bge-m3,ad9b35ee-cb2d-45c6-aba1-d03c97f7232a,4,16,agent,0.553784966468811,0.045454545454545456,0.0,,,,0,0
qwen32B-int4_airline_50runs,verbalized,bge-m3,ad9b35ee-cb2d-45c6-aba1-d03c97f7232a,5,16,user,,,,,,0.23666667938232422,0,0
qwen32B-int4_airline_50runs,verbalized,bge-m3,ad9b35ee-cb2d-45c6-aba1-d03c97f7232a,6,16,agent,0.8955357074737549,0.5714285714285714,0.5714285714285714,0.35923469066619873,-0.11569805443286896,,0,0
qwen32B-int4_airline_50runs,verbalized,bge-m3,ad9b35ee-cb2d-45c6-aba1-d03c97f7232a,7,16,tool,,,,,,,0,0
qwen32B-int4_airline_50runs,verbalized,bge-m3,ad9b35ee-cb2d-45c6-aba1-d03c97f7232a,8,16,agent,0.679702639579773,0.1875,0.0,,,,0,0
qwen32B-int4_airline_50runs,verbalized,bge-m3,ad9b35ee-cb2d-45c6-aba1-d03c97f7232a,9,16,user,,,,,,0.21724241971969604,0,0
qwen32B-int4_airline_50runs,verbalized,bge-m3,ad9b35ee-cb2d-45c6-aba1-d03c97f7232a,10,16,agent,0.8448200225830078,0.4666666666666667,0.0,0.40575188398361206,-0.11109472811222076,,0,0
qwen32B-int4_airline_50runs,verbalized,bge-m3,ad9b35ee-cb2d-45c6-aba1-d03c97f7232a,11,16,tool,,,,,,,0,0
qwen32B-int4_airline_50runs,verbalized,bge-m3,ad9b35ee-cb2d-45c6-aba1-d03c97f7232a,12,16,agent,0.8053979277610779,0.2647058823529412,0.0,,,,0,0
qwen32B-int4_airline_50runs,verbalized,bge-m3,ad9b35ee-cb2d-45c6-aba1-d03c97f7232a,13,16,user,,,,,,0.3432072401046753,0,0
qwen32B-int4_airline_50runs,verbalized,bge-m3,ad9b35ee-cb2d-45c6-aba1-d03c97f7232a,14,16,agent,0.8996756076812744,0.42857142857142855,0.0,,,,0,0
qwen32B-int4_airline_50runs,verbalized,bge-m3,ad9b35ee-cb2d-45c6-aba1-d03c97f7232a,15,16,user,,,,,,0.5757513046264648,0,0
qwen32B-int4_airline_50runs,verbalized,bge-m3,61019198-9609-48d4-9426-e9648df47f36,0,40,agent,,,,,,,0,1
qwen32B-int4_airline_50runs,verbalized,bge-m3,61019198-9609-48d4-9426-e9648df47f36,1,40,user,,,,,,0.5292254984378815,0,1
qwen32B-int4_airline_50runs,verbalized,bge-m3,61019198-9609-48d4-9426-e9648df47f36,2,40,agent,0.4638778269290924,0.0975609756097561,0.0,,,,0,1
qwen32B-int4_airline_50runs,verbalized,bge-m3,61019198-9609-48d4-9426-e9648df47f36,3,40,user,,,,,,0.33843350410461426,0,1
qwen32B-int4_airline_50runs,verbalized,bge-m3,61019198-9609-48d4-9426-e9648df47f36,4,40,agent,0.5178278684616089,0.018518518518518517,0.0,0.34557342529296875,-0.08662634342908859,,0,1
qwen32B-int4_airline_50runs,verbalized,bge-m3,61019198-9609-48d4-9426-e9648df47f36,5,40,tool,,,,,,,0,1
qwen32B-int4_airline_50runs,verbalized,bge-m3,61019198-9609-48d4-9426-e9648df47f36,6,40,agent,0.5741220712661743,0.12359550561797752,0.0,,,,0,1
qwen32B-int4_airline_50runs,verbalized,bge-m3,61019198-9609-48d4-9426-e9648df47f36,7,40,user,,,,,,0.31286096572875977,0,1
qwen32B-int4_airline_50runs,verbalized,bge-m3,61019198-9609-48d4-9426-e9648df47f36,8,40,agent,0.9839463233947754,0.7894736842105263,0.0,0.32717573642730713,-0.1013883650302887,,0,1
qwen32B-int4_airline_50runs,verbalized,bge-m3,61019198-9609-48d4-9426-e9648df47f36,9,40,tool,,,,,,,0,1
qwen32B-int4_airline_50runs,verbalized,bge-m3,61019198-9609-48d4-9426-e9648df47f36,10,40,agent,0.9142558574676514,0.3925233644859813,0.0,,,,0,1
qwen32B-int4_airline_50runs,verbalized,bge-m3,61019198-9609-48d4-9426-e9648df47f36,11,40,user,,,,,,0.25079870223999023,0,1
qwen32B-int4_airline_50runs,verbalized,bge-m3,61019198-9609-48d4-9426-e9648df47f36,12,40,agent,0.7147749662399292,0.36666666666666664,0.0,0.4961857795715332,0.1059994101524353,,0,1
qwen32B-int4_airline_50runs,verbalized,bge-m3,61019198-9609-48d4-9426-e9648df47f36,13,40,tool,,,,,,,0,1
qwen32B-int4_airline_50runs,verbalized,bge-m3,61019198-9609-48d4-9426-e9648df47f36,14,40,agent,0.6414319276809692,0.13157894736842105,0.0,,,,0,1
qwen32B-int4_airline_50runs,verbalized,bge-m3,61019198-9609-48d4-9426-e9648df47f36,15,40,user,,,,,,0.24375414848327637,0,1
qwen32B-int4_airline_50runs,verbalized,bge-m3,61019198-9609-48d4-9426-e9648df47f36,16,40,agent,0.9884171485900879,0.8461538461538461,0.0,0.5045153498649597,0.10785549879074097,,0,1
qwen32B-int4_airline_50runs,verbalized,bge-m3,61019198-9609-48d4-9426-e9648df47f36,17,40,tool,,,,,,,0,1
qwen32B-int4_airline_50runs,verbalized,bge-m3,61019198-9609-48d4-9426-e9648df47f36,18,40,agent,0.8928219079971313,0.3225806451612903,0.0,,,,0,1
qwen32B-int4_airline_50runs,verbalized,bge-m3,61019198-9609-48d4-9426-e9648df47f36,19,40,user,,,,,,0.3236430883407593,0,1
qwen32B-int4_airline_50runs,verbalized,bge-m3,61019198-9609-48d4-9426-e9648df47f36,20,40,agent,0.9947605133056641,0.8461538461538461,0.0,0.5091821551322937,0.10730407387018204,,0,1
qwen32B-int4_airline_50runs,verbalized,bge-m3,61019198-9609-48d4-9426-e9648df47f36,21,40,tool,,,,,,,0,1
qwen32B-int4_airline_50runs,verbalized,bge-m3,61019198-9609-48d4-9426-e9648df47f36,22,40,agent,0.7960400581359863,0.3142857142857143,0.0,,,,0,1
qwen32B-int4_airline_50runs,verbalized,bge-m3,61019198-9609-48d4-9426-e9648df47f36,23,40,user,,,,,,0.23429083824157715,0,1
qwen32B-int4_airline_50runs,verbalized,bge-m3,61019198-9609-48d4-9426-e9648df47f36,24,40,agent,0.9934374094009399,0.8461538461538461,0.0,0.5068691968917847,0.10737849771976471,,0,1
qwen32B-int4_airline_50runs,verbalized,bge-m3,61019198-9609-48d4-9426-e9648df47f36,25,40,tool,,,,,,,0,1
qwen32B-int4_airline_50runs,verbalized,bge-m3,61019198-9609-48d4-9426-e9648df47f36,26,40,agent,0.9225031137466431,0.6363636363636364,0.0,,,,0,1
qwen32B-int4_airline_50runs,verbalized,bge-m3,61019198-9609-48d4-9426-e9648df47f36,27,40,user,,,,,,0.215803861618042,0,1
qwen32B-int4_airline_50runs,verbalized,bge-m3,61019198-9609-48d4-9426-e9648df47f36,28,40,agent,0.5967455506324768,0.25,0.0,0.31964290142059326,-0.1674027219414711,,0,1
qwen32B-int4_airline_50runs,verbalized,bge-m3,61019198-9609-48d4-9426-e9648df47f36,29,40,tool,,,,,,,0,1
qwen32B-int4_airline_50runs,verbalized,bge-m3,61019198-9609-48d4-9426-e9648df47f36,30,40,agent,0.8003300428390503,0.3125,0.0,,,,0,1
qwen32B-int4_airline_50runs,verbalized,bge-m3,61019198-9609-48d4-9426-e9648df47f36,31,40,user,,,,,,0.28404533863067627,0,1
qwen32B-int4_airline_50runs,verbalized,bge-m3,61019198-9609-48d4-9426-e9648df47f36,32,40,agent,0.6050770878791809,0.25,0.0,0.2793319821357727,-0.13552062213420868,,0,1
qwen32B-int4_airline_50runs,verbalized,bge-m3,61019198-9609-48d4-9426-e9648df47f36,33,40,tool,,,,,,,0,1
qwen32B-int4_airline_50runs,verbalized,bge-m3,61019198-9609-48d4-9426-e9648df47f36,34,40,agent,0.6837785243988037,0.14563106796116504,0.0,,,,0,1
qwen32B-int4_airline_50runs,verbalized,bge-m3,61019198-9609-48d4-9426-e9648df47f36,35,40,user,,,,,,0.3203365206718445,0,1
qwen32B-int4_airline_50runs,verbalized,bge-m3,61019198-9609-48d4-9426-e9648df47f36,36,40,agent,0.7968835234642029,0.3793103448275862,0.0,0.3494222164154053,-0.10221748799085617,,0,1
qwen32B-int4_airline_50runs,verbalized,bge-m3,61019198-9609-48d4-9426-e9648df47f36,37,40,tool,,,,,,,0,1
qwen32B-int4_airline_50runs,verbalized,bge-m3,61019198-9609-48d4-9426-e9648df47f36,38,40,agent,0.9743764400482178,0.6024096385542169,0.0,,,,0,1
qwen32B-int4_airline_50runs,verbalized,bge-m3,61019198-9609-48d4-9426-e9648df47f36,39,40,user,,,,,,0.4363274574279785,0,1
qwen32B-int4_airline_50runs,verbalized,bge-m3,4402d850-6825-4dde-b1b6-c84d47a2083a,0,20,agent,,,,,,,0,1
qwen32B-int4_airline_50runs,verbalized,bge-m3,4402d850-6825-4dde-b1b6-c84d47a2083a,1,20,user,,,,,,0.5111744999885559,0,1
qwen32B-int4_airline_50runs,verbalized,bge-m3,4402d850-6825-4dde-b1b6-c84d47a2083a,2,20,agent,0.4886150062084198,0.046511627906976744,0.0,,,,0,1
qwen32B-int4_airline_50runs,verbalized,bge-m3,4402d850-6825-4dde-b1b6-c84d47a2083a,3,20,user,,,,,,0.309326171875,0,1
qwen32B-int4_airline_50runs,verbalized,bge-m3,4402d850-6825-4dde-b1b6-c84d47a2083a,4,20,agent,0.49585485458374023,0.020833333333333332,0.0,0.32482612133026123,-0.14198655883471173,,0,1
qwen32B-int4_airline_50runs,verbalized,bge-m3,4402d850-6825-4dde-b1b6-c84d47a2083a,5,20,tool,,,,,,,0,1
qwen32B-int4_airline_50runs,verbalized,bge-m3,4402d850-6825-4dde-b1b6-c84d47a2083a,6,20,agent,0.7628555297851562,0.3103448275862069,0.0,,,,0,1
qwen32B-int4_airline_50runs,verbalized,bge-m3,4402d850-6825-4dde-b1b6-c84d47a2083a,7,20,user,,,,,,0.2558239698410034,0,1
qwen32B-int4_airline_50runs,verbalized,bge-m3,4402d850-6825-4dde-b1b6-c84d47a2083a,8,20,agent,0.8132132291793823,0.4666666666666667,0.0,0.3930182456970215,-0.029824217160542787,,0,1
qwen32B-int4_airline_50runs,verbalized,bge-m3,4402d850-6825-4dde-b1b6-c84d47a2083a,9,20,tool,,,,,,,0,1
qwen32B-int4_airline_50runs,verbalized,bge-m3,4402d850-6825-4dde-b1b6-c84d47a2083a,10,20,agent,0.6097792387008667,0.16176470588235295,0.0,0.4095514416694641,-0.04280174771944684,,0,1
qwen32B-int4_airline_50runs,verbalized,bge-m3,4402d850-6825-4dde-b1b6-c84d47a2083a,11,20,tool,,,,,,,0,1
qwen32B-int4_airline_50runs,verbalized,bge-m3,4402d850-6825-4dde-b1b6-c84d47a2083a,12,20,agent,0.7253850698471069,0.2962962962962963,0.0,,,,0,1
qwen32B-int4_airline_50runs,verbalized,bge-m3,4402d850-6825-4dde-b1b6-c84d47a2083a,13,20,user,,,,,,0.2667849659919739,0,1
qwen32B-int4_airline_50runs,verbalized,bge-m3,4402d850-6825-4dde-b1b6-c84d47a2083a,14,20,agent,0.7957882285118103,0.3368421052631579,0.0,,,,0,1
qwen32B-int4_airline_50runs,verbalized,bge-m3,4402d850-6825-4dde-b1b6-c84d47a2083a,15,20,user,,,,,,0.22618746757507324,0,1
qwen32B-int4_airline_50runs,verbalized,bge-m3,4402d850-6825-4dde-b1b6-c84d47a2083a,16,20,agent,0.6679683923721313,0.03614457831325301,0.0,0.29280489683151245,-0.05525334676106769,,0,1
qwen32B-int4_airline_50runs,verbalized,bge-m3,4402d850-6825-4dde-b1b6-c84d47a2083a,17,20,tool,,,,,,,0,1
qwen32B-int4_airline_50runs,verbalized,bge-m3,4402d850-6825-4dde-b1b6-c84d47a2083a,18,20,agent,0.7860410213470459,0.28888888888888886,0.0,,,,0,1
qwen32B-int4_airline_50runs,verbalized,bge-m3,4402d850-6825-4dde-b1b6-c84d47a2083a,19,20,user,,,,,,0.36701953411102295,0,1
qwen32B-int4_airline_50runs,verbalized,bge-m3,f56744b4-1e6b-4325-8d15-91b1a1192256,0,26,agent,,,,,,,0,1
qwen32B-int4_airline_50runs,verbalized,bge-m3,f56744b4-1e6b-4325-8d15-91b1a1192256,1,26,user,,,,,,0.5282605886459351,0,1
qwen32B-int4_airline_50runs,verbalized,bge-m3,f56744b4-1e6b-4325-8d15-91b1a1192256,2,26,agent,0.4473267197608948,0.08333333333333333,0.0,,,,0,1
qwen32B-int4_airline_50runs,verbalized,bge-m3,f56744b4-1e6b-4325-8d15-91b1a1192256,3,26,user,,,,,,0.25221043825149536,0,1
qwen32B-int4_airline_50runs,verbalized,bge-m3,f56744b4-1e6b-4325-8d15-91b1a1192256,4,26,agent,0.5058059692382812,0.01818181818181818,0.0,0.3318483829498291,-0.0972499191761017,,0,1
qwen32B-int4_airline_50runs,verbalized,bge-m3,f56744b4-1e6b-4325-8d15-91b1a1192256,5,26,tool,,,,,,,0,1
qwen32B-int4_airline_50runs,verbalized,bge-m3,f56744b4-1e6b-4325-8d15-91b1a1192256,6,26,agent,0.7591831684112549,0.2465753424657534,0.0,,,,0,1
qwen32B-int4_airline_50runs,verbalized,bge-m3,f56744b4-1e6b-4325-8d15-91b1a1192256,7,26,user,,,,,,0.19574755430221558,0,1
qwen32B-int4_airline_50runs,verbalized,bge-m3,f56744b4-1e6b-4325-8d15-91b1a1192256,8,26,agent,0.8456315398216248,0.4666666666666667,0.0,0.36267197132110596,-0.04540013074874877,,0,1
qwen32B-int4_airline_50runs,verbalized,bge-m3,f56744b4-1e6b-4325-8d15-91b1a1192256,9,26,tool,,,,,,,0,1
qwen32B-int4_airline_50runs,verbalized,bge-m3,f56744b4-1e6b-4325-8d15-91b1a1192256,10,26,agent,0.9191300868988037,0.4117647058823529,0.0,,,,0,1
qwen32B-int4_airline_50runs,verbalized,bge-m3,f56744b4-1e6b-4325-8d15-91b1a1192256,11,26,user,,,,,,0.24107611179351807,0,1
qwen32B-int4_airline_50runs,verbalized,bge-m3,f56744b4-1e6b-4325-8d15-91b1a1192256,12,26,agent,0.9607092142105103,0.6923076923076923,0.0,0.3798127770423889,-0.02698638439178469,,0,1
qwen32B-int4_airline_50runs,verbalized,bge-m3,f56744b4-1e6b-4325-8d15-91b1a1192256,13,26,tool,,,,,,,0,1
qwen32B-int4_airline_50runs,verbalized,bge-m3,f56744b4-1e6b-4325-8d15-91b1a1192256,14,26,agent,0.9472430944442749,0.6923076923076923,0.0,0.37018871307373047,-0.033093476295471214,,0,1
qwen32B-int4_airline_50runs,verbalized,bge-m3,f56744b4-1e6b-4325-8d15-91b1a1192256,15,26,tool,,,,,,,0,1
qwen32B-int4_airline_50runs,verbalized,bge-m3,f56744b4-1e6b-4325-8d15-91b1a1192256,16,26,agent,0.5954289436340332,0.024096385542168676,0.0,,,,0,1
qwen32B-int4_airline_50runs,verbalized,bge-m3,f56744b4-1e6b-4325-8d15-91b1a1192256,17,26,user,,,,,,0.25158262252807617,0,1
qwen32B-int4_airline_50runs,verbalized,bge-m3,f56744b4-1e6b-4325-8d15-91b1a1192256,18,26,agent,0.9198411703109741,0.6923076923076923,0.6923076923076923,0.3698544502258301,-0.05169868469238281,,0,1
qwen32B-int4_airline_50runs,verbalized,bge-m3,f56744b4-1e6b-4325-8d15-91b1a1192256,19,26,tool,,,,,,,0,1
qwen32B-int4_airline_50runs,verbalized,bge-m3,f56744b4-1e6b-4325-8d15-91b1a1192256,20,26,agent,0.8017696142196655,0.35454545454545455,0.0,,,,0,1
qwen32B-int4_airline_50runs,verbalized,bge-m3,f56744b4-1e6b-4325-8d15-91b1a1192256,21,26,user,,,,,,0.2021062970161438,0,1
qwen32B-int4_airline_50runs,verbalized,bge-m3,f56744b4-1e6b-4325-8d15-91b1a1192256,22,26,agent,0.6787833571434021,0.3333333333333333,0.0,0.3283085227012634,-0.036058855056762706,,0,1
qwen32B-int4_airline_50runs,verbalized,bge-m3,f56744b4-1e6b-4325-8d15-91b1a1192256,23,26,tool,,,,,,,0,1
qwen32B-int4_airline_50runs,verbalized,bge-m3,f56744b4-1e6b-4325-8d15-91b1a1192256,24,26,agent,0.7687754034996033,0.30973451327433627,0.0,,,,0,1
qwen32B-int4_airline_50runs,verbalized,bge-m3,f56744b4-1e6b-4325-8d15-91b1a1192256,25,26,user,,,,,,0.2943384647369385,0,1
qwen32B-int4_airline_50runs,verbalized,bge-m3,6940dd25-d42a-42fc-888e-2f2658dc7a89,0,18,agent,,,,,,,0,0
qwen32B-int4_airline_50runs,verbalized,bge-m3,6940dd25-d42a-42fc-888e-2f2658dc7a89,1,18,user,,,,,,0.49835753440856934,0,0
qwen32B-int4_airline_50runs,verbalized,bge-m3,6940dd25-d42a-42fc-888e-2f2658dc7a89,2,18,agent,0.5539025068283081,0.061224489795918366,0.0,0.3849206566810608,-0.19324736793835962,,0,0
qwen32B-int4_airline_50runs,verbalized,bge-m3,6940dd25-d42a-42fc-888e-2f2658dc7a89,3,18,tool,,,,,,,0,0
qwen32B-int4_airline_50runs,verbalized,bge-m3,6940dd25-d42a-42fc-888e-2f2658dc7a89,4,18,agent,0.7782874703407288,0.22784810126582278,0.0,0.7428826987743378,0.24384769797325134,,0,0
qwen32B-int4_airline_50runs,verbalized,bge-m3,6940dd25-d42a-42fc-888e-2f2658dc7a89,5,18,tool,,,,,,,0,0
qwen32B-int4_airline_50runs,verbalized,bge-m3,6940dd25-d42a-42fc-888e-2f2658dc7a89,6,18,agent,0.7176817059516907,0.21311475409836064,0.0,0.5217221081256866,-0.08297591408093774,,0,0
qwen32B-int4_airline_50runs,verbalized,bge-m3,6940dd25-d42a-42fc-888e-2f2658dc7a89,7,18,tool,,,,,,,0,0
qwen32B-int4_airline_50runs,verbalized,bge-m3,6940dd25-d42a-42fc-888e-2f2658dc7a89,8,18,agent,0.74815434217453,0.25,0.0,,,,0,0
qwen32B-int4_airline_50runs,verbalized,bge-m3,6940dd25-d42a-42fc-888e-2f2658dc7a89,9,18,user,,,,,,0.3375600576400757,0,0
qwen32B-int4_airline_50runs,verbalized,bge-m3,6940dd25-d42a-42fc-888e-2f2658dc7a89,10,18,agent,0.6522525548934937,0.2636363636363636,0.0,,,,0,0
qwen32B-int4_airline_50runs,verbalized,bge-m3,6940dd25-d42a-42fc-888e-2f2658dc7a89,11,18,user,,,,,,0.19543445110321045,0,0
qwen32B-int4_airline_50runs,verbalized,bge-m3,6940dd25-d42a-42fc-888e-2f2658dc7a89,12,18,agent,0.9343790411949158,0.6309523809523809,0.0,,,,0,0
qwen32B-int4_airline_50runs,verbalized,bge-m3,6940dd25-d42a-42fc-888e-2f2658dc7a89,13,18,user,,,,,,0.16372919082641602,0,0
qwen32B-int4_airline_50runs,verbalized,bge-m3,6940dd25-d42a-42fc-888e-2f2658dc7a89,14,18,agent,0.7743686437606812,0.31868131868131866,0.0,0.6006671786308289,0.029719442129135132,,0,0
qwen32B-int4_airline_50runs,verbalized,bge-m3,6940dd25-d42a-42fc-888e-2f2658dc7a89,15,18,tool,,,,,,,0,0
qwen32B-int4_airline_50runs,verbalized,bge-m3,6940dd25-d42a-42fc-888e-2f2658dc7a89,16,18,agent,0.4402644634246826,0.05128205128205128,0.0,,,,0,0
qwen32B-int4_airline_50runs,verbalized,bge-m3,6940dd25-d42a-42fc-888e-2f2658dc7a89,17,18,user,,,,,,0.3656492829322815,0,0
qwen32B-int4_airline_50runs,verbalized,bge-m3,d4a62128-65ad-40c5-88cb-df3289b6c6ee,0,54,agent,,,,,,,0,0
qwen32B-int4_airline_50runs,verbalized,bge-m3,d4a62128-65ad-40c5-88cb-df3289b6c6ee,1,54,user,,,,,,0.506740003824234,0,0
qwen32B-int4_airline_50runs,verbalized,bge-m3,d4a62128-65ad-40c5-88cb-df3289b6c6ee,2,54,agent,0.5182723999023438,0.06896551724137931,0.0,0.3756229877471924,-0.16616059541702266,,0,0
qwen32B-int4_airline_50runs,verbalized,bge-m3,d4a62128-65ad-40c5-88cb-df3289b6c6ee,3,54,tool,,,,,,,0,0
qwen32B-int4_airline_50runs,verbalized,bge-m3,d4a62128-65ad-40c5-88cb-df3289b6c6ee,4,54,agent,0.7500355839729309,0.136986301369863,0.0,,,,0,0
qwen32B-int4_airline_50runs,verbalized,bge-m3,d4a62128-65ad-40c5-88cb-df3289b6c6ee,5,54,user,,,,,,0.25944453477859497,0,0
qwen32B-int4_airline_50runs,verbalized,bge-m3,d4a62128-65ad-40c5-88cb-df3289b6c6ee,6,54,agent,0.7463454008102417,0.24786324786324787,0.0,,,,0,0
qwen32B-int4_airline_50runs,verbalized,bge-m3,d4a62128-65ad-40c5-88cb-df3289b6c6ee,7,54,user,,,,,,0.31716418266296387,0,0
qwen32B-int4_airline_50runs,verbalized,bge-m3,d4a62128-65ad-40c5-88cb-df3289b6c6ee,8,54,agent,0.8788138031959534,0.34146341463414637,0.0,0.4973621368408203,-0.04393711090087893,,0,0
qwen32B-int4_airline_50runs,verbalized,bge-m3,d4a62128-65ad-40c5-88cb-df3289b6c6ee,9,54,tool,,,,,,,0,0
qwen32B-int4_airline_50runs,verbalized,bge-m3,d4a62128-65ad-40c5-88cb-df3289b6c6ee,10,54,agent,0.5263262391090393,0.2912621359223301,0.0,0.34173083305358887,-0.29907994866371157,,0,0
qwen32B-int4_airline_50runs,verbalized,bge-m3,d4a62128-65ad-40c5-88cb-df3289b6c6ee,11,54,tool,,,,,,,0,0
qwen32B-int4_airline_50runs,verbalized,bge-m3,d4a62128-65ad-40c5-88cb-df3289b6c6ee,12,54,agent,0.938012957572937,0.5487804878048781,0.0,,,,0,0
qwen32B-int4_airline_50runs,verbalized,bge-m3,d4a62128-65ad-40c5-88cb-df3289b6c6ee,13,54,user,,,,,,0.35835587978363037,0,0
qwen32B-int4_airline_50runs,verbalized,bge-m3,d4a62128-65ad-40c5-88cb-df3289b6c6ee,14,54,agent,0.8093616962432861,0.26595744680851063,0.0,0.3830157518386841,-0.1776740153630575,,0,0
qwen32B-int4_airline_50runs,verbalized,bge-m3,d4a62128-65ad-40c5-88cb-df3289b6c6ee,15,54,tool,,,,,,,0,0
qwen32B-int4_airline_50runs,verbalized,bge-m3,d4a62128-65ad-40c5-88cb-df3289b6c6ee,16,54,agent,0.9368018507957458,0.43617021276595747,0.0,,,,0,0
qwen32B-int4_airline_50runs,verbalized,bge-m3,d4a62128-65ad-40c5-88cb-df3289b6c6ee,17,54,user,,,,,,0.29646098613739014,0,0
qwen32B-int4_airline_50runs,verbalized,bge-m3,d4a62128-65ad-40c5-88cb-df3289b6c6ee,18,54,agent,0.728079617023468,0.2878787878787879,0.0,,,,0,0
qwen32B-int4_airline_50runs,verbalized,bge-m3,d4a62128-65ad-40c5-88cb-df3289b6c6ee,19,54,user,,,,,,0.2730932831764221,0,0
qwen32B-int4_airline_50runs,verbalized,bge-m3,d4a62128-65ad-40c5-88cb-df3289b6c6ee,20,54,agent,0.8333626985549927,0.4295774647887324,0.0,,,,0,0
qwen32B-int4_airline_50runs,verbalized,bge-m3,d4a62128-65ad-40c5-88cb-df3289b6c6ee,21,54,user,,,,,,0.19359081983566284,0,0
qwen32B-int4_airline_50runs,verbalized,bge-m3,d4a62128-65ad-40c5-88cb-df3289b6c6ee,22,54,agent,0.9181642532348633,0.3826086956521739,0.0,,,,0,0
qwen32B-int4_airline_50runs,verbalized,bge-m3,d4a62128-65ad-40c5-88cb-df3289b6c6ee,23,54,user,,,,,,0.4515650272369385,0,0
qwen32B-int4_airline_50runs,verbalized,bge-m3,d4a62128-65ad-40c5-88cb-df3289b6c6ee,24,54,agent,0.9454740285873413,0.43661971830985913,0.0,0.5785931348800659,0.055913694699605276,,0,0
qwen32B-int4_airline_50runs,verbalized,bge-m3,d4a62128-65ad-40c5-88cb-df3289b6c6ee,25,54,tool,,,,,,,0,0
qwen32B-int4_airline_50runs,verbalized,bge-m3,d4a62128-65ad-40c5-88cb-df3289b6c6ee,26,54,agent,0.7311928272247314,0.24271844660194175,0.0,,,,0,0
qwen32B-int4_airline_50runs,verbalized,bge-m3,d4a62128-65ad-40c5-88cb-df3289b6c6ee,27,54,user,,,,,,0.25826650857925415,0,0
qwen32B-int4_airline_50runs,verbalized,bge-m3,d4a62128-65ad-40c5-88cb-df3289b6c6ee,28,54,agent,0.8755278587341309,0.5535714285714286,0.0,0.5326991379261017,0.07054876486460365,,0,0
qwen32B-int4_airline_50runs,verbalized,bge-m3,d4a62128-65ad-40c5-88cb-df3289b6c6ee,29,54,tool,,,,,,,0,0
qwen32B-int4_airline_50runs,verbalized,bge-m3,d4a62128-65ad-40c5-88cb-df3289b6c6ee,30,54,agent,0.6996983289718628,0.34210526315789475,0.0,,,,0,0
qwen32B-int4_airline_50runs,verbalized,bge-m3,d4a62128-65ad-40c5-88cb-df3289b6c6ee,31,54,user,,,,,,0.2775599956512451,0,0
qwen32B-int4_airline_50runs,verbalized,bge-m3,d4a62128-65ad-40c5-88cb-df3289b6c6ee,32,54,agent,0.9903548955917358,0.9387755102040817,0.0,0.5205697119235992,0.06365903218587238,,0,0
qwen32B-int4_airline_50runs,verbalized,bge-m3,d4a62128-65ad-40c5-88cb-df3289b6c6ee,33,54,tool,,,,,,,0,0
qwen32B-int4_airline_50runs,verbalized,bge-m3,d4a62128-65ad-40c5-88cb-df3289b6c6ee,34,54,agent,0.8930136561393738,0.2878787878787879,0.0,0.41173022985458374,-0.05632004340489705,,0,0
qwen32B-int4_airline_50runs,verbalized,bge-m3,d4a62128-65ad-40c5-88cb-df3289b6c6ee,35,54,tool,,,,,,,0,0
qwen32B-int4_airline_50runs,verbalized,bge-m3,d4a62128-65ad-40c5-88cb-df3289b6c6ee,36,54,agent,0.7159454822540283,0.28735632183908044,0.0,0.3866104483604431,-0.05396899779637654,,0,0
qwen32B-int4_airline_50runs,verbalized,bge-m3,d4a62128-65ad-40c5-88cb-df3289b6c6ee,37,54,tool,,,,,,,0,0
qwen32B-int4_airline_50runs,verbalized,bge-m3,d4a62128-65ad-40c5-88cb-df3289b6c6ee,38,54,agent,0.8788939714431763,0.36904761904761907,0.0,0.3105210065841675,-0.09619359572728475,,0,0
qwen32B-int4_airline_50runs,verbalized,bge-m3,d4a62128-65ad-40c5-88cb-df3289b6c6ee,39,54,tool,,,,,,,0,0
qwen32B-int4_airline_50runs,verbalized,bge-m3,d4a62128-65ad-40c5-88cb-df3289b6c6ee,40,54,agent,0.9466623067855835,0.5522388059701493,0.0,0.35214197635650635,-0.08160261909166971,,0,0
qwen32B-int4_airline_50runs,verbalized,bge-m3,d4a62128-65ad-40c5-88cb-df3289b6c6ee,41,54,tool,,,,,,,0,0
qwen32B-int4_airline_50runs,verbalized,bge-m3,d4a62128-65ad-40c5-88cb-df3289b6c6ee,42,54,agent,0.9317435026168823,0.4794520547945205,0.0,0.2804185748100281,-0.11356893777847288,,0,0
qwen32B-int4_airline_50runs,verbalized,bge-m3,d4a62128-65ad-40c5-88cb-df3289b6c6ee,43,54,tool,,,,,,,0,0
qwen32B-int4_airline_50runs,verbalized,bge-m3,d4a62128-65ad-40c5-88cb-df3289b6c6ee,44,54,agent,0.9683077931404114,0.631578947368421,0.0,0.31181544065475464,-0.08763692975044252,,0,0
qwen32B-int4_airline_50runs,verbalized,bge-m3,d4a62128-65ad-40c5-88cb-df3289b6c6ee,45,54,tool,,,,,,,0,0
qwen32B-int4_airline_50runs,verbalized,bge-m3,d4a62128-65ad-40c5-88cb-df3289b6c6ee,46,54,agent,0.9840084910392761,0.7471264367816092,0.0,0.28468936681747437,-0.10156232317288716,,0,0
qwen32B-int4_airline_50runs,verbalized,bge-m3,d4a62128-65ad-40c5-88cb-df3289b6c6ee,47,54,tool,,,,,,,0,0
qwen32B-int4_airline_50runs,verbalized,bge-m3,d4a62128-65ad-40c5-88cb-df3289b6c6ee,48,54,agent,0.9238818287849426,0.6326530612244898,0.0,0.4138370752334595,0.01696176528930665,,0,0
qwen32B-int4_airline_50runs,verbalized,bge-m3,d4a62128-65ad-40c5-88cb-df3289b6c6ee,49,54,tool,,,,,,,0,0
qwen32B-int4_airline_50runs,verbalized,bge-m3,d4a62128-65ad-40c5-88cb-df3289b6c6ee,50,54,agent,0.9135704040527344,0.5529411764705883,0.0,0.3522169589996338,-0.0688823997974396,,0,0
qwen32B-int4_airline_50runs,verbalized,bge-m3,d4a62128-65ad-40c5-88cb-df3289b6c6ee,51,54,tool,,,,,,,0,0
qwen32B-int4_airline_50runs,verbalized,bge-m3,d4a62128-65ad-40c5-88cb-df3289b6c6ee,52,54,agent,0.8249122500419617,0.3644859813084112,0.0,,,,0,0
qwen32B-int4_airline_50runs,verbalized,bge-m3,d4a62128-65ad-40c5-88cb-df3289b6c6ee,53,54,user,,,,,,0.5686000287532806,0,0
qwen32B-int4_airline_50runs,verbalized,bge-m3,b22bdbea-bd05-4647-9820-d467ab3a911a,0,22,agent,,,,,,,0,1
qwen32B-int4_airline_50runs,verbalized,bge-m3,b22bdbea-bd05-4647-9820-d467ab3a911a,1,22,user,,,,,,0.49100255966186523,0,1
qwen32B-int4_airline_50runs,verbalized,bge-m3,b22bdbea-bd05-4647-9820-d467ab3a911a,2,22,agent,0.4772677421569824,0.0851063829787234,0.0,,,,0,1
qwen32B-int4_airline_50runs,verbalized,bge-m3,b22bdbea-bd05-4647-9820-d467ab3a911a,3,22,user,,,,,,0.23068726062774658,0,1
qwen32B-int4_airline_50runs,verbalized,bge-m3,b22bdbea-bd05-4647-9820-d467ab3a911a,4,22,agent,0.5787752866744995,0.018518518518518517,0.0,0.36271393299102783,-0.03033878803253176,,0,1
qwen32B-int4_airline_50runs,verbalized,bge-m3,b22bdbea-bd05-4647-9820-d467ab3a911a,5,22,tool,,,,,,,0,1
qwen32B-int4_airline_50runs,verbalized,bge-m3,b22bdbea-bd05-4647-9820-d467ab3a911a,6,22,agent,0.950778603553772,0.6923076923076923,0.0,0.38233768939971924,-0.012859952449798595,,0,1
qwen32B-int4_airline_50runs,verbalized,bge-m3,b22bdbea-bd05-4647-9820-d467ab3a911a,7,22,tool,,,,,,,0,1
qwen32B-int4_airline_50runs,verbalized,bge-m3,b22bdbea-bd05-4647-9820-d467ab3a911a,8,22,agent,0.9497083425521851,0.6923076923076923,0.0,0.3700765371322632,-0.018654620647430398,,0,1
qwen32B-int4_airline_50runs,verbalized,bge-m3,b22bdbea-bd05-4647-9820-d467ab3a911a,9,22,tool,,,,,,,0,1
qwen32B-int4_airline_50runs,verbalized,bge-m3,b22bdbea-bd05-4647-9820-d467ab3a911a,10,22,agent,0.5656017661094666,0.019417475728155338,0.0,,,,0,1
qwen32B-int4_airline_50runs,verbalized,bge-m3,b22bdbea-bd05-4647-9820-d467ab3a911a,11,22,user,,,,,,0.25381362438201904,0,1
qwen32B-int4_airline_50runs,verbalized,bge-m3,b22bdbea-bd05-4647-9820-d467ab3a911a,12,22,agent,0.8545255064964294,0.24770642201834864,0.0,0.40334439277648926,-0.02822145223617556,,0,1
qwen32B-int4_airline_50runs,verbalized,bge-m3,b22bdbea-bd05-4647-9820-d467ab3a911a,13,22,tool,,,,,,,0,1
qwen32B-int4_airline_50runs,verbalized,bge-m3,b22bdbea-bd05-4647-9820-d467ab3a911a,14,22,agent,0.7308446168899536,0.16,0.0,0.4498291015625,-0.029949277639389038,,0,1
qwen32B-int4_airline_50runs,verbalized,bge-m3,b22bdbea-bd05-4647-9820-d467ab3a911a,15,22,tool,,,,,,,0,1
qwen32B-int4_airline_50runs,verbalized,bge-m3,b22bdbea-bd05-4647-9820-d467ab3a911a,16,22,agent,0.9004344940185547,0.34782608695652173,0.0,,,,0,1
qwen32B-int4_airline_50runs,verbalized,bge-m3,b22bdbea-bd05-4647-9820-d467ab3a911a,17,22,user,,,,,,0.17977052927017212,0,1
qwen32B-int4_airline_50runs,verbalized,bge-m3,b22bdbea-bd05-4647-9820-d467ab3a911a,18,22,agent,0.7180843353271484,0.05714285714285714,0.0,0.29475438594818115,-0.018349850177764915,,0,1
qwen32B-int4_airline_50runs,verbalized,bge-m3,b22bdbea-bd05-4647-9820-d467ab3a911a,19,22,tool,,,,,,,0,1
qwen32B-int4_airline_50runs,verbalized,bge-m3,b22bdbea-bd05-4647-9820-d467ab3a911a,20,22,agent,0.8313899040222168,0.39473684210526316,0.0,,,,0,1
qwen32B-int4_airline_50runs,verbalized,bge-m3,b22bdbea-bd05-4647-9820-d467ab3a911a,21,22,user,,,,,,0.3737943172454834,0,1
qwen32B-int4_airline_50runs,verbalized,bge-m3,2828e439-9b26-408c-81c4-e14f308b5efd,0,28,agent,,,,,,,0,1
qwen32B-int4_airline_50runs,verbalized,bge-m3,2828e439-9b26-408c-81c4-e14f308b5efd,1,28,user,,,,,,0.4962801933288574,0,1
qwen32B-int4_airline_50runs,verbalized,bge-m3,2828e439-9b26-408c-81c4-e14f308b5efd,2,28,agent,0.48063141107559204,0.08163265306122448,0.0,,,,0,1
qwen32B-int4_airline_50runs,verbalized,bge-m3,2828e439-9b26-408c-81c4-e14f308b5efd,3,28,user,,,,,,0.28360515832901,0,1
qwen32B-int4_airline_50runs,verbalized,bge-m3,2828e439-9b26-408c-81c4-e14f308b5efd,4,28,agent,0.5714744925498962,0.017857142857142856,0.0,0.3113479018211365,-0.08334766030311586,,0,1
qwen32B-int4_airline_50runs,verbalized,bge-m3,2828e439-9b26-408c-81c4-e14f308b5efd,5,28,tool,,,,,,,0,1
qwen32B-int4_airline_50runs,verbalized,bge-m3,2828e439-9b26-408c-81c4-e14f308b5efd,6,28,agent,0.8289278745651245,0.24285714285714285,0.0,,,,0,1
qwen32B-int4_airline_50runs,verbalized,bge-m3,2828e439-9b26-408c-81c4-e14f308b5efd,7,28,user,,,,,,0.3866369128227234,0,1
qwen32B-int4_airline_50runs,verbalized,bge-m3,2828e439-9b26-408c-81c4-e14f308b5efd,8,28,agent,0.6680081486701965,0.3333333333333333,0.0,0.5619514882564545,0.1282022178173065,,0,1
qwen32B-int4_airline_50runs,verbalized,bge-m3,2828e439-9b26-408c-81c4-e14f308b5efd,9,28,tool,,,,,,,0,1
qwen32B-int4_airline_50runs,verbalized,bge-m3,2828e439-9b26-408c-81c4-e14f308b5efd,10,28,agent,0.5831220149993896,0.1267605633802817,0.0,,,,0,1
qwen32B-int4_airline_50runs,verbalized,bge-m3,2828e439-9b26-408c-81c4-e14f308b5efd,11,28,user,,,,,,0.34856367111206055,0,1
qwen32B-int4_airline_50runs,verbalized,bge-m3,2828e439-9b26-408c-81c4-e14f308b5efd,12,28,agent,0.7141001224517822,0.2714285714285714,0.0,0.40435314178466797,-0.17026538252830503,,0,1
qwen32B-int4_airline_50runs,verbalized,bge-m3,2828e439-9b26-408c-81c4-e14f308b5efd,13,28,tool,,,,,,,0,1
qwen32B-int4_airline_50runs,verbalized,bge-m3,2828e439-9b26-408c-81c4-e14f308b5efd,14,28,agent,0.7762096524238586,0.18867924528301888,0.0,,,,0,1
qwen32B-int4_airline_50runs,verbalized,bge-m3,2828e439-9b26-408c-81c4-e14f308b5efd,15,28,user,,,,,,0.2686430811882019,0,1
qwen32B-int4_airline_50runs,verbalized,bge-m3,2828e439-9b26-408c-81c4-e14f308b5efd,16,28,agent,0.7333720326423645,0.2892561983471074,0.0,,,,0,1
qwen32B-int4_airline_50runs,verbalized,bge-m3,2828e439-9b26-408c-81c4-e14f308b5efd,17,28,user,,,,,,0.24344468116760254,0,1
qwen32B-int4_airline_50runs,verbalized,bge-m3,2828e439-9b26-408c-81c4-e14f308b5efd,18,28,agent,0.4492162764072418,0.011627906976744186,0.0,0.30960142612457275,-0.08704048991203306,,0,1
qwen32B-int4_airline_50runs,verbalized,bge-m3,2828e439-9b26-408c-81c4-e14f308b5efd,19,28,tool,,,,,,,0,1
qwen32B-int4_airline_50runs,verbalized,bge-m3,2828e439-9b26-408c-81c4-e14f308b5efd,20,28,agent,0.8292140960693359,0.29,0.0,0.39697855710983276,-0.1260404348373413,,0,1
qwen32B-int4_airline_50runs,verbalized,bge-m3,2828e439-9b26-408c-81c4-e14f308b5efd,21,28,tool,,,,,,,0,1
qwen32B-int4_airline_50runs,verbalized,bge-m3,2828e439-9b26-408c-81c4-e14f308b5efd,22,28,agent,0.7936290502548218,0.2413793103448276,0.0,,,,0,1
qwen32B-int4_airline_50runs,verbalized,bge-m3,2828e439-9b26-408c-81c4-e14f308b5efd,23,28,user,,,,,,0.23247623443603516,0,1
qwen32B-int4_airline_50runs,verbalized,bge-m3,2828e439-9b26-408c-81c4-e14f308b5efd,24,28,agent,0.7753079533576965,0.2894736842105263,0.0,0.4050644040107727,-0.029736810922622703,,0,1
qwen32B-int4_airline_50runs,verbalized,bge-m3,2828e439-9b26-408c-81c4-e14f308b5efd,25,28,tool,,,,,,,0,1
qwen32B-int4_airline_50runs,verbalized,bge-m3,2828e439-9b26-408c-81c4-e14f308b5efd,26,28,agent,0.8526722192764282,0.42735042735042733,0.0,,,,0,1
qwen32B-int4_airline_50runs,verbalized,bge-m3,2828e439-9b26-408c-81c4-e14f308b5efd,27,28,user,,,,,,0.5139487981796265,0,1
qwen32B-int4_airline_50runs,verbalized,bge-m3,fb5331ce-98eb-4888-94ac-b1f2c5b667fd,0,38,agent,,,,,,,0,1
qwen32B-int4_airline_50runs,verbalized,bge-m3,fb5331ce-98eb-4888-94ac-b1f2c5b667fd,1,38,user,,,,,,0.5301166474819183,0,1
qwen32B-int4_airline_50runs,verbalized,bge-m3,fb5331ce-98eb-4888-94ac-b1f2c5b667fd,2,38,agent,0.47308140993118286,0.07692307692307693,0.0,,,,0,1
qwen32B-int4_airline_50runs,verbalized,bge-m3,fb5331ce-98eb-4888-94ac-b1f2c5b667fd,3,38,user,,,,,,0.3180003762245178,0,1
qwen32B-int4_airline_50runs,verbalized,bge-m3,fb5331ce-98eb-4888-94ac-b1f2c5b667fd,4,38,agent,0.5182124376296997,0.0,0.0,0.31774628162384033,-0.08004415460995268,,0,1
qwen32B-int4_airline_50runs,verbalized,bge-m3,fb5331ce-98eb-4888-94ac-b1f2c5b667fd,5,38,tool,,,,,,,0,1
qwen32B-int4_airline_50runs,verbalized,bge-m3,fb5331ce-98eb-4888-94ac-b1f2c5b667fd,6,38,agent,0.8335351347923279,0.25396825396825395,0.0,,,,0,1
qwen32B-int4_airline_50runs,verbalized,bge-m3,fb5331ce-98eb-4888-94ac-b1f2c5b667fd,7,38,user,,,,,,0.3400923013687134,0,1
qwen32B-int4_airline_50runs,verbalized,bge-m3,fb5331ce-98eb-4888-94ac-b1f2c5b667fd,8,38,agent,0.7557945251464844,0.18181818181818182,0.0,0.4218232035636902,-0.018191852739879055,,0,1
qwen32B-int4_airline_50runs,verbalized,bge-m3,fb5331ce-98eb-4888-94ac-b1f2c5b667fd,9,38,tool,,,,,,,0,1
qwen32B-int4_airline_50runs,verbalized,bge-m3,fb5331ce-98eb-4888-94ac-b1f2c5b667fd,10,38,agent,0.7600993514060974,0.14492753623188406,0.0,0.4956820607185364,-0.029736816883087158,,0,1
qwen32B-int4_airline_50runs,verbalized,bge-m3,fb5331ce-98eb-4888-94ac-b1f2c5b667fd,11,38,tool,,,,,,,0,1
qwen32B-int4_airline_50runs,verbalized,bge-m3,fb5331ce-98eb-4888-94ac-b1f2c5b667fd,12,38,agent,0.7848591208457947,0.23255813953488372,0.0,0.4750228524208069,-0.037192131791796035,,0,1
qwen32B-int4_airline_50runs,verbalized,bge-m3,fb5331ce-98eb-4888-94ac-b1f2c5b667fd,13,38,tool,,,,,,,0,1
qwen32B-int4_airline_50runs,verbalized,bge-m3,fb5331ce-98eb-4888-94ac-b1f2c5b667fd,14,38,agent,0.8299663662910461,0.9117647058823529,0.0,0.4630115032196045,-0.07086248482976643,,0,1
qwen32B-int4_airline_50runs,verbalized,bge-m3,fb5331ce-98eb-4888-94ac-b1f2c5b667fd,15,38,tool,,,,,,,0,1
qwen32B-int4_airline_50runs,verbalized,bge-m3,fb5331ce-98eb-4888-94ac-b1f2c5b667fd,16,38,agent,0.9092373251914978,0.9090909090909091,0.0,0.5199742019176483,-0.00692486124379299,,0,1
qwen32B-int4_airline_50runs,verbalized,bge-m3,fb5331ce-98eb-4888-94ac-b1f2c5b667fd,17,38,tool,,,,,,,0,1
qwen32B-int4_airline_50runs,verbalized,bge-m3,fb5331ce-98eb-4888-94ac-b1f2c5b667fd,18,38,agent,0.8546526432037354,0.9117647058823529,0.0,0.4750109910964966,-0.05706182760851719,,0,1
qwen32B-int4_airline_50runs,verbalized,bge-m3,fb5331ce-98eb-4888-94ac-b1f2c5b667fd,19,38,tool,,,,,,,0,1
qwen32B-int4_airline_50runs,verbalized,bge-m3,fb5331ce-98eb-4888-94ac-b1f2c5b667fd,20,38,agent,0.9014471769332886,0.9090909090909091,0.0,0.4947396516799927,-0.0464489523853574,,0,1
qwen32B-int4_airline_50runs,verbalized,bge-m3,fb5331ce-98eb-4888-94ac-b1f2c5b667fd,21,38,tool,,,,,,,0,1
qwen32B-int4_airline_50runs,verbalized,bge-m3,fb5331ce-98eb-4888-94ac-b1f2c5b667fd,22,38,agent,0.8593736886978149,0.9393939393939394,0.0,0.45667320489883423,-0.07973477670124596,,0,1
qwen32B-int4_airline_50runs,verbalized,bge-m3,fb5331ce-98eb-4888-94ac-b1f2c5b667fd,23,38,tool,,,,,,,0,1
qwen32B-int4_airline_50runs,verbalized,bge-m3,fb5331ce-98eb-4888-94ac-b1f2c5b667fd,24,38,agent,0.9105395674705505,0.9090909090909091,0.0,0.49650752544403076,-0.02084454894065857,,0,1
qwen32B-int4_airline_50runs,verbalized,bge-m3,fb5331ce-98eb-4888-94ac-b1f2c5b667fd,25,38,tool,,,,,,,0,1
qwen32B-int4_airline_50runs,verbalized,bge-m3,fb5331ce-98eb-4888-94ac-b1f2c5b667fd,26,38,agent,0.8379809260368347,0.9393939393939394,0.0,0.44335925579071045,-0.0602438769170216,,0,1
qwen32B-int4_airline_50runs,verbalized,bge-m3,fb5331ce-98eb-4888-94ac-b1f2c5b667fd,27,38,tool,,,,,,,0,1
qwen32B-int4_airline_50runs,verbalized,bge-m3,fb5331ce-98eb-4888-94ac-b1f2c5b667fd,28,38,agent,0.8993394374847412,0.9090909090909091,0.0,0.4957064390182495,-0.006643359150205308,,0,1
qwen32B-int4_airline_50runs,verbalized,bge-m3,fb5331ce-98eb-4888-94ac-b1f2c5b667fd,29,38,tool,,,,,,,0,1
qwen32B-int4_airline_50runs,verbalized,bge-m3,fb5331ce-98eb-4888-94ac-b1f2c5b667fd,30,38,agent,0.8889927268028259,0.9393939393939394,0.0,0.4792787432670593,-0.03297679552010124,,0,1
qwen32B-int4_airline_50runs,verbalized,bge-m3,fb5331ce-98eb-4888-94ac-b1f2c5b667fd,31,38,tool,,,,,,,0,1
qwen32B-int4_airline_50runs,verbalized,bge-m3,fb5331ce-98eb-4888-94ac-b1f2c5b667fd,32,38,agent,0.9241558909416199,0.8260869565217391,0.0,0.49028849601745605,-0.028789056198937568,,0,1
qwen32B-int4_airline_50runs,verbalized,bge-m3,fb5331ce-98eb-4888-94ac-b1f2c5b667fd,33,38,tool,,,,,,,0,1
qwen32B-int4_airline_50runs,verbalized,bge-m3,fb5331ce-98eb-4888-94ac-b1f2c5b667fd,34,38,agent,0.8384388089179993,0.6923076923076923,0.0,0.47168880701065063,-0.06933682092598503,,0,1
qwen32B-int4_airline_50runs,verbalized,bge-m3,fb5331ce-98eb-4888-94ac-b1f2c5b667fd,35,38,tool,,,,,,,0,1
qwen32B-int4_airline_50runs,verbalized,bge-m3,fb5331ce-98eb-4888-94ac-b1f2c5b667fd,36,38,agent,0.6389249563217163,0.2545454545454545,0.0,,,,0,1
qwen32B-int4_airline_50runs,verbalized,bge-m3,fb5331ce-98eb-4888-94ac-b1f2c5b667fd,37,38,user,,,,,,0.6014211773872375,0,1
qwen32B-int4_airline_50runs,verbalized,bge-m3,934a7dd7-2412-4b7b-9120-0b0c1f2a7458,0,18,agent,,,,,,,0,0
qwen32B-int4_airline_50runs,verbalized,bge-m3,934a7dd7-2412-4b7b-9120-0b0c1f2a7458,1,18,user,,,,,,0.5123802721500397,0,0
qwen32B-int4_airline_50runs,verbalized,bge-m3,934a7dd7-2412-4b7b-9120-0b0c1f2a7458,2,18,agent,0.46476662158966064,0.08108108108108109,0.0,,,,0,0
qwen32B-int4_airline_50runs,verbalized,bge-m3,934a7dd7-2412-4b7b-9120-0b0c1f2a7458,3,18,user,,,,,,0.2875882387161255,0,0
qwen32B-int4_airline_50runs,verbalized,bge-m3,934a7dd7-2412-4b7b-9120-0b0c1f2a7458,4,18,agent,0.6387995481491089,0.04,0.0,0.41182589530944824,0.07341885566711426,,0,0
qwen32B-int4_airline_50runs,verbalized,bge-m3,934a7dd7-2412-4b7b-9120-0b0c1f2a7458,5,18,tool,,,,,,,0,0
qwen32B-int4_airline_50runs,verbalized,bge-m3,934a7dd7-2412-4b7b-9120-0b0c1f2a7458,6,18,agent,0.7228351831436157,0.18333333333333332,0.0,,,,0,0
qwen32B-int4_airline_50runs,verbalized,bge-m3,934a7dd7-2412-4b7b-9120-0b0c1f2a7458,7,18,user,,,,,,0.4517436623573303,0,0
qwen32B-int4_airline_50runs,verbalized,bge-m3,934a7dd7-2412-4b7b-9120-0b0c1f2a7458,8,18,agent,0.7090790271759033,0.23529411764705882,0.0,,,,0,0
qwen32B-int4_airline_50runs,verbalized,bge-m3,934a7dd7-2412-4b7b-9120-0b0c1f2a7458,9,18,user,,,,,,0.351443350315094,0,0
qwen32B-int4_airline_50runs,verbalized,bge-m3,934a7dd7-2412-4b7b-9120-0b0c1f2a7458,10,18,agent,0.9000157713890076,0.40350877192982454,0.0,0.40522104501724243,-0.022503644227981567,,0,0
qwen32B-int4_airline_50runs,verbalized,bge-m3,934a7dd7-2412-4b7b-9120-0b0c1f2a7458,11,18,tool,,,,,,,0,0
qwen32B-int4_airline_50runs,verbalized,bge-m3,934a7dd7-2412-4b7b-9120-0b0c1f2a7458,12,18,agent,0.8874492049217224,0.36764705882352944,0.0,,,,0,0
qwen32B-int4_airline_50runs,verbalized,bge-m3,934a7dd7-2412-4b7b-9120-0b0c1f2a7458,13,18,user,,,,,,0.2130950689315796,0,0
qwen32B-int4_airline_50runs,verbalized,bge-m3,934a7dd7-2412-4b7b-9120-0b0c1f2a7458,14,18,agent,0.7643103003501892,0.16666666666666666,0.0,0.29407382011413574,-0.055655479431152344,,0,0
qwen32B-int4_airline_50runs,verbalized,bge-m3,934a7dd7-2412-4b7b-9120-0b0c1f2a7458,15,18,tool,,,,,,,0,0
qwen32B-int4_airline_50runs,verbalized,bge-m3,934a7dd7-2412-4b7b-9120-0b0c1f2a7458,16,18,agent,0.7661760449409485,0.16216216216216217,0.0,,,,0,0
qwen32B-int4_airline_50runs,verbalized,bge-m3,934a7dd7-2412-4b7b-9120-0b0c1f2a7458,17,18,user,,,,,,0.4868428707122803,0,0
qwen32B-int4_airline_50runs,verbalized,bge-m3,0c9e1013-eb30-4ca9-b854-ee9a16e8562c,0,30,agent,,,,,,,0,1
qwen32B-int4_airline_50runs,verbalized,bge-m3,0c9e1013-eb30-4ca9-b854-ee9a16e8562c,1,30,user,,,,,,0.539315402507782,0,1
qwen32B-int4_airline_50runs,verbalized,bge-m3,0c9e1013-eb30-4ca9-b854-ee9a16e8562c,2,30,agent,0.47905200719833374,0.1,0.0,,,,0,1
qwen32B-int4_airline_50runs,verbalized,bge-m3,0c9e1013-eb30-4ca9-b854-ee9a16e8562c,3,30,user,,,,,,0.25598227977752686,0,1
qwen32B-int4_airline_50runs,verbalized,bge-m3,0c9e1013-eb30-4ca9-b854-ee9a16e8562c,4,30,agent,0.5285396575927734,0.027777777777777776,0.0,0.31623131036758423,-0.08642256259918213,,0,1
qwen32B-int4_airline_50runs,verbalized,bge-m3,0c9e1013-eb30-4ca9-b854-ee9a16e8562c,5,30,tool,,,,,,,0,1
qwen32B-int4_airline_50runs,verbalized,bge-m3,0c9e1013-eb30-4ca9-b854-ee9a16e8562c,6,30,agent,0.7624549269676208,0.22807017543859648,0.0,,,,0,1
qwen32B-int4_airline_50runs,verbalized,bge-m3,0c9e1013-eb30-4ca9-b854-ee9a16e8562c,7,30,user,,,,,,0.3346736431121826,0,1
qwen32B-int4_airline_50runs,verbalized,bge-m3,0c9e1013-eb30-4ca9-b854-ee9a16e8562c,8,30,agent,0.8474082350730896,0.4666666666666667,0.4666666666666667,0.4025014042854309,-0.00509728325737846,,0,1
qwen32B-int4_airline_50runs,verbalized,bge-m3,0c9e1013-eb30-4ca9-b854-ee9a16e8562c,9,30,tool,,,,,,,0,1
qwen32B-int4_airline_50runs,verbalized,bge-m3,0c9e1013-eb30-4ca9-b854-ee9a16e8562c,10,30,agent,0.9658538699150085,0.6923076923076923,0.0,0.3919028043746948,-0.012322081459893108,,0,1
qwen32B-int4_airline_50runs,verbalized,bge-m3,0c9e1013-eb30-4ca9-b854-ee9a16e8562c,11,30,tool,,,,,,,0,1
qwen32B-int4_airline_50runs,verbalized,bge-m3,0c9e1013-eb30-4ca9-b854-ee9a16e8562c,12,30,agent,0.9840385317802429,0.6923076923076923,0.0,0.3543792963027954,-0.0540621214442783,,0,1
qwen32B-int4_airline_50runs,verbalized,bge-m3,0c9e1013-eb30-4ca9-b854-ee9a16e8562c,13,30,tool,,,,,,,0,1
qwen32B-int4_airline_50runs,verbalized,bge-m3,0c9e1013-eb30-4ca9-b854-ee9a16e8562c,14,30,agent,0.9692552089691162,0.6923076923076923,0.0,0.3875938653945923,-0.009161531925201416,,0,1
qwen32B-int4_airline_50runs,verbalized,bge-m3,0c9e1013-eb30-4ca9-b854-ee9a16e8562c,15,30,tool,,,,,,,0,1
qwen32B-int4_airline_50runs,verbalized,bge-m3,0c9e1013-eb30-4ca9-b854-ee9a16e8562c,16,30,agent,0.9588064551353455,0.6923076923076923,0.0,0.37973880767822266,-0.00998661253187394,,0,1
qwen32B-int4_airline_50runs,verbalized,bge-m3,0c9e1013-eb30-4ca9-b854-ee9a16e8562c,17,30,tool,,,,,,,0,1
qwen32B-int4_airline_50runs,verbalized,bge-m3,0c9e1013-eb30-4ca9-b854-ee9a16e8562c,18,30,agent,0.9723200798034668,0.6923076923076923,0.0,0.39901697635650635,0.001682109302944601,,0,1
qwen32B-int4_airline_50runs,verbalized,bge-m3,0c9e1013-eb30-4ca9-b854-ee9a16e8562c,19,30,tool,,,,,,,0,1
qwen32B-int4_airline_50runs,verbalized,bge-m3,0c9e1013-eb30-4ca9-b854-ee9a16e8562c,20,30,agent,0.9729645252227783,0.6923076923076923,0.0,0.3791796565055847,-0.02900893158382839,,0,1
qwen32B-int4_airline_50runs,verbalized,bge-m3,0c9e1013-eb30-4ca9-b854-ee9a16e8562c,21,30,tool,,,,,,,0,1
qwen32B-int4_airline_50runs,verbalized,bge-m3,0c9e1013-eb30-4ca9-b854-ee9a16e8562c,22,30,agent,0.5269593000411987,0.04081632653061224,0.0,,,,0,1
qwen32B-int4_airline_50runs,verbalized,bge-m3,0c9e1013-eb30-4ca9-b854-ee9a16e8562c,23,30,user,,,,,,0.3493348956108093,0,1
qwen32B-int4_airline_50runs,verbalized,bge-m3,0c9e1013-eb30-4ca9-b854-ee9a16e8562c,24,30,agent,0.8892853260040283,0.5714285714285714,0.0,0.3994971513748169,-0.02073177364137435,,0,1
qwen32B-int4_airline_50runs,verbalized,bge-m3,0c9e1013-eb30-4ca9-b854-ee9a16e8562c,25,30,tool,,,,,,,0,1
qwen32B-int4_airline_50runs,verbalized,bge-m3,0c9e1013-eb30-4ca9-b854-ee9a16e8562c,26,30,agent,0.958088755607605,0.6923076923076923,0.0,0.38454514741897583,-0.04040825366973877,,0,1
qwen32B-int4_airline_50runs,verbalized,bge-m3,0c9e1013-eb30-4ca9-b854-ee9a16e8562c,27,30,tool,,,,,,,0,1
qwen32B-int4_airline_50runs,verbalized,bge-m3,0c9e1013-eb30-4ca9-b854-ee9a16e8562c,28,30,agent,0.5484747886657715,0.018518518518518517,0.0,,,,0,1
qwen32B-int4_airline_50runs,verbalized,bge-m3,0c9e1013-eb30-4ca9-b854-ee9a16e8562c,29,30,user,,,,,,0.3685823678970337,0,1
qwen32B-int4_airline_50runs,verbalized,bge-m3,709ad87c-ee8c-434f-970c-3e06c7284dbc,0,28,agent,,,,,,,0,1
qwen32B-int4_airline_50runs,verbalized,bge-m3,709ad87c-ee8c-434f-970c-3e06c7284dbc,1,28,user,,,,,,0.5178263485431671,0,1
qwen32B-int4_airline_50runs,verbalized,bge-m3,709ad87c-ee8c-434f-970c-3e06c7284dbc,2,28,agent,0.4961603581905365,0.0,0.0,0.3360164761543274,-0.08422340287102592,,0,1
qwen32B-int4_airline_50runs,verbalized,bge-m3,709ad87c-ee8c-434f-970c-3e06c7284dbc,3,28,tool,,,,,,,0,1
qwen32B-int4_airline_50runs,verbalized,bge-m3,709ad87c-ee8c-434f-970c-3e06c7284dbc,4,28,agent,0.537368655204773,0.04081632653061224,0.0,,,,0,1
qwen32B-int4_airline_50runs,verbalized,bge-m3,709ad87c-ee8c-434f-970c-3e06c7284dbc,5,28,user,,,,,,0.5574523508548737,0,1
qwen32B-int4_airline_50runs,verbalized,bge-m3,709ad87c-ee8c-434f-970c-3e06c7284dbc,6,28,agent,0.840673565864563,0.4666666666666667,0.0,0.38180649280548096,-0.013590070936414955,,0,1
qwen32B-int4_airline_50runs,verbalized,bge-m3,709ad87c-ee8c-434f-970c-3e06c7284dbc,7,28,tool,,,,,,,0,1
qwen32B-int4_airline_50runs,verbalized,bge-m3,709ad87c-ee8c-434f-970c-3e06c7284dbc,8,28,agent,0.9640694856643677,0.6923076923076923,0.0,0.38244009017944336,-0.026384082105424644,,0,1
qwen32B-int4_airline_50runs,verbalized,bge-m3,709ad87c-ee8c-434f-970c-3e06c7284dbc,9,28,tool,,,,,,,0,1
qwen32B-int4_airline_50runs,verbalized,bge-m3,709ad87c-ee8c-434f-970c-3e06c7284dbc,10,28,agent,0.958605945110321,0.6923076923076923,0.0,0.3735775351524353,-0.027209891213311077,,0,1
qwen32B-int4_airline_50runs,verbalized,bge-m3,709ad87c-ee8c-434f-970c-3e06c7284dbc,11,28,tool,,,,,,,0,1
qwen32B-int4_airline_50runs,verbalized,bge-m3,709ad87c-ee8c-434f-970c-3e06c7284dbc,12,28,agent,0.9624843597412109,0.6923076923076923,0.0,0.3859463930130005,-0.0117405851682027,,0,1
qwen32B-int4_airline_50runs,verbalized,bge-m3,709ad87c-ee8c-434f-970c-3e06c7284dbc,13,28,tool,,,,,,,0,1
qwen32B-int4_airline_50runs,verbalized,bge-m3,709ad87c-ee8c-434f-970c-3e06c7284dbc,14,28,agent,0.973717212677002,0.6923076923076923,0.0,0.38297808170318604,-0.026905053191714823,,0,1
qwen32B-int4_airline_50runs,verbalized,bge-m3,709ad87c-ee8c-434f-970c-3e06c7284dbc,15,28,tool,,,,,,,0,1
qwen32B-int4_airline_50runs,verbalized,bge-m3,709ad87c-ee8c-434f-970c-3e06c7284dbc,16,28,agent,0.9678500294685364,0.6923076923076923,0.0,0.3951925039291382,-0.009772386815812828,,0,1
qwen32B-int4_airline_50runs,verbalized,bge-m3,709ad87c-ee8c-434f-970c-3e06c7284dbc,17,28,tool,,,,,,,0,1
qwen32B-int4_airline_50runs,verbalized,bge-m3,709ad87c-ee8c-434f-970c-3e06c7284dbc,18,28,agent,0.9827132821083069,0.6923076923076923,0.0,0.3856639266014099,-0.025604042741987465,,0,1
qwen32B-int4_airline_50runs,verbalized,bge-m3,709ad87c-ee8c-434f-970c-3e06c7284dbc,19,28,tool,,,,,,,0,1
qwen32B-int4_airline_50runs,verbalized,bge-m3,709ad87c-ee8c-434f-970c-3e06c7284dbc,20,28,agent,0.5023651123046875,0.009708737864077669,0.0,,,,0,1
qwen32B-int4_airline_50runs,verbalized,bge-m3,709ad87c-ee8c-434f-970c-3e06c7284dbc,21,28,user,,,,,,0.18602979183197021,0,1
qwen32B-int4_airline_50runs,verbalized,bge-m3,709ad87c-ee8c-434f-970c-3e06c7284dbc,22,28,agent,0.8833922743797302,0.5714285714285714,0.0,0.3711947202682495,-0.050498512056138756,,0,1
qwen32B-int4_airline_50runs,verbalized,bge-m3,709ad87c-ee8c-434f-970c-3e06c7284dbc,23,28,tool,,,,,,,0,1
qwen32B-int4_airline_50runs,verbalized,bge-m3,709ad87c-ee8c-434f-970c-3e06c7284dbc,24,28,agent,0.9655753374099731,0.6923076923076923,0.0,0.4018571972846985,-0.017568224006228983,,0,1
qwen32B-int4_airline_50runs,verbalized,bge-m3,709ad87c-ee8c-434f-970c-3e06c7284dbc,25,28,tool,,,,,,,0,1
qwen32B-int4_airline_50runs,verbalized,bge-m3,709ad87c-ee8c-434f-970c-3e06c7284dbc,26,28,agent,0.6049701571464539,0.017543859649122806,0.0,,,,0,1
qwen32B-int4_airline_50runs,verbalized,bge-m3,709ad87c-ee8c-434f-970c-3e06c7284dbc,27,28,user,,,,,,0.48776012659072876,0,1
qwen32B-int4_airline_50runs,verbalized,bge-m3,5355c4fe-e8f5-48cf-878e-335b9b86ac8f,0,22,agent,,,,,,,0,1
qwen32B-int4_airline_50runs,verbalized,bge-m3,5355c4fe-e8f5-48cf-878e-335b9b86ac8f,1,22,user,,,,,,0.5003263056278229,0,1
qwen32B-int4_airline_50runs,verbalized,bge-m3,5355c4fe-e8f5-48cf-878e-335b9b86ac8f,2,22,agent,0.5631082057952881,0.13333333333333333,0.0,,,,0,1
qwen32B-int4_airline_50runs,verbalized,bge-m3,5355c4fe-e8f5-48cf-878e-335b9b86ac8f,3,22,user,,,,,,0.37520259618759155,0,1
qwen32B-int4_airline_50runs,verbalized,bge-m3,5355c4fe-e8f5-48cf-878e-335b9b86ac8f,4,22,agent,0.6139085292816162,0.02702702702702703,0.0,0.32010596990585327,-0.059605872631072976,,0,1
qwen32B-int4_airline_50runs,verbalized,bge-m3,5355c4fe-e8f5-48cf-878e-335b9b86ac8f,5,22,tool,,,,,,,0,1
qwen32B-int4_airline_50runs,verbalized,bge-m3,5355c4fe-e8f5-48cf-878e-335b9b86ac8f,6,22,agent,0.6724997162818909,0.2553191489361702,0.0,,,,0,1
qwen32B-int4_airline_50runs,verbalized,bge-m3,5355c4fe-e8f5-48cf-878e-335b9b86ac8f,7,22,user,,,,,,0.1307220458984375,0,1
qwen32B-int4_airline_50runs,verbalized,bge-m3,5355c4fe-e8f5-48cf-878e-335b9b86ac8f,8,22,agent,0.8359943628311157,0.4666666666666667,0.4666666666666667,0.4029202461242676,0.007325077056884788,,0,1
qwen32B-int4_airline_50runs,verbalized,bge-m3,5355c4fe-e8f5-48cf-878e-335b9b86ac8f,9,22,tool,,,,,,,0,1
qwen32B-int4_airline_50runs,verbalized,bge-m3,5355c4fe-e8f5-48cf-878e-335b9b86ac8f,10,22,agent,0.9829180836677551,0.6923076923076923,0.0,0.39580661058425903,-0.0012819170951843262,,0,1
qwen32B-int4_airline_50runs,verbalized,bge-m3,5355c4fe-e8f5-48cf-878e-335b9b86ac8f,11,22,tool,,,,,,,0,1
qwen32B-int4_airline_50runs,verbalized,bge-m3,5355c4fe-e8f5-48cf-878e-335b9b86ac8f,12,22,agent,0.9851203560829163,0.6923076923076923,0.0,0.37735408544540405,-0.02922229766845702,,0,1
qwen32B-int4_airline_50runs,verbalized,bge-m3,5355c4fe-e8f5-48cf-878e-335b9b86ac8f,13,22,tool,,,,,,,0,1
qwen32B-int4_airline_50runs,verbalized,bge-m3,5355c4fe-e8f5-48cf-878e-335b9b86ac8f,14,22,agent,0.9803940057754517,0.6923076923076923,0.0,0.38460683822631836,-0.019946312904357888,,0,1
qwen32B-int4_airline_50runs,verbalized,bge-m3,5355c4fe-e8f5-48cf-878e-335b9b86ac8f,15,22,tool,,,,,,,0,1
qwen32B-int4_airline_50runs,verbalized,bge-m3,5355c4fe-e8f5-48cf-878e-335b9b86ac8f,16,22,agent,0.5424937009811401,0.031746031746031744,0.0,,,,0,1
qwen32B-int4_airline_50runs,verbalized,bge-m3,5355c4fe-e8f5-48cf-878e-335b9b86ac8f,17,22,user,,,,,,0.2558826208114624,0,1
qwen32B-int4_airline_50runs,verbalized,bge-m3,5355c4fe-e8f5-48cf-878e-335b9b86ac8f,18,22,agent,0.9051872491836548,0.6923076923076923,0.6923076923076923,0.3811246156692505,-0.05113837718963621,,0,1
qwen32B-int4_airline_50runs,verbalized,bge-m3,5355c4fe-e8f5-48cf-878e-335b9b86ac8f,19,22,tool,,,,,,,0,1
qwen32B-int4_airline_50runs,verbalized,bge-m3,5355c4fe-e8f5-48cf-878e-335b9b86ac8f,20,22,agent,0.73485267162323,0.3,0.0,,,,0,1
qwen32B-int4_airline_50runs,verbalized,bge-m3,5355c4fe-e8f5-48cf-878e-335b9b86ac8f,21,22,user,,,,,,0.5343171656131744,0,1
qwen32B-int4_airline_50runs,verbalized,bge-m3,d64d1ea0-ee90-4a86-8482-0dcee71a5ead,0,20,agent,,,,,,,0,1
qwen32B-int4_airline_50runs,verbalized,bge-m3,d64d1ea0-ee90-4a86-8482-0dcee71a5ead,1,20,user,,,,,,0.5368809998035431,0,1
qwen32B-int4_airline_50runs,verbalized,bge-m3,d64d1ea0-ee90-4a86-8482-0dcee71a5ead,2,20,agent,0.48145127296447754,0.07142857142857142,0.0,0.37204086780548096,-0.11747492849826813,,0,1
qwen32B-int4_airline_50runs,verbalized,bge-m3,d64d1ea0-ee90-4a86-8482-0dcee71a5ead,3,20,tool,,,,,,,0,1
qwen32B-int4_airline_50runs,verbalized,bge-m3,d64d1ea0-ee90-4a86-8482-0dcee71a5ead,4,20,agent,0.7173717021942139,0.2,0.0,0.5923590660095215,0.13972913473844528,,0,1
qwen32B-int4_airline_50runs,verbalized,bge-m3,d64d1ea0-ee90-4a86-8482-0dcee71a5ead,5,20,tool,,,,,,,0,1
qwen32B-int4_airline_50runs,verbalized,bge-m3,d64d1ea0-ee90-4a86-8482-0dcee71a5ead,6,20,agent,0.5955841541290283,0.014492753623188406,0.0,0.5147788524627686,0.11098206043243408,,0,1
qwen32B-int4_airline_50runs,verbalized,bge-m3,d64d1ea0-ee90-4a86-8482-0dcee71a5ead,7,20,tool,,,,,,,0,1
qwen32B-int4_airline_50runs,verbalized,bge-m3,d64d1ea0-ee90-4a86-8482-0dcee71a5ead,8,20,agent,0.6724388599395752,0.17647058823529413,0.0,,,,0,1
qwen32B-int4_airline_50runs,verbalized,bge-m3,d64d1ea0-ee90-4a86-8482-0dcee71a5ead,9,20,user,,,,,,0.2800496220588684,0,1
qwen32B-int4_airline_50runs,verbalized,bge-m3,d64d1ea0-ee90-4a86-8482-0dcee71a5ead,10,20,agent,0.807783305644989,0.375,0.0,,,,0,1
qwen32B-int4_airline_50runs,verbalized,bge-m3,d64d1ea0-ee90-4a86-8482-0dcee71a5ead,11,20,user,,,,,,0.14299917221069336,0,1
qwen32B-int4_airline_50runs,verbalized,bge-m3,d64d1ea0-ee90-4a86-8482-0dcee71a5ead,12,20,agent,0.44037774205207825,0.012987012987012988,0.0,0.2821466326713562,-0.1596430093050003,,0,1
qwen32B-int4_airline_50runs,verbalized,bge-m3,d64d1ea0-ee90-4a86-8482-0dcee71a5ead,13,20,tool,,,,,,,0,1
qwen32B-int4_airline_50runs,verbalized,bge-m3,d64d1ea0-ee90-4a86-8482-0dcee71a5ead,14,20,agent,0.9095823168754578,0.44871794871794873,0.0,,,,0,1
qwen32B-int4_airline_50runs,verbalized,bge-m3,d64d1ea0-ee90-4a86-8482-0dcee71a5ead,15,20,user,,,,,,0.3221665024757385,0,1
qwen32B-int4_airline_50runs,verbalized,bge-m3,d64d1ea0-ee90-4a86-8482-0dcee71a5ead,16,20,agent,0.6672082543373108,0.09210526315789473,0.0,0.34454256296157837,-0.14823509752750397,,0,1
qwen32B-int4_airline_50runs,verbalized,bge-m3,d64d1ea0-ee90-4a86-8482-0dcee71a5ead,17,20,tool,,,,,,,0,1
qwen32B-int4_airline_50runs,verbalized,bge-m3,d64d1ea0-ee90-4a86-8482-0dcee71a5ead,18,20,agent,0.8719826340675354,0.38461538461538464,0.0,,,,0,1
qwen32B-int4_airline_50runs,verbalized,bge-m3,d64d1ea0-ee90-4a86-8482-0dcee71a5ead,19,20,user,,,,,,0.4756771922111511,0,1
qwen32B-int4_airline_50runs,verbalized,bge-m3,5f58e338-7fcf-4e46-a780-d158da6c240c,0,6,agent,,,,,,,0,0
qwen32B-int4_airline_50runs,verbalized,bge-m3,5f58e338-7fcf-4e46-a780-d158da6c240c,1,6,user,,,,,,0.47577738761901855,0,0
qwen32B-int4_airline_50runs,verbalized,bge-m3,5f58e338-7fcf-4e46-a780-d158da6c240c,2,6,agent,0.4449886679649353,0.031578947368421054,0.0,,,,0,0
qwen32B-int4_airline_50runs,verbalized,bge-m3,5f58e338-7fcf-4e46-a780-d158da6c240c,3,6,user,,,,,,0.14615321159362793,0,0
qwen32B-int4_airline_50runs,verbalized,bge-m3,5f58e338-7fcf-4e46-a780-d158da6c240c,4,6,agent,0.8255521059036255,0.3671875,0.0,,,,0,0
qwen32B-int4_airline_50runs,verbalized,bge-m3,5f58e338-7fcf-4e46-a780-d158da6c240c,5,6,user,,,,,,0.6137068271636963,0,0
qwen32B-int4_airline_50runs,verbalized,bge-m3,c8db6133-906e-429e-888e-ec553ec943d5,0,38,agent,,,,,,,0,1
qwen32B-int4_airline_50runs,verbalized,bge-m3,c8db6133-906e-429e-888e-ec553ec943d5,1,38,user,,,,,,0.48235470056533813,0,1
qwen32B-int4_airline_50runs,verbalized,bge-m3,c8db6133-906e-429e-888e-ec553ec943d5,2,38,agent,0.545586109161377,0.0975609756097561,0.0,,,,0,1
qwen32B-int4_airline_50runs,verbalized,bge-m3,c8db6133-906e-429e-888e-ec553ec943d5,3,38,user,,,,,,0.3722420334815979,0,1
qwen32B-int4_airline_50runs,verbalized,bge-m3,c8db6133-906e-429e-888e-ec553ec943d5,4,38,agent,0.5476703643798828,0.020833333333333332,0.0,0.33100783824920654,-0.13887468576431272,,0,1
qwen32B-int4_airline_50runs,verbalized,bge-m3,c8db6133-906e-429e-888e-ec553ec943d5,5,38,tool,,,,,,,0,1
qwen32B-int4_airline_50runs,verbalized,bge-m3,c8db6133-906e-429e-888e-ec553ec943d5,6,38,agent,0.778475284576416,0.2638888888888889,0.0,0.37260013818740845,-0.0846119076013565,,0,1
qwen32B-int4_airline_50runs,verbalized,bge-m3,c8db6133-906e-429e-888e-ec553ec943d5,7,38,tool,,,,,,,0,1
qwen32B-int4_airline_50runs,verbalized,bge-m3,c8db6133-906e-429e-888e-ec553ec943d5,8,38,agent,0.6494564414024353,0.16981132075471697,0.0,,,,0,1
qwen32B-int4_airline_50runs,verbalized,bge-m3,c8db6133-906e-429e-888e-ec553ec943d5,9,38,user,,,,,,0.34041643142700195,0,1
qwen32B-int4_airline_50runs,verbalized,bge-m3,c8db6133-906e-429e-888e-ec553ec943d5,10,38,agent,0.5025666356086731,0.036585365853658534,0.0,0.5361986458301544,0.07082114815711976,,0,1
qwen32B-int4_airline_50runs,verbalized,bge-m3,c8db6133-906e-429e-888e-ec553ec943d5,11,38,tool,,,,,,,0,1
qwen32B-int4_airline_50runs,verbalized,bge-m3,c8db6133-906e-429e-888e-ec553ec943d5,12,38,agent,0.7526226043701172,0.20155038759689922,0.0,0.44921231269836426,-0.08404621183872218,,0,1
qwen32B-int4_airline_50runs,verbalized,bge-m3,c8db6133-906e-429e-888e-ec553ec943d5,13,38,tool,,,,,,,0,1
qwen32B-int4_airline_50runs,verbalized,bge-m3,c8db6133-906e-429e-888e-ec553ec943d5,14,38,agent,0.7631449699401855,0.36936936936936937,0.0,0.39392268657684326,-0.1007575035095215,,0,1
qwen32B-int4_airline_50runs,verbalized,bge-m3,c8db6133-906e-429e-888e-ec553ec943d5,15,38,tool,,,,,,,0,1
qwen32B-int4_airline_50runs,verbalized,bge-m3,c8db6133-906e-429e-888e-ec553ec943d5,16,38,agent,0.8129386901855469,0.3125,0.0,,,,0,1
qwen32B-int4_airline_50runs,verbalized,bge-m3,c8db6133-906e-429e-888e-ec553ec943d5,17,38,user,,,,,,0.23826628923416138,0,1
qwen32B-int4_airline_50runs,verbalized,bge-m3,c8db6133-906e-429e-888e-ec553ec943d5,18,38,agent,0.5509125590324402,0.012195121951219513,0.0,0.5129899978637695,0.11965402364730837,,0,1
qwen32B-int4_airline_50runs,verbalized,bge-m3,c8db6133-906e-429e-888e-ec553ec943d5,19,38,tool,,,,,,,0,1
qwen32B-int4_airline_50runs,verbalized,bge-m3,c8db6133-906e-429e-888e-ec553ec943d5,20,38,agent,0.9775885939598083,0.6666666666666666,0.0,0.5191035866737366,0.12907331585884096,,0,1
qwen32B-int4_airline_50runs,verbalized,bge-m3,c8db6133-906e-429e-888e-ec553ec943d5,21,38,tool,,,,,,,0,1
qwen32B-int4_airline_50runs,verbalized,bge-m3,c8db6133-906e-429e-888e-ec553ec943d5,22,38,agent,0.5079861879348755,0.0,0.0,0.3967088460922241,-0.11752155423164368,,0,1
qwen32B-int4_airline_50runs,verbalized,bge-m3,c8db6133-906e-429e-888e-ec553ec943d5,23,38,tool,,,,,,,0,1
qwen32B-int4_airline_50runs,verbalized,bge-m3,c8db6133-906e-429e-888e-ec553ec943d5,24,38,agent,0.7722979784011841,0.23809523809523808,0.0,0.2765364646911621,-0.19796331524848937,,0,1
qwen32B-int4_airline_50runs,verbalized,bge-m3,c8db6133-906e-429e-888e-ec553ec943d5,25,38,tool,,,,,,,0,1
qwen32B-int4_airline_50runs,verbalized,bge-m3,c8db6133-906e-429e-888e-ec553ec943d5,26,38,agent,0.9340912103652954,0.47619047619047616,0.0,,,,0,1
qwen32B-int4_airline_50runs,verbalized,bge-m3,c8db6133-906e-429e-888e-ec553ec943d5,27,38,user,,,,,,0.2213342785835266,0,1
qwen32B-int4_airline_50runs,verbalized,bge-m3,c8db6133-906e-429e-888e-ec553ec943d5,28,38,agent,0.7192190885543823,0.2857142857142857,0.0,,,,0,1
qwen32B-int4_airline_50runs,verbalized,bge-m3,c8db6133-906e-429e-888e-ec553ec943d5,29,38,user,,,,,,0.2466953992843628,0,1
qwen32B-int4_airline_50runs,verbalized,bge-m3,c8db6133-906e-429e-888e-ec553ec943d5,30,38,agent,0.4907987415790558,0.0,0.0,0.34947580099105835,-0.10985797941684722,,0,1
qwen32B-int4_airline_50runs,verbalized,bge-m3,c8db6133-906e-429e-888e-ec553ec943d5,31,38,tool,,,,,,,0,1
qwen32B-int4_airline_50runs,verbalized,bge-m3,c8db6133-906e-429e-888e-ec553ec943d5,32,38,agent,0.7986676096916199,0.3170731707317073,0.0,,,,0,1
qwen32B-int4_airline_50runs,verbalized,bge-m3,c8db6133-906e-429e-888e-ec553ec943d5,33,38,user,,,,,,0.18108350038528442,0,1
qwen32B-int4_airline_50runs,verbalized,bge-m3,c8db6133-906e-429e-888e-ec553ec943d5,34,38,agent,0.7091010212898254,0.36,0.0,0.24709105491638184,-0.1427943170070648,,0,1
qwen32B-int4_airline_50runs,verbalized,bge-m3,c8db6133-906e-429e-888e-ec553ec943d5,35,38,tool,,,,,,,0,1
qwen32B-int4_airline_50runs,verbalized,bge-m3,c8db6133-906e-429e-888e-ec553ec943d5,36,38,agent,0.8926971554756165,0.31958762886597936,0.0,,,,0,1
qwen32B-int4_airline_50runs,verbalized,bge-m3,c8db6133-906e-429e-888e-ec553ec943d5,37,38,user,,,,,,0.6360139846801758,0,1
qwen32B-int4_airline_50runs,verbalized,bge-m3,b0e59e19-f444-4f39-a0f4-df7985ba542f,0,10,agent,,,,,,,0,1
qwen32B-int4_airline_50runs,verbalized,bge-m3,b0e59e19-f444-4f39-a0f4-df7985ba542f,1,10,user,,,,,,0.5069084465503693,0,1
qwen32B-int4_airline_50runs,verbalized,bge-m3,b0e59e19-f444-4f39-a0f4-df7985ba542f,2,10,agent,0.47256535291671753,0.06,0.0,,,,0,1
qwen32B-int4_airline_50runs,verbalized,bge-m3,b0e59e19-f444-4f39-a0f4-df7985ba542f,3,10,user,,,,,,0.29577338695526123,0,1
qwen32B-int4_airline_50runs,verbalized,bge-m3,b0e59e19-f444-4f39-a0f4-df7985ba542f,4,10,agent,0.6092530488967896,0.017857142857142856,0.0,0.3511999845504761,,,0,1
qwen32B-int4_airline_50runs,verbalized,bge-m3,b0e59e19-f444-4f39-a0f4-df7985ba542f,5,10,tool,,,,,,,0,1
qwen32B-int4_airline_50runs,verbalized,bge-m3,b0e59e19-f444-4f39-a0f4-df7985ba542f,6,10,agent,0.7172332406044006,0.21333333333333335,0.0,,,,0,1
qwen32B-int4_airline_50runs,verbalized,bge-m3,b0e59e19-f444-4f39-a0f4-df7985ba542f,7,10,user,,,,,,0.24017345905303955,0,1
qwen32B-int4_airline_50runs,verbalized,bge-m3,b0e59e19-f444-4f39-a0f4-df7985ba542f,8,10,agent,0.7745507955551147,0.38235294117647056,0.0,,,,0,1
qwen32B-int4_airline_50runs,verbalized,bge-m3,b0e59e19-f444-4f39-a0f4-df7985ba542f,9,10,user,,,,,,0.32270950078964233,0,1
qwen32B-int4_airline_50runs,verbalized,bge-m3,e5edbc75-61b8-46cd-9b71-ad7f91ffa2b1,0,12,agent,,,,,,,0,1
qwen32B-int4_airline_50runs,verbalized,bge-m3,e5edbc75-61b8-46cd-9b71-ad7f91ffa2b1,1,12,user,,,,,,0.4789935350418091,0,1
qwen32B-int4_airline_50runs,verbalized,bge-m3,e5edbc75-61b8-46cd-9b71-ad7f91ffa2b1,2,12,agent,0.4660766124725342,0.05660377358490566,0.0,,,,0,1
qwen32B-int4_airline_50runs,verbalized,bge-m3,e5edbc75-61b8-46cd-9b71-ad7f91ffa2b1,3,12,user,,,,,,0.2341773509979248,0,1
qwen32B-int4_airline_50runs,verbalized,bge-m3,e5edbc75-61b8-46cd-9b71-ad7f91ffa2b1,4,12,agent,0.6395049095153809,0.01694915254237288,0.0,0.4092615842819214,,,0,1
qwen32B-int4_airline_50runs,verbalized,bge-m3,e5edbc75-61b8-46cd-9b71-ad7f91ffa2b1,5,12,tool,,,,,,,0,1
qwen32B-int4_airline_50runs,verbalized,bge-m3,e5edbc75-61b8-46cd-9b71-ad7f91ffa2b1,6,12,agent,0.7680357694625854,0.26666666666666666,0.0,,,,0,1
qwen32B-int4_airline_50runs,verbalized,bge-m3,e5edbc75-61b8-46cd-9b71-ad7f91ffa2b1,7,12,user,,,,,,0.20746827125549316,0,1
qwen32B-int4_airline_50runs,verbalized,bge-m3,e5edbc75-61b8-46cd-9b71-ad7f91ffa2b1,8,12,agent,0.8561933040618896,0.515625,0.0,,,,0,1
qwen32B-int4_airline_50runs,verbalized,bge-m3,e5edbc75-61b8-46cd-9b71-ad7f91ffa2b1,9,12,user,,,,,,0.47967439889907837,0,1
qwen32B-int4_airline_50runs,verbalized,bge-m3,e5edbc75-61b8-46cd-9b71-ad7f91ffa2b1,10,12,agent,0.49145838618278503,0.13636363636363635,0.0,,,,0,1
qwen32B-int4_airline_50runs,verbalized,bge-m3,e5edbc75-61b8-46cd-9b71-ad7f91ffa2b1,11,12,user,,,,,,0.40361952781677246,0,1
qwen32B-int4_airline_50runs,verbalized,bge-m3,924cda17-2d2e-4674-911b-385d8be5ca81,0,52,agent,,,,,,,0,1
qwen32B-int4_airline_50runs,verbalized,bge-m3,924cda17-2d2e-4674-911b-385d8be5ca81,1,52,user,,,,,,0.46710920333862305,0,1
qwen32B-int4_airline_50runs,verbalized,bge-m3,924cda17-2d2e-4674-911b-385d8be5ca81,2,52,agent,0.5166797041893005,0.05714285714285714,0.0,0.3598111867904663,-0.19320530692736304,,0,1
qwen32B-int4_airline_50runs,verbalized,bge-m3,924cda17-2d2e-4674-911b-385d8be5ca81,3,52,tool,,,,,,,0,1
qwen32B-int4_airline_50runs,verbalized,bge-m3,924cda17-2d2e-4674-911b-385d8be5ca81,4,52,agent,0.6158103346824646,0.20634920634920634,0.0,0.4128044843673706,-0.17881987492243445,,0,1
qwen32B-int4_airline_50runs,verbalized,bge-m3,924cda17-2d2e-4674-911b-385d8be5ca81,5,52,tool,,,,,,,0,1
qwen32B-int4_airline_50runs,verbalized,bge-m3,924cda17-2d2e-4674-911b-385d8be5ca81,6,52,agent,0.7706477642059326,0.24705882352941178,0.0,,,,0,1
qwen32B-int4_airline_50runs,verbalized,bge-m3,924cda17-2d2e-4674-911b-385d8be5ca81,7,52,user,,,,,,0.23570477962493896,0,1
qwen32B-int4_airline_50runs,verbalized,bge-m3,924cda17-2d2e-4674-911b-385d8be5ca81,8,52,agent,0.8581821322441101,0.39705882352941174,0.0,0.32743293046951294,-0.30594802101453145,,0,1
qwen32B-int4_airline_50runs,verbalized,bge-m3,924cda17-2d2e-4674-911b-385d8be5ca81,9,52,tool,,,,,,,0,1
qwen32B-int4_airline_50runs,verbalized,bge-m3,924cda17-2d2e-4674-911b-385d8be5ca81,10,52,agent,0.9023051261901855,0.5060240963855421,0.0,,,,0,1
qwen32B-int4_airline_50runs,verbalized,bge-m3,924cda17-2d2e-4674-911b-385d8be5ca81,11,52,user,,,,,,0.4001327157020569,0,1
qwen32B-int4_airline_50runs,verbalized,bge-m3,924cda17-2d2e-4674-911b-385d8be5ca81,12,52,agent,0.7973440885543823,0.2808988764044944,0.0,,,,0,1
qwen32B-int4_airline_50runs,verbalized,bge-m3,924cda17-2d2e-4674-911b-385d8be5ca81,13,52,user,,,,,,0.37971508502960205,0,1
qwen32B-int4_airline_50runs,verbalized,bge-m3,924cda17-2d2e-4674-911b-385d8be5ca81,14,52,agent,0.7786843180656433,0.30526315789473685,0.0,0.43631845712661743,-0.15458381970723467,,0,1
qwen32B-int4_airline_50runs,verbalized,bge-m3,924cda17-2d2e-4674-911b-385d8be5ca81,15,52,tool,,,,,,,0,1
qwen32B-int4_airline_50runs,verbalized,bge-m3,924cda17-2d2e-4674-911b-385d8be5ca81,16,52,agent,0.7374475002288818,0.2708333333333333,0.0,,,,0,1
qwen32B-int4_airline_50runs,verbalized,bge-m3,924cda17-2d2e-4674-911b-385d8be5ca81,17,52,user,,,,,,0.17347687482833862,0,1
qwen32B-int4_airline_50runs,verbalized,bge-m3,924cda17-2d2e-4674-911b-385d8be5ca81,18,52,agent,0.8935031890869141,0.35135135135135137,0.0,0.5234397947788239,0.021121609210968062,,0,1
qwen32B-int4_airline_50runs,verbalized,bge-m3,924cda17-2d2e-4674-911b-385d8be5ca81,19,52,tool,,,,,,,0,1
qwen32B-int4_airline_50runs,verbalized,bge-m3,924cda17-2d2e-4674-911b-385d8be5ca81,20,52,agent,0.8005473613739014,0.24603174603174602,0.0,,,,0,1
qwen32B-int4_airline_50runs,verbalized,bge-m3,924cda17-2d2e-4674-911b-385d8be5ca81,21,52,user,,,,,,0.3694527745246887,0,1
qwen32B-int4_airline_50runs,verbalized,bge-m3,924cda17-2d2e-4674-911b-385d8be5ca81,22,52,agent,0.8313032388687134,0.3870967741935484,0.0,0.5919721126556396,0.07005757490793862,,0,1
qwen32B-int4_airline_50runs,verbalized,bge-m3,924cda17-2d2e-4674-911b-385d8be5ca81,23,52,tool,,,,,,,0,1
qwen32B-int4_airline_50runs,verbalized,bge-m3,924cda17-2d2e-4674-911b-385d8be5ca81,24,52,agent,0.6475179195404053,0.21621621621621623,0.0,,,,0,1
qwen32B-int4_airline_50runs,verbalized,bge-m3,924cda17-2d2e-4674-911b-385d8be5ca81,25,52,user,,,,,,0.24142712354660034,0,1
qwen32B-int4_airline_50runs,verbalized,bge-m3,924cda17-2d2e-4674-911b-385d8be5ca81,26,52,agent,0.8600067496299744,0.5476190476190477,0.0,0.5155313014984131,0.0273957590262095,,0,1
qwen32B-int4_airline_50runs,verbalized,bge-m3,924cda17-2d2e-4674-911b-385d8be5ca81,27,52,tool,,,,,,,0,1
qwen32B-int4_airline_50runs,verbalized,bge-m3,924cda17-2d2e-4674-911b-385d8be5ca81,28,52,agent,0.8689568042755127,0.3157894736842105,0.0,0.42326629161834717,-0.030878996849060036,,0,1
qwen32B-int4_airline_50runs,verbalized,bge-m3,924cda17-2d2e-4674-911b-385d8be5ca81,29,52,tool,,,,,,,0,1
qwen32B-int4_airline_50runs,verbalized,bge-m3,924cda17-2d2e-4674-911b-385d8be5ca81,30,52,agent,0.7621909976005554,0.3125,0.0,,,,0,1
qwen32B-int4_airline_50runs,verbalized,bge-m3,924cda17-2d2e-4674-911b-385d8be5ca81,31,52,user,,,,,,0.20882374048233032,0,1
qwen32B-int4_airline_50runs,verbalized,bge-m3,924cda17-2d2e-4674-911b-385d8be5ca81,32,52,agent,0.863278865814209,0.3246753246753247,0.0,0.4049798250198364,-0.04899842739105226,,0,1
qwen32B-int4_airline_50runs,verbalized,bge-m3,924cda17-2d2e-4674-911b-385d8be5ca81,33,52,tool,,,,,,,0,1
qwen32B-int4_airline_50runs,verbalized,bge-m3,924cda17-2d2e-4674-911b-385d8be5ca81,34,52,agent,0.8872750997543335,0.5,0.0,0.24693536758422852,-0.11747413873672485,,0,1
qwen32B-int4_airline_50runs,verbalized,bge-m3,924cda17-2d2e-4674-911b-385d8be5ca81,35,52,tool,,,,,,,0,1
qwen32B-int4_airline_50runs,verbalized,bge-m3,924cda17-2d2e-4674-911b-385d8be5ca81,36,52,agent,0.9477843642234802,0.4823529411764706,0.0,,,,0,1
qwen32B-int4_airline_50runs,verbalized,bge-m3,924cda17-2d2e-4674-911b-385d8be5ca81,37,52,user,,,,,,0.26440221071243286,0,1
qwen32B-int4_airline_50runs,verbalized,bge-m3,924cda17-2d2e-4674-911b-385d8be5ca81,38,52,agent,0.8565259575843811,0.4153846153846154,0.0,0.4129546880722046,-0.053027129173278786,,0,1
qwen32B-int4_airline_50runs,verbalized,bge-m3,924cda17-2d2e-4674-911b-385d8be5ca81,39,52,tool,,,,,,,0,1
qwen32B-int4_airline_50runs,verbalized,bge-m3,924cda17-2d2e-4674-911b-385d8be5ca81,40,52,agent,0.9225218892097473,0.5930232558139535,0.0,0.2508971691131592,-0.11103798548380533,,0,1
qwen32B-int4_airline_50runs,verbalized,bge-m3,924cda17-2d2e-4674-911b-385d8be5ca81,41,52,tool,,,,,,,0,1
qwen32B-int4_airline_50runs,verbalized,bge-m3,924cda17-2d2e-4674-911b-385d8be5ca81,42,52,agent,0.9637448191642761,0.5641025641025641,0.0,0.2762702703475952,-0.10363296667734784,,0,1
qwen32B-int4_airline_50runs,verbalized,bge-m3,924cda17-2d2e-4674-911b-385d8be5ca81,43,52,tool,,,,,,,0,1
qwen32B-int4_airline_50runs,verbalized,bge-m3,924cda17-2d2e-4674-911b-385d8be5ca81,44,52,agent,0.9537560343742371,0.5833333333333334,0.0,0.3112868070602417,-0.0925358454386393,,0,1
qwen32B-int4_airline_50runs,verbalized,bge-m3,924cda17-2d2e-4674-911b-385d8be5ca81,45,52,tool,,,,,,,0,1
qwen32B-int4_airline_50runs,verbalized,bge-m3,924cda17-2d2e-4674-911b-385d8be5ca81,46,52,agent,0.9799219965934753,0.7222222222222222,0.7222222222222222,0.32056134939193726,-0.08179476261138918,,0,1
qwen32B-int4_airline_50runs,verbalized,bge-m3,924cda17-2d2e-4674-911b-385d8be5ca81,47,52,tool,,,,,,,0,1
qwen32B-int4_airline_50runs,verbalized,bge-m3,924cda17-2d2e-4674-911b-385d8be5ca81,48,52,agent,0.979690670967102,0.7590361445783133,0.0,0.31667691469192505,-0.0844249626000722,,0,1
qwen32B-int4_airline_50runs,verbalized,bge-m3,924cda17-2d2e-4674-911b-385d8be5ca81,49,52,tool,,,,,,,0,1
qwen32B-int4_airline_50runs,verbalized,bge-m3,924cda17-2d2e-4674-911b-385d8be5ca81,50,52,agent,0.8331331014633179,0.8735632183908046,0.8735632183908046,,,,0,1
qwen32B-int4_airline_50runs,verbalized,bge-m3,924cda17-2d2e-4674-911b-385d8be5ca81,51,52,user,,,,,,0.5580379962921143,0,1
qwen32B-int4_airline_50runs,verbalized,bge-m3,07f2a344-093d-418e-9948-2fe9f0a8668a,0,18,agent,,,,,,,0,1
qwen32B-int4_airline_50runs,verbalized,bge-m3,07f2a344-093d-418e-9948-2fe9f0a8668a,1,18,user,,,,,,0.47935372591018677,0,1
qwen32B-int4_airline_50runs,verbalized,bge-m3,07f2a344-093d-418e-9948-2fe9f0a8668a,2,18,agent,0.43897274136543274,0.06,0.0,,,,0,1
qwen32B-int4_airline_50runs,verbalized,bge-m3,07f2a344-093d-418e-9948-2fe9f0a8668a,3,18,user,,,,,,0.25301122665405273,0,1
qwen32B-int4_airline_50runs,verbalized,bge-m3,07f2a344-093d-418e-9948-2fe9f0a8668a,4,18,agent,0.5599851608276367,0.017857142857142856,0.0,0.4117574691772461,-0.0008423030376434326,,0,1
qwen32B-int4_airline_50runs,verbalized,bge-m3,07f2a344-093d-418e-9948-2fe9f0a8668a,5,18,tool,,,,,,,0,1
qwen32B-int4_airline_50runs,verbalized,bge-m3,07f2a344-093d-418e-9948-2fe9f0a8668a,6,18,agent,0.7663781642913818,0.2463768115942029,0.0,,,,0,1
qwen32B-int4_airline_50runs,verbalized,bge-m3,07f2a344-093d-418e-9948-2fe9f0a8668a,7,18,user,,,,,,0.2529020309448242,0,1
qwen32B-int4_airline_50runs,verbalized,bge-m3,07f2a344-093d-418e-9948-2fe9f0a8668a,8,18,agent,0.7707734107971191,0.23076923076923078,0.0,,,,0,1
qwen32B-int4_airline_50runs,verbalized,bge-m3,07f2a344-093d-418e-9948-2fe9f0a8668a,9,18,user,,,,,,0.19105935096740723,0,1
qwen32B-int4_airline_50runs,verbalized,bge-m3,07f2a344-093d-418e-9948-2fe9f0a8668a,10,18,agent,0.5917810201644897,0.03076923076923077,0.0,0.4092875123023987,-0.018585413694381714,,0,1
qwen32B-int4_airline_50runs,verbalized,bge-m3,07f2a344-093d-418e-9948-2fe9f0a8668a,11,18,tool,,,,,,,0,1
qwen32B-int4_airline_50runs,verbalized,bge-m3,07f2a344-093d-418e-9948-2fe9f0a8668a,12,18,agent,0.8599115014076233,0.35,0.0,,,,0,1
qwen32B-int4_airline_50runs,verbalized,bge-m3,07f2a344-093d-418e-9948-2fe9f0a8668a,13,18,user,,,,,,0.2940806746482849,0,1
qwen32B-int4_airline_50runs,verbalized,bge-m3,07f2a344-093d-418e-9948-2fe9f0a8668a,14,18,agent,0.77618408203125,0.4666666666666667,0.4666666666666667,0.32538503408432007,-0.08690199255943298,,0,1
qwen32B-int4_airline_50runs,verbalized,bge-m3,07f2a344-093d-418e-9948-2fe9f0a8668a,15,18,tool,,,,,,,0,1
qwen32B-int4_airline_50runs,verbalized,bge-m3,07f2a344-093d-418e-9948-2fe9f0a8668a,16,18,agent,0.7783361077308655,0.2336448598130841,0.0,,,,0,1
qwen32B-int4_airline_50runs,verbalized,bge-m3,07f2a344-093d-418e-9948-2fe9f0a8668a,17,18,user,,,,,,0.5975558459758759,0,1
