cell,variant,embedder,traj_id,step_idx,n_steps,actor,d_a_sem,d_a_lex,d_a_gated,d_oA,d_oA_calibrated,d_oU,user_is_tool_turn,label_fail
qwen32B-int4_retail_50runs,verbalized,bge-m3,003ba2fb-a4e2-460f-b7f9-95ceaa965b9b,0,32,agent,,,,,,,0,1
qwen32B-int4_retail_50runs,verbalized,bge-m3,003ba2fb-a4e2-460f-b7f9-95ceaa965b9b,1,32,user,,,,,,0.43044811487197876,0,1
qwen32B-int4_retail_50runs,verbalized,bge-m3,003ba2fb-a4e2-460f-b7f9-95ceaa965b9b,2,32,agent,0.4558683931827545,0.0,0.0,0.5474553108215332,0.07062522239155239,,0,1
qwen32B-int4_retail_50runs,verbalized,bge-m3,003ba2fb-a4e2-460f-b7f9-95ceaa965b9b,3,32,tool,,,,,,,0,1
qwen32B-int4_retail_50runs,verbalized,bge-m3,003ba2fb-a4e2-460f-b7f9-95ceaa965b9b,4,32,agent,0.6925533413887024,0.4117647058823529,0.0,0.46240925788879395,-0.007618937227461098,,0,1
qwen32B-int4_retail_50runs,verbalized,bge-m3,003ba2fb-a4e2-460f-b7f9-95ceaa965b9b,5,32,tool,,,,,,,0,1
qwen32B-int4_retail_50runs,verbalized,bge-m3,003ba2fb-a4e2-460f-b7f9-95ceaa965b9b,6,32,agent,0.9025448560714722,0.5384615384615384,0.0,0.42200636863708496,-0.04694179362720913,,0,1
qwen32B-int4_retail_50runs,verbalized,bge-m3,003ba2fb-a4e2-460f-b7f9-95ceaa965b9b,7,32,tool,,,,,,,0,1
qwen32B-int4_retail_50runs,verbalized,bge-m3,003ba2fb-a4e2-460f-b7f9-95ceaa965b9b,8,32,agent,0.5038343667984009,0.014084507042253521,0.0,,,,0,1
qwen32B-int4_retail_50runs,verbalized,bge-m3,003ba2fb-a4e2-460f-b7f9-95ceaa965b9b,9,32,user,,,,,,0.2847530245780945,0,1
qwen32B-int4_retail_50runs,verbalized,bge-m3,003ba2fb-a4e2-460f-b7f9-95ceaa965b9b,10,32,agent,0.843063473701477,0.4666666666666667,0.0,0.32464855909347534,-0.15069039662679035,,0,1
qwen32B-int4_retail_50runs,verbalized,bge-m3,003ba2fb-a4e2-460f-b7f9-95ceaa965b9b,11,32,tool,,,,,,,0,1
qwen32B-int4_retail_50runs,verbalized,bge-m3,003ba2fb-a4e2-460f-b7f9-95ceaa965b9b,12,32,agent,0.7739673256874084,0.22,0.0,,,,0,1
qwen32B-int4_retail_50runs,verbalized,bge-m3,003ba2fb-a4e2-460f-b7f9-95ceaa965b9b,13,32,user,,,,,,0.22553348541259766,0,1
qwen32B-int4_retail_50runs,verbalized,bge-m3,003ba2fb-a4e2-460f-b7f9-95ceaa965b9b,14,32,agent,0.8242637515068054,0.4666666666666667,0.0,0.38978832960128784,-0.08453424109352958,,0,1
qwen32B-int4_retail_50runs,verbalized,bge-m3,003ba2fb-a4e2-460f-b7f9-95ceaa965b9b,15,32,tool,,,,,,,0,1
qwen32B-int4_retail_50runs,verbalized,bge-m3,003ba2fb-a4e2-460f-b7f9-95ceaa965b9b,16,32,agent,0.7701102495193481,0.2247191011235955,0.0,,,,0,1
qwen32B-int4_retail_50runs,verbalized,bge-m3,003ba2fb-a4e2-460f-b7f9-95ceaa965b9b,17,32,user,,,,,,0.24535322189331055,0,1
qwen32B-int4_retail_50runs,verbalized,bge-m3,003ba2fb-a4e2-460f-b7f9-95ceaa965b9b,18,32,agent,0.9840790033340454,0.6923076923076923,0.0,0.4181346893310547,-0.0480162368880378,,0,1
qwen32B-int4_retail_50runs,verbalized,bge-m3,003ba2fb-a4e2-460f-b7f9-95ceaa965b9b,19,32,tool,,,,,,,0,1
qwen32B-int4_retail_50runs,verbalized,bge-m3,003ba2fb-a4e2-460f-b7f9-95ceaa965b9b,20,32,agent,0.9827902913093567,0.6923076923076923,0.0,0.427822470664978,-0.050732238425148846,,0,1
qwen32B-int4_retail_50runs,verbalized,bge-m3,003ba2fb-a4e2-460f-b7f9-95ceaa965b9b,21,32,tool,,,,,,,0,1
qwen32B-int4_retail_50runs,verbalized,bge-m3,003ba2fb-a4e2-460f-b7f9-95ceaa965b9b,22,32,agent,0.9857085943222046,0.6923076923076923,0.0,0.43379849195480347,-0.04445434941185844,,0,1
qwen32B-int4_retail_50runs,verbalized,bge-m3,003ba2fb-a4e2-460f-b7f9-95ceaa965b9b,23,32,tool,,,,,,,0,1
qwen32B-int4_retail_50runs,verbalized,bge-m3,003ba2fb-a4e2-460f-b7f9-95ceaa965b9b,24,32,agent,0.9864272475242615,0.6923076923076923,0.0,0.45391178131103516,-0.016777988937165977,,0,1
qwen32B-int4_retail_50runs,verbalized,bge-m3,003ba2fb-a4e2-460f-b7f9-95ceaa965b9b,25,32,tool,,,,,,,0,1
qwen32B-int4_retail_50runs,verbalized,bge-m3,003ba2fb-a4e2-460f-b7f9-95ceaa965b9b,26,32,agent,0.4936101734638214,0.015384615384615385,0.0,,,,0,1
qwen32B-int4_retail_50runs,verbalized,bge-m3,003ba2fb-a4e2-460f-b7f9-95ceaa965b9b,27,32,user,,,,,,0.08058047294616699,0,1
qwen32B-int4_retail_50runs,verbalized,bge-m3,003ba2fb-a4e2-460f-b7f9-95ceaa965b9b,28,32,agent,0.8897849321365356,0.47368421052631576,0.0,0.3651713728904724,-0.03786499301592511,,0,1
qwen32B-int4_retail_50runs,verbalized,bge-m3,003ba2fb-a4e2-460f-b7f9-95ceaa965b9b,29,32,tool,,,,,,,0,1
qwen32B-int4_retail_50runs,verbalized,bge-m3,003ba2fb-a4e2-460f-b7f9-95ceaa965b9b,30,32,agent,0.9088280200958252,0.29411764705882354,0.0,,,,0,1
qwen32B-int4_retail_50runs,verbalized,bge-m3,003ba2fb-a4e2-460f-b7f9-95ceaa965b9b,31,32,user,,,,,,0.3128495216369629,0,1
qwen32B-int4_retail_50runs,verbalized,bge-m3,f6dcd166-a800-4fff-9aec-3731f7739cea,0,26,agent,,,,,,,0,0
qwen32B-int4_retail_50runs,verbalized,bge-m3,f6dcd166-a800-4fff-9aec-3731f7739cea,1,26,user,,,,,,0.44254249334335327,0,0
qwen32B-int4_retail_50runs,verbalized,bge-m3,f6dcd166-a800-4fff-9aec-3731f7739cea,2,26,agent,0.43915554881095886,0.0,0.0,0.44259053468704224,-0.09810864329338076,,0,0
qwen32B-int4_retail_50runs,verbalized,bge-m3,f6dcd166-a800-4fff-9aec-3731f7739cea,3,26,tool,,,,,,,0,0
qwen32B-int4_retail_50runs,verbalized,bge-m3,f6dcd166-a800-4fff-9aec-3731f7739cea,4,26,agent,0.5520990490913391,0.09090909090909091,0.0,,,,0,0
qwen32B-int4_retail_50runs,verbalized,bge-m3,f6dcd166-a800-4fff-9aec-3731f7739cea,5,26,user,,,,,,0.3190774917602539,0,0
qwen32B-int4_retail_50runs,verbalized,bge-m3,f6dcd166-a800-4fff-9aec-3731f7739cea,6,26,agent,0.9903374314308167,0.8125,0.0,0.5405554473400116,0.025891268253326438,,0,0
qwen32B-int4_retail_50runs,verbalized,bge-m3,f6dcd166-a800-4fff-9aec-3731f7739cea,7,26,tool,,,,,,,0,0
qwen32B-int4_retail_50runs,verbalized,bge-m3,f6dcd166-a800-4fff-9aec-3731f7739cea,8,26,agent,0.7044172286987305,0.3684210526315789,0.0,0.44444525241851807,-0.09101747274398808,,0,0
qwen32B-int4_retail_50runs,verbalized,bge-m3,f6dcd166-a800-4fff-9aec-3731f7739cea,9,26,tool,,,,,,,0,0
qwen32B-int4_retail_50runs,verbalized,bge-m3,f6dcd166-a800-4fff-9aec-3731f7739cea,10,26,agent,0.49795424938201904,0.016129032258064516,0.0,,,,0,0
qwen32B-int4_retail_50runs,verbalized,bge-m3,f6dcd166-a800-4fff-9aec-3731f7739cea,11,26,user,,,,,,0.3923691511154175,0,0
qwen32B-int4_retail_50runs,verbalized,bge-m3,f6dcd166-a800-4fff-9aec-3731f7739cea,12,26,agent,0.6739851832389832,0.10576923076923077,0.0,,,,0,0
qwen32B-int4_retail_50runs,verbalized,bge-m3,f6dcd166-a800-4fff-9aec-3731f7739cea,13,26,user,,,,,,0.3622337579727173,0,0
qwen32B-int4_retail_50runs,verbalized,bge-m3,f6dcd166-a800-4fff-9aec-3731f7739cea,14,26,agent,0.501022219657898,0.0,0.0,0.41891181468963623,-0.08397142291069026,,0,0
qwen32B-int4_retail_50runs,verbalized,bge-m3,f6dcd166-a800-4fff-9aec-3731f7739cea,15,26,tool,,,,,,,0,0
qwen32B-int4_retail_50runs,verbalized,bge-m3,f6dcd166-a800-4fff-9aec-3731f7739cea,16,26,agent,0.9853029847145081,0.6923076923076923,0.0,0.4054238796234131,-0.10356885194778442,,0,0
qwen32B-int4_retail_50runs,verbalized,bge-m3,f6dcd166-a800-4fff-9aec-3731f7739cea,17,26,tool,,,,,,,0,0
qwen32B-int4_retail_50runs,verbalized,bge-m3,f6dcd166-a800-4fff-9aec-3731f7739cea,18,26,agent,0.5098312497138977,0.013157894736842105,0.0,,,,0,0
qwen32B-int4_retail_50runs,verbalized,bge-m3,f6dcd166-a800-4fff-9aec-3731f7739cea,19,26,user,,,,,,0.13679170608520508,0,0
qwen32B-int4_retail_50runs,verbalized,bge-m3,f6dcd166-a800-4fff-9aec-3731f7739cea,20,26,agent,0.8520959615707397,0.38144329896907214,0.0,,,,0,0
qwen32B-int4_retail_50runs,verbalized,bge-m3,f6dcd166-a800-4fff-9aec-3731f7739cea,21,26,user,,,,,,0.39562177658081055,0,0
qwen32B-int4_retail_50runs,verbalized,bge-m3,f6dcd166-a800-4fff-9aec-3731f7739cea,22,26,agent,0.5766524076461792,0.036585365853658534,0.0,0.35230904817581177,-0.14098697900772095,,0,0
qwen32B-int4_retail_50runs,verbalized,bge-m3,f6dcd166-a800-4fff-9aec-3731f7739cea,23,26,tool,,,,,,,0,0
qwen32B-int4_retail_50runs,verbalized,bge-m3,f6dcd166-a800-4fff-9aec-3731f7739cea,24,26,agent,0.6693657636642456,0.1782178217821782,0.0,,,,0,0
qwen32B-int4_retail_50runs,verbalized,bge-m3,f6dcd166-a800-4fff-9aec-3731f7739cea,25,26,user,,,,,,0.362851083278656,0,0
qwen32B-int4_retail_50runs,verbalized,bge-m3,07169c1f-359f-43b6-8bb5-45ca08061d1d,0,36,agent,,,,,,,0,0
qwen32B-int4_retail_50runs,verbalized,bge-m3,07169c1f-359f-43b6-8bb5-45ca08061d1d,1,36,user,,,,,,0.442815363407135,0,0
qwen32B-int4_retail_50runs,verbalized,bge-m3,07169c1f-359f-43b6-8bb5-45ca08061d1d,2,36,agent,0.4519405663013458,0.0,0.0,0.4408717751502991,-0.0668647512793541,,0,0
qwen32B-int4_retail_50runs,verbalized,bge-m3,07169c1f-359f-43b6-8bb5-45ca08061d1d,3,36,tool,,,,,,,0,0
qwen32B-int4_retail_50runs,verbalized,bge-m3,07169c1f-359f-43b6-8bb5-45ca08061d1d,4,36,agent,0.5563427805900574,0.09090909090909091,0.0,,,,0,0
qwen32B-int4_retail_50runs,verbalized,bge-m3,07169c1f-359f-43b6-8bb5-45ca08061d1d,5,36,user,,,,,,0.21768468618392944,0,0
qwen32B-int4_retail_50runs,verbalized,bge-m3,07169c1f-359f-43b6-8bb5-45ca08061d1d,6,36,agent,0.9922749996185303,0.8125,0.0,0.5530232489109039,0.06147698685526848,,0,0
qwen32B-int4_retail_50runs,verbalized,bge-m3,07169c1f-359f-43b6-8bb5-45ca08061d1d,7,36,tool,,,,,,,0,0
qwen32B-int4_retail_50runs,verbalized,bge-m3,07169c1f-359f-43b6-8bb5-45ca08061d1d,8,36,agent,0.6188629269599915,0.22580645161290322,0.0,,,,0,0
qwen32B-int4_retail_50runs,verbalized,bge-m3,07169c1f-359f-43b6-8bb5-45ca08061d1d,9,36,user,,,,,,0.3963979482650757,0,0
qwen32B-int4_retail_50runs,verbalized,bge-m3,07169c1f-359f-43b6-8bb5-45ca08061d1d,10,36,agent,0.7166023850440979,0.3684210526315789,0.0,0.4430123567581177,-0.08177145943045616,,0,0
qwen32B-int4_retail_50runs,verbalized,bge-m3,07169c1f-359f-43b6-8bb5-45ca08061d1d,11,36,tool,,,,,,,0,0
qwen32B-int4_retail_50runs,verbalized,bge-m3,07169c1f-359f-43b6-8bb5-45ca08061d1d,12,36,agent,0.6313018202781677,0.1518987341772152,0.0,0.320271372795105,-0.1748126484453678,,0,0
qwen32B-int4_retail_50runs,verbalized,bge-m3,07169c1f-359f-43b6-8bb5-45ca08061d1d,13,36,tool,,,,,,,0,0
qwen32B-int4_retail_50runs,verbalized,bge-m3,07169c1f-359f-43b6-8bb5-45ca08061d1d,14,36,agent,0.8489004373550415,0.43333333333333335,0.0,0.36469101905822754,-0.16651448793709278,,0,0
qwen32B-int4_retail_50runs,verbalized,bge-m3,07169c1f-359f-43b6-8bb5-45ca08061d1d,15,36,tool,,,,,,,0,0
qwen32B-int4_retail_50runs,verbalized,bge-m3,07169c1f-359f-43b6-8bb5-45ca08061d1d,16,36,agent,0.834723174571991,0.2857142857142857,0.0,,,,0,0
qwen32B-int4_retail_50runs,verbalized,bge-m3,07169c1f-359f-43b6-8bb5-45ca08061d1d,17,36,user,,,,,,0.2398623824119568,0,0
qwen32B-int4_retail_50runs,verbalized,bge-m3,07169c1f-359f-43b6-8bb5-45ca08061d1d,18,36,agent,0.8156319856643677,0.509090909090909,0.0,,,,0,0
qwen32B-int4_retail_50runs,verbalized,bge-m3,07169c1f-359f-43b6-8bb5-45ca08061d1d,19,36,user,,,,,,0.30416393280029297,0,0
qwen32B-int4_retail_50runs,verbalized,bge-m3,07169c1f-359f-43b6-8bb5-45ca08061d1d,20,36,agent,0.6213540434837341,0.04,0.0,0.4510847330093384,-0.008410219103097916,,0,0
qwen32B-int4_retail_50runs,verbalized,bge-m3,07169c1f-359f-43b6-8bb5-45ca08061d1d,21,36,tool,,,,,,,0,0
qwen32B-int4_retail_50runs,verbalized,bge-m3,07169c1f-359f-43b6-8bb5-45ca08061d1d,22,36,agent,0.6337029337882996,0.21568627450980393,0.0,,,,0,0
qwen32B-int4_retail_50runs,verbalized,bge-m3,07169c1f-359f-43b6-8bb5-45ca08061d1d,23,36,user,,,,,,0.13530755043029785,0,0
qwen32B-int4_retail_50runs,verbalized,bge-m3,07169c1f-359f-43b6-8bb5-45ca08061d1d,24,36,agent,0.9832459688186646,0.7894736842105263,0.0,0.4577270746231079,-0.008518204092979431,,0,0
qwen32B-int4_retail_50runs,verbalized,bge-m3,07169c1f-359f-43b6-8bb5-45ca08061d1d,25,36,tool,,,,,,,0,0
qwen32B-int4_retail_50runs,verbalized,bge-m3,07169c1f-359f-43b6-8bb5-45ca08061d1d,26,36,agent,0.8750385642051697,0.3111111111111111,0.0,,,,0,0
qwen32B-int4_retail_50runs,verbalized,bge-m3,07169c1f-359f-43b6-8bb5-45ca08061d1d,27,36,user,,,,,,0.3373011350631714,0,0
qwen32B-int4_retail_50runs,verbalized,bge-m3,07169c1f-359f-43b6-8bb5-45ca08061d1d,28,36,agent,0.7512553930282593,0.3333333333333333,0.0,0.3335956335067749,-0.16547717154026031,,0,0
qwen32B-int4_retail_50runs,verbalized,bge-m3,07169c1f-359f-43b6-8bb5-45ca08061d1d,29,36,tool,,,,,,,0,0
qwen32B-int4_retail_50runs,verbalized,bge-m3,07169c1f-359f-43b6-8bb5-45ca08061d1d,30,36,agent,0.7490155100822449,0.21311475409836064,0.0,,,,0,0
qwen32B-int4_retail_50runs,verbalized,bge-m3,07169c1f-359f-43b6-8bb5-45ca08061d1d,31,36,user,,,,,,0.1327134370803833,0,0
qwen32B-int4_retail_50runs,verbalized,bge-m3,07169c1f-359f-43b6-8bb5-45ca08061d1d,32,36,agent,0.7419516444206238,0.3333333333333333,0.0,0.35876280069351196,-0.11663530394434929,,0,0
qwen32B-int4_retail_50runs,verbalized,bge-m3,07169c1f-359f-43b6-8bb5-45ca08061d1d,33,36,tool,,,,,,,0,0
qwen32B-int4_retail_50runs,verbalized,bge-m3,07169c1f-359f-43b6-8bb5-45ca08061d1d,34,36,agent,0.5904011726379395,0.16304347826086957,0.0,,,,0,0
qwen32B-int4_retail_50runs,verbalized,bge-m3,07169c1f-359f-43b6-8bb5-45ca08061d1d,35,36,user,,,,,,0.37134772539138794,0,0
qwen32B-int4_retail_50runs,verbalized,bge-m3,fd489b38-3523-4480-9052-7718cb574f45,0,36,agent,,,,,,,0,1
qwen32B-int4_retail_50runs,verbalized,bge-m3,fd489b38-3523-4480-9052-7718cb574f45,1,36,user,,,,,,0.45168691873550415,0,1
qwen32B-int4_retail_50runs,verbalized,bge-m3,fd489b38-3523-4480-9052-7718cb574f45,2,36,agent,0.5102094411849976,0.06976744186046512,0.0,,,,0,1
qwen32B-int4_retail_50runs,verbalized,bge-m3,fd489b38-3523-4480-9052-7718cb574f45,3,36,user,,,,,,0.4305223226547241,0,1
qwen32B-int4_retail_50runs,verbalized,bge-m3,fd489b38-3523-4480-9052-7718cb574f45,4,36,agent,0.6050875186920166,0.038461538461538464,0.0,0.5481005311012268,0.06554235145449638,,0,1
qwen32B-int4_retail_50runs,verbalized,bge-m3,fd489b38-3523-4480-9052-7718cb574f45,5,36,tool,,,,,,,0,1
qwen32B-int4_retail_50runs,verbalized,bge-m3,fd489b38-3523-4480-9052-7718cb574f45,6,36,agent,0.8259120583534241,0.3684210526315789,0.0,0.327689528465271,-0.1568675898015499,,0,1
qwen32B-int4_retail_50runs,verbalized,bge-m3,fd489b38-3523-4480-9052-7718cb574f45,7,36,tool,,,,,,,0,1
qwen32B-int4_retail_50runs,verbalized,bge-m3,fd489b38-3523-4480-9052-7718cb574f45,8,36,agent,0.5396154522895813,0.03125,0.0,,,,0,1
qwen32B-int4_retail_50runs,verbalized,bge-m3,fd489b38-3523-4480-9052-7718cb574f45,9,36,user,,,,,,0.12463259696960449,0,1
qwen32B-int4_retail_50runs,verbalized,bge-m3,fd489b38-3523-4480-9052-7718cb574f45,10,36,agent,0.7820294499397278,0.5384615384615384,0.5384615384615384,0.46282410621643066,-0.03213387355208397,,0,1
qwen32B-int4_retail_50runs,verbalized,bge-m3,fd489b38-3523-4480-9052-7718cb574f45,11,36,tool,,,,,,,0,1
qwen32B-int4_retail_50runs,verbalized,bge-m3,fd489b38-3523-4480-9052-7718cb574f45,12,36,agent,0.9101674556732178,0.5384615384615384,0.0,0.4360496997833252,-0.05679451301693916,,0,1
qwen32B-int4_retail_50runs,verbalized,bge-m3,fd489b38-3523-4480-9052-7718cb574f45,13,36,tool,,,,,,,0,1
qwen32B-int4_retail_50runs,verbalized,bge-m3,fd489b38-3523-4480-9052-7718cb574f45,14,36,agent,0.468989759683609,0.015625,0.0,,,,0,1
qwen32B-int4_retail_50runs,verbalized,bge-m3,fd489b38-3523-4480-9052-7718cb574f45,15,36,user,,,,,,0.41669023036956787,0,1
qwen32B-int4_retail_50runs,verbalized,bge-m3,fd489b38-3523-4480-9052-7718cb574f45,16,36,agent,0.9228186011314392,0.4666666666666667,0.0,0.39274054765701294,-0.10728040337562561,,0,1
qwen32B-int4_retail_50runs,verbalized,bge-m3,fd489b38-3523-4480-9052-7718cb574f45,17,36,tool,,,,,,,0,1
qwen32B-int4_retail_50runs,verbalized,bge-m3,fd489b38-3523-4480-9052-7718cb574f45,18,36,agent,0.9805663824081421,0.6923076923076923,0.0,0.4358717203140259,-0.06140001490712166,,0,1
qwen32B-int4_retail_50runs,verbalized,bge-m3,fd489b38-3523-4480-9052-7718cb574f45,19,36,tool,,,,,,,0,1
qwen32B-int4_retail_50runs,verbalized,bge-m3,fd489b38-3523-4480-9052-7718cb574f45,20,36,agent,0.644135594367981,0.05714285714285714,0.0,,,,0,1
qwen32B-int4_retail_50runs,verbalized,bge-m3,fd489b38-3523-4480-9052-7718cb574f45,21,36,user,,,,,,0.3947247862815857,0,1
qwen32B-int4_retail_50runs,verbalized,bge-m3,fd489b38-3523-4480-9052-7718cb574f45,22,36,agent,0.6686597466468811,0.12295081967213115,0.0,,,,0,1
qwen32B-int4_retail_50runs,verbalized,bge-m3,fd489b38-3523-4480-9052-7718cb574f45,23,36,user,,,,,,0.3663044571876526,0,1
qwen32B-int4_retail_50runs,verbalized,bge-m3,fd489b38-3523-4480-9052-7718cb574f45,24,36,agent,0.6352176666259766,0.0958904109589041,0.0,0.636429637670517,0.18499958515167236,,0,1
qwen32B-int4_retail_50runs,verbalized,bge-m3,fd489b38-3523-4480-9052-7718cb574f45,25,36,tool,,,,,,,0,1
qwen32B-int4_retail_50runs,verbalized,bge-m3,fd489b38-3523-4480-9052-7718cb574f45,26,36,agent,0.6824693083763123,0.19801980198019803,0.0,,,,0,1
qwen32B-int4_retail_50runs,verbalized,bge-m3,fd489b38-3523-4480-9052-7718cb574f45,27,36,user,,,,,,0.23451566696166992,0,1
qwen32B-int4_retail_50runs,verbalized,bge-m3,fd489b38-3523-4480-9052-7718cb574f45,28,36,agent,0.8563854694366455,0.47368421052631576,0.0,0.41015625,-0.07723122462630272,,0,1
qwen32B-int4_retail_50runs,verbalized,bge-m3,fd489b38-3523-4480-9052-7718cb574f45,29,36,tool,,,,,,,0,1
qwen32B-int4_retail_50runs,verbalized,bge-m3,fd489b38-3523-4480-9052-7718cb574f45,30,36,agent,0.6597514152526855,0.2,0.0,,,,0,1
qwen32B-int4_retail_50runs,verbalized,bge-m3,fd489b38-3523-4480-9052-7718cb574f45,31,36,user,,,,,,0.3547966480255127,0,1
qwen32B-int4_retail_50runs,verbalized,bge-m3,fd489b38-3523-4480-9052-7718cb574f45,32,36,agent,0.8525705933570862,0.47368421052631576,0.0,0.3798811435699463,-0.09484963491559029,,0,1
qwen32B-int4_retail_50runs,verbalized,bge-m3,fd489b38-3523-4480-9052-7718cb574f45,33,36,tool,,,,,,,0,1
qwen32B-int4_retail_50runs,verbalized,bge-m3,fd489b38-3523-4480-9052-7718cb574f45,34,36,agent,0.8510802984237671,0.3488372093023256,0.0,,,,0,1
qwen32B-int4_retail_50runs,verbalized,bge-m3,fd489b38-3523-4480-9052-7718cb574f45,35,36,user,,,,,,0.5073632299900055,0,1
qwen32B-int4_retail_50runs,verbalized,bge-m3,4a5f406c-80a6-4db2-aa73-d4bfaa483867,0,32,agent,,,,,,,0,0
qwen32B-int4_retail_50runs,verbalized,bge-m3,4a5f406c-80a6-4db2-aa73-d4bfaa483867,1,32,user,,,,,,0.4921329617500305,0,0
qwen32B-int4_retail_50runs,verbalized,bge-m3,4a5f406c-80a6-4db2-aa73-d4bfaa483867,2,32,agent,0.5626104474067688,0.13333333333333333,0.0,,,,0,0
qwen32B-int4_retail_50runs,verbalized,bge-m3,4a5f406c-80a6-4db2-aa73-d4bfaa483867,3,32,user,,,,,,0.29676586389541626,0,0
qwen32B-int4_retail_50runs,verbalized,bge-m3,4a5f406c-80a6-4db2-aa73-d4bfaa483867,4,32,agent,0.6135676503181458,0.05,0.0,0.5888729989528656,0.12308267951011659,,0,0
qwen32B-int4_retail_50runs,verbalized,bge-m3,4a5f406c-80a6-4db2-aa73-d4bfaa483867,5,32,tool,,,,,,,0,0
qwen32B-int4_retail_50runs,verbalized,bge-m3,4a5f406c-80a6-4db2-aa73-d4bfaa483867,6,32,agent,0.6087324023246765,0.2,0.0,,,,0,0
qwen32B-int4_retail_50runs,verbalized,bge-m3,4a5f406c-80a6-4db2-aa73-d4bfaa483867,7,32,user,,,,,,0.20079612731933594,0,0
qwen32B-int4_retail_50runs,verbalized,bge-m3,4a5f406c-80a6-4db2-aa73-d4bfaa483867,8,32,agent,0.8153373599052429,0.3684210526315789,0.0,0.4584178924560547,0.02278260588645936,,0,0
qwen32B-int4_retail_50runs,verbalized,bge-m3,4a5f406c-80a6-4db2-aa73-d4bfaa483867,9,32,tool,,,,,,,0,0
qwen32B-int4_retail_50runs,verbalized,bge-m3,4a5f406c-80a6-4db2-aa73-d4bfaa483867,10,32,agent,0.6972615718841553,0.22857142857142856,0.0,,,,0,0
qwen32B-int4_retail_50runs,verbalized,bge-m3,4a5f406c-80a6-4db2-aa73-d4bfaa483867,11,32,user,,,,,,0.12307024002075195,0,0
qwen32B-int4_retail_50runs,verbalized,bge-m3,4a5f406c-80a6-4db2-aa73-d4bfaa483867,12,32,agent,0.986969530582428,0.6923076923076923,0.6923076923076923,0.3007209300994873,-0.15314064621925355,,0,0
qwen32B-int4_retail_50runs,verbalized,bge-m3,4a5f406c-80a6-4db2-aa73-d4bfaa483867,13,32,tool,,,,,,,0,0
qwen32B-int4_retail_50runs,verbalized,bge-m3,4a5f406c-80a6-4db2-aa73-d4bfaa483867,14,32,agent,0.5989143252372742,0.1794871794871795,0.0,,,,0,0
qwen32B-int4_retail_50runs,verbalized,bge-m3,4a5f406c-80a6-4db2-aa73-d4bfaa483867,15,32,user,,,,,,0.3797609210014343,0,0
qwen32B-int4_retail_50runs,verbalized,bge-m3,4a5f406c-80a6-4db2-aa73-d4bfaa483867,16,32,agent,0.8594149351119995,0.4666666666666667,0.0,0.3871484398841858,-0.10867593288421629,,0,0
qwen32B-int4_retail_50runs,verbalized,bge-m3,4a5f406c-80a6-4db2-aa73-d4bfaa483867,17,32,tool,,,,,,,0,0
qwen32B-int4_retail_50runs,verbalized,bge-m3,4a5f406c-80a6-4db2-aa73-d4bfaa483867,18,32,agent,0.8657847046852112,0.2375,0.0,,,,0,0
qwen32B-int4_retail_50runs,verbalized,bge-m3,4a5f406c-80a6-4db2-aa73-d4bfaa483867,19,32,user,,,,,,0.10267865657806396,0,0
qwen32B-int4_retail_50runs,verbalized,bge-m3,4a5f406c-80a6-4db2-aa73-d4bfaa483867,20,32,agent,0.8618199825286865,0.3373493975903614,0.0,,,,0,0
qwen32B-int4_retail_50runs,verbalized,bge-m3,4a5f406c-80a6-4db2-aa73-d4bfaa483867,21,32,user,,,,,,0.06331628561019897,0,0
qwen32B-int4_retail_50runs,verbalized,bge-m3,4a5f406c-80a6-4db2-aa73-d4bfaa483867,22,32,agent,0.4730108976364136,0.0,0.0,0.4299914240837097,-0.037161773443222024,,0,0
qwen32B-int4_retail_50runs,verbalized,bge-m3,4a5f406c-80a6-4db2-aa73-d4bfaa483867,23,32,tool,,,,,,,0,0
qwen32B-int4_retail_50runs,verbalized,bge-m3,4a5f406c-80a6-4db2-aa73-d4bfaa483867,24,32,agent,0.8180743455886841,0.27450980392156865,0.0,,,,0,0
qwen32B-int4_retail_50runs,verbalized,bge-m3,4a5f406c-80a6-4db2-aa73-d4bfaa483867,25,32,user,,,,,,0.2184830904006958,0,0
qwen32B-int4_retail_50runs,verbalized,bge-m3,4a5f406c-80a6-4db2-aa73-d4bfaa483867,26,32,agent,0.6452054977416992,0.38271604938271603,0.0,,,,0,0
qwen32B-int4_retail_50runs,verbalized,bge-m3,4a5f406c-80a6-4db2-aa73-d4bfaa483867,27,32,user,,,,,,0.11183589696884155,0,0
qwen32B-int4_retail_50runs,verbalized,bge-m3,4a5f406c-80a6-4db2-aa73-d4bfaa483867,28,32,agent,0.5890237092971802,0.058823529411764705,0.0,0.2894817590713501,-0.17862847447395325,,0,0
qwen32B-int4_retail_50runs,verbalized,bge-m3,4a5f406c-80a6-4db2-aa73-d4bfaa483867,29,32,tool,,,,,,,0,0
qwen32B-int4_retail_50runs,verbalized,bge-m3,4a5f406c-80a6-4db2-aa73-d4bfaa483867,30,32,agent,0.9018352031707764,0.25,0.0,,,,0,0
qwen32B-int4_retail_50runs,verbalized,bge-m3,4a5f406c-80a6-4db2-aa73-d4bfaa483867,31,32,user,,,,,,0.4839484691619873,0,0
qwen32B-int4_retail_50runs,verbalized,bge-m3,d12693dd-46fe-493c-8760-f21e3f1bfbce,0,42,agent,,,,,,,0,1
qwen32B-int4_retail_50runs,verbalized,bge-m3,d12693dd-46fe-493c-8760-f21e3f1bfbce,1,42,user,,,,,,0.45554667711257935,0,1
qwen32B-int4_retail_50runs,verbalized,bge-m3,d12693dd-46fe-493c-8760-f21e3f1bfbce,2,42,agent,0.4845864772796631,0.0,0.0,0.46242737770080566,-0.01041088402271273,,0,1
qwen32B-int4_retail_50runs,verbalized,bge-m3,d12693dd-46fe-493c-8760-f21e3f1bfbce,3,42,tool,,,,,,,0,1
qwen32B-int4_retail_50runs,verbalized,bge-m3,d12693dd-46fe-493c-8760-f21e3f1bfbce,4,42,agent,0.5093802213668823,0.06,0.0,,,,0,1
qwen32B-int4_retail_50runs,verbalized,bge-m3,d12693dd-46fe-493c-8760-f21e3f1bfbce,5,42,user,,,,,,0.3596944212913513,0,1
qwen32B-int4_retail_50runs,verbalized,bge-m3,d12693dd-46fe-493c-8760-f21e3f1bfbce,6,42,agent,0.7047204971313477,0.4117647058823529,0.0,0.5486352443695068,0.07758386731147765,,0,1
qwen32B-int4_retail_50runs,verbalized,bge-m3,d12693dd-46fe-493c-8760-f21e3f1bfbce,7,42,tool,,,,,,,0,1
qwen32B-int4_retail_50runs,verbalized,bge-m3,d12693dd-46fe-493c-8760-f21e3f1bfbce,8,42,agent,0.6745905876159668,0.2,0.0,,,,0,1
qwen32B-int4_retail_50runs,verbalized,bge-m3,d12693dd-46fe-493c-8760-f21e3f1bfbce,9,42,user,,,,,,0.47743356227874756,0,1
qwen32B-int4_retail_50runs,verbalized,bge-m3,d12693dd-46fe-493c-8760-f21e3f1bfbce,10,42,agent,0.752214789390564,0.1746031746031746,0.0,,,,0,1
qwen32B-int4_retail_50runs,verbalized,bge-m3,d12693dd-46fe-493c-8760-f21e3f1bfbce,11,42,user,,,,,,0.27779895067214966,0,1
qwen32B-int4_retail_50runs,verbalized,bge-m3,d12693dd-46fe-493c-8760-f21e3f1bfbce,12,42,agent,0.5551162958145142,0.0,0.0,0.3289892077445984,-0.1390294373035431,,0,1
qwen32B-int4_retail_50runs,verbalized,bge-m3,d12693dd-46fe-493c-8760-f21e3f1bfbce,13,42,tool,,,,,,,0,1
qwen32B-int4_retail_50runs,verbalized,bge-m3,d12693dd-46fe-493c-8760-f21e3f1bfbce,14,42,agent,0.8104153871536255,0.26153846153846155,0.0,0.4077891707420349,-0.07107633948326109,,0,1
qwen32B-int4_retail_50runs,verbalized,bge-m3,d12693dd-46fe-493c-8760-f21e3f1bfbce,15,42,tool,,,,,,,0,1
qwen32B-int4_retail_50runs,verbalized,bge-m3,d12693dd-46fe-493c-8760-f21e3f1bfbce,16,42,agent,0.7303545475006104,0.1875,0.0,0.2789013981819153,-0.18958776295185087,,0,1
qwen32B-int4_retail_50runs,verbalized,bge-m3,d12693dd-46fe-493c-8760-f21e3f1bfbce,17,42,tool,,,,,,,0,1
qwen32B-int4_retail_50runs,verbalized,bge-m3,d12693dd-46fe-493c-8760-f21e3f1bfbce,18,42,agent,0.8714648485183716,0.410958904109589,0.0,,,,0,1
qwen32B-int4_retail_50runs,verbalized,bge-m3,d12693dd-46fe-493c-8760-f21e3f1bfbce,19,42,user,,,,,,0.45305943489074707,0,1
qwen32B-int4_retail_50runs,verbalized,bge-m3,d12693dd-46fe-493c-8760-f21e3f1bfbce,20,42,agent,0.8698477745056152,0.37623762376237624,0.0,,,,0,1
qwen32B-int4_retail_50runs,verbalized,bge-m3,d12693dd-46fe-493c-8760-f21e3f1bfbce,21,42,user,,,,,,0.31570863723754883,0,1
qwen32B-int4_retail_50runs,verbalized,bge-m3,d12693dd-46fe-493c-8760-f21e3f1bfbce,22,42,agent,0.8492413759231567,0.524390243902439,0.0,,,,0,1
qwen32B-int4_retail_50runs,verbalized,bge-m3,d12693dd-46fe-493c-8760-f21e3f1bfbce,23,42,user,,,,,,0.3491814136505127,0,1
qwen32B-int4_retail_50runs,verbalized,bge-m3,d12693dd-46fe-493c-8760-f21e3f1bfbce,24,42,agent,0.6766439080238342,0.06578947368421052,0.0,0.36391180753707886,-0.07552703022956847,,0,1
qwen32B-int4_retail_50runs,verbalized,bge-m3,d12693dd-46fe-493c-8760-f21e3f1bfbce,25,42,tool,,,,,,,0,1
qwen32B-int4_retail_50runs,verbalized,bge-m3,d12693dd-46fe-493c-8760-f21e3f1bfbce,26,42,agent,0.8266999125480652,0.41379310344827586,0.0,,,,0,1
qwen32B-int4_retail_50runs,verbalized,bge-m3,d12693dd-46fe-493c-8760-f21e3f1bfbce,27,42,user,,,,,,0.370253324508667,0,1
qwen32B-int4_retail_50runs,verbalized,bge-m3,d12693dd-46fe-493c-8760-f21e3f1bfbce,28,42,agent,0.7039922475814819,0.22857142857142856,0.0,0.39555394649505615,-0.052308690547943126,,0,1
qwen32B-int4_retail_50runs,verbalized,bge-m3,d12693dd-46fe-493c-8760-f21e3f1bfbce,29,42,tool,,,,,,,0,1
qwen32B-int4_retail_50runs,verbalized,bge-m3,d12693dd-46fe-493c-8760-f21e3f1bfbce,30,42,agent,0.890030026435852,0.7222222222222222,0.0,0.4307739734649658,-0.05018697679042816,,0,1
qwen32B-int4_retail_50runs,verbalized,bge-m3,d12693dd-46fe-493c-8760-f21e3f1bfbce,31,42,tool,,,,,,,0,1
qwen32B-int4_retail_50runs,verbalized,bge-m3,d12693dd-46fe-493c-8760-f21e3f1bfbce,32,42,agent,0.6640176177024841,0.2619047619047619,0.0,,,,0,1
qwen32B-int4_retail_50runs,verbalized,bge-m3,d12693dd-46fe-493c-8760-f21e3f1bfbce,33,42,user,,,,,,0.32844656705856323,0,1
qwen32B-int4_retail_50runs,verbalized,bge-m3,d12693dd-46fe-493c-8760-f21e3f1bfbce,34,42,agent,0.6747564077377319,0.060240963855421686,0.0,0.37897443771362305,-0.05336745679378507,,0,1
qwen32B-int4_retail_50runs,verbalized,bge-m3,d12693dd-46fe-493c-8760-f21e3f1bfbce,35,42,tool,,,,,,,0,1
qwen32B-int4_retail_50runs,verbalized,bge-m3,d12693dd-46fe-493c-8760-f21e3f1bfbce,36,42,agent,0.8733603358268738,0.45348837209302323,0.0,0.4451354146003723,0.03458938002586365,,0,1
qwen32B-int4_retail_50runs,verbalized,bge-m3,d12693dd-46fe-493c-8760-f21e3f1bfbce,37,42,tool,,,,,,,0,1
qwen32B-int4_retail_50runs,verbalized,bge-m3,d12693dd-46fe-493c-8760-f21e3f1bfbce,38,42,agent,0.7039182186126709,0.2898550724637681,0.0,0.4339478015899658,-0.013358980417251587,,0,1
qwen32B-int4_retail_50runs,verbalized,bge-m3,d12693dd-46fe-493c-8760-f21e3f1bfbce,39,42,tool,,,,,,,0,1
qwen32B-int4_retail_50runs,verbalized,bge-m3,d12693dd-46fe-493c-8760-f21e3f1bfbce,40,42,agent,0.7875880599021912,0.2676056338028169,0.0,,,,0,1
qwen32B-int4_retail_50runs,verbalized,bge-m3,d12693dd-46fe-493c-8760-f21e3f1bfbce,41,42,user,,,,,,0.3749527931213379,0,1
qwen32B-int4_retail_50runs,verbalized,bge-m3,8246e281-eea0-4b36-9861-b06bef0ccbad,0,52,agent,,,,,,,0,0
qwen32B-int4_retail_50runs,verbalized,bge-m3,8246e281-eea0-4b36-9861-b06bef0ccbad,1,52,user,,,,,,0.38884657621383667,0,0
qwen32B-int4_retail_50runs,verbalized,bge-m3,8246e281-eea0-4b36-9861-b06bef0ccbad,2,52,agent,0.5683461427688599,0.12903225806451613,0.0,,,,0,0
qwen32B-int4_retail_50runs,verbalized,bge-m3,8246e281-eea0-4b36-9861-b06bef0ccbad,3,52,user,,,,,,0.46347302198410034,0,0
qwen32B-int4_retail_50runs,verbalized,bge-m3,8246e281-eea0-4b36-9861-b06bef0ccbad,4,52,agent,0.633927583694458,0.04878048780487805,0.0,0.5855560600757599,0.10619297027587893,,0,0
qwen32B-int4_retail_50runs,verbalized,bge-m3,8246e281-eea0-4b36-9861-b06bef0ccbad,5,52,tool,,,,,,,0,0
qwen32B-int4_retail_50runs,verbalized,bge-m3,8246e281-eea0-4b36-9861-b06bef0ccbad,6,52,agent,0.549785315990448,0.21568627450980393,0.0,,,,0,0
qwen32B-int4_retail_50runs,verbalized,bge-m3,8246e281-eea0-4b36-9861-b06bef0ccbad,7,52,user,,,,,,0.2793145179748535,0,0
qwen32B-int4_retail_50runs,verbalized,bge-m3,8246e281-eea0-4b36-9861-b06bef0ccbad,8,52,agent,0.7315656542778015,0.3684210526315789,0.0,0.46145349740982056,0.01987904906272886,,0,0
qwen32B-int4_retail_50runs,verbalized,bge-m3,8246e281-eea0-4b36-9861-b06bef0ccbad,9,52,tool,,,,,,,0,0
qwen32B-int4_retail_50runs,verbalized,bge-m3,8246e281-eea0-4b36-9861-b06bef0ccbad,10,52,agent,0.6684834957122803,0.23636363636363636,0.0,,,,0,0
qwen32B-int4_retail_50runs,verbalized,bge-m3,8246e281-eea0-4b36-9861-b06bef0ccbad,11,52,user,,,,,,0.20570790767669678,0,0
qwen32B-int4_retail_50runs,verbalized,bge-m3,8246e281-eea0-4b36-9861-b06bef0ccbad,12,52,agent,0.9759178757667542,0.6923076923076923,0.0,0.4683789014816284,0.02312694489955902,,0,0
qwen32B-int4_retail_50runs,verbalized,bge-m3,8246e281-eea0-4b36-9861-b06bef0ccbad,13,52,tool,,,,,,,0,0
qwen32B-int4_retail_50runs,verbalized,bge-m3,8246e281-eea0-4b36-9861-b06bef0ccbad,14,52,agent,0.8630896806716919,0.2962962962962963,0.0,,,,0,0
qwen32B-int4_retail_50runs,verbalized,bge-m3,8246e281-eea0-4b36-9861-b06bef0ccbad,15,52,user,,,,,,0.2866722345352173,0,0
qwen32B-int4_retail_50runs,verbalized,bge-m3,8246e281-eea0-4b36-9861-b06bef0ccbad,16,52,agent,0.8614835739135742,0.4666666666666667,0.0,0.308709979057312,-0.1580355167388916,,0,0
qwen32B-int4_retail_50runs,verbalized,bge-m3,8246e281-eea0-4b36-9861-b06bef0ccbad,17,52,tool,,,,,,,0,0
qwen32B-int4_retail_50runs,verbalized,bge-m3,8246e281-eea0-4b36-9861-b06bef0ccbad,18,52,agent,0.7400323748588562,0.14492753623188406,0.0,,,,0,0
qwen32B-int4_retail_50runs,verbalized,bge-m3,8246e281-eea0-4b36-9861-b06bef0ccbad,19,52,user,,,,,,0.11047935485839844,0,0
qwen32B-int4_retail_50runs,verbalized,bge-m3,8246e281-eea0-4b36-9861-b06bef0ccbad,20,52,agent,0.8594105243682861,0.4666666666666667,0.0,0.4345579743385315,-0.013812631368637085,,0,0
qwen32B-int4_retail_50runs,verbalized,bge-m3,8246e281-eea0-4b36-9861-b06bef0ccbad,21,52,tool,,,,,,,0,0
qwen32B-int4_retail_50runs,verbalized,bge-m3,8246e281-eea0-4b36-9861-b06bef0ccbad,22,52,agent,0.7807048559188843,0.23076923076923078,0.0,,,,0,0
qwen32B-int4_retail_50runs,verbalized,bge-m3,8246e281-eea0-4b36-9861-b06bef0ccbad,23,52,user,,,,,,0.26348841190338135,0,0
qwen32B-int4_retail_50runs,verbalized,bge-m3,8246e281-eea0-4b36-9861-b06bef0ccbad,24,52,agent,0.7368713617324829,0.22388059701492538,0.0,,,,0,0
qwen32B-int4_retail_50runs,verbalized,bge-m3,8246e281-eea0-4b36-9861-b06bef0ccbad,25,52,user,,,,,,0.3895699381828308,0,0
qwen32B-int4_retail_50runs,verbalized,bge-m3,8246e281-eea0-4b36-9861-b06bef0ccbad,26,52,agent,0.8923006653785706,0.5,0.0,,,,0,0
qwen32B-int4_retail_50runs,verbalized,bge-m3,8246e281-eea0-4b36-9861-b06bef0ccbad,27,52,user,,,,,,0.2253606915473938,0,0
qwen32B-int4_retail_50runs,verbalized,bge-m3,8246e281-eea0-4b36-9861-b06bef0ccbad,28,52,agent,0.4595121145248413,0.021739130434782608,0.0,0.308052122592926,-0.15820251107215882,,0,0
qwen32B-int4_retail_50runs,verbalized,bge-m3,8246e281-eea0-4b36-9861-b06bef0ccbad,29,52,tool,,,,,,,0,0
qwen32B-int4_retail_50runs,verbalized,bge-m3,8246e281-eea0-4b36-9861-b06bef0ccbad,30,52,agent,0.7197279930114746,0.1724137931034483,0.0,,,,0,0
qwen32B-int4_retail_50runs,verbalized,bge-m3,8246e281-eea0-4b36-9861-b06bef0ccbad,31,52,user,,,,,,0.15616697072982788,0,0
qwen32B-int4_retail_50runs,verbalized,bge-m3,8246e281-eea0-4b36-9861-b06bef0ccbad,32,52,agent,0.8657283782958984,0.4666666666666667,0.0,0.400973916053772,-0.04216567873954774,,0,0
qwen32B-int4_retail_50runs,verbalized,bge-m3,8246e281-eea0-4b36-9861-b06bef0ccbad,33,52,tool,,,,,,,0,0
qwen32B-int4_retail_50runs,verbalized,bge-m3,8246e281-eea0-4b36-9861-b06bef0ccbad,34,52,agent,0.7343422770500183,0.16129032258064516,0.0,,,,0,0
qwen32B-int4_retail_50runs,verbalized,bge-m3,8246e281-eea0-4b36-9861-b06bef0ccbad,35,52,user,,,,,,0.2305150032043457,0,0
qwen32B-int4_retail_50runs,verbalized,bge-m3,8246e281-eea0-4b36-9861-b06bef0ccbad,36,52,agent,0.9874646067619324,0.6923076923076923,0.0,0.4281501770019531,-0.019407448172569286,,0,0
qwen32B-int4_retail_50runs,verbalized,bge-m3,8246e281-eea0-4b36-9861-b06bef0ccbad,37,52,tool,,,,,,,0,0
qwen32B-int4_retail_50runs,verbalized,bge-m3,8246e281-eea0-4b36-9861-b06bef0ccbad,38,52,agent,0.839280366897583,0.45901639344262296,0.0,,,,0,0
qwen32B-int4_retail_50runs,verbalized,bge-m3,8246e281-eea0-4b36-9861-b06bef0ccbad,39,52,user,,,,,,0.19603902101516724,0,0
qwen32B-int4_retail_50runs,verbalized,bge-m3,8246e281-eea0-4b36-9861-b06bef0ccbad,40,52,agent,0.9820150136947632,0.6923076923076923,0.0,0.38281577825546265,-0.06278527379035947,,0,0
qwen32B-int4_retail_50runs,verbalized,bge-m3,8246e281-eea0-4b36-9861-b06bef0ccbad,41,52,tool,,,,,,,0,0
qwen32B-int4_retail_50runs,verbalized,bge-m3,8246e281-eea0-4b36-9861-b06bef0ccbad,42,52,agent,0.7953290343284607,0.2553191489361702,0.0,,,,0,0
qwen32B-int4_retail_50runs,verbalized,bge-m3,8246e281-eea0-4b36-9861-b06bef0ccbad,43,52,user,,,,,,0.1923467516899109,0,0
qwen32B-int4_retail_50runs,verbalized,bge-m3,8246e281-eea0-4b36-9861-b06bef0ccbad,44,52,agent,0.9265843033790588,0.4666666666666667,0.0,0.4227913022041321,-0.03922996222972869,,0,0
qwen32B-int4_retail_50runs,verbalized,bge-m3,8246e281-eea0-4b36-9861-b06bef0ccbad,45,52,tool,,,,,,,0,0
qwen32B-int4_retail_50runs,verbalized,bge-m3,8246e281-eea0-4b36-9861-b06bef0ccbad,46,52,agent,0.8557240962982178,0.32,0.0,,,,0,0
qwen32B-int4_retail_50runs,verbalized,bge-m3,8246e281-eea0-4b36-9861-b06bef0ccbad,47,52,user,,,,,,0.26579415798187256,0,0
qwen32B-int4_retail_50runs,verbalized,bge-m3,8246e281-eea0-4b36-9861-b06bef0ccbad,48,52,agent,0.8571680188179016,0.3333333333333333,0.0,0.2863883376121521,-0.1260186195373535,,0,0
qwen32B-int4_retail_50runs,verbalized,bge-m3,8246e281-eea0-4b36-9861-b06bef0ccbad,49,52,tool,,,,,,,0,0
qwen32B-int4_retail_50runs,verbalized,bge-m3,8246e281-eea0-4b36-9861-b06bef0ccbad,50,52,agent,0.9141533970832825,0.34831460674157305,0.0,,,,0,0
qwen32B-int4_retail_50runs,verbalized,bge-m3,8246e281-eea0-4b36-9861-b06bef0ccbad,51,52,user,,,,,,0.4508507251739502,0,0
qwen32B-int4_retail_50runs,verbalized,bge-m3,a50c1577-9860-42e9-8658-3814063bd427,0,40,agent,,,,,,,0,0
qwen32B-int4_retail_50runs,verbalized,bge-m3,a50c1577-9860-42e9-8658-3814063bd427,1,40,user,,,,,,0.49917083978652954,0,0
qwen32B-int4_retail_50runs,verbalized,bge-m3,a50c1577-9860-42e9-8658-3814063bd427,2,40,agent,0.49531471729278564,0.07894736842105263,0.0,,,,0,0
qwen32B-int4_retail_50runs,verbalized,bge-m3,a50c1577-9860-42e9-8658-3814063bd427,3,40,user,,,,,,0.3032355308532715,0,0
qwen32B-int4_retail_50runs,verbalized,bge-m3,a50c1577-9860-42e9-8658-3814063bd427,4,40,agent,0.5876371264457703,0.0425531914893617,0.0,0.5780094861984253,0.08222667127847672,,0,0
qwen32B-int4_retail_50runs,verbalized,bge-m3,a50c1577-9860-42e9-8658-3814063bd427,5,40,tool,,,,,,,0,0
qwen32B-int4_retail_50runs,verbalized,bge-m3,a50c1577-9860-42e9-8658-3814063bd427,6,40,agent,0.5812138319015503,0.22033898305084745,0.0,,,,0,0
qwen32B-int4_retail_50runs,verbalized,bge-m3,a50c1577-9860-42e9-8658-3814063bd427,7,40,user,,,,,,0.3769471049308777,0,0
qwen32B-int4_retail_50runs,verbalized,bge-m3,a50c1577-9860-42e9-8658-3814063bd427,8,40,agent,0.8046960830688477,0.3684210526315789,0.0,0.30636870861053467,-0.16754042729735374,,0,0
qwen32B-int4_retail_50runs,verbalized,bge-m3,a50c1577-9860-42e9-8658-3814063bd427,9,40,tool,,,,,,,0,0
qwen32B-int4_retail_50runs,verbalized,bge-m3,a50c1577-9860-42e9-8658-3814063bd427,10,40,agent,0.8445013165473938,0.31746031746031744,0.0,,,,0,0
qwen32B-int4_retail_50runs,verbalized,bge-m3,a50c1577-9860-42e9-8658-3814063bd427,11,40,user,,,,,,0.2899429202079773,0,0
qwen32B-int4_retail_50runs,verbalized,bge-m3,a50c1577-9860-42e9-8658-3814063bd427,12,40,agent,0.8561637997627258,0.4666666666666667,0.0,0.40901970863342285,-0.05579628050327301,,0,0
qwen32B-int4_retail_50runs,verbalized,bge-m3,a50c1577-9860-42e9-8658-3814063bd427,13,40,tool,,,,,,,0,0
qwen32B-int4_retail_50runs,verbalized,bge-m3,a50c1577-9860-42e9-8658-3814063bd427,14,40,agent,0.9175933003425598,0.3064516129032258,0.0,,,,0,0
qwen32B-int4_retail_50runs,verbalized,bge-m3,a50c1577-9860-42e9-8658-3814063bd427,15,40,user,,,,,,0.15922999382019043,0,0
qwen32B-int4_retail_50runs,verbalized,bge-m3,a50c1577-9860-42e9-8658-3814063bd427,16,40,agent,0.9842028617858887,0.6923076923076923,0.0,0.4207901954650879,-0.033806558698415756,,0,0
qwen32B-int4_retail_50runs,verbalized,bge-m3,a50c1577-9860-42e9-8658-3814063bd427,17,40,tool,,,,,,,0,0
qwen32B-int4_retail_50runs,verbalized,bge-m3,a50c1577-9860-42e9-8658-3814063bd427,18,40,agent,0.941547691822052,0.7045454545454546,0.0,,,,0,0
qwen32B-int4_retail_50runs,verbalized,bge-m3,a50c1577-9860-42e9-8658-3814063bd427,19,40,user,,,,,,0.17827045917510986,0,0
qwen32B-int4_retail_50runs,verbalized,bge-m3,a50c1577-9860-42e9-8658-3814063bd427,20,40,agent,0.9819605350494385,0.6923076923076923,0.0,0.3816928267478943,-0.08265479654073715,,0,0
qwen32B-int4_retail_50runs,verbalized,bge-m3,a50c1577-9860-42e9-8658-3814063bd427,21,40,tool,,,,,,,0,0
qwen32B-int4_retail_50runs,verbalized,bge-m3,a50c1577-9860-42e9-8658-3814063bd427,22,40,agent,0.8227763175964355,0.23157894736842105,0.0,,,,0,0
qwen32B-int4_retail_50runs,verbalized,bge-m3,a50c1577-9860-42e9-8658-3814063bd427,23,40,user,,,,,,0.14444470405578613,0,0
qwen32B-int4_retail_50runs,verbalized,bge-m3,a50c1577-9860-42e9-8658-3814063bd427,24,40,agent,0.7630870938301086,0.20430107526881722,0.0,0.2956128716468811,-0.1991959773004055,,0,0
qwen32B-int4_retail_50runs,verbalized,bge-m3,a50c1577-9860-42e9-8658-3814063bd427,25,40,tool,,,,,,,0,0
qwen32B-int4_retail_50runs,verbalized,bge-m3,a50c1577-9860-42e9-8658-3814063bd427,26,40,agent,0.8302194476127625,0.36633663366336633,0.0,,,,0,0
qwen32B-int4_retail_50runs,verbalized,bge-m3,a50c1577-9860-42e9-8658-3814063bd427,27,40,user,,,,,,0.1250070333480835,0,0
qwen32B-int4_retail_50runs,verbalized,bge-m3,a50c1577-9860-42e9-8658-3814063bd427,28,40,agent,0.571871280670166,0.013157894736842105,0.0,0.5016874074935913,0.11158357933163643,,0,0
qwen32B-int4_retail_50runs,verbalized,bge-m3,a50c1577-9860-42e9-8658-3814063bd427,29,40,tool,,,,,,,0,0
qwen32B-int4_retail_50runs,verbalized,bge-m3,a50c1577-9860-42e9-8658-3814063bd427,30,40,agent,0.8955685496330261,0.42857142857142855,0.0,,,,0,0
qwen32B-int4_retail_50runs,verbalized,bge-m3,a50c1577-9860-42e9-8658-3814063bd427,31,40,user,,,,,,0.22134852409362793,0,0
qwen32B-int4_retail_50runs,verbalized,bge-m3,a50c1577-9860-42e9-8658-3814063bd427,32,40,agent,0.8585605621337891,0.3333333333333333,0.0,0.42895978689193726,-0.022205300629138947,,0,0
qwen32B-int4_retail_50runs,verbalized,bge-m3,a50c1577-9860-42e9-8658-3814063bd427,33,40,tool,,,,,,,0,0
qwen32B-int4_retail_50runs,verbalized,bge-m3,a50c1577-9860-42e9-8658-3814063bd427,34,40,agent,0.8904057145118713,0.581081081081081,0.0,,,,0,0
qwen32B-int4_retail_50runs,verbalized,bge-m3,a50c1577-9860-42e9-8658-3814063bd427,35,40,user,,,,,,0.12870478630065918,0,0
qwen32B-int4_retail_50runs,verbalized,bge-m3,a50c1577-9860-42e9-8658-3814063bd427,36,40,agent,0.855582594871521,0.3333333333333333,0.0,0.28525853157043457,-0.12734057754278183,,0,0
qwen32B-int4_retail_50runs,verbalized,bge-m3,a50c1577-9860-42e9-8658-3814063bd427,37,40,tool,,,,,,,0,0
qwen32B-int4_retail_50runs,verbalized,bge-m3,a50c1577-9860-42e9-8658-3814063bd427,38,40,agent,0.834328293800354,0.29411764705882354,0.0,,,,0,0
qwen32B-int4_retail_50runs,verbalized,bge-m3,a50c1577-9860-42e9-8658-3814063bd427,39,40,user,,,,,,0.30346620082855225,0,0
qwen32B-int4_retail_50runs,verbalized,bge-m3,7ad4ffb0-0847-4bfc-9813-353d85f57b37,0,20,agent,,,,,,,0,0
qwen32B-int4_retail_50runs,verbalized,bge-m3,7ad4ffb0-0847-4bfc-9813-353d85f57b37,1,20,user,,,,,,0.3867603540420532,0,0
qwen32B-int4_retail_50runs,verbalized,bge-m3,7ad4ffb0-0847-4bfc-9813-353d85f57b37,2,20,agent,0.5610591769218445,0.14285714285714285,0.0,,,,0,0
qwen32B-int4_retail_50runs,verbalized,bge-m3,7ad4ffb0-0847-4bfc-9813-353d85f57b37,3,20,user,,,,,,0.4954735040664673,0,0
qwen32B-int4_retail_50runs,verbalized,bge-m3,7ad4ffb0-0847-4bfc-9813-353d85f57b37,4,20,agent,0.582715630531311,0.05405405405405406,0.0,0.554747074842453,0.08443581312894821,,0,0
qwen32B-int4_retail_50runs,verbalized,bge-m3,7ad4ffb0-0847-4bfc-9813-353d85f57b37,5,20,tool,,,,,,,0,0
qwen32B-int4_retail_50runs,verbalized,bge-m3,7ad4ffb0-0847-4bfc-9813-353d85f57b37,6,20,agent,0.8745740652084351,0.3888888888888889,0.0,0.3561219573020935,-0.1405535489320755,,0,0
qwen32B-int4_retail_50runs,verbalized,bge-m3,7ad4ffb0-0847-4bfc-9813-353d85f57b37,7,20,tool,,,,,,,0,0
qwen32B-int4_retail_50runs,verbalized,bge-m3,7ad4ffb0-0847-4bfc-9813-353d85f57b37,8,20,agent,0.4484396278858185,0.0,0.0,,,,0,0
qwen32B-int4_retail_50runs,verbalized,bge-m3,7ad4ffb0-0847-4bfc-9813-353d85f57b37,9,20,user,,,,,,0.3306528925895691,0,0
qwen32B-int4_retail_50runs,verbalized,bge-m3,7ad4ffb0-0847-4bfc-9813-353d85f57b37,10,20,agent,0.7785325050354004,0.16666666666666666,0.0,0.41883671283721924,-0.05310077220201492,,0,0
qwen32B-int4_retail_50runs,verbalized,bge-m3,7ad4ffb0-0847-4bfc-9813-353d85f57b37,11,20,tool,,,,,,,0,0
qwen32B-int4_retail_50runs,verbalized,bge-m3,7ad4ffb0-0847-4bfc-9813-353d85f57b37,12,20,agent,0.849364697933197,0.3902439024390244,0.0,0.43840885162353516,-0.06370711326599121,,0,0
qwen32B-int4_retail_50runs,verbalized,bge-m3,7ad4ffb0-0847-4bfc-9813-353d85f57b37,13,20,tool,,,,,,,0,0
qwen32B-int4_retail_50runs,verbalized,bge-m3,7ad4ffb0-0847-4bfc-9813-353d85f57b37,14,20,agent,0.8358002305030823,0.275,0.0,,,,0,0
qwen32B-int4_retail_50runs,verbalized,bge-m3,7ad4ffb0-0847-4bfc-9813-353d85f57b37,15,20,user,,,,,,0.6239433288574219,0,0
qwen32B-int4_retail_50runs,verbalized,bge-m3,7ad4ffb0-0847-4bfc-9813-353d85f57b37,16,20,agent,0.6681714057922363,0.03614457831325301,0.0,0.46536117792129517,0.05312148481607437,,0,0
qwen32B-int4_retail_50runs,verbalized,bge-m3,7ad4ffb0-0847-4bfc-9813-353d85f57b37,17,20,tool,,,,,,,0,0
qwen32B-int4_retail_50runs,verbalized,bge-m3,7ad4ffb0-0847-4bfc-9813-353d85f57b37,18,20,agent,0.9037200808525085,0.5609756097560976,0.0,,,,0,0
qwen32B-int4_retail_50runs,verbalized,bge-m3,7ad4ffb0-0847-4bfc-9813-353d85f57b37,19,20,user,,,,,,0.3838256001472473,0,0
qwen32B-int4_retail_50runs,verbalized,bge-m3,849bb9f8-95a2-44d0-a2fb-b7a41d9c38aa,0,76,agent,,,,,,,0,1
qwen32B-int4_retail_50runs,verbalized,bge-m3,849bb9f8-95a2-44d0-a2fb-b7a41d9c38aa,1,76,user,,,,,,0.3888466954231262,0,1
qwen32B-int4_retail_50runs,verbalized,bge-m3,849bb9f8-95a2-44d0-a2fb-b7a41d9c38aa,2,76,agent,0.5683460831642151,0.12903225806451613,0.0,,,,0,1
qwen32B-int4_retail_50runs,verbalized,bge-m3,849bb9f8-95a2-44d0-a2fb-b7a41d9c38aa,3,76,user,,,,,,0.46347278356552124,0,1
qwen32B-int4_retail_50runs,verbalized,bge-m3,849bb9f8-95a2-44d0-a2fb-b7a41d9c38aa,4,76,agent,0.6284372806549072,0.04878048780487805,0.0,0.5920252203941345,0.07716961117351762,,0,1
qwen32B-int4_retail_50runs,verbalized,bge-m3,849bb9f8-95a2-44d0-a2fb-b7a41d9c38aa,5,76,tool,,,,,,,0,1
qwen32B-int4_retail_50runs,verbalized,bge-m3,849bb9f8-95a2-44d0-a2fb-b7a41d9c38aa,6,76,agent,0.549785315990448,0.21568627450980393,0.0,,,,0,1
qwen32B-int4_retail_50runs,verbalized,bge-m3,849bb9f8-95a2-44d0-a2fb-b7a41d9c38aa,7,76,user,,,,,,0.27931445837020874,0,1
qwen32B-int4_retail_50runs,verbalized,bge-m3,849bb9f8-95a2-44d0-a2fb-b7a41d9c38aa,8,76,agent,0.7277103066444397,0.3684210526315789,0.0,0.4667541980743408,-0.04185029689003439,,0,1
qwen32B-int4_retail_50runs,verbalized,bge-m3,849bb9f8-95a2-44d0-a2fb-b7a41d9c38aa,9,76,tool,,,,,,,0,1
qwen32B-int4_retail_50runs,verbalized,bge-m3,849bb9f8-95a2-44d0-a2fb-b7a41d9c38aa,10,76,agent,0.6684834957122803,0.23636363636363636,0.0,,,,0,1
qwen32B-int4_retail_50runs,verbalized,bge-m3,849bb9f8-95a2-44d0-a2fb-b7a41d9c38aa,11,76,user,,,,,,0.20570790767669678,0,1
qwen32B-int4_retail_50runs,verbalized,bge-m3,849bb9f8-95a2-44d0-a2fb-b7a41d9c38aa,12,76,agent,0.9597997665405273,0.6923076923076923,0.0,0.4815880060195923,-0.03793150186538696,,0,1
qwen32B-int4_retail_50runs,verbalized,bge-m3,849bb9f8-95a2-44d0-a2fb-b7a41d9c38aa,13,76,tool,,,,,,,0,1
qwen32B-int4_retail_50runs,verbalized,bge-m3,849bb9f8-95a2-44d0-a2fb-b7a41d9c38aa,14,76,agent,0.8630896806716919,0.2962962962962963,0.0,,,,0,1
qwen32B-int4_retail_50runs,verbalized,bge-m3,849bb9f8-95a2-44d0-a2fb-b7a41d9c38aa,15,76,user,,,,,,0.2814309597015381,0,1
qwen32B-int4_retail_50runs,verbalized,bge-m3,849bb9f8-95a2-44d0-a2fb-b7a41d9c38aa,16,76,agent,0.8622283339500427,0.4666666666666667,0.0,0.31369632482528687,-0.19600659082917604,,0,1
qwen32B-int4_retail_50runs,verbalized,bge-m3,849bb9f8-95a2-44d0-a2fb-b7a41d9c38aa,17,76,tool,,,,,,,0,1
qwen32B-int4_retail_50runs,verbalized,bge-m3,849bb9f8-95a2-44d0-a2fb-b7a41d9c38aa,18,76,agent,0.6852285861968994,0.12121212121212122,0.0,,,,0,1
qwen32B-int4_retail_50runs,verbalized,bge-m3,849bb9f8-95a2-44d0-a2fb-b7a41d9c38aa,19,76,user,,,,,,0.16508454084396362,0,1
qwen32B-int4_retail_50runs,verbalized,bge-m3,849bb9f8-95a2-44d0-a2fb-b7a41d9c38aa,20,76,agent,0.8691059350967407,0.4666666666666667,0.0,0.4298621416091919,-0.07884083074681902,,0,1
qwen32B-int4_retail_50runs,verbalized,bge-m3,849bb9f8-95a2-44d0-a2fb-b7a41d9c38aa,21,76,tool,,,,,,,0,1
qwen32B-int4_retail_50runs,verbalized,bge-m3,849bb9f8-95a2-44d0-a2fb-b7a41d9c38aa,22,76,agent,0.8200623989105225,0.2125,0.0,,,,0,1
qwen32B-int4_retail_50runs,verbalized,bge-m3,849bb9f8-95a2-44d0-a2fb-b7a41d9c38aa,23,76,user,,,,,,0.17098885774612427,0,1
qwen32B-int4_retail_50runs,verbalized,bge-m3,849bb9f8-95a2-44d0-a2fb-b7a41d9c38aa,24,76,agent,0.9641048312187195,0.6923076923076923,0.0,0.4007800221443176,-0.10903361790320454,,0,1
qwen32B-int4_retail_50runs,verbalized,bge-m3,849bb9f8-95a2-44d0-a2fb-b7a41d9c38aa,25,76,tool,,,,,,,0,1
qwen32B-int4_retail_50runs,verbalized,bge-m3,849bb9f8-95a2-44d0-a2fb-b7a41d9c38aa,26,76,agent,0.8566529154777527,0.358695652173913,0.0,,,,0,1
qwen32B-int4_retail_50runs,verbalized,bge-m3,849bb9f8-95a2-44d0-a2fb-b7a41d9c38aa,27,76,user,,,,,,0.1904049515724182,0,1
qwen32B-int4_retail_50runs,verbalized,bge-m3,849bb9f8-95a2-44d0-a2fb-b7a41d9c38aa,28,76,agent,0.9794772267341614,0.8333333333333334,0.8333333333333334,0.4164636731147766,-0.10067227307487936,,0,1
qwen32B-int4_retail_50runs,verbalized,bge-m3,849bb9f8-95a2-44d0-a2fb-b7a41d9c38aa,29,76,tool,,,,,,,0,1
qwen32B-int4_retail_50runs,verbalized,bge-m3,849bb9f8-95a2-44d0-a2fb-b7a41d9c38aa,30,76,agent,0.9533149003982544,0.4945054945054945,0.0,,,,0,1
qwen32B-int4_retail_50runs,verbalized,bge-m3,849bb9f8-95a2-44d0-a2fb-b7a41d9c38aa,31,76,user,,,,,,0.26286154985427856,0,1
qwen32B-int4_retail_50runs,verbalized,bge-m3,849bb9f8-95a2-44d0-a2fb-b7a41d9c38aa,32,76,agent,0.7490187883377075,0.24719101123595505,0.0,,,,0,1
qwen32B-int4_retail_50runs,verbalized,bge-m3,849bb9f8-95a2-44d0-a2fb-b7a41d9c38aa,33,76,user,,,,,,0.2755732536315918,0,1
qwen32B-int4_retail_50runs,verbalized,bge-m3,849bb9f8-95a2-44d0-a2fb-b7a41d9c38aa,34,76,agent,0.47724249958992004,0.0196078431372549,0.0,0.30417728424072266,-0.20049419297891502,,0,1
qwen32B-int4_retail_50runs,verbalized,bge-m3,849bb9f8-95a2-44d0-a2fb-b7a41d9c38aa,35,76,tool,,,,,,,0,1
qwen32B-int4_retail_50runs,verbalized,bge-m3,849bb9f8-95a2-44d0-a2fb-b7a41d9c38aa,36,76,agent,0.6868775486946106,0.23943661971830985,0.0,,,,0,1
qwen32B-int4_retail_50runs,verbalized,bge-m3,849bb9f8-95a2-44d0-a2fb-b7a41d9c38aa,37,76,user,,,,,,0.2927623987197876,0,1
qwen32B-int4_retail_50runs,verbalized,bge-m3,849bb9f8-95a2-44d0-a2fb-b7a41d9c38aa,38,76,agent,0.8528995513916016,0.4666666666666667,0.0,0.383699893951416,-0.12571170750786276,,0,1
qwen32B-int4_retail_50runs,verbalized,bge-m3,849bb9f8-95a2-44d0-a2fb-b7a41d9c38aa,39,76,tool,,,,,,,0,1
qwen32B-int4_retail_50runs,verbalized,bge-m3,849bb9f8-95a2-44d0-a2fb-b7a41d9c38aa,40,76,agent,0.657249927520752,0.1978021978021978,0.0,,,,0,1
qwen32B-int4_retail_50runs,verbalized,bge-m3,849bb9f8-95a2-44d0-a2fb-b7a41d9c38aa,41,76,user,,,,,,0.18742597103118896,0,1
qwen32B-int4_retail_50runs,verbalized,bge-m3,849bb9f8-95a2-44d0-a2fb-b7a41d9c38aa,42,76,agent,0.8704842329025269,0.47368421052631576,0.0,0.4702951908111572,-0.020727152333540055,,0,1
qwen32B-int4_retail_50runs,verbalized,bge-m3,849bb9f8-95a2-44d0-a2fb-b7a41d9c38aa,43,76,tool,,,,,,,0,1
qwen32B-int4_retail_50runs,verbalized,bge-m3,849bb9f8-95a2-44d0-a2fb-b7a41d9c38aa,44,76,agent,0.7990706562995911,0.24691358024691357,0.0,,,,0,1
qwen32B-int4_retail_50runs,verbalized,bge-m3,849bb9f8-95a2-44d0-a2fb-b7a41d9c38aa,45,76,user,,,,,,0.2210702896118164,0,1
qwen32B-int4_retail_50runs,verbalized,bge-m3,849bb9f8-95a2-44d0-a2fb-b7a41d9c38aa,46,76,agent,0.9834197163581848,0.8,0.0,0.5979355573654175,0.12476048048804789,,0,1
qwen32B-int4_retail_50runs,verbalized,bge-m3,849bb9f8-95a2-44d0-a2fb-b7a41d9c38aa,47,76,tool,,,,,,,0,1
qwen32B-int4_retail_50runs,verbalized,bge-m3,849bb9f8-95a2-44d0-a2fb-b7a41d9c38aa,48,76,agent,0.8165027499198914,0.3125,0.0,,,,0,1
qwen32B-int4_retail_50runs,verbalized,bge-m3,849bb9f8-95a2-44d0-a2fb-b7a41d9c38aa,49,76,user,,,,,,0.10319805145263672,0,1
qwen32B-int4_retail_50runs,verbalized,bge-m3,849bb9f8-95a2-44d0-a2fb-b7a41d9c38aa,50,76,agent,0.8488873243331909,0.30434782608695654,0.0,0.439816951751709,-0.05958794846254234,,0,1
qwen32B-int4_retail_50runs,verbalized,bge-m3,849bb9f8-95a2-44d0-a2fb-b7a41d9c38aa,51,76,tool,,,,,,,0,1
qwen32B-int4_retail_50runs,verbalized,bge-m3,849bb9f8-95a2-44d0-a2fb-b7a41d9c38aa,52,76,agent,0.7803770899772644,0.22580645161290322,0.0,,,,0,1
qwen32B-int4_retail_50runs,verbalized,bge-m3,849bb9f8-95a2-44d0-a2fb-b7a41d9c38aa,53,76,user,,,,,,0.22210478782653809,0,1
qwen32B-int4_retail_50runs,verbalized,bge-m3,849bb9f8-95a2-44d0-a2fb-b7a41d9c38aa,54,76,agent,0.8606061935424805,0.30434782608695654,0.0,0.6017804741859436,0.12215639738475575,,0,1
qwen32B-int4_retail_50runs,verbalized,bge-m3,849bb9f8-95a2-44d0-a2fb-b7a41d9c38aa,55,76,tool,,,,,,,0,1
qwen32B-int4_retail_50runs,verbalized,bge-m3,849bb9f8-95a2-44d0-a2fb-b7a41d9c38aa,56,76,agent,0.6101991534233093,0.14130434782608695,0.0,,,,0,1
qwen32B-int4_retail_50runs,verbalized,bge-m3,849bb9f8-95a2-44d0-a2fb-b7a41d9c38aa,57,76,user,,,,,,0.24333858489990234,0,1
qwen32B-int4_retail_50runs,verbalized,bge-m3,849bb9f8-95a2-44d0-a2fb-b7a41d9c38aa,58,76,agent,0.98801189661026,0.8095238095238095,0.0,0.5994422733783722,0.1251053354319404,,0,1
qwen32B-int4_retail_50runs,verbalized,bge-m3,849bb9f8-95a2-44d0-a2fb-b7a41d9c38aa,59,76,tool,,,,,,,0,1
qwen32B-int4_retail_50runs,verbalized,bge-m3,849bb9f8-95a2-44d0-a2fb-b7a41d9c38aa,60,76,agent,0.9358150959014893,0.5957446808510638,0.0,,,,0,1
qwen32B-int4_retail_50runs,verbalized,bge-m3,849bb9f8-95a2-44d0-a2fb-b7a41d9c38aa,61,76,user,,,,,,0.23427486419677734,0,1
qwen32B-int4_retail_50runs,verbalized,bge-m3,849bb9f8-95a2-44d0-a2fb-b7a41d9c38aa,62,76,agent,0.9906488656997681,0.8095238095238095,0.0,0.6037487089633942,0.12554201133110943,,0,1
qwen32B-int4_retail_50runs,verbalized,bge-m3,849bb9f8-95a2-44d0-a2fb-b7a41d9c38aa,63,76,tool,,,,,,,0,1
qwen32B-int4_retail_50runs,verbalized,bge-m3,849bb9f8-95a2-44d0-a2fb-b7a41d9c38aa,64,76,agent,0.9658388495445251,0.6981132075471698,0.0,,,,0,1
qwen32B-int4_retail_50runs,verbalized,bge-m3,849bb9f8-95a2-44d0-a2fb-b7a41d9c38aa,65,76,user,,,,,,0.24176108837127686,0,1
qwen32B-int4_retail_50runs,verbalized,bge-m3,849bb9f8-95a2-44d0-a2fb-b7a41d9c38aa,66,76,agent,0.9881359338760376,0.8095238095238095,0.0,0.5989420413970947,0.12212310117833752,,0,1
qwen32B-int4_retail_50runs,verbalized,bge-m3,849bb9f8-95a2-44d0-a2fb-b7a41d9c38aa,67,76,tool,,,,,,,0,1
qwen32B-int4_retail_50runs,verbalized,bge-m3,849bb9f8-95a2-44d0-a2fb-b7a41d9c38aa,68,76,agent,0.9793331623077393,0.7246376811594203,0.0,,,,0,1
qwen32B-int4_retail_50runs,verbalized,bge-m3,849bb9f8-95a2-44d0-a2fb-b7a41d9c38aa,69,76,user,,,,,,0.25126683712005615,0,1
qwen32B-int4_retail_50runs,verbalized,bge-m3,849bb9f8-95a2-44d0-a2fb-b7a41d9c38aa,70,76,agent,0.9954239130020142,0.8095238095238095,0.0,0.6041845381259918,0.12420137138927684,,0,1
qwen32B-int4_retail_50runs,verbalized,bge-m3,849bb9f8-95a2-44d0-a2fb-b7a41d9c38aa,71,76,tool,,,,,,,0,1
qwen32B-int4_retail_50runs,verbalized,bge-m3,849bb9f8-95a2-44d0-a2fb-b7a41d9c38aa,72,76,agent,0.8574084043502808,0.3717948717948718,0.0,0.47541940212249756,-0.017427682876586914,,0,1
qwen32B-int4_retail_50runs,verbalized,bge-m3,849bb9f8-95a2-44d0-a2fb-b7a41d9c38aa,73,76,tool,,,,,,,0,1
qwen32B-int4_retail_50runs,verbalized,bge-m3,849bb9f8-95a2-44d0-a2fb-b7a41d9c38aa,74,76,agent,0.6102362871170044,0.1111111111111111,0.0,,,,0,1
qwen32B-int4_retail_50runs,verbalized,bge-m3,849bb9f8-95a2-44d0-a2fb-b7a41d9c38aa,75,76,user,,,,,,0.3656492233276367,0,1
qwen32B-int4_retail_50runs,verbalized,bge-m3,6d13888f-1191-4411-879a-1fcc8f32ffa3,0,44,agent,,,,,,,0,0
qwen32B-int4_retail_50runs,verbalized,bge-m3,6d13888f-1191-4411-879a-1fcc8f32ffa3,1,44,user,,,,,,0.4998275637626648,0,0
qwen32B-int4_retail_50runs,verbalized,bge-m3,6d13888f-1191-4411-879a-1fcc8f32ffa3,2,44,agent,0.49531471729278564,0.07894736842105263,0.0,,,,0,0
qwen32B-int4_retail_50runs,verbalized,bge-m3,6d13888f-1191-4411-879a-1fcc8f32ffa3,3,44,user,,,,,,0.3955157399177551,0,0
qwen32B-int4_retail_50runs,verbalized,bge-m3,6d13888f-1191-4411-879a-1fcc8f32ffa3,4,44,agent,0.589698314666748,0.0425531914893617,0.0,0.5891356468200684,0.10953986975881791,,0,0
qwen32B-int4_retail_50runs,verbalized,bge-m3,6d13888f-1191-4411-879a-1fcc8f32ffa3,5,44,tool,,,,,,,0,0
qwen32B-int4_retail_50runs,verbalized,bge-m3,6d13888f-1191-4411-879a-1fcc8f32ffa3,6,44,agent,0.8177240490913391,0.3684210526315789,0.0,0.31015366315841675,-0.15887611111005145,,0,0
qwen32B-int4_retail_50runs,verbalized,bge-m3,6d13888f-1191-4411-879a-1fcc8f32ffa3,7,44,tool,,,,,,,0,0
qwen32B-int4_retail_50runs,verbalized,bge-m3,6d13888f-1191-4411-879a-1fcc8f32ffa3,8,44,agent,0.5499028563499451,0.03508771929824561,0.0,,,,0,0
qwen32B-int4_retail_50runs,verbalized,bge-m3,6d13888f-1191-4411-879a-1fcc8f32ffa3,9,44,user,,,,,,0.31189000606536865,0,0
qwen32B-int4_retail_50runs,verbalized,bge-m3,6d13888f-1191-4411-879a-1fcc8f32ffa3,10,44,agent,0.7986164689064026,0.4482758620689655,0.0,,,,0,0
qwen32B-int4_retail_50runs,verbalized,bge-m3,6d13888f-1191-4411-879a-1fcc8f32ffa3,11,44,user,,,,,,0.3087282180786133,0,0
qwen32B-int4_retail_50runs,verbalized,bge-m3,6d13888f-1191-4411-879a-1fcc8f32ffa3,12,44,agent,0.5490382313728333,0.02,0.0,0.4607635736465454,0.022100279728571592,,0,0
qwen32B-int4_retail_50runs,verbalized,bge-m3,6d13888f-1191-4411-879a-1fcc8f32ffa3,13,44,tool,,,,,,,0,0
qwen32B-int4_retail_50runs,verbalized,bge-m3,6d13888f-1191-4411-879a-1fcc8f32ffa3,14,44,agent,0.6325840950012207,0.17391304347826086,0.0,,,,0,0
qwen32B-int4_retail_50runs,verbalized,bge-m3,6d13888f-1191-4411-879a-1fcc8f32ffa3,15,44,user,,,,,,0.09691280126571655,0,0
qwen32B-int4_retail_50runs,verbalized,bge-m3,6d13888f-1191-4411-879a-1fcc8f32ffa3,16,44,agent,0.9811562299728394,0.8333333333333334,0.8333333333333334,0.4633527994155884,0.017388668325212242,,0,0
qwen32B-int4_retail_50runs,verbalized,bge-m3,6d13888f-1191-4411-879a-1fcc8f32ffa3,17,44,tool,,,,,,,0,0
qwen32B-int4_retail_50runs,verbalized,bge-m3,6d13888f-1191-4411-879a-1fcc8f32ffa3,18,44,agent,0.7885485887527466,0.3548387096774194,0.0,,,,0,0
qwen32B-int4_retail_50runs,verbalized,bge-m3,6d13888f-1191-4411-879a-1fcc8f32ffa3,19,44,user,,,,,,0.4155775308609009,0,0
qwen32B-int4_retail_50runs,verbalized,bge-m3,6d13888f-1191-4411-879a-1fcc8f32ffa3,20,44,agent,0.8574790954589844,0.4666666666666667,0.0,0.3069435954093933,-0.1554867923259735,,0,0
qwen32B-int4_retail_50runs,verbalized,bge-m3,6d13888f-1191-4411-879a-1fcc8f32ffa3,21,44,tool,,,,,,,0,0
qwen32B-int4_retail_50runs,verbalized,bge-m3,6d13888f-1191-4411-879a-1fcc8f32ffa3,22,44,agent,0.6337433457374573,0.12658227848101267,0.0,,,,0,0
qwen32B-int4_retail_50runs,verbalized,bge-m3,6d13888f-1191-4411-879a-1fcc8f32ffa3,23,44,user,,,,,,0.17317479848861694,0,0
qwen32B-int4_retail_50runs,verbalized,bge-m3,6d13888f-1191-4411-879a-1fcc8f32ffa3,24,44,agent,0.8703927397727966,0.4666666666666667,0.0,0.4102097153663635,-0.03678483102056718,,0,0
qwen32B-int4_retail_50runs,verbalized,bge-m3,6d13888f-1191-4411-879a-1fcc8f32ffa3,25,44,tool,,,,,,,0,0
qwen32B-int4_retail_50runs,verbalized,bge-m3,6d13888f-1191-4411-879a-1fcc8f32ffa3,26,44,agent,0.8403183817863464,0.2564102564102564,0.0,,,,0,0
qwen32B-int4_retail_50runs,verbalized,bge-m3,6d13888f-1191-4411-879a-1fcc8f32ffa3,27,44,user,,,,,,0.2755230665206909,0,0
qwen32B-int4_retail_50runs,verbalized,bge-m3,6d13888f-1191-4411-879a-1fcc8f32ffa3,28,44,agent,0.975522518157959,0.6923076923076923,0.0,0.4284546971321106,-0.011318905486000896,,0,0
qwen32B-int4_retail_50runs,verbalized,bge-m3,6d13888f-1191-4411-879a-1fcc8f32ffa3,29,44,tool,,,,,,,0,0
qwen32B-int4_retail_50runs,verbalized,bge-m3,6d13888f-1191-4411-879a-1fcc8f32ffa3,30,44,agent,0.8263646960258484,0.5342465753424658,0.0,,,,0,0
qwen32B-int4_retail_50runs,verbalized,bge-m3,6d13888f-1191-4411-879a-1fcc8f32ffa3,31,44,user,,,,,,0.30215537548065186,0,0
qwen32B-int4_retail_50runs,verbalized,bge-m3,6d13888f-1191-4411-879a-1fcc8f32ffa3,32,44,agent,0.7734981775283813,0.21621621621621623,0.0,0.37825119495391846,-0.08405459589428371,,0,0
qwen32B-int4_retail_50runs,verbalized,bge-m3,6d13888f-1191-4411-879a-1fcc8f32ffa3,33,44,tool,,,,,,,0,0
qwen32B-int4_retail_50runs,verbalized,bge-m3,6d13888f-1191-4411-879a-1fcc8f32ffa3,34,44,agent,0.7837994694709778,0.25,0.0,,,,0,0
qwen32B-int4_retail_50runs,verbalized,bge-m3,6d13888f-1191-4411-879a-1fcc8f32ffa3,35,44,user,,,,,,0.20771026611328125,0,0
qwen32B-int4_retail_50runs,verbalized,bge-m3,6d13888f-1191-4411-879a-1fcc8f32ffa3,36,44,agent,0.7872107028961182,0.21621621621621623,0.0,0.2892880439758301,-0.2830590870645311,,0,0
qwen32B-int4_retail_50runs,verbalized,bge-m3,6d13888f-1191-4411-879a-1fcc8f32ffa3,37,44,tool,,,,,,,0,0
qwen32B-int4_retail_50runs,verbalized,bge-m3,6d13888f-1191-4411-879a-1fcc8f32ffa3,38,44,agent,0.9016731381416321,0.41304347826086957,0.0,,,,0,0
qwen32B-int4_retail_50runs,verbalized,bge-m3,6d13888f-1191-4411-879a-1fcc8f32ffa3,39,44,user,,,,,,0.44334840774536133,0,0
qwen32B-int4_retail_50runs,verbalized,bge-m3,6d13888f-1191-4411-879a-1fcc8f32ffa3,40,44,agent,0.4838610291481018,0.0379746835443038,0.0,0.286068856716156,-0.13014229800966048,,0,0
qwen32B-int4_retail_50runs,verbalized,bge-m3,6d13888f-1191-4411-879a-1fcc8f32ffa3,41,44,tool,,,,,,,0,0
qwen32B-int4_retail_50runs,verbalized,bge-m3,6d13888f-1191-4411-879a-1fcc8f32ffa3,42,44,agent,0.8440045714378357,0.27,0.0,,,,0,0
qwen32B-int4_retail_50runs,verbalized,bge-m3,6d13888f-1191-4411-879a-1fcc8f32ffa3,43,44,user,,,,,,0.48266977071762085,0,0
qwen32B-int4_retail_50runs,verbalized,bge-m3,5249670c-1694-4c92-92f0-1a4d72f4d1f2,0,20,agent,,,,,,,0,1
qwen32B-int4_retail_50runs,verbalized,bge-m3,5249670c-1694-4c92-92f0-1a4d72f4d1f2,1,20,user,,,,,,0.39919424057006836,0,1
qwen32B-int4_retail_50runs,verbalized,bge-m3,5249670c-1694-4c92-92f0-1a4d72f4d1f2,2,20,agent,0.5610591769218445,0.14285714285714285,0.0,,,,0,1
qwen32B-int4_retail_50runs,verbalized,bge-m3,5249670c-1694-4c92-92f0-1a4d72f4d1f2,3,20,user,,,,,,0.4756138324737549,0,1
qwen32B-int4_retail_50runs,verbalized,bge-m3,5249670c-1694-4c92-92f0-1a4d72f4d1f2,4,20,agent,0.5776886940002441,0.05405405405405406,0.0,0.5652424097061157,0.11912858486175537,,0,1
qwen32B-int4_retail_50runs,verbalized,bge-m3,5249670c-1694-4c92-92f0-1a4d72f4d1f2,5,20,tool,,,,,,,0,1
qwen32B-int4_retail_50runs,verbalized,bge-m3,5249670c-1694-4c92-92f0-1a4d72f4d1f2,6,20,agent,0.8632533550262451,0.3888888888888889,0.0,0.3562682867050171,-0.10812530914942425,,0,1
qwen32B-int4_retail_50runs,verbalized,bge-m3,5249670c-1694-4c92-92f0-1a4d72f4d1f2,7,20,tool,,,,,,,0,1
qwen32B-int4_retail_50runs,verbalized,bge-m3,5249670c-1694-4c92-92f0-1a4d72f4d1f2,8,20,agent,0.4893290102481842,0.0,0.0,,,,0,1
qwen32B-int4_retail_50runs,verbalized,bge-m3,5249670c-1694-4c92-92f0-1a4d72f4d1f2,9,20,user,,,,,,0.31326615810394287,0,1
qwen32B-int4_retail_50runs,verbalized,bge-m3,5249670c-1694-4c92-92f0-1a4d72f4d1f2,10,20,agent,0.7817164063453674,0.28846153846153844,0.0,,,,0,1
qwen32B-int4_retail_50runs,verbalized,bge-m3,5249670c-1694-4c92-92f0-1a4d72f4d1f2,11,20,user,,,,,,0.27229058742523193,0,1
qwen32B-int4_retail_50runs,verbalized,bge-m3,5249670c-1694-4c92-92f0-1a4d72f4d1f2,12,20,agent,0.813819944858551,0.43661971830985913,0.0,,,,0,1
qwen32B-int4_retail_50runs,verbalized,bge-m3,5249670c-1694-4c92-92f0-1a4d72f4d1f2,13,20,user,,,,,,0.3035625219345093,0,1
qwen32B-int4_retail_50runs,verbalized,bge-m3,5249670c-1694-4c92-92f0-1a4d72f4d1f2,14,20,agent,0.5711806416511536,0.018518518518518517,0.0,0.395685076713562,-0.11023105184237159,,0,1
qwen32B-int4_retail_50runs,verbalized,bge-m3,5249670c-1694-4c92-92f0-1a4d72f4d1f2,15,20,tool,,,,,,,0,1
qwen32B-int4_retail_50runs,verbalized,bge-m3,5249670c-1694-4c92-92f0-1a4d72f4d1f2,16,20,agent,0.9694124460220337,0.6923076923076923,0.0,0.436653196811676,-0.05764278769493103,,0,1
qwen32B-int4_retail_50runs,verbalized,bge-m3,5249670c-1694-4c92-92f0-1a4d72f4d1f2,17,20,tool,,,,,,,0,1
qwen32B-int4_retail_50runs,verbalized,bge-m3,5249670c-1694-4c92-92f0-1a4d72f4d1f2,18,20,agent,0.5209349989891052,0.014492753623188406,0.0,,,,0,1
qwen32B-int4_retail_50runs,verbalized,bge-m3,5249670c-1694-4c92-92f0-1a4d72f4d1f2,19,20,user,,,,,,0.5480195879936218,0,1
qwen32B-int4_retail_50runs,verbalized,bge-m3,ae5d30fa-1a96-4d24-8d37-2f2b7ff579ce,0,18,agent,,,,,,,0,0
qwen32B-int4_retail_50runs,verbalized,bge-m3,ae5d30fa-1a96-4d24-8d37-2f2b7ff579ce,1,18,user,,,,,,0.432935893535614,0,0
qwen32B-int4_retail_50runs,verbalized,bge-m3,ae5d30fa-1a96-4d24-8d37-2f2b7ff579ce,2,18,agent,0.5683461427688599,0.12903225806451613,0.0,,,,0,0
qwen32B-int4_retail_50runs,verbalized,bge-m3,ae5d30fa-1a96-4d24-8d37-2f2b7ff579ce,3,18,user,,,,,,0.382806658744812,0,0
qwen32B-int4_retail_50runs,verbalized,bge-m3,ae5d30fa-1a96-4d24-8d37-2f2b7ff579ce,4,18,agent,0.5708563923835754,0.05,0.0,0.5742800533771515,0.09431062142054242,,0,0
qwen32B-int4_retail_50runs,verbalized,bge-m3,ae5d30fa-1a96-4d24-8d37-2f2b7ff579ce,5,18,tool,,,,,,,0,0
qwen32B-int4_retail_50runs,verbalized,bge-m3,ae5d30fa-1a96-4d24-8d37-2f2b7ff579ce,6,18,agent,0.8682831525802612,0.3888888888888889,0.0,0.3513050079345703,-0.14879418412844336,,0,0
qwen32B-int4_retail_50runs,verbalized,bge-m3,ae5d30fa-1a96-4d24-8d37-2f2b7ff579ce,7,18,tool,,,,,,,0,0
qwen32B-int4_retail_50runs,verbalized,bge-m3,ae5d30fa-1a96-4d24-8d37-2f2b7ff579ce,8,18,agent,0.4764683246612549,0.047619047619047616,0.0,,,,0,0
qwen32B-int4_retail_50runs,verbalized,bge-m3,ae5d30fa-1a96-4d24-8d37-2f2b7ff579ce,9,18,user,,,,,,0.40554940700531006,0,0
qwen32B-int4_retail_50runs,verbalized,bge-m3,ae5d30fa-1a96-4d24-8d37-2f2b7ff579ce,10,18,agent,0.8535173535346985,0.4666666666666667,0.0,0.38904762268066406,-0.15697382887204492,,0,0
qwen32B-int4_retail_50runs,verbalized,bge-m3,ae5d30fa-1a96-4d24-8d37-2f2b7ff579ce,11,18,tool,,,,,,,0,0
qwen32B-int4_retail_50runs,verbalized,bge-m3,ae5d30fa-1a96-4d24-8d37-2f2b7ff579ce,12,18,agent,0.6554873585700989,0.171875,0.0,,,,0,0
qwen32B-int4_retail_50runs,verbalized,bge-m3,ae5d30fa-1a96-4d24-8d37-2f2b7ff579ce,13,18,user,,,,,,0.2801603078842163,0,0
qwen32B-int4_retail_50runs,verbalized,bge-m3,ae5d30fa-1a96-4d24-8d37-2f2b7ff579ce,14,18,agent,0.8886925578117371,0.5,0.0,0.46565037965774536,0.026859780152638735,,0,0
qwen32B-int4_retail_50runs,verbalized,bge-m3,ae5d30fa-1a96-4d24-8d37-2f2b7ff579ce,15,18,tool,,,,,,,0,0
qwen32B-int4_retail_50runs,verbalized,bge-m3,ae5d30fa-1a96-4d24-8d37-2f2b7ff579ce,16,18,agent,0.6299335956573486,0.1566265060240964,0.0,,,,0,0
qwen32B-int4_retail_50runs,verbalized,bge-m3,ae5d30fa-1a96-4d24-8d37-2f2b7ff579ce,17,18,user,,,,,,0.6283813416957855,0,0
qwen32B-int4_retail_50runs,verbalized,bge-m3,cef8fe91-0da6-4a68-a0a6-3aaf53832f22,0,26,agent,,,,,,,0,0
qwen32B-int4_retail_50runs,verbalized,bge-m3,cef8fe91-0da6-4a68-a0a6-3aaf53832f22,1,26,user,,,,,,0.4476243257522583,0,0
qwen32B-int4_retail_50runs,verbalized,bge-m3,cef8fe91-0da6-4a68-a0a6-3aaf53832f22,2,26,agent,0.5683461427688599,0.12903225806451613,0.0,,,,0,0
qwen32B-int4_retail_50runs,verbalized,bge-m3,cef8fe91-0da6-4a68-a0a6-3aaf53832f22,3,26,user,,,,,,0.3910300135612488,0,0
qwen32B-int4_retail_50runs,verbalized,bge-m3,cef8fe91-0da6-4a68-a0a6-3aaf53832f22,4,26,agent,0.5796206593513489,0.05,0.0,0.5682113170623779,0.08361435681581497,,0,0
qwen32B-int4_retail_50runs,verbalized,bge-m3,cef8fe91-0da6-4a68-a0a6-3aaf53832f22,5,26,tool,,,,,,,0,0
qwen32B-int4_retail_50runs,verbalized,bge-m3,cef8fe91-0da6-4a68-a0a6-3aaf53832f22,6,26,agent,0.865641713142395,0.3888888888888889,0.0,0.34457850456237793,-0.14611702412366867,,0,0
qwen32B-int4_retail_50runs,verbalized,bge-m3,cef8fe91-0da6-4a68-a0a6-3aaf53832f22,7,26,tool,,,,,,,0,0
qwen32B-int4_retail_50runs,verbalized,bge-m3,cef8fe91-0da6-4a68-a0a6-3aaf53832f22,8,26,agent,0.4654586613178253,0.043478260869565216,0.0,,,,0,0
qwen32B-int4_retail_50runs,verbalized,bge-m3,cef8fe91-0da6-4a68-a0a6-3aaf53832f22,9,26,user,,,,,,0.3018677234649658,0,0
qwen32B-int4_retail_50runs,verbalized,bge-m3,cef8fe91-0da6-4a68-a0a6-3aaf53832f22,10,26,agent,0.5964835286140442,0.18867924528301888,0.0,0.42376840114593506,-0.11828417330980301,,0,0
qwen32B-int4_retail_50runs,verbalized,bge-m3,cef8fe91-0da6-4a68-a0a6-3aaf53832f22,11,26,tool,,,,,,,0,0
qwen32B-int4_retail_50runs,verbalized,bge-m3,cef8fe91-0da6-4a68-a0a6-3aaf53832f22,12,26,agent,0.6768088340759277,0.1875,0.0,,,,0,0
qwen32B-int4_retail_50runs,verbalized,bge-m3,cef8fe91-0da6-4a68-a0a6-3aaf53832f22,13,26,user,,,,,,0.25012099742889404,0,0
qwen32B-int4_retail_50runs,verbalized,bge-m3,cef8fe91-0da6-4a68-a0a6-3aaf53832f22,14,26,agent,0.6463695168495178,0.05154639175257732,0.0,0.4579995274543762,0.054387107491493225,,0,0
qwen32B-int4_retail_50runs,verbalized,bge-m3,cef8fe91-0da6-4a68-a0a6-3aaf53832f22,15,26,tool,,,,,,,0,0
qwen32B-int4_retail_50runs,verbalized,bge-m3,cef8fe91-0da6-4a68-a0a6-3aaf53832f22,16,26,agent,0.7242242097854614,0.2967032967032967,0.0,,,,0,0
qwen32B-int4_retail_50runs,verbalized,bge-m3,cef8fe91-0da6-4a68-a0a6-3aaf53832f22,17,26,user,,,,,,0.1946379542350769,0,0
qwen32B-int4_retail_50runs,verbalized,bge-m3,cef8fe91-0da6-4a68-a0a6-3aaf53832f22,18,26,agent,0.9765574932098389,0.7894736842105263,0.7894736842105263,0.30216914415359497,-0.13407890498638153,,0,0
qwen32B-int4_retail_50runs,verbalized,bge-m3,cef8fe91-0da6-4a68-a0a6-3aaf53832f22,19,26,tool,,,,,,,0,0
qwen32B-int4_retail_50runs,verbalized,bge-m3,cef8fe91-0da6-4a68-a0a6-3aaf53832f22,20,26,agent,0.7079343199729919,0.20833333333333334,0.0,,,,0,0
qwen32B-int4_retail_50runs,verbalized,bge-m3,cef8fe91-0da6-4a68-a0a6-3aaf53832f22,21,26,user,,,,,,0.32635509967803955,0,0
qwen32B-int4_retail_50runs,verbalized,bge-m3,cef8fe91-0da6-4a68-a0a6-3aaf53832f22,22,26,agent,0.7117534279823303,0.2682926829268293,0.0,,,,0,0
qwen32B-int4_retail_50runs,verbalized,bge-m3,cef8fe91-0da6-4a68-a0a6-3aaf53832f22,23,26,user,,,,,,0.2762138843536377,0,0
qwen32B-int4_retail_50runs,verbalized,bge-m3,cef8fe91-0da6-4a68-a0a6-3aaf53832f22,24,26,agent,0.6358720660209656,0.16417910447761194,0.0,,,,0,0
qwen32B-int4_retail_50runs,verbalized,bge-m3,cef8fe91-0da6-4a68-a0a6-3aaf53832f22,25,26,user,,,,,,0.41583216190338135,0,0
qwen32B-int4_retail_50runs,verbalized,bge-m3,a013f891-cd3a-42ff-86fb-0a86f513fb07,0,28,agent,,,,,,,0,1
qwen32B-int4_retail_50runs,verbalized,bge-m3,a013f891-cd3a-42ff-86fb-0a86f513fb07,1,28,user,,,,,,0.43426209688186646,0,1
qwen32B-int4_retail_50runs,verbalized,bge-m3,a013f891-cd3a-42ff-86fb-0a86f513fb07,2,28,agent,0.5551044940948486,0.08571428571428572,0.0,,,,0,1
qwen32B-int4_retail_50runs,verbalized,bge-m3,a013f891-cd3a-42ff-86fb-0a86f513fb07,3,28,user,,,,,,0.3790353536605835,0,1
qwen32B-int4_retail_50runs,verbalized,bge-m3,a013f891-cd3a-42ff-86fb-0a86f513fb07,4,28,agent,0.5724406242370605,0.046511627906976744,0.0,0.5525588989257812,0.10185345411300661,,0,1
qwen32B-int4_retail_50runs,verbalized,bge-m3,a013f891-cd3a-42ff-86fb-0a86f513fb07,5,28,tool,,,,,,,0,1
qwen32B-int4_retail_50runs,verbalized,bge-m3,a013f891-cd3a-42ff-86fb-0a86f513fb07,6,28,agent,0.6246644258499146,0.21428571428571427,0.0,,,,0,1
qwen32B-int4_retail_50runs,verbalized,bge-m3,a013f891-cd3a-42ff-86fb-0a86f513fb07,7,28,user,,,,,,0.23839914798736572,0,1
qwen32B-int4_retail_50runs,verbalized,bge-m3,a013f891-cd3a-42ff-86fb-0a86f513fb07,8,28,agent,0.8744239807128906,0.3888888888888889,0.0,0.3494572639465332,-0.11331515312194823,,0,1
qwen32B-int4_retail_50runs,verbalized,bge-m3,a013f891-cd3a-42ff-86fb-0a86f513fb07,9,28,tool,,,,,,,0,1
qwen32B-int4_retail_50runs,verbalized,bge-m3,a013f891-cd3a-42ff-86fb-0a86f513fb07,10,28,agent,0.8355989456176758,0.3275862068965517,0.0,,,,0,1
qwen32B-int4_retail_50runs,verbalized,bge-m3,a013f891-cd3a-42ff-86fb-0a86f513fb07,11,28,user,,,,,,0.3811882734298706,0,1
qwen32B-int4_retail_50runs,verbalized,bge-m3,a013f891-cd3a-42ff-86fb-0a86f513fb07,12,28,agent,0.6989657282829285,0.18181818181818182,0.0,0.42022210359573364,-0.02397111654281614,,0,1
qwen32B-int4_retail_50runs,verbalized,bge-m3,a013f891-cd3a-42ff-86fb-0a86f513fb07,13,28,tool,,,,,,,0,1
qwen32B-int4_retail_50runs,verbalized,bge-m3,a013f891-cd3a-42ff-86fb-0a86f513fb07,14,28,agent,0.7361764311790466,0.25757575757575757,0.0,,,,0,1
qwen32B-int4_retail_50runs,verbalized,bge-m3,a013f891-cd3a-42ff-86fb-0a86f513fb07,15,28,user,,,,,,0.19356977939605713,0,1
qwen32B-int4_retail_50runs,verbalized,bge-m3,a013f891-cd3a-42ff-86fb-0a86f513fb07,16,28,agent,0.8206039667129517,0.30864197530864196,0.0,,,,0,1
qwen32B-int4_retail_50runs,verbalized,bge-m3,a013f891-cd3a-42ff-86fb-0a86f513fb07,17,28,user,,,,,,0.12089860439300537,0,1
qwen32B-int4_retail_50runs,verbalized,bge-m3,a013f891-cd3a-42ff-86fb-0a86f513fb07,18,28,agent,0.5991125106811523,0.039473684210526314,0.0,0.30129241943359375,-0.09292193651199343,,0,1
qwen32B-int4_retail_50runs,verbalized,bge-m3,a013f891-cd3a-42ff-86fb-0a86f513fb07,19,28,tool,,,,,,,0,1
qwen32B-int4_retail_50runs,verbalized,bge-m3,a013f891-cd3a-42ff-86fb-0a86f513fb07,20,28,agent,0.8731193542480469,0.345679012345679,0.0,0.3613283038139343,-0.06476259827613828,,0,1
qwen32B-int4_retail_50runs,verbalized,bge-m3,a013f891-cd3a-42ff-86fb-0a86f513fb07,21,28,tool,,,,,,,0,1
qwen32B-int4_retail_50runs,verbalized,bge-m3,a013f891-cd3a-42ff-86fb-0a86f513fb07,22,28,agent,0.7391352653503418,0.16666666666666666,0.0,,,,0,1
qwen32B-int4_retail_50runs,verbalized,bge-m3,a013f891-cd3a-42ff-86fb-0a86f513fb07,23,28,user,,,,,,0.19165188074111938,0,1
qwen32B-int4_retail_50runs,verbalized,bge-m3,a013f891-cd3a-42ff-86fb-0a86f513fb07,24,28,agent,0.5494455099105835,0.022222222222222223,0.0,0.3249322772026062,-0.07527461647987366,,0,1
qwen32B-int4_retail_50runs,verbalized,bge-m3,a013f891-cd3a-42ff-86fb-0a86f513fb07,25,28,tool,,,,,,,0,1
qwen32B-int4_retail_50runs,verbalized,bge-m3,a013f891-cd3a-42ff-86fb-0a86f513fb07,26,28,agent,0.840556263923645,0.1875,0.0,,,,0,1
qwen32B-int4_retail_50runs,verbalized,bge-m3,a013f891-cd3a-42ff-86fb-0a86f513fb07,27,28,user,,,,,,0.3269084692001343,0,1
qwen32B-int4_retail_50runs,verbalized,bge-m3,fbde9091-b302-45f7-9a65-e8884e5193d0,0,16,agent,,,,,,,0,1
qwen32B-int4_retail_50runs,verbalized,bge-m3,fbde9091-b302-45f7-9a65-e8884e5193d0,1,16,user,,,,,,0.44724512100219727,0,1
qwen32B-int4_retail_50runs,verbalized,bge-m3,fbde9091-b302-45f7-9a65-e8884e5193d0,2,16,agent,0.5534329414367676,0.12903225806451613,0.0,,,,0,1
qwen32B-int4_retail_50runs,verbalized,bge-m3,fbde9091-b302-45f7-9a65-e8884e5193d0,3,16,user,,,,,,0.32913869619369507,0,1
qwen32B-int4_retail_50runs,verbalized,bge-m3,fbde9091-b302-45f7-9a65-e8884e5193d0,4,16,agent,0.6163256168365479,0.04878048780487805,0.0,0.521343469619751,0.0025382041931152344,,0,1
qwen32B-int4_retail_50runs,verbalized,bge-m3,fbde9091-b302-45f7-9a65-e8884e5193d0,5,16,tool,,,,,,,0,1
qwen32B-int4_retail_50runs,verbalized,bge-m3,fbde9091-b302-45f7-9a65-e8884e5193d0,6,16,agent,0.6468431353569031,0.3137254901960784,0.0,,,,0,1
qwen32B-int4_retail_50runs,verbalized,bge-m3,fbde9091-b302-45f7-9a65-e8884e5193d0,7,16,user,,,,,,0.19611740112304688,0,1
qwen32B-int4_retail_50runs,verbalized,bge-m3,fbde9091-b302-45f7-9a65-e8884e5193d0,8,16,agent,0.8182203769683838,0.375,0.0,,,,0,1
qwen32B-int4_retail_50runs,verbalized,bge-m3,fbde9091-b302-45f7-9a65-e8884e5193d0,9,16,user,,,,,,0.15776342153549194,0,1
qwen32B-int4_retail_50runs,verbalized,bge-m3,fbde9091-b302-45f7-9a65-e8884e5193d0,10,16,agent,0.6816875338554382,0.1206896551724138,0.0,0.3543086647987366,-0.29468676447868347,,0,1
qwen32B-int4_retail_50runs,verbalized,bge-m3,fbde9091-b302-45f7-9a65-e8884e5193d0,11,16,tool,,,,,,,0,1
qwen32B-int4_retail_50runs,verbalized,bge-m3,fbde9091-b302-45f7-9a65-e8884e5193d0,12,16,agent,0.7215123772621155,0.14414414414414414,0.0,,,,0,1
qwen32B-int4_retail_50runs,verbalized,bge-m3,fbde9091-b302-45f7-9a65-e8884e5193d0,13,16,user,,,,,,0.44905781745910645,0,1
qwen32B-int4_retail_50runs,verbalized,bge-m3,fbde9091-b302-45f7-9a65-e8884e5193d0,14,16,agent,0.43328943848609924,0.0660377358490566,0.0,,,,0,1
qwen32B-int4_retail_50runs,verbalized,bge-m3,fbde9091-b302-45f7-9a65-e8884e5193d0,15,16,user,,,,,,0.4043956995010376,0,1
qwen32B-int4_retail_50runs,verbalized,bge-m3,d83db933-d335-4b57-8ec1-3e01a164d45c,0,38,agent,,,,,,,0,1
qwen32B-int4_retail_50runs,verbalized,bge-m3,d83db933-d335-4b57-8ec1-3e01a164d45c,1,38,user,,,,,,0.3977733850479126,0,1
qwen32B-int4_retail_50runs,verbalized,bge-m3,d83db933-d335-4b57-8ec1-3e01a164d45c,2,38,agent,0.5650796294212341,0.13333333333333333,0.0,,,,0,1
qwen32B-int4_retail_50runs,verbalized,bge-m3,d83db933-d335-4b57-8ec1-3e01a164d45c,3,38,user,,,,,,0.25029557943344116,0,1
qwen32B-int4_retail_50runs,verbalized,bge-m3,d83db933-d335-4b57-8ec1-3e01a164d45c,4,38,agent,0.6081995368003845,0.05,0.0,0.5238266289234161,0.015744673354285088,,0,1
qwen32B-int4_retail_50runs,verbalized,bge-m3,d83db933-d335-4b57-8ec1-3e01a164d45c,5,38,tool,,,,,,,0,1
qwen32B-int4_retail_50runs,verbalized,bge-m3,d83db933-d335-4b57-8ec1-3e01a164d45c,6,38,agent,0.57388836145401,0.23255813953488372,0.0,,,,0,1
qwen32B-int4_retail_50runs,verbalized,bge-m3,d83db933-d335-4b57-8ec1-3e01a164d45c,7,38,user,,,,,,0.2630102038383484,0,1
qwen32B-int4_retail_50runs,verbalized,bge-m3,d83db933-d335-4b57-8ec1-3e01a164d45c,8,38,agent,0.8625494241714478,0.3684210526315789,0.0,0.31639742851257324,-0.19282502787453792,,0,1
qwen32B-int4_retail_50runs,verbalized,bge-m3,d83db933-d335-4b57-8ec1-3e01a164d45c,9,38,tool,,,,,,,0,1
qwen32B-int4_retail_50runs,verbalized,bge-m3,d83db933-d335-4b57-8ec1-3e01a164d45c,10,38,agent,0.7431239485740662,0.28888888888888886,0.0,0.43263310194015503,-0.05653406892504009,,0,1
qwen32B-int4_retail_50runs,verbalized,bge-m3,d83db933-d335-4b57-8ec1-3e01a164d45c,11,38,tool,,,,,,,0,1
qwen32B-int4_retail_50runs,verbalized,bge-m3,d83db933-d335-4b57-8ec1-3e01a164d45c,12,38,agent,0.7557550072669983,0.25806451612903225,0.0,,,,0,1
qwen32B-int4_retail_50runs,verbalized,bge-m3,d83db933-d335-4b57-8ec1-3e01a164d45c,13,38,user,,,,,,0.2569881081581116,0,1
qwen32B-int4_retail_50runs,verbalized,bge-m3,d83db933-d335-4b57-8ec1-3e01a164d45c,14,38,agent,0.8058949708938599,0.3220338983050847,0.0,0.33172667026519775,-0.1142506642001016,,0,1
qwen32B-int4_retail_50runs,verbalized,bge-m3,d83db933-d335-4b57-8ec1-3e01a164d45c,15,38,tool,,,,,,,0,1
qwen32B-int4_retail_50runs,verbalized,bge-m3,d83db933-d335-4b57-8ec1-3e01a164d45c,16,38,agent,0.8511154055595398,0.34146341463414637,0.0,,,,0,1
qwen32B-int4_retail_50runs,verbalized,bge-m3,d83db933-d335-4b57-8ec1-3e01a164d45c,17,38,user,,,,,,0.4099962115287781,0,1
qwen32B-int4_retail_50runs,verbalized,bge-m3,d83db933-d335-4b57-8ec1-3e01a164d45c,18,38,agent,0.6383647322654724,0.38095238095238093,0.0,,,,0,1
qwen32B-int4_retail_50runs,verbalized,bge-m3,d83db933-d335-4b57-8ec1-3e01a164d45c,19,38,user,,,,,,0.3224649429321289,0,1
qwen32B-int4_retail_50runs,verbalized,bge-m3,d83db933-d335-4b57-8ec1-3e01a164d45c,20,38,agent,0.8628044128417969,0.4594594594594595,0.0,,,,0,1
qwen32B-int4_retail_50runs,verbalized,bge-m3,d83db933-d335-4b57-8ec1-3e01a164d45c,21,38,user,,,,,,0.45538610219955444,0,1
qwen32B-int4_retail_50runs,verbalized,bge-m3,d83db933-d335-4b57-8ec1-3e01a164d45c,22,38,agent,0.6704984903335571,0.07017543859649122,0.0,0.4977295398712158,0.035050928592681885,,0,1
qwen32B-int4_retail_50runs,verbalized,bge-m3,d83db933-d335-4b57-8ec1-3e01a164d45c,23,38,tool,,,,,,,0,1
qwen32B-int4_retail_50runs,verbalized,bge-m3,d83db933-d335-4b57-8ec1-3e01a164d45c,24,38,agent,0.6324526071548462,0.14864864864864866,0.0,0.33645784854888916,-0.07267499395779203,,0,1
qwen32B-int4_retail_50runs,verbalized,bge-m3,d83db933-d335-4b57-8ec1-3e01a164d45c,25,38,tool,,,,,,,0,1
qwen32B-int4_retail_50runs,verbalized,bge-m3,d83db933-d335-4b57-8ec1-3e01a164d45c,26,38,agent,0.7710649967193604,0.2222222222222222,0.0,,,,0,1
qwen32B-int4_retail_50runs,verbalized,bge-m3,d83db933-d335-4b57-8ec1-3e01a164d45c,27,38,user,,,,,,0.2689470052719116,0,1
qwen32B-int4_retail_50runs,verbalized,bge-m3,d83db933-d335-4b57-8ec1-3e01a164d45c,28,38,agent,0.7902257442474365,0.4,0.0,0.3805912733078003,-0.12540468147822792,,0,1
qwen32B-int4_retail_50runs,verbalized,bge-m3,d83db933-d335-4b57-8ec1-3e01a164d45c,29,38,tool,,,,,,,0,1
qwen32B-int4_retail_50runs,verbalized,bge-m3,d83db933-d335-4b57-8ec1-3e01a164d45c,30,38,agent,0.9151507019996643,0.6309523809523809,0.0,,,,0,1
qwen32B-int4_retail_50runs,verbalized,bge-m3,d83db933-d335-4b57-8ec1-3e01a164d45c,31,38,user,,,,,,0.2260001301765442,0,1
qwen32B-int4_retail_50runs,verbalized,bge-m3,d83db933-d335-4b57-8ec1-3e01a164d45c,32,38,agent,0.8404054045677185,0.5232558139534884,0.0,,,,0,1
qwen32B-int4_retail_50runs,verbalized,bge-m3,d83db933-d335-4b57-8ec1-3e01a164d45c,33,38,user,,,,,,0.4257335662841797,0,1
qwen32B-int4_retail_50runs,verbalized,bge-m3,d83db933-d335-4b57-8ec1-3e01a164d45c,34,38,agent,0.6116533875465393,0.06153846153846154,0.0,0.40118175745010376,-0.07895850709506441,,0,1
qwen32B-int4_retail_50runs,verbalized,bge-m3,d83db933-d335-4b57-8ec1-3e01a164d45c,35,38,tool,,,,,,,0,1
qwen32B-int4_retail_50runs,verbalized,bge-m3,d83db933-d335-4b57-8ec1-3e01a164d45c,36,38,agent,0.8757950067520142,0.379746835443038,0.0,,,,0,1
qwen32B-int4_retail_50runs,verbalized,bge-m3,d83db933-d335-4b57-8ec1-3e01a164d45c,37,38,user,,,,,,0.5736977159976959,0,1
qwen32B-int4_retail_50runs,verbalized,bge-m3,0d701eb9-7651-441e-8b90-a8dc4e2c8e09,0,28,agent,,,,,,,0,0
qwen32B-int4_retail_50runs,verbalized,bge-m3,0d701eb9-7651-441e-8b90-a8dc4e2c8e09,1,28,user,,,,,,0.4623367190361023,0,0
qwen32B-int4_retail_50runs,verbalized,bge-m3,0d701eb9-7651-441e-8b90-a8dc4e2c8e09,2,28,agent,0.5155197381973267,0.0625,0.0,,,,0,0
qwen32B-int4_retail_50runs,verbalized,bge-m3,0d701eb9-7651-441e-8b90-a8dc4e2c8e09,3,28,user,,,,,,0.2446872591972351,0,0
qwen32B-int4_retail_50runs,verbalized,bge-m3,0d701eb9-7651-441e-8b90-a8dc4e2c8e09,4,28,agent,0.5306072235107422,0.03508771929824561,0.0,0.5382731556892395,0.08993744850158691,,0,0
qwen32B-int4_retail_50runs,verbalized,bge-m3,0d701eb9-7651-441e-8b90-a8dc4e2c8e09,5,28,tool,,,,,,,0,0
qwen32B-int4_retail_50runs,verbalized,bge-m3,0d701eb9-7651-441e-8b90-a8dc4e2c8e09,6,28,agent,0.8498756885528564,0.3125,0.0,,,,0,0
qwen32B-int4_retail_50runs,verbalized,bge-m3,0d701eb9-7651-441e-8b90-a8dc4e2c8e09,7,28,user,,,,,,0.4047611355781555,0,0
qwen32B-int4_retail_50runs,verbalized,bge-m3,0d701eb9-7651-441e-8b90-a8dc4e2c8e09,8,28,agent,0.6855944991111755,0.11594202898550725,0.0,,,,0,0
qwen32B-int4_retail_50runs,verbalized,bge-m3,0d701eb9-7651-441e-8b90-a8dc4e2c8e09,9,28,user,,,,,,0.29181110858917236,0,0
qwen32B-int4_retail_50runs,verbalized,bge-m3,0d701eb9-7651-441e-8b90-a8dc4e2c8e09,10,28,agent,0.7805643677711487,0.2,0.0,,,,0,0
qwen32B-int4_retail_50runs,verbalized,bge-m3,0d701eb9-7651-441e-8b90-a8dc4e2c8e09,11,28,user,,,,,,0.3621980547904968,0,0
qwen32B-int4_retail_50runs,verbalized,bge-m3,0d701eb9-7651-441e-8b90-a8dc4e2c8e09,12,28,agent,0.5014197826385498,0.018518518518518517,0.0,0.3533990979194641,-0.1181255578994751,,0,0
qwen32B-int4_retail_50runs,verbalized,bge-m3,0d701eb9-7651-441e-8b90-a8dc4e2c8e09,13,28,tool,,,,,,,0,0
qwen32B-int4_retail_50runs,verbalized,bge-m3,0d701eb9-7651-441e-8b90-a8dc4e2c8e09,14,28,agent,0.8488162159919739,0.296875,0.0,,,,0,0
qwen32B-int4_retail_50runs,verbalized,bge-m3,0d701eb9-7651-441e-8b90-a8dc4e2c8e09,15,28,user,,,,,,0.1886698603630066,0,0
qwen32B-int4_retail_50runs,verbalized,bge-m3,0d701eb9-7651-441e-8b90-a8dc4e2c8e09,16,28,agent,0.8727755546569824,0.4666666666666667,0.0,0.42183035612106323,-0.07712459564208984,,0,0
qwen32B-int4_retail_50runs,verbalized,bge-m3,0d701eb9-7651-441e-8b90-a8dc4e2c8e09,17,28,tool,,,,,,,0,0
qwen32B-int4_retail_50runs,verbalized,bge-m3,0d701eb9-7651-441e-8b90-a8dc4e2c8e09,18,28,agent,0.8722058534622192,0.2857142857142857,0.0,,,,0,0
qwen32B-int4_retail_50runs,verbalized,bge-m3,0d701eb9-7651-441e-8b90-a8dc4e2c8e09,19,28,user,,,,,,0.46241968870162964,0,0
qwen32B-int4_retail_50runs,verbalized,bge-m3,0d701eb9-7651-441e-8b90-a8dc4e2c8e09,20,28,agent,0.8743326663970947,0.25301204819277107,0.0,,,,0,0
qwen32B-int4_retail_50runs,verbalized,bge-m3,0d701eb9-7651-441e-8b90-a8dc4e2c8e09,21,28,user,,,,,,0.18837416172027588,0,0
qwen32B-int4_retail_50runs,verbalized,bge-m3,0d701eb9-7651-441e-8b90-a8dc4e2c8e09,22,28,agent,0.6612340211868286,0.045454545454545456,0.0,0.3297710418701172,-0.1269567410151164,,0,0
qwen32B-int4_retail_50runs,verbalized,bge-m3,0d701eb9-7651-441e-8b90-a8dc4e2c8e09,23,28,tool,,,,,,,0,0
qwen32B-int4_retail_50runs,verbalized,bge-m3,0d701eb9-7651-441e-8b90-a8dc4e2c8e09,24,28,agent,0.7846855521202087,0.18421052631578946,0.0,,,,0,0
qwen32B-int4_retail_50runs,verbalized,bge-m3,0d701eb9-7651-441e-8b90-a8dc4e2c8e09,25,28,user,,,,,,0.48517370223999023,0,0
qwen32B-int4_retail_50runs,verbalized,bge-m3,0d701eb9-7651-441e-8b90-a8dc4e2c8e09,26,28,agent,0.4949382543563843,0.08620689655172414,0.0,,,,0,0
qwen32B-int4_retail_50runs,verbalized,bge-m3,0d701eb9-7651-441e-8b90-a8dc4e2c8e09,27,28,user,,,,,,0.4067757725715637,0,0
qwen32B-int4_retail_50runs,verbalized,bge-m3,f6042648-7062-4996-9458-993068fabfde,0,56,agent,,,,,,,0,1
qwen32B-int4_retail_50runs,verbalized,bge-m3,f6042648-7062-4996-9458-993068fabfde,1,56,user,,,,,,0.382161021232605,0,1
qwen32B-int4_retail_50runs,verbalized,bge-m3,f6042648-7062-4996-9458-993068fabfde,2,56,agent,0.5621218681335449,0.09090909090909091,0.0,,,,0,1
qwen32B-int4_retail_50runs,verbalized,bge-m3,f6042648-7062-4996-9458-993068fabfde,3,56,user,,,,,,0.3120840787887573,0,1
qwen32B-int4_retail_50runs,verbalized,bge-m3,f6042648-7062-4996-9458-993068fabfde,4,56,agent,0.6165720224380493,0.047619047619047616,0.0,0.5225375592708588,0.044497902904237996,,0,1
qwen32B-int4_retail_50runs,verbalized,bge-m3,f6042648-7062-4996-9458-993068fabfde,5,56,tool,,,,,,,0,1
qwen32B-int4_retail_50runs,verbalized,bge-m3,f6042648-7062-4996-9458-993068fabfde,6,56,agent,0.5871999263763428,0.16666666666666666,0.0,,,,0,1
qwen32B-int4_retail_50runs,verbalized,bge-m3,f6042648-7062-4996-9458-993068fabfde,7,56,user,,,,,,0.26664412021636963,0,1
qwen32B-int4_retail_50runs,verbalized,bge-m3,f6042648-7062-4996-9458-993068fabfde,8,56,agent,0.8583495616912842,0.3684210526315789,0.0,0.3163027763366699,-0.14154384178774698,,0,1
qwen32B-int4_retail_50runs,verbalized,bge-m3,f6042648-7062-4996-9458-993068fabfde,9,56,tool,,,,,,,0,1
qwen32B-int4_retail_50runs,verbalized,bge-m3,f6042648-7062-4996-9458-993068fabfde,10,56,agent,0.6975499391555786,0.21794871794871795,0.0,,,,0,1
qwen32B-int4_retail_50runs,verbalized,bge-m3,f6042648-7062-4996-9458-993068fabfde,11,56,user,,,,,,0.17375481128692627,0,1
qwen32B-int4_retail_50runs,verbalized,bge-m3,f6042648-7062-4996-9458-993068fabfde,12,56,agent,0.8402402997016907,0.4666666666666667,0.0,0.4360073208808899,-0.019969354782785664,,0,1
qwen32B-int4_retail_50runs,verbalized,bge-m3,f6042648-7062-4996-9458-993068fabfde,13,56,tool,,,,,,,0,1
qwen32B-int4_retail_50runs,verbalized,bge-m3,f6042648-7062-4996-9458-993068fabfde,14,56,agent,0.9803196787834167,0.6923076923076923,0.0,0.4343488812446594,-0.02093598246574402,,0,1
qwen32B-int4_retail_50runs,verbalized,bge-m3,f6042648-7062-4996-9458-993068fabfde,15,56,tool,,,,,,,0,1
qwen32B-int4_retail_50runs,verbalized,bge-m3,f6042648-7062-4996-9458-993068fabfde,16,56,agent,0.9903029203414917,0.6923076923076923,0.0,0.45341289043426514,-0.012294784188270569,,0,1
qwen32B-int4_retail_50runs,verbalized,bge-m3,f6042648-7062-4996-9458-993068fabfde,17,56,tool,,,,,,,0,1
qwen32B-int4_retail_50runs,verbalized,bge-m3,f6042648-7062-4996-9458-993068fabfde,18,56,agent,0.545939028263092,0.009708737864077669,0.0,,,,0,1
qwen32B-int4_retail_50runs,verbalized,bge-m3,f6042648-7062-4996-9458-993068fabfde,19,56,user,,,,,,0.18636322021484375,0,1
qwen32B-int4_retail_50runs,verbalized,bge-m3,f6042648-7062-4996-9458-993068fabfde,20,56,agent,0.835312008857727,0.4444444444444444,0.0,0.4374711513519287,-0.03327972761222292,,0,1
qwen32B-int4_retail_50runs,verbalized,bge-m3,f6042648-7062-4996-9458-993068fabfde,21,56,tool,,,,,,,0,1
qwen32B-int4_retail_50runs,verbalized,bge-m3,f6042648-7062-4996-9458-993068fabfde,22,56,agent,0.9911292195320129,0.7647058823529411,0.0,0.43728387355804443,-0.03433438922677723,,0,1
qwen32B-int4_retail_50runs,verbalized,bge-m3,f6042648-7062-4996-9458-993068fabfde,23,56,tool,,,,,,,0,1
qwen32B-int4_retail_50runs,verbalized,bge-m3,f6042648-7062-4996-9458-993068fabfde,24,56,agent,0.6510975360870361,0.08955223880597014,0.0,,,,0,1
qwen32B-int4_retail_50runs,verbalized,bge-m3,f6042648-7062-4996-9458-993068fabfde,25,56,user,,,,,,0.18904447555541992,0,1
qwen32B-int4_retail_50runs,verbalized,bge-m3,f6042648-7062-4996-9458-993068fabfde,26,56,agent,0.8099272847175598,0.36363636363636365,0.0,0.5267042815685272,0.14259604045322966,,0,1
qwen32B-int4_retail_50runs,verbalized,bge-m3,f6042648-7062-4996-9458-993068fabfde,27,56,tool,,,,,,,0,1
qwen32B-int4_retail_50runs,verbalized,bge-m3,f6042648-7062-4996-9458-993068fabfde,28,56,agent,0.794450581073761,0.27906976744186046,0.0,,,,0,1
qwen32B-int4_retail_50runs,verbalized,bge-m3,f6042648-7062-4996-9458-993068fabfde,29,56,user,,,,,,0.1653652787208557,0,1
qwen32B-int4_retail_50runs,verbalized,bge-m3,f6042648-7062-4996-9458-993068fabfde,30,56,agent,0.8856948614120483,0.5294117647058824,0.0,0.4319494962692261,-0.01528581976890564,,0,1
qwen32B-int4_retail_50runs,verbalized,bge-m3,f6042648-7062-4996-9458-993068fabfde,31,56,tool,,,,,,,0,1
qwen32B-int4_retail_50runs,verbalized,bge-m3,f6042648-7062-4996-9458-993068fabfde,32,56,agent,0.8313099145889282,0.38271604938271603,0.0,,,,0,1
qwen32B-int4_retail_50runs,verbalized,bge-m3,f6042648-7062-4996-9458-993068fabfde,33,56,user,,,,,,0.2171381711959839,0,1
qwen32B-int4_retail_50runs,verbalized,bge-m3,f6042648-7062-4996-9458-993068fabfde,34,56,agent,0.9922810792922974,0.6923076923076923,0.0,0.4244086742401123,-0.029312906520707283,,0,1
qwen32B-int4_retail_50runs,verbalized,bge-m3,f6042648-7062-4996-9458-993068fabfde,35,56,tool,,,,,,,0,1
qwen32B-int4_retail_50runs,verbalized,bge-m3,f6042648-7062-4996-9458-993068fabfde,36,56,agent,0.724976658821106,0.2823529411764706,0.0,,,,0,1
qwen32B-int4_retail_50runs,verbalized,bge-m3,f6042648-7062-4996-9458-993068fabfde,37,56,user,,,,,,0.27451545000076294,0,1
qwen32B-int4_retail_50runs,verbalized,bge-m3,f6042648-7062-4996-9458-993068fabfde,38,56,agent,0.8536986112594604,0.4666666666666667,0.0,0.3198244571685791,-0.1398156647171293,,0,1
qwen32B-int4_retail_50runs,verbalized,bge-m3,f6042648-7062-4996-9458-993068fabfde,39,56,tool,,,,,,,0,1
qwen32B-int4_retail_50runs,verbalized,bge-m3,f6042648-7062-4996-9458-993068fabfde,40,56,agent,0.8132064342498779,0.2328767123287671,0.0,0.38243401050567627,-0.04773949725287302,,0,1
qwen32B-int4_retail_50runs,verbalized,bge-m3,f6042648-7062-4996-9458-993068fabfde,41,56,tool,,,,,,,0,1
qwen32B-int4_retail_50runs,verbalized,bge-m3,f6042648-7062-4996-9458-993068fabfde,42,56,agent,0.8852183222770691,0.4423076923076923,0.0,0.40418440103530884,-0.03627053541796549,,0,1
qwen32B-int4_retail_50runs,verbalized,bge-m3,f6042648-7062-4996-9458-993068fabfde,43,56,tool,,,,,,,0,1
qwen32B-int4_retail_50runs,verbalized,bge-m3,f6042648-7062-4996-9458-993068fabfde,44,56,agent,0.730876088142395,0.1702127659574468,0.0,,,,0,1
qwen32B-int4_retail_50runs,verbalized,bge-m3,f6042648-7062-4996-9458-993068fabfde,45,56,user,,,,,,0.32673537731170654,0,1
qwen32B-int4_retail_50runs,verbalized,bge-m3,f6042648-7062-4996-9458-993068fabfde,46,56,agent,0.6860231161117554,0.3333333333333333,0.0,0.4621971845626831,-0.03702923229762484,,0,1
qwen32B-int4_retail_50runs,verbalized,bge-m3,f6042648-7062-4996-9458-993068fabfde,47,56,tool,,,,,,,0,1
qwen32B-int4_retail_50runs,verbalized,bge-m3,f6042648-7062-4996-9458-993068fabfde,48,56,agent,0.9067609906196594,0.5730337078651685,0.0,,,,0,1
qwen32B-int4_retail_50runs,verbalized,bge-m3,f6042648-7062-4996-9458-993068fabfde,49,56,user,,,,,,0.2153981328010559,0,1
qwen32B-int4_retail_50runs,verbalized,bge-m3,f6042648-7062-4996-9458-993068fabfde,50,56,agent,0.8889825940132141,0.6597938144329897,0.0,,,,0,1
qwen32B-int4_retail_50runs,verbalized,bge-m3,f6042648-7062-4996-9458-993068fabfde,51,56,user,,,,,,0.13037657737731934,0,1
qwen32B-int4_retail_50runs,verbalized,bge-m3,f6042648-7062-4996-9458-993068fabfde,52,56,agent,0.8203166127204895,0.27710843373493976,0.0,0.39637553691864014,-0.04696395993232727,,0,1
qwen32B-int4_retail_50runs,verbalized,bge-m3,f6042648-7062-4996-9458-993068fabfde,53,56,tool,,,,,,,0,1
qwen32B-int4_retail_50runs,verbalized,bge-m3,f6042648-7062-4996-9458-993068fabfde,54,56,agent,0.8603612184524536,0.44537815126050423,0.0,,,,0,1
qwen32B-int4_retail_50runs,verbalized,bge-m3,f6042648-7062-4996-9458-993068fabfde,55,56,user,,,,,,0.5733364224433899,0,1
qwen32B-int4_retail_50runs,verbalized,bge-m3,076407e4-5fbd-4029-9a4b-dd9c71646250,0,30,agent,,,,,,,0,1
qwen32B-int4_retail_50runs,verbalized,bge-m3,076407e4-5fbd-4029-9a4b-dd9c71646250,1,30,user,,,,,,0.4904003143310547,0,1
qwen32B-int4_retail_50runs,verbalized,bge-m3,076407e4-5fbd-4029-9a4b-dd9c71646250,2,30,agent,0.5303322076797485,0.06,0.0,,,,0,1
qwen32B-int4_retail_50runs,verbalized,bge-m3,076407e4-5fbd-4029-9a4b-dd9c71646250,3,30,user,,,,,,0.3711346387863159,0,1
qwen32B-int4_retail_50runs,verbalized,bge-m3,076407e4-5fbd-4029-9a4b-dd9c71646250,4,30,agent,0.5885949730873108,0.03389830508474576,0.0,0.544273853302002,0.041709110140800476,,0,1
qwen32B-int4_retail_50runs,verbalized,bge-m3,076407e4-5fbd-4029-9a4b-dd9c71646250,5,30,tool,,,,,,,0,1
qwen32B-int4_retail_50runs,verbalized,bge-m3,076407e4-5fbd-4029-9a4b-dd9c71646250,6,30,agent,0.8411531448364258,0.3684210526315789,0.0,0.34033215045928955,-0.15835166970888775,,0,1
qwen32B-int4_retail_50runs,verbalized,bge-m3,076407e4-5fbd-4029-9a4b-dd9c71646250,7,30,tool,,,,,,,0,1
qwen32B-int4_retail_50runs,verbalized,bge-m3,076407e4-5fbd-4029-9a4b-dd9c71646250,8,30,agent,0.5479949116706848,0.013888888888888888,0.0,,,,0,1
qwen32B-int4_retail_50runs,verbalized,bge-m3,076407e4-5fbd-4029-9a4b-dd9c71646250,9,30,user,,,,,,0.25709694623947144,0,1
qwen32B-int4_retail_50runs,verbalized,bge-m3,076407e4-5fbd-4029-9a4b-dd9c71646250,10,30,agent,0.8544280529022217,0.4666666666666667,0.0,0.42836475372314453,-0.0647103488445282,,0,1
qwen32B-int4_retail_50runs,verbalized,bge-m3,076407e4-5fbd-4029-9a4b-dd9c71646250,11,30,tool,,,,,,,0,1
qwen32B-int4_retail_50runs,verbalized,bge-m3,076407e4-5fbd-4029-9a4b-dd9c71646250,12,30,agent,0.7906053066253662,0.3469387755102041,0.0,0.3706684708595276,-0.10244427124659222,,0,1
qwen32B-int4_retail_50runs,verbalized,bge-m3,076407e4-5fbd-4029-9a4b-dd9c71646250,13,30,tool,,,,,,,0,1
qwen32B-int4_retail_50runs,verbalized,bge-m3,076407e4-5fbd-4029-9a4b-dd9c71646250,14,30,agent,0.9260772466659546,0.4666666666666667,0.0,0.4261111617088318,-0.0753953754901886,,0,1
qwen32B-int4_retail_50runs,verbalized,bge-m3,076407e4-5fbd-4029-9a4b-dd9c71646250,15,30,tool,,,,,,,0,1
qwen32B-int4_retail_50runs,verbalized,bge-m3,076407e4-5fbd-4029-9a4b-dd9c71646250,16,30,agent,0.9041439294815063,0.3728813559322034,0.0,,,,0,1
qwen32B-int4_retail_50runs,verbalized,bge-m3,076407e4-5fbd-4029-9a4b-dd9c71646250,17,30,user,,,,,,0.1928880214691162,0,1
qwen32B-int4_retail_50runs,verbalized,bge-m3,076407e4-5fbd-4029-9a4b-dd9c71646250,18,30,agent,0.8214466571807861,0.2882882882882883,0.0,0.31257039308547974,-0.15928988655408222,,0,1
qwen32B-int4_retail_50runs,verbalized,bge-m3,076407e4-5fbd-4029-9a4b-dd9c71646250,19,30,tool,,,,,,,0,1
qwen32B-int4_retail_50runs,verbalized,bge-m3,076407e4-5fbd-4029-9a4b-dd9c71646250,20,30,agent,0.9327414035797119,0.6338028169014085,0.0,0.45405113697052,0.05180443326632184,,0,1
qwen32B-int4_retail_50runs,verbalized,bge-m3,076407e4-5fbd-4029-9a4b-dd9c71646250,21,30,tool,,,,,,,0,1
qwen32B-int4_retail_50runs,verbalized,bge-m3,076407e4-5fbd-4029-9a4b-dd9c71646250,22,30,agent,0.8660542964935303,0.28431372549019607,0.0,,,,0,1
qwen32B-int4_retail_50runs,verbalized,bge-m3,076407e4-5fbd-4029-9a4b-dd9c71646250,23,30,user,,,,,,0.34097063541412354,0,1
qwen32B-int4_retail_50runs,verbalized,bge-m3,076407e4-5fbd-4029-9a4b-dd9c71646250,24,30,agent,0.9189574718475342,0.5543478260869565,0.0,,,,0,1
qwen32B-int4_retail_50runs,verbalized,bge-m3,076407e4-5fbd-4029-9a4b-dd9c71646250,25,30,user,,,,,,0.3436511754989624,0,1
qwen32B-int4_retail_50runs,verbalized,bge-m3,076407e4-5fbd-4029-9a4b-dd9c71646250,26,30,agent,0.8870490789413452,0.4166666666666667,0.0,,,,0,1
qwen32B-int4_retail_50runs,verbalized,bge-m3,076407e4-5fbd-4029-9a4b-dd9c71646250,27,30,user,,,,,,0.29819416999816895,0,1
qwen32B-int4_retail_50runs,verbalized,bge-m3,076407e4-5fbd-4029-9a4b-dd9c71646250,28,30,agent,0.6973333358764648,0.29333333333333333,0.0,,,,0,1
qwen32B-int4_retail_50runs,verbalized,bge-m3,076407e4-5fbd-4029-9a4b-dd9c71646250,29,30,user,,,,,,0.45373356342315674,0,1
qwen32B-int4_retail_50runs,verbalized,bge-m3,a35e1c2a-af9e-4f7d-9cea-2f976dbe9005,0,20,agent,,,,,,,0,1
qwen32B-int4_retail_50runs,verbalized,bge-m3,a35e1c2a-af9e-4f7d-9cea-2f976dbe9005,1,20,user,,,,,,0.3391798138618469,0,1
qwen32B-int4_retail_50runs,verbalized,bge-m3,a35e1c2a-af9e-4f7d-9cea-2f976dbe9005,2,20,agent,0.5683459639549255,0.12903225806451613,0.0,,,,0,1
qwen32B-int4_retail_50runs,verbalized,bge-m3,a35e1c2a-af9e-4f7d-9cea-2f976dbe9005,3,20,user,,,,,,0.39474278688430786,0,1
qwen32B-int4_retail_50runs,verbalized,bge-m3,a35e1c2a-af9e-4f7d-9cea-2f976dbe9005,4,20,agent,0.87336266040802,0.3829787234042553,0.3829787234042553,,,,0,1
qwen32B-int4_retail_50runs,verbalized,bge-m3,a35e1c2a-af9e-4f7d-9cea-2f976dbe9005,5,20,user,,,,,,0.3810545802116394,0,1
qwen32B-int4_retail_50runs,verbalized,bge-m3,a35e1c2a-af9e-4f7d-9cea-2f976dbe9005,6,20,agent,0.6166321039199829,0.04878048780487805,0.0,0.5535039305686951,0.220569908618927,,0,1
qwen32B-int4_retail_50runs,verbalized,bge-m3,a35e1c2a-af9e-4f7d-9cea-2f976dbe9005,7,20,tool,,,,,,,0,1
qwen32B-int4_retail_50runs,verbalized,bge-m3,a35e1c2a-af9e-4f7d-9cea-2f976dbe9005,8,20,agent,0.609011709690094,0.14492753623188406,0.0,,,,0,1
qwen32B-int4_retail_50runs,verbalized,bge-m3,a35e1c2a-af9e-4f7d-9cea-2f976dbe9005,9,20,user,,,,,,0.21986329555511475,0,1
qwen32B-int4_retail_50runs,verbalized,bge-m3,a35e1c2a-af9e-4f7d-9cea-2f976dbe9005,10,20,agent,0.7653245329856873,0.25806451612903225,0.0,0.2273564338684082,-0.1421777307987213,,0,1
qwen32B-int4_retail_50runs,verbalized,bge-m3,a35e1c2a-af9e-4f7d-9cea-2f976dbe9005,11,20,tool,,,,,,,0,1
qwen32B-int4_retail_50runs,verbalized,bge-m3,a35e1c2a-af9e-4f7d-9cea-2f976dbe9005,12,20,agent,0.8695788979530334,0.23333333333333334,0.0,,,,0,1
qwen32B-int4_retail_50runs,verbalized,bge-m3,a35e1c2a-af9e-4f7d-9cea-2f976dbe9005,13,20,user,,,,,,0.3597540855407715,0,1
qwen32B-int4_retail_50runs,verbalized,bge-m3,a35e1c2a-af9e-4f7d-9cea-2f976dbe9005,14,20,agent,0.649871826171875,0.06521739130434782,0.0,,,,0,1
qwen32B-int4_retail_50runs,verbalized,bge-m3,a35e1c2a-af9e-4f7d-9cea-2f976dbe9005,15,20,user,,,,,,0.3040476441383362,0,1
qwen32B-int4_retail_50runs,verbalized,bge-m3,a35e1c2a-af9e-4f7d-9cea-2f976dbe9005,16,20,agent,0.6590402722358704,0.08888888888888889,0.0,0.20006847381591797,-0.17429202795028687,,0,1
qwen32B-int4_retail_50runs,verbalized,bge-m3,a35e1c2a-af9e-4f7d-9cea-2f976dbe9005,17,20,tool,,,,,,,0,1
qwen32B-int4_retail_50runs,verbalized,bge-m3,a35e1c2a-af9e-4f7d-9cea-2f976dbe9005,18,20,agent,0.7204006314277649,0.1794871794871795,0.0,,,,0,1
qwen32B-int4_retail_50runs,verbalized,bge-m3,a35e1c2a-af9e-4f7d-9cea-2f976dbe9005,19,20,user,,,,,,0.4860185384750366,0,1
qwen32B-int4_retail_50runs,verbalized,bge-m3,bb408814-999f-4534-9c78-304d8e8f1049,0,40,agent,,,,,,,0,1
qwen32B-int4_retail_50runs,verbalized,bge-m3,bb408814-999f-4534-9c78-304d8e8f1049,1,40,user,,,,,,0.3216084837913513,0,1
qwen32B-int4_retail_50runs,verbalized,bge-m3,bb408814-999f-4534-9c78-304d8e8f1049,2,40,agent,0.5626501441001892,0.13793103448275862,0.0,,,,0,1
qwen32B-int4_retail_50runs,verbalized,bge-m3,bb408814-999f-4534-9c78-304d8e8f1049,3,40,user,,,,,,0.5510208904743195,0,1
qwen32B-int4_retail_50runs,verbalized,bge-m3,bb408814-999f-4534-9c78-304d8e8f1049,4,40,agent,0.6558963060379028,0.07894736842105263,0.0,0.5511684715747833,0.06224825978279114,,0,1
qwen32B-int4_retail_50runs,verbalized,bge-m3,bb408814-999f-4534-9c78-304d8e8f1049,5,40,tool,,,,,,,0,1
qwen32B-int4_retail_50runs,verbalized,bge-m3,bb408814-999f-4534-9c78-304d8e8f1049,6,40,agent,0.5662791728973389,0.22916666666666666,0.0,,,,0,1
qwen32B-int4_retail_50runs,verbalized,bge-m3,bb408814-999f-4534-9c78-304d8e8f1049,7,40,user,,,,,,0.25564348697662354,0,1
qwen32B-int4_retail_50runs,verbalized,bge-m3,bb408814-999f-4534-9c78-304d8e8f1049,8,40,agent,0.8554219007492065,0.24242424242424243,0.0,,,,0,1
qwen32B-int4_retail_50runs,verbalized,bge-m3,bb408814-999f-4534-9c78-304d8e8f1049,9,40,user,,,,,,0.15279483795166016,0,1
qwen32B-int4_retail_50runs,verbalized,bge-m3,bb408814-999f-4534-9c78-304d8e8f1049,10,40,agent,0.557156503200531,0.023255813953488372,0.0,0.3145391345024109,-0.15791195205279757,,0,1
qwen32B-int4_retail_50runs,verbalized,bge-m3,bb408814-999f-4534-9c78-304d8e8f1049,11,40,tool,,,,,,,0,1
qwen32B-int4_retail_50runs,verbalized,bge-m3,bb408814-999f-4534-9c78-304d8e8f1049,12,40,agent,0.8744494915008545,0.3230769230769231,0.0,,,,0,1
qwen32B-int4_retail_50runs,verbalized,bge-m3,bb408814-999f-4534-9c78-304d8e8f1049,13,40,user,,,,,,0.22316336631774902,0,1
qwen32B-int4_retail_50runs,verbalized,bge-m3,bb408814-999f-4534-9c78-304d8e8f1049,14,40,agent,0.8389549851417542,0.4666666666666667,0.0,0.38387149572372437,-0.06421004874365671,,0,1
qwen32B-int4_retail_50runs,verbalized,bge-m3,bb408814-999f-4534-9c78-304d8e8f1049,15,40,tool,,,,,,,0,1
qwen32B-int4_retail_50runs,verbalized,bge-m3,bb408814-999f-4534-9c78-304d8e8f1049,16,40,agent,0.9777087569236755,0.6923076923076923,0.0,0.42042940855026245,-0.032992831298283176,,0,1
qwen32B-int4_retail_50runs,verbalized,bge-m3,bb408814-999f-4534-9c78-304d8e8f1049,17,40,tool,,,,,,,0,1
qwen32B-int4_retail_50runs,verbalized,bge-m3,bb408814-999f-4534-9c78-304d8e8f1049,18,40,agent,0.9854304790496826,0.6923076923076923,0.0,0.39057856798171997,-0.05996362226349966,,0,1
qwen32B-int4_retail_50runs,verbalized,bge-m3,bb408814-999f-4534-9c78-304d8e8f1049,19,40,tool,,,,,,,0,1
qwen32B-int4_retail_50runs,verbalized,bge-m3,bb408814-999f-4534-9c78-304d8e8f1049,20,40,agent,0.5409249067306519,0.02857142857142857,0.0,,,,0,1
qwen32B-int4_retail_50runs,verbalized,bge-m3,bb408814-999f-4534-9c78-304d8e8f1049,21,40,user,,,,,,0.41488879919052124,0,1
qwen32B-int4_retail_50runs,verbalized,bge-m3,bb408814-999f-4534-9c78-304d8e8f1049,22,40,agent,0.8569948673248291,0.36363636363636365,0.0,0.4515331983566284,0.06897640228271484,,0,1
qwen32B-int4_retail_50runs,verbalized,bge-m3,bb408814-999f-4534-9c78-304d8e8f1049,23,40,tool,,,,,,,0,1
qwen32B-int4_retail_50runs,verbalized,bge-m3,bb408814-999f-4534-9c78-304d8e8f1049,24,40,agent,0.6554831862449646,0.1797752808988764,0.0,,,,0,1
qwen32B-int4_retail_50runs,verbalized,bge-m3,bb408814-999f-4534-9c78-304d8e8f1049,25,40,user,,,,,,0.3077657222747803,0,1
qwen32B-int4_retail_50runs,verbalized,bge-m3,bb408814-999f-4534-9c78-304d8e8f1049,26,40,agent,0.7867876291275024,0.16883116883116883,0.0,,,,0,1
qwen32B-int4_retail_50runs,verbalized,bge-m3,bb408814-999f-4534-9c78-304d8e8f1049,27,40,user,,,,,,0.3396608233451843,0,1
qwen32B-int4_retail_50runs,verbalized,bge-m3,bb408814-999f-4534-9c78-304d8e8f1049,28,40,agent,0.557340681552887,0.017857142857142856,0.0,0.39802783727645874,-0.06108731031417847,,0,1
qwen32B-int4_retail_50runs,verbalized,bge-m3,bb408814-999f-4534-9c78-304d8e8f1049,29,40,tool,,,,,,,0,1
qwen32B-int4_retail_50runs,verbalized,bge-m3,bb408814-999f-4534-9c78-304d8e8f1049,30,40,agent,0.9791823625564575,0.6923076923076923,0.0,0.39028310775756836,-0.057793600218636665,,0,1
qwen32B-int4_retail_50runs,verbalized,bge-m3,bb408814-999f-4534-9c78-304d8e8f1049,31,40,tool,,,,,,,0,1
qwen32B-int4_retail_50runs,verbalized,bge-m3,bb408814-999f-4534-9c78-304d8e8f1049,32,40,agent,0.564321756362915,0.02702702702702703,0.0,,,,0,1
qwen32B-int4_retail_50runs,verbalized,bge-m3,bb408814-999f-4534-9c78-304d8e8f1049,33,40,user,,,,,,0.31858718395233154,0,1
qwen32B-int4_retail_50runs,verbalized,bge-m3,bb408814-999f-4534-9c78-304d8e8f1049,34,40,agent,0.8791723251342773,0.4444444444444444,0.0,,,,0,1
qwen32B-int4_retail_50runs,verbalized,bge-m3,bb408814-999f-4534-9c78-304d8e8f1049,35,40,user,,,,,,0.3048741817474365,0,1
qwen32B-int4_retail_50runs,verbalized,bge-m3,bb408814-999f-4534-9c78-304d8e8f1049,36,40,agent,0.7952376008033752,0.2047244094488189,0.0,,,,0,1
qwen32B-int4_retail_50runs,verbalized,bge-m3,bb408814-999f-4534-9c78-304d8e8f1049,37,40,user,,,,,,0.2966282367706299,0,1
qwen32B-int4_retail_50runs,verbalized,bge-m3,bb408814-999f-4534-9c78-304d8e8f1049,38,40,agent,0.7811418771743774,0.345679012345679,0.0,,,,0,1
qwen32B-int4_retail_50runs,verbalized,bge-m3,bb408814-999f-4534-9c78-304d8e8f1049,39,40,user,,,,,,0.31314074993133545,0,1
qwen32B-int4_retail_50runs,verbalized,bge-m3,1d3ebe52-ccdb-48fc-a699-921cf6ffb6c4,0,56,agent,,,,,,,0,1
qwen32B-int4_retail_50runs,verbalized,bge-m3,1d3ebe52-ccdb-48fc-a699-921cf6ffb6c4,1,56,user,,,,,,0.4363384246826172,0,1
qwen32B-int4_retail_50runs,verbalized,bge-m3,1d3ebe52-ccdb-48fc-a699-921cf6ffb6c4,2,56,agent,0.49080783128738403,0.07142857142857142,0.0,,,,0,1
qwen32B-int4_retail_50runs,verbalized,bge-m3,1d3ebe52-ccdb-48fc-a699-921cf6ffb6c4,3,56,user,,,,,,0.4098101258277893,0,1
qwen32B-int4_retail_50runs,verbalized,bge-m3,1d3ebe52-ccdb-48fc-a699-921cf6ffb6c4,4,56,agent,0.7946910858154297,0.24468085106382978,0.0,,,,0,1
qwen32B-int4_retail_50runs,verbalized,bge-m3,1d3ebe52-ccdb-48fc-a699-921cf6ffb6c4,5,56,user,,,,,,0.3983265161514282,0,1
qwen32B-int4_retail_50runs,verbalized,bge-m3,1d3ebe52-ccdb-48fc-a699-921cf6ffb6c4,6,56,agent,0.6042935848236084,0.0392156862745098,0.0,0.5536996126174927,0.04928297617218713,,0,1
qwen32B-int4_retail_50runs,verbalized,bge-m3,1d3ebe52-ccdb-48fc-a699-921cf6ffb6c4,7,56,tool,,,,,,,0,1
qwen32B-int4_retail_50runs,verbalized,bge-m3,1d3ebe52-ccdb-48fc-a699-921cf6ffb6c4,8,56,agent,0.5712593197822571,0.125,0.0,,,,0,1
qwen32B-int4_retail_50runs,verbalized,bge-m3,1d3ebe52-ccdb-48fc-a699-921cf6ffb6c4,9,56,user,,,,,,0.2517200708389282,0,1
qwen32B-int4_retail_50runs,verbalized,bge-m3,1d3ebe52-ccdb-48fc-a699-921cf6ffb6c4,10,56,agent,0.7215834259986877,0.3684210526315789,0.0,0.46464449167251587,0.003309363668615173,,0,1
qwen32B-int4_retail_50runs,verbalized,bge-m3,1d3ebe52-ccdb-48fc-a699-921cf6ffb6c4,11,56,tool,,,,,,,0,1
qwen32B-int4_retail_50runs,verbalized,bge-m3,1d3ebe52-ccdb-48fc-a699-921cf6ffb6c4,12,56,agent,0.6399475336074829,0.12857142857142856,0.0,,,,0,1
qwen32B-int4_retail_50runs,verbalized,bge-m3,1d3ebe52-ccdb-48fc-a699-921cf6ffb6c4,13,56,user,,,,,,0.18401777744293213,0,1
qwen32B-int4_retail_50runs,verbalized,bge-m3,1d3ebe52-ccdb-48fc-a699-921cf6ffb6c4,14,56,agent,0.9826563000679016,0.8333333333333334,0.8333333333333334,0.45624029636383057,-0.0021442174911499023,,0,1
qwen32B-int4_retail_50runs,verbalized,bge-m3,1d3ebe52-ccdb-48fc-a699-921cf6ffb6c4,15,56,tool,,,,,,,0,1
qwen32B-int4_retail_50runs,verbalized,bge-m3,1d3ebe52-ccdb-48fc-a699-921cf6ffb6c4,16,56,agent,0.9548125863075256,0.673469387755102,0.0,,,,0,1
qwen32B-int4_retail_50runs,verbalized,bge-m3,1d3ebe52-ccdb-48fc-a699-921cf6ffb6c4,17,56,user,,,,,,0.19126206636428833,0,1
qwen32B-int4_retail_50runs,verbalized,bge-m3,1d3ebe52-ccdb-48fc-a699-921cf6ffb6c4,18,56,agent,0.9867693185806274,0.8333333333333334,0.8333333333333334,0.46476811170578003,0.003397624601017335,,0,1
qwen32B-int4_retail_50runs,verbalized,bge-m3,1d3ebe52-ccdb-48fc-a699-921cf6ffb6c4,19,56,tool,,,,,,,0,1
qwen32B-int4_retail_50runs,verbalized,bge-m3,1d3ebe52-ccdb-48fc-a699-921cf6ffb6c4,20,56,agent,0.9805659651756287,0.6666666666666666,0.0,,,,0,1
qwen32B-int4_retail_50runs,verbalized,bge-m3,1d3ebe52-ccdb-48fc-a699-921cf6ffb6c4,21,56,user,,,,,,0.4245476722717285,0,1
qwen32B-int4_retail_50runs,verbalized,bge-m3,1d3ebe52-ccdb-48fc-a699-921cf6ffb6c4,22,56,agent,0.8500875234603882,0.4666666666666667,0.0,0.32443559169769287,-0.18011480840769678,,0,1
qwen32B-int4_retail_50runs,verbalized,bge-m3,1d3ebe52-ccdb-48fc-a699-921cf6ffb6c4,23,56,tool,,,,,,,0,1
qwen32B-int4_retail_50runs,verbalized,bge-m3,1d3ebe52-ccdb-48fc-a699-921cf6ffb6c4,24,56,agent,0.7048565745353699,0.15730337078651685,0.0,,,,0,1
qwen32B-int4_retail_50runs,verbalized,bge-m3,1d3ebe52-ccdb-48fc-a699-921cf6ffb6c4,25,56,user,,,,,,0.19726908206939697,0,1
qwen32B-int4_retail_50runs,verbalized,bge-m3,1d3ebe52-ccdb-48fc-a699-921cf6ffb6c4,26,56,agent,0.8477666974067688,0.4666666666666667,0.0,0.38990581035614014,-0.0796420249071988,,0,1
qwen32B-int4_retail_50runs,verbalized,bge-m3,1d3ebe52-ccdb-48fc-a699-921cf6ffb6c4,27,56,tool,,,,,,,0,1
qwen32B-int4_retail_50runs,verbalized,bge-m3,1d3ebe52-ccdb-48fc-a699-921cf6ffb6c4,28,56,agent,0.709658682346344,0.12173913043478261,0.0,,,,0,1
qwen32B-int4_retail_50runs,verbalized,bge-m3,1d3ebe52-ccdb-48fc-a699-921cf6ffb6c4,29,56,user,,,,,,0.30804336071014404,0,1
qwen32B-int4_retail_50runs,verbalized,bge-m3,1d3ebe52-ccdb-48fc-a699-921cf6ffb6c4,30,56,agent,0.9825028777122498,0.6923076923076923,0.0,0.4126894474029541,-0.05097540671175177,,0,1
qwen32B-int4_retail_50runs,verbalized,bge-m3,1d3ebe52-ccdb-48fc-a699-921cf6ffb6c4,31,56,tool,,,,,,,0,1
qwen32B-int4_retail_50runs,verbalized,bge-m3,1d3ebe52-ccdb-48fc-a699-921cf6ffb6c4,32,56,agent,0.7870983481407166,0.20422535211267606,0.0,,,,0,1
qwen32B-int4_retail_50runs,verbalized,bge-m3,1d3ebe52-ccdb-48fc-a699-921cf6ffb6c4,33,56,user,,,,,,0.3094414472579956,0,1
qwen32B-int4_retail_50runs,verbalized,bge-m3,1d3ebe52-ccdb-48fc-a699-921cf6ffb6c4,34,56,agent,0.9199989438056946,0.4666666666666667,0.0,0.4476664662361145,-0.030488618395545286,,0,1
qwen32B-int4_retail_50runs,verbalized,bge-m3,1d3ebe52-ccdb-48fc-a699-921cf6ffb6c4,35,56,tool,,,,,,,0,1
qwen32B-int4_retail_50runs,verbalized,bge-m3,1d3ebe52-ccdb-48fc-a699-921cf6ffb6c4,36,56,agent,0.8149834871292114,0.3142857142857143,0.0,,,,0,1
qwen32B-int4_retail_50runs,verbalized,bge-m3,1d3ebe52-ccdb-48fc-a699-921cf6ffb6c4,37,56,user,,,,,,0.26735490560531616,0,1
qwen32B-int4_retail_50runs,verbalized,bge-m3,1d3ebe52-ccdb-48fc-a699-921cf6ffb6c4,38,56,agent,0.9666573405265808,0.6923076923076923,0.0,0.4210096597671509,-0.06511471488259057,,0,1
qwen32B-int4_retail_50runs,verbalized,bge-m3,1d3ebe52-ccdb-48fc-a699-921cf6ffb6c4,39,56,tool,,,,,,,0,1
qwen32B-int4_retail_50runs,verbalized,bge-m3,1d3ebe52-ccdb-48fc-a699-921cf6ffb6c4,40,56,agent,0.7353821992874146,0.5588235294117647,0.0,,,,0,1
qwen32B-int4_retail_50runs,verbalized,bge-m3,1d3ebe52-ccdb-48fc-a699-921cf6ffb6c4,41,56,user,,,,,,0.28394317626953125,0,1
qwen32B-int4_retail_50runs,verbalized,bge-m3,1d3ebe52-ccdb-48fc-a699-921cf6ffb6c4,42,56,agent,0.9776097536087036,0.6923076923076923,0.0,0.4531198740005493,-0.009595868262377627,,0,1
qwen32B-int4_retail_50runs,verbalized,bge-m3,1d3ebe52-ccdb-48fc-a699-921cf6ffb6c4,43,56,tool,,,,,,,0,1
qwen32B-int4_retail_50runs,verbalized,bge-m3,1d3ebe52-ccdb-48fc-a699-921cf6ffb6c4,44,56,agent,0.7614482641220093,0.5652173913043478,0.0,,,,0,1
qwen32B-int4_retail_50runs,verbalized,bge-m3,1d3ebe52-ccdb-48fc-a699-921cf6ffb6c4,45,56,user,,,,,,0.3315412998199463,0,1
qwen32B-int4_retail_50runs,verbalized,bge-m3,1d3ebe52-ccdb-48fc-a699-921cf6ffb6c4,46,56,agent,0.9752325415611267,0.6923076923076923,0.0,0.4159057140350342,-0.06852211193604901,,0,1
qwen32B-int4_retail_50runs,verbalized,bge-m3,1d3ebe52-ccdb-48fc-a699-921cf6ffb6c4,47,56,tool,,,,,,,0,1
qwen32B-int4_retail_50runs,verbalized,bge-m3,1d3ebe52-ccdb-48fc-a699-921cf6ffb6c4,48,56,agent,0.7551006078720093,0.35384615384615387,0.0,,,,0,1
qwen32B-int4_retail_50runs,verbalized,bge-m3,1d3ebe52-ccdb-48fc-a699-921cf6ffb6c4,49,56,user,,,,,,0.45712554454803467,0,1
qwen32B-int4_retail_50runs,verbalized,bge-m3,1d3ebe52-ccdb-48fc-a699-921cf6ffb6c4,50,56,agent,0.8250201344490051,0.6986301369863014,0.0,,,,0,1
qwen32B-int4_retail_50runs,verbalized,bge-m3,1d3ebe52-ccdb-48fc-a699-921cf6ffb6c4,51,56,user,,,,,,0.6206730306148529,0,1
qwen32B-int4_retail_50runs,verbalized,bge-m3,1d3ebe52-ccdb-48fc-a699-921cf6ffb6c4,52,56,agent,0.5751962661743164,0.0,0.0,0.36751800775527954,-0.08684406768191943,,0,1
qwen32B-int4_retail_50runs,verbalized,bge-m3,1d3ebe52-ccdb-48fc-a699-921cf6ffb6c4,53,56,tool,,,,,,,0,1
qwen32B-int4_retail_50runs,verbalized,bge-m3,1d3ebe52-ccdb-48fc-a699-921cf6ffb6c4,54,56,agent,0.9057449698448181,0.618421052631579,0.0,,,,0,1
qwen32B-int4_retail_50runs,verbalized,bge-m3,1d3ebe52-ccdb-48fc-a699-921cf6ffb6c4,55,56,user,,,,,,0.4914959669113159,0,1
qwen32B-int4_retail_50runs,verbalized,bge-m3,0a28198d-4f89-4ea4-b59f-a34451b17c62,0,20,agent,,,,,,,0,0
qwen32B-int4_retail_50runs,verbalized,bge-m3,0a28198d-4f89-4ea4-b59f-a34451b17c62,1,20,user,,,,,,0.49353283643722534,0,0
qwen32B-int4_retail_50runs,verbalized,bge-m3,0a28198d-4f89-4ea4-b59f-a34451b17c62,2,20,agent,0.5022292137145996,0.06451612903225806,0.0,,,,0,0
qwen32B-int4_retail_50runs,verbalized,bge-m3,0a28198d-4f89-4ea4-b59f-a34451b17c62,3,20,user,,,,,,0.452437162399292,0,0
qwen32B-int4_retail_50runs,verbalized,bge-m3,0a28198d-4f89-4ea4-b59f-a34451b17c62,4,20,agent,0.5931326746940613,0.05128205128205128,0.0,0.5062376856803894,0.11600840091705322,,0,0
qwen32B-int4_retail_50runs,verbalized,bge-m3,0a28198d-4f89-4ea4-b59f-a34451b17c62,5,20,tool,,,,,,,0,0
qwen32B-int4_retail_50runs,verbalized,bge-m3,0a28198d-4f89-4ea4-b59f-a34451b17c62,6,20,agent,0.6720348596572876,0.2,0.0,,,,0,0
qwen32B-int4_retail_50runs,verbalized,bge-m3,0a28198d-4f89-4ea4-b59f-a34451b17c62,7,20,user,,,,,,0.44078415632247925,0,0
qwen32B-int4_retail_50runs,verbalized,bge-m3,0a28198d-4f89-4ea4-b59f-a34451b17c62,8,20,agent,0.6095118522644043,0.27450980392156865,0.0,0.5083064138889313,-0.04044875502586365,,0,0
qwen32B-int4_retail_50runs,verbalized,bge-m3,0a28198d-4f89-4ea4-b59f-a34451b17c62,9,20,tool,,,,,,,0,0
qwen32B-int4_retail_50runs,verbalized,bge-m3,0a28198d-4f89-4ea4-b59f-a34451b17c62,10,20,agent,0.8790607452392578,0.3050847457627119,0.0,,,,0,0
qwen32B-int4_retail_50runs,verbalized,bge-m3,0a28198d-4f89-4ea4-b59f-a34451b17c62,11,20,user,,,,,,0.1927880048751831,0,0
qwen32B-int4_retail_50runs,verbalized,bge-m3,0a28198d-4f89-4ea4-b59f-a34451b17c62,12,20,agent,0.8284201622009277,0.22,0.0,0.4671401381492615,-0.16518932580947876,,0,0
qwen32B-int4_retail_50runs,verbalized,bge-m3,0a28198d-4f89-4ea4-b59f-a34451b17c62,13,20,tool,,,,,,,0,0
qwen32B-int4_retail_50runs,verbalized,bge-m3,0a28198d-4f89-4ea4-b59f-a34451b17c62,14,20,agent,0.7292845249176025,0.1643835616438356,0.0,,,,0,0
qwen32B-int4_retail_50runs,verbalized,bge-m3,0a28198d-4f89-4ea4-b59f-a34451b17c62,15,20,user,,,,,,0.4063712954521179,0,0
qwen32B-int4_retail_50runs,verbalized,bge-m3,0a28198d-4f89-4ea4-b59f-a34451b17c62,16,20,agent,0.7575613260269165,0.18181818181818182,0.0,,,,0,0
qwen32B-int4_retail_50runs,verbalized,bge-m3,0a28198d-4f89-4ea4-b59f-a34451b17c62,17,20,user,,,,,,0.2930932641029358,0,0
qwen32B-int4_retail_50runs,verbalized,bge-m3,0a28198d-4f89-4ea4-b59f-a34451b17c62,18,20,agent,0.6224695444107056,0.2909090909090909,0.0,,,,0,0
qwen32B-int4_retail_50runs,verbalized,bge-m3,0a28198d-4f89-4ea4-b59f-a34451b17c62,19,20,user,,,,,,0.3946404457092285,0,0
qwen32B-int4_retail_50runs,verbalized,bge-m3,b2c47c53-76ea-4d56-bf76-e3c2925553ba,0,44,agent,,,,,,,0,1
qwen32B-int4_retail_50runs,verbalized,bge-m3,b2c47c53-76ea-4d56-bf76-e3c2925553ba,1,44,user,,,,,,0.4095310568809509,0,1
qwen32B-int4_retail_50runs,verbalized,bge-m3,b2c47c53-76ea-4d56-bf76-e3c2925553ba,2,44,agent,0.563281238079071,0.08823529411764706,0.0,,,,0,1
qwen32B-int4_retail_50runs,verbalized,bge-m3,b2c47c53-76ea-4d56-bf76-e3c2925553ba,3,44,user,,,,,,0.42273175716400146,0,1
qwen32B-int4_retail_50runs,verbalized,bge-m3,b2c47c53-76ea-4d56-bf76-e3c2925553ba,4,44,agent,0.6279601454734802,0.046511627906976744,0.0,0.5045230984687805,0.022088454528288393,,0,1
qwen32B-int4_retail_50runs,verbalized,bge-m3,b2c47c53-76ea-4d56-bf76-e3c2925553ba,5,44,tool,,,,,,,0,1
qwen32B-int4_retail_50runs,verbalized,bge-m3,b2c47c53-76ea-4d56-bf76-e3c2925553ba,6,44,agent,0.6010463237762451,0.22641509433962265,0.0,,,,0,1
qwen32B-int4_retail_50runs,verbalized,bge-m3,b2c47c53-76ea-4d56-bf76-e3c2925553ba,7,44,user,,,,,,0.32127243280410767,0,1
qwen32B-int4_retail_50runs,verbalized,bge-m3,b2c47c53-76ea-4d56-bf76-e3c2925553ba,8,44,agent,0.8141058683395386,0.2826086956521739,0.0,,,,0,1
qwen32B-int4_retail_50runs,verbalized,bge-m3,b2c47c53-76ea-4d56-bf76-e3c2925553ba,9,44,user,,,,,,0.36230558156967163,0,1
qwen32B-int4_retail_50runs,verbalized,bge-m3,b2c47c53-76ea-4d56-bf76-e3c2925553ba,10,44,agent,0.6409863233566284,0.17857142857142858,0.0,0.48092806339263916,0.03937425125728955,,0,1
qwen32B-int4_retail_50runs,verbalized,bge-m3,b2c47c53-76ea-4d56-bf76-e3c2925553ba,11,44,tool,,,,,,,0,1
qwen32B-int4_retail_50runs,verbalized,bge-m3,b2c47c53-76ea-4d56-bf76-e3c2925553ba,12,44,agent,0.8127213716506958,0.26,0.0,,,,0,1
qwen32B-int4_retail_50runs,verbalized,bge-m3,b2c47c53-76ea-4d56-bf76-e3c2925553ba,13,44,user,,,,,,0.13231539726257324,0,1
qwen32B-int4_retail_50runs,verbalized,bge-m3,b2c47c53-76ea-4d56-bf76-e3c2925553ba,14,44,agent,0.6234387159347534,0.02040816326530612,0.0,0.3891185522079468,-0.07407891750335693,,0,1
qwen32B-int4_retail_50runs,verbalized,bge-m3,b2c47c53-76ea-4d56-bf76-e3c2925553ba,15,44,tool,,,,,,,0,1
qwen32B-int4_retail_50runs,verbalized,bge-m3,b2c47c53-76ea-4d56-bf76-e3c2925553ba,16,44,agent,0.8471136093139648,0.2777777777777778,0.0,,,,0,1
qwen32B-int4_retail_50runs,verbalized,bge-m3,b2c47c53-76ea-4d56-bf76-e3c2925553ba,17,44,user,,,,,,0.22072696685791016,0,1
qwen32B-int4_retail_50runs,verbalized,bge-m3,b2c47c53-76ea-4d56-bf76-e3c2925553ba,18,44,agent,0.7459071278572083,0.20454545454545456,0.0,0.33989131450653076,-0.10520669005133887,,0,1
qwen32B-int4_retail_50runs,verbalized,bge-m3,b2c47c53-76ea-4d56-bf76-e3c2925553ba,19,44,tool,,,,,,,0,1
qwen32B-int4_retail_50runs,verbalized,bge-m3,b2c47c53-76ea-4d56-bf76-e3c2925553ba,20,44,agent,0.7658804655075073,0.3404255319148936,0.0,0.4230825901031494,-0.027537987990812807,,0,1
qwen32B-int4_retail_50runs,verbalized,bge-m3,b2c47c53-76ea-4d56-bf76-e3c2925553ba,21,44,tool,,,,,,,0,1
qwen32B-int4_retail_50runs,verbalized,bge-m3,b2c47c53-76ea-4d56-bf76-e3c2925553ba,22,44,agent,0.7737982869148254,0.5087719298245614,0.0,0.39215099811553955,-0.05806142362681305,,0,1
qwen32B-int4_retail_50runs,verbalized,bge-m3,b2c47c53-76ea-4d56-bf76-e3c2925553ba,23,44,tool,,,,,,,0,1
qwen32B-int4_retail_50runs,verbalized,bge-m3,b2c47c53-76ea-4d56-bf76-e3c2925553ba,24,44,agent,0.8508687019348145,0.4069767441860465,0.0,,,,0,1
qwen32B-int4_retail_50runs,verbalized,bge-m3,b2c47c53-76ea-4d56-bf76-e3c2925553ba,25,44,user,,,,,,0.4014342427253723,0,1
qwen32B-int4_retail_50runs,verbalized,bge-m3,b2c47c53-76ea-4d56-bf76-e3c2925553ba,26,44,agent,0.827843189239502,0.36046511627906974,0.0,0.41399914026260376,-0.04865327206524933,,0,1
qwen32B-int4_retail_50runs,verbalized,bge-m3,b2c47c53-76ea-4d56-bf76-e3c2925553ba,27,44,tool,,,,,,,0,1
qwen32B-int4_retail_50runs,verbalized,bge-m3,b2c47c53-76ea-4d56-bf76-e3c2925553ba,28,44,agent,0.7545905113220215,0.46,0.0,0.30991703271865845,-0.164022757248445,,0,1
qwen32B-int4_retail_50runs,verbalized,bge-m3,b2c47c53-76ea-4d56-bf76-e3c2925553ba,29,44,tool,,,,,,,0,1
qwen32B-int4_retail_50runs,verbalized,bge-m3,b2c47c53-76ea-4d56-bf76-e3c2925553ba,30,44,agent,0.8425107002258301,0.6052631578947368,0.0,0.4080226421356201,-0.03751055218956689,,0,1
qwen32B-int4_retail_50runs,verbalized,bge-m3,b2c47c53-76ea-4d56-bf76-e3c2925553ba,31,44,tool,,,,,,,0,1
qwen32B-int4_retail_50runs,verbalized,bge-m3,b2c47c53-76ea-4d56-bf76-e3c2925553ba,32,44,agent,0.8278458118438721,0.29411764705882354,0.0,,,,0,1
qwen32B-int4_retail_50runs,verbalized,bge-m3,b2c47c53-76ea-4d56-bf76-e3c2925553ba,33,44,user,,,,,,0.4081529974937439,0,1
qwen32B-int4_retail_50runs,verbalized,bge-m3,b2c47c53-76ea-4d56-bf76-e3c2925553ba,34,44,agent,0.6868365406990051,0.056338028169014086,0.0,0.3062182664871216,-0.10350644046610052,,0,1
qwen32B-int4_retail_50runs,verbalized,bge-m3,b2c47c53-76ea-4d56-bf76-e3c2925553ba,35,44,tool,,,,,,,0,1
qwen32B-int4_retail_50runs,verbalized,bge-m3,b2c47c53-76ea-4d56-bf76-e3c2925553ba,36,44,agent,0.782880425453186,0.21518987341772153,0.0,0.38102084398269653,-0.060455996881831786,,0,1
qwen32B-int4_retail_50runs,verbalized,bge-m3,b2c47c53-76ea-4d56-bf76-e3c2925553ba,37,44,tool,,,,,,,0,1
qwen32B-int4_retail_50runs,verbalized,bge-m3,b2c47c53-76ea-4d56-bf76-e3c2925553ba,38,44,agent,0.9409648776054382,0.825,0.0,0.429942786693573,-0.007823916998776548,,0,1
qwen32B-int4_retail_50runs,verbalized,bge-m3,b2c47c53-76ea-4d56-bf76-e3c2925553ba,39,44,tool,,,,,,,0,1
qwen32B-int4_retail_50runs,verbalized,bge-m3,b2c47c53-76ea-4d56-bf76-e3c2925553ba,40,44,agent,0.8485726118087769,0.3709677419354839,0.0,,,,0,1
qwen32B-int4_retail_50runs,verbalized,bge-m3,b2c47c53-76ea-4d56-bf76-e3c2925553ba,41,44,user,,,,,,0.3828378915786743,0,1
qwen32B-int4_retail_50runs,verbalized,bge-m3,b2c47c53-76ea-4d56-bf76-e3c2925553ba,42,44,agent,0.4799145758152008,0.09230769230769231,0.0,,,,0,1
qwen32B-int4_retail_50runs,verbalized,bge-m3,b2c47c53-76ea-4d56-bf76-e3c2925553ba,43,44,user,,,,,,0.40679651498794556,0,1
qwen32B-int4_retail_50runs,verbalized,bge-m3,b5ab9856-ea23-4637-815f-e46449ce54de,0,20,agent,,,,,,,0,0
qwen32B-int4_retail_50runs,verbalized,bge-m3,b5ab9856-ea23-4637-815f-e46449ce54de,1,20,user,,,,,,0.5456519424915314,0,0
qwen32B-int4_retail_50runs,verbalized,bge-m3,b5ab9856-ea23-4637-815f-e46449ce54de,2,20,agent,0.5126784443855286,0.08695652173913043,0.0,,,,0,0
qwen32B-int4_retail_50runs,verbalized,bge-m3,b5ab9856-ea23-4637-815f-e46449ce54de,3,20,user,,,,,,0.33391255140304565,0,0
qwen32B-int4_retail_50runs,verbalized,bge-m3,b5ab9856-ea23-4637-815f-e46449ce54de,4,20,agent,0.6106825470924377,0.05454545454545454,0.0,0.5288824439048767,0.10304786264896393,,0,0
qwen32B-int4_retail_50runs,verbalized,bge-m3,b5ab9856-ea23-4637-815f-e46449ce54de,5,20,tool,,,,,,,0,0
qwen32B-int4_retail_50runs,verbalized,bge-m3,b5ab9856-ea23-4637-815f-e46449ce54de,6,20,agent,0.858066976070404,0.3684210526315789,0.0,0.2954181432723999,-0.12405620515346527,,0,0
qwen32B-int4_retail_50runs,verbalized,bge-m3,b5ab9856-ea23-4637-815f-e46449ce54de,7,20,tool,,,,,,,0,0
qwen32B-int4_retail_50runs,verbalized,bge-m3,b5ab9856-ea23-4637-815f-e46449ce54de,8,20,agent,0.591763973236084,0.0425531914893617,0.0,,,,0,0
qwen32B-int4_retail_50runs,verbalized,bge-m3,b5ab9856-ea23-4637-815f-e46449ce54de,9,20,user,,,,,,0.3410683870315552,0,0
qwen32B-int4_retail_50runs,verbalized,bge-m3,b5ab9856-ea23-4637-815f-e46449ce54de,10,20,agent,0.8213813304901123,0.4666666666666667,0.0,0.426766037940979,-0.04345783591270447,,0,0
qwen32B-int4_retail_50runs,verbalized,bge-m3,b5ab9856-ea23-4637-815f-e46449ce54de,11,20,tool,,,,,,,0,0
qwen32B-int4_retail_50runs,verbalized,bge-m3,b5ab9856-ea23-4637-815f-e46449ce54de,12,20,agent,0.9835097789764404,0.6923076923076923,0.0,0.4128369092941284,-0.07156085968017578,,0,0
qwen32B-int4_retail_50runs,verbalized,bge-m3,b5ab9856-ea23-4637-815f-e46449ce54de,13,20,tool,,,,,,,0,0
qwen32B-int4_retail_50runs,verbalized,bge-m3,b5ab9856-ea23-4637-815f-e46449ce54de,14,20,agent,0.9912320375442505,0.6923076923076923,0.0,0.4011690616607666,-0.0813789814710617,,0,0
qwen32B-int4_retail_50runs,verbalized,bge-m3,b5ab9856-ea23-4637-815f-e46449ce54de,15,20,tool,,,,,,,0,0
qwen32B-int4_retail_50runs,verbalized,bge-m3,b5ab9856-ea23-4637-815f-e46449ce54de,16,20,agent,0.5251187086105347,0.03389830508474576,0.0,,,,0,0
qwen32B-int4_retail_50runs,verbalized,bge-m3,b5ab9856-ea23-4637-815f-e46449ce54de,17,20,user,,,,,,0.2921041250228882,0,0
qwen32B-int4_retail_50runs,verbalized,bge-m3,b5ab9856-ea23-4637-815f-e46449ce54de,18,20,agent,0.6839949488639832,0.3176470588235294,0.0,,,,0,0
qwen32B-int4_retail_50runs,verbalized,bge-m3,b5ab9856-ea23-4637-815f-e46449ce54de,19,20,user,,,,,,0.621177077293396,0,0
qwen32B-int4_retail_50runs,verbalized,bge-m3,3f40c075-a57b-4a90-8a6d-959f783c4e00,0,22,agent,,,,,,,0,0
qwen32B-int4_retail_50runs,verbalized,bge-m3,3f40c075-a57b-4a90-8a6d-959f783c4e00,1,22,user,,,,,,0.49713796377182007,0,0
qwen32B-int4_retail_50runs,verbalized,bge-m3,3f40c075-a57b-4a90-8a6d-959f783c4e00,2,22,agent,0.5299368500709534,0.10810810810810811,0.0,,,,0,0
qwen32B-int4_retail_50runs,verbalized,bge-m3,3f40c075-a57b-4a90-8a6d-959f783c4e00,3,22,user,,,,,,0.31297874450683594,0,0
qwen32B-int4_retail_50runs,verbalized,bge-m3,3f40c075-a57b-4a90-8a6d-959f783c4e00,4,22,agent,0.6091740727424622,0.0425531914893617,0.0,0.5198205411434174,0.08696506619453431,,0,0
qwen32B-int4_retail_50runs,verbalized,bge-m3,3f40c075-a57b-4a90-8a6d-959f783c4e00,5,22,tool,,,,,,,0,0
qwen32B-int4_retail_50runs,verbalized,bge-m3,3f40c075-a57b-4a90-8a6d-959f783c4e00,6,22,agent,0.8533239364624023,0.3684210526315789,0.0,0.29132604598999023,-0.1252663254737854,,0,0
qwen32B-int4_retail_50runs,verbalized,bge-m3,3f40c075-a57b-4a90-8a6d-959f783c4e00,7,22,tool,,,,,,,0,0
qwen32B-int4_retail_50runs,verbalized,bge-m3,3f40c075-a57b-4a90-8a6d-959f783c4e00,8,22,agent,0.5372406244277954,0.03508771929824561,0.0,,,,0,0
qwen32B-int4_retail_50runs,verbalized,bge-m3,3f40c075-a57b-4a90-8a6d-959f783c4e00,9,22,user,,,,,,0.30165910720825195,0,0
qwen32B-int4_retail_50runs,verbalized,bge-m3,3f40c075-a57b-4a90-8a6d-959f783c4e00,10,22,agent,0.8186505436897278,0.4666666666666667,0.0,0.4343441128730774,-0.023120909929275513,,0,0
qwen32B-int4_retail_50runs,verbalized,bge-m3,3f40c075-a57b-4a90-8a6d-959f783c4e00,11,22,tool,,,,,,,0,0
qwen32B-int4_retail_50runs,verbalized,bge-m3,3f40c075-a57b-4a90-8a6d-959f783c4e00,12,22,agent,0.9891255497932434,0.6923076923076923,0.0,0.4040222764015198,-0.0541807174682617,,0,0
qwen32B-int4_retail_50runs,verbalized,bge-m3,3f40c075-a57b-4a90-8a6d-959f783c4e00,13,22,tool,,,,,,,0,0
qwen32B-int4_retail_50runs,verbalized,bge-m3,3f40c075-a57b-4a90-8a6d-959f783c4e00,14,22,agent,0.9812638163566589,0.6923076923076923,0.0,0.4062387943267822,-0.05725537538528441,,0,0
qwen32B-int4_retail_50runs,verbalized,bge-m3,3f40c075-a57b-4a90-8a6d-959f783c4e00,15,22,tool,,,,,,,0,0
qwen32B-int4_retail_50runs,verbalized,bge-m3,3f40c075-a57b-4a90-8a6d-959f783c4e00,16,22,agent,0.5324154496192932,0.03389830508474576,0.0,,,,0,0
qwen32B-int4_retail_50runs,verbalized,bge-m3,3f40c075-a57b-4a90-8a6d-959f783c4e00,17,22,user,,,,,,0.1921178102493286,0,0
qwen32B-int4_retail_50runs,verbalized,bge-m3,3f40c075-a57b-4a90-8a6d-959f783c4e00,18,22,agent,0.8747767210006714,0.5,0.0,0.2998494505882263,-0.11513767242431638,,0,0
qwen32B-int4_retail_50runs,verbalized,bge-m3,3f40c075-a57b-4a90-8a6d-959f783c4e00,19,22,tool,,,,,,,0,0
qwen32B-int4_retail_50runs,verbalized,bge-m3,3f40c075-a57b-4a90-8a6d-959f783c4e00,20,22,agent,0.7260746955871582,0.20689655172413793,0.0,,,,0,0
qwen32B-int4_retail_50runs,verbalized,bge-m3,3f40c075-a57b-4a90-8a6d-959f783c4e00,21,22,user,,,,,,0.3364831209182739,0,0
qwen32B-int4_retail_50runs,verbalized,bge-m3,57b083f1-bcc5-41b2-8fde-e76b2c7e17b7,0,28,agent,,,,,,,0,1
qwen32B-int4_retail_50runs,verbalized,bge-m3,57b083f1-bcc5-41b2-8fde-e76b2c7e17b7,1,28,user,,,,,,0.47115617990493774,0,1
qwen32B-int4_retail_50runs,verbalized,bge-m3,57b083f1-bcc5-41b2-8fde-e76b2c7e17b7,2,28,agent,0.49471208453178406,0.06382978723404255,0.0,,,,0,1
qwen32B-int4_retail_50runs,verbalized,bge-m3,57b083f1-bcc5-41b2-8fde-e76b2c7e17b7,3,28,user,,,,,,0.6302030682563782,0,1
qwen32B-int4_retail_50runs,verbalized,bge-m3,57b083f1-bcc5-41b2-8fde-e76b2c7e17b7,4,28,agent,0.5865223407745361,0.03571428571428571,0.0,0.5289110839366913,0.08303517528942655,,0,1
qwen32B-int4_retail_50runs,verbalized,bge-m3,57b083f1-bcc5-41b2-8fde-e76b2c7e17b7,5,28,tool,,,,,,,0,1
qwen32B-int4_retail_50runs,verbalized,bge-m3,57b083f1-bcc5-41b2-8fde-e76b2c7e17b7,6,28,agent,0.7522130608558655,0.2923076923076923,0.0,,,,0,1
qwen32B-int4_retail_50runs,verbalized,bge-m3,57b083f1-bcc5-41b2-8fde-e76b2c7e17b7,7,28,user,,,,,,0.26093077659606934,0,1
qwen32B-int4_retail_50runs,verbalized,bge-m3,57b083f1-bcc5-41b2-8fde-e76b2c7e17b7,8,28,agent,0.7645871639251709,0.21818181818181817,0.0,0.41851264238357544,-0.017981601612908515,,0,1
qwen32B-int4_retail_50runs,verbalized,bge-m3,57b083f1-bcc5-41b2-8fde-e76b2c7e17b7,9,28,tool,,,,,,,0,1
qwen32B-int4_retail_50runs,verbalized,bge-m3,57b083f1-bcc5-41b2-8fde-e76b2c7e17b7,10,28,agent,0.7579302191734314,0.26666666666666666,0.0,,,,0,1
qwen32B-int4_retail_50runs,verbalized,bge-m3,57b083f1-bcc5-41b2-8fde-e76b2c7e17b7,11,28,user,,,,,,0.16982847452163696,0,1
qwen32B-int4_retail_50runs,verbalized,bge-m3,57b083f1-bcc5-41b2-8fde-e76b2c7e17b7,12,28,agent,0.7759634256362915,0.2,0.0,0.4200969338417053,-0.027131233896527995,,0,1
qwen32B-int4_retail_50runs,verbalized,bge-m3,57b083f1-bcc5-41b2-8fde-e76b2c7e17b7,13,28,tool,,,,,,,0,1
qwen32B-int4_retail_50runs,verbalized,bge-m3,57b083f1-bcc5-41b2-8fde-e76b2c7e17b7,14,28,agent,0.8590071797370911,0.3493975903614458,0.0,0.3275742530822754,-0.06811420406614033,,0,1
qwen32B-int4_retail_50runs,verbalized,bge-m3,57b083f1-bcc5-41b2-8fde-e76b2c7e17b7,15,28,tool,,,,,,,0,1
qwen32B-int4_retail_50runs,verbalized,bge-m3,57b083f1-bcc5-41b2-8fde-e76b2c7e17b7,16,28,agent,0.8552424907684326,0.4431818181818182,0.0,,,,0,1
qwen32B-int4_retail_50runs,verbalized,bge-m3,57b083f1-bcc5-41b2-8fde-e76b2c7e17b7,17,28,user,,,,,,0.394450843334198,0,1
qwen32B-int4_retail_50runs,verbalized,bge-m3,57b083f1-bcc5-41b2-8fde-e76b2c7e17b7,18,28,agent,0.8492838740348816,0.2716049382716049,0.0,0.28567802906036377,-0.08413680962153841,,0,1
qwen32B-int4_retail_50runs,verbalized,bge-m3,57b083f1-bcc5-41b2-8fde-e76b2c7e17b7,19,28,tool,,,,,,,0,1
qwen32B-int4_retail_50runs,verbalized,bge-m3,57b083f1-bcc5-41b2-8fde-e76b2c7e17b7,20,28,agent,0.8536747694015503,0.3684210526315789,0.0,0.3289579153060913,-0.052737636225564155,,0,1
qwen32B-int4_retail_50runs,verbalized,bge-m3,57b083f1-bcc5-41b2-8fde-e76b2c7e17b7,21,28,tool,,,,,,,0,1
qwen32B-int4_retail_50runs,verbalized,bge-m3,57b083f1-bcc5-41b2-8fde-e76b2c7e17b7,22,28,agent,0.8687925338745117,0.2777777777777778,0.0,0.2575399875640869,-0.10360489998544964,,0,1
qwen32B-int4_retail_50runs,verbalized,bge-m3,57b083f1-bcc5-41b2-8fde-e76b2c7e17b7,23,28,tool,,,,,,,0,1
qwen32B-int4_retail_50runs,verbalized,bge-m3,57b083f1-bcc5-41b2-8fde-e76b2c7e17b7,24,28,agent,0.8131145238876343,0.44776119402985076,0.0,0.37265700101852417,-0.05029686859675814,,0,1
qwen32B-int4_retail_50runs,verbalized,bge-m3,57b083f1-bcc5-41b2-8fde-e76b2c7e17b7,25,28,tool,,,,,,,0,1
qwen32B-int4_retail_50runs,verbalized,bge-m3,57b083f1-bcc5-41b2-8fde-e76b2c7e17b7,26,28,agent,0.917863130569458,0.4225352112676056,0.0,,,,0,1
qwen32B-int4_retail_50runs,verbalized,bge-m3,57b083f1-bcc5-41b2-8fde-e76b2c7e17b7,27,28,user,,,,,,0.5855745077133179,0,1
qwen32B-int4_retail_50runs,verbalized,bge-m3,8d6c3fb1-99fc-48f5-9135-669f97ce323b,0,38,agent,,,,,,,0,1
qwen32B-int4_retail_50runs,verbalized,bge-m3,8d6c3fb1-99fc-48f5-9135-669f97ce323b,1,38,user,,,,,,0.42500436305999756,0,1
qwen32B-int4_retail_50runs,verbalized,bge-m3,8d6c3fb1-99fc-48f5-9135-669f97ce323b,2,38,agent,0.5359626412391663,0.14285714285714285,0.0,,,,0,1
qwen32B-int4_retail_50runs,verbalized,bge-m3,8d6c3fb1-99fc-48f5-9135-669f97ce323b,3,38,user,,,,,,0.2269752025604248,0,1
qwen32B-int4_retail_50runs,verbalized,bge-m3,8d6c3fb1-99fc-48f5-9135-669f97ce323b,4,38,agent,0.5600816607475281,0.02564102564102564,0.0,0.5261210203170776,-0.0073931291699409485,,0,1
qwen32B-int4_retail_50runs,verbalized,bge-m3,8d6c3fb1-99fc-48f5-9135-669f97ce323b,5,38,tool,,,,,,,0,1
qwen32B-int4_retail_50runs,verbalized,bge-m3,8d6c3fb1-99fc-48f5-9135-669f97ce323b,6,38,agent,0.858647346496582,0.3684210526315789,0.0,0.2918640971183777,-0.22667306661605835,,0,1
qwen32B-int4_retail_50runs,verbalized,bge-m3,8d6c3fb1-99fc-48f5-9135-669f97ce323b,7,38,tool,,,,,,,0,1
qwen32B-int4_retail_50runs,verbalized,bge-m3,8d6c3fb1-99fc-48f5-9135-669f97ce323b,8,38,agent,0.547328531742096,0.0425531914893617,0.0,,,,0,1
qwen32B-int4_retail_50runs,verbalized,bge-m3,8d6c3fb1-99fc-48f5-9135-669f97ce323b,9,38,user,,,,,,0.440552294254303,0,1
qwen32B-int4_retail_50runs,verbalized,bge-m3,8d6c3fb1-99fc-48f5-9135-669f97ce323b,10,38,agent,0.8468334674835205,0.375,0.0,,,,0,1
qwen32B-int4_retail_50runs,verbalized,bge-m3,8d6c3fb1-99fc-48f5-9135-669f97ce323b,11,38,user,,,,,,0.35252320766448975,0,1
qwen32B-int4_retail_50runs,verbalized,bge-m3,8d6c3fb1-99fc-48f5-9135-669f97ce323b,12,38,agent,0.5698334574699402,0.023809523809523808,0.0,0.4314015507698059,-0.06340750679373741,,0,1
qwen32B-int4_retail_50runs,verbalized,bge-m3,8d6c3fb1-99fc-48f5-9135-669f97ce323b,13,38,tool,,,,,,,0,1
qwen32B-int4_retail_50runs,verbalized,bge-m3,8d6c3fb1-99fc-48f5-9135-669f97ce323b,14,38,agent,0.6084392070770264,0.14285714285714285,0.0,,,,0,1
qwen32B-int4_retail_50runs,verbalized,bge-m3,8d6c3fb1-99fc-48f5-9135-669f97ce323b,15,38,user,,,,,,0.241926908493042,0,1
qwen32B-int4_retail_50runs,verbalized,bge-m3,8d6c3fb1-99fc-48f5-9135-669f97ce323b,16,38,agent,0.9832580089569092,0.6923076923076923,0.0,0.40234142541885376,-0.09290558099746704,,0,1
qwen32B-int4_retail_50runs,verbalized,bge-m3,8d6c3fb1-99fc-48f5-9135-669f97ce323b,17,38,tool,,,,,,,0,1
qwen32B-int4_retail_50runs,verbalized,bge-m3,8d6c3fb1-99fc-48f5-9135-669f97ce323b,18,38,agent,0.7782588601112366,0.24050632911392406,0.0,,,,0,1
qwen32B-int4_retail_50runs,verbalized,bge-m3,8d6c3fb1-99fc-48f5-9135-669f97ce323b,19,38,user,,,,,,0.17634397745132446,0,1
qwen32B-int4_retail_50runs,verbalized,bge-m3,8d6c3fb1-99fc-48f5-9135-669f97ce323b,20,38,agent,0.8788266181945801,0.5,0.0,0.35022270679473877,-0.1115654855966568,,0,1
qwen32B-int4_retail_50runs,verbalized,bge-m3,8d6c3fb1-99fc-48f5-9135-669f97ce323b,21,38,tool,,,,,,,0,1
qwen32B-int4_retail_50runs,verbalized,bge-m3,8d6c3fb1-99fc-48f5-9135-669f97ce323b,22,38,agent,0.9322924613952637,0.5714285714285714,0.0,0.4571568965911865,0.013071417808532715,,0,1
qwen32B-int4_retail_50runs,verbalized,bge-m3,8d6c3fb1-99fc-48f5-9135-669f97ce323b,23,38,tool,,,,,,,0,1
qwen32B-int4_retail_50runs,verbalized,bge-m3,8d6c3fb1-99fc-48f5-9135-669f97ce323b,24,38,agent,0.501647412776947,0.0,0.0,,,,0,1
qwen32B-int4_retail_50runs,verbalized,bge-m3,8d6c3fb1-99fc-48f5-9135-669f97ce323b,25,38,user,,,,,,0.18262726068496704,0,1
qwen32B-int4_retail_50runs,verbalized,bge-m3,8d6c3fb1-99fc-48f5-9135-669f97ce323b,26,38,agent,0.9299192428588867,0.631578947368421,0.0,0.4429726004600525,0.005397513508796692,,0,1
qwen32B-int4_retail_50runs,verbalized,bge-m3,8d6c3fb1-99fc-48f5-9135-669f97ce323b,27,38,tool,,,,,,,0,1
qwen32B-int4_retail_50runs,verbalized,bge-m3,8d6c3fb1-99fc-48f5-9135-669f97ce323b,28,38,agent,0.883713960647583,0.3058823529411765,0.0,,,,0,1
qwen32B-int4_retail_50runs,verbalized,bge-m3,8d6c3fb1-99fc-48f5-9135-669f97ce323b,29,38,user,,,,,,0.08919453620910645,0,1
qwen32B-int4_retail_50runs,verbalized,bge-m3,8d6c3fb1-99fc-48f5-9135-669f97ce323b,30,38,agent,0.9331352114677429,0.631578947368421,0.0,0.47205960750579834,0.023837093263864517,,0,1
qwen32B-int4_retail_50runs,verbalized,bge-m3,8d6c3fb1-99fc-48f5-9135-669f97ce323b,31,38,tool,,,,,,,0,1
qwen32B-int4_retail_50runs,verbalized,bge-m3,8d6c3fb1-99fc-48f5-9135-669f97ce323b,32,38,agent,0.8485981225967407,0.35526315789473684,0.0,,,,0,1
qwen32B-int4_retail_50runs,verbalized,bge-m3,8d6c3fb1-99fc-48f5-9135-669f97ce323b,33,38,user,,,,,,0.1676410436630249,0,1
qwen32B-int4_retail_50runs,verbalized,bge-m3,8d6c3fb1-99fc-48f5-9135-669f97ce323b,34,38,agent,0.9313739538192749,0.631578947368421,0.0,0.4428442120552063,0.006906129419803619,,0,1
qwen32B-int4_retail_50runs,verbalized,bge-m3,8d6c3fb1-99fc-48f5-9135-669f97ce323b,35,38,tool,,,,,,,0,1
qwen32B-int4_retail_50runs,verbalized,bge-m3,8d6c3fb1-99fc-48f5-9135-669f97ce323b,36,38,agent,0.6950815916061401,0.3333333333333333,0.0,,,,0,1
qwen32B-int4_retail_50runs,verbalized,bge-m3,8d6c3fb1-99fc-48f5-9135-669f97ce323b,37,38,user,,,,,,0.5332588255405426,0,1
qwen32B-int4_retail_50runs,verbalized,bge-m3,124a461d-e0ed-4a81-9247-90e5a60866de,0,28,agent,,,,,,,0,0
qwen32B-int4_retail_50runs,verbalized,bge-m3,124a461d-e0ed-4a81-9247-90e5a60866de,1,28,user,,,,,,0.48436611890792847,0,0
qwen32B-int4_retail_50runs,verbalized,bge-m3,124a461d-e0ed-4a81-9247-90e5a60866de,2,28,agent,0.45323845744132996,0.0,0.0,0.5189407169818878,0.07349350386195713,,0,0
qwen32B-int4_retail_50runs,verbalized,bge-m3,124a461d-e0ed-4a81-9247-90e5a60866de,3,28,tool,,,,,,,0,0
qwen32B-int4_retail_50runs,verbalized,bge-m3,124a461d-e0ed-4a81-9247-90e5a60866de,4,28,agent,0.8580438494682312,0.3684210526315789,0.0,0.28797072172164917,-0.13509808977444965,,0,0
qwen32B-int4_retail_50runs,verbalized,bge-m3,124a461d-e0ed-4a81-9247-90e5a60866de,5,28,tool,,,,,,,0,0
qwen32B-int4_retail_50runs,verbalized,bge-m3,124a461d-e0ed-4a81-9247-90e5a60866de,6,28,agent,0.8183749318122864,0.4666666666666667,0.0,0.40892916917800903,-0.05176093180974323,,0,0
qwen32B-int4_retail_50runs,verbalized,bge-m3,124a461d-e0ed-4a81-9247-90e5a60866de,7,28,tool,,,,,,,0,0
qwen32B-int4_retail_50runs,verbalized,bge-m3,124a461d-e0ed-4a81-9247-90e5a60866de,8,28,agent,0.982624888420105,0.6923076923076923,0.0,0.43529170751571655,-0.023082428508334696,,0,0
qwen32B-int4_retail_50runs,verbalized,bge-m3,124a461d-e0ed-4a81-9247-90e5a60866de,9,28,tool,,,,,,,0,0
qwen32B-int4_retail_50runs,verbalized,bge-m3,124a461d-e0ed-4a81-9247-90e5a60866de,10,28,agent,0.9278961420059204,0.4666666666666667,0.0,0.49571049213409424,0.04174128174781799,,0,0
qwen32B-int4_retail_50runs,verbalized,bge-m3,124a461d-e0ed-4a81-9247-90e5a60866de,11,28,tool,,,,,,,0,0
qwen32B-int4_retail_50runs,verbalized,bge-m3,124a461d-e0ed-4a81-9247-90e5a60866de,12,28,agent,0.3863133192062378,0.010752688172043012,0.0,,,,0,0
qwen32B-int4_retail_50runs,verbalized,bge-m3,124a461d-e0ed-4a81-9247-90e5a60866de,13,28,user,,,,,,0.293775737285614,0,0
qwen32B-int4_retail_50runs,verbalized,bge-m3,124a461d-e0ed-4a81-9247-90e5a60866de,14,28,agent,0.8442950248718262,0.4666666666666667,0.0,0.29191434383392334,-0.1326112349828084,,0,0
qwen32B-int4_retail_50runs,verbalized,bge-m3,124a461d-e0ed-4a81-9247-90e5a60866de,15,28,tool,,,,,,,0,0
qwen32B-int4_retail_50runs,verbalized,bge-m3,124a461d-e0ed-4a81-9247-90e5a60866de,16,28,agent,0.8217827081680298,0.4666666666666667,0.0,0.41246235370635986,-0.05406315459145439,,0,0
qwen32B-int4_retail_50runs,verbalized,bge-m3,124a461d-e0ed-4a81-9247-90e5a60866de,17,28,tool,,,,,,,0,0
qwen32B-int4_retail_50runs,verbalized,bge-m3,124a461d-e0ed-4a81-9247-90e5a60866de,18,28,agent,0.9750276803970337,0.6923076923076923,0.0,0.42210322618484497,-0.030272834830813944,,0,0
qwen32B-int4_retail_50runs,verbalized,bge-m3,124a461d-e0ed-4a81-9247-90e5a60866de,19,28,tool,,,,,,,0,0
qwen32B-int4_retail_50runs,verbalized,bge-m3,124a461d-e0ed-4a81-9247-90e5a60866de,20,28,agent,0.4476742148399353,0.012345679012345678,0.0,,,,0,0
qwen32B-int4_retail_50runs,verbalized,bge-m3,124a461d-e0ed-4a81-9247-90e5a60866de,21,28,user,,,,,,0.2662903666496277,0,0
qwen32B-int4_retail_50runs,verbalized,bge-m3,124a461d-e0ed-4a81-9247-90e5a60866de,22,28,agent,0.8670482635498047,0.4,0.0,0.3249650001525879,-0.0635853045516544,,0,0
qwen32B-int4_retail_50runs,verbalized,bge-m3,124a461d-e0ed-4a81-9247-90e5a60866de,23,28,tool,,,,,,,0,0
qwen32B-int4_retail_50runs,verbalized,bge-m3,124a461d-e0ed-4a81-9247-90e5a60866de,24,28,agent,0.9898306131362915,0.6190476190476191,0.0,0.33437520265579224,-0.06688965691460502,,0,0
qwen32B-int4_retail_50runs,verbalized,bge-m3,124a461d-e0ed-4a81-9247-90e5a60866de,25,28,tool,,,,,,,0,0
qwen32B-int4_retail_50runs,verbalized,bge-m3,124a461d-e0ed-4a81-9247-90e5a60866de,26,28,agent,0.5709492564201355,0.0,0.0,,,,0,0
qwen32B-int4_retail_50runs,verbalized,bge-m3,124a461d-e0ed-4a81-9247-90e5a60866de,27,28,user,,,,,,0.4947260618209839,0,0
qwen32B-int4_retail_50runs,verbalized,bge-m3,9f183979-e7c5-4a58-93b8-192e7299cd95,0,58,agent,,,,,,,0,1
qwen32B-int4_retail_50runs,verbalized,bge-m3,9f183979-e7c5-4a58-93b8-192e7299cd95,1,58,user,,,,,,0.5088996291160583,0,1
qwen32B-int4_retail_50runs,verbalized,bge-m3,9f183979-e7c5-4a58-93b8-192e7299cd95,2,58,agent,0.47414326667785645,0.0,0.0,0.47805267572402954,0.030376049024718133,,0,1
qwen32B-int4_retail_50runs,verbalized,bge-m3,9f183979-e7c5-4a58-93b8-192e7299cd95,3,58,tool,,,,,,,0,1
qwen32B-int4_retail_50runs,verbalized,bge-m3,9f183979-e7c5-4a58-93b8-192e7299cd95,4,58,agent,0.6090452075004578,0.07692307692307693,0.0,,,,0,1
qwen32B-int4_retail_50runs,verbalized,bge-m3,9f183979-e7c5-4a58-93b8-192e7299cd95,5,58,user,,,,,,0.3033808469772339,0,1
qwen32B-int4_retail_50runs,verbalized,bge-m3,9f183979-e7c5-4a58-93b8-192e7299cd95,6,58,agent,0.7321843504905701,0.3684210526315789,0.0,0.5083271265029907,0.09408586365836008,,0,1
qwen32B-int4_retail_50runs,verbalized,bge-m3,9f183979-e7c5-4a58-93b8-192e7299cd95,7,58,tool,,,,,,,0,1
qwen32B-int4_retail_50runs,verbalized,bge-m3,9f183979-e7c5-4a58-93b8-192e7299cd95,8,58,agent,0.702569305896759,0.32727272727272727,0.0,,,,0,1
qwen32B-int4_retail_50runs,verbalized,bge-m3,9f183979-e7c5-4a58-93b8-192e7299cd95,9,58,user,,,,,,0.266124427318573,0,1
qwen32B-int4_retail_50runs,verbalized,bge-m3,9f183979-e7c5-4a58-93b8-192e7299cd95,10,58,agent,0.8610764145851135,0.3684210526315789,0.0,0.3452097177505493,-0.06387726323945181,,0,1
qwen32B-int4_retail_50runs,verbalized,bge-m3,9f183979-e7c5-4a58-93b8-192e7299cd95,11,58,tool,,,,,,,0,1
qwen32B-int4_retail_50runs,verbalized,bge-m3,9f183979-e7c5-4a58-93b8-192e7299cd95,12,58,agent,0.8743091821670532,0.4418604651162791,0.0,,,,0,1
qwen32B-int4_retail_50runs,verbalized,bge-m3,9f183979-e7c5-4a58-93b8-192e7299cd95,13,58,user,,,,,,0.2276032567024231,0,1
qwen32B-int4_retail_50runs,verbalized,bge-m3,9f183979-e7c5-4a58-93b8-192e7299cd95,14,58,agent,0.8524109125137329,0.4666666666666667,0.0,0.4034597873687744,-0.0461172653096063,,0,1
qwen32B-int4_retail_50runs,verbalized,bge-m3,9f183979-e7c5-4a58-93b8-192e7299cd95,15,58,tool,,,,,,,0,1
qwen32B-int4_retail_50runs,verbalized,bge-m3,9f183979-e7c5-4a58-93b8-192e7299cd95,16,58,agent,0.7032581567764282,0.13793103448275862,0.0,,,,0,1
qwen32B-int4_retail_50runs,verbalized,bge-m3,9f183979-e7c5-4a58-93b8-192e7299cd95,17,58,user,,,,,,0.20739716291427612,0,1
qwen32B-int4_retail_50runs,verbalized,bge-m3,9f183979-e7c5-4a58-93b8-192e7299cd95,18,58,agent,0.8507758975028992,0.4666666666666667,0.0,0.34723013639450073,-0.06484057222093853,,0,1
qwen32B-int4_retail_50runs,verbalized,bge-m3,9f183979-e7c5-4a58-93b8-192e7299cd95,19,58,tool,,,,,,,0,1
qwen32B-int4_retail_50runs,verbalized,bge-m3,9f183979-e7c5-4a58-93b8-192e7299cd95,20,58,agent,0.8858468532562256,0.3333333333333333,0.0,,,,0,1
qwen32B-int4_retail_50runs,verbalized,bge-m3,9f183979-e7c5-4a58-93b8-192e7299cd95,21,58,user,,,,,,0.14044564962387085,0,1
qwen32B-int4_retail_50runs,verbalized,bge-m3,9f183979-e7c5-4a58-93b8-192e7299cd95,22,58,agent,0.8547117710113525,0.4666666666666667,0.0,0.42553555965423584,-0.010769835540226536,,0,1
qwen32B-int4_retail_50runs,verbalized,bge-m3,9f183979-e7c5-4a58-93b8-192e7299cd95,23,58,tool,,,,,,,0,1
qwen32B-int4_retail_50runs,verbalized,bge-m3,9f183979-e7c5-4a58-93b8-192e7299cd95,24,58,agent,0.8385025858879089,0.3088235294117647,0.0,,,,0,1
qwen32B-int4_retail_50runs,verbalized,bge-m3,9f183979-e7c5-4a58-93b8-192e7299cd95,25,58,user,,,,,,0.14021503925323486,0,1
qwen32B-int4_retail_50runs,verbalized,bge-m3,9f183979-e7c5-4a58-93b8-192e7299cd95,26,58,agent,0.9843922853469849,0.6923076923076923,0.0,0.4292548894882202,-0.015708721109798984,,0,1
qwen32B-int4_retail_50runs,verbalized,bge-m3,9f183979-e7c5-4a58-93b8-192e7299cd95,27,58,tool,,,,,,,0,1
qwen32B-int4_retail_50runs,verbalized,bge-m3,9f183979-e7c5-4a58-93b8-192e7299cd95,28,58,agent,0.8565020561218262,0.39215686274509803,0.0,,,,0,1
qwen32B-int4_retail_50runs,verbalized,bge-m3,9f183979-e7c5-4a58-93b8-192e7299cd95,29,58,user,,,,,,0.2319992184638977,0,1
qwen32B-int4_retail_50runs,verbalized,bge-m3,9f183979-e7c5-4a58-93b8-192e7299cd95,30,58,agent,0.8481624126434326,0.4666666666666667,0.0,0.34412187337875366,-0.06397313731057302,,0,1
qwen32B-int4_retail_50runs,verbalized,bge-m3,9f183979-e7c5-4a58-93b8-192e7299cd95,31,58,tool,,,,,,,0,1
qwen32B-int4_retail_50runs,verbalized,bge-m3,9f183979-e7c5-4a58-93b8-192e7299cd95,32,58,agent,0.8401546478271484,0.3333333333333333,0.0,,,,0,1
qwen32B-int4_retail_50runs,verbalized,bge-m3,9f183979-e7c5-4a58-93b8-192e7299cd95,33,58,user,,,,,,0.21428996324539185,0,1
qwen32B-int4_retail_50runs,verbalized,bge-m3,9f183979-e7c5-4a58-93b8-192e7299cd95,34,58,agent,0.8437578678131104,0.4666666666666667,0.0,0.44120049476623535,-0.007792775120053996,,0,1
qwen32B-int4_retail_50runs,verbalized,bge-m3,9f183979-e7c5-4a58-93b8-192e7299cd95,35,58,tool,,,,,,,0,1
qwen32B-int4_retail_50runs,verbalized,bge-m3,9f183979-e7c5-4a58-93b8-192e7299cd95,36,58,agent,0.7886236310005188,0.27710843373493976,0.0,,,,0,1
qwen32B-int4_retail_50runs,verbalized,bge-m3,9f183979-e7c5-4a58-93b8-192e7299cd95,37,58,user,,,,,,0.2439635992050171,0,1
qwen32B-int4_retail_50runs,verbalized,bge-m3,9f183979-e7c5-4a58-93b8-192e7299cd95,38,58,agent,0.8567332029342651,0.4666666666666667,0.0,0.3471848964691162,-0.06352585341249195,,0,1
qwen32B-int4_retail_50runs,verbalized,bge-m3,9f183979-e7c5-4a58-93b8-192e7299cd95,39,58,tool,,,,,,,0,1
qwen32B-int4_retail_50runs,verbalized,bge-m3,9f183979-e7c5-4a58-93b8-192e7299cd95,40,58,agent,0.8178752660751343,0.27631578947368424,0.0,,,,0,1
qwen32B-int4_retail_50runs,verbalized,bge-m3,9f183979-e7c5-4a58-93b8-192e7299cd95,41,58,user,,,,,,0.27769529819488525,0,1
qwen32B-int4_retail_50runs,verbalized,bge-m3,9f183979-e7c5-4a58-93b8-192e7299cd95,42,58,agent,0.8536245822906494,0.4666666666666667,0.0,0.4254794716835022,-0.01620033809116911,,0,1
qwen32B-int4_retail_50runs,verbalized,bge-m3,9f183979-e7c5-4a58-93b8-192e7299cd95,43,58,tool,,,,,,,0,1
qwen32B-int4_retail_50runs,verbalized,bge-m3,9f183979-e7c5-4a58-93b8-192e7299cd95,44,58,agent,0.783333420753479,0.26136363636363635,0.0,0.4027104377746582,-0.10286478059632442,,0,1
qwen32B-int4_retail_50runs,verbalized,bge-m3,9f183979-e7c5-4a58-93b8-192e7299cd95,45,58,tool,,,,,,,0,1
qwen32B-int4_retail_50runs,verbalized,bge-m3,9f183979-e7c5-4a58-93b8-192e7299cd95,46,58,agent,0.8642369508743286,0.5135135135135135,0.0,0.5044465363025665,0.012686169573238926,,0,1
qwen32B-int4_retail_50runs,verbalized,bge-m3,9f183979-e7c5-4a58-93b8-192e7299cd95,47,58,tool,,,,,,,0,1
qwen32B-int4_retail_50runs,verbalized,bge-m3,9f183979-e7c5-4a58-93b8-192e7299cd95,48,58,agent,0.766065776348114,0.3181818181818182,0.0,,,,0,1
qwen32B-int4_retail_50runs,verbalized,bge-m3,9f183979-e7c5-4a58-93b8-192e7299cd95,49,58,user,,,,,,0.23447877168655396,0,1
qwen32B-int4_retail_50runs,verbalized,bge-m3,9f183979-e7c5-4a58-93b8-192e7299cd95,50,58,agent,0.4675655961036682,0.015151515151515152,0.0,0.34586817026138306,-0.06482169670718058,,0,1
qwen32B-int4_retail_50runs,verbalized,bge-m3,9f183979-e7c5-4a58-93b8-192e7299cd95,51,58,tool,,,,,,,0,1
qwen32B-int4_retail_50runs,verbalized,bge-m3,9f183979-e7c5-4a58-93b8-192e7299cd95,52,58,agent,0.8220580220222473,0.42105263157894735,0.0,,,,0,1
qwen32B-int4_retail_50runs,verbalized,bge-m3,9f183979-e7c5-4a58-93b8-192e7299cd95,53,58,user,,,,,,0.28119921684265137,0,1
qwen32B-int4_retail_50runs,verbalized,bge-m3,9f183979-e7c5-4a58-93b8-192e7299cd95,54,58,agent,0.9907408356666565,0.8333333333333334,0.8333333333333334,0.348069429397583,-0.06484604946204592,,0,1
qwen32B-int4_retail_50runs,verbalized,bge-m3,9f183979-e7c5-4a58-93b8-192e7299cd95,55,58,tool,,,,,,,0,1
qwen32B-int4_retail_50runs,verbalized,bge-m3,9f183979-e7c5-4a58-93b8-192e7299cd95,56,58,agent,0.9744246006011963,0.6483516483516484,0.0,,,,0,1
qwen32B-int4_retail_50runs,verbalized,bge-m3,9f183979-e7c5-4a58-93b8-192e7299cd95,57,58,user,,,,,,0.630450963973999,0,1
qwen32B-int4_retail_50runs,verbalized,bge-m3,1c9ecfdb-3316-4750-97b3-205fedfa62c4,0,54,agent,,,,,,,0,0
qwen32B-int4_retail_50runs,verbalized,bge-m3,1c9ecfdb-3316-4750-97b3-205fedfa62c4,1,54,user,,,,,,0.4445754289627075,0,0
qwen32B-int4_retail_50runs,verbalized,bge-m3,1c9ecfdb-3316-4750-97b3-205fedfa62c4,2,54,agent,0.5742639303207397,0.17391304347826086,0.0,,,,0,0
qwen32B-int4_retail_50runs,verbalized,bge-m3,1c9ecfdb-3316-4750-97b3-205fedfa62c4,3,54,user,,,,,,0.3190910220146179,0,0
qwen32B-int4_retail_50runs,verbalized,bge-m3,1c9ecfdb-3316-4750-97b3-205fedfa62c4,4,54,agent,0.6018053889274597,0.029411764705882353,0.0,0.5082066059112549,0.05826588720083237,,0,0
qwen32B-int4_retail_50runs,verbalized,bge-m3,1c9ecfdb-3316-4750-97b3-205fedfa62c4,5,54,tool,,,,,,,0,0
qwen32B-int4_retail_50runs,verbalized,bge-m3,1c9ecfdb-3316-4750-97b3-205fedfa62c4,6,54,agent,0.8582839965820312,0.3684210526315789,0.0,0.3457193374633789,-0.0845939616362254,,0,0
qwen32B-int4_retail_50runs,verbalized,bge-m3,1c9ecfdb-3316-4750-97b3-205fedfa62c4,7,54,tool,,,,,,,0,0
qwen32B-int4_retail_50runs,verbalized,bge-m3,1c9ecfdb-3316-4750-97b3-205fedfa62c4,8,54,agent,0.492358535528183,0.02631578947368421,0.0,,,,0,0
qwen32B-int4_retail_50runs,verbalized,bge-m3,1c9ecfdb-3316-4750-97b3-205fedfa62c4,9,54,user,,,,,,0.4302515387535095,0,0
qwen32B-int4_retail_50runs,verbalized,bge-m3,1c9ecfdb-3316-4750-97b3-205fedfa62c4,10,54,agent,0.8539419174194336,0.4666666666666667,0.0,0.4295527935028076,-0.010527044534683228,,0,0
qwen32B-int4_retail_50runs,verbalized,bge-m3,1c9ecfdb-3316-4750-97b3-205fedfa62c4,11,54,tool,,,,,,,0,0
qwen32B-int4_retail_50runs,verbalized,bge-m3,1c9ecfdb-3316-4750-97b3-205fedfa62c4,12,54,agent,0.7161285877227783,0.20754716981132076,0.0,,,,0,0
qwen32B-int4_retail_50runs,verbalized,bge-m3,1c9ecfdb-3316-4750-97b3-205fedfa62c4,13,54,user,,,,,,0.18766260147094727,0,0
qwen32B-int4_retail_50runs,verbalized,bge-m3,1c9ecfdb-3316-4750-97b3-205fedfa62c4,14,54,agent,0.7413924932479858,0.234375,0.0,,,,0,0
qwen32B-int4_retail_50runs,verbalized,bge-m3,1c9ecfdb-3316-4750-97b3-205fedfa62c4,15,54,user,,,,,,0.27983933687210083,0,0
qwen32B-int4_retail_50runs,verbalized,bge-m3,1c9ecfdb-3316-4750-97b3-205fedfa62c4,16,54,agent,0.7699847221374512,0.2765957446808511,0.0,,,,0,0
qwen32B-int4_retail_50runs,verbalized,bge-m3,1c9ecfdb-3316-4750-97b3-205fedfa62c4,17,54,user,,,,,,0.18847358226776123,0,0
qwen32B-int4_retail_50runs,verbalized,bge-m3,1c9ecfdb-3316-4750-97b3-205fedfa62c4,18,54,agent,0.5015410780906677,0.029411764705882353,0.0,0.3512542247772217,-0.08531050384044647,,0,0
qwen32B-int4_retail_50runs,verbalized,bge-m3,1c9ecfdb-3316-4750-97b3-205fedfa62c4,19,54,tool,,,,,,,0,0
qwen32B-int4_retail_50runs,verbalized,bge-m3,1c9ecfdb-3316-4750-97b3-205fedfa62c4,20,54,agent,0.7770354747772217,0.15217391304347827,0.0,0.47002673149108887,0.0046807825565338135,,0,0
qwen32B-int4_retail_50runs,verbalized,bge-m3,1c9ecfdb-3316-4750-97b3-205fedfa62c4,21,54,tool,,,,,,,0,0
qwen32B-int4_retail_50runs,verbalized,bge-m3,1c9ecfdb-3316-4750-97b3-205fedfa62c4,22,54,agent,0.7047880291938782,0.22,0.0,0.36994969844818115,-0.07745781540870667,,0,0
qwen32B-int4_retail_50runs,verbalized,bge-m3,1c9ecfdb-3316-4750-97b3-205fedfa62c4,23,54,tool,,,,,,,0,0
qwen32B-int4_retail_50runs,verbalized,bge-m3,1c9ecfdb-3316-4750-97b3-205fedfa62c4,24,54,agent,0.7611292600631714,0.24528301886792453,0.0,,,,0,0
qwen32B-int4_retail_50runs,verbalized,bge-m3,1c9ecfdb-3316-4750-97b3-205fedfa62c4,25,54,user,,,,,,0.33304083347320557,0,0
qwen32B-int4_retail_50runs,verbalized,bge-m3,1c9ecfdb-3316-4750-97b3-205fedfa62c4,26,54,agent,0.6757347583770752,0.16883116883116883,0.0,,,,0,0
qwen32B-int4_retail_50runs,verbalized,bge-m3,1c9ecfdb-3316-4750-97b3-205fedfa62c4,27,54,user,,,,,,0.2647860646247864,0,0
qwen32B-int4_retail_50runs,verbalized,bge-m3,1c9ecfdb-3316-4750-97b3-205fedfa62c4,28,54,agent,0.654590368270874,0.16,0.0,,,,0,0
qwen32B-int4_retail_50runs,verbalized,bge-m3,1c9ecfdb-3316-4750-97b3-205fedfa62c4,29,54,user,,,,,,0.36489570140838623,0,0
qwen32B-int4_retail_50runs,verbalized,bge-m3,1c9ecfdb-3316-4750-97b3-205fedfa62c4,30,54,agent,0.6572341918945312,0.3103448275862069,0.0,0.38299286365509033,-0.0862770477930705,,0,0
qwen32B-int4_retail_50runs,verbalized,bge-m3,1c9ecfdb-3316-4750-97b3-205fedfa62c4,31,54,tool,,,,,,,0,0
qwen32B-int4_retail_50runs,verbalized,bge-m3,1c9ecfdb-3316-4750-97b3-205fedfa62c4,32,54,agent,0.8550012111663818,0.30120481927710846,0.0,,,,0,0
qwen32B-int4_retail_50runs,verbalized,bge-m3,1c9ecfdb-3316-4750-97b3-205fedfa62c4,33,54,user,,,,,,0.21239686012268066,0,0
qwen32B-int4_retail_50runs,verbalized,bge-m3,1c9ecfdb-3316-4750-97b3-205fedfa62c4,34,54,agent,0.6712242364883423,0.09375,0.0,0.4112687110900879,-0.048631067077318846,,0,0
qwen32B-int4_retail_50runs,verbalized,bge-m3,1c9ecfdb-3316-4750-97b3-205fedfa62c4,35,54,tool,,,,,,,0,0
qwen32B-int4_retail_50runs,verbalized,bge-m3,1c9ecfdb-3316-4750-97b3-205fedfa62c4,36,54,agent,0.8406462669372559,0.2571428571428571,0.0,0.44135797023773193,0.02321749428908032,,0,0
qwen32B-int4_retail_50runs,verbalized,bge-m3,1c9ecfdb-3316-4750-97b3-205fedfa62c4,37,54,tool,,,,,,,0,0
qwen32B-int4_retail_50runs,verbalized,bge-m3,1c9ecfdb-3316-4750-97b3-205fedfa62c4,38,54,agent,0.8113863468170166,0.2786885245901639,0.0,0.3314194679260254,-0.08100520571072894,,0,0
qwen32B-int4_retail_50runs,verbalized,bge-m3,1c9ecfdb-3316-4750-97b3-205fedfa62c4,39,54,tool,,,,,,,0,0
qwen32B-int4_retail_50runs,verbalized,bge-m3,1c9ecfdb-3316-4750-97b3-205fedfa62c4,40,54,agent,0.8533679842948914,0.2441860465116279,0.0,,,,0,0
qwen32B-int4_retail_50runs,verbalized,bge-m3,1c9ecfdb-3316-4750-97b3-205fedfa62c4,41,54,user,,,,,,0.18544167280197144,0,0
qwen32B-int4_retail_50runs,verbalized,bge-m3,1c9ecfdb-3316-4750-97b3-205fedfa62c4,42,54,agent,0.6743621230125427,0.1,0.0,0.415052592754364,-0.040907363096872984,,0,0
qwen32B-int4_retail_50runs,verbalized,bge-m3,1c9ecfdb-3316-4750-97b3-205fedfa62c4,43,54,tool,,,,,,,0,0
qwen32B-int4_retail_50runs,verbalized,bge-m3,1c9ecfdb-3316-4750-97b3-205fedfa62c4,44,54,agent,0.866848886013031,0.21428571428571427,0.0,0.4404093027114868,-0.021690224607785524,,0,0
qwen32B-int4_retail_50runs,verbalized,bge-m3,1c9ecfdb-3316-4750-97b3-205fedfa62c4,45,54,tool,,,,,,,0,0
qwen32B-int4_retail_50runs,verbalized,bge-m3,1c9ecfdb-3316-4750-97b3-205fedfa62c4,46,54,agent,0.7177386283874512,0.19718309859154928,0.0,,,,0,0
qwen32B-int4_retail_50runs,verbalized,bge-m3,1c9ecfdb-3316-4750-97b3-205fedfa62c4,47,54,user,,,,,,0.3087894320487976,0,0
qwen32B-int4_retail_50runs,verbalized,bge-m3,1c9ecfdb-3316-4750-97b3-205fedfa62c4,48,54,agent,0.8320037722587585,0.417910447761194,0.0,,,,0,0
qwen32B-int4_retail_50runs,verbalized,bge-m3,1c9ecfdb-3316-4750-97b3-205fedfa62c4,49,54,user,,,,,,0.10728800296783447,0,0
qwen32B-int4_retail_50runs,verbalized,bge-m3,1c9ecfdb-3316-4750-97b3-205fedfa62c4,50,54,agent,0.5847982168197632,0.04838709677419355,0.0,0.36335527896881104,-0.015463570753733336,,0,0
qwen32B-int4_retail_50runs,verbalized,bge-m3,1c9ecfdb-3316-4750-97b3-205fedfa62c4,51,54,tool,,,,,,,0,0
qwen32B-int4_retail_50runs,verbalized,bge-m3,1c9ecfdb-3316-4750-97b3-205fedfa62c4,52,54,agent,0.9178882241249084,0.3188405797101449,0.0,,,,0,0
qwen32B-int4_retail_50runs,verbalized,bge-m3,1c9ecfdb-3316-4750-97b3-205fedfa62c4,53,54,user,,,,,,0.4953107237815857,0,0
qwen32B-int4_retail_50runs,verbalized,bge-m3,2a0329aa-ecc6-439b-8503-ca4bb3aea8d3,0,62,agent,,,,,,,0,1
qwen32B-int4_retail_50runs,verbalized,bge-m3,2a0329aa-ecc6-439b-8503-ca4bb3aea8d3,1,62,user,,,,,,0.4611032009124756,0,1
qwen32B-int4_retail_50runs,verbalized,bge-m3,2a0329aa-ecc6-439b-8503-ca4bb3aea8d3,2,62,agent,0.5376489758491516,0.07692307692307693,0.0,,,,0,1
qwen32B-int4_retail_50runs,verbalized,bge-m3,2a0329aa-ecc6-439b-8503-ca4bb3aea8d3,3,62,user,,,,,,0.31706833839416504,0,1
qwen32B-int4_retail_50runs,verbalized,bge-m3,2a0329aa-ecc6-439b-8503-ca4bb3aea8d3,4,62,agent,0.6074169278144836,0.02857142857142857,0.0,0.5056780278682709,0.0010421223500195476,,0,1
qwen32B-int4_retail_50runs,verbalized,bge-m3,2a0329aa-ecc6-439b-8503-ca4bb3aea8d3,5,62,tool,,,,,,,0,1
qwen32B-int4_retail_50runs,verbalized,bge-m3,2a0329aa-ecc6-439b-8503-ca4bb3aea8d3,6,62,agent,0.5951085686683655,0.2222222222222222,0.0,,,,0,1
qwen32B-int4_retail_50runs,verbalized,bge-m3,2a0329aa-ecc6-439b-8503-ca4bb3aea8d3,7,62,user,,,,,,0.24218106269836426,0,1
qwen32B-int4_retail_50runs,verbalized,bge-m3,2a0329aa-ecc6-439b-8503-ca4bb3aea8d3,8,62,agent,0.6632791757583618,0.20588235294117646,0.0,0.45268678665161133,-0.010452168829300834,,0,1
qwen32B-int4_retail_50runs,verbalized,bge-m3,2a0329aa-ecc6-439b-8503-ca4bb3aea8d3,9,62,tool,,,,,,,0,1
qwen32B-int4_retail_50runs,verbalized,bge-m3,2a0329aa-ecc6-439b-8503-ca4bb3aea8d3,10,62,agent,0.8022086024284363,0.23076923076923078,0.0,,,,0,1
qwen32B-int4_retail_50runs,verbalized,bge-m3,2a0329aa-ecc6-439b-8503-ca4bb3aea8d3,11,62,user,,,,,,0.25730758905410767,0,1
qwen32B-int4_retail_50runs,verbalized,bge-m3,2a0329aa-ecc6-439b-8503-ca4bb3aea8d3,12,62,agent,0.5937107801437378,0.03636363636363636,0.0,0.4032721519470215,-0.09108752012252808,,0,1
qwen32B-int4_retail_50runs,verbalized,bge-m3,2a0329aa-ecc6-439b-8503-ca4bb3aea8d3,13,62,tool,,,,,,,0,1
qwen32B-int4_retail_50runs,verbalized,bge-m3,2a0329aa-ecc6-439b-8503-ca4bb3aea8d3,14,62,agent,0.7966862320899963,0.23880597014925373,0.0,,,,0,1
qwen32B-int4_retail_50runs,verbalized,bge-m3,2a0329aa-ecc6-439b-8503-ca4bb3aea8d3,15,62,user,,,,,,0.29364562034606934,0,1
qwen32B-int4_retail_50runs,verbalized,bge-m3,2a0329aa-ecc6-439b-8503-ca4bb3aea8d3,16,62,agent,0.983436107635498,0.6923076923076923,0.0,0.43127697706222534,-0.046243385357015276,,0,1
qwen32B-int4_retail_50runs,verbalized,bge-m3,2a0329aa-ecc6-439b-8503-ca4bb3aea8d3,17,62,tool,,,,,,,0,1
qwen32B-int4_retail_50runs,verbalized,bge-m3,2a0329aa-ecc6-439b-8503-ca4bb3aea8d3,18,62,agent,0.8041912317276001,0.25925925925925924,0.0,,,,0,1
qwen32B-int4_retail_50runs,verbalized,bge-m3,2a0329aa-ecc6-439b-8503-ca4bb3aea8d3,19,62,user,,,,,,0.3063250780105591,0,1
qwen32B-int4_retail_50runs,verbalized,bge-m3,2a0329aa-ecc6-439b-8503-ca4bb3aea8d3,20,62,agent,0.9776217341423035,0.6923076923076923,0.0,0.41573989391326904,-0.07190958541982312,,0,1
qwen32B-int4_retail_50runs,verbalized,bge-m3,2a0329aa-ecc6-439b-8503-ca4bb3aea8d3,21,62,tool,,,,,,,0,1
qwen32B-int4_retail_50runs,verbalized,bge-m3,2a0329aa-ecc6-439b-8503-ca4bb3aea8d3,22,62,agent,0.7662632465362549,0.23529411764705882,0.0,,,,0,1
qwen32B-int4_retail_50runs,verbalized,bge-m3,2a0329aa-ecc6-439b-8503-ca4bb3aea8d3,23,62,user,,,,,,0.38566821813583374,0,1
qwen32B-int4_retail_50runs,verbalized,bge-m3,2a0329aa-ecc6-439b-8503-ca4bb3aea8d3,24,62,agent,0.7018523216247559,0.1724137931034483,0.0,,,,0,1
qwen32B-int4_retail_50runs,verbalized,bge-m3,2a0329aa-ecc6-439b-8503-ca4bb3aea8d3,25,62,user,,,,,,0.1633736491203308,0,1
qwen32B-int4_retail_50runs,verbalized,bge-m3,2a0329aa-ecc6-439b-8503-ca4bb3aea8d3,26,62,agent,0.8892527222633362,0.25471698113207547,0.0,0.29175519943237305,-0.1740313715794507,,0,1
qwen32B-int4_retail_50runs,verbalized,bge-m3,2a0329aa-ecc6-439b-8503-ca4bb3aea8d3,27,62,tool,,,,,,,0,1
qwen32B-int4_retail_50runs,verbalized,bge-m3,2a0329aa-ecc6-439b-8503-ca4bb3aea8d3,28,62,agent,0.9299501776695251,0.36666666666666664,0.0,,,,0,1
qwen32B-int4_retail_50runs,verbalized,bge-m3,2a0329aa-ecc6-439b-8503-ca4bb3aea8d3,29,62,user,,,,,,0.2582365870475769,0,1
qwen32B-int4_retail_50runs,verbalized,bge-m3,2a0329aa-ecc6-439b-8503-ca4bb3aea8d3,30,62,agent,0.6467732787132263,0.15789473684210525,0.0,0.4052712321281433,-0.07260464044178233,,0,1
qwen32B-int4_retail_50runs,verbalized,bge-m3,2a0329aa-ecc6-439b-8503-ca4bb3aea8d3,31,62,tool,,,,,,,0,1
qwen32B-int4_retail_50runs,verbalized,bge-m3,2a0329aa-ecc6-439b-8503-ca4bb3aea8d3,32,62,agent,0.8345332145690918,0.3125,0.0,,,,0,1
qwen32B-int4_retail_50runs,verbalized,bge-m3,2a0329aa-ecc6-439b-8503-ca4bb3aea8d3,33,62,user,,,,,,0.2542591691017151,0,1
qwen32B-int4_retail_50runs,verbalized,bge-m3,2a0329aa-ecc6-439b-8503-ca4bb3aea8d3,34,62,agent,0.7083950042724609,0.16216216216216217,0.0,0.3262022137641907,-0.13599227281177745,,0,1
qwen32B-int4_retail_50runs,verbalized,bge-m3,2a0329aa-ecc6-439b-8503-ca4bb3aea8d3,35,62,tool,,,,,,,0,1
qwen32B-int4_retail_50runs,verbalized,bge-m3,2a0329aa-ecc6-439b-8503-ca4bb3aea8d3,36,62,agent,0.8553876876831055,0.2753623188405797,0.0,,,,0,1
qwen32B-int4_retail_50runs,verbalized,bge-m3,2a0329aa-ecc6-439b-8503-ca4bb3aea8d3,37,62,user,,,,,,0.16108638048171997,0,1
qwen32B-int4_retail_50runs,verbalized,bge-m3,2a0329aa-ecc6-439b-8503-ca4bb3aea8d3,38,62,agent,0.9249905943870544,0.5915492957746479,0.0,0.5145286917686462,0.028549218879026506,,0,1
qwen32B-int4_retail_50runs,verbalized,bge-m3,2a0329aa-ecc6-439b-8503-ca4bb3aea8d3,39,62,tool,,,,,,,0,1
qwen32B-int4_retail_50runs,verbalized,bge-m3,2a0329aa-ecc6-439b-8503-ca4bb3aea8d3,40,62,agent,0.8249329328536987,0.34408602150537637,0.0,0.30985063314437866,-0.10594606574843912,,0,1
qwen32B-int4_retail_50runs,verbalized,bge-m3,2a0329aa-ecc6-439b-8503-ca4bb3aea8d3,41,62,tool,,,,,,,0,1
qwen32B-int4_retail_50runs,verbalized,bge-m3,2a0329aa-ecc6-439b-8503-ca4bb3aea8d3,42,62,agent,0.9272034168243408,0.684931506849315,0.0,0.5740177035331726,0.12364275841151967,,0,1
qwen32B-int4_retail_50runs,verbalized,bge-m3,2a0329aa-ecc6-439b-8503-ca4bb3aea8d3,43,62,tool,,,,,,,0,1
qwen32B-int4_retail_50runs,verbalized,bge-m3,2a0329aa-ecc6-439b-8503-ca4bb3aea8d3,44,62,agent,0.9084974527359009,0.6891891891891891,0.0,0.4505174160003662,0.024204874739927384,,0,1
qwen32B-int4_retail_50runs,verbalized,bge-m3,2a0329aa-ecc6-439b-8503-ca4bb3aea8d3,45,62,tool,,,,,,,0,1
qwen32B-int4_retail_50runs,verbalized,bge-m3,2a0329aa-ecc6-439b-8503-ca4bb3aea8d3,46,62,agent,0.9187266826629639,0.6197183098591549,0.0,0.39241135120391846,-0.0905817431562087,,0,1
qwen32B-int4_retail_50runs,verbalized,bge-m3,2a0329aa-ecc6-439b-8503-ca4bb3aea8d3,47,62,tool,,,,,,,0,1
qwen32B-int4_retail_50runs,verbalized,bge-m3,2a0329aa-ecc6-439b-8503-ca4bb3aea8d3,48,62,agent,0.8780797719955444,0.4868421052631579,0.0,0.47343575954437256,0.030432075262069702,,0,1
qwen32B-int4_retail_50runs,verbalized,bge-m3,2a0329aa-ecc6-439b-8503-ca4bb3aea8d3,49,62,tool,,,,,,,0,1
qwen32B-int4_retail_50runs,verbalized,bge-m3,2a0329aa-ecc6-439b-8503-ca4bb3aea8d3,50,62,agent,0.7857096195220947,0.3218390804597701,0.0,,,,0,1
qwen32B-int4_retail_50runs,verbalized,bge-m3,2a0329aa-ecc6-439b-8503-ca4bb3aea8d3,51,62,user,,,,,,0.1201174259185791,0,1
qwen32B-int4_retail_50runs,verbalized,bge-m3,2a0329aa-ecc6-439b-8503-ca4bb3aea8d3,52,62,agent,0.756297767162323,0.43548387096774194,0.0,0.45848947763442993,-0.08134787924149456,,0,1
qwen32B-int4_retail_50runs,verbalized,bge-m3,2a0329aa-ecc6-439b-8503-ca4bb3aea8d3,53,62,tool,,,,,,,0,1
qwen32B-int4_retail_50runs,verbalized,bge-m3,2a0329aa-ecc6-439b-8503-ca4bb3aea8d3,54,62,agent,0.6972552537918091,0.4482758620689655,0.0,0.5071366429328918,0.0640156479442821,,0,1
qwen32B-int4_retail_50runs,verbalized,bge-m3,2a0329aa-ecc6-439b-8503-ca4bb3aea8d3,55,62,tool,,,,,,,0,1
qwen32B-int4_retail_50runs,verbalized,bge-m3,2a0329aa-ecc6-439b-8503-ca4bb3aea8d3,56,62,agent,0.8097518682479858,0.25757575757575757,0.0,0.39522236585617065,-0.07302648179671345,,0,1
qwen32B-int4_retail_50runs,verbalized,bge-m3,2a0329aa-ecc6-439b-8503-ca4bb3aea8d3,57,62,tool,,,,,,,0,1
qwen32B-int4_retail_50runs,verbalized,bge-m3,2a0329aa-ecc6-439b-8503-ca4bb3aea8d3,58,62,agent,0.9062470197677612,0.5636363636363636,0.0,0.3503461480140686,-0.10143014613319845,,0,1
qwen32B-int4_retail_50runs,verbalized,bge-m3,2a0329aa-ecc6-439b-8503-ca4bb3aea8d3,59,62,tool,,,,,,,0,1
qwen32B-int4_retail_50runs,verbalized,bge-m3,2a0329aa-ecc6-439b-8503-ca4bb3aea8d3,60,62,agent,0.808148205280304,0.2698412698412698,0.0,,,,0,1
qwen32B-int4_retail_50runs,verbalized,bge-m3,2a0329aa-ecc6-439b-8503-ca4bb3aea8d3,61,62,user,,,,,,0.5063460469245911,0,1
qwen32B-int4_retail_50runs,verbalized,bge-m3,ee94996d-26b8-45a6-99a7-5c1618c6ebab,0,18,agent,,,,,,,0,1
qwen32B-int4_retail_50runs,verbalized,bge-m3,ee94996d-26b8-45a6-99a7-5c1618c6ebab,1,18,user,,,,,,0.5117354393005371,0,1
qwen32B-int4_retail_50runs,verbalized,bge-m3,ee94996d-26b8-45a6-99a7-5c1618c6ebab,2,18,agent,0.5651194453239441,0.10256410256410256,0.0,,,,0,1
qwen32B-int4_retail_50runs,verbalized,bge-m3,ee94996d-26b8-45a6-99a7-5c1618c6ebab,3,18,user,,,,,,0.2624574303627014,0,1
qwen32B-int4_retail_50runs,verbalized,bge-m3,ee94996d-26b8-45a6-99a7-5c1618c6ebab,4,18,agent,0.6973025798797607,0.0851063829787234,0.0,0.5214710235595703,0.12170305848121643,,0,1
qwen32B-int4_retail_50runs,verbalized,bge-m3,ee94996d-26b8-45a6-99a7-5c1618c6ebab,5,18,tool,,,,,,,0,1
qwen32B-int4_retail_50runs,verbalized,bge-m3,ee94996d-26b8-45a6-99a7-5c1618c6ebab,6,18,agent,0.6388251781463623,0.21212121212121213,0.0,,,,0,1
qwen32B-int4_retail_50runs,verbalized,bge-m3,ee94996d-26b8-45a6-99a7-5c1618c6ebab,7,18,user,,,,,,0.21084535121917725,0,1
qwen32B-int4_retail_50runs,verbalized,bge-m3,ee94996d-26b8-45a6-99a7-5c1618c6ebab,8,18,agent,0.843813419342041,0.3684210526315789,0.0,0.3017730116844177,-0.15413030982017517,,0,1
qwen32B-int4_retail_50runs,verbalized,bge-m3,ee94996d-26b8-45a6-99a7-5c1618c6ebab,9,18,tool,,,,,,,0,1
qwen32B-int4_retail_50runs,verbalized,bge-m3,ee94996d-26b8-45a6-99a7-5c1618c6ebab,10,18,agent,0.6962441205978394,0.24675324675324675,0.0,,,,0,1
qwen32B-int4_retail_50runs,verbalized,bge-m3,ee94996d-26b8-45a6-99a7-5c1618c6ebab,11,18,user,,,,,,0.23572909832000732,0,1
qwen32B-int4_retail_50runs,verbalized,bge-m3,ee94996d-26b8-45a6-99a7-5c1618c6ebab,12,18,agent,0.8497281670570374,0.4666666666666667,0.0,0.43000179529190063,-0.07313711941242218,,0,1
qwen32B-int4_retail_50runs,verbalized,bge-m3,ee94996d-26b8-45a6-99a7-5c1618c6ebab,13,18,tool,,,,,,,0,1
qwen32B-int4_retail_50runs,verbalized,bge-m3,ee94996d-26b8-45a6-99a7-5c1618c6ebab,14,18,agent,0.6382982134819031,0.17647058823529413,0.0,,,,0,1
qwen32B-int4_retail_50runs,verbalized,bge-m3,ee94996d-26b8-45a6-99a7-5c1618c6ebab,15,18,user,,,,,,0.2163313627243042,0,1
qwen32B-int4_retail_50runs,verbalized,bge-m3,ee94996d-26b8-45a6-99a7-5c1618c6ebab,16,18,agent,0.742605984210968,0.24468085106382978,0.0,,,,0,1
qwen32B-int4_retail_50runs,verbalized,bge-m3,ee94996d-26b8-45a6-99a7-5c1618c6ebab,17,18,user,,,,,,0.30099111795425415,0,1
qwen32B-int4_retail_50runs,verbalized,bge-m3,4b952495-e8fd-4300-b698-d510ac62f3a1,0,24,agent,,,,,,,0,1
qwen32B-int4_retail_50runs,verbalized,bge-m3,4b952495-e8fd-4300-b698-d510ac62f3a1,1,24,user,,,,,,0.5196883976459503,0,1
qwen32B-int4_retail_50runs,verbalized,bge-m3,4b952495-e8fd-4300-b698-d510ac62f3a1,2,24,agent,0.5266740322113037,0.0851063829787234,0.0,,,,0,1
qwen32B-int4_retail_50runs,verbalized,bge-m3,4b952495-e8fd-4300-b698-d510ac62f3a1,3,24,user,,,,,,0.36726176738739014,0,1
qwen32B-int4_retail_50runs,verbalized,bge-m3,4b952495-e8fd-4300-b698-d510ac62f3a1,4,24,agent,0.6024585962295532,0.05357142857142857,0.0,0.5147733092308044,0.0496082603931427,,0,1
qwen32B-int4_retail_50runs,verbalized,bge-m3,4b952495-e8fd-4300-b698-d510ac62f3a1,5,24,tool,,,,,,,0,1
qwen32B-int4_retail_50runs,verbalized,bge-m3,4b952495-e8fd-4300-b698-d510ac62f3a1,6,24,agent,0.6492434740066528,0.2597402597402597,0.0,,,,0,1
qwen32B-int4_retail_50runs,verbalized,bge-m3,4b952495-e8fd-4300-b698-d510ac62f3a1,7,24,user,,,,,,0.28774791955947876,0,1
qwen32B-int4_retail_50runs,verbalized,bge-m3,4b952495-e8fd-4300-b698-d510ac62f3a1,8,24,agent,0.8487113118171692,0.3684210526315789,0.0,0.3060849905014038,-0.166269913315773,,0,1
qwen32B-int4_retail_50runs,verbalized,bge-m3,4b952495-e8fd-4300-b698-d510ac62f3a1,9,24,tool,,,,,,,0,1
qwen32B-int4_retail_50runs,verbalized,bge-m3,4b952495-e8fd-4300-b698-d510ac62f3a1,10,24,agent,0.8922203183174133,0.5757575757575758,0.0,,,,0,1
qwen32B-int4_retail_50runs,verbalized,bge-m3,4b952495-e8fd-4300-b698-d510ac62f3a1,11,24,user,,,,,,0.26360076665878296,0,1
qwen32B-int4_retail_50runs,verbalized,bge-m3,4b952495-e8fd-4300-b698-d510ac62f3a1,12,24,agent,0.8544641733169556,0.4666666666666667,0.0,0.3975569009780884,-0.0917559266090393,,0,1
qwen32B-int4_retail_50runs,verbalized,bge-m3,4b952495-e8fd-4300-b698-d510ac62f3a1,13,24,tool,,,,,,,0,1
qwen32B-int4_retail_50runs,verbalized,bge-m3,4b952495-e8fd-4300-b698-d510ac62f3a1,14,24,agent,0.6668484210968018,0.21212121212121213,0.0,,,,0,1
qwen32B-int4_retail_50runs,verbalized,bge-m3,4b952495-e8fd-4300-b698-d510ac62f3a1,15,24,user,,,,,,0.1944325566291809,0,1
qwen32B-int4_retail_50runs,verbalized,bge-m3,4b952495-e8fd-4300-b698-d510ac62f3a1,16,24,agent,0.8480639457702637,0.47368421052631576,0.0,0.4843851923942566,0.0683169886469841,,0,1
qwen32B-int4_retail_50runs,verbalized,bge-m3,4b952495-e8fd-4300-b698-d510ac62f3a1,17,24,tool,,,,,,,0,1
qwen32B-int4_retail_50runs,verbalized,bge-m3,4b952495-e8fd-4300-b698-d510ac62f3a1,18,24,agent,0.8209449052810669,0.3711340206185567,0.0,,,,0,1
qwen32B-int4_retail_50runs,verbalized,bge-m3,4b952495-e8fd-4300-b698-d510ac62f3a1,19,24,user,,,,,,0.15037208795547485,0,1
qwen32B-int4_retail_50runs,verbalized,bge-m3,4b952495-e8fd-4300-b698-d510ac62f3a1,20,24,agent,0.8717617392539978,0.391304347826087,0.0,0.4123675227165222,-0.09178397059440613,,0,1
qwen32B-int4_retail_50runs,verbalized,bge-m3,4b952495-e8fd-4300-b698-d510ac62f3a1,21,24,tool,,,,,,,0,1
qwen32B-int4_retail_50runs,verbalized,bge-m3,4b952495-e8fd-4300-b698-d510ac62f3a1,22,24,agent,0.5860008597373962,0.16964285714285715,0.0,,,,0,1
qwen32B-int4_retail_50runs,verbalized,bge-m3,4b952495-e8fd-4300-b698-d510ac62f3a1,23,24,user,,,,,,0.22071951627731323,0,1
qwen32B-int4_retail_50runs,verbalized,bge-m3,14757230-d7c7-4fd9-92cb-ba208c350d8c,0,20,agent,,,,,,,0,1
qwen32B-int4_retail_50runs,verbalized,bge-m3,14757230-d7c7-4fd9-92cb-ba208c350d8c,1,20,user,,,,,,0.5533106327056885,0,1
qwen32B-int4_retail_50runs,verbalized,bge-m3,14757230-d7c7-4fd9-92cb-ba208c350d8c,2,20,agent,0.4952484369277954,0.057692307692307696,0.0,,,,0,1
qwen32B-int4_retail_50runs,verbalized,bge-m3,14757230-d7c7-4fd9-92cb-ba208c350d8c,3,20,user,,,,,,0.40053731203079224,0,1
qwen32B-int4_retail_50runs,verbalized,bge-m3,14757230-d7c7-4fd9-92cb-ba208c350d8c,4,20,agent,0.5267481803894043,0.03333333333333333,0.0,0.44262468814849854,-0.13896290461222327,,0,1
qwen32B-int4_retail_50runs,verbalized,bge-m3,14757230-d7c7-4fd9-92cb-ba208c350d8c,5,20,tool,,,,,,,0,1
qwen32B-int4_retail_50runs,verbalized,bge-m3,14757230-d7c7-4fd9-92cb-ba208c350d8c,6,20,agent,0.9877567291259766,0.75,0.0,0.6098438799381256,0.07586825887362159,,0,1
qwen32B-int4_retail_50runs,verbalized,bge-m3,14757230-d7c7-4fd9-92cb-ba208c350d8c,7,20,tool,,,,,,,0,1
qwen32B-int4_retail_50runs,verbalized,bge-m3,14757230-d7c7-4fd9-92cb-ba208c350d8c,8,20,agent,0.4834136962890625,0.028985507246376812,0.0,,,,0,1
qwen32B-int4_retail_50runs,verbalized,bge-m3,14757230-d7c7-4fd9-92cb-ba208c350d8c,9,20,user,,,,,,0.27451062202453613,0,1
qwen32B-int4_retail_50runs,verbalized,bge-m3,14757230-d7c7-4fd9-92cb-ba208c350d8c,10,20,agent,0.7481505870819092,0.3888888888888889,0.0,0.44190967082977295,-0.11160343885421753,,0,1
qwen32B-int4_retail_50runs,verbalized,bge-m3,14757230-d7c7-4fd9-92cb-ba208c350d8c,11,20,tool,,,,,,,0,1
qwen32B-int4_retail_50runs,verbalized,bge-m3,14757230-d7c7-4fd9-92cb-ba208c350d8c,12,20,agent,0.8014304637908936,0.24675324675324675,0.0,,,,0,1
qwen32B-int4_retail_50runs,verbalized,bge-m3,14757230-d7c7-4fd9-92cb-ba208c350d8c,13,20,user,,,,,,0.16089582443237305,0,1
qwen32B-int4_retail_50runs,verbalized,bge-m3,14757230-d7c7-4fd9-92cb-ba208c350d8c,14,20,agent,0.8910291790962219,0.25,0.0,,,,0,1
qwen32B-int4_retail_50runs,verbalized,bge-m3,14757230-d7c7-4fd9-92cb-ba208c350d8c,15,20,user,,,,,,0.14545440673828125,0,1
qwen32B-int4_retail_50runs,verbalized,bge-m3,14757230-d7c7-4fd9-92cb-ba208c350d8c,16,20,agent,0.5902842283248901,0.03636363636363636,0.0,0.448070228099823,-0.11260946591695153,,0,1
qwen32B-int4_retail_50runs,verbalized,bge-m3,14757230-d7c7-4fd9-92cb-ba208c350d8c,17,20,tool,,,,,,,0,1
qwen32B-int4_retail_50runs,verbalized,bge-m3,14757230-d7c7-4fd9-92cb-ba208c350d8c,18,20,agent,0.8061752915382385,0.24390243902439024,0.0,,,,0,1
qwen32B-int4_retail_50runs,verbalized,bge-m3,14757230-d7c7-4fd9-92cb-ba208c350d8c,19,20,user,,,,,,0.5989152491092682,0,1
qwen32B-int4_retail_50runs,verbalized,bge-m3,73ddd3e0-add2-44b9-b1ac-ccc8f249c594,0,28,agent,,,,,,,0,1
qwen32B-int4_retail_50runs,verbalized,bge-m3,73ddd3e0-add2-44b9-b1ac-ccc8f249c594,1,28,user,,,,,,0.5098637640476227,0,1
qwen32B-int4_retail_50runs,verbalized,bge-m3,73ddd3e0-add2-44b9-b1ac-ccc8f249c594,2,28,agent,0.5572564601898193,0.06896551724137931,0.0,,,,0,1
qwen32B-int4_retail_50runs,verbalized,bge-m3,73ddd3e0-add2-44b9-b1ac-ccc8f249c594,3,28,user,,,,,,0.3908713459968567,0,1
qwen32B-int4_retail_50runs,verbalized,bge-m3,73ddd3e0-add2-44b9-b1ac-ccc8f249c594,4,28,agent,0.5495324730873108,0.05714285714285714,0.0,0.44544488191604614,-0.07391765713691711,,0,1
qwen32B-int4_retail_50runs,verbalized,bge-m3,73ddd3e0-add2-44b9-b1ac-ccc8f249c594,5,28,tool,,,,,,,0,1
qwen32B-int4_retail_50runs,verbalized,bge-m3,73ddd3e0-add2-44b9-b1ac-ccc8f249c594,6,28,agent,0.8393498659133911,0.3333333333333333,0.0,0.5174448490142822,0.05649779438972474,,0,1
qwen32B-int4_retail_50runs,verbalized,bge-m3,73ddd3e0-add2-44b9-b1ac-ccc8f249c594,7,28,tool,,,,,,,0,1
qwen32B-int4_retail_50runs,verbalized,bge-m3,73ddd3e0-add2-44b9-b1ac-ccc8f249c594,8,28,agent,0.8612562417984009,0.4117647058823529,0.0,0.3164861798286438,-0.16297233700752256,,0,1
qwen32B-int4_retail_50runs,verbalized,bge-m3,73ddd3e0-add2-44b9-b1ac-ccc8f249c594,9,28,tool,,,,,,,0,1
qwen32B-int4_retail_50runs,verbalized,bge-m3,73ddd3e0-add2-44b9-b1ac-ccc8f249c594,10,28,agent,0.5077338814735413,0.023809523809523808,0.0,,,,0,1
qwen32B-int4_retail_50runs,verbalized,bge-m3,73ddd3e0-add2-44b9-b1ac-ccc8f249c594,11,28,user,,,,,,0.331770658493042,0,1
qwen32B-int4_retail_50runs,verbalized,bge-m3,73ddd3e0-add2-44b9-b1ac-ccc8f249c594,12,28,agent,0.8128958940505981,0.25,0.0,,,,0,1
qwen32B-int4_retail_50runs,verbalized,bge-m3,73ddd3e0-add2-44b9-b1ac-ccc8f249c594,13,28,user,,,,,,0.38640886545181274,0,1
qwen32B-int4_retail_50runs,verbalized,bge-m3,73ddd3e0-add2-44b9-b1ac-ccc8f249c594,14,28,agent,0.7876025438308716,0.26666666666666666,0.0,0.4620363116264343,-0.08071596622467037,,0,1
qwen32B-int4_retail_50runs,verbalized,bge-m3,73ddd3e0-add2-44b9-b1ac-ccc8f249c594,15,28,tool,,,,,,,0,1
qwen32B-int4_retail_50runs,verbalized,bge-m3,73ddd3e0-add2-44b9-b1ac-ccc8f249c594,16,28,agent,0.6429824233055115,0.15555555555555556,0.0,,,,0,1
qwen32B-int4_retail_50runs,verbalized,bge-m3,73ddd3e0-add2-44b9-b1ac-ccc8f249c594,17,28,user,,,,,,0.25993824005126953,0,1
qwen32B-int4_retail_50runs,verbalized,bge-m3,73ddd3e0-add2-44b9-b1ac-ccc8f249c594,18,28,agent,0.6874708533287048,0.025,0.0,0.4859979748725891,-0.010618412494659446,,0,1
qwen32B-int4_retail_50runs,verbalized,bge-m3,73ddd3e0-add2-44b9-b1ac-ccc8f249c594,19,28,tool,,,,,,,0,1
qwen32B-int4_retail_50runs,verbalized,bge-m3,73ddd3e0-add2-44b9-b1ac-ccc8f249c594,20,28,agent,0.7107264995574951,0.1588785046728972,0.0,,,,0,1
qwen32B-int4_retail_50runs,verbalized,bge-m3,73ddd3e0-add2-44b9-b1ac-ccc8f249c594,21,28,user,,,,,,0.2906064987182617,0,1
qwen32B-int4_retail_50runs,verbalized,bge-m3,73ddd3e0-add2-44b9-b1ac-ccc8f249c594,22,28,agent,0.6584206819534302,0.2,0.0,,,,0,1
qwen32B-int4_retail_50runs,verbalized,bge-m3,73ddd3e0-add2-44b9-b1ac-ccc8f249c594,23,28,user,,,,,,0.10006844997406006,0,1
qwen32B-int4_retail_50runs,verbalized,bge-m3,73ddd3e0-add2-44b9-b1ac-ccc8f249c594,24,28,agent,0.7021144032478333,0.10810810810810811,0.0,0.442077100276947,-0.08405479192733767,,0,1
qwen32B-int4_retail_50runs,verbalized,bge-m3,73ddd3e0-add2-44b9-b1ac-ccc8f249c594,25,28,tool,,,,,,,0,1
qwen32B-int4_retail_50runs,verbalized,bge-m3,73ddd3e0-add2-44b9-b1ac-ccc8f249c594,26,28,agent,0.728844940662384,0.16071428571428573,0.0,,,,0,1
qwen32B-int4_retail_50runs,verbalized,bge-m3,73ddd3e0-add2-44b9-b1ac-ccc8f249c594,27,28,user,,,,,,0.5679722130298615,0,1
qwen32B-int4_retail_50runs,verbalized,bge-m3,b60c846f-57c0-4f16-a4cf-721da58eaff4,0,30,agent,,,,,,,0,1
qwen32B-int4_retail_50runs,verbalized,bge-m3,b60c846f-57c0-4f16-a4cf-721da58eaff4,1,30,user,,,,,,0.5141358375549316,0,1
qwen32B-int4_retail_50runs,verbalized,bge-m3,b60c846f-57c0-4f16-a4cf-721da58eaff4,2,30,agent,0.4494289755821228,0.0,0.0,0.4398229122161865,-0.03518593808015186,,0,1
qwen32B-int4_retail_50runs,verbalized,bge-m3,b60c846f-57c0-4f16-a4cf-721da58eaff4,3,30,tool,,,,,,,0,1
qwen32B-int4_retail_50runs,verbalized,bge-m3,b60c846f-57c0-4f16-a4cf-721da58eaff4,4,30,agent,0.566635251045227,0.0967741935483871,0.0,,,,0,1
qwen32B-int4_retail_50runs,verbalized,bge-m3,b60c846f-57c0-4f16-a4cf-721da58eaff4,5,30,user,,,,,,0.4373605251312256,0,1
qwen32B-int4_retail_50runs,verbalized,bge-m3,b60c846f-57c0-4f16-a4cf-721da58eaff4,6,30,agent,0.8533525466918945,0.35,0.0,0.4483986496925354,-0.05197834471861518,,0,1
qwen32B-int4_retail_50runs,verbalized,bge-m3,b60c846f-57c0-4f16-a4cf-721da58eaff4,7,30,tool,,,,,,,0,1
qwen32B-int4_retail_50runs,verbalized,bge-m3,b60c846f-57c0-4f16-a4cf-721da58eaff4,8,30,agent,0.8981325626373291,0.42105263157894735,0.0,,,,0,1
qwen32B-int4_retail_50runs,verbalized,bge-m3,b60c846f-57c0-4f16-a4cf-721da58eaff4,9,30,user,,,,,,0.602785587310791,0,1
qwen32B-int4_retail_50runs,verbalized,bge-m3,b60c846f-57c0-4f16-a4cf-721da58eaff4,10,30,agent,0.8551946878433228,0.3333333333333333,0.0,0.5436437129974365,0.08165437976519269,,0,1
qwen32B-int4_retail_50runs,verbalized,bge-m3,b60c846f-57c0-4f16-a4cf-721da58eaff4,11,30,tool,,,,,,,0,1
qwen32B-int4_retail_50runs,verbalized,bge-m3,b60c846f-57c0-4f16-a4cf-721da58eaff4,12,30,agent,0.5834697484970093,0.21739130434782608,0.0,,,,0,1
qwen32B-int4_retail_50runs,verbalized,bge-m3,b60c846f-57c0-4f16-a4cf-721da58eaff4,13,30,user,,,,,,0.39670491218566895,0,1
qwen32B-int4_retail_50runs,verbalized,bge-m3,b60c846f-57c0-4f16-a4cf-721da58eaff4,14,30,agent,0.7439507246017456,0.22950819672131148,0.0,,,,0,1
qwen32B-int4_retail_50runs,verbalized,bge-m3,b60c846f-57c0-4f16-a4cf-721da58eaff4,15,30,user,,,,,,0.15360736846923828,0,1
qwen32B-int4_retail_50runs,verbalized,bge-m3,b60c846f-57c0-4f16-a4cf-721da58eaff4,16,30,agent,0.5619032382965088,0.02564102564102564,0.0,0.3092242479324341,-0.16158422827720642,,0,1
qwen32B-int4_retail_50runs,verbalized,bge-m3,b60c846f-57c0-4f16-a4cf-721da58eaff4,17,30,tool,,,,,,,0,1
qwen32B-int4_retail_50runs,verbalized,bge-m3,b60c846f-57c0-4f16-a4cf-721da58eaff4,18,30,agent,0.8762284517288208,0.5,0.0,0.45972204208374023,-0.11920732259750366,,0,1
qwen32B-int4_retail_50runs,verbalized,bge-m3,b60c846f-57c0-4f16-a4cf-721da58eaff4,19,30,tool,,,,,,,0,1
qwen32B-int4_retail_50runs,verbalized,bge-m3,b60c846f-57c0-4f16-a4cf-721da58eaff4,20,30,agent,0.6953803896903992,0.22580645161290322,0.0,,,,0,1
qwen32B-int4_retail_50runs,verbalized,bge-m3,b60c846f-57c0-4f16-a4cf-721da58eaff4,21,30,user,,,,,,0.6313442587852478,0,1
qwen32B-int4_retail_50runs,verbalized,bge-m3,b60c846f-57c0-4f16-a4cf-721da58eaff4,22,30,agent,0.6700063943862915,0.038461538461538464,0.0,0.47667813301086426,-0.03397747874259949,,0,1
qwen32B-int4_retail_50runs,verbalized,bge-m3,b60c846f-57c0-4f16-a4cf-721da58eaff4,23,30,tool,,,,,,,0,1
qwen32B-int4_retail_50runs,verbalized,bge-m3,b60c846f-57c0-4f16-a4cf-721da58eaff4,24,30,agent,0.6386839151382446,0.23728813559322035,0.0,,,,0,1
qwen32B-int4_retail_50runs,verbalized,bge-m3,b60c846f-57c0-4f16-a4cf-721da58eaff4,25,30,user,,,,,,0.5744054913520813,0,1
qwen32B-int4_retail_50runs,verbalized,bge-m3,b60c846f-57c0-4f16-a4cf-721da58eaff4,26,30,agent,0.8740530014038086,0.4090909090909091,0.0,0.44787073135375977,-0.08639690279960632,,0,1
qwen32B-int4_retail_50runs,verbalized,bge-m3,b60c846f-57c0-4f16-a4cf-721da58eaff4,27,30,tool,,,,,,,0,1
qwen32B-int4_retail_50runs,verbalized,bge-m3,b60c846f-57c0-4f16-a4cf-721da58eaff4,28,30,agent,0.7217785716056824,0.15384615384615385,0.0,,,,0,1
qwen32B-int4_retail_50runs,verbalized,bge-m3,b60c846f-57c0-4f16-a4cf-721da58eaff4,29,30,user,,,,,,0.5522652864456177,0,1
qwen32B-int4_retail_50runs,verbalized,bge-m3,59e54500-d88c-4200-9cc1-e7b03e897c9d,0,18,agent,,,,,,,0,0
qwen32B-int4_retail_50runs,verbalized,bge-m3,59e54500-d88c-4200-9cc1-e7b03e897c9d,1,18,user,,,,,,0.4925044775009155,0,0
qwen32B-int4_retail_50runs,verbalized,bge-m3,59e54500-d88c-4200-9cc1-e7b03e897c9d,2,18,agent,0.5648941993713379,0.10256410256410256,0.0,,,,0,0
qwen32B-int4_retail_50runs,verbalized,bge-m3,59e54500-d88c-4200-9cc1-e7b03e897c9d,3,18,user,,,,,,0.3286284804344177,0,0
qwen32B-int4_retail_50runs,verbalized,bge-m3,59e54500-d88c-4200-9cc1-e7b03e897c9d,4,18,agent,0.5851256251335144,0.041666666666666664,0.0,0.5177627801895142,0.0993761420249939,,0,0
qwen32B-int4_retail_50runs,verbalized,bge-m3,59e54500-d88c-4200-9cc1-e7b03e897c9d,5,18,tool,,,,,,,0,0
qwen32B-int4_retail_50runs,verbalized,bge-m3,59e54500-d88c-4200-9cc1-e7b03e897c9d,6,18,agent,0.8820924162864685,0.3888888888888889,0.0,0.31602418422698975,-0.1108906666437785,,0,0
qwen32B-int4_retail_50runs,verbalized,bge-m3,59e54500-d88c-4200-9cc1-e7b03e897c9d,7,18,tool,,,,,,,0,0
qwen32B-int4_retail_50runs,verbalized,bge-m3,59e54500-d88c-4200-9cc1-e7b03e897c9d,8,18,agent,0.48862287402153015,0.024096385542168676,0.0,,,,0,0
qwen32B-int4_retail_50runs,verbalized,bge-m3,59e54500-d88c-4200-9cc1-e7b03e897c9d,9,18,user,,,,,,0.17348051071166992,0,0
qwen32B-int4_retail_50runs,verbalized,bge-m3,59e54500-d88c-4200-9cc1-e7b03e897c9d,10,18,agent,0.8326417803764343,0.4666666666666667,0.0,0.41738665103912354,-0.08187463879585266,,0,0
qwen32B-int4_retail_50runs,verbalized,bge-m3,59e54500-d88c-4200-9cc1-e7b03e897c9d,11,18,tool,,,,,,,0,0
qwen32B-int4_retail_50runs,verbalized,bge-m3,59e54500-d88c-4200-9cc1-e7b03e897c9d,12,18,agent,0.8649389147758484,0.26804123711340205,0.0,,,,0,0
qwen32B-int4_retail_50runs,verbalized,bge-m3,59e54500-d88c-4200-9cc1-e7b03e897c9d,13,18,user,,,,,,0.11243599653244019,0,0
qwen32B-int4_retail_50runs,verbalized,bge-m3,59e54500-d88c-4200-9cc1-e7b03e897c9d,14,18,agent,0.825803279876709,0.6,0.6,0.4090907573699951,-0.07390905419985455,,0,0
qwen32B-int4_retail_50runs,verbalized,bge-m3,59e54500-d88c-4200-9cc1-e7b03e897c9d,15,18,tool,,,,,,,0,0
qwen32B-int4_retail_50runs,verbalized,bge-m3,59e54500-d88c-4200-9cc1-e7b03e897c9d,16,18,agent,0.8869113922119141,0.24390243902439024,0.0,,,,0,0
qwen32B-int4_retail_50runs,verbalized,bge-m3,59e54500-d88c-4200-9cc1-e7b03e897c9d,17,18,user,,,,,,0.294616162776947,0,0
qwen32B-int4_retail_50runs,verbalized,bge-m3,fcba53d8-9d78-4dca-a408-f4b0b2fbf0c7,0,28,agent,,,,,,,0,1
qwen32B-int4_retail_50runs,verbalized,bge-m3,fcba53d8-9d78-4dca-a408-f4b0b2fbf0c7,1,28,user,,,,,,0.5171609818935394,0,1
qwen32B-int4_retail_50runs,verbalized,bge-m3,fcba53d8-9d78-4dca-a408-f4b0b2fbf0c7,2,28,agent,0.45805251598358154,0.0,0.0,0.4359806180000305,0.015800839662551858,,0,1
qwen32B-int4_retail_50runs,verbalized,bge-m3,fcba53d8-9d78-4dca-a408-f4b0b2fbf0c7,3,28,tool,,,,,,,0,1
qwen32B-int4_retail_50runs,verbalized,bge-m3,fcba53d8-9d78-4dca-a408-f4b0b2fbf0c7,4,28,agent,0.5325056314468384,0.07894736842105263,0.0,,,,0,1
qwen32B-int4_retail_50runs,verbalized,bge-m3,fcba53d8-9d78-4dca-a408-f4b0b2fbf0c7,5,28,user,,,,,,0.2719377279281616,0,1
qwen32B-int4_retail_50runs,verbalized,bge-m3,fcba53d8-9d78-4dca-a408-f4b0b2fbf0c7,6,28,agent,0.8002856373786926,0.3,0.0,0.5297292470932007,0.07895168066024782,,0,1
qwen32B-int4_retail_50runs,verbalized,bge-m3,fcba53d8-9d78-4dca-a408-f4b0b2fbf0c7,7,28,tool,,,,,,,0,1
qwen32B-int4_retail_50runs,verbalized,bge-m3,fcba53d8-9d78-4dca-a408-f4b0b2fbf0c7,8,28,agent,0.5174053311347961,0.018518518518518517,0.0,0.4429108500480652,-0.03465442657470702,,0,1
qwen32B-int4_retail_50runs,verbalized,bge-m3,fcba53d8-9d78-4dca-a408-f4b0b2fbf0c7,9,28,tool,,,,,,,0,1
qwen32B-int4_retail_50runs,verbalized,bge-m3,fcba53d8-9d78-4dca-a408-f4b0b2fbf0c7,10,28,agent,0.7692870497703552,0.35443037974683544,0.0,,,,0,1
qwen32B-int4_retail_50runs,verbalized,bge-m3,fcba53d8-9d78-4dca-a408-f4b0b2fbf0c7,11,28,user,,,,,,0.1738659143447876,0,1
qwen32B-int4_retail_50runs,verbalized,bge-m3,fcba53d8-9d78-4dca-a408-f4b0b2fbf0c7,12,28,agent,0.7232696413993835,0.3888888888888889,0.0,0.4412786364555359,0.0225538372993469,,0,1
qwen32B-int4_retail_50runs,verbalized,bge-m3,fcba53d8-9d78-4dca-a408-f4b0b2fbf0c7,13,28,tool,,,,,,,0,1
qwen32B-int4_retail_50runs,verbalized,bge-m3,fcba53d8-9d78-4dca-a408-f4b0b2fbf0c7,14,28,agent,0.7270036339759827,0.3670886075949367,0.0,,,,0,1
qwen32B-int4_retail_50runs,verbalized,bge-m3,fcba53d8-9d78-4dca-a408-f4b0b2fbf0c7,15,28,user,,,,,,0.22365200519561768,0,1
qwen32B-int4_retail_50runs,verbalized,bge-m3,fcba53d8-9d78-4dca-a408-f4b0b2fbf0c7,16,28,agent,0.8559999465942383,0.3888888888888889,0.0,0.28490400314331055,-0.15781909227371216,,0,1
qwen32B-int4_retail_50runs,verbalized,bge-m3,fcba53d8-9d78-4dca-a408-f4b0b2fbf0c7,17,28,tool,,,,,,,0,1
qwen32B-int4_retail_50runs,verbalized,bge-m3,fcba53d8-9d78-4dca-a408-f4b0b2fbf0c7,18,28,agent,0.6718395948410034,0.2289156626506024,0.0,,,,0,1
qwen32B-int4_retail_50runs,verbalized,bge-m3,fcba53d8-9d78-4dca-a408-f4b0b2fbf0c7,19,28,user,,,,,,0.30815422534942627,0,1
qwen32B-int4_retail_50runs,verbalized,bge-m3,fcba53d8-9d78-4dca-a408-f4b0b2fbf0c7,20,28,agent,0.7570910453796387,0.2159090909090909,0.0,,,,0,1
qwen32B-int4_retail_50runs,verbalized,bge-m3,fcba53d8-9d78-4dca-a408-f4b0b2fbf0c7,21,28,user,,,,,,0.26579171419143677,0,1
qwen32B-int4_retail_50runs,verbalized,bge-m3,fcba53d8-9d78-4dca-a408-f4b0b2fbf0c7,22,28,agent,0.6725733280181885,0.20634920634920634,0.0,0.22441154718399048,-0.2336197316646576,,0,1
qwen32B-int4_retail_50runs,verbalized,bge-m3,fcba53d8-9d78-4dca-a408-f4b0b2fbf0c7,23,28,tool,,,,,,,0,1
qwen32B-int4_retail_50runs,verbalized,bge-m3,fcba53d8-9d78-4dca-a408-f4b0b2fbf0c7,24,28,agent,0.8776288628578186,0.38461538461538464,0.0,,,,0,1
qwen32B-int4_retail_50runs,verbalized,bge-m3,fcba53d8-9d78-4dca-a408-f4b0b2fbf0c7,25,28,user,,,,,,0.4684945344924927,0,1
qwen32B-int4_retail_50runs,verbalized,bge-m3,fcba53d8-9d78-4dca-a408-f4b0b2fbf0c7,26,28,agent,0.8157044649124146,0.3448275862068966,0.0,,,,0,1
qwen32B-int4_retail_50runs,verbalized,bge-m3,fcba53d8-9d78-4dca-a408-f4b0b2fbf0c7,27,28,user,,,,,,0.48729318380355835,0,1
qwen32B-int4_retail_50runs,verbalized,bge-m3,f70f76d8-c916-4f82-924f-1fac1dc3fb44,0,24,agent,,,,,,,0,1
qwen32B-int4_retail_50runs,verbalized,bge-m3,f70f76d8-c916-4f82-924f-1fac1dc3fb44,1,24,user,,,,,,0.48602986335754395,0,1
qwen32B-int4_retail_50runs,verbalized,bge-m3,f70f76d8-c916-4f82-924f-1fac1dc3fb44,2,24,agent,0.49109846353530884,0.0,0.0,0.345686674118042,-0.11966778834660846,,0,1
qwen32B-int4_retail_50runs,verbalized,bge-m3,f70f76d8-c916-4f82-924f-1fac1dc3fb44,3,24,tool,,,,,,,0,1
qwen32B-int4_retail_50runs,verbalized,bge-m3,f70f76d8-c916-4f82-924f-1fac1dc3fb44,4,24,agent,0.5077076554298401,0.04225352112676056,0.0,,,,0,1
qwen32B-int4_retail_50runs,verbalized,bge-m3,f70f76d8-c916-4f82-924f-1fac1dc3fb44,5,24,user,,,,,,0.15468794107437134,0,1
qwen32B-int4_retail_50runs,verbalized,bge-m3,f70f76d8-c916-4f82-924f-1fac1dc3fb44,6,24,agent,0.72330641746521,0.3103448275862069,0.0,0.25007402896881104,-0.14413588245709735,,0,1
qwen32B-int4_retail_50runs,verbalized,bge-m3,f70f76d8-c916-4f82-924f-1fac1dc3fb44,7,24,tool,,,,,,,0,1
qwen32B-int4_retail_50runs,verbalized,bge-m3,f70f76d8-c916-4f82-924f-1fac1dc3fb44,8,24,agent,0.8592770099639893,0.2682926829268293,0.0,0.38621532917022705,-0.008590752879778563,,0,1
qwen32B-int4_retail_50runs,verbalized,bge-m3,f70f76d8-c916-4f82-924f-1fac1dc3fb44,9,24,tool,,,,,,,0,1
qwen32B-int4_retail_50runs,verbalized,bge-m3,f70f76d8-c916-4f82-924f-1fac1dc3fb44,10,24,agent,0.6220154762268066,0.20408163265306123,0.0,0.4270225763320923,-0.07163436710834503,,0,1
qwen32B-int4_retail_50runs,verbalized,bge-m3,f70f76d8-c916-4f82-924f-1fac1dc3fb44,11,24,tool,,,,,,,0,1
qwen32B-int4_retail_50runs,verbalized,bge-m3,f70f76d8-c916-4f82-924f-1fac1dc3fb44,12,24,agent,0.7802981734275818,0.1724137931034483,0.0,,,,0,1
qwen32B-int4_retail_50runs,verbalized,bge-m3,f70f76d8-c916-4f82-924f-1fac1dc3fb44,13,24,user,,,,,,0.2778162360191345,0,1
qwen32B-int4_retail_50runs,verbalized,bge-m3,f70f76d8-c916-4f82-924f-1fac1dc3fb44,14,24,agent,0.47331562638282776,0.03333333333333333,0.0,0.45681875944137573,0.03146525224049884,,0,1
qwen32B-int4_retail_50runs,verbalized,bge-m3,f70f76d8-c916-4f82-924f-1fac1dc3fb44,15,24,tool,,,,,,,0,1
qwen32B-int4_retail_50runs,verbalized,bge-m3,f70f76d8-c916-4f82-924f-1fac1dc3fb44,16,24,agent,0.7200506925582886,0.19642857142857142,0.0,0.38187092542648315,-0.12322962284088135,,0,1
qwen32B-int4_retail_50runs,verbalized,bge-m3,f70f76d8-c916-4f82-924f-1fac1dc3fb44,17,24,tool,,,,,,,0,1
qwen32B-int4_retail_50runs,verbalized,bge-m3,f70f76d8-c916-4f82-924f-1fac1dc3fb44,18,24,agent,0.6446391344070435,0.14705882352941177,0.0,,,,0,1
qwen32B-int4_retail_50runs,verbalized,bge-m3,f70f76d8-c916-4f82-924f-1fac1dc3fb44,19,24,user,,,,,,0.5245064496994019,0,1
qwen32B-int4_retail_50runs,verbalized,bge-m3,f70f76d8-c916-4f82-924f-1fac1dc3fb44,20,24,agent,0.47088903188705444,0.027777777777777776,0.0,0.378187358379364,-0.025841613610585512,,0,1
qwen32B-int4_retail_50runs,verbalized,bge-m3,f70f76d8-c916-4f82-924f-1fac1dc3fb44,21,24,tool,,,,,,,0,1
qwen32B-int4_retail_50runs,verbalized,bge-m3,f70f76d8-c916-4f82-924f-1fac1dc3fb44,22,24,agent,0.8287413120269775,0.5733333333333334,0.0,,,,0,1
qwen32B-int4_retail_50runs,verbalized,bge-m3,f70f76d8-c916-4f82-924f-1fac1dc3fb44,23,24,user,,,,,,0.43923044204711914,0,1
qwen32B-int4_retail_50runs,verbalized,bge-m3,8a89e48d-3c85-4d21-a446-db46c5ac5e8d,0,24,agent,,,,,,,0,0
qwen32B-int4_retail_50runs,verbalized,bge-m3,8a89e48d-3c85-4d21-a446-db46c5ac5e8d,1,24,user,,,,,,0.3949468731880188,0,0
qwen32B-int4_retail_50runs,verbalized,bge-m3,8a89e48d-3c85-4d21-a446-db46c5ac5e8d,2,24,agent,0.5759992003440857,0.08823529411764706,0.0,,,,0,0
qwen32B-int4_retail_50runs,verbalized,bge-m3,8a89e48d-3c85-4d21-a446-db46c5ac5e8d,3,24,user,,,,,,0.41988182067871094,0,0
qwen32B-int4_retail_50runs,verbalized,bge-m3,8a89e48d-3c85-4d21-a446-db46c5ac5e8d,4,24,agent,0.629973292350769,0.046511627906976744,0.0,0.5855697095394135,0.213691641887029,,0,0
qwen32B-int4_retail_50runs,verbalized,bge-m3,8a89e48d-3c85-4d21-a446-db46c5ac5e8d,5,24,tool,,,,,,,0,0
qwen32B-int4_retail_50runs,verbalized,bge-m3,8a89e48d-3c85-4d21-a446-db46c5ac5e8d,6,24,agent,0.5633924007415771,0.21739130434782608,0.0,,,,0,0
qwen32B-int4_retail_50runs,verbalized,bge-m3,8a89e48d-3c85-4d21-a446-db46c5ac5e8d,7,24,user,,,,,,0.3577178120613098,0,0
qwen32B-int4_retail_50runs,verbalized,bge-m3,8a89e48d-3c85-4d21-a446-db46c5ac5e8d,8,24,agent,0.7436995506286621,0.1891891891891892,0.0,0.45039355754852295,-0.0736893812815348,,0,0
qwen32B-int4_retail_50runs,verbalized,bge-m3,8a89e48d-3c85-4d21-a446-db46c5ac5e8d,9,24,tool,,,,,,,0,0
qwen32B-int4_retail_50runs,verbalized,bge-m3,8a89e48d-3c85-4d21-a446-db46c5ac5e8d,10,24,agent,0.7614646553993225,0.2727272727272727,0.0,,,,0,0
qwen32B-int4_retail_50runs,verbalized,bge-m3,8a89e48d-3c85-4d21-a446-db46c5ac5e8d,11,24,user,,,,,,0.24117255210876465,0,0
qwen32B-int4_retail_50runs,verbalized,bge-m3,8a89e48d-3c85-4d21-a446-db46c5ac5e8d,12,24,agent,0.7584455609321594,0.17073170731707318,0.0,0.42003369331359863,-0.08088552951812744,,0,0
qwen32B-int4_retail_50runs,verbalized,bge-m3,8a89e48d-3c85-4d21-a446-db46c5ac5e8d,13,24,tool,,,,,,,0,0
qwen32B-int4_retail_50runs,verbalized,bge-m3,8a89e48d-3c85-4d21-a446-db46c5ac5e8d,14,24,agent,0.6920351982116699,0.1044776119402985,0.0,,,,0,0
qwen32B-int4_retail_50runs,verbalized,bge-m3,8a89e48d-3c85-4d21-a446-db46c5ac5e8d,15,24,user,,,,,,0.2610212564468384,0,0
qwen32B-int4_retail_50runs,verbalized,bge-m3,8a89e48d-3c85-4d21-a446-db46c5ac5e8d,16,24,agent,0.6903630495071411,0.125,0.0,,,,0,0
qwen32B-int4_retail_50runs,verbalized,bge-m3,8a89e48d-3c85-4d21-a446-db46c5ac5e8d,17,24,user,,,,,,0.36867082118988037,0,0
qwen32B-int4_retail_50runs,verbalized,bge-m3,8a89e48d-3c85-4d21-a446-db46c5ac5e8d,18,24,agent,0.6899281144142151,0.23863636363636365,0.0,,,,0,0
qwen32B-int4_retail_50runs,verbalized,bge-m3,8a89e48d-3c85-4d21-a446-db46c5ac5e8d,19,24,user,,,,,,0.2471468448638916,0,0
qwen32B-int4_retail_50runs,verbalized,bge-m3,8a89e48d-3c85-4d21-a446-db46c5ac5e8d,20,24,agent,0.6710032224655151,0.21311475409836064,0.0,0.21455830335617065,-0.18245232105255127,,0,0
qwen32B-int4_retail_50runs,verbalized,bge-m3,8a89e48d-3c85-4d21-a446-db46c5ac5e8d,21,24,tool,,,,,,,0,0
qwen32B-int4_retail_50runs,verbalized,bge-m3,8a89e48d-3c85-4d21-a446-db46c5ac5e8d,22,24,agent,0.7751901745796204,0.22857142857142856,0.0,,,,0,0
qwen32B-int4_retail_50runs,verbalized,bge-m3,8a89e48d-3c85-4d21-a446-db46c5ac5e8d,23,24,user,,,,,,0.24703311920166016,0,0
qwen32B-int4_retail_50runs,verbalized,bge-m3,b8b27395-f61a-44d9-9466-400c42a7c77d,0,42,agent,,,,,,,0,1
qwen32B-int4_retail_50runs,verbalized,bge-m3,b8b27395-f61a-44d9-9466-400c42a7c77d,1,42,user,,,,,,0.45329493284225464,0,1
qwen32B-int4_retail_50runs,verbalized,bge-m3,b8b27395-f61a-44d9-9466-400c42a7c77d,2,42,agent,0.5758681893348694,0.10526315789473684,0.0,,,,0,1
qwen32B-int4_retail_50runs,verbalized,bge-m3,b8b27395-f61a-44d9-9466-400c42a7c77d,3,42,user,,,,,,0.3751201629638672,0,1
qwen32B-int4_retail_50runs,verbalized,bge-m3,b8b27395-f61a-44d9-9466-400c42a7c77d,4,42,agent,0.6584858298301697,0.06382978723404255,0.0,0.5465654134750366,0.10637358203530312,,0,1
qwen32B-int4_retail_50runs,verbalized,bge-m3,b8b27395-f61a-44d9-9466-400c42a7c77d,5,42,tool,,,,,,,0,1
qwen32B-int4_retail_50runs,verbalized,bge-m3,b8b27395-f61a-44d9-9466-400c42a7c77d,6,42,agent,0.839597225189209,0.3684210526315789,0.0,0.33899766206741333,-0.10388486832380295,,0,1
qwen32B-int4_retail_50runs,verbalized,bge-m3,b8b27395-f61a-44d9-9466-400c42a7c77d,7,42,tool,,,,,,,0,1
qwen32B-int4_retail_50runs,verbalized,bge-m3,b8b27395-f61a-44d9-9466-400c42a7c77d,8,42,agent,0.49632465839385986,0.05357142857142857,0.0,,,,0,1
qwen32B-int4_retail_50runs,verbalized,bge-m3,b8b27395-f61a-44d9-9466-400c42a7c77d,9,42,user,,,,,,0.11522948741912842,0,1
qwen32B-int4_retail_50runs,verbalized,bge-m3,b8b27395-f61a-44d9-9466-400c42a7c77d,10,42,agent,0.8555037975311279,0.4666666666666667,0.0,0.40600287914276123,-0.04484935477375984,,0,1
qwen32B-int4_retail_50runs,verbalized,bge-m3,b8b27395-f61a-44d9-9466-400c42a7c77d,11,42,tool,,,,,,,0,1
qwen32B-int4_retail_50runs,verbalized,bge-m3,b8b27395-f61a-44d9-9466-400c42a7c77d,12,42,agent,0.876765251159668,0.36619718309859156,0.0,,,,0,1
qwen32B-int4_retail_50runs,verbalized,bge-m3,b8b27395-f61a-44d9-9466-400c42a7c77d,13,42,user,,,,,,0.48515087366104126,0,1
qwen32B-int4_retail_50runs,verbalized,bge-m3,b8b27395-f61a-44d9-9466-400c42a7c77d,14,42,agent,0.8175270557403564,0.3103448275862069,0.0,0.30122727155685425,-0.07528066635131836,,0,1
qwen32B-int4_retail_50runs,verbalized,bge-m3,b8b27395-f61a-44d9-9466-400c42a7c77d,15,42,tool,,,,,,,0,1
qwen32B-int4_retail_50runs,verbalized,bge-m3,b8b27395-f61a-44d9-9466-400c42a7c77d,16,42,agent,0.9465495944023132,0.5737704918032787,0.0,,,,0,1
qwen32B-int4_retail_50runs,verbalized,bge-m3,b8b27395-f61a-44d9-9466-400c42a7c77d,17,42,user,,,,,,0.3471909761428833,0,1
qwen32B-int4_retail_50runs,verbalized,bge-m3,b8b27395-f61a-44d9-9466-400c42a7c77d,18,42,agent,0.8908659815788269,0.7419354838709677,0.0,0.24265682697296143,-0.12362869083881378,,0,1
qwen32B-int4_retail_50runs,verbalized,bge-m3,b8b27395-f61a-44d9-9466-400c42a7c77d,19,42,tool,,,,,,,0,1
qwen32B-int4_retail_50runs,verbalized,bge-m3,b8b27395-f61a-44d9-9466-400c42a7c77d,20,42,agent,0.8509118556976318,0.4126984126984127,0.0,,,,0,1
qwen32B-int4_retail_50runs,verbalized,bge-m3,b8b27395-f61a-44d9-9466-400c42a7c77d,21,42,user,,,,,,0.24340444803237915,0,1
qwen32B-int4_retail_50runs,verbalized,bge-m3,b8b27395-f61a-44d9-9466-400c42a7c77d,22,42,agent,0.739182710647583,0.3103448275862069,0.0,0.3482024669647217,-0.09667555242776871,,0,1
qwen32B-int4_retail_50runs,verbalized,bge-m3,b8b27395-f61a-44d9-9466-400c42a7c77d,23,42,tool,,,,,,,0,1
qwen32B-int4_retail_50runs,verbalized,bge-m3,b8b27395-f61a-44d9-9466-400c42a7c77d,24,42,agent,0.7443323731422424,0.31343283582089554,0.0,,,,0,1
qwen32B-int4_retail_50runs,verbalized,bge-m3,b8b27395-f61a-44d9-9466-400c42a7c77d,25,42,user,,,,,,0.24821358919143677,0,1
qwen32B-int4_retail_50runs,verbalized,bge-m3,b8b27395-f61a-44d9-9466-400c42a7c77d,26,42,agent,0.8753840327262878,0.4666666666666667,0.0,0.4279278516769409,-0.020286574959754944,,0,1
qwen32B-int4_retail_50runs,verbalized,bge-m3,b8b27395-f61a-44d9-9466-400c42a7c77d,27,42,tool,,,,,,,0,1
qwen32B-int4_retail_50runs,verbalized,bge-m3,b8b27395-f61a-44d9-9466-400c42a7c77d,28,42,agent,0.7935183048248291,0.2247191011235955,0.0,,,,0,1
qwen32B-int4_retail_50runs,verbalized,bge-m3,b8b27395-f61a-44d9-9466-400c42a7c77d,29,42,user,,,,,,0.4621724486351013,0,1
qwen32B-int4_retail_50runs,verbalized,bge-m3,b8b27395-f61a-44d9-9466-400c42a7c77d,30,42,agent,0.7396895289421082,0.25,0.0,,,,0,1
qwen32B-int4_retail_50runs,verbalized,bge-m3,b8b27395-f61a-44d9-9466-400c42a7c77d,31,42,user,,,,,,0.3308284282684326,0,1
qwen32B-int4_retail_50runs,verbalized,bge-m3,b8b27395-f61a-44d9-9466-400c42a7c77d,32,42,agent,0.46797674894332886,0.04,0.0,0.46685367822647095,0.017232127487659454,,0,1
qwen32B-int4_retail_50runs,verbalized,bge-m3,b8b27395-f61a-44d9-9466-400c42a7c77d,33,42,tool,,,,,,,0,1
qwen32B-int4_retail_50runs,verbalized,bge-m3,b8b27395-f61a-44d9-9466-400c42a7c77d,34,42,agent,0.8183788657188416,0.352112676056338,0.0,,,,0,1
qwen32B-int4_retail_50runs,verbalized,bge-m3,b8b27395-f61a-44d9-9466-400c42a7c77d,35,42,user,,,,,,0.5111167728900909,0,1
qwen32B-int4_retail_50runs,verbalized,bge-m3,b8b27395-f61a-44d9-9466-400c42a7c77d,36,42,agent,0.8388859033584595,0.391304347826087,0.0,,,,0,1
qwen32B-int4_retail_50runs,verbalized,bge-m3,b8b27395-f61a-44d9-9466-400c42a7c77d,37,42,user,,,,,,0.5119159817695618,0,1
qwen32B-int4_retail_50runs,verbalized,bge-m3,b8b27395-f61a-44d9-9466-400c42a7c77d,38,42,agent,0.5458065867424011,0.034482758620689655,0.0,0.3799366354942322,-0.03201035037636757,,0,1
qwen32B-int4_retail_50runs,verbalized,bge-m3,b8b27395-f61a-44d9-9466-400c42a7c77d,39,42,tool,,,,,,,0,1
qwen32B-int4_retail_50runs,verbalized,bge-m3,b8b27395-f61a-44d9-9466-400c42a7c77d,40,42,agent,0.854466438293457,0.3125,0.0,,,,0,1
qwen32B-int4_retail_50runs,verbalized,bge-m3,b8b27395-f61a-44d9-9466-400c42a7c77d,41,42,user,,,,,,0.5136549770832062,0,1
qwen32B-int4_retail_50runs,verbalized,bge-m3,358cc614-45b8-49eb-856a-0a890f1094ee,0,74,agent,,,,,,,0,1
qwen32B-int4_retail_50runs,verbalized,bge-m3,358cc614-45b8-49eb-856a-0a890f1094ee,1,74,user,,,,,,0.482511043548584,0,1
qwen32B-int4_retail_50runs,verbalized,bge-m3,358cc614-45b8-49eb-856a-0a890f1094ee,2,74,agent,0.44947579503059387,0.0,0.0,0.44298410415649414,-0.09564407467842106,,0,1
qwen32B-int4_retail_50runs,verbalized,bge-m3,358cc614-45b8-49eb-856a-0a890f1094ee,3,74,tool,,,,,,,0,1
qwen32B-int4_retail_50runs,verbalized,bge-m3,358cc614-45b8-49eb-856a-0a890f1094ee,4,74,agent,0.5462039113044739,0.0967741935483871,0.0,,,,0,1
qwen32B-int4_retail_50runs,verbalized,bge-m3,358cc614-45b8-49eb-856a-0a890f1094ee,5,74,user,,,,,,0.37094616889953613,0,1
qwen32B-int4_retail_50runs,verbalized,bge-m3,358cc614-45b8-49eb-856a-0a890f1094ee,6,74,agent,0.8591079711914062,0.35,0.0,0.44747066497802734,-0.1238920052846273,,0,1
qwen32B-int4_retail_50runs,verbalized,bge-m3,358cc614-45b8-49eb-856a-0a890f1094ee,7,74,tool,,,,,,,0,1
qwen32B-int4_retail_50runs,verbalized,bge-m3,358cc614-45b8-49eb-856a-0a890f1094ee,8,74,agent,0.8933123350143433,0.4722222222222222,0.0,,,,0,1
qwen32B-int4_retail_50runs,verbalized,bge-m3,358cc614-45b8-49eb-856a-0a890f1094ee,9,74,user,,,,,,0.6028150320053101,0,1
qwen32B-int4_retail_50runs,verbalized,bge-m3,358cc614-45b8-49eb-856a-0a890f1094ee,10,74,agent,0.8558444380760193,0.3333333333333333,0.0,0.5307023525238037,-0.0008083760738373247,,0,1
qwen32B-int4_retail_50runs,verbalized,bge-m3,358cc614-45b8-49eb-856a-0a890f1094ee,11,74,tool,,,,,,,0,1
qwen32B-int4_retail_50runs,verbalized,bge-m3,358cc614-45b8-49eb-856a-0a890f1094ee,12,74,agent,0.653408408164978,0.2127659574468085,0.0,,,,0,1
qwen32B-int4_retail_50runs,verbalized,bge-m3,358cc614-45b8-49eb-856a-0a890f1094ee,13,74,user,,,,,,0.3995186686515808,0,1
qwen32B-int4_retail_50runs,verbalized,bge-m3,358cc614-45b8-49eb-856a-0a890f1094ee,14,74,agent,0.8862347602844238,0.33962264150943394,0.0,,,,0,1
qwen32B-int4_retail_50runs,verbalized,bge-m3,358cc614-45b8-49eb-856a-0a890f1094ee,15,74,user,,,,,,0.32942795753479004,0,1
qwen32B-int4_retail_50runs,verbalized,bge-m3,358cc614-45b8-49eb-856a-0a890f1094ee,16,74,agent,0.9383256435394287,0.3142857142857143,0.0,,,,0,1
qwen32B-int4_retail_50runs,verbalized,bge-m3,358cc614-45b8-49eb-856a-0a890f1094ee,17,74,user,,,,,,0.35000884532928467,0,1
qwen32B-int4_retail_50runs,verbalized,bge-m3,358cc614-45b8-49eb-856a-0a890f1094ee,18,74,agent,0.8622376918792725,0.2878787878787879,0.0,,,,0,1
qwen32B-int4_retail_50runs,verbalized,bge-m3,358cc614-45b8-49eb-856a-0a890f1094ee,19,74,user,,,,,,0.3710588812828064,0,1
qwen32B-int4_retail_50runs,verbalized,bge-m3,358cc614-45b8-49eb-856a-0a890f1094ee,20,74,agent,0.5061595439910889,0.01818181818181818,0.0,0.3143976926803589,-0.21813541253407798,,0,1
qwen32B-int4_retail_50runs,verbalized,bge-m3,358cc614-45b8-49eb-856a-0a890f1094ee,21,74,tool,,,,,,,0,1
qwen32B-int4_retail_50runs,verbalized,bge-m3,358cc614-45b8-49eb-856a-0a890f1094ee,22,74,agent,0.8568887114524841,0.2711864406779661,0.0,0.4798300266265869,-0.04622854193051651,,0,1
qwen32B-int4_retail_50runs,verbalized,bge-m3,358cc614-45b8-49eb-856a-0a890f1094ee,23,74,tool,,,,,,,0,1
qwen32B-int4_retail_50runs,verbalized,bge-m3,358cc614-45b8-49eb-856a-0a890f1094ee,24,74,agent,0.5920272469520569,0.12,0.0,,,,0,1
qwen32B-int4_retail_50runs,verbalized,bge-m3,358cc614-45b8-49eb-856a-0a890f1094ee,25,74,user,,,,,,0.37248629331588745,0,1
qwen32B-int4_retail_50runs,verbalized,bge-m3,358cc614-45b8-49eb-856a-0a890f1094ee,26,74,agent,0.8566822409629822,0.3805309734513274,0.0,,,,0,1
qwen32B-int4_retail_50runs,verbalized,bge-m3,358cc614-45b8-49eb-856a-0a890f1094ee,27,74,user,,,,,,0.36594152450561523,0,1
qwen32B-int4_retail_50runs,verbalized,bge-m3,358cc614-45b8-49eb-856a-0a890f1094ee,28,74,agent,0.7356442809104919,0.28888888888888886,0.0,,,,0,1
qwen32B-int4_retail_50runs,verbalized,bge-m3,358cc614-45b8-49eb-856a-0a890f1094ee,29,74,user,,,,,,0.6073880195617676,0,1
qwen32B-int4_retail_50runs,verbalized,bge-m3,358cc614-45b8-49eb-856a-0a890f1094ee,30,74,agent,0.6559494733810425,0.05454545454545454,0.0,0.4813215732574463,-0.01738473971684773,,0,1
qwen32B-int4_retail_50runs,verbalized,bge-m3,358cc614-45b8-49eb-856a-0a890f1094ee,31,74,tool,,,,,,,0,1
qwen32B-int4_retail_50runs,verbalized,bge-m3,358cc614-45b8-49eb-856a-0a890f1094ee,32,74,agent,0.7245591878890991,0.28735632183908044,0.0,,,,0,1
qwen32B-int4_retail_50runs,verbalized,bge-m3,358cc614-45b8-49eb-856a-0a890f1094ee,33,74,user,,,,,,0.6089089214801788,0,1
qwen32B-int4_retail_50runs,verbalized,bge-m3,358cc614-45b8-49eb-856a-0a890f1094ee,34,74,agent,0.9825397729873657,0.6666666666666666,0.0,0.44796979427337646,-0.05350716511408493,,0,1
qwen32B-int4_retail_50runs,verbalized,bge-m3,358cc614-45b8-49eb-856a-0a890f1094ee,35,74,tool,,,,,,,0,1
qwen32B-int4_retail_50runs,verbalized,bge-m3,358cc614-45b8-49eb-856a-0a890f1094ee,36,74,agent,0.768925666809082,0.391304347826087,0.0,,,,0,1
qwen32B-int4_retail_50runs,verbalized,bge-m3,358cc614-45b8-49eb-856a-0a890f1094ee,37,74,user,,,,,,0.5863343179225922,0,1
qwen32B-int4_retail_50runs,verbalized,bge-m3,358cc614-45b8-49eb-856a-0a890f1094ee,38,74,agent,0.9830703735351562,0.6666666666666666,0.0,0.490592896938324,-0.01552957693735757,,0,1
qwen32B-int4_retail_50runs,verbalized,bge-m3,358cc614-45b8-49eb-856a-0a890f1094ee,39,74,tool,,,,,,,0,1
qwen32B-int4_retail_50runs,verbalized,bge-m3,358cc614-45b8-49eb-856a-0a890f1094ee,40,74,agent,0.7672820091247559,0.3707865168539326,0.0,,,,0,1
qwen32B-int4_retail_50runs,verbalized,bge-m3,358cc614-45b8-49eb-856a-0a890f1094ee,41,74,user,,,,,,0.6121978759765625,0,1
qwen32B-int4_retail_50runs,verbalized,bge-m3,358cc614-45b8-49eb-856a-0a890f1094ee,42,74,agent,0.9807125329971313,0.6666666666666666,0.0,0.44075095653533936,-0.05570135911305746,,0,1
qwen32B-int4_retail_50runs,verbalized,bge-m3,358cc614-45b8-49eb-856a-0a890f1094ee,43,74,tool,,,,,,,0,1
qwen32B-int4_retail_50runs,verbalized,bge-m3,358cc614-45b8-49eb-856a-0a890f1094ee,44,74,agent,0.9388754367828369,0.6419753086419753,0.0,,,,0,1
qwen32B-int4_retail_50runs,verbalized,bge-m3,358cc614-45b8-49eb-856a-0a890f1094ee,45,74,user,,,,,,0.6172050833702087,0,1
qwen32B-int4_retail_50runs,verbalized,bge-m3,358cc614-45b8-49eb-856a-0a890f1094ee,46,74,agent,0.9924196004867554,0.9,0.9,0.4759994149208069,-0.01617039044698082,,0,1
qwen32B-int4_retail_50runs,verbalized,bge-m3,358cc614-45b8-49eb-856a-0a890f1094ee,47,74,tool,,,,,,,0,1
qwen32B-int4_retail_50runs,verbalized,bge-m3,358cc614-45b8-49eb-856a-0a890f1094ee,48,74,agent,0.9837730526924133,0.8493150684931506,0.8493150684931506,,,,0,1
qwen32B-int4_retail_50runs,verbalized,bge-m3,358cc614-45b8-49eb-856a-0a890f1094ee,49,74,user,,,,,,0.6153677105903625,0,1
qwen32B-int4_retail_50runs,verbalized,bge-m3,358cc614-45b8-49eb-856a-0a890f1094ee,50,74,agent,0.9867611527442932,0.9,0.9,0.48183369636535645,-0.015494030714035045,,0,1
qwen32B-int4_retail_50runs,verbalized,bge-m3,358cc614-45b8-49eb-856a-0a890f1094ee,51,74,tool,,,,,,,0,1
qwen32B-int4_retail_50runs,verbalized,bge-m3,358cc614-45b8-49eb-856a-0a890f1094ee,52,74,agent,0.9958361387252808,0.9285714285714286,0.0,,,,0,1
qwen32B-int4_retail_50runs,verbalized,bge-m3,358cc614-45b8-49eb-856a-0a890f1094ee,53,74,user,,,,,,0.6131823062896729,0,1
qwen32B-int4_retail_50runs,verbalized,bge-m3,358cc614-45b8-49eb-856a-0a890f1094ee,54,74,agent,0.9887714385986328,0.9,0.9,0.49089354276657104,-0.011478499571482392,,0,1
qwen32B-int4_retail_50runs,verbalized,bge-m3,358cc614-45b8-49eb-856a-0a890f1094ee,55,74,tool,,,,,,,0,1
qwen32B-int4_retail_50runs,verbalized,bge-m3,358cc614-45b8-49eb-856a-0a890f1094ee,56,74,agent,0.9594217538833618,0.7738095238095238,0.7738095238095238,,,,0,1
qwen32B-int4_retail_50runs,verbalized,bge-m3,358cc614-45b8-49eb-856a-0a890f1094ee,57,74,user,,,,,,0.6115365624427795,0,1
qwen32B-int4_retail_50runs,verbalized,bge-m3,358cc614-45b8-49eb-856a-0a890f1094ee,58,74,agent,0.9854752421379089,0.9,0.9,0.4445687532424927,-0.05618557731310525,,0,1
qwen32B-int4_retail_50runs,verbalized,bge-m3,358cc614-45b8-49eb-856a-0a890f1094ee,59,74,tool,,,,,,,0,1
qwen32B-int4_retail_50runs,verbalized,bge-m3,358cc614-45b8-49eb-856a-0a890f1094ee,60,74,agent,0.9613802433013916,0.7555555555555555,0.0,,,,0,1
qwen32B-int4_retail_50runs,verbalized,bge-m3,358cc614-45b8-49eb-856a-0a890f1094ee,61,74,user,,,,,,0.6277672052383423,0,1
qwen32B-int4_retail_50runs,verbalized,bge-m3,358cc614-45b8-49eb-856a-0a890f1094ee,62,74,agent,0.9864493012428284,0.9,0.9,0.4871182441711426,-0.014158022403716997,,0,1
qwen32B-int4_retail_50runs,verbalized,bge-m3,358cc614-45b8-49eb-856a-0a890f1094ee,63,74,tool,,,,,,,0,1
qwen32B-int4_retail_50runs,verbalized,bge-m3,358cc614-45b8-49eb-856a-0a890f1094ee,64,74,agent,0.9445244073867798,0.6595744680851063,0.0,,,,0,1
qwen32B-int4_retail_50runs,verbalized,bge-m3,358cc614-45b8-49eb-856a-0a890f1094ee,65,74,user,,,,,,0.6122575402259827,0,1
qwen32B-int4_retail_50runs,verbalized,bge-m3,358cc614-45b8-49eb-856a-0a890f1094ee,66,74,agent,0.9929141402244568,0.9,0.9,0.4900047183036804,-0.014288278420766187,,0,1
qwen32B-int4_retail_50runs,verbalized,bge-m3,358cc614-45b8-49eb-856a-0a890f1094ee,67,74,tool,,,,,,,0,1
qwen32B-int4_retail_50runs,verbalized,bge-m3,358cc614-45b8-49eb-856a-0a890f1094ee,68,74,agent,0.9859257936477661,0.9135802469135802,0.9135802469135802,,,,0,1
qwen32B-int4_retail_50runs,verbalized,bge-m3,358cc614-45b8-49eb-856a-0a890f1094ee,69,74,user,,,,,,0.611419141292572,0,1
qwen32B-int4_retail_50runs,verbalized,bge-m3,358cc614-45b8-49eb-856a-0a890f1094ee,70,74,agent,0.7725868821144104,0.18181818181818182,0.0,0.5682232975959778,0.07718807260195415,,0,1
qwen32B-int4_retail_50runs,verbalized,bge-m3,358cc614-45b8-49eb-856a-0a890f1094ee,71,74,tool,,,,,,,0,1
qwen32B-int4_retail_50runs,verbalized,bge-m3,358cc614-45b8-49eb-856a-0a890f1094ee,72,74,agent,0.5941203832626343,0.060240963855421686,0.0,,,,0,1
qwen32B-int4_retail_50runs,verbalized,bge-m3,358cc614-45b8-49eb-856a-0a890f1094ee,73,74,user,,,,,,0.36564916372299194,0,1
qwen32B-int4_retail_50runs,verbalized,bge-m3,ee42733b-582d-474b-b186-d260daec1eb1,0,18,agent,,,,,,,0,1
qwen32B-int4_retail_50runs,verbalized,bge-m3,ee42733b-582d-474b-b186-d260daec1eb1,1,18,user,,,,,,0.48604607582092285,0,1
qwen32B-int4_retail_50runs,verbalized,bge-m3,ee42733b-582d-474b-b186-d260daec1eb1,2,18,agent,0.5264066457748413,0.06666666666666667,0.0,,,,0,1
qwen32B-int4_retail_50runs,verbalized,bge-m3,ee42733b-582d-474b-b186-d260daec1eb1,3,18,user,,,,,,0.3498188853263855,0,1
qwen32B-int4_retail_50runs,verbalized,bge-m3,ee42733b-582d-474b-b186-d260daec1eb1,4,18,agent,0.6087589859962463,0.05263157894736842,0.0,0.5417870283126831,0.04186028242111206,,0,1
qwen32B-int4_retail_50runs,verbalized,bge-m3,ee42733b-582d-474b-b186-d260daec1eb1,5,18,tool,,,,,,,0,1
qwen32B-int4_retail_50runs,verbalized,bge-m3,ee42733b-582d-474b-b186-d260daec1eb1,6,18,agent,0.7428308725357056,0.3684210526315789,0.0,0.4197942018508911,-0.09678814808527625,,0,1
qwen32B-int4_retail_50runs,verbalized,bge-m3,ee42733b-582d-474b-b186-d260daec1eb1,7,18,tool,,,,,,,0,1
qwen32B-int4_retail_50runs,verbalized,bge-m3,ee42733b-582d-474b-b186-d260daec1eb1,8,18,agent,0.4680355489253998,0.0,0.0,0.28084325790405273,-0.1668947736422221,,0,1
qwen32B-int4_retail_50runs,verbalized,bge-m3,ee42733b-582d-474b-b186-d260daec1eb1,9,18,tool,,,,,,,0,1
qwen32B-int4_retail_50runs,verbalized,bge-m3,ee42733b-582d-474b-b186-d260daec1eb1,10,18,agent,0.8506249189376831,0.17647058823529413,0.0,,,,0,1
qwen32B-int4_retail_50runs,verbalized,bge-m3,ee42733b-582d-474b-b186-d260daec1eb1,11,18,user,,,,,,0.4298320412635803,0,1
qwen32B-int4_retail_50runs,verbalized,bge-m3,ee42733b-582d-474b-b186-d260daec1eb1,12,18,agent,0.7956926226615906,0.36923076923076925,0.0,0.32064270973205566,-0.15006015698115033,,0,1
qwen32B-int4_retail_50runs,verbalized,bge-m3,ee42733b-582d-474b-b186-d260daec1eb1,13,18,tool,,,,,,,0,1
qwen32B-int4_retail_50runs,verbalized,bge-m3,ee42733b-582d-474b-b186-d260daec1eb1,14,18,agent,0.8865046501159668,0.43037974683544306,0.0,,,,0,1
qwen32B-int4_retail_50runs,verbalized,bge-m3,ee42733b-582d-474b-b186-d260daec1eb1,15,18,user,,,,,,0.33072906732559204,0,1
qwen32B-int4_retail_50runs,verbalized,bge-m3,ee42733b-582d-474b-b186-d260daec1eb1,16,18,agent,0.946426272392273,0.4,0.0,,,,0,1
qwen32B-int4_retail_50runs,verbalized,bge-m3,ee42733b-582d-474b-b186-d260daec1eb1,17,18,user,,,,,,0.5326827764511108,0,1
qwen32B-int4_retail_50runs,verbalized,bge-m3,3e9de05b-0df6-4fa1-8bf2-9d22de77d33a,0,26,agent,,,,,,,0,0
qwen32B-int4_retail_50runs,verbalized,bge-m3,3e9de05b-0df6-4fa1-8bf2-9d22de77d33a,1,26,user,,,,,,0.3842495083808899,0,0
qwen32B-int4_retail_50runs,verbalized,bge-m3,3e9de05b-0df6-4fa1-8bf2-9d22de77d33a,2,26,agent,0.5610591769218445,0.14285714285714285,0.0,,,,0,0
qwen32B-int4_retail_50runs,verbalized,bge-m3,3e9de05b-0df6-4fa1-8bf2-9d22de77d33a,3,26,user,,,,,,0.39633405208587646,0,0
qwen32B-int4_retail_50runs,verbalized,bge-m3,3e9de05b-0df6-4fa1-8bf2-9d22de77d33a,4,26,agent,0.6225820779800415,0.05263157894736842,0.0,0.5606743693351746,0.04459600895643234,,0,0
qwen32B-int4_retail_50runs,verbalized,bge-m3,3e9de05b-0df6-4fa1-8bf2-9d22de77d33a,5,26,tool,,,,,,,0,0
qwen32B-int4_retail_50runs,verbalized,bge-m3,3e9de05b-0df6-4fa1-8bf2-9d22de77d33a,6,26,agent,0.56425541639328,0.2558139534883721,0.0,,,,0,0
qwen32B-int4_retail_50runs,verbalized,bge-m3,3e9de05b-0df6-4fa1-8bf2-9d22de77d33a,7,26,user,,,,,,0.3798637390136719,0,0
qwen32B-int4_retail_50runs,verbalized,bge-m3,3e9de05b-0df6-4fa1-8bf2-9d22de77d33a,8,26,agent,0.7270634174346924,0.3684210526315789,0.0,0.47283220291137695,-0.05080723762512207,,0,0
qwen32B-int4_retail_50runs,verbalized,bge-m3,3e9de05b-0df6-4fa1-8bf2-9d22de77d33a,9,26,tool,,,,,,,0,0
qwen32B-int4_retail_50runs,verbalized,bge-m3,3e9de05b-0df6-4fa1-8bf2-9d22de77d33a,10,26,agent,0.7211371064186096,0.23529411764705882,0.0,,,,0,0
qwen32B-int4_retail_50runs,verbalized,bge-m3,3e9de05b-0df6-4fa1-8bf2-9d22de77d33a,11,26,user,,,,,,0.29753774404525757,0,0
qwen32B-int4_retail_50runs,verbalized,bge-m3,3e9de05b-0df6-4fa1-8bf2-9d22de77d33a,12,26,agent,0.9790931940078735,0.6923076923076923,0.0,0.46211040019989014,-0.04566758871078491,,0,0
qwen32B-int4_retail_50runs,verbalized,bge-m3,3e9de05b-0df6-4fa1-8bf2-9d22de77d33a,13,26,tool,,,,,,,0,0
qwen32B-int4_retail_50runs,verbalized,bge-m3,3e9de05b-0df6-4fa1-8bf2-9d22de77d33a,14,26,agent,0.9683752655982971,0.6046511627906976,0.0,,,,0,0
qwen32B-int4_retail_50runs,verbalized,bge-m3,3e9de05b-0df6-4fa1-8bf2-9d22de77d33a,15,26,user,,,,,,0.3433704376220703,0,0
qwen32B-int4_retail_50runs,verbalized,bge-m3,3e9de05b-0df6-4fa1-8bf2-9d22de77d33a,16,26,agent,0.975300669670105,0.6923076923076923,0.0,0.4393928050994873,-0.07181714475154877,,0,0
qwen32B-int4_retail_50runs,verbalized,bge-m3,3e9de05b-0df6-4fa1-8bf2-9d22de77d33a,17,26,tool,,,,,,,0,0
qwen32B-int4_retail_50runs,verbalized,bge-m3,3e9de05b-0df6-4fa1-8bf2-9d22de77d33a,18,26,agent,0.6332124471664429,0.10588235294117647,0.0,,,,0,0
qwen32B-int4_retail_50runs,verbalized,bge-m3,3e9de05b-0df6-4fa1-8bf2-9d22de77d33a,19,26,user,,,,,,0.3671504259109497,0,0
qwen32B-int4_retail_50runs,verbalized,bge-m3,3e9de05b-0df6-4fa1-8bf2-9d22de77d33a,20,26,agent,0.8469811677932739,0.30927835051546393,0.0,,,,0,0
qwen32B-int4_retail_50runs,verbalized,bge-m3,3e9de05b-0df6-4fa1-8bf2-9d22de77d33a,21,26,user,,,,,,0.32621002197265625,0,0
qwen32B-int4_retail_50runs,verbalized,bge-m3,3e9de05b-0df6-4fa1-8bf2-9d22de77d33a,22,26,agent,0.6248345375061035,0.041666666666666664,0.0,0.3591578006744385,-0.15159649401903152,,0,0
qwen32B-int4_retail_50runs,verbalized,bge-m3,3e9de05b-0df6-4fa1-8bf2-9d22de77d33a,23,26,tool,,,,,,,0,0
qwen32B-int4_retail_50runs,verbalized,bge-m3,3e9de05b-0df6-4fa1-8bf2-9d22de77d33a,24,26,agent,0.8769006133079529,0.27927927927927926,0.0,,,,0,0
qwen32B-int4_retail_50runs,verbalized,bge-m3,3e9de05b-0df6-4fa1-8bf2-9d22de77d33a,25,26,user,,,,,,0.6518198847770691,0,0
qwen32B-int4_retail_50runs,verbalized,bge-m3,f24ec70b-d40e-4c78-99c1-fa80888a474f,0,28,agent,,,,,,,0,0
qwen32B-int4_retail_50runs,verbalized,bge-m3,f24ec70b-d40e-4c78-99c1-fa80888a474f,1,28,user,,,,,,0.4279128909111023,0,0
qwen32B-int4_retail_50runs,verbalized,bge-m3,f24ec70b-d40e-4c78-99c1-fa80888a474f,2,28,agent,0.5610591769218445,0.14285714285714285,0.0,,,,0,0
qwen32B-int4_retail_50runs,verbalized,bge-m3,f24ec70b-d40e-4c78-99c1-fa80888a474f,3,28,user,,,,,,0.3864632844924927,0,0
qwen32B-int4_retail_50runs,verbalized,bge-m3,f24ec70b-d40e-4c78-99c1-fa80888a474f,4,28,agent,0.6307625770568848,0.05263157894736842,0.0,0.5401315093040466,0.027075491845607758,,0,0
qwen32B-int4_retail_50runs,verbalized,bge-m3,f24ec70b-d40e-4c78-99c1-fa80888a474f,5,28,tool,,,,,,,0,0
qwen32B-int4_retail_50runs,verbalized,bge-m3,f24ec70b-d40e-4c78-99c1-fa80888a474f,6,28,agent,0.5357016324996948,0.2,0.0,,,,0,0
qwen32B-int4_retail_50runs,verbalized,bge-m3,f24ec70b-d40e-4c78-99c1-fa80888a474f,7,28,user,,,,,,0.40141451358795166,0,0
qwen32B-int4_retail_50runs,verbalized,bge-m3,f24ec70b-d40e-4c78-99c1-fa80888a474f,8,28,agent,0.7210407257080078,0.3684210526315789,0.0,0.4634332060813904,-0.05657317489385605,,0,0
qwen32B-int4_retail_50runs,verbalized,bge-m3,f24ec70b-d40e-4c78-99c1-fa80888a474f,9,28,tool,,,,,,,0,0
qwen32B-int4_retail_50runs,verbalized,bge-m3,f24ec70b-d40e-4c78-99c1-fa80888a474f,10,28,agent,0.5787193179130554,0.19298245614035087,0.0,,,,0,0
qwen32B-int4_retail_50runs,verbalized,bge-m3,f24ec70b-d40e-4c78-99c1-fa80888a474f,11,28,user,,,,,,0.3056929111480713,0,0
qwen32B-int4_retail_50runs,verbalized,bge-m3,f24ec70b-d40e-4c78-99c1-fa80888a474f,12,28,agent,0.9813779592514038,0.6923076923076923,0.0,0.44495469331741333,-0.08116596937179565,,0,0
qwen32B-int4_retail_50runs,verbalized,bge-m3,f24ec70b-d40e-4c78-99c1-fa80888a474f,13,28,tool,,,,,,,0,0
qwen32B-int4_retail_50runs,verbalized,bge-m3,f24ec70b-d40e-4c78-99c1-fa80888a474f,14,28,agent,0.5873859524726868,0.14772727272727273,0.0,,,,0,0
qwen32B-int4_retail_50runs,verbalized,bge-m3,f24ec70b-d40e-4c78-99c1-fa80888a474f,15,28,user,,,,,,0.18267899751663208,0,0
qwen32B-int4_retail_50runs,verbalized,bge-m3,f24ec70b-d40e-4c78-99c1-fa80888a474f,16,28,agent,0.9240601658821106,0.4666666666666667,0.0,0.45646941661834717,-0.08217599987983704,,0,0
qwen32B-int4_retail_50runs,verbalized,bge-m3,f24ec70b-d40e-4c78-99c1-fa80888a474f,17,28,tool,,,,,,,0,0
qwen32B-int4_retail_50runs,verbalized,bge-m3,f24ec70b-d40e-4c78-99c1-fa80888a474f,18,28,agent,0.8432353734970093,0.2978723404255319,0.0,,,,0,0
qwen32B-int4_retail_50runs,verbalized,bge-m3,f24ec70b-d40e-4c78-99c1-fa80888a474f,19,28,user,,,,,,0.3359029293060303,0,0
qwen32B-int4_retail_50runs,verbalized,bge-m3,f24ec70b-d40e-4c78-99c1-fa80888a474f,20,28,agent,0.6880658864974976,0.3595505617977528,0.0,,,,0,0
qwen32B-int4_retail_50runs,verbalized,bge-m3,f24ec70b-d40e-4c78-99c1-fa80888a474f,21,28,user,,,,,,0.26005733013153076,0,0
qwen32B-int4_retail_50runs,verbalized,bge-m3,f24ec70b-d40e-4c78-99c1-fa80888a474f,22,28,agent,0.8408217430114746,0.35064935064935066,0.0,,,,0,0
qwen32B-int4_retail_50runs,verbalized,bge-m3,f24ec70b-d40e-4c78-99c1-fa80888a474f,23,28,user,,,,,,0.3286702036857605,0,0
qwen32B-int4_retail_50runs,verbalized,bge-m3,f24ec70b-d40e-4c78-99c1-fa80888a474f,24,28,agent,0.613640546798706,0.07017543859649122,0.0,0.375619113445282,-0.13119637966156006,,0,0
qwen32B-int4_retail_50runs,verbalized,bge-m3,f24ec70b-d40e-4c78-99c1-fa80888a474f,25,28,tool,,,,,,,0,0
qwen32B-int4_retail_50runs,verbalized,bge-m3,f24ec70b-d40e-4c78-99c1-fa80888a474f,26,28,agent,0.8967514634132385,0.3013698630136986,0.0,,,,0,0
qwen32B-int4_retail_50runs,verbalized,bge-m3,f24ec70b-d40e-4c78-99c1-fa80888a474f,27,28,user,,,,,,0.5972565114498138,0,0
qwen32B-int4_retail_50runs,verbalized,bge-m3,b37929bb-4139-43fe-8521-2047ac1a8bd7,0,20,agent,,,,,,,0,0
qwen32B-int4_retail_50runs,verbalized,bge-m3,b37929bb-4139-43fe-8521-2047ac1a8bd7,1,20,user,,,,,,0.47117263078689575,0,0
qwen32B-int4_retail_50runs,verbalized,bge-m3,b37929bb-4139-43fe-8521-2047ac1a8bd7,2,20,agent,0.5015761256217957,0.075,0.0,,,,0,0
qwen32B-int4_retail_50runs,verbalized,bge-m3,b37929bb-4139-43fe-8521-2047ac1a8bd7,3,20,user,,,,,,0.3810862898826599,0,0
qwen32B-int4_retail_50runs,verbalized,bge-m3,b37929bb-4139-43fe-8521-2047ac1a8bd7,4,20,agent,0.5608776807785034,0.04081632653061224,0.0,0.5544309914112091,0.043207019567489624,,0,0
qwen32B-int4_retail_50runs,verbalized,bge-m3,b37929bb-4139-43fe-8521-2047ac1a8bd7,5,20,tool,,,,,,,0,0
qwen32B-int4_retail_50runs,verbalized,bge-m3,b37929bb-4139-43fe-8521-2047ac1a8bd7,6,20,agent,0.7300636768341064,0.3684210526315789,0.0,0.47299474477767944,-0.05541933576265967,,0,0
qwen32B-int4_retail_50runs,verbalized,bge-m3,b37929bb-4139-43fe-8521-2047ac1a8bd7,7,20,tool,,,,,,,0,0
qwen32B-int4_retail_50runs,verbalized,bge-m3,b37929bb-4139-43fe-8521-2047ac1a8bd7,8,20,agent,0.5932039618492126,0.04,0.0,,,,0,0
qwen32B-int4_retail_50runs,verbalized,bge-m3,b37929bb-4139-43fe-8521-2047ac1a8bd7,9,20,user,,,,,,0.19017189741134644,0,0
qwen32B-int4_retail_50runs,verbalized,bge-m3,b37929bb-4139-43fe-8521-2047ac1a8bd7,10,20,agent,0.9853012561798096,0.6923076923076923,0.0,0.4435204267501831,-0.08876358469327295,,0,0
qwen32B-int4_retail_50runs,verbalized,bge-m3,b37929bb-4139-43fe-8521-2047ac1a8bd7,11,20,tool,,,,,,,0,0
qwen32B-int4_retail_50runs,verbalized,bge-m3,b37929bb-4139-43fe-8521-2047ac1a8bd7,12,20,agent,0.6704165935516357,0.13978494623655913,0.0,,,,0,0
qwen32B-int4_retail_50runs,verbalized,bge-m3,b37929bb-4139-43fe-8521-2047ac1a8bd7,13,20,user,,,,,,0.3465786576271057,0,0
qwen32B-int4_retail_50runs,verbalized,bge-m3,b37929bb-4139-43fe-8521-2047ac1a8bd7,14,20,agent,0.8358758687973022,0.3870967741935484,0.0,,,,0,0
qwen32B-int4_retail_50runs,verbalized,bge-m3,b37929bb-4139-43fe-8521-2047ac1a8bd7,15,20,user,,,,,,0.27297890186309814,0,0
qwen32B-int4_retail_50runs,verbalized,bge-m3,b37929bb-4139-43fe-8521-2047ac1a8bd7,16,20,agent,0.5918831825256348,0.05194805194805195,0.0,0.3560737371444702,-0.15647719303766883,,0,0
qwen32B-int4_retail_50runs,verbalized,bge-m3,b37929bb-4139-43fe-8521-2047ac1a8bd7,17,20,tool,,,,,,,0,0
qwen32B-int4_retail_50runs,verbalized,bge-m3,b37929bb-4139-43fe-8521-2047ac1a8bd7,18,20,agent,0.8651571273803711,0.39622641509433965,0.0,,,,0,0
qwen32B-int4_retail_50runs,verbalized,bge-m3,b37929bb-4139-43fe-8521-2047ac1a8bd7,19,20,user,,,,,,0.3461495041847229,0,0
qwen32B-int4_retail_50runs,verbalized,bge-m3,3ea46536-257f-4a5a-95b2-fd83a2f6f070,0,24,agent,,,,,,,0,1
qwen32B-int4_retail_50runs,verbalized,bge-m3,3ea46536-257f-4a5a-95b2-fd83a2f6f070,1,24,user,,,,,,0.44071704149246216,0,1
qwen32B-int4_retail_50runs,verbalized,bge-m3,3ea46536-257f-4a5a-95b2-fd83a2f6f070,2,24,agent,0.5683461427688599,0.12903225806451613,0.0,,,,0,1
qwen32B-int4_retail_50runs,verbalized,bge-m3,3ea46536-257f-4a5a-95b2-fd83a2f6f070,3,24,user,,,,,,0.37460166215896606,0,1
qwen32B-int4_retail_50runs,verbalized,bge-m3,3ea46536-257f-4a5a-95b2-fd83a2f6f070,4,24,agent,0.6348334550857544,0.04878048780487805,0.0,0.5496197640895844,0.14146454135576886,,0,1
qwen32B-int4_retail_50runs,verbalized,bge-m3,3ea46536-257f-4a5a-95b2-fd83a2f6f070,5,24,tool,,,,,,,0,1
qwen32B-int4_retail_50runs,verbalized,bge-m3,3ea46536-257f-4a5a-95b2-fd83a2f6f070,6,24,agent,0.5433126091957092,0.1836734693877551,0.0,,,,0,1
qwen32B-int4_retail_50runs,verbalized,bge-m3,3ea46536-257f-4a5a-95b2-fd83a2f6f070,7,24,user,,,,,,0.33340001106262207,0,1
qwen32B-int4_retail_50runs,verbalized,bge-m3,3ea46536-257f-4a5a-95b2-fd83a2f6f070,8,24,agent,0.7697910666465759,0.23076923076923078,0.0,0.4570279121398926,-0.043580253918965695,,0,1
qwen32B-int4_retail_50runs,verbalized,bge-m3,3ea46536-257f-4a5a-95b2-fd83a2f6f070,9,24,tool,,,,,,,0,1
qwen32B-int4_retail_50runs,verbalized,bge-m3,3ea46536-257f-4a5a-95b2-fd83a2f6f070,10,24,agent,0.8335227966308594,0.24528301886792453,0.0,,,,0,1
qwen32B-int4_retail_50runs,verbalized,bge-m3,3ea46536-257f-4a5a-95b2-fd83a2f6f070,11,24,user,,,,,,0.12111037969589233,0,1
qwen32B-int4_retail_50runs,verbalized,bge-m3,3ea46536-257f-4a5a-95b2-fd83a2f6f070,12,24,agent,0.6765549778938293,0.13333333333333333,0.0,0.45000267028808594,-0.07575051983197534,,0,1
qwen32B-int4_retail_50runs,verbalized,bge-m3,3ea46536-257f-4a5a-95b2-fd83a2f6f070,13,24,tool,,,,,,,0,1
qwen32B-int4_retail_50runs,verbalized,bge-m3,3ea46536-257f-4a5a-95b2-fd83a2f6f070,14,24,agent,0.6978803873062134,0.2,0.0,,,,0,1
qwen32B-int4_retail_50runs,verbalized,bge-m3,3ea46536-257f-4a5a-95b2-fd83a2f6f070,15,24,user,,,,,,0.3257635831832886,0,1
qwen32B-int4_retail_50runs,verbalized,bge-m3,3ea46536-257f-4a5a-95b2-fd83a2f6f070,16,24,agent,0.7007822394371033,0.21875,0.0,,,,0,1
qwen32B-int4_retail_50runs,verbalized,bge-m3,3ea46536-257f-4a5a-95b2-fd83a2f6f070,17,24,user,,,,,,0.15376436710357666,0,1
qwen32B-int4_retail_50runs,verbalized,bge-m3,3ea46536-257f-4a5a-95b2-fd83a2f6f070,18,24,agent,0.6884406805038452,0.07547169811320754,0.0,0.3917350172996521,-0.12081653873125708,,0,1
qwen32B-int4_retail_50runs,verbalized,bge-m3,3ea46536-257f-4a5a-95b2-fd83a2f6f070,19,24,tool,,,,,,,0,1
qwen32B-int4_retail_50runs,verbalized,bge-m3,3ea46536-257f-4a5a-95b2-fd83a2f6f070,20,24,agent,0.743000328540802,0.234375,0.0,,,,0,1
qwen32B-int4_retail_50runs,verbalized,bge-m3,3ea46536-257f-4a5a-95b2-fd83a2f6f070,21,24,user,,,,,,0.45712143182754517,0,1
qwen32B-int4_retail_50runs,verbalized,bge-m3,3ea46536-257f-4a5a-95b2-fd83a2f6f070,22,24,agent,0.6267368197441101,0.17582417582417584,0.0,,,,0,1
qwen32B-int4_retail_50runs,verbalized,bge-m3,3ea46536-257f-4a5a-95b2-fd83a2f6f070,23,24,user,,,,,,0.2396233081817627,0,1
qwen32B-int4_retail_50runs,verbalized,bge-m3,8058b006-6a7a-4d78-8098-9efbf7b05fea,0,26,agent,,,,,,,0,0
qwen32B-int4_retail_50runs,verbalized,bge-m3,8058b006-6a7a-4d78-8098-9efbf7b05fea,1,26,user,,,,,,0.538210541009903,0,0
qwen32B-int4_retail_50runs,verbalized,bge-m3,8058b006-6a7a-4d78-8098-9efbf7b05fea,2,26,agent,0.5106934309005737,0.058823529411764705,0.0,,,,0,0
qwen32B-int4_retail_50runs,verbalized,bge-m3,8058b006-6a7a-4d78-8098-9efbf7b05fea,3,26,user,,,,,,0.3609420657157898,0,0
qwen32B-int4_retail_50runs,verbalized,bge-m3,8058b006-6a7a-4d78-8098-9efbf7b05fea,4,26,agent,0.6110469102859497,0.047619047619047616,0.0,0.5392036437988281,0.06634231976100374,,0,0
qwen32B-int4_retail_50runs,verbalized,bge-m3,8058b006-6a7a-4d78-8098-9efbf7b05fea,5,26,tool,,,,,,,0,0
qwen32B-int4_retail_50runs,verbalized,bge-m3,8058b006-6a7a-4d78-8098-9efbf7b05fea,6,26,agent,0.595238447189331,0.2037037037037037,0.0,,,,0,0
qwen32B-int4_retail_50runs,verbalized,bge-m3,8058b006-6a7a-4d78-8098-9efbf7b05fea,7,26,user,,,,,,0.22949159145355225,0,0
qwen32B-int4_retail_50runs,verbalized,bge-m3,8058b006-6a7a-4d78-8098-9efbf7b05fea,8,26,agent,0.8484863042831421,0.3684210526315789,0.0,0.326610803604126,-0.13795719402176992,,0,0
qwen32B-int4_retail_50runs,verbalized,bge-m3,8058b006-6a7a-4d78-8098-9efbf7b05fea,9,26,tool,,,,,,,0,0
qwen32B-int4_retail_50runs,verbalized,bge-m3,8058b006-6a7a-4d78-8098-9efbf7b05fea,10,26,agent,0.8138768672943115,0.2982456140350877,0.0,0.44724971055984497,0.010368423802512017,,0,0
qwen32B-int4_retail_50runs,verbalized,bge-m3,8058b006-6a7a-4d78-8098-9efbf7b05fea,11,26,tool,,,,,,,0,0
qwen32B-int4_retail_50runs,verbalized,bge-m3,8058b006-6a7a-4d78-8098-9efbf7b05fea,12,26,agent,0.8867893218994141,0.38636363636363635,0.0,0.46628886461257935,-0.006906547716685696,,0,0
qwen32B-int4_retail_50runs,verbalized,bge-m3,8058b006-6a7a-4d78-8098-9efbf7b05fea,13,26,tool,,,,,,,0,0
qwen32B-int4_retail_50runs,verbalized,bge-m3,8058b006-6a7a-4d78-8098-9efbf7b05fea,14,26,agent,0.9581146240234375,0.7777777777777778,0.7777777777777778,0.5261141657829285,0.04851993918418884,,0,0
qwen32B-int4_retail_50runs,verbalized,bge-m3,8058b006-6a7a-4d78-8098-9efbf7b05fea,15,26,tool,,,,,,,0,0
qwen32B-int4_retail_50runs,verbalized,bge-m3,8058b006-6a7a-4d78-8098-9efbf7b05fea,16,26,agent,0.9779126644134521,0.7857142857142857,0.7857142857142857,0.4372255802154541,-0.04196270023073467,,0,0
qwen32B-int4_retail_50runs,verbalized,bge-m3,8058b006-6a7a-4d78-8098-9efbf7b05fea,17,26,tool,,,,,,,0,0
qwen32B-int4_retail_50runs,verbalized,bge-m3,8058b006-6a7a-4d78-8098-9efbf7b05fea,18,26,agent,0.9775326251983643,0.8518518518518519,0.8518518518518519,0.34445035457611084,-0.15607906239373348,,0,0
qwen32B-int4_retail_50runs,verbalized,bge-m3,8058b006-6a7a-4d78-8098-9efbf7b05fea,19,26,tool,,,,,,,0,0
qwen32B-int4_retail_50runs,verbalized,bge-m3,8058b006-6a7a-4d78-8098-9efbf7b05fea,20,26,agent,0.7680511474609375,0.11494252873563218,0.0,,,,0,0
qwen32B-int4_retail_50runs,verbalized,bge-m3,8058b006-6a7a-4d78-8098-9efbf7b05fea,21,26,user,,,,,,0.23971080780029297,0,0
qwen32B-int4_retail_50runs,verbalized,bge-m3,8058b006-6a7a-4d78-8098-9efbf7b05fea,22,26,agent,0.5491519570350647,0.047058823529411764,0.0,0.3631582260131836,-0.020410708018711643,,0,0
qwen32B-int4_retail_50runs,verbalized,bge-m3,8058b006-6a7a-4d78-8098-9efbf7b05fea,23,26,tool,,,,,,,0,0
qwen32B-int4_retail_50runs,verbalized,bge-m3,8058b006-6a7a-4d78-8098-9efbf7b05fea,24,26,agent,0.6704569458961487,0.16666666666666666,0.0,,,,0,0
qwen32B-int4_retail_50runs,verbalized,bge-m3,8058b006-6a7a-4d78-8098-9efbf7b05fea,25,26,user,,,,,,0.2782100439071655,0,0
