cell,variant,embedder,traj_id,step_idx,n_steps,actor,d_a_sem,d_a_lex,d_a_gated,d_oA,d_oA_calibrated,d_oU,user_is_tool_turn,label_fail
qwen32B-int4_retail_50runs,baseline,Qwen3-Embedding-0.6B,003ba2fb-a4e2-460f-b7f9-95ceaa965b9b,0,32,agent,,,,,,,0,1
qwen32B-int4_retail_50runs,baseline,Qwen3-Embedding-0.6B,003ba2fb-a4e2-460f-b7f9-95ceaa965b9b,1,32,user,,,,,,0.5019811689853668,0,1
qwen32B-int4_retail_50runs,baseline,Qwen3-Embedding-0.6B,003ba2fb-a4e2-460f-b7f9-95ceaa965b9b,2,32,agent,0.33653634786605835,0.0,0.0,0.4836653470993042,-0.09611790378888452,,0,1
qwen32B-int4_retail_50runs,baseline,Qwen3-Embedding-0.6B,003ba2fb-a4e2-460f-b7f9-95ceaa965b9b,3,32,tool,,,,,,,0,1
qwen32B-int4_retail_50runs,baseline,Qwen3-Embedding-0.6B,003ba2fb-a4e2-460f-b7f9-95ceaa965b9b,4,32,agent,0.4064547121524811,0.4117647058823529,0.0,0.4212227463722229,-0.17793394128481543,,0,1
qwen32B-int4_retail_50runs,baseline,Qwen3-Embedding-0.6B,003ba2fb-a4e2-460f-b7f9-95ceaa965b9b,5,32,tool,,,,,,,0,1
qwen32B-int4_retail_50runs,baseline,Qwen3-Embedding-0.6B,003ba2fb-a4e2-460f-b7f9-95ceaa965b9b,6,32,agent,0.589788019657135,0.5384615384615384,0.0,0.4748656749725342,-0.0730578336450789,,0,1
qwen32B-int4_retail_50runs,baseline,Qwen3-Embedding-0.6B,003ba2fb-a4e2-460f-b7f9-95ceaa965b9b,7,32,tool,,,,,,,0,1
qwen32B-int4_retail_50runs,baseline,Qwen3-Embedding-0.6B,003ba2fb-a4e2-460f-b7f9-95ceaa965b9b,8,32,agent,0.408195823431015,0.014084507042253521,0.0,,,,0,1
qwen32B-int4_retail_50runs,baseline,Qwen3-Embedding-0.6B,003ba2fb-a4e2-460f-b7f9-95ceaa965b9b,9,32,user,,,,,,0.3177884817123413,0,1
qwen32B-int4_retail_50runs,baseline,Qwen3-Embedding-0.6B,003ba2fb-a4e2-460f-b7f9-95ceaa965b9b,10,32,agent,0.6419014930725098,0.4666666666666667,0.0,0.5213368535041809,-0.0977868139743805,,0,1
qwen32B-int4_retail_50runs,baseline,Qwen3-Embedding-0.6B,003ba2fb-a4e2-460f-b7f9-95ceaa965b9b,11,32,tool,,,,,,,0,1
qwen32B-int4_retail_50runs,baseline,Qwen3-Embedding-0.6B,003ba2fb-a4e2-460f-b7f9-95ceaa965b9b,12,32,agent,0.6032068729400635,0.22,0.0,,,,0,1
qwen32B-int4_retail_50runs,baseline,Qwen3-Embedding-0.6B,003ba2fb-a4e2-460f-b7f9-95ceaa965b9b,13,32,user,,,,,,0.34363776445388794,0,1
qwen32B-int4_retail_50runs,baseline,Qwen3-Embedding-0.6B,003ba2fb-a4e2-460f-b7f9-95ceaa965b9b,14,32,agent,0.6140340566635132,0.4666666666666667,0.0,0.5597355365753174,-0.004846556319130779,,0,1
qwen32B-int4_retail_50runs,baseline,Qwen3-Embedding-0.6B,003ba2fb-a4e2-460f-b7f9-95ceaa965b9b,15,32,tool,,,,,,,0,1
qwen32B-int4_retail_50runs,baseline,Qwen3-Embedding-0.6B,003ba2fb-a4e2-460f-b7f9-95ceaa965b9b,16,32,agent,0.7267603874206543,0.2247191011235955,0.0,,,,0,1
qwen32B-int4_retail_50runs,baseline,Qwen3-Embedding-0.6B,003ba2fb-a4e2-460f-b7f9-95ceaa965b9b,17,32,user,,,,,,0.25892478227615356,0,1
qwen32B-int4_retail_50runs,baseline,Qwen3-Embedding-0.6B,003ba2fb-a4e2-460f-b7f9-95ceaa965b9b,18,32,agent,0.9890375137329102,0.6923076923076923,0.0,0.560810923576355,-0.007112781206766727,,0,1
qwen32B-int4_retail_50runs,baseline,Qwen3-Embedding-0.6B,003ba2fb-a4e2-460f-b7f9-95ceaa965b9b,19,32,tool,,,,,,,0,1
qwen32B-int4_retail_50runs,baseline,Qwen3-Embedding-0.6B,003ba2fb-a4e2-460f-b7f9-95ceaa965b9b,20,32,agent,0.9929483532905579,0.6923076923076923,0.0,0.5539523661136627,-0.015117814143498776,,0,1
qwen32B-int4_retail_50runs,baseline,Qwen3-Embedding-0.6B,003ba2fb-a4e2-460f-b7f9-95ceaa965b9b,21,32,tool,,,,,,,0,1
qwen32B-int4_retail_50runs,baseline,Qwen3-Embedding-0.6B,003ba2fb-a4e2-460f-b7f9-95ceaa965b9b,22,32,agent,0.9897638559341431,0.6923076923076923,0.0,0.5854081213474274,0.023595809936523438,,0,1
qwen32B-int4_retail_50runs,baseline,Qwen3-Embedding-0.6B,003ba2fb-a4e2-460f-b7f9-95ceaa965b9b,23,32,tool,,,,,,,0,1
qwen32B-int4_retail_50runs,baseline,Qwen3-Embedding-0.6B,003ba2fb-a4e2-460f-b7f9-95ceaa965b9b,24,32,agent,0.9931337237358093,0.6923076923076923,0.0,0.6123592555522919,0.040626244412528156,,0,1
qwen32B-int4_retail_50runs,baseline,Qwen3-Embedding-0.6B,003ba2fb-a4e2-460f-b7f9-95ceaa965b9b,25,32,tool,,,,,,,0,1
qwen32B-int4_retail_50runs,baseline,Qwen3-Embedding-0.6B,003ba2fb-a4e2-460f-b7f9-95ceaa965b9b,26,32,agent,0.44200387597084045,0.015384615384615385,0.0,,,,0,1
qwen32B-int4_retail_50runs,baseline,Qwen3-Embedding-0.6B,003ba2fb-a4e2-460f-b7f9-95ceaa965b9b,27,32,user,,,,,,0.20918947458267212,0,1
qwen32B-int4_retail_50runs,baseline,Qwen3-Embedding-0.6B,003ba2fb-a4e2-460f-b7f9-95ceaa965b9b,28,32,agent,0.6898824572563171,0.47368421052631576,0.0,0.5106395483016968,-0.0008955134285820732,,0,1
qwen32B-int4_retail_50runs,baseline,Qwen3-Embedding-0.6B,003ba2fb-a4e2-460f-b7f9-95ceaa965b9b,29,32,tool,,,,,,,0,1
qwen32B-int4_retail_50runs,baseline,Qwen3-Embedding-0.6B,003ba2fb-a4e2-460f-b7f9-95ceaa965b9b,30,32,agent,0.7983275055885315,0.29411764705882354,0.0,,,,0,1
qwen32B-int4_retail_50runs,baseline,Qwen3-Embedding-0.6B,003ba2fb-a4e2-460f-b7f9-95ceaa965b9b,31,32,user,,,,,,0.3890042304992676,0,1
qwen32B-int4_retail_50runs,baseline,Qwen3-Embedding-0.6B,f6dcd166-a800-4fff-9aec-3731f7739cea,0,26,agent,,,,,,,0,0
qwen32B-int4_retail_50runs,baseline,Qwen3-Embedding-0.6B,f6dcd166-a800-4fff-9aec-3731f7739cea,1,26,user,,,,,,0.5372788906097412,0,0
qwen32B-int4_retail_50runs,baseline,Qwen3-Embedding-0.6B,f6dcd166-a800-4fff-9aec-3731f7739cea,2,26,agent,0.3467041552066803,0.0,0.0,0.4883798360824585,-0.11523740291595463,,0,0
qwen32B-int4_retail_50runs,baseline,Qwen3-Embedding-0.6B,f6dcd166-a800-4fff-9aec-3731f7739cea,3,26,tool,,,,,,,0,0
qwen32B-int4_retail_50runs,baseline,Qwen3-Embedding-0.6B,f6dcd166-a800-4fff-9aec-3731f7739cea,4,26,agent,0.6658298969268799,0.09090909090909091,0.0,,,,0,0
qwen32B-int4_retail_50runs,baseline,Qwen3-Embedding-0.6B,f6dcd166-a800-4fff-9aec-3731f7739cea,5,26,user,,,,,,0.27121084928512573,0,0
qwen32B-int4_retail_50runs,baseline,Qwen3-Embedding-0.6B,f6dcd166-a800-4fff-9aec-3731f7739cea,6,26,agent,0.9984960556030273,0.8125,0.0,0.4761207103729248,-0.13427581787109377,,0,0
qwen32B-int4_retail_50runs,baseline,Qwen3-Embedding-0.6B,f6dcd166-a800-4fff-9aec-3731f7739cea,7,26,tool,,,,,,,0,0
qwen32B-int4_retail_50runs,baseline,Qwen3-Embedding-0.6B,f6dcd166-a800-4fff-9aec-3731f7739cea,8,26,agent,0.4383598864078522,0.3684210526315789,0.0,0.6093766093254089,0.006681203842163086,,0,0
qwen32B-int4_retail_50runs,baseline,Qwen3-Embedding-0.6B,f6dcd166-a800-4fff-9aec-3731f7739cea,9,26,tool,,,,,,,0,0
qwen32B-int4_retail_50runs,baseline,Qwen3-Embedding-0.6B,f6dcd166-a800-4fff-9aec-3731f7739cea,10,26,agent,0.47903916239738464,0.016129032258064516,0.0,,,,0,0
qwen32B-int4_retail_50runs,baseline,Qwen3-Embedding-0.6B,f6dcd166-a800-4fff-9aec-3731f7739cea,11,26,user,,,,,,0.4558236598968506,0,0
qwen32B-int4_retail_50runs,baseline,Qwen3-Embedding-0.6B,f6dcd166-a800-4fff-9aec-3731f7739cea,12,26,agent,0.4763942062854767,0.10576923076923077,0.0,,,,0,0
qwen32B-int4_retail_50runs,baseline,Qwen3-Embedding-0.6B,f6dcd166-a800-4fff-9aec-3731f7739cea,13,26,user,,,,,,0.4694288969039917,0,0
qwen32B-int4_retail_50runs,baseline,Qwen3-Embedding-0.6B,f6dcd166-a800-4fff-9aec-3731f7739cea,14,26,agent,0.474662721157074,0.0,0.0,0.4925575256347656,-0.0590693414211273,,0,0
qwen32B-int4_retail_50runs,baseline,Qwen3-Embedding-0.6B,f6dcd166-a800-4fff-9aec-3731f7739cea,15,26,tool,,,,,,,0,0
qwen32B-int4_retail_50runs,baseline,Qwen3-Embedding-0.6B,f6dcd166-a800-4fff-9aec-3731f7739cea,16,26,agent,0.9842758178710938,0.6923076923076923,0.0,0.4288327693939209,-0.10986617803573606,,0,0
qwen32B-int4_retail_50runs,baseline,Qwen3-Embedding-0.6B,f6dcd166-a800-4fff-9aec-3731f7739cea,17,26,tool,,,,,,,0,0
qwen32B-int4_retail_50runs,baseline,Qwen3-Embedding-0.6B,f6dcd166-a800-4fff-9aec-3731f7739cea,18,26,agent,0.41117000579833984,0.013157894736842105,0.0,,,,0,0
qwen32B-int4_retail_50runs,baseline,Qwen3-Embedding-0.6B,f6dcd166-a800-4fff-9aec-3731f7739cea,19,26,user,,,,,,0.18235039710998535,0,0
qwen32B-int4_retail_50runs,baseline,Qwen3-Embedding-0.6B,f6dcd166-a800-4fff-9aec-3731f7739cea,20,26,agent,0.7632980346679688,0.38144329896907214,0.0,,,,0,0
qwen32B-int4_retail_50runs,baseline,Qwen3-Embedding-0.6B,f6dcd166-a800-4fff-9aec-3731f7739cea,21,26,user,,,,,,0.4897609353065491,0,0
qwen32B-int4_retail_50runs,baseline,Qwen3-Embedding-0.6B,f6dcd166-a800-4fff-9aec-3731f7739cea,22,26,agent,0.36918526887893677,0.036585365853658534,0.0,0.4509466290473938,-0.14070768356323238,,0,0
qwen32B-int4_retail_50runs,baseline,Qwen3-Embedding-0.6B,f6dcd166-a800-4fff-9aec-3731f7739cea,23,26,tool,,,,,,,0,0
qwen32B-int4_retail_50runs,baseline,Qwen3-Embedding-0.6B,f6dcd166-a800-4fff-9aec-3731f7739cea,24,26,agent,0.5930193662643433,0.1782178217821782,0.0,,,,0,0
qwen32B-int4_retail_50runs,baseline,Qwen3-Embedding-0.6B,f6dcd166-a800-4fff-9aec-3731f7739cea,25,26,user,,,,,,0.43539297580718994,0,0
qwen32B-int4_retail_50runs,baseline,Qwen3-Embedding-0.6B,07169c1f-359f-43b6-8bb5-45ca08061d1d,0,36,agent,,,,,,,0,0
qwen32B-int4_retail_50runs,baseline,Qwen3-Embedding-0.6B,07169c1f-359f-43b6-8bb5-45ca08061d1d,1,36,user,,,,,,0.5350444614887238,0,0
qwen32B-int4_retail_50runs,baseline,Qwen3-Embedding-0.6B,07169c1f-359f-43b6-8bb5-45ca08061d1d,2,36,agent,0.3465271592140198,0.0,0.0,0.4781481623649597,-0.1127350740134716,,0,0
qwen32B-int4_retail_50runs,baseline,Qwen3-Embedding-0.6B,07169c1f-359f-43b6-8bb5-45ca08061d1d,3,36,tool,,,,,,,0,0
qwen32B-int4_retail_50runs,baseline,Qwen3-Embedding-0.6B,07169c1f-359f-43b6-8bb5-45ca08061d1d,4,36,agent,0.6710234880447388,0.09090909090909091,0.0,,,,0,0
qwen32B-int4_retail_50runs,baseline,Qwen3-Embedding-0.6B,07169c1f-359f-43b6-8bb5-45ca08061d1d,5,36,user,,,,,,0.16440892219543457,0,0
qwen32B-int4_retail_50runs,baseline,Qwen3-Embedding-0.6B,07169c1f-359f-43b6-8bb5-45ca08061d1d,6,36,agent,0.9985037446022034,0.8125,0.0,0.4803560972213745,-0.11393658444285393,,0,0
qwen32B-int4_retail_50runs,baseline,Qwen3-Embedding-0.6B,07169c1f-359f-43b6-8bb5-45ca08061d1d,7,36,tool,,,,,,,0,0
qwen32B-int4_retail_50runs,baseline,Qwen3-Embedding-0.6B,07169c1f-359f-43b6-8bb5-45ca08061d1d,8,36,agent,0.49914515018463135,0.22580645161290322,0.0,,,,0,0
qwen32B-int4_retail_50runs,baseline,Qwen3-Embedding-0.6B,07169c1f-359f-43b6-8bb5-45ca08061d1d,9,36,user,,,,,,0.3751375675201416,0,0
qwen32B-int4_retail_50runs,baseline,Qwen3-Embedding-0.6B,07169c1f-359f-43b6-8bb5-45ca08061d1d,10,36,agent,0.5642719268798828,0.3684210526315789,0.0,0.6109395325183868,0.009027287364006042,,0,0
qwen32B-int4_retail_50runs,baseline,Qwen3-Embedding-0.6B,07169c1f-359f-43b6-8bb5-45ca08061d1d,11,36,tool,,,,,,,0,0
qwen32B-int4_retail_50runs,baseline,Qwen3-Embedding-0.6B,07169c1f-359f-43b6-8bb5-45ca08061d1d,12,36,agent,0.46018847823143005,0.1518987341772152,0.0,0.317695677280426,-0.2487274929881096,,0,0
qwen32B-int4_retail_50runs,baseline,Qwen3-Embedding-0.6B,07169c1f-359f-43b6-8bb5-45ca08061d1d,13,36,tool,,,,,,,0,0
qwen32B-int4_retail_50runs,baseline,Qwen3-Embedding-0.6B,07169c1f-359f-43b6-8bb5-45ca08061d1d,14,36,agent,0.9063032865524292,0.43333333333333335,0.0,0.3508411645889282,-0.21844866126775742,,0,0
qwen32B-int4_retail_50runs,baseline,Qwen3-Embedding-0.6B,07169c1f-359f-43b6-8bb5-45ca08061d1d,15,36,tool,,,,,,,0,0
qwen32B-int4_retail_50runs,baseline,Qwen3-Embedding-0.6B,07169c1f-359f-43b6-8bb5-45ca08061d1d,16,36,agent,0.8413099050521851,0.2857142857142857,0.0,,,,0,0
qwen32B-int4_retail_50runs,baseline,Qwen3-Embedding-0.6B,07169c1f-359f-43b6-8bb5-45ca08061d1d,17,36,user,,,,,,0.2912142872810364,0,0
qwen32B-int4_retail_50runs,baseline,Qwen3-Embedding-0.6B,07169c1f-359f-43b6-8bb5-45ca08061d1d,18,36,agent,0.7987194657325745,0.509090909090909,0.0,,,,0,0
qwen32B-int4_retail_50runs,baseline,Qwen3-Embedding-0.6B,07169c1f-359f-43b6-8bb5-45ca08061d1d,19,36,user,,,,,,0.3955717086791992,0,0
qwen32B-int4_retail_50runs,baseline,Qwen3-Embedding-0.6B,07169c1f-359f-43b6-8bb5-45ca08061d1d,20,36,agent,0.46367600560188293,0.04,0.0,0.5002301633358002,-0.04477165639400482,,0,0
qwen32B-int4_retail_50runs,baseline,Qwen3-Embedding-0.6B,07169c1f-359f-43b6-8bb5-45ca08061d1d,21,36,tool,,,,,,,0,0
qwen32B-int4_retail_50runs,baseline,Qwen3-Embedding-0.6B,07169c1f-359f-43b6-8bb5-45ca08061d1d,22,36,agent,0.642288327217102,0.21568627450980393,0.0,,,,0,0
qwen32B-int4_retail_50runs,baseline,Qwen3-Embedding-0.6B,07169c1f-359f-43b6-8bb5-45ca08061d1d,23,36,user,,,,,,0.08859509229660034,0,0
qwen32B-int4_retail_50runs,baseline,Qwen3-Embedding-0.6B,07169c1f-359f-43b6-8bb5-45ca08061d1d,24,36,agent,0.9993833303451538,0.7894736842105263,0.0,0.5026122033596039,-0.04265851899981499,,0,0
qwen32B-int4_retail_50runs,baseline,Qwen3-Embedding-0.6B,07169c1f-359f-43b6-8bb5-45ca08061d1d,25,36,tool,,,,,,,0,0
qwen32B-int4_retail_50runs,baseline,Qwen3-Embedding-0.6B,07169c1f-359f-43b6-8bb5-45ca08061d1d,26,36,agent,0.9177777767181396,0.3111111111111111,0.0,,,,0,0
qwen32B-int4_retail_50runs,baseline,Qwen3-Embedding-0.6B,07169c1f-359f-43b6-8bb5-45ca08061d1d,27,36,user,,,,,,0.23362129926681519,0,0
qwen32B-int4_retail_50runs,baseline,Qwen3-Embedding-0.6B,07169c1f-359f-43b6-8bb5-45ca08061d1d,28,36,agent,0.43191850185394287,0.3333333333333333,0.0,0.5101067423820496,-0.08553792163729668,,0,0
qwen32B-int4_retail_50runs,baseline,Qwen3-Embedding-0.6B,07169c1f-359f-43b6-8bb5-45ca08061d1d,29,36,tool,,,,,,,0,0
qwen32B-int4_retail_50runs,baseline,Qwen3-Embedding-0.6B,07169c1f-359f-43b6-8bb5-45ca08061d1d,30,36,agent,0.8061138391494751,0.21311475409836064,0.0,,,,0,0
qwen32B-int4_retail_50runs,baseline,Qwen3-Embedding-0.6B,07169c1f-359f-43b6-8bb5-45ca08061d1d,31,36,user,,,,,,0.13128578662872314,0,0
qwen32B-int4_retail_50runs,baseline,Qwen3-Embedding-0.6B,07169c1f-359f-43b6-8bb5-45ca08061d1d,32,36,agent,0.5855523943901062,0.3333333333333333,0.0,0.46035635471343994,-0.08320984616875648,,0,0
qwen32B-int4_retail_50runs,baseline,Qwen3-Embedding-0.6B,07169c1f-359f-43b6-8bb5-45ca08061d1d,33,36,tool,,,,,,,0,0
qwen32B-int4_retail_50runs,baseline,Qwen3-Embedding-0.6B,07169c1f-359f-43b6-8bb5-45ca08061d1d,34,36,agent,0.4982449412345886,0.16304347826086957,0.0,,,,0,0
qwen32B-int4_retail_50runs,baseline,Qwen3-Embedding-0.6B,07169c1f-359f-43b6-8bb5-45ca08061d1d,35,36,user,,,,,,0.478782057762146,0,0
qwen32B-int4_retail_50runs,baseline,Qwen3-Embedding-0.6B,fd489b38-3523-4480-9052-7718cb574f45,0,36,agent,,,,,,,0,1
qwen32B-int4_retail_50runs,baseline,Qwen3-Embedding-0.6B,fd489b38-3523-4480-9052-7718cb574f45,1,36,user,,,,,,0.5451658070087433,0,1
qwen32B-int4_retail_50runs,baseline,Qwen3-Embedding-0.6B,fd489b38-3523-4480-9052-7718cb574f45,2,36,agent,0.3961262106895447,0.06976744186046512,0.0,,,,0,1
qwen32B-int4_retail_50runs,baseline,Qwen3-Embedding-0.6B,fd489b38-3523-4480-9052-7718cb574f45,3,36,user,,,,,,0.521364837884903,0,1
qwen32B-int4_retail_50runs,baseline,Qwen3-Embedding-0.6B,fd489b38-3523-4480-9052-7718cb574f45,4,36,agent,0.4381430149078369,0.038461538461538464,0.0,0.47924304008483887,-0.07818556949496269,,0,1
qwen32B-int4_retail_50runs,baseline,Qwen3-Embedding-0.6B,fd489b38-3523-4480-9052-7718cb574f45,5,36,tool,,,,,,,0,1
qwen32B-int4_retail_50runs,baseline,Qwen3-Embedding-0.6B,fd489b38-3523-4480-9052-7718cb574f45,6,36,agent,0.6950514912605286,0.3684210526315789,0.0,0.5163701772689819,-0.0716082900762558,,0,1
qwen32B-int4_retail_50runs,baseline,Qwen3-Embedding-0.6B,fd489b38-3523-4480-9052-7718cb574f45,7,36,tool,,,,,,,0,1
qwen32B-int4_retail_50runs,baseline,Qwen3-Embedding-0.6B,fd489b38-3523-4480-9052-7718cb574f45,8,36,agent,0.440885066986084,0.03125,0.0,,,,0,1
qwen32B-int4_retail_50runs,baseline,Qwen3-Embedding-0.6B,fd489b38-3523-4480-9052-7718cb574f45,9,36,user,,,,,,0.19192886352539062,0,1
qwen32B-int4_retail_50runs,baseline,Qwen3-Embedding-0.6B,fd489b38-3523-4480-9052-7718cb574f45,10,36,agent,0.5465337634086609,0.5384615384615384,0.0,0.41303181648254395,-0.17200903221964836,,0,1
qwen32B-int4_retail_50runs,baseline,Qwen3-Embedding-0.6B,fd489b38-3523-4480-9052-7718cb574f45,11,36,tool,,,,,,,0,1
qwen32B-int4_retail_50runs,baseline,Qwen3-Embedding-0.6B,fd489b38-3523-4480-9052-7718cb574f45,12,36,agent,0.5946837067604065,0.5384615384615384,0.0,0.4665374159812927,-0.06628678366541862,,0,1
qwen32B-int4_retail_50runs,baseline,Qwen3-Embedding-0.6B,fd489b38-3523-4480-9052-7718cb574f45,13,36,tool,,,,,,,0,1
qwen32B-int4_retail_50runs,baseline,Qwen3-Embedding-0.6B,fd489b38-3523-4480-9052-7718cb574f45,14,36,agent,0.437297523021698,0.015625,0.0,,,,0,1
qwen32B-int4_retail_50runs,baseline,Qwen3-Embedding-0.6B,fd489b38-3523-4480-9052-7718cb574f45,15,36,user,,,,,,0.436598539352417,0,1
qwen32B-int4_retail_50runs,baseline,Qwen3-Embedding-0.6B,fd489b38-3523-4480-9052-7718cb574f45,16,36,agent,0.7569654583930969,0.4666666666666667,0.0,0.5584967136383057,0.009128600358963013,,0,1
qwen32B-int4_retail_50runs,baseline,Qwen3-Embedding-0.6B,fd489b38-3523-4480-9052-7718cb574f45,17,36,tool,,,,,,,0,1
qwen32B-int4_retail_50runs,baseline,Qwen3-Embedding-0.6B,fd489b38-3523-4480-9052-7718cb574f45,18,36,agent,0.9932225346565247,0.6923076923076923,0.0,0.5610634982585907,0.008109558373689651,,0,1
qwen32B-int4_retail_50runs,baseline,Qwen3-Embedding-0.6B,fd489b38-3523-4480-9052-7718cb574f45,19,36,tool,,,,,,,0,1
qwen32B-int4_retail_50runs,baseline,Qwen3-Embedding-0.6B,fd489b38-3523-4480-9052-7718cb574f45,20,36,agent,0.7370269298553467,0.05714285714285714,0.0,,,,0,1
qwen32B-int4_retail_50runs,baseline,Qwen3-Embedding-0.6B,fd489b38-3523-4480-9052-7718cb574f45,21,36,user,,,,,,0.31773918867111206,0,1
qwen32B-int4_retail_50runs,baseline,Qwen3-Embedding-0.6B,fd489b38-3523-4480-9052-7718cb574f45,22,36,agent,0.6651968955993652,0.12295081967213115,0.0,,,,0,1
qwen32B-int4_retail_50runs,baseline,Qwen3-Embedding-0.6B,fd489b38-3523-4480-9052-7718cb574f45,23,36,user,,,,,,0.3783084750175476,0,1
qwen32B-int4_retail_50runs,baseline,Qwen3-Embedding-0.6B,fd489b38-3523-4480-9052-7718cb574f45,24,36,agent,0.7224721312522888,0.0958904109589041,0.0,0.5638460218906403,0.039596546441316605,,0,1
qwen32B-int4_retail_50runs,baseline,Qwen3-Embedding-0.6B,fd489b38-3523-4480-9052-7718cb574f45,25,36,tool,,,,,,,0,1
qwen32B-int4_retail_50runs,baseline,Qwen3-Embedding-0.6B,fd489b38-3523-4480-9052-7718cb574f45,26,36,agent,0.7815806865692139,0.19801980198019803,0.0,,,,0,1
qwen32B-int4_retail_50runs,baseline,Qwen3-Embedding-0.6B,fd489b38-3523-4480-9052-7718cb574f45,27,36,user,,,,,,0.1861615777015686,0,1
qwen32B-int4_retail_50runs,baseline,Qwen3-Embedding-0.6B,fd489b38-3523-4480-9052-7718cb574f45,28,36,agent,0.5541131496429443,0.47368421052631576,0.0,0.5516989827156067,-0.0010404512286186218,,0,1
qwen32B-int4_retail_50runs,baseline,Qwen3-Embedding-0.6B,fd489b38-3523-4480-9052-7718cb574f45,29,36,tool,,,,,,,0,1
qwen32B-int4_retail_50runs,baseline,Qwen3-Embedding-0.6B,fd489b38-3523-4480-9052-7718cb574f45,30,36,agent,0.6622705459594727,0.2,0.0,,,,0,1
qwen32B-int4_retail_50runs,baseline,Qwen3-Embedding-0.6B,fd489b38-3523-4480-9052-7718cb574f45,31,36,user,,,,,,0.4176628589630127,0,1
qwen32B-int4_retail_50runs,baseline,Qwen3-Embedding-0.6B,fd489b38-3523-4480-9052-7718cb574f45,32,36,agent,0.6155849099159241,0.47368421052631576,0.0,0.46718311309814453,-0.07242867350578308,,0,1
qwen32B-int4_retail_50runs,baseline,Qwen3-Embedding-0.6B,fd489b38-3523-4480-9052-7718cb574f45,33,36,tool,,,,,,,0,1
qwen32B-int4_retail_50runs,baseline,Qwen3-Embedding-0.6B,fd489b38-3523-4480-9052-7718cb574f45,34,36,agent,0.8397223353385925,0.3488372093023256,0.0,,,,0,1
qwen32B-int4_retail_50runs,baseline,Qwen3-Embedding-0.6B,fd489b38-3523-4480-9052-7718cb574f45,35,36,user,,,,,,0.6594060063362122,0,1
qwen32B-int4_retail_50runs,baseline,Qwen3-Embedding-0.6B,4a5f406c-80a6-4db2-aa73-d4bfaa483867,0,32,agent,,,,,,,0,0
qwen32B-int4_retail_50runs,baseline,Qwen3-Embedding-0.6B,4a5f406c-80a6-4db2-aa73-d4bfaa483867,1,32,user,,,,,,0.5124354064464569,0,0
qwen32B-int4_retail_50runs,baseline,Qwen3-Embedding-0.6B,4a5f406c-80a6-4db2-aa73-d4bfaa483867,2,32,agent,0.45660245418548584,0.13333333333333333,0.0,,,,0,0
qwen32B-int4_retail_50runs,baseline,Qwen3-Embedding-0.6B,4a5f406c-80a6-4db2-aa73-d4bfaa483867,3,32,user,,,,,,0.24566078186035156,0,0
qwen32B-int4_retail_50runs,baseline,Qwen3-Embedding-0.6B,4a5f406c-80a6-4db2-aa73-d4bfaa483867,4,32,agent,0.7522415518760681,0.05,0.0,0.5198448598384857,-0.05997879505157466,,0,0
qwen32B-int4_retail_50runs,baseline,Qwen3-Embedding-0.6B,4a5f406c-80a6-4db2-aa73-d4bfaa483867,5,32,tool,,,,,,,0,0
qwen32B-int4_retail_50runs,baseline,Qwen3-Embedding-0.6B,4a5f406c-80a6-4db2-aa73-d4bfaa483867,6,32,agent,0.4703402519226074,0.2,0.0,,,,0,0
qwen32B-int4_retail_50runs,baseline,Qwen3-Embedding-0.6B,4a5f406c-80a6-4db2-aa73-d4bfaa483867,7,32,user,,,,,,0.24380993843078613,0,0
qwen32B-int4_retail_50runs,baseline,Qwen3-Embedding-0.6B,4a5f406c-80a6-4db2-aa73-d4bfaa483867,8,32,agent,0.7005033493041992,0.3684210526315789,0.0,0.3996638059616089,-0.1685741484165192,,0,0
qwen32B-int4_retail_50runs,baseline,Qwen3-Embedding-0.6B,4a5f406c-80a6-4db2-aa73-d4bfaa483867,9,32,tool,,,,,,,0,0
qwen32B-int4_retail_50runs,baseline,Qwen3-Embedding-0.6B,4a5f406c-80a6-4db2-aa73-d4bfaa483867,10,32,agent,0.6854791045188904,0.22857142857142856,0.0,,,,0,0
qwen32B-int4_retail_50runs,baseline,Qwen3-Embedding-0.6B,4a5f406c-80a6-4db2-aa73-d4bfaa483867,11,32,user,,,,,,0.07935106754302979,0,0
qwen32B-int4_retail_50runs,baseline,Qwen3-Embedding-0.6B,4a5f406c-80a6-4db2-aa73-d4bfaa483867,12,32,agent,0.9986298084259033,0.6923076923076923,0.6923076923076923,0.5063847899436951,-0.04466628432273867,,0,0
qwen32B-int4_retail_50runs,baseline,Qwen3-Embedding-0.6B,4a5f406c-80a6-4db2-aa73-d4bfaa483867,13,32,tool,,,,,,,0,0
qwen32B-int4_retail_50runs,baseline,Qwen3-Embedding-0.6B,4a5f406c-80a6-4db2-aa73-d4bfaa483867,14,32,agent,0.7323101758956909,0.1794871794871795,0.0,,,,0,0
qwen32B-int4_retail_50runs,baseline,Qwen3-Embedding-0.6B,4a5f406c-80a6-4db2-aa73-d4bfaa483867,15,32,user,,,,,,0.3897343873977661,0,0
qwen32B-int4_retail_50runs,baseline,Qwen3-Embedding-0.6B,4a5f406c-80a6-4db2-aa73-d4bfaa483867,16,32,agent,0.6234636306762695,0.4666666666666667,0.0,0.576405793428421,-0.021796095371246382,,0,0
qwen32B-int4_retail_50runs,baseline,Qwen3-Embedding-0.6B,4a5f406c-80a6-4db2-aa73-d4bfaa483867,17,32,tool,,,,,,,0,0
qwen32B-int4_retail_50runs,baseline,Qwen3-Embedding-0.6B,4a5f406c-80a6-4db2-aa73-d4bfaa483867,18,32,agent,0.7392069697380066,0.2375,0.0,,,,0,0
qwen32B-int4_retail_50runs,baseline,Qwen3-Embedding-0.6B,4a5f406c-80a6-4db2-aa73-d4bfaa483867,19,32,user,,,,,,0.18995463848114014,0,0
qwen32B-int4_retail_50runs,baseline,Qwen3-Embedding-0.6B,4a5f406c-80a6-4db2-aa73-d4bfaa483867,20,32,agent,0.8012668490409851,0.3373493975903614,0.0,,,,0,0
qwen32B-int4_retail_50runs,baseline,Qwen3-Embedding-0.6B,4a5f406c-80a6-4db2-aa73-d4bfaa483867,21,32,user,,,,,,0.10181331634521484,0,0
qwen32B-int4_retail_50runs,baseline,Qwen3-Embedding-0.6B,4a5f406c-80a6-4db2-aa73-d4bfaa483867,22,32,agent,0.38630300760269165,0.0,0.0,0.48066049814224243,-0.0643405437469482,,0,0
qwen32B-int4_retail_50runs,baseline,Qwen3-Embedding-0.6B,4a5f406c-80a6-4db2-aa73-d4bfaa483867,23,32,tool,,,,,,,0,0
qwen32B-int4_retail_50runs,baseline,Qwen3-Embedding-0.6B,4a5f406c-80a6-4db2-aa73-d4bfaa483867,24,32,agent,0.7244888544082642,0.27450980392156865,0.0,,,,0,0
qwen32B-int4_retail_50runs,baseline,Qwen3-Embedding-0.6B,4a5f406c-80a6-4db2-aa73-d4bfaa483867,25,32,user,,,,,,0.26499223709106445,0,0
qwen32B-int4_retail_50runs,baseline,Qwen3-Embedding-0.6B,4a5f406c-80a6-4db2-aa73-d4bfaa483867,26,32,agent,0.8293532729148865,0.38271604938271603,0.0,,,,0,0
qwen32B-int4_retail_50runs,baseline,Qwen3-Embedding-0.6B,4a5f406c-80a6-4db2-aa73-d4bfaa483867,27,32,user,,,,,,0.11739236116409302,0,0
qwen32B-int4_retail_50runs,baseline,Qwen3-Embedding-0.6B,4a5f406c-80a6-4db2-aa73-d4bfaa483867,28,32,agent,0.5240681767463684,0.058823529411764705,0.0,0.508733332157135,-0.07924728393554692,,0,0
qwen32B-int4_retail_50runs,baseline,Qwen3-Embedding-0.6B,4a5f406c-80a6-4db2-aa73-d4bfaa483867,29,32,tool,,,,,,,0,0
qwen32B-int4_retail_50runs,baseline,Qwen3-Embedding-0.6B,4a5f406c-80a6-4db2-aa73-d4bfaa483867,30,32,agent,0.885049045085907,0.25,0.0,,,,0,0
qwen32B-int4_retail_50runs,baseline,Qwen3-Embedding-0.6B,4a5f406c-80a6-4db2-aa73-d4bfaa483867,31,32,user,,,,,,0.64556884765625,0,0
qwen32B-int4_retail_50runs,baseline,Qwen3-Embedding-0.6B,d12693dd-46fe-493c-8760-f21e3f1bfbce,0,42,agent,,,,,,,0,1
qwen32B-int4_retail_50runs,baseline,Qwen3-Embedding-0.6B,d12693dd-46fe-493c-8760-f21e3f1bfbce,1,42,user,,,,,,0.4632142186164856,0,1
qwen32B-int4_retail_50runs,baseline,Qwen3-Embedding-0.6B,d12693dd-46fe-493c-8760-f21e3f1bfbce,2,42,agent,0.41406944394111633,0.0,0.0,0.4105769395828247,-0.18577388525009153,,0,1
qwen32B-int4_retail_50runs,baseline,Qwen3-Embedding-0.6B,d12693dd-46fe-493c-8760-f21e3f1bfbce,3,42,tool,,,,,,,0,1
qwen32B-int4_retail_50runs,baseline,Qwen3-Embedding-0.6B,d12693dd-46fe-493c-8760-f21e3f1bfbce,4,42,agent,0.4116244912147522,0.06,0.0,,,,0,1
qwen32B-int4_retail_50runs,baseline,Qwen3-Embedding-0.6B,d12693dd-46fe-493c-8760-f21e3f1bfbce,5,42,user,,,,,,0.45555150508880615,0,1
qwen32B-int4_retail_50runs,baseline,Qwen3-Embedding-0.6B,d12693dd-46fe-493c-8760-f21e3f1bfbce,6,42,agent,0.40520092844963074,0.4117647058823529,0.0,0.4837173819541931,-0.08520783483982086,,0,1
qwen32B-int4_retail_50runs,baseline,Qwen3-Embedding-0.6B,d12693dd-46fe-493c-8760-f21e3f1bfbce,7,42,tool,,,,,,,0,1
qwen32B-int4_retail_50runs,baseline,Qwen3-Embedding-0.6B,d12693dd-46fe-493c-8760-f21e3f1bfbce,8,42,agent,0.7597122192382812,0.2,0.0,,,,0,1
qwen32B-int4_retail_50runs,baseline,Qwen3-Embedding-0.6B,d12693dd-46fe-493c-8760-f21e3f1bfbce,9,42,user,,,,,,0.49592357873916626,0,1
qwen32B-int4_retail_50runs,baseline,Qwen3-Embedding-0.6B,d12693dd-46fe-493c-8760-f21e3f1bfbce,10,42,agent,0.7143982648849487,0.1746031746031746,0.0,,,,0,1
qwen32B-int4_retail_50runs,baseline,Qwen3-Embedding-0.6B,d12693dd-46fe-493c-8760-f21e3f1bfbce,11,42,user,,,,,,0.3776085376739502,0,1
qwen32B-int4_retail_50runs,baseline,Qwen3-Embedding-0.6B,d12693dd-46fe-493c-8760-f21e3f1bfbce,12,42,agent,0.5680801272392273,0.0,0.0,0.5061221718788147,-0.09982236921787258,,0,1
qwen32B-int4_retail_50runs,baseline,Qwen3-Embedding-0.6B,d12693dd-46fe-493c-8760-f21e3f1bfbce,13,42,tool,,,,,,,0,1
qwen32B-int4_retail_50runs,baseline,Qwen3-Embedding-0.6B,d12693dd-46fe-493c-8760-f21e3f1bfbce,14,42,agent,0.5301130414009094,0.26153846153846155,0.0,0.6329970955848694,-0.009030538797378584,,0,1
qwen32B-int4_retail_50runs,baseline,Qwen3-Embedding-0.6B,d12693dd-46fe-493c-8760-f21e3f1bfbce,15,42,tool,,,,,,,0,1
qwen32B-int4_retail_50runs,baseline,Qwen3-Embedding-0.6B,d12693dd-46fe-493c-8760-f21e3f1bfbce,16,42,agent,0.6888085603713989,0.1875,0.0,0.4009419083595276,-0.16181025207042699,,0,1
qwen32B-int4_retail_50runs,baseline,Qwen3-Embedding-0.6B,d12693dd-46fe-493c-8760-f21e3f1bfbce,17,42,tool,,,,,,,0,1
qwen32B-int4_retail_50runs,baseline,Qwen3-Embedding-0.6B,d12693dd-46fe-493c-8760-f21e3f1bfbce,18,42,agent,0.7410541772842407,0.410958904109589,0.0,,,,0,1
qwen32B-int4_retail_50runs,baseline,Qwen3-Embedding-0.6B,d12693dd-46fe-493c-8760-f21e3f1bfbce,19,42,user,,,,,,0.37016069889068604,0,1
qwen32B-int4_retail_50runs,baseline,Qwen3-Embedding-0.6B,d12693dd-46fe-493c-8760-f21e3f1bfbce,20,42,agent,0.7890416383743286,0.37623762376237624,0.0,,,,0,1
qwen32B-int4_retail_50runs,baseline,Qwen3-Embedding-0.6B,d12693dd-46fe-493c-8760-f21e3f1bfbce,21,42,user,,,,,,0.5177220404148102,0,1
qwen32B-int4_retail_50runs,baseline,Qwen3-Embedding-0.6B,d12693dd-46fe-493c-8760-f21e3f1bfbce,22,42,agent,0.7945359945297241,0.524390243902439,0.0,,,,0,1
qwen32B-int4_retail_50runs,baseline,Qwen3-Embedding-0.6B,d12693dd-46fe-493c-8760-f21e3f1bfbce,23,42,user,,,,,,0.26669108867645264,0,1
qwen32B-int4_retail_50runs,baseline,Qwen3-Embedding-0.6B,d12693dd-46fe-493c-8760-f21e3f1bfbce,24,42,agent,0.7094086408615112,0.06578947368421052,0.0,0.4533677101135254,-0.0791488260030746,,0,1
qwen32B-int4_retail_50runs,baseline,Qwen3-Embedding-0.6B,d12693dd-46fe-493c-8760-f21e3f1bfbce,25,42,tool,,,,,,,0,1
qwen32B-int4_retail_50runs,baseline,Qwen3-Embedding-0.6B,d12693dd-46fe-493c-8760-f21e3f1bfbce,26,42,agent,0.8402734994888306,0.41379310344827586,0.0,,,,0,1
qwen32B-int4_retail_50runs,baseline,Qwen3-Embedding-0.6B,d12693dd-46fe-493c-8760-f21e3f1bfbce,27,42,user,,,,,,0.30874109268188477,0,1
qwen32B-int4_retail_50runs,baseline,Qwen3-Embedding-0.6B,d12693dd-46fe-493c-8760-f21e3f1bfbce,28,42,agent,0.7760788798332214,0.22857142857142856,0.0,0.5249127149581909,-0.017798200249671936,,0,1
qwen32B-int4_retail_50runs,baseline,Qwen3-Embedding-0.6B,d12693dd-46fe-493c-8760-f21e3f1bfbce,29,42,tool,,,,,,,0,1
qwen32B-int4_retail_50runs,baseline,Qwen3-Embedding-0.6B,d12693dd-46fe-493c-8760-f21e3f1bfbce,30,42,agent,0.8874446153640747,0.7222222222222222,0.0,0.5861960053443909,-0.010243040323257402,,0,1
qwen32B-int4_retail_50runs,baseline,Qwen3-Embedding-0.6B,d12693dd-46fe-493c-8760-f21e3f1bfbce,31,42,tool,,,,,,,0,1
qwen32B-int4_retail_50runs,baseline,Qwen3-Embedding-0.6B,d12693dd-46fe-493c-8760-f21e3f1bfbce,32,42,agent,0.6576357483863831,0.2619047619047619,0.0,,,,0,1
qwen32B-int4_retail_50runs,baseline,Qwen3-Embedding-0.6B,d12693dd-46fe-493c-8760-f21e3f1bfbce,33,42,user,,,,,,0.2805267572402954,0,1
qwen32B-int4_retail_50runs,baseline,Qwen3-Embedding-0.6B,d12693dd-46fe-493c-8760-f21e3f1bfbce,34,42,agent,0.676842212677002,0.060240963855421686,0.0,0.465922474861145,-0.06593837440013883,,0,1
qwen32B-int4_retail_50runs,baseline,Qwen3-Embedding-0.6B,d12693dd-46fe-493c-8760-f21e3f1bfbce,35,42,tool,,,,,,,0,1
qwen32B-int4_retail_50runs,baseline,Qwen3-Embedding-0.6B,d12693dd-46fe-493c-8760-f21e3f1bfbce,36,42,agent,0.8361002802848816,0.45348837209302323,0.0,0.6356246769428253,0.08970500528812408,,0,1
qwen32B-int4_retail_50runs,baseline,Qwen3-Embedding-0.6B,d12693dd-46fe-493c-8760-f21e3f1bfbce,37,42,tool,,,,,,,0,1
qwen32B-int4_retail_50runs,baseline,Qwen3-Embedding-0.6B,d12693dd-46fe-493c-8760-f21e3f1bfbce,38,42,agent,0.717100203037262,0.2898550724637681,0.0,0.6494935750961304,0.04057358503341679,,0,1
qwen32B-int4_retail_50runs,baseline,Qwen3-Embedding-0.6B,d12693dd-46fe-493c-8760-f21e3f1bfbce,39,42,tool,,,,,,,0,1
qwen32B-int4_retail_50runs,baseline,Qwen3-Embedding-0.6B,d12693dd-46fe-493c-8760-f21e3f1bfbce,40,42,agent,0.7905805706977844,0.2676056338028169,0.0,,,,0,1
qwen32B-int4_retail_50runs,baseline,Qwen3-Embedding-0.6B,d12693dd-46fe-493c-8760-f21e3f1bfbce,41,42,user,,,,,,0.2426680326461792,0,1
qwen32B-int4_retail_50runs,baseline,Qwen3-Embedding-0.6B,8246e281-eea0-4b36-9861-b06bef0ccbad,0,52,agent,,,,,,,0,0
qwen32B-int4_retail_50runs,baseline,Qwen3-Embedding-0.6B,8246e281-eea0-4b36-9861-b06bef0ccbad,1,52,user,,,,,,0.41135215759277344,0,0
qwen32B-int4_retail_50runs,baseline,Qwen3-Embedding-0.6B,8246e281-eea0-4b36-9861-b06bef0ccbad,2,52,agent,0.5371878147125244,0.12903225806451613,0.0,,,,0,0
qwen32B-int4_retail_50runs,baseline,Qwen3-Embedding-0.6B,8246e281-eea0-4b36-9861-b06bef0ccbad,3,52,user,,,,,,0.36208575963974,0,0
qwen32B-int4_retail_50runs,baseline,Qwen3-Embedding-0.6B,8246e281-eea0-4b36-9861-b06bef0ccbad,4,52,agent,0.7309674620628357,0.04878048780487805,0.0,0.5231257975101471,-0.06060912609100344,,0,0
qwen32B-int4_retail_50runs,baseline,Qwen3-Embedding-0.6B,8246e281-eea0-4b36-9861-b06bef0ccbad,5,52,tool,,,,,,,0,0
qwen32B-int4_retail_50runs,baseline,Qwen3-Embedding-0.6B,8246e281-eea0-4b36-9861-b06bef0ccbad,6,52,agent,0.5232763886451721,0.21568627450980393,0.0,,,,0,0
qwen32B-int4_retail_50runs,baseline,Qwen3-Embedding-0.6B,8246e281-eea0-4b36-9861-b06bef0ccbad,7,52,user,,,,,,0.3538419008255005,0,0
qwen32B-int4_retail_50runs,baseline,Qwen3-Embedding-0.6B,8246e281-eea0-4b36-9861-b06bef0ccbad,8,52,agent,0.559819221496582,0.3684210526315789,0.0,0.3994315266609192,-0.15070334374904637,,0,0
qwen32B-int4_retail_50runs,baseline,Qwen3-Embedding-0.6B,8246e281-eea0-4b36-9861-b06bef0ccbad,9,52,tool,,,,,,,0,0
qwen32B-int4_retail_50runs,baseline,Qwen3-Embedding-0.6B,8246e281-eea0-4b36-9861-b06bef0ccbad,10,52,agent,0.6946198344230652,0.23636363636363636,0.0,,,,0,0
qwen32B-int4_retail_50runs,baseline,Qwen3-Embedding-0.6B,8246e281-eea0-4b36-9861-b06bef0ccbad,11,52,user,,,,,,0.19072526693344116,0,0
qwen32B-int4_retail_50runs,baseline,Qwen3-Embedding-0.6B,8246e281-eea0-4b36-9861-b06bef0ccbad,12,52,agent,0.9987157583236694,0.6923076923076923,0.0,0.40013688802719116,-0.15072969794273372,,0,0
qwen32B-int4_retail_50runs,baseline,Qwen3-Embedding-0.6B,8246e281-eea0-4b36-9861-b06bef0ccbad,13,52,tool,,,,,,,0,0
qwen32B-int4_retail_50runs,baseline,Qwen3-Embedding-0.6B,8246e281-eea0-4b36-9861-b06bef0ccbad,14,52,agent,0.9367763996124268,0.2962962962962963,0.0,,,,0,0
qwen32B-int4_retail_50runs,baseline,Qwen3-Embedding-0.6B,8246e281-eea0-4b36-9861-b06bef0ccbad,15,52,user,,,,,,0.32337021827697754,0,0
qwen32B-int4_retail_50runs,baseline,Qwen3-Embedding-0.6B,8246e281-eea0-4b36-9861-b06bef0ccbad,16,52,agent,0.623050332069397,0.4666666666666667,0.0,0.503228485584259,-0.08122538626193998,,0,0
qwen32B-int4_retail_50runs,baseline,Qwen3-Embedding-0.6B,8246e281-eea0-4b36-9861-b06bef0ccbad,17,52,tool,,,,,,,0,0
qwen32B-int4_retail_50runs,baseline,Qwen3-Embedding-0.6B,8246e281-eea0-4b36-9861-b06bef0ccbad,18,52,agent,0.7476111650466919,0.14492753623188406,0.0,,,,0,0
qwen32B-int4_retail_50runs,baseline,Qwen3-Embedding-0.6B,8246e281-eea0-4b36-9861-b06bef0ccbad,19,52,user,,,,,,0.15644371509552002,0,0
qwen32B-int4_retail_50runs,baseline,Qwen3-Embedding-0.6B,8246e281-eea0-4b36-9861-b06bef0ccbad,20,52,agent,0.6199873089790344,0.4666666666666667,0.0,0.49490243196487427,-0.03443475961685183,,0,0
qwen32B-int4_retail_50runs,baseline,Qwen3-Embedding-0.6B,8246e281-eea0-4b36-9861-b06bef0ccbad,21,52,tool,,,,,,,0,0
qwen32B-int4_retail_50runs,baseline,Qwen3-Embedding-0.6B,8246e281-eea0-4b36-9861-b06bef0ccbad,22,52,agent,0.7658539414405823,0.23076923076923078,0.0,,,,0,0
qwen32B-int4_retail_50runs,baseline,Qwen3-Embedding-0.6B,8246e281-eea0-4b36-9861-b06bef0ccbad,23,52,user,,,,,,0.4470243453979492,0,0
qwen32B-int4_retail_50runs,baseline,Qwen3-Embedding-0.6B,8246e281-eea0-4b36-9861-b06bef0ccbad,24,52,agent,0.758682131767273,0.22388059701492538,0.0,,,,0,0
qwen32B-int4_retail_50runs,baseline,Qwen3-Embedding-0.6B,8246e281-eea0-4b36-9861-b06bef0ccbad,25,52,user,,,,,,0.3897802233695984,0,0
qwen32B-int4_retail_50runs,baseline,Qwen3-Embedding-0.6B,8246e281-eea0-4b36-9861-b06bef0ccbad,26,52,agent,0.8321857452392578,0.5,0.0,,,,0,0
qwen32B-int4_retail_50runs,baseline,Qwen3-Embedding-0.6B,8246e281-eea0-4b36-9861-b06bef0ccbad,27,52,user,,,,,,0.18393301963806152,0,0
qwen32B-int4_retail_50runs,baseline,Qwen3-Embedding-0.6B,8246e281-eea0-4b36-9861-b06bef0ccbad,28,52,agent,0.34945982694625854,0.021739130434782608,0.0,0.5001467168331146,-0.08378197252750397,,0,0
qwen32B-int4_retail_50runs,baseline,Qwen3-Embedding-0.6B,8246e281-eea0-4b36-9861-b06bef0ccbad,29,52,tool,,,,,,,0,0
qwen32B-int4_retail_50runs,baseline,Qwen3-Embedding-0.6B,8246e281-eea0-4b36-9861-b06bef0ccbad,30,52,agent,0.7849663496017456,0.1724137931034483,0.0,,,,0,0
qwen32B-int4_retail_50runs,baseline,Qwen3-Embedding-0.6B,8246e281-eea0-4b36-9861-b06bef0ccbad,31,52,user,,,,,,0.20990055799484253,0,0
qwen32B-int4_retail_50runs,baseline,Qwen3-Embedding-0.6B,8246e281-eea0-4b36-9861-b06bef0ccbad,32,52,agent,0.6176210641860962,0.4666666666666667,0.0,0.560415506362915,0.03900143504142761,,0,0
qwen32B-int4_retail_50runs,baseline,Qwen3-Embedding-0.6B,8246e281-eea0-4b36-9861-b06bef0ccbad,33,52,tool,,,,,,,0,0
qwen32B-int4_retail_50runs,baseline,Qwen3-Embedding-0.6B,8246e281-eea0-4b36-9861-b06bef0ccbad,34,52,agent,0.6529682278633118,0.16129032258064516,0.0,,,,0,0
qwen32B-int4_retail_50runs,baseline,Qwen3-Embedding-0.6B,8246e281-eea0-4b36-9861-b06bef0ccbad,35,52,user,,,,,,0.26152974367141724,0,0
qwen32B-int4_retail_50runs,baseline,Qwen3-Embedding-0.6B,8246e281-eea0-4b36-9861-b06bef0ccbad,36,52,agent,0.9860216379165649,0.6923076923076923,0.0,0.49586641788482666,-0.03475136160850523,,0,0
qwen32B-int4_retail_50runs,baseline,Qwen3-Embedding-0.6B,8246e281-eea0-4b36-9861-b06bef0ccbad,37,52,tool,,,,,,,0,0
qwen32B-int4_retail_50runs,baseline,Qwen3-Embedding-0.6B,8246e281-eea0-4b36-9861-b06bef0ccbad,38,52,agent,0.800838053226471,0.45901639344262296,0.0,,,,0,0
qwen32B-int4_retail_50runs,baseline,Qwen3-Embedding-0.6B,8246e281-eea0-4b36-9861-b06bef0ccbad,39,52,user,,,,,,0.3193812966346741,0,0
qwen32B-int4_retail_50runs,baseline,Qwen3-Embedding-0.6B,8246e281-eea0-4b36-9861-b06bef0ccbad,40,52,agent,0.9886977672576904,0.6923076923076923,0.0,0.5767408609390259,0.054653686285018876,,0,0
qwen32B-int4_retail_50runs,baseline,Qwen3-Embedding-0.6B,8246e281-eea0-4b36-9861-b06bef0ccbad,41,52,tool,,,,,,,0,0
qwen32B-int4_retail_50runs,baseline,Qwen3-Embedding-0.6B,8246e281-eea0-4b36-9861-b06bef0ccbad,42,52,agent,0.7039368152618408,0.2553191489361702,0.0,,,,0,0
qwen32B-int4_retail_50runs,baseline,Qwen3-Embedding-0.6B,8246e281-eea0-4b36-9861-b06bef0ccbad,43,52,user,,,,,,0.25618618726730347,0,0
qwen32B-int4_retail_50runs,baseline,Qwen3-Embedding-0.6B,8246e281-eea0-4b36-9861-b06bef0ccbad,44,52,agent,0.7648589611053467,0.4666666666666667,0.0,0.48360317945480347,-0.03579500615596776,,0,0
qwen32B-int4_retail_50runs,baseline,Qwen3-Embedding-0.6B,8246e281-eea0-4b36-9861-b06bef0ccbad,45,52,tool,,,,,,,0,0
qwen32B-int4_retail_50runs,baseline,Qwen3-Embedding-0.6B,8246e281-eea0-4b36-9861-b06bef0ccbad,46,52,agent,0.8033806681632996,0.32,0.0,,,,0,0
qwen32B-int4_retail_50runs,baseline,Qwen3-Embedding-0.6B,8246e281-eea0-4b36-9861-b06bef0ccbad,47,52,user,,,,,,0.22168022394180298,0,0
qwen32B-int4_retail_50runs,baseline,Qwen3-Embedding-0.6B,8246e281-eea0-4b36-9861-b06bef0ccbad,48,52,agent,0.5129327178001404,0.3333333333333333,0.0,0.42329615354537964,-0.042675620317459084,,0,0
qwen32B-int4_retail_50runs,baseline,Qwen3-Embedding-0.6B,8246e281-eea0-4b36-9861-b06bef0ccbad,49,52,tool,,,,,,,0,0
qwen32B-int4_retail_50runs,baseline,Qwen3-Embedding-0.6B,8246e281-eea0-4b36-9861-b06bef0ccbad,50,52,agent,0.8720594048500061,0.34831460674157305,0.0,,,,0,0
qwen32B-int4_retail_50runs,baseline,Qwen3-Embedding-0.6B,8246e281-eea0-4b36-9861-b06bef0ccbad,51,52,user,,,,,,0.4916658401489258,0,0
qwen32B-int4_retail_50runs,baseline,Qwen3-Embedding-0.6B,a50c1577-9860-42e9-8658-3814063bd427,0,40,agent,,,,,,,0,0
qwen32B-int4_retail_50runs,baseline,Qwen3-Embedding-0.6B,a50c1577-9860-42e9-8658-3814063bd427,1,40,user,,,,,,0.5038935244083405,0,0
qwen32B-int4_retail_50runs,baseline,Qwen3-Embedding-0.6B,a50c1577-9860-42e9-8658-3814063bd427,2,40,agent,0.3826453387737274,0.07894736842105263,0.0,,,,0,0
qwen32B-int4_retail_50runs,baseline,Qwen3-Embedding-0.6B,a50c1577-9860-42e9-8658-3814063bd427,3,40,user,,,,,,0.4973936080932617,0,0
qwen32B-int4_retail_50runs,baseline,Qwen3-Embedding-0.6B,a50c1577-9860-42e9-8658-3814063bd427,4,40,agent,0.5149932503700256,0.0425531914893617,0.0,0.5220817029476166,-0.07940328493714333,,0,0
qwen32B-int4_retail_50runs,baseline,Qwen3-Embedding-0.6B,a50c1577-9860-42e9-8658-3814063bd427,5,40,tool,,,,,,,0,0
qwen32B-int4_retail_50runs,baseline,Qwen3-Embedding-0.6B,a50c1577-9860-42e9-8658-3814063bd427,6,40,agent,0.6233762502670288,0.22033898305084745,0.0,,,,0,0
qwen32B-int4_retail_50runs,baseline,Qwen3-Embedding-0.6B,a50c1577-9860-42e9-8658-3814063bd427,7,40,user,,,,,,0.4006654620170593,0,0
qwen32B-int4_retail_50runs,baseline,Qwen3-Embedding-0.6B,a50c1577-9860-42e9-8658-3814063bd427,8,40,agent,0.6916012763977051,0.3684210526315789,0.0,0.5058643817901611,-0.0840999074280262,,0,0
qwen32B-int4_retail_50runs,baseline,Qwen3-Embedding-0.6B,a50c1577-9860-42e9-8658-3814063bd427,9,40,tool,,,,,,,0,0
qwen32B-int4_retail_50runs,baseline,Qwen3-Embedding-0.6B,a50c1577-9860-42e9-8658-3814063bd427,10,40,agent,0.7772403359413147,0.31746031746031744,0.0,,,,0,0
qwen32B-int4_retail_50runs,baseline,Qwen3-Embedding-0.6B,a50c1577-9860-42e9-8658-3814063bd427,11,40,user,,,,,,0.3149133324623108,0,0
qwen32B-int4_retail_50runs,baseline,Qwen3-Embedding-0.6B,a50c1577-9860-42e9-8658-3814063bd427,12,40,agent,0.6195017695426941,0.4666666666666667,0.0,0.5622735023498535,-0.010522421449422836,,0,0
qwen32B-int4_retail_50runs,baseline,Qwen3-Embedding-0.6B,a50c1577-9860-42e9-8658-3814063bd427,13,40,tool,,,,,,,0,0
qwen32B-int4_retail_50runs,baseline,Qwen3-Embedding-0.6B,a50c1577-9860-42e9-8658-3814063bd427,14,40,agent,0.8666085600852966,0.3064516129032258,0.0,,,,0,0
qwen32B-int4_retail_50runs,baseline,Qwen3-Embedding-0.6B,a50c1577-9860-42e9-8658-3814063bd427,15,40,user,,,,,,0.2030656337738037,0,0
qwen32B-int4_retail_50runs,baseline,Qwen3-Embedding-0.6B,a50c1577-9860-42e9-8658-3814063bd427,16,40,agent,0.9822874069213867,0.6923076923076923,0.0,0.49541252851486206,-0.08786901831626892,,0,0
qwen32B-int4_retail_50runs,baseline,Qwen3-Embedding-0.6B,a50c1577-9860-42e9-8658-3814063bd427,17,40,tool,,,,,,,0,0
qwen32B-int4_retail_50runs,baseline,Qwen3-Embedding-0.6B,a50c1577-9860-42e9-8658-3814063bd427,18,40,agent,0.9505805969238281,0.7045454545454546,0.0,,,,0,0
qwen32B-int4_retail_50runs,baseline,Qwen3-Embedding-0.6B,a50c1577-9860-42e9-8658-3814063bd427,19,40,user,,,,,,0.2063726782798767,0,0
qwen32B-int4_retail_50runs,baseline,Qwen3-Embedding-0.6B,a50c1577-9860-42e9-8658-3814063bd427,20,40,agent,0.9882522225379944,0.6923076923076923,0.0,0.5746591091156006,0.0041257962584495544,,0,0
qwen32B-int4_retail_50runs,baseline,Qwen3-Embedding-0.6B,a50c1577-9860-42e9-8658-3814063bd427,21,40,tool,,,,,,,0,0
qwen32B-int4_retail_50runs,baseline,Qwen3-Embedding-0.6B,a50c1577-9860-42e9-8658-3814063bd427,22,40,agent,0.7460758686065674,0.23157894736842105,0.0,,,,0,0
qwen32B-int4_retail_50runs,baseline,Qwen3-Embedding-0.6B,a50c1577-9860-42e9-8658-3814063bd427,23,40,user,,,,,,0.1724911332130432,0,0
qwen32B-int4_retail_50runs,baseline,Qwen3-Embedding-0.6B,a50c1577-9860-42e9-8658-3814063bd427,24,40,agent,0.611081600189209,0.20430107526881722,0.0,0.32271814346313477,-0.1912957914173603,,0,0
qwen32B-int4_retail_50runs,baseline,Qwen3-Embedding-0.6B,a50c1577-9860-42e9-8658-3814063bd427,25,40,tool,,,,,,,0,0
qwen32B-int4_retail_50runs,baseline,Qwen3-Embedding-0.6B,a50c1577-9860-42e9-8658-3814063bd427,26,40,agent,0.7729234099388123,0.36633663366336633,0.0,,,,0,0
qwen32B-int4_retail_50runs,baseline,Qwen3-Embedding-0.6B,a50c1577-9860-42e9-8658-3814063bd427,27,40,user,,,,,,0.13827306032180786,0,0
qwen32B-int4_retail_50runs,baseline,Qwen3-Embedding-0.6B,a50c1577-9860-42e9-8658-3814063bd427,28,40,agent,0.4246807396411896,0.013157894736842105,0.0,0.46134495735168457,-0.04363587126135826,,0,0
qwen32B-int4_retail_50runs,baseline,Qwen3-Embedding-0.6B,a50c1577-9860-42e9-8658-3814063bd427,29,40,tool,,,,,,,0,0
qwen32B-int4_retail_50runs,baseline,Qwen3-Embedding-0.6B,a50c1577-9860-42e9-8658-3814063bd427,30,40,agent,0.863114595413208,0.42857142857142855,0.0,,,,0,0
qwen32B-int4_retail_50runs,baseline,Qwen3-Embedding-0.6B,a50c1577-9860-42e9-8658-3814063bd427,31,40,user,,,,,,0.3090115189552307,0,0
qwen32B-int4_retail_50runs,baseline,Qwen3-Embedding-0.6B,a50c1577-9860-42e9-8658-3814063bd427,32,40,agent,0.515770673751831,0.3333333333333333,0.0,0.4856899380683899,-0.028951413929462433,,0,0
qwen32B-int4_retail_50runs,baseline,Qwen3-Embedding-0.6B,a50c1577-9860-42e9-8658-3814063bd427,33,40,tool,,,,,,,0,0
qwen32B-int4_retail_50runs,baseline,Qwen3-Embedding-0.6B,a50c1577-9860-42e9-8658-3814063bd427,34,40,agent,0.8425813913345337,0.581081081081081,0.0,,,,0,0
qwen32B-int4_retail_50runs,baseline,Qwen3-Embedding-0.6B,a50c1577-9860-42e9-8658-3814063bd427,35,40,user,,,,,,0.13009345531463623,0,0
qwen32B-int4_retail_50runs,baseline,Qwen3-Embedding-0.6B,a50c1577-9860-42e9-8658-3814063bd427,36,40,agent,0.5162263512611389,0.3333333333333333,0.0,0.42723995447158813,-0.08280175924301147,,0,0
qwen32B-int4_retail_50runs,baseline,Qwen3-Embedding-0.6B,a50c1577-9860-42e9-8658-3814063bd427,37,40,tool,,,,,,,0,0
qwen32B-int4_retail_50runs,baseline,Qwen3-Embedding-0.6B,a50c1577-9860-42e9-8658-3814063bd427,38,40,agent,0.7686313986778259,0.29411764705882354,0.0,,,,0,0
qwen32B-int4_retail_50runs,baseline,Qwen3-Embedding-0.6B,a50c1577-9860-42e9-8658-3814063bd427,39,40,user,,,,,,0.3136734962463379,0,0
qwen32B-int4_retail_50runs,baseline,Qwen3-Embedding-0.6B,7ad4ffb0-0847-4bfc-9813-353d85f57b37,0,20,agent,,,,,,,0,0
qwen32B-int4_retail_50runs,baseline,Qwen3-Embedding-0.6B,7ad4ffb0-0847-4bfc-9813-353d85f57b37,1,20,user,,,,,,0.4770488142967224,0,0
qwen32B-int4_retail_50runs,baseline,Qwen3-Embedding-0.6B,7ad4ffb0-0847-4bfc-9813-353d85f57b37,2,20,agent,0.46807861328125,0.14285714285714285,0.0,,,,0,0
qwen32B-int4_retail_50runs,baseline,Qwen3-Embedding-0.6B,7ad4ffb0-0847-4bfc-9813-353d85f57b37,3,20,user,,,,,,0.405451238155365,0,0
qwen32B-int4_retail_50runs,baseline,Qwen3-Embedding-0.6B,7ad4ffb0-0847-4bfc-9813-353d85f57b37,4,20,agent,0.6758283972740173,0.05405405405405406,0.0,0.4602121114730835,-0.154260516166687,,0,0
qwen32B-int4_retail_50runs,baseline,Qwen3-Embedding-0.6B,7ad4ffb0-0847-4bfc-9813-353d85f57b37,5,20,tool,,,,,,,0,0
qwen32B-int4_retail_50runs,baseline,Qwen3-Embedding-0.6B,7ad4ffb0-0847-4bfc-9813-353d85f57b37,6,20,agent,0.791801393032074,0.3888888888888889,0.0,0.48245036602020264,-0.09697705507278442,,0,0
qwen32B-int4_retail_50runs,baseline,Qwen3-Embedding-0.6B,7ad4ffb0-0847-4bfc-9813-353d85f57b37,7,20,tool,,,,,,,0,0
qwen32B-int4_retail_50runs,baseline,Qwen3-Embedding-0.6B,7ad4ffb0-0847-4bfc-9813-353d85f57b37,8,20,agent,0.373378187417984,0.0,0.0,,,,0,0
qwen32B-int4_retail_50runs,baseline,Qwen3-Embedding-0.6B,7ad4ffb0-0847-4bfc-9813-353d85f57b37,9,20,user,,,,,,0.43289583921432495,0,0
qwen32B-int4_retail_50runs,baseline,Qwen3-Embedding-0.6B,7ad4ffb0-0847-4bfc-9813-353d85f57b37,10,20,agent,0.7350860834121704,0.16666666666666666,0.0,0.5738551914691925,-0.005021840333938599,,0,0
qwen32B-int4_retail_50runs,baseline,Qwen3-Embedding-0.6B,7ad4ffb0-0847-4bfc-9813-353d85f57b37,11,20,tool,,,,,,,0,0
qwen32B-int4_retail_50runs,baseline,Qwen3-Embedding-0.6B,7ad4ffb0-0847-4bfc-9813-353d85f57b37,12,20,agent,0.7965235114097595,0.3902439024390244,0.0,0.6381734609603882,0.03215045481920242,,0,0
qwen32B-int4_retail_50runs,baseline,Qwen3-Embedding-0.6B,7ad4ffb0-0847-4bfc-9813-353d85f57b37,13,20,tool,,,,,,,0,0
qwen32B-int4_retail_50runs,baseline,Qwen3-Embedding-0.6B,7ad4ffb0-0847-4bfc-9813-353d85f57b37,14,20,agent,0.8473517894744873,0.275,0.0,,,,0,0
qwen32B-int4_retail_50runs,baseline,Qwen3-Embedding-0.6B,7ad4ffb0-0847-4bfc-9813-353d85f57b37,15,20,user,,,,,,0.8254748433828354,0,0
qwen32B-int4_retail_50runs,baseline,Qwen3-Embedding-0.6B,7ad4ffb0-0847-4bfc-9813-353d85f57b37,16,20,agent,0.5338778495788574,0.03614457831325301,0.0,0.5000101029872894,-0.014777056872844696,,0,0
qwen32B-int4_retail_50runs,baseline,Qwen3-Embedding-0.6B,7ad4ffb0-0847-4bfc-9813-353d85f57b37,17,20,tool,,,,,,,0,0
qwen32B-int4_retail_50runs,baseline,Qwen3-Embedding-0.6B,7ad4ffb0-0847-4bfc-9813-353d85f57b37,18,20,agent,0.802474319934845,0.5609756097560976,0.0,,,,0,0
qwen32B-int4_retail_50runs,baseline,Qwen3-Embedding-0.6B,7ad4ffb0-0847-4bfc-9813-353d85f57b37,19,20,user,,,,,,0.46115976572036743,0,0
qwen32B-int4_retail_50runs,baseline,Qwen3-Embedding-0.6B,849bb9f8-95a2-44d0-a2fb-b7a41d9c38aa,0,76,agent,,,,,,,0,1
qwen32B-int4_retail_50runs,baseline,Qwen3-Embedding-0.6B,849bb9f8-95a2-44d0-a2fb-b7a41d9c38aa,1,76,user,,,,,,0.41135215759277344,0,1
qwen32B-int4_retail_50runs,baseline,Qwen3-Embedding-0.6B,849bb9f8-95a2-44d0-a2fb-b7a41d9c38aa,2,76,agent,0.5371878147125244,0.12903225806451613,0.0,,,,0,1
qwen32B-int4_retail_50runs,baseline,Qwen3-Embedding-0.6B,849bb9f8-95a2-44d0-a2fb-b7a41d9c38aa,3,76,user,,,,,,0.36208575963974,0,1
qwen32B-int4_retail_50runs,baseline,Qwen3-Embedding-0.6B,849bb9f8-95a2-44d0-a2fb-b7a41d9c38aa,4,76,agent,0.729080319404602,0.04878048780487805,0.0,0.521719366312027,-0.06445974286864786,,0,1
qwen32B-int4_retail_50runs,baseline,Qwen3-Embedding-0.6B,849bb9f8-95a2-44d0-a2fb-b7a41d9c38aa,5,76,tool,,,,,,,0,1
qwen32B-int4_retail_50runs,baseline,Qwen3-Embedding-0.6B,849bb9f8-95a2-44d0-a2fb-b7a41d9c38aa,6,76,agent,0.5232763886451721,0.21568627450980393,0.0,,,,0,1
qwen32B-int4_retail_50runs,baseline,Qwen3-Embedding-0.6B,849bb9f8-95a2-44d0-a2fb-b7a41d9c38aa,7,76,user,,,,,,0.3538419008255005,0,1
qwen32B-int4_retail_50runs,baseline,Qwen3-Embedding-0.6B,849bb9f8-95a2-44d0-a2fb-b7a41d9c38aa,8,76,agent,0.5598316192626953,0.3684210526315789,0.0,0.3976213335990906,-0.19000758318340072,,0,1
qwen32B-int4_retail_50runs,baseline,Qwen3-Embedding-0.6B,849bb9f8-95a2-44d0-a2fb-b7a41d9c38aa,9,76,tool,,,,,,,0,1
qwen32B-int4_retail_50runs,baseline,Qwen3-Embedding-0.6B,849bb9f8-95a2-44d0-a2fb-b7a41d9c38aa,10,76,agent,0.6946198344230652,0.23636363636363636,0.0,,,,0,1
qwen32B-int4_retail_50runs,baseline,Qwen3-Embedding-0.6B,849bb9f8-95a2-44d0-a2fb-b7a41d9c38aa,11,76,user,,,,,,0.19072526693344116,0,1
qwen32B-int4_retail_50runs,baseline,Qwen3-Embedding-0.6B,849bb9f8-95a2-44d0-a2fb-b7a41d9c38aa,12,76,agent,0.9986411333084106,0.6923076923076923,0.0,0.4017314910888672,-0.188818624790977,,0,1
qwen32B-int4_retail_50runs,baseline,Qwen3-Embedding-0.6B,849bb9f8-95a2-44d0-a2fb-b7a41d9c38aa,13,76,tool,,,,,,,0,1
qwen32B-int4_retail_50runs,baseline,Qwen3-Embedding-0.6B,849bb9f8-95a2-44d0-a2fb-b7a41d9c38aa,14,76,agent,0.9367763996124268,0.2962962962962963,0.0,,,,0,1
qwen32B-int4_retail_50runs,baseline,Qwen3-Embedding-0.6B,849bb9f8-95a2-44d0-a2fb-b7a41d9c38aa,15,76,user,,,,,,0.3301861882209778,0,1
qwen32B-int4_retail_50runs,baseline,Qwen3-Embedding-0.6B,849bb9f8-95a2-44d0-a2fb-b7a41d9c38aa,16,76,agent,0.6142812967300415,0.4666666666666667,0.0,0.5003288686275482,-0.09995243303916035,,0,1
qwen32B-int4_retail_50runs,baseline,Qwen3-Embedding-0.6B,849bb9f8-95a2-44d0-a2fb-b7a41d9c38aa,17,76,tool,,,,,,,0,1
qwen32B-int4_retail_50runs,baseline,Qwen3-Embedding-0.6B,849bb9f8-95a2-44d0-a2fb-b7a41d9c38aa,18,76,agent,0.6365405321121216,0.12121212121212122,0.0,,,,0,1
qwen32B-int4_retail_50runs,baseline,Qwen3-Embedding-0.6B,849bb9f8-95a2-44d0-a2fb-b7a41d9c38aa,19,76,user,,,,,,0.26535868644714355,0,1
qwen32B-int4_retail_50runs,baseline,Qwen3-Embedding-0.6B,849bb9f8-95a2-44d0-a2fb-b7a41d9c38aa,20,76,agent,0.618898868560791,0.4666666666666667,0.0,0.4921244978904724,-0.0769766621729907,,0,1
qwen32B-int4_retail_50runs,baseline,Qwen3-Embedding-0.6B,849bb9f8-95a2-44d0-a2fb-b7a41d9c38aa,21,76,tool,,,,,,,0,1
qwen32B-int4_retail_50runs,baseline,Qwen3-Embedding-0.6B,849bb9f8-95a2-44d0-a2fb-b7a41d9c38aa,22,76,agent,0.6475556492805481,0.2125,0.0,,,,0,1
qwen32B-int4_retail_50runs,baseline,Qwen3-Embedding-0.6B,849bb9f8-95a2-44d0-a2fb-b7a41d9c38aa,23,76,user,,,,,,0.35050058364868164,0,1
qwen32B-int4_retail_50runs,baseline,Qwen3-Embedding-0.6B,849bb9f8-95a2-44d0-a2fb-b7a41d9c38aa,24,76,agent,0.9844079613685608,0.6923076923076923,0.0,0.5685056447982788,-0.003920700620202444,,0,1
qwen32B-int4_retail_50runs,baseline,Qwen3-Embedding-0.6B,849bb9f8-95a2-44d0-a2fb-b7a41d9c38aa,25,76,tool,,,,,,,0,1
qwen32B-int4_retail_50runs,baseline,Qwen3-Embedding-0.6B,849bb9f8-95a2-44d0-a2fb-b7a41d9c38aa,26,76,agent,0.7443873882293701,0.358695652173913,0.0,,,,0,1
qwen32B-int4_retail_50runs,baseline,Qwen3-Embedding-0.6B,849bb9f8-95a2-44d0-a2fb-b7a41d9c38aa,27,76,user,,,,,,0.296725869178772,0,1
qwen32B-int4_retail_50runs,baseline,Qwen3-Embedding-0.6B,849bb9f8-95a2-44d0-a2fb-b7a41d9c38aa,28,76,agent,0.9984059929847717,0.8333333333333334,0.8333333333333334,0.5594403147697449,-0.007305762347053046,,0,1
qwen32B-int4_retail_50runs,baseline,Qwen3-Embedding-0.6B,849bb9f8-95a2-44d0-a2fb-b7a41d9c38aa,29,76,tool,,,,,,,0,1
qwen32B-int4_retail_50runs,baseline,Qwen3-Embedding-0.6B,849bb9f8-95a2-44d0-a2fb-b7a41d9c38aa,30,76,agent,0.8207714557647705,0.4945054945054945,0.0,,,,0,1
qwen32B-int4_retail_50runs,baseline,Qwen3-Embedding-0.6B,849bb9f8-95a2-44d0-a2fb-b7a41d9c38aa,31,76,user,,,,,,0.2299899458885193,0,1
qwen32B-int4_retail_50runs,baseline,Qwen3-Embedding-0.6B,849bb9f8-95a2-44d0-a2fb-b7a41d9c38aa,32,76,agent,0.8034552335739136,0.24719101123595505,0.0,,,,0,1
qwen32B-int4_retail_50runs,baseline,Qwen3-Embedding-0.6B,849bb9f8-95a2-44d0-a2fb-b7a41d9c38aa,33,76,user,,,,,,0.3202337622642517,0,1
qwen32B-int4_retail_50runs,baseline,Qwen3-Embedding-0.6B,849bb9f8-95a2-44d0-a2fb-b7a41d9c38aa,34,76,agent,0.3513021469116211,0.0196078431372549,0.0,0.5040038228034973,-0.09915546809925757,,0,1
qwen32B-int4_retail_50runs,baseline,Qwen3-Embedding-0.6B,849bb9f8-95a2-44d0-a2fb-b7a41d9c38aa,35,76,tool,,,,,,,0,1
qwen32B-int4_retail_50runs,baseline,Qwen3-Embedding-0.6B,849bb9f8-95a2-44d0-a2fb-b7a41d9c38aa,36,76,agent,0.5795600414276123,0.23943661971830985,0.0,,,,0,1
qwen32B-int4_retail_50runs,baseline,Qwen3-Embedding-0.6B,849bb9f8-95a2-44d0-a2fb-b7a41d9c38aa,37,76,user,,,,,,0.24039578437805176,0,1
qwen32B-int4_retail_50runs,baseline,Qwen3-Embedding-0.6B,849bb9f8-95a2-44d0-a2fb-b7a41d9c38aa,38,76,agent,0.6269426941871643,0.4666666666666667,0.0,0.5740292072296143,0.007820443195455162,,0,1
qwen32B-int4_retail_50runs,baseline,Qwen3-Embedding-0.6B,849bb9f8-95a2-44d0-a2fb-b7a41d9c38aa,39,76,tool,,,,,,,0,1
qwen32B-int4_retail_50runs,baseline,Qwen3-Embedding-0.6B,849bb9f8-95a2-44d0-a2fb-b7a41d9c38aa,40,76,agent,0.5132747292518616,0.1978021978021978,0.0,,,,0,1
qwen32B-int4_retail_50runs,baseline,Qwen3-Embedding-0.6B,849bb9f8-95a2-44d0-a2fb-b7a41d9c38aa,41,76,user,,,,,,0.22824877500534058,0,1
qwen32B-int4_retail_50runs,baseline,Qwen3-Embedding-0.6B,849bb9f8-95a2-44d0-a2fb-b7a41d9c38aa,42,76,agent,0.6457473039627075,0.47368421052631576,0.0,0.4549862742424011,-0.06784390176043786,,0,1
qwen32B-int4_retail_50runs,baseline,Qwen3-Embedding-0.6B,849bb9f8-95a2-44d0-a2fb-b7a41d9c38aa,43,76,tool,,,,,,,0,1
qwen32B-int4_retail_50runs,baseline,Qwen3-Embedding-0.6B,849bb9f8-95a2-44d0-a2fb-b7a41d9c38aa,44,76,agent,0.7076040506362915,0.24691358024691357,0.0,,,,0,1
qwen32B-int4_retail_50runs,baseline,Qwen3-Embedding-0.6B,849bb9f8-95a2-44d0-a2fb-b7a41d9c38aa,45,76,user,,,,,,0.25962507724761963,0,1
qwen32B-int4_retail_50runs,baseline,Qwen3-Embedding-0.6B,849bb9f8-95a2-44d0-a2fb-b7a41d9c38aa,46,76,agent,0.9970948100090027,0.8,0.0,0.6275988817214966,0.11543907838709211,,0,1
qwen32B-int4_retail_50runs,baseline,Qwen3-Embedding-0.6B,849bb9f8-95a2-44d0-a2fb-b7a41d9c38aa,47,76,tool,,,,,,,0,1
qwen32B-int4_retail_50runs,baseline,Qwen3-Embedding-0.6B,849bb9f8-95a2-44d0-a2fb-b7a41d9c38aa,48,76,agent,0.7957688570022583,0.3125,0.0,,,,0,1
qwen32B-int4_retail_50runs,baseline,Qwen3-Embedding-0.6B,849bb9f8-95a2-44d0-a2fb-b7a41d9c38aa,49,76,user,,,,,,0.18991583585739136,0,1
qwen32B-int4_retail_50runs,baseline,Qwen3-Embedding-0.6B,849bb9f8-95a2-44d0-a2fb-b7a41d9c38aa,50,76,agent,0.49860474467277527,0.30434782608695654,0.0,0.47349369525909424,-0.06335169778150673,,0,1
qwen32B-int4_retail_50runs,baseline,Qwen3-Embedding-0.6B,849bb9f8-95a2-44d0-a2fb-b7a41d9c38aa,51,76,tool,,,,,,,0,1
qwen32B-int4_retail_50runs,baseline,Qwen3-Embedding-0.6B,849bb9f8-95a2-44d0-a2fb-b7a41d9c38aa,52,76,agent,0.7895376086235046,0.22580645161290322,0.0,,,,0,1
qwen32B-int4_retail_50runs,baseline,Qwen3-Embedding-0.6B,849bb9f8-95a2-44d0-a2fb-b7a41d9c38aa,53,76,user,,,,,,0.141435444355011,0,1
qwen32B-int4_retail_50runs,baseline,Qwen3-Embedding-0.6B,849bb9f8-95a2-44d0-a2fb-b7a41d9c38aa,54,76,agent,0.4920419752597809,0.30434782608695654,0.0,0.6337437331676483,0.11529274547801294,,0,1
qwen32B-int4_retail_50runs,baseline,Qwen3-Embedding-0.6B,849bb9f8-95a2-44d0-a2fb-b7a41d9c38aa,55,76,tool,,,,,,,0,1
qwen32B-int4_retail_50runs,baseline,Qwen3-Embedding-0.6B,849bb9f8-95a2-44d0-a2fb-b7a41d9c38aa,56,76,agent,0.7083149552345276,0.14130434782608695,0.0,,,,0,1
qwen32B-int4_retail_50runs,baseline,Qwen3-Embedding-0.6B,849bb9f8-95a2-44d0-a2fb-b7a41d9c38aa,57,76,user,,,,,,0.225976824760437,0,1
qwen32B-int4_retail_50runs,baseline,Qwen3-Embedding-0.6B,849bb9f8-95a2-44d0-a2fb-b7a41d9c38aa,58,76,agent,0.9989819526672363,0.8095238095238095,0.0,0.6321039199829102,0.11615070174722109,,0,1
qwen32B-int4_retail_50runs,baseline,Qwen3-Embedding-0.6B,849bb9f8-95a2-44d0-a2fb-b7a41d9c38aa,59,76,tool,,,,,,,0,1
qwen32B-int4_retail_50runs,baseline,Qwen3-Embedding-0.6B,849bb9f8-95a2-44d0-a2fb-b7a41d9c38aa,60,76,agent,0.9395095109939575,0.5957446808510638,0.0,,,,0,1
qwen32B-int4_retail_50runs,baseline,Qwen3-Embedding-0.6B,849bb9f8-95a2-44d0-a2fb-b7a41d9c38aa,61,76,user,,,,,,0.2641634941101074,0,1
qwen32B-int4_retail_50runs,baseline,Qwen3-Embedding-0.6B,849bb9f8-95a2-44d0-a2fb-b7a41d9c38aa,62,76,agent,0.9993953108787537,0.8095238095238095,0.0,0.6281576454639435,0.11508617506307717,,0,1
qwen32B-int4_retail_50runs,baseline,Qwen3-Embedding-0.6B,849bb9f8-95a2-44d0-a2fb-b7a41d9c38aa,63,76,tool,,,,,,,0,1
qwen32B-int4_retail_50runs,baseline,Qwen3-Embedding-0.6B,849bb9f8-95a2-44d0-a2fb-b7a41d9c38aa,64,76,agent,0.9903097152709961,0.6981132075471698,0.0,,,,0,1
qwen32B-int4_retail_50runs,baseline,Qwen3-Embedding-0.6B,849bb9f8-95a2-44d0-a2fb-b7a41d9c38aa,65,76,user,,,,,,0.23362672328948975,0,1
qwen32B-int4_retail_50runs,baseline,Qwen3-Embedding-0.6B,849bb9f8-95a2-44d0-a2fb-b7a41d9c38aa,66,76,agent,0.9992913007736206,0.8095238095238095,0.0,0.6338318288326263,0.11496694298351517,,0,1
qwen32B-int4_retail_50runs,baseline,Qwen3-Embedding-0.6B,849bb9f8-95a2-44d0-a2fb-b7a41d9c38aa,67,76,tool,,,,,,,0,1
qwen32B-int4_retail_50runs,baseline,Qwen3-Embedding-0.6B,849bb9f8-95a2-44d0-a2fb-b7a41d9c38aa,68,76,agent,0.9837651252746582,0.7246376811594203,0.0,,,,0,1
qwen32B-int4_retail_50runs,baseline,Qwen3-Embedding-0.6B,849bb9f8-95a2-44d0-a2fb-b7a41d9c38aa,69,76,user,,,,,,0.21733027696609497,0,1
qwen32B-int4_retail_50runs,baseline,Qwen3-Embedding-0.6B,849bb9f8-95a2-44d0-a2fb-b7a41d9c38aa,70,76,agent,0.9995730519294739,0.8095238095238095,0.0,0.6347507536411285,0.11597360056989336,,0,1
qwen32B-int4_retail_50runs,baseline,Qwen3-Embedding-0.6B,849bb9f8-95a2-44d0-a2fb-b7a41d9c38aa,71,76,tool,,,,,,,0,1
qwen32B-int4_retail_50runs,baseline,Qwen3-Embedding-0.6B,849bb9f8-95a2-44d0-a2fb-b7a41d9c38aa,72,76,agent,0.9147714376449585,0.3717948717948718,0.0,0.5890882611274719,0.05323238057248736,,0,1
qwen32B-int4_retail_50runs,baseline,Qwen3-Embedding-0.6B,849bb9f8-95a2-44d0-a2fb-b7a41d9c38aa,73,76,tool,,,,,,,0,1
qwen32B-int4_retail_50runs,baseline,Qwen3-Embedding-0.6B,849bb9f8-95a2-44d0-a2fb-b7a41d9c38aa,74,76,agent,0.56056147813797,0.1111111111111111,0.0,,,,0,1
qwen32B-int4_retail_50runs,baseline,Qwen3-Embedding-0.6B,849bb9f8-95a2-44d0-a2fb-b7a41d9c38aa,75,76,user,,,,,,0.22931426763534546,0,1
qwen32B-int4_retail_50runs,baseline,Qwen3-Embedding-0.6B,6d13888f-1191-4411-879a-1fcc8f32ffa3,0,44,agent,,,,,,,0,0
qwen32B-int4_retail_50runs,baseline,Qwen3-Embedding-0.6B,6d13888f-1191-4411-879a-1fcc8f32ffa3,1,44,user,,,,,,0.5966194272041321,0,0
qwen32B-int4_retail_50runs,baseline,Qwen3-Embedding-0.6B,6d13888f-1191-4411-879a-1fcc8f32ffa3,2,44,agent,0.3826453387737274,0.07894736842105263,0.0,,,,0,0
qwen32B-int4_retail_50runs,baseline,Qwen3-Embedding-0.6B,6d13888f-1191-4411-879a-1fcc8f32ffa3,3,44,user,,,,,,0.533462643623352,0,0
qwen32B-int4_retail_50runs,baseline,Qwen3-Embedding-0.6B,6d13888f-1191-4411-879a-1fcc8f32ffa3,4,44,agent,0.5151957273483276,0.0425531914893617,0.0,0.521847277879715,-0.06696005993419218,,0,0
qwen32B-int4_retail_50runs,baseline,Qwen3-Embedding-0.6B,6d13888f-1191-4411-879a-1fcc8f32ffa3,5,44,tool,,,,,,,0,0
qwen32B-int4_retail_50runs,baseline,Qwen3-Embedding-0.6B,6d13888f-1191-4411-879a-1fcc8f32ffa3,6,44,agent,0.7099137902259827,0.3684210526315789,0.0,0.49855512380599976,-0.08484745025634766,,0,0
qwen32B-int4_retail_50runs,baseline,Qwen3-Embedding-0.6B,6d13888f-1191-4411-879a-1fcc8f32ffa3,7,44,tool,,,,,,,0,0
qwen32B-int4_retail_50runs,baseline,Qwen3-Embedding-0.6B,6d13888f-1191-4411-879a-1fcc8f32ffa3,8,44,agent,0.5261022448539734,0.03508771929824561,0.0,,,,0,0
qwen32B-int4_retail_50runs,baseline,Qwen3-Embedding-0.6B,6d13888f-1191-4411-879a-1fcc8f32ffa3,9,44,user,,,,,,0.48056674003601074,0,0
qwen32B-int4_retail_50runs,baseline,Qwen3-Embedding-0.6B,6d13888f-1191-4411-879a-1fcc8f32ffa3,10,44,agent,0.7461154460906982,0.4482758620689655,0.0,,,,0,0
qwen32B-int4_retail_50runs,baseline,Qwen3-Embedding-0.6B,6d13888f-1191-4411-879a-1fcc8f32ffa3,11,44,user,,,,,,0.2971678376197815,0,0
qwen32B-int4_retail_50runs,baseline,Qwen3-Embedding-0.6B,6d13888f-1191-4411-879a-1fcc8f32ffa3,12,44,agent,0.5106467604637146,0.02,0.0,0.4014981985092163,-0.1545407209131453,,0,0
qwen32B-int4_retail_50runs,baseline,Qwen3-Embedding-0.6B,6d13888f-1191-4411-879a-1fcc8f32ffa3,13,44,tool,,,,,,,0,0
qwen32B-int4_retail_50runs,baseline,Qwen3-Embedding-0.6B,6d13888f-1191-4411-879a-1fcc8f32ffa3,14,44,agent,0.6131395697593689,0.17391304347826086,0.0,,,,0,0
qwen32B-int4_retail_50runs,baseline,Qwen3-Embedding-0.6B,6d13888f-1191-4411-879a-1fcc8f32ffa3,15,44,user,,,,,,0.1724657416343689,0,0
qwen32B-int4_retail_50runs,baseline,Qwen3-Embedding-0.6B,6d13888f-1191-4411-879a-1fcc8f32ffa3,16,44,agent,0.9990882277488708,0.8333333333333334,0.8333333333333334,0.40205079317092896,-0.15729084610939026,,0,0
qwen32B-int4_retail_50runs,baseline,Qwen3-Embedding-0.6B,6d13888f-1191-4411-879a-1fcc8f32ffa3,17,44,tool,,,,,,,0,0
qwen32B-int4_retail_50runs,baseline,Qwen3-Embedding-0.6B,6d13888f-1191-4411-879a-1fcc8f32ffa3,18,44,agent,0.8340393304824829,0.3548387096774194,0.0,,,,0,0
qwen32B-int4_retail_50runs,baseline,Qwen3-Embedding-0.6B,6d13888f-1191-4411-879a-1fcc8f32ffa3,19,44,user,,,,,,0.3115915060043335,0,0
qwen32B-int4_retail_50runs,baseline,Qwen3-Embedding-0.6B,6d13888f-1191-4411-879a-1fcc8f32ffa3,20,44,agent,0.6088716387748718,0.4666666666666667,0.0,0.4993656873703003,-0.08570485976007247,,0,0
qwen32B-int4_retail_50runs,baseline,Qwen3-Embedding-0.6B,6d13888f-1191-4411-879a-1fcc8f32ffa3,21,44,tool,,,,,,,0,0
qwen32B-int4_retail_50runs,baseline,Qwen3-Embedding-0.6B,6d13888f-1191-4411-879a-1fcc8f32ffa3,22,44,agent,0.6238089203834534,0.12658227848101267,0.0,,,,0,0
qwen32B-int4_retail_50runs,baseline,Qwen3-Embedding-0.6B,6d13888f-1191-4411-879a-1fcc8f32ffa3,23,44,user,,,,,,0.19668924808502197,0,0
qwen32B-int4_retail_50runs,baseline,Qwen3-Embedding-0.6B,6d13888f-1191-4411-879a-1fcc8f32ffa3,24,44,agent,0.6157569885253906,0.4666666666666667,0.0,0.563104897737503,0.037629902362823486,,0,0
qwen32B-int4_retail_50runs,baseline,Qwen3-Embedding-0.6B,6d13888f-1191-4411-879a-1fcc8f32ffa3,25,44,tool,,,,,,,0,0
qwen32B-int4_retail_50runs,baseline,Qwen3-Embedding-0.6B,6d13888f-1191-4411-879a-1fcc8f32ffa3,26,44,agent,0.6947739720344543,0.2564102564102564,0.0,,,,0,0
qwen32B-int4_retail_50runs,baseline,Qwen3-Embedding-0.6B,6d13888f-1191-4411-879a-1fcc8f32ffa3,27,44,user,,,,,,0.329875111579895,0,0
qwen32B-int4_retail_50runs,baseline,Qwen3-Embedding-0.6B,6d13888f-1191-4411-879a-1fcc8f32ffa3,28,44,agent,0.9853188395500183,0.6923076923076923,0.0,0.49211740493774414,-0.04053131077024674,,0,0
qwen32B-int4_retail_50runs,baseline,Qwen3-Embedding-0.6B,6d13888f-1191-4411-879a-1fcc8f32ffa3,29,44,tool,,,,,,,0,0
qwen32B-int4_retail_50runs,baseline,Qwen3-Embedding-0.6B,6d13888f-1191-4411-879a-1fcc8f32ffa3,30,44,agent,0.7947192192077637,0.5342465753424658,0.0,,,,0,0
qwen32B-int4_retail_50runs,baseline,Qwen3-Embedding-0.6B,6d13888f-1191-4411-879a-1fcc8f32ffa3,31,44,user,,,,,,0.40616947412490845,0,0
qwen32B-int4_retail_50runs,baseline,Qwen3-Embedding-0.6B,6d13888f-1191-4411-879a-1fcc8f32ffa3,32,44,agent,0.7887256741523743,0.21621621621621623,0.0,0.4911354184150696,-0.020004818836847904,,0,0
qwen32B-int4_retail_50runs,baseline,Qwen3-Embedding-0.6B,6d13888f-1191-4411-879a-1fcc8f32ffa3,33,44,tool,,,,,,,0,0
qwen32B-int4_retail_50runs,baseline,Qwen3-Embedding-0.6B,6d13888f-1191-4411-879a-1fcc8f32ffa3,34,44,agent,0.8105939030647278,0.25,0.0,,,,0,0
qwen32B-int4_retail_50runs,baseline,Qwen3-Embedding-0.6B,6d13888f-1191-4411-879a-1fcc8f32ffa3,35,44,user,,,,,,0.3539441227912903,0,0
qwen32B-int4_retail_50runs,baseline,Qwen3-Embedding-0.6B,6d13888f-1191-4411-879a-1fcc8f32ffa3,36,44,agent,0.5795380473136902,0.21621621621621623,0.0,0.32983165979385376,-0.3057974610063765,,0,0
qwen32B-int4_retail_50runs,baseline,Qwen3-Embedding-0.6B,6d13888f-1191-4411-879a-1fcc8f32ffa3,37,44,tool,,,,,,,0,0
qwen32B-int4_retail_50runs,baseline,Qwen3-Embedding-0.6B,6d13888f-1191-4411-879a-1fcc8f32ffa3,38,44,agent,0.7897436022758484,0.41304347826086957,0.0,,,,0,0
qwen32B-int4_retail_50runs,baseline,Qwen3-Embedding-0.6B,6d13888f-1191-4411-879a-1fcc8f32ffa3,39,44,user,,,,,,0.5202926993370056,0,0
qwen32B-int4_retail_50runs,baseline,Qwen3-Embedding-0.6B,6d13888f-1191-4411-879a-1fcc8f32ffa3,40,44,agent,0.33554965257644653,0.0379746835443038,0.0,0.4255724549293518,-0.046550485822889565,,0,0
qwen32B-int4_retail_50runs,baseline,Qwen3-Embedding-0.6B,6d13888f-1191-4411-879a-1fcc8f32ffa3,41,44,tool,,,,,,,0,0
qwen32B-int4_retail_50runs,baseline,Qwen3-Embedding-0.6B,6d13888f-1191-4411-879a-1fcc8f32ffa3,42,44,agent,0.6997242569923401,0.27,0.0,,,,0,0
qwen32B-int4_retail_50runs,baseline,Qwen3-Embedding-0.6B,6d13888f-1191-4411-879a-1fcc8f32ffa3,43,44,user,,,,,,0.5769333243370056,0,0
qwen32B-int4_retail_50runs,baseline,Qwen3-Embedding-0.6B,5249670c-1694-4c92-92f0-1a4d72f4d1f2,0,20,agent,,,,,,,0,1
qwen32B-int4_retail_50runs,baseline,Qwen3-Embedding-0.6B,5249670c-1694-4c92-92f0-1a4d72f4d1f2,1,20,user,,,,,,0.46911680698394775,0,1
qwen32B-int4_retail_50runs,baseline,Qwen3-Embedding-0.6B,5249670c-1694-4c92-92f0-1a4d72f4d1f2,2,20,agent,0.46807861328125,0.14285714285714285,0.0,,,,0,1
qwen32B-int4_retail_50runs,baseline,Qwen3-Embedding-0.6B,5249670c-1694-4c92-92f0-1a4d72f4d1f2,3,20,user,,,,,,0.426705539226532,0,1
qwen32B-int4_retail_50runs,baseline,Qwen3-Embedding-0.6B,5249670c-1694-4c92-92f0-1a4d72f4d1f2,4,20,agent,0.6729071736335754,0.05405405405405406,0.0,0.45688384771347046,-0.14119357864061988,,0,1
qwen32B-int4_retail_50runs,baseline,Qwen3-Embedding-0.6B,5249670c-1694-4c92-92f0-1a4d72f4d1f2,5,20,tool,,,,,,,0,1
qwen32B-int4_retail_50runs,baseline,Qwen3-Embedding-0.6B,5249670c-1694-4c92-92f0-1a4d72f4d1f2,6,20,agent,0.7893882393836975,0.3888888888888889,0.0,0.48583561182022095,-0.06629802783330285,,0,1
qwen32B-int4_retail_50runs,baseline,Qwen3-Embedding-0.6B,5249670c-1694-4c92-92f0-1a4d72f4d1f2,7,20,tool,,,,,,,0,1
qwen32B-int4_retail_50runs,baseline,Qwen3-Embedding-0.6B,5249670c-1694-4c92-92f0-1a4d72f4d1f2,8,20,agent,0.45559167861938477,0.0,0.0,,,,0,1
qwen32B-int4_retail_50runs,baseline,Qwen3-Embedding-0.6B,5249670c-1694-4c92-92f0-1a4d72f4d1f2,9,20,user,,,,,,0.24643975496292114,0,1
qwen32B-int4_retail_50runs,baseline,Qwen3-Embedding-0.6B,5249670c-1694-4c92-92f0-1a4d72f4d1f2,10,20,agent,0.7700322270393372,0.28846153846153844,0.0,,,,0,1
qwen32B-int4_retail_50runs,baseline,Qwen3-Embedding-0.6B,5249670c-1694-4c92-92f0-1a4d72f4d1f2,11,20,user,,,,,,0.3159194588661194,0,1
qwen32B-int4_retail_50runs,baseline,Qwen3-Embedding-0.6B,5249670c-1694-4c92-92f0-1a4d72f4d1f2,12,20,agent,0.818341851234436,0.43661971830985913,0.0,,,,0,1
qwen32B-int4_retail_50runs,baseline,Qwen3-Embedding-0.6B,5249670c-1694-4c92-92f0-1a4d72f4d1f2,13,20,user,,,,,,0.4313945770263672,0,1
qwen32B-int4_retail_50runs,baseline,Qwen3-Embedding-0.6B,5249670c-1694-4c92-92f0-1a4d72f4d1f2,14,20,agent,0.5122811794281006,0.018518518518518517,0.0,0.5297141373157501,-0.019079675277074215,,0,1
qwen32B-int4_retail_50runs,baseline,Qwen3-Embedding-0.6B,5249670c-1694-4c92-92f0-1a4d72f4d1f2,15,20,tool,,,,,,,0,1
qwen32B-int4_retail_50runs,baseline,Qwen3-Embedding-0.6B,5249670c-1694-4c92-92f0-1a4d72f4d1f2,16,20,agent,0.9718084931373596,0.6923076923076923,0.0,0.5602134466171265,0.024174143870671627,,0,1
qwen32B-int4_retail_50runs,baseline,Qwen3-Embedding-0.6B,5249670c-1694-4c92-92f0-1a4d72f4d1f2,17,20,tool,,,,,,,0,1
qwen32B-int4_retail_50runs,baseline,Qwen3-Embedding-0.6B,5249670c-1694-4c92-92f0-1a4d72f4d1f2,18,20,agent,0.3560424745082855,0.014492753623188406,0.0,,,,0,1
qwen32B-int4_retail_50runs,baseline,Qwen3-Embedding-0.6B,5249670c-1694-4c92-92f0-1a4d72f4d1f2,19,20,user,,,,,,0.789785161614418,0,1
qwen32B-int4_retail_50runs,baseline,Qwen3-Embedding-0.6B,ae5d30fa-1a96-4d24-8d37-2f2b7ff579ce,0,18,agent,,,,,,,0,0
qwen32B-int4_retail_50runs,baseline,Qwen3-Embedding-0.6B,ae5d30fa-1a96-4d24-8d37-2f2b7ff579ce,1,18,user,,,,,,0.5118256211280823,0,0
qwen32B-int4_retail_50runs,baseline,Qwen3-Embedding-0.6B,ae5d30fa-1a96-4d24-8d37-2f2b7ff579ce,2,18,agent,0.5411382913589478,0.12903225806451613,0.0,,,,0,0
qwen32B-int4_retail_50runs,baseline,Qwen3-Embedding-0.6B,ae5d30fa-1a96-4d24-8d37-2f2b7ff579ce,3,18,user,,,,,,0.34764355421066284,0,0
qwen32B-int4_retail_50runs,baseline,Qwen3-Embedding-0.6B,ae5d30fa-1a96-4d24-8d37-2f2b7ff579ce,4,18,agent,0.6331352591514587,0.05,0.0,0.4608061909675598,-0.14410004019737244,,0,0
qwen32B-int4_retail_50runs,baseline,Qwen3-Embedding-0.6B,ae5d30fa-1a96-4d24-8d37-2f2b7ff579ce,5,18,tool,,,,,,,0,0
qwen32B-int4_retail_50runs,baseline,Qwen3-Embedding-0.6B,ae5d30fa-1a96-4d24-8d37-2f2b7ff579ce,6,18,agent,0.791491687297821,0.3888888888888889,0.0,0.4817715287208557,-0.08127188682556152,,0,0
qwen32B-int4_retail_50runs,baseline,Qwen3-Embedding-0.6B,ae5d30fa-1a96-4d24-8d37-2f2b7ff579ce,7,18,tool,,,,,,,0,0
qwen32B-int4_retail_50runs,baseline,Qwen3-Embedding-0.6B,ae5d30fa-1a96-4d24-8d37-2f2b7ff579ce,8,18,agent,0.4737897217273712,0.047619047619047616,0.0,,,,0,0
qwen32B-int4_retail_50runs,baseline,Qwen3-Embedding-0.6B,ae5d30fa-1a96-4d24-8d37-2f2b7ff579ce,9,18,user,,,,,,0.4926791787147522,0,0
qwen32B-int4_retail_50runs,baseline,Qwen3-Embedding-0.6B,ae5d30fa-1a96-4d24-8d37-2f2b7ff579ce,10,18,agent,0.6275432109832764,0.4666666666666667,0.0,0.5308655798435211,-0.04133725166320801,,0,0
qwen32B-int4_retail_50runs,baseline,Qwen3-Embedding-0.6B,ae5d30fa-1a96-4d24-8d37-2f2b7ff579ce,11,18,tool,,,,,,,0,0
qwen32B-int4_retail_50runs,baseline,Qwen3-Embedding-0.6B,ae5d30fa-1a96-4d24-8d37-2f2b7ff579ce,12,18,agent,0.6241654753684998,0.171875,0.0,,,,0,0
qwen32B-int4_retail_50runs,baseline,Qwen3-Embedding-0.6B,ae5d30fa-1a96-4d24-8d37-2f2b7ff579ce,13,18,user,,,,,,0.26503831148147583,0,0
qwen32B-int4_retail_50runs,baseline,Qwen3-Embedding-0.6B,ae5d30fa-1a96-4d24-8d37-2f2b7ff579ce,14,18,agent,0.6665261387825012,0.5,0.0,0.49557584524154663,-0.006182024876276615,,0,0
qwen32B-int4_retail_50runs,baseline,Qwen3-Embedding-0.6B,ae5d30fa-1a96-4d24-8d37-2f2b7ff579ce,15,18,tool,,,,,,,0,0
qwen32B-int4_retail_50runs,baseline,Qwen3-Embedding-0.6B,ae5d30fa-1a96-4d24-8d37-2f2b7ff579ce,16,18,agent,0.5823311805725098,0.1566265060240964,0.0,,,,0,0
qwen32B-int4_retail_50runs,baseline,Qwen3-Embedding-0.6B,ae5d30fa-1a96-4d24-8d37-2f2b7ff579ce,17,18,user,,,,,,0.7339347302913666,0,0
qwen32B-int4_retail_50runs,baseline,Qwen3-Embedding-0.6B,cef8fe91-0da6-4a68-a0a6-3aaf53832f22,0,26,agent,,,,,,,0,0
qwen32B-int4_retail_50runs,baseline,Qwen3-Embedding-0.6B,cef8fe91-0da6-4a68-a0a6-3aaf53832f22,1,26,user,,,,,,0.498135507106781,0,0
qwen32B-int4_retail_50runs,baseline,Qwen3-Embedding-0.6B,cef8fe91-0da6-4a68-a0a6-3aaf53832f22,2,26,agent,0.5371878147125244,0.12903225806451613,0.0,,,,0,0
qwen32B-int4_retail_50runs,baseline,Qwen3-Embedding-0.6B,cef8fe91-0da6-4a68-a0a6-3aaf53832f22,3,26,user,,,,,,0.4740230441093445,0,0
qwen32B-int4_retail_50runs,baseline,Qwen3-Embedding-0.6B,cef8fe91-0da6-4a68-a0a6-3aaf53832f22,4,26,agent,0.6303838491439819,0.05,0.0,0.45673418045043945,-0.15503841638565063,,0,0
qwen32B-int4_retail_50runs,baseline,Qwen3-Embedding-0.6B,cef8fe91-0da6-4a68-a0a6-3aaf53832f22,5,26,tool,,,,,,,0,0
qwen32B-int4_retail_50runs,baseline,Qwen3-Embedding-0.6B,cef8fe91-0da6-4a68-a0a6-3aaf53832f22,6,26,agent,0.7942062020301819,0.3888888888888889,0.0,0.48235517740249634,-0.09285367280244827,,0,0
qwen32B-int4_retail_50runs,baseline,Qwen3-Embedding-0.6B,cef8fe91-0da6-4a68-a0a6-3aaf53832f22,7,26,tool,,,,,,,0,0
qwen32B-int4_retail_50runs,baseline,Qwen3-Embedding-0.6B,cef8fe91-0da6-4a68-a0a6-3aaf53832f22,8,26,agent,0.40410321950912476,0.043478260869565216,0.0,,,,0,0
qwen32B-int4_retail_50runs,baseline,Qwen3-Embedding-0.6B,cef8fe91-0da6-4a68-a0a6-3aaf53832f22,9,26,user,,,,,,0.2989708185195923,0,0
qwen32B-int4_retail_50runs,baseline,Qwen3-Embedding-0.6B,cef8fe91-0da6-4a68-a0a6-3aaf53832f22,10,26,agent,0.5926985740661621,0.18867924528301888,0.0,0.40115267038345337,-0.154755637049675,,0,0
qwen32B-int4_retail_50runs,baseline,Qwen3-Embedding-0.6B,cef8fe91-0da6-4a68-a0a6-3aaf53832f22,11,26,tool,,,,,,,0,0
qwen32B-int4_retail_50runs,baseline,Qwen3-Embedding-0.6B,cef8fe91-0da6-4a68-a0a6-3aaf53832f22,12,26,agent,0.6307011842727661,0.1875,0.0,,,,0,0
qwen32B-int4_retail_50runs,baseline,Qwen3-Embedding-0.6B,cef8fe91-0da6-4a68-a0a6-3aaf53832f22,13,26,user,,,,,,0.3844035863876343,0,0
qwen32B-int4_retail_50runs,baseline,Qwen3-Embedding-0.6B,cef8fe91-0da6-4a68-a0a6-3aaf53832f22,14,26,agent,0.5235195159912109,0.05154639175257732,0.0,0.49757248163223267,0.008373208343982697,,0,0
qwen32B-int4_retail_50runs,baseline,Qwen3-Embedding-0.6B,cef8fe91-0da6-4a68-a0a6-3aaf53832f22,15,26,tool,,,,,,,0,0
qwen32B-int4_retail_50runs,baseline,Qwen3-Embedding-0.6B,cef8fe91-0da6-4a68-a0a6-3aaf53832f22,16,26,agent,0.5692518353462219,0.2967032967032967,0.0,,,,0,0
qwen32B-int4_retail_50runs,baseline,Qwen3-Embedding-0.6B,cef8fe91-0da6-4a68-a0a6-3aaf53832f22,17,26,user,,,,,,0.21619141101837158,0,0
qwen32B-int4_retail_50runs,baseline,Qwen3-Embedding-0.6B,cef8fe91-0da6-4a68-a0a6-3aaf53832f22,18,26,agent,0.9439198970794678,0.7894736842105263,0.7894736842105263,0.4688684344291687,-0.038443177938461304,,0,0
qwen32B-int4_retail_50runs,baseline,Qwen3-Embedding-0.6B,cef8fe91-0da6-4a68-a0a6-3aaf53832f22,19,26,tool,,,,,,,0,0
qwen32B-int4_retail_50runs,baseline,Qwen3-Embedding-0.6B,cef8fe91-0da6-4a68-a0a6-3aaf53832f22,20,26,agent,0.5648989081382751,0.20833333333333334,0.0,,,,0,0
qwen32B-int4_retail_50runs,baseline,Qwen3-Embedding-0.6B,cef8fe91-0da6-4a68-a0a6-3aaf53832f22,21,26,user,,,,,,0.5059852600097656,0,0
qwen32B-int4_retail_50runs,baseline,Qwen3-Embedding-0.6B,cef8fe91-0da6-4a68-a0a6-3aaf53832f22,22,26,agent,0.5487435460090637,0.2682926829268293,0.0,,,,0,0
qwen32B-int4_retail_50runs,baseline,Qwen3-Embedding-0.6B,cef8fe91-0da6-4a68-a0a6-3aaf53832f22,23,26,user,,,,,,0.41890305280685425,0,0
qwen32B-int4_retail_50runs,baseline,Qwen3-Embedding-0.6B,cef8fe91-0da6-4a68-a0a6-3aaf53832f22,24,26,agent,0.48398444056510925,0.16417910447761194,0.0,,,,0,0
qwen32B-int4_retail_50runs,baseline,Qwen3-Embedding-0.6B,cef8fe91-0da6-4a68-a0a6-3aaf53832f22,25,26,user,,,,,,0.43678027391433716,0,0
qwen32B-int4_retail_50runs,baseline,Qwen3-Embedding-0.6B,a013f891-cd3a-42ff-86fb-0a86f513fb07,0,28,agent,,,,,,,0,1
qwen32B-int4_retail_50runs,baseline,Qwen3-Embedding-0.6B,a013f891-cd3a-42ff-86fb-0a86f513fb07,1,28,user,,,,,,0.5463416874408722,0,1
qwen32B-int4_retail_50runs,baseline,Qwen3-Embedding-0.6B,a013f891-cd3a-42ff-86fb-0a86f513fb07,2,28,agent,0.5679614543914795,0.08571428571428572,0.0,,,,0,1
qwen32B-int4_retail_50runs,baseline,Qwen3-Embedding-0.6B,a013f891-cd3a-42ff-86fb-0a86f513fb07,3,28,user,,,,,,0.43887007236480713,0,1
qwen32B-int4_retail_50runs,baseline,Qwen3-Embedding-0.6B,a013f891-cd3a-42ff-86fb-0a86f513fb07,4,28,agent,0.5995596647262573,0.046511627906976744,0.0,0.46042901277542114,-0.1521315455436707,,0,1
qwen32B-int4_retail_50runs,baseline,Qwen3-Embedding-0.6B,a013f891-cd3a-42ff-86fb-0a86f513fb07,5,28,tool,,,,,,,0,1
qwen32B-int4_retail_50runs,baseline,Qwen3-Embedding-0.6B,a013f891-cd3a-42ff-86fb-0a86f513fb07,6,28,agent,0.5589718222618103,0.21428571428571427,0.0,,,,0,1
qwen32B-int4_retail_50runs,baseline,Qwen3-Embedding-0.6B,a013f891-cd3a-42ff-86fb-0a86f513fb07,7,28,user,,,,,,0.20411401987075806,0,1
qwen32B-int4_retail_50runs,baseline,Qwen3-Embedding-0.6B,a013f891-cd3a-42ff-86fb-0a86f513fb07,8,28,agent,0.7946622371673584,0.3888888888888889,0.0,0.47928887605667114,-0.09637036323547366,,0,1
qwen32B-int4_retail_50runs,baseline,Qwen3-Embedding-0.6B,a013f891-cd3a-42ff-86fb-0a86f513fb07,9,28,tool,,,,,,,0,1
qwen32B-int4_retail_50runs,baseline,Qwen3-Embedding-0.6B,a013f891-cd3a-42ff-86fb-0a86f513fb07,10,28,agent,0.7439798712730408,0.3275862068965517,0.0,,,,0,1
qwen32B-int4_retail_50runs,baseline,Qwen3-Embedding-0.6B,a013f891-cd3a-42ff-86fb-0a86f513fb07,11,28,user,,,,,,0.3518257737159729,0,1
qwen32B-int4_retail_50runs,baseline,Qwen3-Embedding-0.6B,a013f891-cd3a-42ff-86fb-0a86f513fb07,12,28,agent,0.7153753638267517,0.18181818181818182,0.0,0.44463634490966797,0.0030060887336730846,,0,1
qwen32B-int4_retail_50runs,baseline,Qwen3-Embedding-0.6B,a013f891-cd3a-42ff-86fb-0a86f513fb07,13,28,tool,,,,,,,0,1
qwen32B-int4_retail_50runs,baseline,Qwen3-Embedding-0.6B,a013f891-cd3a-42ff-86fb-0a86f513fb07,14,28,agent,0.6486735939979553,0.25757575757575757,0.0,,,,0,1
qwen32B-int4_retail_50runs,baseline,Qwen3-Embedding-0.6B,a013f891-cd3a-42ff-86fb-0a86f513fb07,15,28,user,,,,,,0.20478689670562744,0,1
qwen32B-int4_retail_50runs,baseline,Qwen3-Embedding-0.6B,a013f891-cd3a-42ff-86fb-0a86f513fb07,16,28,agent,0.7788599729537964,0.30864197530864196,0.0,,,,0,1
qwen32B-int4_retail_50runs,baseline,Qwen3-Embedding-0.6B,a013f891-cd3a-42ff-86fb-0a86f513fb07,17,28,user,,,,,,0.1544378399848938,0,1
qwen32B-int4_retail_50runs,baseline,Qwen3-Embedding-0.6B,a013f891-cd3a-42ff-86fb-0a86f513fb07,18,28,agent,0.4544220268726349,0.039473684210526314,0.0,0.46957188844680786,-0.06638883948326113,,0,1
qwen32B-int4_retail_50runs,baseline,Qwen3-Embedding-0.6B,a013f891-cd3a-42ff-86fb-0a86f513fb07,19,28,tool,,,,,,,0,1
qwen32B-int4_retail_50runs,baseline,Qwen3-Embedding-0.6B,a013f891-cd3a-42ff-86fb-0a86f513fb07,20,28,agent,0.8470319509506226,0.345679012345679,0.0,0.5246085822582245,0.004749011993408159,,0,1
qwen32B-int4_retail_50runs,baseline,Qwen3-Embedding-0.6B,a013f891-cd3a-42ff-86fb-0a86f513fb07,21,28,tool,,,,,,,0,1
qwen32B-int4_retail_50runs,baseline,Qwen3-Embedding-0.6B,a013f891-cd3a-42ff-86fb-0a86f513fb07,22,28,agent,0.7139647603034973,0.16666666666666666,0.0,,,,0,1
qwen32B-int4_retail_50runs,baseline,Qwen3-Embedding-0.6B,a013f891-cd3a-42ff-86fb-0a86f513fb07,23,28,user,,,,,,0.13080650568008423,0,1
qwen32B-int4_retail_50runs,baseline,Qwen3-Embedding-0.6B,a013f891-cd3a-42ff-86fb-0a86f513fb07,24,28,agent,0.49675631523132324,0.022222222222222223,0.0,0.5349864363670349,0.02850977778434749,,0,1
qwen32B-int4_retail_50runs,baseline,Qwen3-Embedding-0.6B,a013f891-cd3a-42ff-86fb-0a86f513fb07,25,28,tool,,,,,,,0,1
qwen32B-int4_retail_50runs,baseline,Qwen3-Embedding-0.6B,a013f891-cd3a-42ff-86fb-0a86f513fb07,26,28,agent,0.7955440282821655,0.1875,0.0,,,,0,1
qwen32B-int4_retail_50runs,baseline,Qwen3-Embedding-0.6B,a013f891-cd3a-42ff-86fb-0a86f513fb07,27,28,user,,,,,,0.41607141494750977,0,1
qwen32B-int4_retail_50runs,baseline,Qwen3-Embedding-0.6B,fbde9091-b302-45f7-9a65-e8884e5193d0,0,16,agent,,,,,,,0,1
qwen32B-int4_retail_50runs,baseline,Qwen3-Embedding-0.6B,fbde9091-b302-45f7-9a65-e8884e5193d0,1,16,user,,,,,,0.5873430371284485,0,1
qwen32B-int4_retail_50runs,baseline,Qwen3-Embedding-0.6B,fbde9091-b302-45f7-9a65-e8884e5193d0,2,16,agent,0.5275895595550537,0.12903225806451613,0.0,,,,0,1
qwen32B-int4_retail_50runs,baseline,Qwen3-Embedding-0.6B,fbde9091-b302-45f7-9a65-e8884e5193d0,3,16,user,,,,,,0.2861276865005493,0,1
qwen32B-int4_retail_50runs,baseline,Qwen3-Embedding-0.6B,fbde9091-b302-45f7-9a65-e8884e5193d0,4,16,agent,0.7282924056053162,0.04878048780487805,0.0,0.517052412033081,-0.08573558926582336,,0,1
qwen32B-int4_retail_50runs,baseline,Qwen3-Embedding-0.6B,fbde9091-b302-45f7-9a65-e8884e5193d0,5,16,tool,,,,,,,0,1
qwen32B-int4_retail_50runs,baseline,Qwen3-Embedding-0.6B,fbde9091-b302-45f7-9a65-e8884e5193d0,6,16,agent,0.5576630234718323,0.3137254901960784,0.0,,,,0,1
qwen32B-int4_retail_50runs,baseline,Qwen3-Embedding-0.6B,fbde9091-b302-45f7-9a65-e8884e5193d0,7,16,user,,,,,,0.20376312732696533,0,1
qwen32B-int4_retail_50runs,baseline,Qwen3-Embedding-0.6B,fbde9091-b302-45f7-9a65-e8884e5193d0,8,16,agent,0.6316308975219727,0.375,0.0,,,,0,1
qwen32B-int4_retail_50runs,baseline,Qwen3-Embedding-0.6B,fbde9091-b302-45f7-9a65-e8884e5193d0,9,16,user,,,,,,0.14794093370437622,0,1
qwen32B-int4_retail_50runs,baseline,Qwen3-Embedding-0.6B,fbde9091-b302-45f7-9a65-e8884e5193d0,10,16,agent,0.7340735793113708,0.1206896551724138,0.0,0.460607647895813,-0.16783171892166138,,0,1
qwen32B-int4_retail_50runs,baseline,Qwen3-Embedding-0.6B,fbde9091-b302-45f7-9a65-e8884e5193d0,11,16,tool,,,,,,,0,1
qwen32B-int4_retail_50runs,baseline,Qwen3-Embedding-0.6B,fbde9091-b302-45f7-9a65-e8884e5193d0,12,16,agent,0.6288055777549744,0.14414414414414414,0.0,,,,0,1
qwen32B-int4_retail_50runs,baseline,Qwen3-Embedding-0.6B,fbde9091-b302-45f7-9a65-e8884e5193d0,13,16,user,,,,,,0.4319067597389221,0,1
qwen32B-int4_retail_50runs,baseline,Qwen3-Embedding-0.6B,fbde9091-b302-45f7-9a65-e8884e5193d0,14,16,agent,0.338792622089386,0.0660377358490566,0.0,,,,0,1
qwen32B-int4_retail_50runs,baseline,Qwen3-Embedding-0.6B,fbde9091-b302-45f7-9a65-e8884e5193d0,15,16,user,,,,,,0.44043058156967163,0,1
qwen32B-int4_retail_50runs,baseline,Qwen3-Embedding-0.6B,d83db933-d335-4b57-8ec1-3e01a164d45c,0,38,agent,,,,,,,0,1
qwen32B-int4_retail_50runs,baseline,Qwen3-Embedding-0.6B,d83db933-d335-4b57-8ec1-3e01a164d45c,1,38,user,,,,,,0.4869844317436218,0,1
qwen32B-int4_retail_50runs,baseline,Qwen3-Embedding-0.6B,d83db933-d335-4b57-8ec1-3e01a164d45c,2,38,agent,0.47983089089393616,0.13333333333333333,0.0,,,,0,1
qwen32B-int4_retail_50runs,baseline,Qwen3-Embedding-0.6B,d83db933-d335-4b57-8ec1-3e01a164d45c,3,38,user,,,,,,0.22391390800476074,0,1
qwen32B-int4_retail_50runs,baseline,Qwen3-Embedding-0.6B,d83db933-d335-4b57-8ec1-3e01a164d45c,4,38,agent,0.7298118472099304,0.05,0.0,0.5191006660461426,-0.06414741277694702,,0,1
qwen32B-int4_retail_50runs,baseline,Qwen3-Embedding-0.6B,d83db933-d335-4b57-8ec1-3e01a164d45c,5,38,tool,,,,,,,0,1
qwen32B-int4_retail_50runs,baseline,Qwen3-Embedding-0.6B,d83db933-d335-4b57-8ec1-3e01a164d45c,6,38,agent,0.49917173385620117,0.23255813953488372,0.0,,,,0,1
qwen32B-int4_retail_50runs,baseline,Qwen3-Embedding-0.6B,d83db933-d335-4b57-8ec1-3e01a164d45c,7,38,user,,,,,,0.30693209171295166,0,1
qwen32B-int4_retail_50runs,baseline,Qwen3-Embedding-0.6B,d83db933-d335-4b57-8ec1-3e01a164d45c,8,38,agent,0.7034254670143127,0.3684210526315789,0.0,0.4873422384262085,-0.09779546516282223,,0,1
qwen32B-int4_retail_50runs,baseline,Qwen3-Embedding-0.6B,d83db933-d335-4b57-8ec1-3e01a164d45c,9,38,tool,,,,,,,0,1
qwen32B-int4_retail_50runs,baseline,Qwen3-Embedding-0.6B,d83db933-d335-4b57-8ec1-3e01a164d45c,10,38,agent,0.6408811807632446,0.28888888888888886,0.0,0.3835441470146179,-0.07949061904634747,,0,1
qwen32B-int4_retail_50runs,baseline,Qwen3-Embedding-0.6B,d83db933-d335-4b57-8ec1-3e01a164d45c,11,38,tool,,,,,,,0,1
qwen32B-int4_retail_50runs,baseline,Qwen3-Embedding-0.6B,d83db933-d335-4b57-8ec1-3e01a164d45c,12,38,agent,0.7943206429481506,0.25806451612903225,0.0,,,,0,1
qwen32B-int4_retail_50runs,baseline,Qwen3-Embedding-0.6B,d83db933-d335-4b57-8ec1-3e01a164d45c,13,38,user,,,,,,0.3620482087135315,0,1
qwen32B-int4_retail_50runs,baseline,Qwen3-Embedding-0.6B,d83db933-d335-4b57-8ec1-3e01a164d45c,14,38,agent,0.8458146452903748,0.3220338983050847,0.0,0.39276522397994995,-0.12581856761659893,,0,1
qwen32B-int4_retail_50runs,baseline,Qwen3-Embedding-0.6B,d83db933-d335-4b57-8ec1-3e01a164d45c,15,38,tool,,,,,,,0,1
qwen32B-int4_retail_50runs,baseline,Qwen3-Embedding-0.6B,d83db933-d335-4b57-8ec1-3e01a164d45c,16,38,agent,0.7674943208694458,0.34146341463414637,0.0,,,,0,1
qwen32B-int4_retail_50runs,baseline,Qwen3-Embedding-0.6B,d83db933-d335-4b57-8ec1-3e01a164d45c,17,38,user,,,,,,0.39980095624923706,0,1
qwen32B-int4_retail_50runs,baseline,Qwen3-Embedding-0.6B,d83db933-d335-4b57-8ec1-3e01a164d45c,18,38,agent,0.6547151803970337,0.38095238095238093,0.0,,,,0,1
qwen32B-int4_retail_50runs,baseline,Qwen3-Embedding-0.6B,d83db933-d335-4b57-8ec1-3e01a164d45c,19,38,user,,,,,,0.3982771635055542,0,1
qwen32B-int4_retail_50runs,baseline,Qwen3-Embedding-0.6B,d83db933-d335-4b57-8ec1-3e01a164d45c,20,38,agent,0.8559314012527466,0.4594594594594595,0.0,,,,0,1
qwen32B-int4_retail_50runs,baseline,Qwen3-Embedding-0.6B,d83db933-d335-4b57-8ec1-3e01a164d45c,21,38,user,,,,,,0.5061929523944855,0,1
qwen32B-int4_retail_50runs,baseline,Qwen3-Embedding-0.6B,d83db933-d335-4b57-8ec1-3e01a164d45c,22,38,agent,0.7837900519371033,0.07017543859649122,0.0,0.5052314400672913,-0.04974149380411419,,0,1
qwen32B-int4_retail_50runs,baseline,Qwen3-Embedding-0.6B,d83db933-d335-4b57-8ec1-3e01a164d45c,23,38,tool,,,,,,,0,1
qwen32B-int4_retail_50runs,baseline,Qwen3-Embedding-0.6B,d83db933-d335-4b57-8ec1-3e01a164d45c,24,38,agent,0.579433023929596,0.14864864864864866,0.0,0.39585167169570923,-0.08924082773072378,,0,1
qwen32B-int4_retail_50runs,baseline,Qwen3-Embedding-0.6B,d83db933-d335-4b57-8ec1-3e01a164d45c,25,38,tool,,,,,,,0,1
qwen32B-int4_retail_50runs,baseline,Qwen3-Embedding-0.6B,d83db933-d335-4b57-8ec1-3e01a164d45c,26,38,agent,0.7940304279327393,0.2222222222222222,0.0,,,,0,1
qwen32B-int4_retail_50runs,baseline,Qwen3-Embedding-0.6B,d83db933-d335-4b57-8ec1-3e01a164d45c,27,38,user,,,,,,0.3173810839653015,0,1
qwen32B-int4_retail_50runs,baseline,Qwen3-Embedding-0.6B,d83db933-d335-4b57-8ec1-3e01a164d45c,28,38,agent,0.80982506275177,0.4,0.0,0.3017033338546753,-0.1697538026741573,,0,1
qwen32B-int4_retail_50runs,baseline,Qwen3-Embedding-0.6B,d83db933-d335-4b57-8ec1-3e01a164d45c,29,38,tool,,,,,,,0,1
qwen32B-int4_retail_50runs,baseline,Qwen3-Embedding-0.6B,d83db933-d335-4b57-8ec1-3e01a164d45c,30,38,agent,0.9317269325256348,0.6309523809523809,0.0,,,,0,1
qwen32B-int4_retail_50runs,baseline,Qwen3-Embedding-0.6B,d83db933-d335-4b57-8ec1-3e01a164d45c,31,38,user,,,,,,0.22871220111846924,0,1
qwen32B-int4_retail_50runs,baseline,Qwen3-Embedding-0.6B,d83db933-d335-4b57-8ec1-3e01a164d45c,32,38,agent,0.9151211380958557,0.5232558139534884,0.0,,,,0,1
qwen32B-int4_retail_50runs,baseline,Qwen3-Embedding-0.6B,d83db933-d335-4b57-8ec1-3e01a164d45c,33,38,user,,,,,,0.6499166488647461,0,1
qwen32B-int4_retail_50runs,baseline,Qwen3-Embedding-0.6B,d83db933-d335-4b57-8ec1-3e01a164d45c,34,38,agent,0.574842631816864,0.06153846153846154,0.0,0.42451220750808716,-0.1407632955483028,,0,1
qwen32B-int4_retail_50runs,baseline,Qwen3-Embedding-0.6B,d83db933-d335-4b57-8ec1-3e01a164d45c,35,38,tool,,,,,,,0,1
qwen32B-int4_retail_50runs,baseline,Qwen3-Embedding-0.6B,d83db933-d335-4b57-8ec1-3e01a164d45c,36,38,agent,0.8320585489273071,0.379746835443038,0.0,,,,0,1
qwen32B-int4_retail_50runs,baseline,Qwen3-Embedding-0.6B,d83db933-d335-4b57-8ec1-3e01a164d45c,37,38,user,,,,,,0.7511524856090546,0,1
qwen32B-int4_retail_50runs,baseline,Qwen3-Embedding-0.6B,0d701eb9-7651-441e-8b90-a8dc4e2c8e09,0,28,agent,,,,,,,0,0
qwen32B-int4_retail_50runs,baseline,Qwen3-Embedding-0.6B,0d701eb9-7651-441e-8b90-a8dc4e2c8e09,1,28,user,,,,,,0.5662811100482941,0,0
qwen32B-int4_retail_50runs,baseline,Qwen3-Embedding-0.6B,0d701eb9-7651-441e-8b90-a8dc4e2c8e09,2,28,agent,0.43000006675720215,0.0625,0.0,,,,0,0
qwen32B-int4_retail_50runs,baseline,Qwen3-Embedding-0.6B,0d701eb9-7651-441e-8b90-a8dc4e2c8e09,3,28,user,,,,,,0.2897607088088989,0,0
qwen32B-int4_retail_50runs,baseline,Qwen3-Embedding-0.6B,0d701eb9-7651-441e-8b90-a8dc4e2c8e09,4,28,agent,0.4620840847492218,0.03508771929824561,0.0,0.4972274899482727,-0.0445627669493357,,0,0
qwen32B-int4_retail_50runs,baseline,Qwen3-Embedding-0.6B,0d701eb9-7651-441e-8b90-a8dc4e2c8e09,5,28,tool,,,,,,,0,0
qwen32B-int4_retail_50runs,baseline,Qwen3-Embedding-0.6B,0d701eb9-7651-441e-8b90-a8dc4e2c8e09,6,28,agent,0.8400930762290955,0.3125,0.0,,,,0,0
qwen32B-int4_retail_50runs,baseline,Qwen3-Embedding-0.6B,0d701eb9-7651-441e-8b90-a8dc4e2c8e09,7,28,user,,,,,,0.4985685348510742,0,0
qwen32B-int4_retail_50runs,baseline,Qwen3-Embedding-0.6B,0d701eb9-7651-441e-8b90-a8dc4e2c8e09,8,28,agent,0.7260793447494507,0.11594202898550725,0.0,,,,0,0
qwen32B-int4_retail_50runs,baseline,Qwen3-Embedding-0.6B,0d701eb9-7651-441e-8b90-a8dc4e2c8e09,9,28,user,,,,,,0.250529408454895,0,0
qwen32B-int4_retail_50runs,baseline,Qwen3-Embedding-0.6B,0d701eb9-7651-441e-8b90-a8dc4e2c8e09,10,28,agent,0.7183334231376648,0.2,0.0,,,,0,0
qwen32B-int4_retail_50runs,baseline,Qwen3-Embedding-0.6B,0d701eb9-7651-441e-8b90-a8dc4e2c8e09,11,28,user,,,,,,0.33173733949661255,0,0
qwen32B-int4_retail_50runs,baseline,Qwen3-Embedding-0.6B,0d701eb9-7651-441e-8b90-a8dc4e2c8e09,12,28,agent,0.38584792613983154,0.018518518518518517,0.0,0.5149882435798645,-0.03806909918785095,,0,0
qwen32B-int4_retail_50runs,baseline,Qwen3-Embedding-0.6B,0d701eb9-7651-441e-8b90-a8dc4e2c8e09,13,28,tool,,,,,,,0,0
qwen32B-int4_retail_50runs,baseline,Qwen3-Embedding-0.6B,0d701eb9-7651-441e-8b90-a8dc4e2c8e09,14,28,agent,0.8893603682518005,0.296875,0.0,,,,0,0
qwen32B-int4_retail_50runs,baseline,Qwen3-Embedding-0.6B,0d701eb9-7651-441e-8b90-a8dc4e2c8e09,15,28,user,,,,,,0.18589717149734497,0,0
qwen32B-int4_retail_50runs,baseline,Qwen3-Embedding-0.6B,0d701eb9-7651-441e-8b90-a8dc4e2c8e09,16,28,agent,0.6274977922439575,0.4666666666666667,0.0,0.5269933342933655,-0.01830059289932251,,0,0
qwen32B-int4_retail_50runs,baseline,Qwen3-Embedding-0.6B,0d701eb9-7651-441e-8b90-a8dc4e2c8e09,17,28,tool,,,,,,,0,0
qwen32B-int4_retail_50runs,baseline,Qwen3-Embedding-0.6B,0d701eb9-7651-441e-8b90-a8dc4e2c8e09,18,28,agent,0.8930633664131165,0.2857142857142857,0.0,,,,0,0
qwen32B-int4_retail_50runs,baseline,Qwen3-Embedding-0.6B,0d701eb9-7651-441e-8b90-a8dc4e2c8e09,19,28,user,,,,,,0.5208452939987183,0,0
qwen32B-int4_retail_50runs,baseline,Qwen3-Embedding-0.6B,0d701eb9-7651-441e-8b90-a8dc4e2c8e09,20,28,agent,0.8043836355209351,0.25301204819277107,0.0,,,,0,0
qwen32B-int4_retail_50runs,baseline,Qwen3-Embedding-0.6B,0d701eb9-7651-441e-8b90-a8dc4e2c8e09,21,28,user,,,,,,0.25611090660095215,0,0
qwen32B-int4_retail_50runs,baseline,Qwen3-Embedding-0.6B,0d701eb9-7651-441e-8b90-a8dc4e2c8e09,22,28,agent,0.5809236764907837,0.045454545454545456,0.0,0.4557640552520752,-0.07431736588478088,,0,0
qwen32B-int4_retail_50runs,baseline,Qwen3-Embedding-0.6B,0d701eb9-7651-441e-8b90-a8dc4e2c8e09,23,28,tool,,,,,,,0,0
qwen32B-int4_retail_50runs,baseline,Qwen3-Embedding-0.6B,0d701eb9-7651-441e-8b90-a8dc4e2c8e09,24,28,agent,0.7629940509796143,0.18421052631578946,0.0,,,,0,0
qwen32B-int4_retail_50runs,baseline,Qwen3-Embedding-0.6B,0d701eb9-7651-441e-8b90-a8dc4e2c8e09,25,28,user,,,,,,0.5968859493732452,0,0
qwen32B-int4_retail_50runs,baseline,Qwen3-Embedding-0.6B,0d701eb9-7651-441e-8b90-a8dc4e2c8e09,26,28,agent,0.420419305562973,0.08620689655172414,0.0,,,,0,0
qwen32B-int4_retail_50runs,baseline,Qwen3-Embedding-0.6B,0d701eb9-7651-441e-8b90-a8dc4e2c8e09,27,28,user,,,,,,0.3938472270965576,0,0
qwen32B-int4_retail_50runs,baseline,Qwen3-Embedding-0.6B,f6042648-7062-4996-9458-993068fabfde,0,56,agent,,,,,,,0,1
qwen32B-int4_retail_50runs,baseline,Qwen3-Embedding-0.6B,f6042648-7062-4996-9458-993068fabfde,1,56,user,,,,,,0.43299049139022827,0,1
qwen32B-int4_retail_50runs,baseline,Qwen3-Embedding-0.6B,f6042648-7062-4996-9458-993068fabfde,2,56,agent,0.44513583183288574,0.09090909090909091,0.0,,,,0,1
qwen32B-int4_retail_50runs,baseline,Qwen3-Embedding-0.6B,f6042648-7062-4996-9458-993068fabfde,3,56,user,,,,,,0.21564459800720215,0,1
qwen32B-int4_retail_50runs,baseline,Qwen3-Embedding-0.6B,f6042648-7062-4996-9458-993068fabfde,4,56,agent,0.6593672037124634,0.047619047619047616,0.0,0.5195652544498444,-0.0622626308883939,,0,1
qwen32B-int4_retail_50runs,baseline,Qwen3-Embedding-0.6B,f6042648-7062-4996-9458-993068fabfde,5,56,tool,,,,,,,0,1
qwen32B-int4_retail_50runs,baseline,Qwen3-Embedding-0.6B,f6042648-7062-4996-9458-993068fabfde,6,56,agent,0.43511340022087097,0.16666666666666666,0.0,,,,0,1
qwen32B-int4_retail_50runs,baseline,Qwen3-Embedding-0.6B,f6042648-7062-4996-9458-993068fabfde,7,56,user,,,,,,0.292696475982666,0,1
qwen32B-int4_retail_50runs,baseline,Qwen3-Embedding-0.6B,f6042648-7062-4996-9458-993068fabfde,8,56,agent,0.6987507939338684,0.3684210526315789,0.0,0.488703191280365,-0.09207303609166828,,0,1
qwen32B-int4_retail_50runs,baseline,Qwen3-Embedding-0.6B,f6042648-7062-4996-9458-993068fabfde,9,56,tool,,,,,,,0,1
qwen32B-int4_retail_50runs,baseline,Qwen3-Embedding-0.6B,f6042648-7062-4996-9458-993068fabfde,10,56,agent,0.6412957906723022,0.21794871794871795,0.0,,,,0,1
qwen32B-int4_retail_50runs,baseline,Qwen3-Embedding-0.6B,f6042648-7062-4996-9458-993068fabfde,11,56,user,,,,,,0.10463196039199829,0,1
qwen32B-int4_retail_50runs,baseline,Qwen3-Embedding-0.6B,f6042648-7062-4996-9458-993068fabfde,12,56,agent,0.6325929760932922,0.4666666666666667,0.0,0.5169474184513092,-0.029437354632786294,,0,1
qwen32B-int4_retail_50runs,baseline,Qwen3-Embedding-0.6B,f6042648-7062-4996-9458-993068fabfde,13,56,tool,,,,,,,0,1
qwen32B-int4_retail_50runs,baseline,Qwen3-Embedding-0.6B,f6042648-7062-4996-9458-993068fabfde,14,56,agent,0.9865490794181824,0.6923076923076923,0.0,0.5449836254119873,0.00021475553512573242,,0,1
qwen32B-int4_retail_50runs,baseline,Qwen3-Embedding-0.6B,f6042648-7062-4996-9458-993068fabfde,15,56,tool,,,,,,,0,1
qwen32B-int4_retail_50runs,baseline,Qwen3-Embedding-0.6B,f6042648-7062-4996-9458-993068fabfde,16,56,agent,0.9920659065246582,0.6923076923076923,0.0,0.5249167382717133,-0.015041336417198181,,0,1
qwen32B-int4_retail_50runs,baseline,Qwen3-Embedding-0.6B,f6042648-7062-4996-9458-993068fabfde,17,56,tool,,,,,,,0,1
qwen32B-int4_retail_50runs,baseline,Qwen3-Embedding-0.6B,f6042648-7062-4996-9458-993068fabfde,18,56,agent,0.3412933647632599,0.009708737864077669,0.0,,,,0,1
qwen32B-int4_retail_50runs,baseline,Qwen3-Embedding-0.6B,f6042648-7062-4996-9458-993068fabfde,19,56,user,,,,,,0.2545710802078247,0,1
qwen32B-int4_retail_50runs,baseline,Qwen3-Embedding-0.6B,f6042648-7062-4996-9458-993068fabfde,20,56,agent,0.6375059485435486,0.4444444444444444,0.0,0.43091922998428345,-0.11453315402780262,,0,1
qwen32B-int4_retail_50runs,baseline,Qwen3-Embedding-0.6B,f6042648-7062-4996-9458-993068fabfde,21,56,tool,,,,,,,0,1
qwen32B-int4_retail_50runs,baseline,Qwen3-Embedding-0.6B,f6042648-7062-4996-9458-993068fabfde,22,56,agent,0.9991987347602844,0.7647058823529411,0.0,0.45037537813186646,-0.09441033431461876,,0,1
qwen32B-int4_retail_50runs,baseline,Qwen3-Embedding-0.6B,f6042648-7062-4996-9458-993068fabfde,23,56,tool,,,,,,,0,1
qwen32B-int4_retail_50runs,baseline,Qwen3-Embedding-0.6B,f6042648-7062-4996-9458-993068fabfde,24,56,agent,0.5407463908195496,0.08955223880597014,0.0,,,,0,1
qwen32B-int4_retail_50runs,baseline,Qwen3-Embedding-0.6B,f6042648-7062-4996-9458-993068fabfde,25,56,user,,,,,,0.2772725224494934,0,1
qwen32B-int4_retail_50runs,baseline,Qwen3-Embedding-0.6B,f6042648-7062-4996-9458-993068fabfde,26,56,agent,0.6344226002693176,0.36363636363636365,0.0,0.5092841386795044,0.02461046193327221,,0,1
qwen32B-int4_retail_50runs,baseline,Qwen3-Embedding-0.6B,f6042648-7062-4996-9458-993068fabfde,27,56,tool,,,,,,,0,1
qwen32B-int4_retail_50runs,baseline,Qwen3-Embedding-0.6B,f6042648-7062-4996-9458-993068fabfde,28,56,agent,0.6776008009910583,0.27906976744186046,0.0,,,,0,1
qwen32B-int4_retail_50runs,baseline,Qwen3-Embedding-0.6B,f6042648-7062-4996-9458-993068fabfde,29,56,user,,,,,,0.0798872709274292,0,1
qwen32B-int4_retail_50runs,baseline,Qwen3-Embedding-0.6B,f6042648-7062-4996-9458-993068fabfde,30,56,agent,0.667898952960968,0.5294117647058824,0.0,0.5263820290565491,-0.015349552035331726,,0,1
qwen32B-int4_retail_50runs,baseline,Qwen3-Embedding-0.6B,f6042648-7062-4996-9458-993068fabfde,31,56,tool,,,,,,,0,1
qwen32B-int4_retail_50runs,baseline,Qwen3-Embedding-0.6B,f6042648-7062-4996-9458-993068fabfde,32,56,agent,0.8043069243431091,0.38271604938271603,0.0,,,,0,1
qwen32B-int4_retail_50runs,baseline,Qwen3-Embedding-0.6B,f6042648-7062-4996-9458-993068fabfde,33,56,user,,,,,,0.2127506136894226,0,1
qwen32B-int4_retail_50runs,baseline,Qwen3-Embedding-0.6B,f6042648-7062-4996-9458-993068fabfde,34,56,agent,0.9910865426063538,0.6923076923076923,0.0,0.5299032628536224,-0.009464249014854431,,0,1
qwen32B-int4_retail_50runs,baseline,Qwen3-Embedding-0.6B,f6042648-7062-4996-9458-993068fabfde,35,56,tool,,,,,,,0,1
qwen32B-int4_retail_50runs,baseline,Qwen3-Embedding-0.6B,f6042648-7062-4996-9458-993068fabfde,36,56,agent,0.6813377141952515,0.2823529411764706,0.0,,,,0,1
qwen32B-int4_retail_50runs,baseline,Qwen3-Embedding-0.6B,f6042648-7062-4996-9458-993068fabfde,37,56,user,,,,,,0.3445751667022705,0,1
qwen32B-int4_retail_50runs,baseline,Qwen3-Embedding-0.6B,f6042648-7062-4996-9458-993068fabfde,38,56,agent,0.6378487348556519,0.4666666666666667,0.0,0.48544198274612427,-0.09574254921504433,,0,1
qwen32B-int4_retail_50runs,baseline,Qwen3-Embedding-0.6B,f6042648-7062-4996-9458-993068fabfde,39,56,tool,,,,,,,0,1
qwen32B-int4_retail_50runs,baseline,Qwen3-Embedding-0.6B,f6042648-7062-4996-9458-993068fabfde,40,56,agent,0.7840498089790344,0.2328767123287671,0.0,0.400176465511322,-0.1029798643929618,,0,1
qwen32B-int4_retail_50runs,baseline,Qwen3-Embedding-0.6B,f6042648-7062-4996-9458-993068fabfde,41,56,tool,,,,,,,0,1
qwen32B-int4_retail_50runs,baseline,Qwen3-Embedding-0.6B,f6042648-7062-4996-9458-993068fabfde,42,56,agent,0.8792316317558289,0.4423076923076923,0.0,0.4395529627799988,-0.008339379514966716,,0,1
qwen32B-int4_retail_50runs,baseline,Qwen3-Embedding-0.6B,f6042648-7062-4996-9458-993068fabfde,43,56,tool,,,,,,,0,1
qwen32B-int4_retail_50runs,baseline,Qwen3-Embedding-0.6B,f6042648-7062-4996-9458-993068fabfde,44,56,agent,0.6494026184082031,0.1702127659574468,0.0,,,,0,1
qwen32B-int4_retail_50runs,baseline,Qwen3-Embedding-0.6B,f6042648-7062-4996-9458-993068fabfde,45,56,user,,,,,,0.31872129440307617,0,1
qwen32B-int4_retail_50runs,baseline,Qwen3-Embedding-0.6B,f6042648-7062-4996-9458-993068fabfde,46,56,agent,0.6729980111122131,0.3333333333333333,0.0,0.4647902250289917,-0.03163736632892061,,0,1
qwen32B-int4_retail_50runs,baseline,Qwen3-Embedding-0.6B,f6042648-7062-4996-9458-993068fabfde,47,56,tool,,,,,,,0,1
qwen32B-int4_retail_50runs,baseline,Qwen3-Embedding-0.6B,f6042648-7062-4996-9458-993068fabfde,48,56,agent,0.8565057516098022,0.5730337078651685,0.0,,,,0,1
qwen32B-int4_retail_50runs,baseline,Qwen3-Embedding-0.6B,f6042648-7062-4996-9458-993068fabfde,49,56,user,,,,,,0.22209012508392334,0,1
qwen32B-int4_retail_50runs,baseline,Qwen3-Embedding-0.6B,f6042648-7062-4996-9458-993068fabfde,50,56,agent,0.8942949771881104,0.6597938144329897,0.0,,,,0,1
qwen32B-int4_retail_50runs,baseline,Qwen3-Embedding-0.6B,f6042648-7062-4996-9458-993068fabfde,51,56,user,,,,,,0.1224890947341919,0,1
qwen32B-int4_retail_50runs,baseline,Qwen3-Embedding-0.6B,f6042648-7062-4996-9458-993068fabfde,52,56,agent,0.8157544136047363,0.27710843373493976,0.0,0.5056198239326477,-0.03673270131860462,,0,1
qwen32B-int4_retail_50runs,baseline,Qwen3-Embedding-0.6B,f6042648-7062-4996-9458-993068fabfde,53,56,tool,,,,,,,0,1
qwen32B-int4_retail_50runs,baseline,Qwen3-Embedding-0.6B,f6042648-7062-4996-9458-993068fabfde,54,56,agent,0.7959423065185547,0.44537815126050423,0.0,,,,0,1
qwen32B-int4_retail_50runs,baseline,Qwen3-Embedding-0.6B,f6042648-7062-4996-9458-993068fabfde,55,56,user,,,,,,0.7279680371284485,0,1
qwen32B-int4_retail_50runs,baseline,Qwen3-Embedding-0.6B,076407e4-5fbd-4029-9a4b-dd9c71646250,0,30,agent,,,,,,,0,1
qwen32B-int4_retail_50runs,baseline,Qwen3-Embedding-0.6B,076407e4-5fbd-4029-9a4b-dd9c71646250,1,30,user,,,,,,0.5407670736312866,0,1
qwen32B-int4_retail_50runs,baseline,Qwen3-Embedding-0.6B,076407e4-5fbd-4029-9a4b-dd9c71646250,2,30,agent,0.4351932108402252,0.06,0.0,,,,0,1
qwen32B-int4_retail_50runs,baseline,Qwen3-Embedding-0.6B,076407e4-5fbd-4029-9a4b-dd9c71646250,3,30,user,,,,,,0.5695781111717224,0,1
qwen32B-int4_retail_50runs,baseline,Qwen3-Embedding-0.6B,076407e4-5fbd-4029-9a4b-dd9c71646250,4,30,agent,0.4176849126815796,0.03389830508474576,0.0,0.49600929021835327,-0.11061353484789527,,0,1
qwen32B-int4_retail_50runs,baseline,Qwen3-Embedding-0.6B,076407e4-5fbd-4029-9a4b-dd9c71646250,5,30,tool,,,,,,,0,1
qwen32B-int4_retail_50runs,baseline,Qwen3-Embedding-0.6B,076407e4-5fbd-4029-9a4b-dd9c71646250,6,30,agent,0.690898060798645,0.3684210526315789,0.0,0.514420747756958,-0.10555846492449439,,0,1
qwen32B-int4_retail_50runs,baseline,Qwen3-Embedding-0.6B,076407e4-5fbd-4029-9a4b-dd9c71646250,7,30,tool,,,,,,,0,1
qwen32B-int4_retail_50runs,baseline,Qwen3-Embedding-0.6B,076407e4-5fbd-4029-9a4b-dd9c71646250,8,30,agent,0.41493701934814453,0.013888888888888888,0.0,,,,0,1
qwen32B-int4_retail_50runs,baseline,Qwen3-Embedding-0.6B,076407e4-5fbd-4029-9a4b-dd9c71646250,9,30,user,,,,,,0.361583411693573,0,1
qwen32B-int4_retail_50runs,baseline,Qwen3-Embedding-0.6B,076407e4-5fbd-4029-9a4b-dd9c71646250,10,30,agent,0.6214480996131897,0.4666666666666667,0.0,0.5269238650798798,-0.014762123425801632,,0,1
qwen32B-int4_retail_50runs,baseline,Qwen3-Embedding-0.6B,076407e4-5fbd-4029-9a4b-dd9c71646250,11,30,tool,,,,,,,0,1
qwen32B-int4_retail_50runs,baseline,Qwen3-Embedding-0.6B,076407e4-5fbd-4029-9a4b-dd9c71646250,12,30,agent,0.8231329917907715,0.3469387755102041,0.0,0.5677671134471893,0.03464420636494958,,0,1
qwen32B-int4_retail_50runs,baseline,Qwen3-Embedding-0.6B,076407e4-5fbd-4029-9a4b-dd9c71646250,13,30,tool,,,,,,,0,1
qwen32B-int4_retail_50runs,baseline,Qwen3-Embedding-0.6B,076407e4-5fbd-4029-9a4b-dd9c71646250,14,30,agent,0.7630218267440796,0.4666666666666667,0.0,0.4934658408164978,-0.026025255521138546,,0,1
qwen32B-int4_retail_50runs,baseline,Qwen3-Embedding-0.6B,076407e4-5fbd-4029-9a4b-dd9c71646250,15,30,tool,,,,,,,0,1
qwen32B-int4_retail_50runs,baseline,Qwen3-Embedding-0.6B,076407e4-5fbd-4029-9a4b-dd9c71646250,16,30,agent,0.8578780889511108,0.3728813559322034,0.0,,,,0,1
qwen32B-int4_retail_50runs,baseline,Qwen3-Embedding-0.6B,076407e4-5fbd-4029-9a4b-dd9c71646250,17,30,user,,,,,,0.2726048231124878,0,1
qwen32B-int4_retail_50runs,baseline,Qwen3-Embedding-0.6B,076407e4-5fbd-4029-9a4b-dd9c71646250,18,30,agent,0.793494701385498,0.2882882882882883,0.0,0.3647535443305969,-0.2358645896116892,,0,1
qwen32B-int4_retail_50runs,baseline,Qwen3-Embedding-0.6B,076407e4-5fbd-4029-9a4b-dd9c71646250,19,30,tool,,,,,,,0,1
qwen32B-int4_retail_50runs,baseline,Qwen3-Embedding-0.6B,076407e4-5fbd-4029-9a4b-dd9c71646250,20,30,agent,0.9331744909286499,0.6338028169014085,0.0,0.4567127227783203,-0.08710115154584253,,0,1
qwen32B-int4_retail_50runs,baseline,Qwen3-Embedding-0.6B,076407e4-5fbd-4029-9a4b-dd9c71646250,21,30,tool,,,,,,,0,1
qwen32B-int4_retail_50runs,baseline,Qwen3-Embedding-0.6B,076407e4-5fbd-4029-9a4b-dd9c71646250,22,30,agent,0.8785824179649353,0.28431372549019607,0.0,,,,0,1
qwen32B-int4_retail_50runs,baseline,Qwen3-Embedding-0.6B,076407e4-5fbd-4029-9a4b-dd9c71646250,23,30,user,,,,,,0.3154529929161072,0,1
qwen32B-int4_retail_50runs,baseline,Qwen3-Embedding-0.6B,076407e4-5fbd-4029-9a4b-dd9c71646250,24,30,agent,0.9217156767845154,0.5543478260869565,0.0,,,,0,1
qwen32B-int4_retail_50runs,baseline,Qwen3-Embedding-0.6B,076407e4-5fbd-4029-9a4b-dd9c71646250,25,30,user,,,,,,0.3718237280845642,0,1
qwen32B-int4_retail_50runs,baseline,Qwen3-Embedding-0.6B,076407e4-5fbd-4029-9a4b-dd9c71646250,26,30,agent,0.9026310443878174,0.4166666666666667,0.0,,,,0,1
qwen32B-int4_retail_50runs,baseline,Qwen3-Embedding-0.6B,076407e4-5fbd-4029-9a4b-dd9c71646250,27,30,user,,,,,,0.31413960456848145,0,1
qwen32B-int4_retail_50runs,baseline,Qwen3-Embedding-0.6B,076407e4-5fbd-4029-9a4b-dd9c71646250,28,30,agent,0.7113694548606873,0.29333333333333333,0.0,,,,0,1
qwen32B-int4_retail_50runs,baseline,Qwen3-Embedding-0.6B,076407e4-5fbd-4029-9a4b-dd9c71646250,29,30,user,,,,,,0.5697616040706635,0,1
qwen32B-int4_retail_50runs,baseline,Qwen3-Embedding-0.6B,a35e1c2a-af9e-4f7d-9cea-2f976dbe9005,0,20,agent,,,,,,,0,1
qwen32B-int4_retail_50runs,baseline,Qwen3-Embedding-0.6B,a35e1c2a-af9e-4f7d-9cea-2f976dbe9005,1,20,user,,,,,,0.41940128803253174,0,1
qwen32B-int4_retail_50runs,baseline,Qwen3-Embedding-0.6B,a35e1c2a-af9e-4f7d-9cea-2f976dbe9005,2,20,agent,0.5396894812583923,0.12903225806451613,0.0,,,,0,1
qwen32B-int4_retail_50runs,baseline,Qwen3-Embedding-0.6B,a35e1c2a-af9e-4f7d-9cea-2f976dbe9005,3,20,user,,,,,,0.3364627957344055,0,1
qwen32B-int4_retail_50runs,baseline,Qwen3-Embedding-0.6B,a35e1c2a-af9e-4f7d-9cea-2f976dbe9005,4,20,agent,0.7337436079978943,0.3829787234042553,0.3829787234042553,,,,0,1
qwen32B-int4_retail_50runs,baseline,Qwen3-Embedding-0.6B,a35e1c2a-af9e-4f7d-9cea-2f976dbe9005,5,20,user,,,,,,0.40300023555755615,0,1
qwen32B-int4_retail_50runs,baseline,Qwen3-Embedding-0.6B,a35e1c2a-af9e-4f7d-9cea-2f976dbe9005,6,20,agent,0.7243878841400146,0.04878048780487805,0.0,0.5718425512313843,0.07299657166004181,,0,1
qwen32B-int4_retail_50runs,baseline,Qwen3-Embedding-0.6B,a35e1c2a-af9e-4f7d-9cea-2f976dbe9005,7,20,tool,,,,,,,0,1
qwen32B-int4_retail_50runs,baseline,Qwen3-Embedding-0.6B,a35e1c2a-af9e-4f7d-9cea-2f976dbe9005,8,20,agent,0.5963289141654968,0.14492753623188406,0.0,,,,0,1
qwen32B-int4_retail_50runs,baseline,Qwen3-Embedding-0.6B,a35e1c2a-af9e-4f7d-9cea-2f976dbe9005,9,20,user,,,,,,0.48449450731277466,0,1
qwen32B-int4_retail_50runs,baseline,Qwen3-Embedding-0.6B,a35e1c2a-af9e-4f7d-9cea-2f976dbe9005,10,20,agent,0.7414110898971558,0.25806451612903225,0.0,0.44940418004989624,-0.05697183310985565,,0,1
qwen32B-int4_retail_50runs,baseline,Qwen3-Embedding-0.6B,a35e1c2a-af9e-4f7d-9cea-2f976dbe9005,11,20,tool,,,,,,,0,1
qwen32B-int4_retail_50runs,baseline,Qwen3-Embedding-0.6B,a35e1c2a-af9e-4f7d-9cea-2f976dbe9005,12,20,agent,0.7290558218955994,0.23333333333333334,0.0,,,,0,1
qwen32B-int4_retail_50runs,baseline,Qwen3-Embedding-0.6B,a35e1c2a-af9e-4f7d-9cea-2f976dbe9005,13,20,user,,,,,,0.32060694694519043,0,1
qwen32B-int4_retail_50runs,baseline,Qwen3-Embedding-0.6B,a35e1c2a-af9e-4f7d-9cea-2f976dbe9005,14,20,agent,0.731637716293335,0.06521739130434782,0.0,,,,0,1
qwen32B-int4_retail_50runs,baseline,Qwen3-Embedding-0.6B,a35e1c2a-af9e-4f7d-9cea-2f976dbe9005,15,20,user,,,,,,0.22754287719726562,0,1
qwen32B-int4_retail_50runs,baseline,Qwen3-Embedding-0.6B,a35e1c2a-af9e-4f7d-9cea-2f976dbe9005,16,20,agent,0.7247995138168335,0.08888888888888889,0.0,0.3871716856956482,-0.14227862656116486,,0,1
qwen32B-int4_retail_50runs,baseline,Qwen3-Embedding-0.6B,a35e1c2a-af9e-4f7d-9cea-2f976dbe9005,17,20,tool,,,,,,,0,1
qwen32B-int4_retail_50runs,baseline,Qwen3-Embedding-0.6B,a35e1c2a-af9e-4f7d-9cea-2f976dbe9005,18,20,agent,0.7715132832527161,0.1794871794871795,0.0,,,,0,1
qwen32B-int4_retail_50runs,baseline,Qwen3-Embedding-0.6B,a35e1c2a-af9e-4f7d-9cea-2f976dbe9005,19,20,user,,,,,,0.562728077173233,0,1
qwen32B-int4_retail_50runs,baseline,Qwen3-Embedding-0.6B,bb408814-999f-4534-9c78-304d8e8f1049,0,40,agent,,,,,,,0,1
qwen32B-int4_retail_50runs,baseline,Qwen3-Embedding-0.6B,bb408814-999f-4534-9c78-304d8e8f1049,1,40,user,,,,,,0.369229793548584,0,1
qwen32B-int4_retail_50runs,baseline,Qwen3-Embedding-0.6B,bb408814-999f-4534-9c78-304d8e8f1049,2,40,agent,0.47866106033325195,0.13793103448275862,0.0,,,,0,1
qwen32B-int4_retail_50runs,baseline,Qwen3-Embedding-0.6B,bb408814-999f-4534-9c78-304d8e8f1049,3,40,user,,,,,,0.5339547097682953,0,1
qwen32B-int4_retail_50runs,baseline,Qwen3-Embedding-0.6B,bb408814-999f-4534-9c78-304d8e8f1049,4,40,agent,0.7951834201812744,0.07894736842105263,0.0,0.5716217756271362,0.0008592009544372559,,0,1
qwen32B-int4_retail_50runs,baseline,Qwen3-Embedding-0.6B,bb408814-999f-4534-9c78-304d8e8f1049,5,40,tool,,,,,,,0,1
qwen32B-int4_retail_50runs,baseline,Qwen3-Embedding-0.6B,bb408814-999f-4534-9c78-304d8e8f1049,6,40,agent,0.5273732542991638,0.22916666666666666,0.0,,,,0,1
qwen32B-int4_retail_50runs,baseline,Qwen3-Embedding-0.6B,bb408814-999f-4534-9c78-304d8e8f1049,7,40,user,,,,,,0.2641373872756958,0,1
qwen32B-int4_retail_50runs,baseline,Qwen3-Embedding-0.6B,bb408814-999f-4534-9c78-304d8e8f1049,8,40,agent,0.8858883380889893,0.24242424242424243,0.0,,,,0,1
qwen32B-int4_retail_50runs,baseline,Qwen3-Embedding-0.6B,bb408814-999f-4534-9c78-304d8e8f1049,9,40,user,,,,,,0.12076210975646973,0,1
qwen32B-int4_retail_50runs,baseline,Qwen3-Embedding-0.6B,bb408814-999f-4534-9c78-304d8e8f1049,10,40,agent,0.4942627251148224,0.023255813953488372,0.0,0.45780330896377563,-0.12046360543795998,,0,1
qwen32B-int4_retail_50runs,baseline,Qwen3-Embedding-0.6B,bb408814-999f-4534-9c78-304d8e8f1049,11,40,tool,,,,,,,0,1
qwen32B-int4_retail_50runs,baseline,Qwen3-Embedding-0.6B,bb408814-999f-4534-9c78-304d8e8f1049,12,40,agent,0.8455246090888977,0.3230769230769231,0.0,,,,0,1
qwen32B-int4_retail_50runs,baseline,Qwen3-Embedding-0.6B,bb408814-999f-4534-9c78-304d8e8f1049,13,40,user,,,,,,0.25694072246551514,0,1
qwen32B-int4_retail_50runs,baseline,Qwen3-Embedding-0.6B,bb408814-999f-4534-9c78-304d8e8f1049,14,40,agent,0.5988740921020508,0.4666666666666667,0.0,0.5280156433582306,-0.006638948406491929,,0,1
qwen32B-int4_retail_50runs,baseline,Qwen3-Embedding-0.6B,bb408814-999f-4534-9c78-304d8e8f1049,15,40,tool,,,,,,,0,1
qwen32B-int4_retail_50runs,baseline,Qwen3-Embedding-0.6B,bb408814-999f-4534-9c78-304d8e8f1049,16,40,agent,0.9846137762069702,0.6923076923076923,0.0,0.5059171915054321,-0.041271707841328165,,0,1
qwen32B-int4_retail_50runs,baseline,Qwen3-Embedding-0.6B,bb408814-999f-4534-9c78-304d8e8f1049,17,40,tool,,,,,,,0,1
qwen32B-int4_retail_50runs,baseline,Qwen3-Embedding-0.6B,bb408814-999f-4534-9c78-304d8e8f1049,18,40,agent,0.9917943477630615,0.6923076923076923,0.0,0.5355613529682159,-0.010776481458118936,,0,1
qwen32B-int4_retail_50runs,baseline,Qwen3-Embedding-0.6B,bb408814-999f-4534-9c78-304d8e8f1049,19,40,tool,,,,,,,0,1
qwen32B-int4_retail_50runs,baseline,Qwen3-Embedding-0.6B,bb408814-999f-4534-9c78-304d8e8f1049,20,40,agent,0.39461445808410645,0.02857142857142857,0.0,,,,0,1
qwen32B-int4_retail_50runs,baseline,Qwen3-Embedding-0.6B,bb408814-999f-4534-9c78-304d8e8f1049,21,40,user,,,,,,0.4129561185836792,0,1
qwen32B-int4_retail_50runs,baseline,Qwen3-Embedding-0.6B,bb408814-999f-4534-9c78-304d8e8f1049,22,40,agent,0.6337807774543762,0.36363636363636365,0.0,0.372284471988678,-0.10279065796307157,,0,1
qwen32B-int4_retail_50runs,baseline,Qwen3-Embedding-0.6B,bb408814-999f-4534-9c78-304d8e8f1049,23,40,tool,,,,,,,0,1
qwen32B-int4_retail_50runs,baseline,Qwen3-Embedding-0.6B,bb408814-999f-4534-9c78-304d8e8f1049,24,40,agent,0.5967737436294556,0.1797752808988764,0.0,,,,0,1
qwen32B-int4_retail_50runs,baseline,Qwen3-Embedding-0.6B,bb408814-999f-4534-9c78-304d8e8f1049,25,40,user,,,,,,0.3364498019218445,0,1
qwen32B-int4_retail_50runs,baseline,Qwen3-Embedding-0.6B,bb408814-999f-4534-9c78-304d8e8f1049,26,40,agent,0.7672206163406372,0.16883116883116883,0.0,,,,0,1
qwen32B-int4_retail_50runs,baseline,Qwen3-Embedding-0.6B,bb408814-999f-4534-9c78-304d8e8f1049,27,40,user,,,,,,0.3500116467475891,0,1
qwen32B-int4_retail_50runs,baseline,Qwen3-Embedding-0.6B,bb408814-999f-4534-9c78-304d8e8f1049,28,40,agent,0.5456281304359436,0.017857142857142856,0.0,0.5282400548458099,-0.0064324992043631735,,0,1
qwen32B-int4_retail_50runs,baseline,Qwen3-Embedding-0.6B,bb408814-999f-4534-9c78-304d8e8f1049,29,40,tool,,,,,,,0,1
qwen32B-int4_retail_50runs,baseline,Qwen3-Embedding-0.6B,bb408814-999f-4534-9c78-304d8e8f1049,30,40,agent,0.9889742732048035,0.6923076923076923,0.0,0.5306645929813385,-0.010060608386993408,,0,1
qwen32B-int4_retail_50runs,baseline,Qwen3-Embedding-0.6B,bb408814-999f-4534-9c78-304d8e8f1049,31,40,tool,,,,,,,0,1
qwen32B-int4_retail_50runs,baseline,Qwen3-Embedding-0.6B,bb408814-999f-4534-9c78-304d8e8f1049,32,40,agent,0.40015876293182373,0.02702702702702703,0.0,,,,0,1
qwen32B-int4_retail_50runs,baseline,Qwen3-Embedding-0.6B,bb408814-999f-4534-9c78-304d8e8f1049,33,40,user,,,,,,0.3315742015838623,0,1
qwen32B-int4_retail_50runs,baseline,Qwen3-Embedding-0.6B,bb408814-999f-4534-9c78-304d8e8f1049,34,40,agent,0.7866722345352173,0.4444444444444444,0.0,,,,0,1
qwen32B-int4_retail_50runs,baseline,Qwen3-Embedding-0.6B,bb408814-999f-4534-9c78-304d8e8f1049,35,40,user,,,,,,0.4593222141265869,0,1
qwen32B-int4_retail_50runs,baseline,Qwen3-Embedding-0.6B,bb408814-999f-4534-9c78-304d8e8f1049,36,40,agent,0.671979546546936,0.2047244094488189,0.0,,,,0,1
qwen32B-int4_retail_50runs,baseline,Qwen3-Embedding-0.6B,bb408814-999f-4534-9c78-304d8e8f1049,37,40,user,,,,,,0.3893471360206604,0,1
qwen32B-int4_retail_50runs,baseline,Qwen3-Embedding-0.6B,bb408814-999f-4534-9c78-304d8e8f1049,38,40,agent,0.7871485948562622,0.345679012345679,0.0,,,,0,1
qwen32B-int4_retail_50runs,baseline,Qwen3-Embedding-0.6B,bb408814-999f-4534-9c78-304d8e8f1049,39,40,user,,,,,,0.42592430114746094,0,1
qwen32B-int4_retail_50runs,baseline,Qwen3-Embedding-0.6B,1d3ebe52-ccdb-48fc-a699-921cf6ffb6c4,0,56,agent,,,,,,,0,1
qwen32B-int4_retail_50runs,baseline,Qwen3-Embedding-0.6B,1d3ebe52-ccdb-48fc-a699-921cf6ffb6c4,1,56,user,,,,,,0.5667646825313568,0,1
qwen32B-int4_retail_50runs,baseline,Qwen3-Embedding-0.6B,1d3ebe52-ccdb-48fc-a699-921cf6ffb6c4,2,56,agent,0.38846659660339355,0.07142857142857142,0.0,,,,0,1
qwen32B-int4_retail_50runs,baseline,Qwen3-Embedding-0.6B,1d3ebe52-ccdb-48fc-a699-921cf6ffb6c4,3,56,user,,,,,,0.46084582805633545,0,1
qwen32B-int4_retail_50runs,baseline,Qwen3-Embedding-0.6B,1d3ebe52-ccdb-48fc-a699-921cf6ffb6c4,4,56,agent,0.45842239260673523,0.24468085106382978,0.0,,,,0,1
qwen32B-int4_retail_50runs,baseline,Qwen3-Embedding-0.6B,1d3ebe52-ccdb-48fc-a699-921cf6ffb6c4,5,56,user,,,,,,0.37521791458129883,0,1
qwen32B-int4_retail_50runs,baseline,Qwen3-Embedding-0.6B,1d3ebe52-ccdb-48fc-a699-921cf6ffb6c4,6,56,agent,0.5727992653846741,0.0392156862745098,0.0,0.5680961012840271,-0.0395699820735238,,0,1
qwen32B-int4_retail_50runs,baseline,Qwen3-Embedding-0.6B,1d3ebe52-ccdb-48fc-a699-921cf6ffb6c4,7,56,tool,,,,,,,0,1
qwen32B-int4_retail_50runs,baseline,Qwen3-Embedding-0.6B,1d3ebe52-ccdb-48fc-a699-921cf6ffb6c4,8,56,agent,0.5030550360679626,0.125,0.0,,,,0,1
qwen32B-int4_retail_50runs,baseline,Qwen3-Embedding-0.6B,1d3ebe52-ccdb-48fc-a699-921cf6ffb6c4,9,56,user,,,,,,0.18613290786743164,0,1
qwen32B-int4_retail_50runs,baseline,Qwen3-Embedding-0.6B,1d3ebe52-ccdb-48fc-a699-921cf6ffb6c4,10,56,agent,0.575263261795044,0.3684210526315789,0.0,0.40203237533569336,-0.14474041082642297,,0,1
qwen32B-int4_retail_50runs,baseline,Qwen3-Embedding-0.6B,1d3ebe52-ccdb-48fc-a699-921cf6ffb6c4,11,56,tool,,,,,,,0,1
qwen32B-int4_retail_50runs,baseline,Qwen3-Embedding-0.6B,1d3ebe52-ccdb-48fc-a699-921cf6ffb6c4,12,56,agent,0.5865525603294373,0.12857142857142856,0.0,,,,0,1
qwen32B-int4_retail_50runs,baseline,Qwen3-Embedding-0.6B,1d3ebe52-ccdb-48fc-a699-921cf6ffb6c4,13,56,user,,,,,,0.38215821981430054,0,1
qwen32B-int4_retail_50runs,baseline,Qwen3-Embedding-0.6B,1d3ebe52-ccdb-48fc-a699-921cf6ffb6c4,14,56,agent,0.9997376799583435,0.8333333333333334,0.8333333333333334,0.4019933342933655,-0.146999025886709,,0,1
qwen32B-int4_retail_50runs,baseline,Qwen3-Embedding-0.6B,1d3ebe52-ccdb-48fc-a699-921cf6ffb6c4,15,56,tool,,,,,,,0,1
qwen32B-int4_retail_50runs,baseline,Qwen3-Embedding-0.6B,1d3ebe52-ccdb-48fc-a699-921cf6ffb6c4,16,56,agent,0.9720028042793274,0.673469387755102,0.0,,,,0,1
qwen32B-int4_retail_50runs,baseline,Qwen3-Embedding-0.6B,1d3ebe52-ccdb-48fc-a699-921cf6ffb6c4,17,56,user,,,,,,0.3597618341445923,0,1
qwen32B-int4_retail_50runs,baseline,Qwen3-Embedding-0.6B,1d3ebe52-ccdb-48fc-a699-921cf6ffb6c4,18,56,agent,0.9995889663696289,0.8333333333333334,0.8333333333333334,0.4070233106613159,-0.14631777188994666,,0,1
qwen32B-int4_retail_50runs,baseline,Qwen3-Embedding-0.6B,1d3ebe52-ccdb-48fc-a699-921cf6ffb6c4,19,56,tool,,,,,,,0,1
qwen32B-int4_retail_50runs,baseline,Qwen3-Embedding-0.6B,1d3ebe52-ccdb-48fc-a699-921cf6ffb6c4,20,56,agent,0.9746736884117126,0.6666666666666666,0.0,,,,0,1
qwen32B-int4_retail_50runs,baseline,Qwen3-Embedding-0.6B,1d3ebe52-ccdb-48fc-a699-921cf6ffb6c4,21,56,user,,,,,,0.5249752402305603,0,1
qwen32B-int4_retail_50runs,baseline,Qwen3-Embedding-0.6B,1d3ebe52-ccdb-48fc-a699-921cf6ffb6c4,22,56,agent,0.58599853515625,0.4666666666666667,0.0,0.45925235748291016,-0.1467535251920874,,0,1
qwen32B-int4_retail_50runs,baseline,Qwen3-Embedding-0.6B,1d3ebe52-ccdb-48fc-a699-921cf6ffb6c4,23,56,tool,,,,,,,0,1
qwen32B-int4_retail_50runs,baseline,Qwen3-Embedding-0.6B,1d3ebe52-ccdb-48fc-a699-921cf6ffb6c4,24,56,agent,0.6040958762168884,0.15730337078651685,0.0,,,,0,1
qwen32B-int4_retail_50runs,baseline,Qwen3-Embedding-0.6B,1d3ebe52-ccdb-48fc-a699-921cf6ffb6c4,25,56,user,,,,,,0.2596404552459717,0,1
qwen32B-int4_retail_50runs,baseline,Qwen3-Embedding-0.6B,1d3ebe52-ccdb-48fc-a699-921cf6ffb6c4,26,56,agent,0.5904844999313354,0.4666666666666667,0.0,0.530283659696579,0.012370326302268309,,0,1
qwen32B-int4_retail_50runs,baseline,Qwen3-Embedding-0.6B,1d3ebe52-ccdb-48fc-a699-921cf6ffb6c4,27,56,tool,,,,,,,0,1
qwen32B-int4_retail_50runs,baseline,Qwen3-Embedding-0.6B,1d3ebe52-ccdb-48fc-a699-921cf6ffb6c4,28,56,agent,0.5499918460845947,0.12173913043478261,0.0,,,,0,1
qwen32B-int4_retail_50runs,baseline,Qwen3-Embedding-0.6B,1d3ebe52-ccdb-48fc-a699-921cf6ffb6c4,29,56,user,,,,,,0.30140411853790283,0,1
qwen32B-int4_retail_50runs,baseline,Qwen3-Embedding-0.6B,1d3ebe52-ccdb-48fc-a699-921cf6ffb6c4,30,56,agent,0.9857949614524841,0.6923076923076923,0.0,0.5083902776241302,-0.022728757424788082,,0,1
qwen32B-int4_retail_50runs,baseline,Qwen3-Embedding-0.6B,1d3ebe52-ccdb-48fc-a699-921cf6ffb6c4,31,56,tool,,,,,,,0,1
qwen32B-int4_retail_50runs,baseline,Qwen3-Embedding-0.6B,1d3ebe52-ccdb-48fc-a699-921cf6ffb6c4,32,56,agent,0.6670598387718201,0.20422535211267606,0.0,,,,0,1
qwen32B-int4_retail_50runs,baseline,Qwen3-Embedding-0.6B,1d3ebe52-ccdb-48fc-a699-921cf6ffb6c4,33,56,user,,,,,,0.34302079677581787,0,1
qwen32B-int4_retail_50runs,baseline,Qwen3-Embedding-0.6B,1d3ebe52-ccdb-48fc-a699-921cf6ffb6c4,34,56,agent,0.7358556389808655,0.4666666666666667,0.0,0.4627299904823303,-0.03608180717988446,,0,1
qwen32B-int4_retail_50runs,baseline,Qwen3-Embedding-0.6B,1d3ebe52-ccdb-48fc-a699-921cf6ffb6c4,35,56,tool,,,,,,,0,1
qwen32B-int4_retail_50runs,baseline,Qwen3-Embedding-0.6B,1d3ebe52-ccdb-48fc-a699-921cf6ffb6c4,36,56,agent,0.7295837998390198,0.3142857142857143,0.0,,,,0,1
qwen32B-int4_retail_50runs,baseline,Qwen3-Embedding-0.6B,1d3ebe52-ccdb-48fc-a699-921cf6ffb6c4,37,56,user,,,,,,0.262523889541626,0,1
qwen32B-int4_retail_50runs,baseline,Qwen3-Embedding-0.6B,1d3ebe52-ccdb-48fc-a699-921cf6ffb6c4,38,56,agent,0.9773916602134705,0.6923076923076923,0.0,0.4926972985267639,-0.022917845032431883,,0,1
qwen32B-int4_retail_50runs,baseline,Qwen3-Embedding-0.6B,1d3ebe52-ccdb-48fc-a699-921cf6ffb6c4,39,56,tool,,,,,,,0,1
qwen32B-int4_retail_50runs,baseline,Qwen3-Embedding-0.6B,1d3ebe52-ccdb-48fc-a699-921cf6ffb6c4,40,56,agent,0.7689599394798279,0.5588235294117647,0.0,,,,0,1
qwen32B-int4_retail_50runs,baseline,Qwen3-Embedding-0.6B,1d3ebe52-ccdb-48fc-a699-921cf6ffb6c4,41,56,user,,,,,,0.30079442262649536,0,1
qwen32B-int4_retail_50runs,baseline,Qwen3-Embedding-0.6B,1d3ebe52-ccdb-48fc-a699-921cf6ffb6c4,42,56,agent,0.9846134185791016,0.6923076923076923,0.0,0.4301450252532959,-0.08904775164344092,,0,1
qwen32B-int4_retail_50runs,baseline,Qwen3-Embedding-0.6B,1d3ebe52-ccdb-48fc-a699-921cf6ffb6c4,43,56,tool,,,,,,,0,1
qwen32B-int4_retail_50runs,baseline,Qwen3-Embedding-0.6B,1d3ebe52-ccdb-48fc-a699-921cf6ffb6c4,44,56,agent,0.7988613247871399,0.5652173913043478,0.0,,,,0,1
qwen32B-int4_retail_50runs,baseline,Qwen3-Embedding-0.6B,1d3ebe52-ccdb-48fc-a699-921cf6ffb6c4,45,56,user,,,,,,0.21848076581954956,0,1
qwen32B-int4_retail_50runs,baseline,Qwen3-Embedding-0.6B,1d3ebe52-ccdb-48fc-a699-921cf6ffb6c4,46,56,agent,0.981900155544281,0.6923076923076923,0.0,0.49167174100875854,-0.007242880084297854,,0,1
qwen32B-int4_retail_50runs,baseline,Qwen3-Embedding-0.6B,1d3ebe52-ccdb-48fc-a699-921cf6ffb6c4,47,56,tool,,,,,,,0,1
qwen32B-int4_retail_50runs,baseline,Qwen3-Embedding-0.6B,1d3ebe52-ccdb-48fc-a699-921cf6ffb6c4,48,56,agent,0.841387927532196,0.35384615384615387,0.0,,,,0,1
qwen32B-int4_retail_50runs,baseline,Qwen3-Embedding-0.6B,1d3ebe52-ccdb-48fc-a699-921cf6ffb6c4,49,56,user,,,,,,0.44240039587020874,0,1
qwen32B-int4_retail_50runs,baseline,Qwen3-Embedding-0.6B,1d3ebe52-ccdb-48fc-a699-921cf6ffb6c4,50,56,agent,0.8044296503067017,0.6986301369863014,0.0,,,,0,1
qwen32B-int4_retail_50runs,baseline,Qwen3-Embedding-0.6B,1d3ebe52-ccdb-48fc-a699-921cf6ffb6c4,51,56,user,,,,,,0.7526701539754868,0,1
qwen32B-int4_retail_50runs,baseline,Qwen3-Embedding-0.6B,1d3ebe52-ccdb-48fc-a699-921cf6ffb6c4,52,56,agent,0.5911456942558289,0.0,0.0,0.41772663593292236,-0.132689275524833,,0,1
qwen32B-int4_retail_50runs,baseline,Qwen3-Embedding-0.6B,1d3ebe52-ccdb-48fc-a699-921cf6ffb6c4,53,56,tool,,,,,,,0,1
qwen32B-int4_retail_50runs,baseline,Qwen3-Embedding-0.6B,1d3ebe52-ccdb-48fc-a699-921cf6ffb6c4,54,56,agent,0.8216942548751831,0.618421052631579,0.0,,,,0,1
qwen32B-int4_retail_50runs,baseline,Qwen3-Embedding-0.6B,1d3ebe52-ccdb-48fc-a699-921cf6ffb6c4,55,56,user,,,,,,0.6199997663497925,0,1
qwen32B-int4_retail_50runs,baseline,Qwen3-Embedding-0.6B,0a28198d-4f89-4ea4-b59f-a34451b17c62,0,20,agent,,,,,,,0,0
qwen32B-int4_retail_50runs,baseline,Qwen3-Embedding-0.6B,0a28198d-4f89-4ea4-b59f-a34451b17c62,1,20,user,,,,,,0.5454677939414978,0,0
qwen32B-int4_retail_50runs,baseline,Qwen3-Embedding-0.6B,0a28198d-4f89-4ea4-b59f-a34451b17c62,2,20,agent,0.3615744411945343,0.06451612903225806,0.0,,,,0,0
qwen32B-int4_retail_50runs,baseline,Qwen3-Embedding-0.6B,0a28198d-4f89-4ea4-b59f-a34451b17c62,3,20,user,,,,,,0.5561744868755341,0,0
qwen32B-int4_retail_50runs,baseline,Qwen3-Embedding-0.6B,0a28198d-4f89-4ea4-b59f-a34451b17c62,4,20,agent,0.5369729995727539,0.05128205128205128,0.0,0.468738317489624,-0.037212073802948,,0,0
qwen32B-int4_retail_50runs,baseline,Qwen3-Embedding-0.6B,0a28198d-4f89-4ea4-b59f-a34451b17c62,5,20,tool,,,,,,,0,0
qwen32B-int4_retail_50runs,baseline,Qwen3-Embedding-0.6B,0a28198d-4f89-4ea4-b59f-a34451b17c62,6,20,agent,0.7450700402259827,0.2,0.0,,,,0,0
qwen32B-int4_retail_50runs,baseline,Qwen3-Embedding-0.6B,0a28198d-4f89-4ea4-b59f-a34451b17c62,7,20,user,,,,,,0.4182010889053345,0,0
qwen32B-int4_retail_50runs,baseline,Qwen3-Embedding-0.6B,0a28198d-4f89-4ea4-b59f-a34451b17c62,8,20,agent,0.507818341255188,0.27450980392156865,0.0,0.5451012551784515,0.02203322947025299,,0,0
qwen32B-int4_retail_50runs,baseline,Qwen3-Embedding-0.6B,0a28198d-4f89-4ea4-b59f-a34451b17c62,9,20,tool,,,,,,,0,0
qwen32B-int4_retail_50runs,baseline,Qwen3-Embedding-0.6B,0a28198d-4f89-4ea4-b59f-a34451b17c62,10,20,agent,0.8924255967140198,0.3050847457627119,0.0,,,,0,0
qwen32B-int4_retail_50runs,baseline,Qwen3-Embedding-0.6B,0a28198d-4f89-4ea4-b59f-a34451b17c62,11,20,user,,,,,,0.1655295491218567,0,0
qwen32B-int4_retail_50runs,baseline,Qwen3-Embedding-0.6B,0a28198d-4f89-4ea4-b59f-a34451b17c62,12,20,agent,0.8879862427711487,0.22,0.0,0.4368724226951599,-0.15233682096004486,,0,0
qwen32B-int4_retail_50runs,baseline,Qwen3-Embedding-0.6B,0a28198d-4f89-4ea4-b59f-a34451b17c62,13,20,tool,,,,,,,0,0
qwen32B-int4_retail_50runs,baseline,Qwen3-Embedding-0.6B,0a28198d-4f89-4ea4-b59f-a34451b17c62,14,20,agent,0.7294764518737793,0.1643835616438356,0.0,,,,0,0
qwen32B-int4_retail_50runs,baseline,Qwen3-Embedding-0.6B,0a28198d-4f89-4ea4-b59f-a34451b17c62,15,20,user,,,,,,0.49305373430252075,0,0
qwen32B-int4_retail_50runs,baseline,Qwen3-Embedding-0.6B,0a28198d-4f89-4ea4-b59f-a34451b17c62,16,20,agent,0.7130659222602844,0.18181818181818182,0.0,,,,0,0
qwen32B-int4_retail_50runs,baseline,Qwen3-Embedding-0.6B,0a28198d-4f89-4ea4-b59f-a34451b17c62,17,20,user,,,,,,0.44307810068130493,0,0
qwen32B-int4_retail_50runs,baseline,Qwen3-Embedding-0.6B,0a28198d-4f89-4ea4-b59f-a34451b17c62,18,20,agent,0.592397153377533,0.2909090909090909,0.0,,,,0,0
qwen32B-int4_retail_50runs,baseline,Qwen3-Embedding-0.6B,0a28198d-4f89-4ea4-b59f-a34451b17c62,19,20,user,,,,,,0.36312776803970337,0,0
qwen32B-int4_retail_50runs,baseline,Qwen3-Embedding-0.6B,b2c47c53-76ea-4d56-bf76-e3c2925553ba,0,44,agent,,,,,,,0,1
qwen32B-int4_retail_50runs,baseline,Qwen3-Embedding-0.6B,b2c47c53-76ea-4d56-bf76-e3c2925553ba,1,44,user,,,,,,0.39336735010147095,0,1
qwen32B-int4_retail_50runs,baseline,Qwen3-Embedding-0.6B,b2c47c53-76ea-4d56-bf76-e3c2925553ba,2,44,agent,0.5614314675331116,0.08823529411764706,0.0,,,,0,1
qwen32B-int4_retail_50runs,baseline,Qwen3-Embedding-0.6B,b2c47c53-76ea-4d56-bf76-e3c2925553ba,3,44,user,,,,,,0.4224632978439331,0,1
qwen32B-int4_retail_50runs,baseline,Qwen3-Embedding-0.6B,b2c47c53-76ea-4d56-bf76-e3c2925553ba,4,44,agent,0.7001662254333496,0.046511627906976744,0.0,0.4728195071220398,-0.14712039448998193,,0,1
qwen32B-int4_retail_50runs,baseline,Qwen3-Embedding-0.6B,b2c47c53-76ea-4d56-bf76-e3c2925553ba,5,44,tool,,,,,,,0,1
qwen32B-int4_retail_50runs,baseline,Qwen3-Embedding-0.6B,b2c47c53-76ea-4d56-bf76-e3c2925553ba,6,44,agent,0.5255559682846069,0.22641509433962265,0.0,,,,0,1
qwen32B-int4_retail_50runs,baseline,Qwen3-Embedding-0.6B,b2c47c53-76ea-4d56-bf76-e3c2925553ba,7,44,user,,,,,,0.3684399724006653,0,1
qwen32B-int4_retail_50runs,baseline,Qwen3-Embedding-0.6B,b2c47c53-76ea-4d56-bf76-e3c2925553ba,8,44,agent,0.8141454458236694,0.2826086956521739,0.0,,,,0,1
qwen32B-int4_retail_50runs,baseline,Qwen3-Embedding-0.6B,b2c47c53-76ea-4d56-bf76-e3c2925553ba,9,44,user,,,,,,0.318318247795105,0,1
qwen32B-int4_retail_50runs,baseline,Qwen3-Embedding-0.6B,b2c47c53-76ea-4d56-bf76-e3c2925553ba,10,44,agent,0.5551022291183472,0.17857142857142858,0.0,0.5438131093978882,0.06913972171870147,,0,1
qwen32B-int4_retail_50runs,baseline,Qwen3-Embedding-0.6B,b2c47c53-76ea-4d56-bf76-e3c2925553ba,11,44,tool,,,,,,,0,1
qwen32B-int4_retail_50runs,baseline,Qwen3-Embedding-0.6B,b2c47c53-76ea-4d56-bf76-e3c2925553ba,12,44,agent,0.764841616153717,0.26,0.0,,,,0,1
qwen32B-int4_retail_50runs,baseline,Qwen3-Embedding-0.6B,b2c47c53-76ea-4d56-bf76-e3c2925553ba,13,44,user,,,,,,0.1481170654296875,0,1
qwen32B-int4_retail_50runs,baseline,Qwen3-Embedding-0.6B,b2c47c53-76ea-4d56-bf76-e3c2925553ba,14,44,agent,0.5446920394897461,0.02040816326530612,0.0,0.5031763911247253,-0.038487033410505855,,0,1
qwen32B-int4_retail_50runs,baseline,Qwen3-Embedding-0.6B,b2c47c53-76ea-4d56-bf76-e3c2925553ba,15,44,tool,,,,,,,0,1
qwen32B-int4_retail_50runs,baseline,Qwen3-Embedding-0.6B,b2c47c53-76ea-4d56-bf76-e3c2925553ba,16,44,agent,0.7535132765769958,0.2777777777777778,0.0,,,,0,1
qwen32B-int4_retail_50runs,baseline,Qwen3-Embedding-0.6B,b2c47c53-76ea-4d56-bf76-e3c2925553ba,17,44,user,,,,,,0.22340905666351318,0,1
qwen32B-int4_retail_50runs,baseline,Qwen3-Embedding-0.6B,b2c47c53-76ea-4d56-bf76-e3c2925553ba,18,44,agent,0.7274140119552612,0.20454545454545456,0.0,0.33478105068206787,-0.15266521410508588,,0,1
qwen32B-int4_retail_50runs,baseline,Qwen3-Embedding-0.6B,b2c47c53-76ea-4d56-bf76-e3c2925553ba,19,44,tool,,,,,,,0,1
qwen32B-int4_retail_50runs,baseline,Qwen3-Embedding-0.6B,b2c47c53-76ea-4d56-bf76-e3c2925553ba,20,44,agent,0.7286580204963684,0.3404255319148936,0.0,0.43433845043182373,-0.028756837953220704,,0,1
qwen32B-int4_retail_50runs,baseline,Qwen3-Embedding-0.6B,b2c47c53-76ea-4d56-bf76-e3c2925553ba,21,44,tool,,,,,,,0,1
qwen32B-int4_retail_50runs,baseline,Qwen3-Embedding-0.6B,b2c47c53-76ea-4d56-bf76-e3c2925553ba,22,44,agent,0.7416380643844604,0.5087719298245614,0.0,0.4593668580055237,-0.020678008144552062,,0,1
qwen32B-int4_retail_50runs,baseline,Qwen3-Embedding-0.6B,b2c47c53-76ea-4d56-bf76-e3c2925553ba,23,44,tool,,,,,,,0,1
qwen32B-int4_retail_50runs,baseline,Qwen3-Embedding-0.6B,b2c47c53-76ea-4d56-bf76-e3c2925553ba,24,44,agent,0.8863374590873718,0.4069767441860465,0.0,,,,0,1
qwen32B-int4_retail_50runs,baseline,Qwen3-Embedding-0.6B,b2c47c53-76ea-4d56-bf76-e3c2925553ba,25,44,user,,,,,,0.4999035596847534,0,1
qwen32B-int4_retail_50runs,baseline,Qwen3-Embedding-0.6B,b2c47c53-76ea-4d56-bf76-e3c2925553ba,26,44,agent,0.746289074420929,0.36046511627906974,0.0,0.4911150336265564,-0.04896676540374756,,0,1
qwen32B-int4_retail_50runs,baseline,Qwen3-Embedding-0.6B,b2c47c53-76ea-4d56-bf76-e3c2925553ba,27,44,tool,,,,,,,0,1
qwen32B-int4_retail_50runs,baseline,Qwen3-Embedding-0.6B,b2c47c53-76ea-4d56-bf76-e3c2925553ba,28,44,agent,0.7519078850746155,0.46,0.0,0.37966209650039673,-0.1468982344323938,,0,1
qwen32B-int4_retail_50runs,baseline,Qwen3-Embedding-0.6B,b2c47c53-76ea-4d56-bf76-e3c2925553ba,29,44,tool,,,,,,,0,1
qwen32B-int4_retail_50runs,baseline,Qwen3-Embedding-0.6B,b2c47c53-76ea-4d56-bf76-e3c2925553ba,30,44,agent,0.7638508677482605,0.6052631578947368,0.0,0.5354060232639313,-0.028036182576959834,,0,1
qwen32B-int4_retail_50runs,baseline,Qwen3-Embedding-0.6B,b2c47c53-76ea-4d56-bf76-e3c2925553ba,31,44,tool,,,,,,,0,1
qwen32B-int4_retail_50runs,baseline,Qwen3-Embedding-0.6B,b2c47c53-76ea-4d56-bf76-e3c2925553ba,32,44,agent,0.7943210601806641,0.29411764705882354,0.0,,,,0,1
qwen32B-int4_retail_50runs,baseline,Qwen3-Embedding-0.6B,b2c47c53-76ea-4d56-bf76-e3c2925553ba,33,44,user,,,,,,0.4812279939651489,0,1
qwen32B-int4_retail_50runs,baseline,Qwen3-Embedding-0.6B,b2c47c53-76ea-4d56-bf76-e3c2925553ba,34,44,agent,0.535707950592041,0.056338028169014086,0.0,0.4814721345901489,-0.01420581611720001,,0,1
qwen32B-int4_retail_50runs,baseline,Qwen3-Embedding-0.6B,b2c47c53-76ea-4d56-bf76-e3c2925553ba,35,44,tool,,,,,,,0,1
qwen32B-int4_retail_50runs,baseline,Qwen3-Embedding-0.6B,b2c47c53-76ea-4d56-bf76-e3c2925553ba,36,44,agent,0.771793007850647,0.21518987341772153,0.0,0.33832985162734985,-0.19321529431776563,,0,1
qwen32B-int4_retail_50runs,baseline,Qwen3-Embedding-0.6B,b2c47c53-76ea-4d56-bf76-e3c2925553ba,37,44,tool,,,,,,,0,1
qwen32B-int4_retail_50runs,baseline,Qwen3-Embedding-0.6B,b2c47c53-76ea-4d56-bf76-e3c2925553ba,38,44,agent,0.9150177240371704,0.825,0.0,0.4126742482185364,-0.11796479062600573,,0,1
qwen32B-int4_retail_50runs,baseline,Qwen3-Embedding-0.6B,b2c47c53-76ea-4d56-bf76-e3c2925553ba,39,44,tool,,,,,,,0,1
qwen32B-int4_retail_50runs,baseline,Qwen3-Embedding-0.6B,b2c47c53-76ea-4d56-bf76-e3c2925553ba,40,44,agent,0.8626917600631714,0.3709677419354839,0.0,,,,0,1
qwen32B-int4_retail_50runs,baseline,Qwen3-Embedding-0.6B,b2c47c53-76ea-4d56-bf76-e3c2925553ba,41,44,user,,,,,,0.518995851278305,0,1
qwen32B-int4_retail_50runs,baseline,Qwen3-Embedding-0.6B,b2c47c53-76ea-4d56-bf76-e3c2925553ba,42,44,agent,0.36936286091804504,0.09230769230769231,0.0,,,,0,1
qwen32B-int4_retail_50runs,baseline,Qwen3-Embedding-0.6B,b2c47c53-76ea-4d56-bf76-e3c2925553ba,43,44,user,,,,,,0.40891021490097046,0,1
qwen32B-int4_retail_50runs,baseline,Qwen3-Embedding-0.6B,b5ab9856-ea23-4637-815f-e46449ce54de,0,20,agent,,,,,,,0,0
qwen32B-int4_retail_50runs,baseline,Qwen3-Embedding-0.6B,b5ab9856-ea23-4637-815f-e46449ce54de,1,20,user,,,,,,0.6183377504348755,0,0
qwen32B-int4_retail_50runs,baseline,Qwen3-Embedding-0.6B,b5ab9856-ea23-4637-815f-e46449ce54de,2,20,agent,0.3620167374610901,0.08695652173913043,0.0,,,,0,0
qwen32B-int4_retail_50runs,baseline,Qwen3-Embedding-0.6B,b5ab9856-ea23-4637-815f-e46449ce54de,3,20,user,,,,,,0.425673246383667,0,0
qwen32B-int4_retail_50runs,baseline,Qwen3-Embedding-0.6B,b5ab9856-ea23-4637-815f-e46449ce54de,4,20,agent,0.6101082563400269,0.05454545454545454,0.0,0.49266737699508667,-0.06415582448244095,,0,0
qwen32B-int4_retail_50runs,baseline,Qwen3-Embedding-0.6B,b5ab9856-ea23-4637-815f-e46449ce54de,5,20,tool,,,,,,,0,0
qwen32B-int4_retail_50runs,baseline,Qwen3-Embedding-0.6B,b5ab9856-ea23-4637-815f-e46449ce54de,6,20,agent,0.7013393640518188,0.3684210526315789,0.0,0.5240683555603027,-0.04508697986602783,,0,0
qwen32B-int4_retail_50runs,baseline,Qwen3-Embedding-0.6B,b5ab9856-ea23-4637-815f-e46449ce54de,7,20,tool,,,,,,,0,0
qwen32B-int4_retail_50runs,baseline,Qwen3-Embedding-0.6B,b5ab9856-ea23-4637-815f-e46449ce54de,8,20,agent,0.6142646670341492,0.0425531914893617,0.0,,,,0,0
qwen32B-int4_retail_50runs,baseline,Qwen3-Embedding-0.6B,b5ab9856-ea23-4637-815f-e46449ce54de,9,20,user,,,,,,0.39607781171798706,0,0
qwen32B-int4_retail_50runs,baseline,Qwen3-Embedding-0.6B,b5ab9856-ea23-4637-815f-e46449ce54de,10,20,agent,0.697708010673523,0.4666666666666667,0.0,0.5339039266109467,0.004374124109745026,,0,0
qwen32B-int4_retail_50runs,baseline,Qwen3-Embedding-0.6B,b5ab9856-ea23-4637-815f-e46449ce54de,11,20,tool,,,,,,,0,0
qwen32B-int4_retail_50runs,baseline,Qwen3-Embedding-0.6B,b5ab9856-ea23-4637-815f-e46449ce54de,12,20,agent,0.9895148277282715,0.6923076923076923,0.0,0.530446469783783,-0.029525473713874817,,0,0
qwen32B-int4_retail_50runs,baseline,Qwen3-Embedding-0.6B,b5ab9856-ea23-4637-815f-e46449ce54de,13,20,tool,,,,,,,0,0
qwen32B-int4_retail_50runs,baseline,Qwen3-Embedding-0.6B,b5ab9856-ea23-4637-815f-e46449ce54de,14,20,agent,0.9901816248893738,0.6923076923076923,0.0,0.5134921371936798,-0.054938286542892456,,0,0
qwen32B-int4_retail_50runs,baseline,Qwen3-Embedding-0.6B,b5ab9856-ea23-4637-815f-e46449ce54de,15,20,tool,,,,,,,0,0
qwen32B-int4_retail_50runs,baseline,Qwen3-Embedding-0.6B,b5ab9856-ea23-4637-815f-e46449ce54de,16,20,agent,0.467551589012146,0.03389830508474576,0.0,,,,0,0
qwen32B-int4_retail_50runs,baseline,Qwen3-Embedding-0.6B,b5ab9856-ea23-4637-815f-e46449ce54de,17,20,user,,,,,,0.38696032762527466,0,0
qwen32B-int4_retail_50runs,baseline,Qwen3-Embedding-0.6B,b5ab9856-ea23-4637-815f-e46449ce54de,18,20,agent,0.6551578640937805,0.3176470588235294,0.0,,,,0,0
qwen32B-int4_retail_50runs,baseline,Qwen3-Embedding-0.6B,b5ab9856-ea23-4637-815f-e46449ce54de,19,20,user,,,,,,0.6869379878044128,0,0
qwen32B-int4_retail_50runs,baseline,Qwen3-Embedding-0.6B,3f40c075-a57b-4a90-8a6d-959f783c4e00,0,22,agent,,,,,,,0,0
qwen32B-int4_retail_50runs,baseline,Qwen3-Embedding-0.6B,3f40c075-a57b-4a90-8a6d-959f783c4e00,1,22,user,,,,,,0.5836685299873352,0,0
qwen32B-int4_retail_50runs,baseline,Qwen3-Embedding-0.6B,3f40c075-a57b-4a90-8a6d-959f783c4e00,2,22,agent,0.33541184663772583,0.10810810810810811,0.0,,,,0,0
qwen32B-int4_retail_50runs,baseline,Qwen3-Embedding-0.6B,3f40c075-a57b-4a90-8a6d-959f783c4e00,3,22,user,,,,,,0.42417728900909424,0,0
qwen32B-int4_retail_50runs,baseline,Qwen3-Embedding-0.6B,3f40c075-a57b-4a90-8a6d-959f783c4e00,4,22,agent,0.5207613706588745,0.0425531914893617,0.0,0.4919200539588928,-0.07460103631019588,,0,0
qwen32B-int4_retail_50runs,baseline,Qwen3-Embedding-0.6B,3f40c075-a57b-4a90-8a6d-959f783c4e00,5,22,tool,,,,,,,0,0
qwen32B-int4_retail_50runs,baseline,Qwen3-Embedding-0.6B,3f40c075-a57b-4a90-8a6d-959f783c4e00,6,22,agent,0.6958480477333069,0.3684210526315789,0.0,0.5243044495582581,-0.05502369999885559,,0,0
qwen32B-int4_retail_50runs,baseline,Qwen3-Embedding-0.6B,3f40c075-a57b-4a90-8a6d-959f783c4e00,7,22,tool,,,,,,,0,0
qwen32B-int4_retail_50runs,baseline,Qwen3-Embedding-0.6B,3f40c075-a57b-4a90-8a6d-959f783c4e00,8,22,agent,0.3884725272655487,0.03508771929824561,0.0,,,,0,0
qwen32B-int4_retail_50runs,baseline,Qwen3-Embedding-0.6B,3f40c075-a57b-4a90-8a6d-959f783c4e00,9,22,user,,,,,,0.28390324115753174,0,0
qwen32B-int4_retail_50runs,baseline,Qwen3-Embedding-0.6B,3f40c075-a57b-4a90-8a6d-959f783c4e00,10,22,agent,0.6121712327003479,0.4666666666666667,0.0,0.535327672958374,0.012011724710464522,,0,0
qwen32B-int4_retail_50runs,baseline,Qwen3-Embedding-0.6B,3f40c075-a57b-4a90-8a6d-959f783c4e00,11,22,tool,,,,,,,0,0
qwen32B-int4_retail_50runs,baseline,Qwen3-Embedding-0.6B,3f40c075-a57b-4a90-8a6d-959f783c4e00,12,22,agent,0.9847971200942993,0.6923076923076923,0.0,0.5298949778079987,-0.02332283258438106,,0,0
qwen32B-int4_retail_50runs,baseline,Qwen3-Embedding-0.6B,3f40c075-a57b-4a90-8a6d-959f783c4e00,13,22,tool,,,,,,,0,0
qwen32B-int4_retail_50runs,baseline,Qwen3-Embedding-0.6B,3f40c075-a57b-4a90-8a6d-959f783c4e00,14,22,agent,0.9898636341094971,0.6923076923076923,0.0,0.512799859046936,-0.04688976407051082,,0,0
qwen32B-int4_retail_50runs,baseline,Qwen3-Embedding-0.6B,3f40c075-a57b-4a90-8a6d-959f783c4e00,15,22,tool,,,,,,,0,0
qwen32B-int4_retail_50runs,baseline,Qwen3-Embedding-0.6B,3f40c075-a57b-4a90-8a6d-959f783c4e00,16,22,agent,0.4735381007194519,0.03389830508474576,0.0,,,,0,0
qwen32B-int4_retail_50runs,baseline,Qwen3-Embedding-0.6B,3f40c075-a57b-4a90-8a6d-959f783c4e00,17,22,user,,,,,,0.2647361159324646,0,0
qwen32B-int4_retail_50runs,baseline,Qwen3-Embedding-0.6B,3f40c075-a57b-4a90-8a6d-959f783c4e00,18,22,agent,0.6669514775276184,0.5,0.0,0.45354241132736206,-0.040045374631881736,,0,0
qwen32B-int4_retail_50runs,baseline,Qwen3-Embedding-0.6B,3f40c075-a57b-4a90-8a6d-959f783c4e00,19,22,tool,,,,,,,0,0
qwen32B-int4_retail_50runs,baseline,Qwen3-Embedding-0.6B,3f40c075-a57b-4a90-8a6d-959f783c4e00,20,22,agent,0.6505960822105408,0.20689655172413793,0.0,,,,0,0
qwen32B-int4_retail_50runs,baseline,Qwen3-Embedding-0.6B,3f40c075-a57b-4a90-8a6d-959f783c4e00,21,22,user,,,,,,0.42567700147628784,0,0
qwen32B-int4_retail_50runs,baseline,Qwen3-Embedding-0.6B,57b083f1-bcc5-41b2-8fde-e76b2c7e17b7,0,28,agent,,,,,,,0,1
qwen32B-int4_retail_50runs,baseline,Qwen3-Embedding-0.6B,57b083f1-bcc5-41b2-8fde-e76b2c7e17b7,1,28,user,,,,,,0.6118209064006805,0,1
qwen32B-int4_retail_50runs,baseline,Qwen3-Embedding-0.6B,57b083f1-bcc5-41b2-8fde-e76b2c7e17b7,2,28,agent,0.37267714738845825,0.06382978723404255,0.0,,,,0,1
qwen32B-int4_retail_50runs,baseline,Qwen3-Embedding-0.6B,57b083f1-bcc5-41b2-8fde-e76b2c7e17b7,3,28,user,,,,,,0.7408426702022552,0,1
qwen32B-int4_retail_50runs,baseline,Qwen3-Embedding-0.6B,57b083f1-bcc5-41b2-8fde-e76b2c7e17b7,4,28,agent,0.48280513286590576,0.03571428571428571,0.0,0.4936922788619995,-0.0783325816903796,,0,1
qwen32B-int4_retail_50runs,baseline,Qwen3-Embedding-0.6B,57b083f1-bcc5-41b2-8fde-e76b2c7e17b7,5,28,tool,,,,,,,0,1
qwen32B-int4_retail_50runs,baseline,Qwen3-Embedding-0.6B,57b083f1-bcc5-41b2-8fde-e76b2c7e17b7,6,28,agent,0.8490219116210938,0.2923076923076923,0.0,,,,0,1
qwen32B-int4_retail_50runs,baseline,Qwen3-Embedding-0.6B,57b083f1-bcc5-41b2-8fde-e76b2c7e17b7,7,28,user,,,,,,0.20990270376205444,0,1
qwen32B-int4_retail_50runs,baseline,Qwen3-Embedding-0.6B,57b083f1-bcc5-41b2-8fde-e76b2c7e17b7,8,28,agent,0.6569781303405762,0.21818181818181817,0.0,0.5124371647834778,-0.036353579589298746,,0,1
qwen32B-int4_retail_50runs,baseline,Qwen3-Embedding-0.6B,57b083f1-bcc5-41b2-8fde-e76b2c7e17b7,9,28,tool,,,,,,,0,1
qwen32B-int4_retail_50runs,baseline,Qwen3-Embedding-0.6B,57b083f1-bcc5-41b2-8fde-e76b2c7e17b7,10,28,agent,0.7306641340255737,0.26666666666666666,0.0,,,,0,1
qwen32B-int4_retail_50runs,baseline,Qwen3-Embedding-0.6B,57b083f1-bcc5-41b2-8fde-e76b2c7e17b7,11,28,user,,,,,,0.2706452012062073,0,1
qwen32B-int4_retail_50runs,baseline,Qwen3-Embedding-0.6B,57b083f1-bcc5-41b2-8fde-e76b2c7e17b7,12,28,agent,0.6676145792007446,0.2,0.0,0.553872287273407,0.012659715754645195,,0,1
qwen32B-int4_retail_50runs,baseline,Qwen3-Embedding-0.6B,57b083f1-bcc5-41b2-8fde-e76b2c7e17b7,13,28,tool,,,,,,,0,1
qwen32B-int4_retail_50runs,baseline,Qwen3-Embedding-0.6B,57b083f1-bcc5-41b2-8fde-e76b2c7e17b7,14,28,agent,0.8783693909645081,0.3493975903614458,0.0,0.4163588881492615,-0.06478499514716013,,0,1
qwen32B-int4_retail_50runs,baseline,Qwen3-Embedding-0.6B,57b083f1-bcc5-41b2-8fde-e76b2c7e17b7,15,28,tool,,,,,,,0,1
qwen32B-int4_retail_50runs,baseline,Qwen3-Embedding-0.6B,57b083f1-bcc5-41b2-8fde-e76b2c7e17b7,16,28,agent,0.8561571836471558,0.4431818181818182,0.0,,,,0,1
qwen32B-int4_retail_50runs,baseline,Qwen3-Embedding-0.6B,57b083f1-bcc5-41b2-8fde-e76b2c7e17b7,17,28,user,,,,,,0.335335910320282,0,1
qwen32B-int4_retail_50runs,baseline,Qwen3-Embedding-0.6B,57b083f1-bcc5-41b2-8fde-e76b2c7e17b7,18,28,agent,0.7795912623405457,0.2716049382716049,0.0,0.4576764702796936,-0.023483114583151665,,0,1
qwen32B-int4_retail_50runs,baseline,Qwen3-Embedding-0.6B,57b083f1-bcc5-41b2-8fde-e76b2c7e17b7,19,28,tool,,,,,,,0,1
qwen32B-int4_retail_50runs,baseline,Qwen3-Embedding-0.6B,57b083f1-bcc5-41b2-8fde-e76b2c7e17b7,20,28,agent,0.784755289554596,0.3684210526315789,0.0,0.4330645203590393,-0.01603018386023386,,0,1
qwen32B-int4_retail_50runs,baseline,Qwen3-Embedding-0.6B,57b083f1-bcc5-41b2-8fde-e76b2c7e17b7,21,28,tool,,,,,,,0,1
qwen32B-int4_retail_50runs,baseline,Qwen3-Embedding-0.6B,57b083f1-bcc5-41b2-8fde-e76b2c7e17b7,22,28,agent,0.7247697710990906,0.2777777777777778,0.0,0.38595783710479736,-0.10294569390160696,,0,1
qwen32B-int4_retail_50runs,baseline,Qwen3-Embedding-0.6B,57b083f1-bcc5-41b2-8fde-e76b2c7e17b7,23,28,tool,,,,,,,0,1
qwen32B-int4_retail_50runs,baseline,Qwen3-Embedding-0.6B,57b083f1-bcc5-41b2-8fde-e76b2c7e17b7,24,28,agent,0.7038213610649109,0.44776119402985076,0.0,0.3993877172470093,-0.08786548886980328,,0,1
qwen32B-int4_retail_50runs,baseline,Qwen3-Embedding-0.6B,57b083f1-bcc5-41b2-8fde-e76b2c7e17b7,25,28,tool,,,,,,,0,1
qwen32B-int4_retail_50runs,baseline,Qwen3-Embedding-0.6B,57b083f1-bcc5-41b2-8fde-e76b2c7e17b7,26,28,agent,0.9007976055145264,0.4225352112676056,0.0,,,,0,1
qwen32B-int4_retail_50runs,baseline,Qwen3-Embedding-0.6B,57b083f1-bcc5-41b2-8fde-e76b2c7e17b7,27,28,user,,,,,,0.8191718012094498,0,1
qwen32B-int4_retail_50runs,baseline,Qwen3-Embedding-0.6B,8d6c3fb1-99fc-48f5-9135-669f97ce323b,0,38,agent,,,,,,,0,1
qwen32B-int4_retail_50runs,baseline,Qwen3-Embedding-0.6B,8d6c3fb1-99fc-48f5-9135-669f97ce323b,1,38,user,,,,,,0.42702561616897583,0,1
qwen32B-int4_retail_50runs,baseline,Qwen3-Embedding-0.6B,8d6c3fb1-99fc-48f5-9135-669f97ce323b,2,38,agent,0.4496757686138153,0.14285714285714285,0.0,,,,0,1
qwen32B-int4_retail_50runs,baseline,Qwen3-Embedding-0.6B,8d6c3fb1-99fc-48f5-9135-669f97ce323b,3,38,user,,,,,,0.1897483468055725,0,1
qwen32B-int4_retail_50runs,baseline,Qwen3-Embedding-0.6B,8d6c3fb1-99fc-48f5-9135-669f97ce323b,4,38,agent,0.6379573345184326,0.02564102564102564,0.0,0.49162721633911133,-0.10571039095520973,,0,1
qwen32B-int4_retail_50runs,baseline,Qwen3-Embedding-0.6B,8d6c3fb1-99fc-48f5-9135-669f97ce323b,5,38,tool,,,,,,,0,1
qwen32B-int4_retail_50runs,baseline,Qwen3-Embedding-0.6B,8d6c3fb1-99fc-48f5-9135-669f97ce323b,6,38,agent,0.7011529803276062,0.3684210526315789,0.0,0.5257369577884674,-0.09969479963183403,,0,1
qwen32B-int4_retail_50runs,baseline,Qwen3-Embedding-0.6B,8d6c3fb1-99fc-48f5-9135-669f97ce323b,7,38,tool,,,,,,,0,1
qwen32B-int4_retail_50runs,baseline,Qwen3-Embedding-0.6B,8d6c3fb1-99fc-48f5-9135-669f97ce323b,8,38,agent,0.47569894790649414,0.0425531914893617,0.0,,,,0,1
qwen32B-int4_retail_50runs,baseline,Qwen3-Embedding-0.6B,8d6c3fb1-99fc-48f5-9135-669f97ce323b,9,38,user,,,,,,0.466957688331604,0,1
qwen32B-int4_retail_50runs,baseline,Qwen3-Embedding-0.6B,8d6c3fb1-99fc-48f5-9135-669f97ce323b,10,38,agent,0.7817045450210571,0.375,0.0,,,,0,1
qwen32B-int4_retail_50runs,baseline,Qwen3-Embedding-0.6B,8d6c3fb1-99fc-48f5-9135-669f97ce323b,11,38,user,,,,,,0.4378697872161865,0,1
qwen32B-int4_retail_50runs,baseline,Qwen3-Embedding-0.6B,8d6c3fb1-99fc-48f5-9135-669f97ce323b,12,38,agent,0.5703533291816711,0.023809523809523808,0.0,0.5351738035678864,0.023811347782611847,,0,1
qwen32B-int4_retail_50runs,baseline,Qwen3-Embedding-0.6B,8d6c3fb1-99fc-48f5-9135-669f97ce323b,13,38,tool,,,,,,,0,1
qwen32B-int4_retail_50runs,baseline,Qwen3-Embedding-0.6B,8d6c3fb1-99fc-48f5-9135-669f97ce323b,14,38,agent,0.5359752774238586,0.14285714285714285,0.0,,,,0,1
qwen32B-int4_retail_50runs,baseline,Qwen3-Embedding-0.6B,8d6c3fb1-99fc-48f5-9135-669f97ce323b,15,38,user,,,,,,0.22400885820388794,0,1
qwen32B-int4_retail_50runs,baseline,Qwen3-Embedding-0.6B,8d6c3fb1-99fc-48f5-9135-669f97ce323b,16,38,agent,0.986384391784668,0.6923076923076923,0.0,0.5321305990219116,0.00212198868393898,,0,1
qwen32B-int4_retail_50runs,baseline,Qwen3-Embedding-0.6B,8d6c3fb1-99fc-48f5-9135-669f97ce323b,17,38,tool,,,,,,,0,1
qwen32B-int4_retail_50runs,baseline,Qwen3-Embedding-0.6B,8d6c3fb1-99fc-48f5-9135-669f97ce323b,18,38,agent,0.6459265947341919,0.24050632911392406,0.0,,,,0,1
qwen32B-int4_retail_50runs,baseline,Qwen3-Embedding-0.6B,8d6c3fb1-99fc-48f5-9135-669f97ce323b,19,38,user,,,,,,0.18527477979660034,0,1
qwen32B-int4_retail_50runs,baseline,Qwen3-Embedding-0.6B,8d6c3fb1-99fc-48f5-9135-669f97ce323b,20,38,agent,0.6611872911453247,0.5,0.0,0.44040489196777344,0.005858257412910461,,0,1
qwen32B-int4_retail_50runs,baseline,Qwen3-Embedding-0.6B,8d6c3fb1-99fc-48f5-9135-669f97ce323b,21,38,tool,,,,,,,0,1
qwen32B-int4_retail_50runs,baseline,Qwen3-Embedding-0.6B,8d6c3fb1-99fc-48f5-9135-669f97ce323b,22,38,agent,0.93630450963974,0.5714285714285714,0.0,0.316323459148407,-0.1096169613301754,,0,1
qwen32B-int4_retail_50runs,baseline,Qwen3-Embedding-0.6B,8d6c3fb1-99fc-48f5-9135-669f97ce323b,23,38,tool,,,,,,,0,1
qwen32B-int4_retail_50runs,baseline,Qwen3-Embedding-0.6B,8d6c3fb1-99fc-48f5-9135-669f97ce323b,24,38,agent,0.47357794642448425,0.0,0.0,,,,0,1
qwen32B-int4_retail_50runs,baseline,Qwen3-Embedding-0.6B,8d6c3fb1-99fc-48f5-9135-669f97ce323b,25,38,user,,,,,,0.19205379486083984,0,1
qwen32B-int4_retail_50runs,baseline,Qwen3-Embedding-0.6B,8d6c3fb1-99fc-48f5-9135-669f97ce323b,26,38,agent,0.9349998235702515,0.631578947368421,0.0,0.3700515031814575,-0.08528400212526321,,0,1
qwen32B-int4_retail_50runs,baseline,Qwen3-Embedding-0.6B,8d6c3fb1-99fc-48f5-9135-669f97ce323b,27,38,tool,,,,,,,0,1
qwen32B-int4_retail_50runs,baseline,Qwen3-Embedding-0.6B,8d6c3fb1-99fc-48f5-9135-669f97ce323b,28,38,agent,0.8815212249755859,0.3058823529411765,0.0,,,,0,1
qwen32B-int4_retail_50runs,baseline,Qwen3-Embedding-0.6B,8d6c3fb1-99fc-48f5-9135-669f97ce323b,29,38,user,,,,,,0.09642565250396729,0,1
qwen32B-int4_retail_50runs,baseline,Qwen3-Embedding-0.6B,8d6c3fb1-99fc-48f5-9135-669f97ce323b,30,38,agent,0.9311925768852234,0.631578947368421,0.0,0.33461666107177734,-0.0961717925965786,,0,1
qwen32B-int4_retail_50runs,baseline,Qwen3-Embedding-0.6B,8d6c3fb1-99fc-48f5-9135-669f97ce323b,31,38,tool,,,,,,,0,1
qwen32B-int4_retail_50runs,baseline,Qwen3-Embedding-0.6B,8d6c3fb1-99fc-48f5-9135-669f97ce323b,32,38,agent,0.9023151397705078,0.35526315789473684,0.0,,,,0,1
qwen32B-int4_retail_50runs,baseline,Qwen3-Embedding-0.6B,8d6c3fb1-99fc-48f5-9135-669f97ce323b,33,38,user,,,,,,0.08243018388748169,0,1
qwen32B-int4_retail_50runs,baseline,Qwen3-Embedding-0.6B,8d6c3fb1-99fc-48f5-9135-669f97ce323b,34,38,agent,0.9317939281463623,0.631578947368421,0.0,0.3837074637413025,-0.0752367340028286,,0,1
qwen32B-int4_retail_50runs,baseline,Qwen3-Embedding-0.6B,8d6c3fb1-99fc-48f5-9135-669f97ce323b,35,38,tool,,,,,,,0,1
qwen32B-int4_retail_50runs,baseline,Qwen3-Embedding-0.6B,8d6c3fb1-99fc-48f5-9135-669f97ce323b,36,38,agent,0.6290833353996277,0.3333333333333333,0.0,,,,0,1
qwen32B-int4_retail_50runs,baseline,Qwen3-Embedding-0.6B,8d6c3fb1-99fc-48f5-9135-669f97ce323b,37,38,user,,,,,,0.4924917221069336,0,1
qwen32B-int4_retail_50runs,baseline,Qwen3-Embedding-0.6B,124a461d-e0ed-4a81-9247-90e5a60866de,0,28,agent,,,,,,,0,0
qwen32B-int4_retail_50runs,baseline,Qwen3-Embedding-0.6B,124a461d-e0ed-4a81-9247-90e5a60866de,1,28,user,,,,,,0.5649644732475281,0,0
qwen32B-int4_retail_50runs,baseline,Qwen3-Embedding-0.6B,124a461d-e0ed-4a81-9247-90e5a60866de,2,28,agent,0.34556472301483154,0.0,0.0,0.49463164806365967,-0.08329869310061133,,0,0
qwen32B-int4_retail_50runs,baseline,Qwen3-Embedding-0.6B,124a461d-e0ed-4a81-9247-90e5a60866de,3,28,tool,,,,,,,0,0
qwen32B-int4_retail_50runs,baseline,Qwen3-Embedding-0.6B,124a461d-e0ed-4a81-9247-90e5a60866de,4,28,agent,0.7067574858665466,0.3684210526315789,0.0,0.5135892629623413,-0.06266289287143278,,0,0
qwen32B-int4_retail_50runs,baseline,Qwen3-Embedding-0.6B,124a461d-e0ed-4a81-9247-90e5a60866de,5,28,tool,,,,,,,0,0
qwen32B-int4_retail_50runs,baseline,Qwen3-Embedding-0.6B,124a461d-e0ed-4a81-9247-90e5a60866de,6,28,agent,0.6128293871879578,0.4666666666666667,0.0,0.5279365479946136,-0.024804645114474777,,0,0
qwen32B-int4_retail_50runs,baseline,Qwen3-Embedding-0.6B,124a461d-e0ed-4a81-9247-90e5a60866de,7,28,tool,,,,,,,0,0
qwen32B-int4_retail_50runs,baseline,Qwen3-Embedding-0.6B,124a461d-e0ed-4a81-9247-90e5a60866de,8,28,agent,0.9889839887619019,0.6923076923076923,0.0,0.5345770418643951,0.004839393827650307,,0,0
qwen32B-int4_retail_50runs,baseline,Qwen3-Embedding-0.6B,124a461d-e0ed-4a81-9247-90e5a60866de,9,28,tool,,,,,,,0,0
qwen32B-int4_retail_50runs,baseline,Qwen3-Embedding-0.6B,124a461d-e0ed-4a81-9247-90e5a60866de,10,28,agent,0.7459349632263184,0.4666666666666667,0.0,0.4275684952735901,-0.08556434843275285,,0,0
qwen32B-int4_retail_50runs,baseline,Qwen3-Embedding-0.6B,124a461d-e0ed-4a81-9247-90e5a60866de,11,28,tool,,,,,,,0,0
qwen32B-int4_retail_50runs,baseline,Qwen3-Embedding-0.6B,124a461d-e0ed-4a81-9247-90e5a60866de,12,28,agent,0.3472703695297241,0.010752688172043012,0.0,,,,0,0
qwen32B-int4_retail_50runs,baseline,Qwen3-Embedding-0.6B,124a461d-e0ed-4a81-9247-90e5a60866de,13,28,user,,,,,,0.42754024267196655,0,0
qwen32B-int4_retail_50runs,baseline,Qwen3-Embedding-0.6B,124a461d-e0ed-4a81-9247-90e5a60866de,14,28,agent,0.6342309713363647,0.4666666666666667,0.0,0.5249896049499512,-0.05780143870247734,,0,0
qwen32B-int4_retail_50runs,baseline,Qwen3-Embedding-0.6B,124a461d-e0ed-4a81-9247-90e5a60866de,15,28,tool,,,,,,,0,0
qwen32B-int4_retail_50runs,baseline,Qwen3-Embedding-0.6B,124a461d-e0ed-4a81-9247-90e5a60866de,16,28,agent,0.5912162661552429,0.4666666666666667,0.0,0.49398142099380493,-0.061544789208306194,,0,0
qwen32B-int4_retail_50runs,baseline,Qwen3-Embedding-0.6B,124a461d-e0ed-4a81-9247-90e5a60866de,17,28,tool,,,,,,,0,0
qwen32B-int4_retail_50runs,baseline,Qwen3-Embedding-0.6B,124a461d-e0ed-4a81-9247-90e5a60866de,18,28,agent,0.955793559551239,0.6923076923076923,0.0,0.49730372428894043,-0.04613907138506568,,0,0
qwen32B-int4_retail_50runs,baseline,Qwen3-Embedding-0.6B,124a461d-e0ed-4a81-9247-90e5a60866de,19,28,tool,,,,,,,0,0
qwen32B-int4_retail_50runs,baseline,Qwen3-Embedding-0.6B,124a461d-e0ed-4a81-9247-90e5a60866de,20,28,agent,0.4350723922252655,0.012345679012345678,0.0,,,,0,0
qwen32B-int4_retail_50runs,baseline,Qwen3-Embedding-0.6B,124a461d-e0ed-4a81-9247-90e5a60866de,21,28,user,,,,,,0.31692928075790405,0,0
qwen32B-int4_retail_50runs,baseline,Qwen3-Embedding-0.6B,124a461d-e0ed-4a81-9247-90e5a60866de,22,28,agent,0.6417837738990784,0.4,0.0,0.4206796884536743,-0.04877115289370221,,0,0
qwen32B-int4_retail_50runs,baseline,Qwen3-Embedding-0.6B,124a461d-e0ed-4a81-9247-90e5a60866de,23,28,tool,,,,,,,0,0
qwen32B-int4_retail_50runs,baseline,Qwen3-Embedding-0.6B,124a461d-e0ed-4a81-9247-90e5a60866de,24,28,agent,0.9989466071128845,0.6190476190476191,0.0,0.4385150074958801,-0.02512765592998928,,0,0
qwen32B-int4_retail_50runs,baseline,Qwen3-Embedding-0.6B,124a461d-e0ed-4a81-9247-90e5a60866de,25,28,tool,,,,,,,0,0
qwen32B-int4_retail_50runs,baseline,Qwen3-Embedding-0.6B,124a461d-e0ed-4a81-9247-90e5a60866de,26,28,agent,0.5238730907440186,0.0,0.0,,,,0,0
qwen32B-int4_retail_50runs,baseline,Qwen3-Embedding-0.6B,124a461d-e0ed-4a81-9247-90e5a60866de,27,28,user,,,,,,0.5844459235668182,0,0
qwen32B-int4_retail_50runs,baseline,Qwen3-Embedding-0.6B,9f183979-e7c5-4a58-93b8-192e7299cd95,0,58,agent,,,,,,,0,1
qwen32B-int4_retail_50runs,baseline,Qwen3-Embedding-0.6B,9f183979-e7c5-4a58-93b8-192e7299cd95,1,58,user,,,,,,0.5291077494621277,0,1
qwen32B-int4_retail_50runs,baseline,Qwen3-Embedding-0.6B,9f183979-e7c5-4a58-93b8-192e7299cd95,2,58,agent,0.36142697930336,0.0,0.0,0.40577036142349243,-0.1516817850725991,,0,1
qwen32B-int4_retail_50runs,baseline,Qwen3-Embedding-0.6B,9f183979-e7c5-4a58-93b8-192e7299cd95,3,58,tool,,,,,,,0,1
qwen32B-int4_retail_50runs,baseline,Qwen3-Embedding-0.6B,9f183979-e7c5-4a58-93b8-192e7299cd95,4,58,agent,0.6263600587844849,0.07692307692307693,0.0,,,,0,1
qwen32B-int4_retail_50runs,baseline,Qwen3-Embedding-0.6B,9f183979-e7c5-4a58-93b8-192e7299cd95,5,58,user,,,,,,0.3963048458099365,0,1
qwen32B-int4_retail_50runs,baseline,Qwen3-Embedding-0.6B,9f183979-e7c5-4a58-93b8-192e7299cd95,6,58,agent,0.5596267580986023,0.3684210526315789,0.0,0.4714510440826416,-0.09213889709540779,,0,1
qwen32B-int4_retail_50runs,baseline,Qwen3-Embedding-0.6B,9f183979-e7c5-4a58-93b8-192e7299cd95,7,58,tool,,,,,,,0,1
qwen32B-int4_retail_50runs,baseline,Qwen3-Embedding-0.6B,9f183979-e7c5-4a58-93b8-192e7299cd95,8,58,agent,0.8009709119796753,0.32727272727272727,0.0,,,,0,1
qwen32B-int4_retail_50runs,baseline,Qwen3-Embedding-0.6B,9f183979-e7c5-4a58-93b8-192e7299cd95,9,58,user,,,,,,0.23466765880584717,0,1
qwen32B-int4_retail_50runs,baseline,Qwen3-Embedding-0.6B,9f183979-e7c5-4a58-93b8-192e7299cd95,10,58,agent,0.6881474256515503,0.3684210526315789,0.0,0.5200732350349426,-0.05744540904249462,,0,1
qwen32B-int4_retail_50runs,baseline,Qwen3-Embedding-0.6B,9f183979-e7c5-4a58-93b8-192e7299cd95,11,58,tool,,,,,,,0,1
qwen32B-int4_retail_50runs,baseline,Qwen3-Embedding-0.6B,9f183979-e7c5-4a58-93b8-192e7299cd95,12,58,agent,0.9015322327613831,0.4418604651162791,0.0,,,,0,1
qwen32B-int4_retail_50runs,baseline,Qwen3-Embedding-0.6B,9f183979-e7c5-4a58-93b8-192e7299cd95,13,58,user,,,,,,0.35470885038375854,0,1
qwen32B-int4_retail_50runs,baseline,Qwen3-Embedding-0.6B,9f183979-e7c5-4a58-93b8-192e7299cd95,14,58,agent,0.6320141553878784,0.4666666666666667,0.0,0.5256969034671783,-0.0003831961325236888,,0,1
qwen32B-int4_retail_50runs,baseline,Qwen3-Embedding-0.6B,9f183979-e7c5-4a58-93b8-192e7299cd95,15,58,tool,,,,,,,0,1
qwen32B-int4_retail_50runs,baseline,Qwen3-Embedding-0.6B,9f183979-e7c5-4a58-93b8-192e7299cd95,16,58,agent,0.6948469281196594,0.13793103448275862,0.0,,,,0,1
qwen32B-int4_retail_50runs,baseline,Qwen3-Embedding-0.6B,9f183979-e7c5-4a58-93b8-192e7299cd95,17,58,user,,,,,,0.1661098599433899,0,1
qwen32B-int4_retail_50runs,baseline,Qwen3-Embedding-0.6B,9f183979-e7c5-4a58-93b8-192e7299cd95,18,58,agent,0.6348180174827576,0.4666666666666667,0.0,0.5252536833286285,-0.05467182823589867,,0,1
qwen32B-int4_retail_50runs,baseline,Qwen3-Embedding-0.6B,9f183979-e7c5-4a58-93b8-192e7299cd95,19,58,tool,,,,,,,0,1
qwen32B-int4_retail_50runs,baseline,Qwen3-Embedding-0.6B,9f183979-e7c5-4a58-93b8-192e7299cd95,20,58,agent,0.8042380213737488,0.3333333333333333,0.0,,,,0,1
qwen32B-int4_retail_50runs,baseline,Qwen3-Embedding-0.6B,9f183979-e7c5-4a58-93b8-192e7299cd95,21,58,user,,,,,,0.185879647731781,0,1
qwen32B-int4_retail_50runs,baseline,Qwen3-Embedding-0.6B,9f183979-e7c5-4a58-93b8-192e7299cd95,22,58,agent,0.6272306442260742,0.4666666666666667,0.0,0.5537751019001007,0.021137614335332566,,0,1
qwen32B-int4_retail_50runs,baseline,Qwen3-Embedding-0.6B,9f183979-e7c5-4a58-93b8-192e7299cd95,23,58,tool,,,,,,,0,1
qwen32B-int4_retail_50runs,baseline,Qwen3-Embedding-0.6B,9f183979-e7c5-4a58-93b8-192e7299cd95,24,58,agent,0.7583237886428833,0.3088235294117647,0.0,,,,0,1
qwen32B-int4_retail_50runs,baseline,Qwen3-Embedding-0.6B,9f183979-e7c5-4a58-93b8-192e7299cd95,25,58,user,,,,,,0.1743435263633728,0,1
qwen32B-int4_retail_50runs,baseline,Qwen3-Embedding-0.6B,9f183979-e7c5-4a58-93b8-192e7299cd95,26,58,agent,0.9901157021522522,0.6923076923076923,0.0,0.5363647043704987,-0.0011288353375026317,,0,1
qwen32B-int4_retail_50runs,baseline,Qwen3-Embedding-0.6B,9f183979-e7c5-4a58-93b8-192e7299cd95,27,58,tool,,,,,,,0,1
qwen32B-int4_retail_50runs,baseline,Qwen3-Embedding-0.6B,9f183979-e7c5-4a58-93b8-192e7299cd95,28,58,agent,0.8156298995018005,0.39215686274509803,0.0,,,,0,1
qwen32B-int4_retail_50runs,baseline,Qwen3-Embedding-0.6B,9f183979-e7c5-4a58-93b8-192e7299cd95,29,58,user,,,,,,0.2172776460647583,0,1
qwen32B-int4_retail_50runs,baseline,Qwen3-Embedding-0.6B,9f183979-e7c5-4a58-93b8-192e7299cd95,30,58,agent,0.6309723258018494,0.4666666666666667,0.0,0.5223033428192139,-0.05682376665728428,,0,1
qwen32B-int4_retail_50runs,baseline,Qwen3-Embedding-0.6B,9f183979-e7c5-4a58-93b8-192e7299cd95,31,58,tool,,,,,,,0,1
qwen32B-int4_retail_50runs,baseline,Qwen3-Embedding-0.6B,9f183979-e7c5-4a58-93b8-192e7299cd95,32,58,agent,0.8156927824020386,0.3333333333333333,0.0,,,,0,1
qwen32B-int4_retail_50runs,baseline,Qwen3-Embedding-0.6B,9f183979-e7c5-4a58-93b8-192e7299cd95,33,58,user,,,,,,0.26841747760772705,0,1
qwen32B-int4_retail_50runs,baseline,Qwen3-Embedding-0.6B,9f183979-e7c5-4a58-93b8-192e7299cd95,34,58,agent,0.6274769306182861,0.4666666666666667,0.0,0.5711497068405151,0.04514767655304497,,0,1
qwen32B-int4_retail_50runs,baseline,Qwen3-Embedding-0.6B,9f183979-e7c5-4a58-93b8-192e7299cd95,35,58,tool,,,,,,,0,1
qwen32B-int4_retail_50runs,baseline,Qwen3-Embedding-0.6B,9f183979-e7c5-4a58-93b8-192e7299cd95,36,58,agent,0.7678406834602356,0.27710843373493976,0.0,,,,0,1
qwen32B-int4_retail_50runs,baseline,Qwen3-Embedding-0.6B,9f183979-e7c5-4a58-93b8-192e7299cd95,37,58,user,,,,,,0.3060550093650818,0,1
qwen32B-int4_retail_50runs,baseline,Qwen3-Embedding-0.6B,9f183979-e7c5-4a58-93b8-192e7299cd95,38,58,agent,0.6252237558364868,0.4666666666666667,0.0,0.515044629573822,-0.05741363125188015,,0,1
qwen32B-int4_retail_50runs,baseline,Qwen3-Embedding-0.6B,9f183979-e7c5-4a58-93b8-192e7299cd95,39,58,tool,,,,,,,0,1
qwen32B-int4_retail_50runs,baseline,Qwen3-Embedding-0.6B,9f183979-e7c5-4a58-93b8-192e7299cd95,40,58,agent,0.688139796257019,0.27631578947368424,0.0,,,,0,1
qwen32B-int4_retail_50runs,baseline,Qwen3-Embedding-0.6B,9f183979-e7c5-4a58-93b8-192e7299cd95,41,58,user,,,,,,0.24418771266937256,0,1
qwen32B-int4_retail_50runs,baseline,Qwen3-Embedding-0.6B,9f183979-e7c5-4a58-93b8-192e7299cd95,42,58,agent,0.6278373003005981,0.4666666666666667,0.0,0.5710350573062897,0.0463050816740308,,0,1
qwen32B-int4_retail_50runs,baseline,Qwen3-Embedding-0.6B,9f183979-e7c5-4a58-93b8-192e7299cd95,43,58,tool,,,,,,,0,1
qwen32B-int4_retail_50runs,baseline,Qwen3-Embedding-0.6B,9f183979-e7c5-4a58-93b8-192e7299cd95,44,58,agent,0.7435857653617859,0.26136363636363635,0.0,0.36468446254730225,-0.18800655433109825,,0,1
qwen32B-int4_retail_50runs,baseline,Qwen3-Embedding-0.6B,9f183979-e7c5-4a58-93b8-192e7299cd95,45,58,tool,,,,,,,0,1
qwen32B-int4_retail_50runs,baseline,Qwen3-Embedding-0.6B,9f183979-e7c5-4a58-93b8-192e7299cd95,46,58,agent,0.8647444248199463,0.5135135135135135,0.0,0.5688391923904419,0.01635254280907772,,0,1
qwen32B-int4_retail_50runs,baseline,Qwen3-Embedding-0.6B,9f183979-e7c5-4a58-93b8-192e7299cd95,47,58,tool,,,,,,,0,1
qwen32B-int4_retail_50runs,baseline,Qwen3-Embedding-0.6B,9f183979-e7c5-4a58-93b8-192e7299cd95,48,58,agent,0.7220596075057983,0.3181818181818182,0.0,,,,0,1
qwen32B-int4_retail_50runs,baseline,Qwen3-Embedding-0.6B,9f183979-e7c5-4a58-93b8-192e7299cd95,49,58,user,,,,,,0.2426578402519226,0,1
qwen32B-int4_retail_50runs,baseline,Qwen3-Embedding-0.6B,9f183979-e7c5-4a58-93b8-192e7299cd95,50,58,agent,0.3414369523525238,0.015151515151515152,0.0,0.5251727104187012,-0.05479650838034489,,0,1
qwen32B-int4_retail_50runs,baseline,Qwen3-Embedding-0.6B,9f183979-e7c5-4a58-93b8-192e7299cd95,51,58,tool,,,,,,,0,1
qwen32B-int4_retail_50runs,baseline,Qwen3-Embedding-0.6B,9f183979-e7c5-4a58-93b8-192e7299cd95,52,58,agent,0.8475286960601807,0.42105263157894735,0.0,,,,0,1
qwen32B-int4_retail_50runs,baseline,Qwen3-Embedding-0.6B,9f183979-e7c5-4a58-93b8-192e7299cd95,53,58,user,,,,,,0.3057519197463989,0,1
qwen32B-int4_retail_50runs,baseline,Qwen3-Embedding-0.6B,9f183979-e7c5-4a58-93b8-192e7299cd95,54,58,agent,0.9993215203285217,0.8333333333333334,0.8333333333333334,0.5254000723361969,-0.05617807379790718,,0,1
qwen32B-int4_retail_50runs,baseline,Qwen3-Embedding-0.6B,9f183979-e7c5-4a58-93b8-192e7299cd95,55,58,tool,,,,,,,0,1
qwen32B-int4_retail_50runs,baseline,Qwen3-Embedding-0.6B,9f183979-e7c5-4a58-93b8-192e7299cd95,56,58,agent,0.979615330696106,0.6483516483516484,0.0,,,,0,1
qwen32B-int4_retail_50runs,baseline,Qwen3-Embedding-0.6B,9f183979-e7c5-4a58-93b8-192e7299cd95,57,58,user,,,,,,0.6464852690696716,0,1
qwen32B-int4_retail_50runs,baseline,Qwen3-Embedding-0.6B,1c9ecfdb-3316-4750-97b3-205fedfa62c4,0,54,agent,,,,,,,0,0
qwen32B-int4_retail_50runs,baseline,Qwen3-Embedding-0.6B,1c9ecfdb-3316-4750-97b3-205fedfa62c4,1,54,user,,,,,,0.48982393741607666,0,0
qwen32B-int4_retail_50runs,baseline,Qwen3-Embedding-0.6B,1c9ecfdb-3316-4750-97b3-205fedfa62c4,2,54,agent,0.43614786863327026,0.17391304347826086,0.0,,,,0,0
qwen32B-int4_retail_50runs,baseline,Qwen3-Embedding-0.6B,1c9ecfdb-3316-4750-97b3-205fedfa62c4,3,54,user,,,,,,0.2889338731765747,0,0
qwen32B-int4_retail_50runs,baseline,Qwen3-Embedding-0.6B,1c9ecfdb-3316-4750-97b3-205fedfa62c4,4,54,agent,0.771126389503479,0.029411764705882353,0.0,0.47079622745513916,-0.10150829702615738,,0,0
qwen32B-int4_retail_50runs,baseline,Qwen3-Embedding-0.6B,1c9ecfdb-3316-4750-97b3-205fedfa62c4,5,54,tool,,,,,,,0,0
qwen32B-int4_retail_50runs,baseline,Qwen3-Embedding-0.6B,1c9ecfdb-3316-4750-97b3-205fedfa62c4,6,54,agent,0.692395806312561,0.3684210526315789,0.0,0.5248390138149261,-0.0676347017288208,,0,0
qwen32B-int4_retail_50runs,baseline,Qwen3-Embedding-0.6B,1c9ecfdb-3316-4750-97b3-205fedfa62c4,7,54,tool,,,,,,,0,0
qwen32B-int4_retail_50runs,baseline,Qwen3-Embedding-0.6B,1c9ecfdb-3316-4750-97b3-205fedfa62c4,8,54,agent,0.4460868239402771,0.02631578947368421,0.0,,,,0,0
qwen32B-int4_retail_50runs,baseline,Qwen3-Embedding-0.6B,1c9ecfdb-3316-4750-97b3-205fedfa62c4,9,54,user,,,,,,0.5414079129695892,0,0
qwen32B-int4_retail_50runs,baseline,Qwen3-Embedding-0.6B,1c9ecfdb-3316-4750-97b3-205fedfa62c4,10,54,agent,0.6940902471542358,0.4666666666666667,0.0,0.5491507947444916,0.0035951460401216773,,0,0
qwen32B-int4_retail_50runs,baseline,Qwen3-Embedding-0.6B,1c9ecfdb-3316-4750-97b3-205fedfa62c4,11,54,tool,,,,,,,0,0
qwen32B-int4_retail_50runs,baseline,Qwen3-Embedding-0.6B,1c9ecfdb-3316-4750-97b3-205fedfa62c4,12,54,agent,0.6376122236251831,0.20754716981132076,0.0,,,,0,0
qwen32B-int4_retail_50runs,baseline,Qwen3-Embedding-0.6B,1c9ecfdb-3316-4750-97b3-205fedfa62c4,13,54,user,,,,,,0.22512125968933105,0,0
qwen32B-int4_retail_50runs,baseline,Qwen3-Embedding-0.6B,1c9ecfdb-3316-4750-97b3-205fedfa62c4,14,54,agent,0.7592865228652954,0.234375,0.0,,,,0,0
qwen32B-int4_retail_50runs,baseline,Qwen3-Embedding-0.6B,1c9ecfdb-3316-4750-97b3-205fedfa62c4,15,54,user,,,,,,0.31487375497817993,0,0
qwen32B-int4_retail_50runs,baseline,Qwen3-Embedding-0.6B,1c9ecfdb-3316-4750-97b3-205fedfa62c4,16,54,agent,0.7761343121528625,0.2765957446808511,0.0,,,,0,0
qwen32B-int4_retail_50runs,baseline,Qwen3-Embedding-0.6B,1c9ecfdb-3316-4750-97b3-205fedfa62c4,17,54,user,,,,,,0.06642532348632812,0,0
qwen32B-int4_retail_50runs,baseline,Qwen3-Embedding-0.6B,1c9ecfdb-3316-4750-97b3-205fedfa62c4,18,54,agent,0.4219987690448761,0.029411764705882353,0.0,0.5188306868076324,-0.0707986677686373,,0,0
qwen32B-int4_retail_50runs,baseline,Qwen3-Embedding-0.6B,1c9ecfdb-3316-4750-97b3-205fedfa62c4,19,54,tool,,,,,,,0,0
qwen32B-int4_retail_50runs,baseline,Qwen3-Embedding-0.6B,1c9ecfdb-3316-4750-97b3-205fedfa62c4,20,54,agent,0.8997856974601746,0.15217391304347827,0.0,0.5098995864391327,0.021141638358434023,,0,0
qwen32B-int4_retail_50runs,baseline,Qwen3-Embedding-0.6B,1c9ecfdb-3316-4750-97b3-205fedfa62c4,21,54,tool,,,,,,,0,0
qwen32B-int4_retail_50runs,baseline,Qwen3-Embedding-0.6B,1c9ecfdb-3316-4750-97b3-205fedfa62c4,22,54,agent,0.7293627858161926,0.22,0.0,0.5060675144195557,-0.029111812512079838,,0,0
qwen32B-int4_retail_50runs,baseline,Qwen3-Embedding-0.6B,1c9ecfdb-3316-4750-97b3-205fedfa62c4,23,54,tool,,,,,,,0,0
qwen32B-int4_retail_50runs,baseline,Qwen3-Embedding-0.6B,1c9ecfdb-3316-4750-97b3-205fedfa62c4,24,54,agent,0.6693812608718872,0.24528301886792453,0.0,,,,0,0
qwen32B-int4_retail_50runs,baseline,Qwen3-Embedding-0.6B,1c9ecfdb-3316-4750-97b3-205fedfa62c4,25,54,user,,,,,,0.42783308029174805,0,0
qwen32B-int4_retail_50runs,baseline,Qwen3-Embedding-0.6B,1c9ecfdb-3316-4750-97b3-205fedfa62c4,26,54,agent,0.61497962474823,0.16883116883116883,0.0,,,,0,0
qwen32B-int4_retail_50runs,baseline,Qwen3-Embedding-0.6B,1c9ecfdb-3316-4750-97b3-205fedfa62c4,27,54,user,,,,,,0.3762331008911133,0,0
qwen32B-int4_retail_50runs,baseline,Qwen3-Embedding-0.6B,1c9ecfdb-3316-4750-97b3-205fedfa62c4,28,54,agent,0.5058472156524658,0.16,0.0,,,,0,0
qwen32B-int4_retail_50runs,baseline,Qwen3-Embedding-0.6B,1c9ecfdb-3316-4750-97b3-205fedfa62c4,29,54,user,,,,,,0.34163302183151245,0,0
qwen32B-int4_retail_50runs,baseline,Qwen3-Embedding-0.6B,1c9ecfdb-3316-4750-97b3-205fedfa62c4,30,54,agent,0.6924073100090027,0.3103448275862069,0.0,0.3309907913208008,-0.14637597650289536,,0,0
qwen32B-int4_retail_50runs,baseline,Qwen3-Embedding-0.6B,1c9ecfdb-3316-4750-97b3-205fedfa62c4,31,54,tool,,,,,,,0,0
qwen32B-int4_retail_50runs,baseline,Qwen3-Embedding-0.6B,1c9ecfdb-3316-4750-97b3-205fedfa62c4,32,54,agent,0.8558148741722107,0.30120481927710846,0.0,,,,0,0
qwen32B-int4_retail_50runs,baseline,Qwen3-Embedding-0.6B,1c9ecfdb-3316-4750-97b3-205fedfa62c4,33,54,user,,,,,,0.1383899450302124,0,0
qwen32B-int4_retail_50runs,baseline,Qwen3-Embedding-0.6B,1c9ecfdb-3316-4750-97b3-205fedfa62c4,34,54,agent,0.6853405237197876,0.09375,0.0,0.4134374260902405,-0.17174417028824485,,0,0
qwen32B-int4_retail_50runs,baseline,Qwen3-Embedding-0.6B,1c9ecfdb-3316-4750-97b3-205fedfa62c4,35,54,tool,,,,,,,0,0
qwen32B-int4_retail_50runs,baseline,Qwen3-Embedding-0.6B,1c9ecfdb-3316-4750-97b3-205fedfa62c4,36,54,agent,0.8758365511894226,0.2571428571428571,0.0,0.4708854556083679,0.015484107037385286,,0,0
qwen32B-int4_retail_50runs,baseline,Qwen3-Embedding-0.6B,1c9ecfdb-3316-4750-97b3-205fedfa62c4,37,54,tool,,,,,,,0,0
qwen32B-int4_retail_50runs,baseline,Qwen3-Embedding-0.6B,1c9ecfdb-3316-4750-97b3-205fedfa62c4,38,54,agent,0.7788323163986206,0.2786885245901639,0.0,0.4632677435874939,-0.12548945347468055,,0,0
qwen32B-int4_retail_50runs,baseline,Qwen3-Embedding-0.6B,1c9ecfdb-3316-4750-97b3-205fedfa62c4,39,54,tool,,,,,,,0,0
qwen32B-int4_retail_50runs,baseline,Qwen3-Embedding-0.6B,1c9ecfdb-3316-4750-97b3-205fedfa62c4,40,54,agent,0.8075208067893982,0.2441860465116279,0.0,,,,0,0
qwen32B-int4_retail_50runs,baseline,Qwen3-Embedding-0.6B,1c9ecfdb-3316-4750-97b3-205fedfa62c4,41,54,user,,,,,,0.18015635013580322,0,0
qwen32B-int4_retail_50runs,baseline,Qwen3-Embedding-0.6B,1c9ecfdb-3316-4750-97b3-205fedfa62c4,42,54,agent,0.6599213480949402,0.1,0.0,0.4462299942970276,-0.13865349690119422,,0,0
qwen32B-int4_retail_50runs,baseline,Qwen3-Embedding-0.6B,1c9ecfdb-3316-4750-97b3-205fedfa62c4,43,54,tool,,,,,,,0,0
qwen32B-int4_retail_50runs,baseline,Qwen3-Embedding-0.6B,1c9ecfdb-3316-4750-97b3-205fedfa62c4,44,54,agent,0.8333359956741333,0.21428571428571427,0.0,0.5035636126995087,-0.056670255959033966,,0,0
qwen32B-int4_retail_50runs,baseline,Qwen3-Embedding-0.6B,1c9ecfdb-3316-4750-97b3-205fedfa62c4,45,54,tool,,,,,,,0,0
qwen32B-int4_retail_50runs,baseline,Qwen3-Embedding-0.6B,1c9ecfdb-3316-4750-97b3-205fedfa62c4,46,54,agent,0.6734536290168762,0.19718309859154928,0.0,,,,0,0
qwen32B-int4_retail_50runs,baseline,Qwen3-Embedding-0.6B,1c9ecfdb-3316-4750-97b3-205fedfa62c4,47,54,user,,,,,,0.22104930877685547,0,0
qwen32B-int4_retail_50runs,baseline,Qwen3-Embedding-0.6B,1c9ecfdb-3316-4750-97b3-205fedfa62c4,48,54,agent,0.7913858294487,0.417910447761194,0.0,,,,0,0
qwen32B-int4_retail_50runs,baseline,Qwen3-Embedding-0.6B,1c9ecfdb-3316-4750-97b3-205fedfa62c4,49,54,user,,,,,,0.10273385047912598,0,0
qwen32B-int4_retail_50runs,baseline,Qwen3-Embedding-0.6B,1c9ecfdb-3316-4750-97b3-205fedfa62c4,50,54,agent,0.6053295731544495,0.04838709677419355,0.0,0.5235178768634796,0.0441303625702858,,0,0
qwen32B-int4_retail_50runs,baseline,Qwen3-Embedding-0.6B,1c9ecfdb-3316-4750-97b3-205fedfa62c4,51,54,tool,,,,,,,0,0
qwen32B-int4_retail_50runs,baseline,Qwen3-Embedding-0.6B,1c9ecfdb-3316-4750-97b3-205fedfa62c4,52,54,agent,0.8913256525993347,0.3188405797101449,0.0,,,,0,0
qwen32B-int4_retail_50runs,baseline,Qwen3-Embedding-0.6B,1c9ecfdb-3316-4750-97b3-205fedfa62c4,53,54,user,,,,,,0.6335016191005707,0,0
qwen32B-int4_retail_50runs,baseline,Qwen3-Embedding-0.6B,2a0329aa-ecc6-439b-8503-ca4bb3aea8d3,0,62,agent,,,,,,,0,1
qwen32B-int4_retail_50runs,baseline,Qwen3-Embedding-0.6B,2a0329aa-ecc6-439b-8503-ca4bb3aea8d3,1,62,user,,,,,,0.547857016324997,0,1
qwen32B-int4_retail_50runs,baseline,Qwen3-Embedding-0.6B,2a0329aa-ecc6-439b-8503-ca4bb3aea8d3,2,62,agent,0.5121209621429443,0.07692307692307693,0.0,,,,0,1
qwen32B-int4_retail_50runs,baseline,Qwen3-Embedding-0.6B,2a0329aa-ecc6-439b-8503-ca4bb3aea8d3,3,62,user,,,,,,0.2989586591720581,0,1
qwen32B-int4_retail_50runs,baseline,Qwen3-Embedding-0.6B,2a0329aa-ecc6-439b-8503-ca4bb3aea8d3,4,62,agent,0.7961074113845825,0.02857142857142857,0.0,0.4721624255180359,-0.1466577649116516,,0,1
qwen32B-int4_retail_50runs,baseline,Qwen3-Embedding-0.6B,2a0329aa-ecc6-439b-8503-ca4bb3aea8d3,5,62,tool,,,,,,,0,1
qwen32B-int4_retail_50runs,baseline,Qwen3-Embedding-0.6B,2a0329aa-ecc6-439b-8503-ca4bb3aea8d3,6,62,agent,0.5707646608352661,0.2222222222222222,0.0,,,,0,1
qwen32B-int4_retail_50runs,baseline,Qwen3-Embedding-0.6B,2a0329aa-ecc6-439b-8503-ca4bb3aea8d3,7,62,user,,,,,,0.2916472554206848,0,1
qwen32B-int4_retail_50runs,baseline,Qwen3-Embedding-0.6B,2a0329aa-ecc6-439b-8503-ca4bb3aea8d3,8,62,agent,0.5955917239189148,0.20588235294117646,0.0,0.5472934246063232,0.016264840083963783,,0,1
qwen32B-int4_retail_50runs,baseline,Qwen3-Embedding-0.6B,2a0329aa-ecc6-439b-8503-ca4bb3aea8d3,9,62,tool,,,,,,,0,1
qwen32B-int4_retail_50runs,baseline,Qwen3-Embedding-0.6B,2a0329aa-ecc6-439b-8503-ca4bb3aea8d3,10,62,agent,0.8095160126686096,0.23076923076923078,0.0,,,,0,1
qwen32B-int4_retail_50runs,baseline,Qwen3-Embedding-0.6B,2a0329aa-ecc6-439b-8503-ca4bb3aea8d3,11,62,user,,,,,,0.31912535429000854,0,1
qwen32B-int4_retail_50runs,baseline,Qwen3-Embedding-0.6B,2a0329aa-ecc6-439b-8503-ca4bb3aea8d3,12,62,agent,0.5562426447868347,0.03636363636363636,0.0,0.527947336435318,-0.06201769849833316,,0,1
qwen32B-int4_retail_50runs,baseline,Qwen3-Embedding-0.6B,2a0329aa-ecc6-439b-8503-ca4bb3aea8d3,13,62,tool,,,,,,,0,1
qwen32B-int4_retail_50runs,baseline,Qwen3-Embedding-0.6B,2a0329aa-ecc6-439b-8503-ca4bb3aea8d3,14,62,agent,0.7316989302635193,0.23880597014925373,0.0,,,,0,1
qwen32B-int4_retail_50runs,baseline,Qwen3-Embedding-0.6B,2a0329aa-ecc6-439b-8503-ca4bb3aea8d3,15,62,user,,,,,,0.38621413707733154,0,1
qwen32B-int4_retail_50runs,baseline,Qwen3-Embedding-0.6B,2a0329aa-ecc6-439b-8503-ca4bb3aea8d3,16,62,agent,0.9867115616798401,0.6923076923076923,0.0,0.5527502000331879,-0.04026569163098059,,0,1
qwen32B-int4_retail_50runs,baseline,Qwen3-Embedding-0.6B,2a0329aa-ecc6-439b-8503-ca4bb3aea8d3,17,62,tool,,,,,,,0,1
qwen32B-int4_retail_50runs,baseline,Qwen3-Embedding-0.6B,2a0329aa-ecc6-439b-8503-ca4bb3aea8d3,18,62,agent,0.7280587553977966,0.25925925925925924,0.0,,,,0,1
qwen32B-int4_retail_50runs,baseline,Qwen3-Embedding-0.6B,2a0329aa-ecc6-439b-8503-ca4bb3aea8d3,19,62,user,,,,,,0.29865992069244385,0,1
qwen32B-int4_retail_50runs,baseline,Qwen3-Embedding-0.6B,2a0329aa-ecc6-439b-8503-ca4bb3aea8d3,20,62,agent,0.9908765554428101,0.6923076923076923,0.0,0.5578848719596863,-0.029193099807290457,,0,1
qwen32B-int4_retail_50runs,baseline,Qwen3-Embedding-0.6B,2a0329aa-ecc6-439b-8503-ca4bb3aea8d3,21,62,tool,,,,,,,0,1
qwen32B-int4_retail_50runs,baseline,Qwen3-Embedding-0.6B,2a0329aa-ecc6-439b-8503-ca4bb3aea8d3,22,62,agent,0.7133969664573669,0.23529411764705882,0.0,,,,0,1
qwen32B-int4_retail_50runs,baseline,Qwen3-Embedding-0.6B,2a0329aa-ecc6-439b-8503-ca4bb3aea8d3,23,62,user,,,,,,0.5166774690151215,0,1
qwen32B-int4_retail_50runs,baseline,Qwen3-Embedding-0.6B,2a0329aa-ecc6-439b-8503-ca4bb3aea8d3,24,62,agent,0.5305727124214172,0.1724137931034483,0.0,,,,0,1
qwen32B-int4_retail_50runs,baseline,Qwen3-Embedding-0.6B,2a0329aa-ecc6-439b-8503-ca4bb3aea8d3,25,62,user,,,,,,0.24229216575622559,0,1
qwen32B-int4_retail_50runs,baseline,Qwen3-Embedding-0.6B,2a0329aa-ecc6-439b-8503-ca4bb3aea8d3,26,62,agent,0.8398177027702332,0.25471698113207547,0.0,0.41385340690612793,-0.1970313016106101,,0,1
qwen32B-int4_retail_50runs,baseline,Qwen3-Embedding-0.6B,2a0329aa-ecc6-439b-8503-ca4bb3aea8d3,27,62,tool,,,,,,,0,1
qwen32B-int4_retail_50runs,baseline,Qwen3-Embedding-0.6B,2a0329aa-ecc6-439b-8503-ca4bb3aea8d3,28,62,agent,0.9104359149932861,0.36666666666666664,0.0,,,,0,1
qwen32B-int4_retail_50runs,baseline,Qwen3-Embedding-0.6B,2a0329aa-ecc6-439b-8503-ca4bb3aea8d3,29,62,user,,,,,,0.2970584034919739,0,1
qwen32B-int4_retail_50runs,baseline,Qwen3-Embedding-0.6B,2a0329aa-ecc6-439b-8503-ca4bb3aea8d3,30,62,agent,0.5816677808761597,0.15789473684210525,0.0,0.41843467950820923,-0.14948519889046163,,0,1
qwen32B-int4_retail_50runs,baseline,Qwen3-Embedding-0.6B,2a0329aa-ecc6-439b-8503-ca4bb3aea8d3,31,62,tool,,,,,,,0,1
qwen32B-int4_retail_50runs,baseline,Qwen3-Embedding-0.6B,2a0329aa-ecc6-439b-8503-ca4bb3aea8d3,32,62,agent,0.7224885821342468,0.3125,0.0,,,,0,1
qwen32B-int4_retail_50runs,baseline,Qwen3-Embedding-0.6B,2a0329aa-ecc6-439b-8503-ca4bb3aea8d3,33,62,user,,,,,,0.18358516693115234,0,1
qwen32B-int4_retail_50runs,baseline,Qwen3-Embedding-0.6B,2a0329aa-ecc6-439b-8503-ca4bb3aea8d3,34,62,agent,0.7794604897499084,0.16216216216216217,0.0,0.474353551864624,-0.16162314660408916,,0,1
qwen32B-int4_retail_50runs,baseline,Qwen3-Embedding-0.6B,2a0329aa-ecc6-439b-8503-ca4bb3aea8d3,35,62,tool,,,,,,,0,1
qwen32B-int4_retail_50runs,baseline,Qwen3-Embedding-0.6B,2a0329aa-ecc6-439b-8503-ca4bb3aea8d3,36,62,agent,0.8612792491912842,0.2753623188405797,0.0,,,,0,1
qwen32B-int4_retail_50runs,baseline,Qwen3-Embedding-0.6B,2a0329aa-ecc6-439b-8503-ca4bb3aea8d3,37,62,user,,,,,,0.1567157506942749,0,1
qwen32B-int4_retail_50runs,baseline,Qwen3-Embedding-0.6B,2a0329aa-ecc6-439b-8503-ca4bb3aea8d3,38,62,agent,0.9238819479942322,0.5915492957746479,0.0,0.7093091309070587,0.08216160974081821,,0,1
qwen32B-int4_retail_50runs,baseline,Qwen3-Embedding-0.6B,2a0329aa-ecc6-439b-8503-ca4bb3aea8d3,39,62,tool,,,,,,,0,1
qwen32B-int4_retail_50runs,baseline,Qwen3-Embedding-0.6B,2a0329aa-ecc6-439b-8503-ca4bb3aea8d3,40,62,agent,0.8061480522155762,0.34408602150537637,0.0,0.5207701623439789,-0.029143973308451088,,0,1
qwen32B-int4_retail_50runs,baseline,Qwen3-Embedding-0.6B,2a0329aa-ecc6-439b-8503-ca4bb3aea8d3,41,62,tool,,,,,,,0,1
qwen32B-int4_retail_50runs,baseline,Qwen3-Embedding-0.6B,2a0329aa-ecc6-439b-8503-ca4bb3aea8d3,42,62,agent,0.9774468541145325,0.684931506849315,0.0,0.6706602871417999,0.11800309489755068,,0,1
qwen32B-int4_retail_50runs,baseline,Qwen3-Embedding-0.6B,2a0329aa-ecc6-439b-8503-ca4bb3aea8d3,43,62,tool,,,,,,,0,1
qwen32B-int4_retail_50runs,baseline,Qwen3-Embedding-0.6B,2a0329aa-ecc6-439b-8503-ca4bb3aea8d3,44,62,agent,0.9274183511734009,0.6891891891891891,0.0,0.6317624151706696,0.03403737089213199,,0,1
qwen32B-int4_retail_50runs,baseline,Qwen3-Embedding-0.6B,2a0329aa-ecc6-439b-8503-ca4bb3aea8d3,45,62,tool,,,,,,,0,1
qwen32B-int4_retail_50runs,baseline,Qwen3-Embedding-0.6B,2a0329aa-ecc6-439b-8503-ca4bb3aea8d3,46,62,agent,0.9010447263717651,0.6197183098591549,0.0,0.44950181245803833,-0.15132920181050025,,0,1
qwen32B-int4_retail_50runs,baseline,Qwen3-Embedding-0.6B,2a0329aa-ecc6-439b-8503-ca4bb3aea8d3,47,62,tool,,,,,,,0,1
qwen32B-int4_retail_50runs,baseline,Qwen3-Embedding-0.6B,2a0329aa-ecc6-439b-8503-ca4bb3aea8d3,48,62,agent,0.881468653678894,0.4868421052631579,0.0,0.6353287398815155,0.06270887483568754,,0,1
qwen32B-int4_retail_50runs,baseline,Qwen3-Embedding-0.6B,2a0329aa-ecc6-439b-8503-ca4bb3aea8d3,49,62,tool,,,,,,,0,1
qwen32B-int4_retail_50runs,baseline,Qwen3-Embedding-0.6B,2a0329aa-ecc6-439b-8503-ca4bb3aea8d3,50,62,agent,0.7558628916740417,0.3218390804597701,0.0,,,,0,1
qwen32B-int4_retail_50runs,baseline,Qwen3-Embedding-0.6B,2a0329aa-ecc6-439b-8503-ca4bb3aea8d3,51,62,user,,,,,,0.08636492490768433,0,1
qwen32B-int4_retail_50runs,baseline,Qwen3-Embedding-0.6B,2a0329aa-ecc6-439b-8503-ca4bb3aea8d3,52,62,agent,0.6832788586616516,0.43548387096774194,0.0,0.525109589099884,-0.17288870320600624,,0,1
qwen32B-int4_retail_50runs,baseline,Qwen3-Embedding-0.6B,2a0329aa-ecc6-439b-8503-ca4bb3aea8d3,53,62,tool,,,,,,,0,1
qwen32B-int4_retail_50runs,baseline,Qwen3-Embedding-0.6B,2a0329aa-ecc6-439b-8503-ca4bb3aea8d3,54,62,agent,0.6693406105041504,0.4482758620689655,0.0,0.6476026177406311,0.05647924191811504,,0,1
qwen32B-int4_retail_50runs,baseline,Qwen3-Embedding-0.6B,2a0329aa-ecc6-439b-8503-ca4bb3aea8d3,55,62,tool,,,,,,,0,1
qwen32B-int4_retail_50runs,baseline,Qwen3-Embedding-0.6B,2a0329aa-ecc6-439b-8503-ca4bb3aea8d3,56,62,agent,0.7044088840484619,0.25757575757575757,0.0,0.4876604676246643,-0.09188741620849161,,0,1
qwen32B-int4_retail_50runs,baseline,Qwen3-Embedding-0.6B,2a0329aa-ecc6-439b-8503-ca4bb3aea8d3,57,62,tool,,,,,,,0,1
qwen32B-int4_retail_50runs,baseline,Qwen3-Embedding-0.6B,2a0329aa-ecc6-439b-8503-ca4bb3aea8d3,58,62,agent,0.8536741733551025,0.5636363636363636,0.0,0.42555999755859375,-0.18782895014566536,,0,1
qwen32B-int4_retail_50runs,baseline,Qwen3-Embedding-0.6B,2a0329aa-ecc6-439b-8503-ca4bb3aea8d3,59,62,tool,,,,,,,0,1
qwen32B-int4_retail_50runs,baseline,Qwen3-Embedding-0.6B,2a0329aa-ecc6-439b-8503-ca4bb3aea8d3,60,62,agent,0.6357017755508423,0.2698412698412698,0.0,,,,0,1
qwen32B-int4_retail_50runs,baseline,Qwen3-Embedding-0.6B,2a0329aa-ecc6-439b-8503-ca4bb3aea8d3,61,62,user,,,,,,0.6552894711494446,0,1
qwen32B-int4_retail_50runs,baseline,Qwen3-Embedding-0.6B,ee94996d-26b8-45a6-99a7-5c1618c6ebab,0,18,agent,,,,,,,0,1
qwen32B-int4_retail_50runs,baseline,Qwen3-Embedding-0.6B,ee94996d-26b8-45a6-99a7-5c1618c6ebab,1,18,user,,,,,,0.7750439196825027,0,1
qwen32B-int4_retail_50runs,baseline,Qwen3-Embedding-0.6B,ee94996d-26b8-45a6-99a7-5c1618c6ebab,2,18,agent,0.4554487466812134,0.10256410256410256,0.0,,,,0,1
qwen32B-int4_retail_50runs,baseline,Qwen3-Embedding-0.6B,ee94996d-26b8-45a6-99a7-5c1618c6ebab,3,18,user,,,,,,0.24710112810134888,0,1
qwen32B-int4_retail_50runs,baseline,Qwen3-Embedding-0.6B,ee94996d-26b8-45a6-99a7-5c1618c6ebab,4,18,agent,0.680869996547699,0.0851063829787234,0.0,0.49889886379241943,-0.025725334882736206,,0,1
qwen32B-int4_retail_50runs,baseline,Qwen3-Embedding-0.6B,ee94996d-26b8-45a6-99a7-5c1618c6ebab,5,18,tool,,,,,,,0,1
qwen32B-int4_retail_50runs,baseline,Qwen3-Embedding-0.6B,ee94996d-26b8-45a6-99a7-5c1618c6ebab,6,18,agent,0.670528769493103,0.21212121212121213,0.0,,,,0,1
qwen32B-int4_retail_50runs,baseline,Qwen3-Embedding-0.6B,ee94996d-26b8-45a6-99a7-5c1618c6ebab,7,18,user,,,,,,0.22003597021102905,0,1
qwen32B-int4_retail_50runs,baseline,Qwen3-Embedding-0.6B,ee94996d-26b8-45a6-99a7-5c1618c6ebab,8,18,agent,0.6788149476051331,0.3684210526315789,0.0,0.4998582601547241,-0.036751627922058105,,0,1
qwen32B-int4_retail_50runs,baseline,Qwen3-Embedding-0.6B,ee94996d-26b8-45a6-99a7-5c1618c6ebab,9,18,tool,,,,,,,0,1
qwen32B-int4_retail_50runs,baseline,Qwen3-Embedding-0.6B,ee94996d-26b8-45a6-99a7-5c1618c6ebab,10,18,agent,0.60300213098526,0.24675324675324675,0.0,,,,0,1
qwen32B-int4_retail_50runs,baseline,Qwen3-Embedding-0.6B,ee94996d-26b8-45a6-99a7-5c1618c6ebab,11,18,user,,,,,,0.3698514699935913,0,1
qwen32B-int4_retail_50runs,baseline,Qwen3-Embedding-0.6B,ee94996d-26b8-45a6-99a7-5c1618c6ebab,12,18,agent,0.6299751996994019,0.4666666666666667,0.0,0.502173513174057,-0.016794860363006592,,0,1
qwen32B-int4_retail_50runs,baseline,Qwen3-Embedding-0.6B,ee94996d-26b8-45a6-99a7-5c1618c6ebab,13,18,tool,,,,,,,0,1
qwen32B-int4_retail_50runs,baseline,Qwen3-Embedding-0.6B,ee94996d-26b8-45a6-99a7-5c1618c6ebab,14,18,agent,0.6032527685165405,0.17647058823529413,0.0,,,,0,1
qwen32B-int4_retail_50runs,baseline,Qwen3-Embedding-0.6B,ee94996d-26b8-45a6-99a7-5c1618c6ebab,15,18,user,,,,,,0.1951083540916443,0,1
qwen32B-int4_retail_50runs,baseline,Qwen3-Embedding-0.6B,ee94996d-26b8-45a6-99a7-5c1618c6ebab,16,18,agent,0.7475054264068604,0.24468085106382978,0.0,,,,0,1
qwen32B-int4_retail_50runs,baseline,Qwen3-Embedding-0.6B,ee94996d-26b8-45a6-99a7-5c1618c6ebab,17,18,user,,,,,,0.3552349805831909,0,1
qwen32B-int4_retail_50runs,baseline,Qwen3-Embedding-0.6B,4b952495-e8fd-4300-b698-d510ac62f3a1,0,24,agent,,,,,,,0,1
qwen32B-int4_retail_50runs,baseline,Qwen3-Embedding-0.6B,4b952495-e8fd-4300-b698-d510ac62f3a1,1,24,user,,,,,,0.7773137241601944,0,1
qwen32B-int4_retail_50runs,baseline,Qwen3-Embedding-0.6B,4b952495-e8fd-4300-b698-d510ac62f3a1,2,24,agent,0.3253379762172699,0.0851063829787234,0.0,,,,0,1
qwen32B-int4_retail_50runs,baseline,Qwen3-Embedding-0.6B,4b952495-e8fd-4300-b698-d510ac62f3a1,3,24,user,,,,,,0.5066080391407013,0,1
qwen32B-int4_retail_50runs,baseline,Qwen3-Embedding-0.6B,4b952495-e8fd-4300-b698-d510ac62f3a1,4,24,agent,0.5327134132385254,0.05357142857142857,0.0,0.49772870540618896,-0.08719463646411896,,0,1
qwen32B-int4_retail_50runs,baseline,Qwen3-Embedding-0.6B,4b952495-e8fd-4300-b698-d510ac62f3a1,5,24,tool,,,,,,,0,1
qwen32B-int4_retail_50runs,baseline,Qwen3-Embedding-0.6B,4b952495-e8fd-4300-b698-d510ac62f3a1,6,24,agent,0.7241623997688293,0.2597402597402597,0.0,,,,0,1
qwen32B-int4_retail_50runs,baseline,Qwen3-Embedding-0.6B,4b952495-e8fd-4300-b698-d510ac62f3a1,7,24,user,,,,,,0.25618988275527954,0,1
qwen32B-int4_retail_50runs,baseline,Qwen3-Embedding-0.6B,4b952495-e8fd-4300-b698-d510ac62f3a1,8,24,agent,0.6843106746673584,0.3684210526315789,0.0,0.49440646171569824,-0.09595955163240433,,0,1
qwen32B-int4_retail_50runs,baseline,Qwen3-Embedding-0.6B,4b952495-e8fd-4300-b698-d510ac62f3a1,9,24,tool,,,,,,,0,1
qwen32B-int4_retail_50runs,baseline,Qwen3-Embedding-0.6B,4b952495-e8fd-4300-b698-d510ac62f3a1,10,24,agent,0.9326801300048828,0.5757575757575758,0.0,,,,0,1
qwen32B-int4_retail_50runs,baseline,Qwen3-Embedding-0.6B,4b952495-e8fd-4300-b698-d510ac62f3a1,11,24,user,,,,,,0.2724320888519287,0,1
qwen32B-int4_retail_50runs,baseline,Qwen3-Embedding-0.6B,4b952495-e8fd-4300-b698-d510ac62f3a1,12,24,agent,0.6309860944747925,0.4666666666666667,0.0,0.4932730197906494,-0.06681827455759048,,0,1
qwen32B-int4_retail_50runs,baseline,Qwen3-Embedding-0.6B,4b952495-e8fd-4300-b698-d510ac62f3a1,13,24,tool,,,,,,,0,1
qwen32B-int4_retail_50runs,baseline,Qwen3-Embedding-0.6B,4b952495-e8fd-4300-b698-d510ac62f3a1,14,24,agent,0.6102327108383179,0.21212121212121213,0.0,,,,0,1
qwen32B-int4_retail_50runs,baseline,Qwen3-Embedding-0.6B,4b952495-e8fd-4300-b698-d510ac62f3a1,15,24,user,,,,,,0.26678282022476196,0,1
qwen32B-int4_retail_50runs,baseline,Qwen3-Embedding-0.6B,4b952495-e8fd-4300-b698-d510ac62f3a1,16,24,agent,0.5547497868537903,0.47368421052631576,0.0,0.5406631231307983,0.0608406588435173,,0,1
qwen32B-int4_retail_50runs,baseline,Qwen3-Embedding-0.6B,4b952495-e8fd-4300-b698-d510ac62f3a1,17,24,tool,,,,,,,0,1
qwen32B-int4_retail_50runs,baseline,Qwen3-Embedding-0.6B,4b952495-e8fd-4300-b698-d510ac62f3a1,18,24,agent,0.8017873764038086,0.3711340206185567,0.0,,,,0,1
qwen32B-int4_retail_50runs,baseline,Qwen3-Embedding-0.6B,4b952495-e8fd-4300-b698-d510ac62f3a1,19,24,user,,,,,,0.11945891380310059,0,1
qwen32B-int4_retail_50runs,baseline,Qwen3-Embedding-0.6B,4b952495-e8fd-4300-b698-d510ac62f3a1,20,24,agent,0.6756472587585449,0.391304347826087,0.0,0.4181777238845825,-0.17359600216150284,,0,1
qwen32B-int4_retail_50runs,baseline,Qwen3-Embedding-0.6B,4b952495-e8fd-4300-b698-d510ac62f3a1,21,24,tool,,,,,,,0,1
qwen32B-int4_retail_50runs,baseline,Qwen3-Embedding-0.6B,4b952495-e8fd-4300-b698-d510ac62f3a1,22,24,agent,0.5572280883789062,0.16964285714285715,0.0,,,,0,1
qwen32B-int4_retail_50runs,baseline,Qwen3-Embedding-0.6B,4b952495-e8fd-4300-b698-d510ac62f3a1,23,24,user,,,,,,0.23004132509231567,0,1
qwen32B-int4_retail_50runs,baseline,Qwen3-Embedding-0.6B,14757230-d7c7-4fd9-92cb-ba208c350d8c,0,20,agent,,,,,,,0,1
qwen32B-int4_retail_50runs,baseline,Qwen3-Embedding-0.6B,14757230-d7c7-4fd9-92cb-ba208c350d8c,1,20,user,,,,,,0.609860748052597,0,1
qwen32B-int4_retail_50runs,baseline,Qwen3-Embedding-0.6B,14757230-d7c7-4fd9-92cb-ba208c350d8c,2,20,agent,0.34523454308509827,0.057692307692307696,0.0,,,,0,1
qwen32B-int4_retail_50runs,baseline,Qwen3-Embedding-0.6B,14757230-d7c7-4fd9-92cb-ba208c350d8c,3,20,user,,,,,,0.48122984170913696,0,1
qwen32B-int4_retail_50runs,baseline,Qwen3-Embedding-0.6B,14757230-d7c7-4fd9-92cb-ba208c350d8c,4,20,agent,0.4551747441291809,0.03333333333333333,0.0,0.4070935845375061,-0.1630152563254038,,0,1
qwen32B-int4_retail_50runs,baseline,Qwen3-Embedding-0.6B,14757230-d7c7-4fd9-92cb-ba208c350d8c,5,20,tool,,,,,,,0,1
qwen32B-int4_retail_50runs,baseline,Qwen3-Embedding-0.6B,14757230-d7c7-4fd9-92cb-ba208c350d8c,6,20,agent,0.9989213347434998,0.75,0.0,0.5461946725845337,0.031349460283915165,,0,1
qwen32B-int4_retail_50runs,baseline,Qwen3-Embedding-0.6B,14757230-d7c7-4fd9-92cb-ba208c350d8c,7,20,tool,,,,,,,0,1
qwen32B-int4_retail_50runs,baseline,Qwen3-Embedding-0.6B,14757230-d7c7-4fd9-92cb-ba208c350d8c,8,20,agent,0.3653738498687744,0.028985507246376812,0.0,,,,0,1
qwen32B-int4_retail_50runs,baseline,Qwen3-Embedding-0.6B,14757230-d7c7-4fd9-92cb-ba208c350d8c,9,20,user,,,,,,0.21320724487304688,0,1
qwen32B-int4_retail_50runs,baseline,Qwen3-Embedding-0.6B,14757230-d7c7-4fd9-92cb-ba208c350d8c,10,20,agent,0.5086696743965149,0.3888888888888889,0.0,0.40349483489990234,-0.16745785872141516,,0,1
qwen32B-int4_retail_50runs,baseline,Qwen3-Embedding-0.6B,14757230-d7c7-4fd9-92cb-ba208c350d8c,11,20,tool,,,,,,,0,1
qwen32B-int4_retail_50runs,baseline,Qwen3-Embedding-0.6B,14757230-d7c7-4fd9-92cb-ba208c350d8c,12,20,agent,0.824833333492279,0.24675324675324675,0.0,,,,0,1
qwen32B-int4_retail_50runs,baseline,Qwen3-Embedding-0.6B,14757230-d7c7-4fd9-92cb-ba208c350d8c,13,20,user,,,,,,0.2915652394294739,0,1
qwen32B-int4_retail_50runs,baseline,Qwen3-Embedding-0.6B,14757230-d7c7-4fd9-92cb-ba208c350d8c,14,20,agent,0.8063259720802307,0.25,0.0,,,,0,1
qwen32B-int4_retail_50runs,baseline,Qwen3-Embedding-0.6B,14757230-d7c7-4fd9-92cb-ba208c350d8c,15,20,user,,,,,,0.22408175468444824,0,1
qwen32B-int4_retail_50runs,baseline,Qwen3-Embedding-0.6B,14757230-d7c7-4fd9-92cb-ba208c350d8c,16,20,agent,0.47983410954475403,0.03636363636363636,0.0,0.4077374339103699,-0.16694870591163635,,0,1
qwen32B-int4_retail_50runs,baseline,Qwen3-Embedding-0.6B,14757230-d7c7-4fd9-92cb-ba208c350d8c,17,20,tool,,,,,,,0,1
qwen32B-int4_retail_50runs,baseline,Qwen3-Embedding-0.6B,14757230-d7c7-4fd9-92cb-ba208c350d8c,18,20,agent,0.6761691570281982,0.24390243902439024,0.0,,,,0,1
qwen32B-int4_retail_50runs,baseline,Qwen3-Embedding-0.6B,14757230-d7c7-4fd9-92cb-ba208c350d8c,19,20,user,,,,,,0.6926310658454895,0,1
qwen32B-int4_retail_50runs,baseline,Qwen3-Embedding-0.6B,73ddd3e0-add2-44b9-b1ac-ccc8f249c594,0,28,agent,,,,,,,0,1
qwen32B-int4_retail_50runs,baseline,Qwen3-Embedding-0.6B,73ddd3e0-add2-44b9-b1ac-ccc8f249c594,1,28,user,,,,,,0.5630368590354919,0,1
qwen32B-int4_retail_50runs,baseline,Qwen3-Embedding-0.6B,73ddd3e0-add2-44b9-b1ac-ccc8f249c594,2,28,agent,0.4581419825553894,0.06896551724137931,0.0,,,,0,1
qwen32B-int4_retail_50runs,baseline,Qwen3-Embedding-0.6B,73ddd3e0-add2-44b9-b1ac-ccc8f249c594,3,28,user,,,,,,0.3741801381111145,0,1
qwen32B-int4_retail_50runs,baseline,Qwen3-Embedding-0.6B,73ddd3e0-add2-44b9-b1ac-ccc8f249c594,4,28,agent,0.6292577385902405,0.05714285714285714,0.0,0.392905056476593,-0.21753685474395756,,0,1
qwen32B-int4_retail_50runs,baseline,Qwen3-Embedding-0.6B,73ddd3e0-add2-44b9-b1ac-ccc8f249c594,5,28,tool,,,,,,,0,1
qwen32B-int4_retail_50runs,baseline,Qwen3-Embedding-0.6B,73ddd3e0-add2-44b9-b1ac-ccc8f249c594,6,28,agent,0.8259958028793335,0.3333333333333333,0.0,0.5374142825603485,-0.020761567354202315,,0,1
qwen32B-int4_retail_50runs,baseline,Qwen3-Embedding-0.6B,73ddd3e0-add2-44b9-b1ac-ccc8f249c594,7,28,tool,,,,,,,0,1
qwen32B-int4_retail_50runs,baseline,Qwen3-Embedding-0.6B,73ddd3e0-add2-44b9-b1ac-ccc8f249c594,8,28,agent,0.788672149181366,0.4117647058823529,0.0,0.4834555387496948,-0.073492968082428,,0,1
qwen32B-int4_retail_50runs,baseline,Qwen3-Embedding-0.6B,73ddd3e0-add2-44b9-b1ac-ccc8f249c594,9,28,tool,,,,,,,0,1
qwen32B-int4_retail_50runs,baseline,Qwen3-Embedding-0.6B,73ddd3e0-add2-44b9-b1ac-ccc8f249c594,10,28,agent,0.5595294833183289,0.023809523809523808,0.0,,,,0,1
qwen32B-int4_retail_50runs,baseline,Qwen3-Embedding-0.6B,73ddd3e0-add2-44b9-b1ac-ccc8f249c594,11,28,user,,,,,,0.2639128565788269,0,1
qwen32B-int4_retail_50runs,baseline,Qwen3-Embedding-0.6B,73ddd3e0-add2-44b9-b1ac-ccc8f249c594,12,28,agent,0.7278820872306824,0.25,0.0,,,,0,1
qwen32B-int4_retail_50runs,baseline,Qwen3-Embedding-0.6B,73ddd3e0-add2-44b9-b1ac-ccc8f249c594,13,28,user,,,,,,0.4386986494064331,0,1
qwen32B-int4_retail_50runs,baseline,Qwen3-Embedding-0.6B,73ddd3e0-add2-44b9-b1ac-ccc8f249c594,14,28,agent,0.7889100313186646,0.26666666666666666,0.0,0.4627057909965515,-0.08794771432876591,,0,1
qwen32B-int4_retail_50runs,baseline,Qwen3-Embedding-0.6B,73ddd3e0-add2-44b9-b1ac-ccc8f249c594,15,28,tool,,,,,,,0,1
qwen32B-int4_retail_50runs,baseline,Qwen3-Embedding-0.6B,73ddd3e0-add2-44b9-b1ac-ccc8f249c594,16,28,agent,0.561170220375061,0.15555555555555556,0.0,,,,0,1
qwen32B-int4_retail_50runs,baseline,Qwen3-Embedding-0.6B,73ddd3e0-add2-44b9-b1ac-ccc8f249c594,17,28,user,,,,,,0.3459605574607849,0,1
qwen32B-int4_retail_50runs,baseline,Qwen3-Embedding-0.6B,73ddd3e0-add2-44b9-b1ac-ccc8f249c594,18,28,agent,0.6850879192352295,0.025,0.0,0.5565805733203888,-0.007866543531417802,,0,1
qwen32B-int4_retail_50runs,baseline,Qwen3-Embedding-0.6B,73ddd3e0-add2-44b9-b1ac-ccc8f249c594,19,28,tool,,,,,,,0,1
qwen32B-int4_retail_50runs,baseline,Qwen3-Embedding-0.6B,73ddd3e0-add2-44b9-b1ac-ccc8f249c594,20,28,agent,0.6833537817001343,0.1588785046728972,0.0,,,,0,1
qwen32B-int4_retail_50runs,baseline,Qwen3-Embedding-0.6B,73ddd3e0-add2-44b9-b1ac-ccc8f249c594,21,28,user,,,,,,0.1431955099105835,0,1
qwen32B-int4_retail_50runs,baseline,Qwen3-Embedding-0.6B,73ddd3e0-add2-44b9-b1ac-ccc8f249c594,22,28,agent,0.5956765413284302,0.2,0.0,,,,0,1
qwen32B-int4_retail_50runs,baseline,Qwen3-Embedding-0.6B,73ddd3e0-add2-44b9-b1ac-ccc8f249c594,23,28,user,,,,,,0.1080356240272522,0,1
qwen32B-int4_retail_50runs,baseline,Qwen3-Embedding-0.6B,73ddd3e0-add2-44b9-b1ac-ccc8f249c594,24,28,agent,0.8225647807121277,0.10810810810810811,0.0,0.40863990783691406,-0.18383700251579282,,0,1
qwen32B-int4_retail_50runs,baseline,Qwen3-Embedding-0.6B,73ddd3e0-add2-44b9-b1ac-ccc8f249c594,25,28,tool,,,,,,,0,1
qwen32B-int4_retail_50runs,baseline,Qwen3-Embedding-0.6B,73ddd3e0-add2-44b9-b1ac-ccc8f249c594,26,28,agent,0.6687386631965637,0.16071428571428573,0.0,,,,0,1
qwen32B-int4_retail_50runs,baseline,Qwen3-Embedding-0.6B,73ddd3e0-add2-44b9-b1ac-ccc8f249c594,27,28,user,,,,,,0.6340948641300201,0,1
qwen32B-int4_retail_50runs,baseline,Qwen3-Embedding-0.6B,b60c846f-57c0-4f16-a4cf-721da58eaff4,0,30,agent,,,,,,,0,1
qwen32B-int4_retail_50runs,baseline,Qwen3-Embedding-0.6B,b60c846f-57c0-4f16-a4cf-721da58eaff4,1,30,user,,,,,,0.5851932764053345,0,1
qwen32B-int4_retail_50runs,baseline,Qwen3-Embedding-0.6B,b60c846f-57c0-4f16-a4cf-721da58eaff4,2,30,agent,0.36237379908561707,0.0,0.0,0.471585214138031,-0.07776223619778955,,0,1
qwen32B-int4_retail_50runs,baseline,Qwen3-Embedding-0.6B,b60c846f-57c0-4f16-a4cf-721da58eaff4,3,30,tool,,,,,,,0,1
qwen32B-int4_retail_50runs,baseline,Qwen3-Embedding-0.6B,b60c846f-57c0-4f16-a4cf-721da58eaff4,4,30,agent,0.7006759643554688,0.0967741935483871,0.0,,,,0,1
qwen32B-int4_retail_50runs,baseline,Qwen3-Embedding-0.6B,b60c846f-57c0-4f16-a4cf-721da58eaff4,5,30,user,,,,,,0.43292224407196045,0,1
qwen32B-int4_retail_50runs,baseline,Qwen3-Embedding-0.6B,b60c846f-57c0-4f16-a4cf-721da58eaff4,6,30,agent,0.7915560603141785,0.35,0.0,0.394567608833313,-0.176242803533872,,0,1
qwen32B-int4_retail_50runs,baseline,Qwen3-Embedding-0.6B,b60c846f-57c0-4f16-a4cf-721da58eaff4,7,30,tool,,,,,,,0,1
qwen32B-int4_retail_50runs,baseline,Qwen3-Embedding-0.6B,b60c846f-57c0-4f16-a4cf-721da58eaff4,8,30,agent,0.8884432315826416,0.42105263157894735,0.0,,,,0,1
qwen32B-int4_retail_50runs,baseline,Qwen3-Embedding-0.6B,b60c846f-57c0-4f16-a4cf-721da58eaff4,9,30,user,,,,,,0.6632665693759918,0,1
qwen32B-int4_retail_50runs,baseline,Qwen3-Embedding-0.6B,b60c846f-57c0-4f16-a4cf-721da58eaff4,10,30,agent,0.7831786274909973,0.3333333333333333,0.0,0.5441410839557648,0.0002585699160894128,,0,1
qwen32B-int4_retail_50runs,baseline,Qwen3-Embedding-0.6B,b60c846f-57c0-4f16-a4cf-721da58eaff4,11,30,tool,,,,,,,0,1
qwen32B-int4_retail_50runs,baseline,Qwen3-Embedding-0.6B,b60c846f-57c0-4f16-a4cf-721da58eaff4,12,30,agent,0.4231244623661041,0.21739130434782608,0.0,,,,0,1
qwen32B-int4_retail_50runs,baseline,Qwen3-Embedding-0.6B,b60c846f-57c0-4f16-a4cf-721da58eaff4,13,30,user,,,,,,0.3710428476333618,0,1
qwen32B-int4_retail_50runs,baseline,Qwen3-Embedding-0.6B,b60c846f-57c0-4f16-a4cf-721da58eaff4,14,30,agent,0.6599299311637878,0.22950819672131148,0.0,,,,0,1
qwen32B-int4_retail_50runs,baseline,Qwen3-Embedding-0.6B,b60c846f-57c0-4f16-a4cf-721da58eaff4,15,30,user,,,,,,0.08923608064651489,0,1
qwen32B-int4_retail_50runs,baseline,Qwen3-Embedding-0.6B,b60c846f-57c0-4f16-a4cf-721da58eaff4,16,30,agent,0.43854546546936035,0.02564102564102564,0.0,0.48919862508773804,-0.04155161480108893,,0,1
qwen32B-int4_retail_50runs,baseline,Qwen3-Embedding-0.6B,b60c846f-57c0-4f16-a4cf-721da58eaff4,17,30,tool,,,,,,,0,1
qwen32B-int4_retail_50runs,baseline,Qwen3-Embedding-0.6B,b60c846f-57c0-4f16-a4cf-721da58eaff4,18,30,agent,0.8971611857414246,0.5,0.0,0.5663047432899475,-0.0836884627739588,,0,1
qwen32B-int4_retail_50runs,baseline,Qwen3-Embedding-0.6B,b60c846f-57c0-4f16-a4cf-721da58eaff4,19,30,tool,,,,,,,0,1
qwen32B-int4_retail_50runs,baseline,Qwen3-Embedding-0.6B,b60c846f-57c0-4f16-a4cf-721da58eaff4,20,30,agent,0.7405375838279724,0.22580645161290322,0.0,,,,0,1
qwen32B-int4_retail_50runs,baseline,Qwen3-Embedding-0.6B,b60c846f-57c0-4f16-a4cf-721da58eaff4,21,30,user,,,,,,0.6854083836078644,0,1
qwen32B-int4_retail_50runs,baseline,Qwen3-Embedding-0.6B,b60c846f-57c0-4f16-a4cf-721da58eaff4,22,30,agent,0.5305966138839722,0.038461538461538464,0.0,0.5558778643608093,-0.03348248203595483,,0,1
qwen32B-int4_retail_50runs,baseline,Qwen3-Embedding-0.6B,b60c846f-57c0-4f16-a4cf-721da58eaff4,23,30,tool,,,,,,,0,1
qwen32B-int4_retail_50runs,baseline,Qwen3-Embedding-0.6B,b60c846f-57c0-4f16-a4cf-721da58eaff4,24,30,agent,0.6428990364074707,0.23728813559322035,0.0,,,,0,1
qwen32B-int4_retail_50runs,baseline,Qwen3-Embedding-0.6B,b60c846f-57c0-4f16-a4cf-721da58eaff4,25,30,user,,,,,,0.6829028129577637,0,1
qwen32B-int4_retail_50runs,baseline,Qwen3-Embedding-0.6B,b60c846f-57c0-4f16-a4cf-721da58eaff4,26,30,agent,0.662621796131134,0.4090909090909091,0.0,0.4127706289291382,-0.21001999080181122,,0,1
qwen32B-int4_retail_50runs,baseline,Qwen3-Embedding-0.6B,b60c846f-57c0-4f16-a4cf-721da58eaff4,27,30,tool,,,,,,,0,1
qwen32B-int4_retail_50runs,baseline,Qwen3-Embedding-0.6B,b60c846f-57c0-4f16-a4cf-721da58eaff4,28,30,agent,0.784523606300354,0.15384615384615385,0.0,,,,0,1
qwen32B-int4_retail_50runs,baseline,Qwen3-Embedding-0.6B,b60c846f-57c0-4f16-a4cf-721da58eaff4,29,30,user,,,,,,0.6407289206981659,0,1
qwen32B-int4_retail_50runs,baseline,Qwen3-Embedding-0.6B,59e54500-d88c-4200-9cc1-e7b03e897c9d,0,18,agent,,,,,,,0,0
qwen32B-int4_retail_50runs,baseline,Qwen3-Embedding-0.6B,59e54500-d88c-4200-9cc1-e7b03e897c9d,1,18,user,,,,,,0.5906720161437988,0,0
qwen32B-int4_retail_50runs,baseline,Qwen3-Embedding-0.6B,59e54500-d88c-4200-9cc1-e7b03e897c9d,2,18,agent,0.4813072681427002,0.10256410256410256,0.0,,,,0,0
qwen32B-int4_retail_50runs,baseline,Qwen3-Embedding-0.6B,59e54500-d88c-4200-9cc1-e7b03e897c9d,3,18,user,,,,,,0.3875202536582947,0,0
qwen32B-int4_retail_50runs,baseline,Qwen3-Embedding-0.6B,59e54500-d88c-4200-9cc1-e7b03e897c9d,4,18,agent,0.6349789500236511,0.041666666666666664,0.0,0.4915393590927124,-0.14542364080746972,,0,0
qwen32B-int4_retail_50runs,baseline,Qwen3-Embedding-0.6B,59e54500-d88c-4200-9cc1-e7b03e897c9d,5,18,tool,,,,,,,0,0
qwen32B-int4_retail_50runs,baseline,Qwen3-Embedding-0.6B,59e54500-d88c-4200-9cc1-e7b03e897c9d,6,18,agent,0.797885537147522,0.3888888888888889,0.0,0.5368916392326355,-0.0335157414277395,,0,0
qwen32B-int4_retail_50runs,baseline,Qwen3-Embedding-0.6B,59e54500-d88c-4200-9cc1-e7b03e897c9d,7,18,tool,,,,,,,0,0
qwen32B-int4_retail_50runs,baseline,Qwen3-Embedding-0.6B,59e54500-d88c-4200-9cc1-e7b03e897c9d,8,18,agent,0.3143458068370819,0.024096385542168676,0.0,,,,0,0
qwen32B-int4_retail_50runs,baseline,Qwen3-Embedding-0.6B,59e54500-d88c-4200-9cc1-e7b03e897c9d,9,18,user,,,,,,0.23417341709136963,0,0
qwen32B-int4_retail_50runs,baseline,Qwen3-Embedding-0.6B,59e54500-d88c-4200-9cc1-e7b03e897c9d,10,18,agent,0.6328768730163574,0.4666666666666667,0.0,0.5460180640220642,-0.010423173507054684,,0,0
qwen32B-int4_retail_50runs,baseline,Qwen3-Embedding-0.6B,59e54500-d88c-4200-9cc1-e7b03e897c9d,11,18,tool,,,,,,,0,0
qwen32B-int4_retail_50runs,baseline,Qwen3-Embedding-0.6B,59e54500-d88c-4200-9cc1-e7b03e897c9d,12,18,agent,0.7746356129646301,0.26804123711340205,0.0,,,,0,0
qwen32B-int4_retail_50runs,baseline,Qwen3-Embedding-0.6B,59e54500-d88c-4200-9cc1-e7b03e897c9d,13,18,user,,,,,,0.20286792516708374,0,0
qwen32B-int4_retail_50runs,baseline,Qwen3-Embedding-0.6B,59e54500-d88c-4200-9cc1-e7b03e897c9d,14,18,agent,0.7318844199180603,0.6,0.0,0.4831349849700928,-0.07258021831512451,,0,0
qwen32B-int4_retail_50runs,baseline,Qwen3-Embedding-0.6B,59e54500-d88c-4200-9cc1-e7b03e897c9d,15,18,tool,,,,,,,0,0
qwen32B-int4_retail_50runs,baseline,Qwen3-Embedding-0.6B,59e54500-d88c-4200-9cc1-e7b03e897c9d,16,18,agent,0.8065782785415649,0.24390243902439024,0.0,,,,0,0
qwen32B-int4_retail_50runs,baseline,Qwen3-Embedding-0.6B,59e54500-d88c-4200-9cc1-e7b03e897c9d,17,18,user,,,,,,0.33278024196624756,0,0
qwen32B-int4_retail_50runs,baseline,Qwen3-Embedding-0.6B,fcba53d8-9d78-4dca-a408-f4b0b2fbf0c7,0,28,agent,,,,,,,0,1
qwen32B-int4_retail_50runs,baseline,Qwen3-Embedding-0.6B,fcba53d8-9d78-4dca-a408-f4b0b2fbf0c7,1,28,user,,,,,,0.6151963174343109,0,1
qwen32B-int4_retail_50runs,baseline,Qwen3-Embedding-0.6B,fcba53d8-9d78-4dca-a408-f4b0b2fbf0c7,2,28,agent,0.35703250765800476,0.0,0.0,0.4884341359138489,-0.03486895561218262,,0,1
qwen32B-int4_retail_50runs,baseline,Qwen3-Embedding-0.6B,fcba53d8-9d78-4dca-a408-f4b0b2fbf0c7,3,28,tool,,,,,,,0,1
qwen32B-int4_retail_50runs,baseline,Qwen3-Embedding-0.6B,fcba53d8-9d78-4dca-a408-f4b0b2fbf0c7,4,28,agent,0.47398433089256287,0.07894736842105263,0.0,,,,0,1
qwen32B-int4_retail_50runs,baseline,Qwen3-Embedding-0.6B,fcba53d8-9d78-4dca-a408-f4b0b2fbf0c7,5,28,user,,,,,,0.2927095890045166,0,1
qwen32B-int4_retail_50runs,baseline,Qwen3-Embedding-0.6B,fcba53d8-9d78-4dca-a408-f4b0b2fbf0c7,6,28,agent,0.79522705078125,0.3,0.0,0.42829394340515137,-0.0330228626728058,,0,1
qwen32B-int4_retail_50runs,baseline,Qwen3-Embedding-0.6B,fcba53d8-9d78-4dca-a408-f4b0b2fbf0c7,7,28,tool,,,,,,,0,1
qwen32B-int4_retail_50runs,baseline,Qwen3-Embedding-0.6B,fcba53d8-9d78-4dca-a408-f4b0b2fbf0c7,8,28,agent,0.5702717900276184,0.018518518518518517,0.0,0.4633691906929016,-0.0730950593948364,,0,1
qwen32B-int4_retail_50runs,baseline,Qwen3-Embedding-0.6B,fcba53d8-9d78-4dca-a408-f4b0b2fbf0c7,9,28,tool,,,,,,,0,1
qwen32B-int4_retail_50runs,baseline,Qwen3-Embedding-0.6B,fcba53d8-9d78-4dca-a408-f4b0b2fbf0c7,10,28,agent,0.7000880241394043,0.35443037974683544,0.0,,,,0,1
qwen32B-int4_retail_50runs,baseline,Qwen3-Embedding-0.6B,fcba53d8-9d78-4dca-a408-f4b0b2fbf0c7,11,28,user,,,,,,0.16197818517684937,0,1
qwen32B-int4_retail_50runs,baseline,Qwen3-Embedding-0.6B,fcba53d8-9d78-4dca-a408-f4b0b2fbf0c7,12,28,agent,0.4923163056373596,0.3888888888888889,0.0,0.4797216057777405,-0.0437609016895294,,0,1
qwen32B-int4_retail_50runs,baseline,Qwen3-Embedding-0.6B,fcba53d8-9d78-4dca-a408-f4b0b2fbf0c7,13,28,tool,,,,,,,0,1
qwen32B-int4_retail_50runs,baseline,Qwen3-Embedding-0.6B,fcba53d8-9d78-4dca-a408-f4b0b2fbf0c7,14,28,agent,0.6676440834999084,0.3670886075949367,0.0,,,,0,1
qwen32B-int4_retail_50runs,baseline,Qwen3-Embedding-0.6B,fcba53d8-9d78-4dca-a408-f4b0b2fbf0c7,15,28,user,,,,,,0.20718997716903687,0,1
qwen32B-int4_retail_50runs,baseline,Qwen3-Embedding-0.6B,fcba53d8-9d78-4dca-a408-f4b0b2fbf0c7,16,28,agent,0.7083936333656311,0.3888888888888889,0.0,0.5042186677455902,0.009081542491912842,,0,1
qwen32B-int4_retail_50runs,baseline,Qwen3-Embedding-0.6B,fcba53d8-9d78-4dca-a408-f4b0b2fbf0c7,17,28,tool,,,,,,,0,1
qwen32B-int4_retail_50runs,baseline,Qwen3-Embedding-0.6B,fcba53d8-9d78-4dca-a408-f4b0b2fbf0c7,18,28,agent,0.7330852746963501,0.2289156626506024,0.0,,,,0,1
qwen32B-int4_retail_50runs,baseline,Qwen3-Embedding-0.6B,fcba53d8-9d78-4dca-a408-f4b0b2fbf0c7,19,28,user,,,,,,0.22469490766525269,0,1
qwen32B-int4_retail_50runs,baseline,Qwen3-Embedding-0.6B,fcba53d8-9d78-4dca-a408-f4b0b2fbf0c7,20,28,agent,0.7974095940589905,0.2159090909090909,0.0,,,,0,1
qwen32B-int4_retail_50runs,baseline,Qwen3-Embedding-0.6B,fcba53d8-9d78-4dca-a408-f4b0b2fbf0c7,21,28,user,,,,,,0.1617215871810913,0,1
qwen32B-int4_retail_50runs,baseline,Qwen3-Embedding-0.6B,fcba53d8-9d78-4dca-a408-f4b0b2fbf0c7,22,28,agent,0.6242066025733948,0.20634920634920634,0.0,0.4317963719367981,-0.162258917093277,,0,1
qwen32B-int4_retail_50runs,baseline,Qwen3-Embedding-0.6B,fcba53d8-9d78-4dca-a408-f4b0b2fbf0c7,23,28,tool,,,,,,,0,1
qwen32B-int4_retail_50runs,baseline,Qwen3-Embedding-0.6B,fcba53d8-9d78-4dca-a408-f4b0b2fbf0c7,24,28,agent,0.8194484710693359,0.38461538461538464,0.0,,,,0,1
qwen32B-int4_retail_50runs,baseline,Qwen3-Embedding-0.6B,fcba53d8-9d78-4dca-a408-f4b0b2fbf0c7,25,28,user,,,,,,0.42944324016571045,0,1
qwen32B-int4_retail_50runs,baseline,Qwen3-Embedding-0.6B,fcba53d8-9d78-4dca-a408-f4b0b2fbf0c7,26,28,agent,0.7746081948280334,0.3448275862068966,0.0,,,,0,1
qwen32B-int4_retail_50runs,baseline,Qwen3-Embedding-0.6B,fcba53d8-9d78-4dca-a408-f4b0b2fbf0c7,27,28,user,,,,,,0.5604188144207001,0,1
qwen32B-int4_retail_50runs,baseline,Qwen3-Embedding-0.6B,f70f76d8-c916-4f82-924f-1fac1dc3fb44,0,24,agent,,,,,,,0,1
qwen32B-int4_retail_50runs,baseline,Qwen3-Embedding-0.6B,f70f76d8-c916-4f82-924f-1fac1dc3fb44,1,24,user,,,,,,0.6192850470542908,0,1
qwen32B-int4_retail_50runs,baseline,Qwen3-Embedding-0.6B,f70f76d8-c916-4f82-924f-1fac1dc3fb44,2,24,agent,0.44614705443382263,0.0,0.0,0.5053153336048126,-0.054131651918093326,,0,1
qwen32B-int4_retail_50runs,baseline,Qwen3-Embedding-0.6B,f70f76d8-c916-4f82-924f-1fac1dc3fb44,3,24,tool,,,,,,,0,1
qwen32B-int4_retail_50runs,baseline,Qwen3-Embedding-0.6B,f70f76d8-c916-4f82-924f-1fac1dc3fb44,4,24,agent,0.424403578042984,0.04225352112676056,0.0,,,,0,1
qwen32B-int4_retail_50runs,baseline,Qwen3-Embedding-0.6B,f70f76d8-c916-4f82-924f-1fac1dc3fb44,5,24,user,,,,,,0.2046571969985962,0,1
qwen32B-int4_retail_50runs,baseline,Qwen3-Embedding-0.6B,f70f76d8-c916-4f82-924f-1fac1dc3fb44,6,24,agent,0.5727757811546326,0.3103448275862069,0.0,0.4262846112251282,-0.10500530401865638,,0,1
qwen32B-int4_retail_50runs,baseline,Qwen3-Embedding-0.6B,f70f76d8-c916-4f82-924f-1fac1dc3fb44,7,24,tool,,,,,,,0,1
qwen32B-int4_retail_50runs,baseline,Qwen3-Embedding-0.6B,f70f76d8-c916-4f82-924f-1fac1dc3fb44,8,24,agent,0.8088111877441406,0.2682926829268293,0.0,0.4106947183609009,-0.0063604265451431274,,0,1
qwen32B-int4_retail_50runs,baseline,Qwen3-Embedding-0.6B,f70f76d8-c916-4f82-924f-1fac1dc3fb44,9,24,tool,,,,,,,0,1
qwen32B-int4_retail_50runs,baseline,Qwen3-Embedding-0.6B,f70f76d8-c916-4f82-924f-1fac1dc3fb44,10,24,agent,0.6564086675643921,0.20408163265306123,0.0,0.44469934701919556,-0.09074071546395623,,0,1
qwen32B-int4_retail_50runs,baseline,Qwen3-Embedding-0.6B,f70f76d8-c916-4f82-924f-1fac1dc3fb44,11,24,tool,,,,,,,0,1
qwen32B-int4_retail_50runs,baseline,Qwen3-Embedding-0.6B,f70f76d8-c916-4f82-924f-1fac1dc3fb44,12,24,agent,0.8242403864860535,0.1724137931034483,0.0,,,,0,1
qwen32B-int4_retail_50runs,baseline,Qwen3-Embedding-0.6B,f70f76d8-c916-4f82-924f-1fac1dc3fb44,13,24,user,,,,,,0.30170655250549316,0,1
qwen32B-int4_retail_50runs,baseline,Qwen3-Embedding-0.6B,f70f76d8-c916-4f82-924f-1fac1dc3fb44,14,24,agent,0.35809943079948425,0.03333333333333333,0.0,0.41071170568466187,-0.13110843797524774,,0,1
qwen32B-int4_retail_50runs,baseline,Qwen3-Embedding-0.6B,f70f76d8-c916-4f82-924f-1fac1dc3fb44,15,24,tool,,,,,,,0,1
qwen32B-int4_retail_50runs,baseline,Qwen3-Embedding-0.6B,f70f76d8-c916-4f82-924f-1fac1dc3fb44,16,24,agent,0.6872730255126953,0.19642857142857142,0.0,0.3407161235809326,-0.24109562238057458,,0,1
qwen32B-int4_retail_50runs,baseline,Qwen3-Embedding-0.6B,f70f76d8-c916-4f82-924f-1fac1dc3fb44,17,24,tool,,,,,,,0,1
qwen32B-int4_retail_50runs,baseline,Qwen3-Embedding-0.6B,f70f76d8-c916-4f82-924f-1fac1dc3fb44,18,24,agent,0.5771282911300659,0.14705882352941177,0.0,,,,0,1
qwen32B-int4_retail_50runs,baseline,Qwen3-Embedding-0.6B,f70f76d8-c916-4f82-924f-1fac1dc3fb44,19,24,user,,,,,,0.6141581535339355,0,1
qwen32B-int4_retail_50runs,baseline,Qwen3-Embedding-0.6B,f70f76d8-c916-4f82-924f-1fac1dc3fb44,20,24,agent,0.5211491584777832,0.027777777777777776,0.0,0.4512993097305298,-0.042518372337023436,,0,1
qwen32B-int4_retail_50runs,baseline,Qwen3-Embedding-0.6B,f70f76d8-c916-4f82-924f-1fac1dc3fb44,21,24,tool,,,,,,,0,1
qwen32B-int4_retail_50runs,baseline,Qwen3-Embedding-0.6B,f70f76d8-c916-4f82-924f-1fac1dc3fb44,22,24,agent,0.8291229605674744,0.5733333333333334,0.0,,,,0,1
qwen32B-int4_retail_50runs,baseline,Qwen3-Embedding-0.6B,f70f76d8-c916-4f82-924f-1fac1dc3fb44,23,24,user,,,,,,0.5094271302223206,0,1
qwen32B-int4_retail_50runs,baseline,Qwen3-Embedding-0.6B,8a89e48d-3c85-4d21-a446-db46c5ac5e8d,0,24,agent,,,,,,,0,0
qwen32B-int4_retail_50runs,baseline,Qwen3-Embedding-0.6B,8a89e48d-3c85-4d21-a446-db46c5ac5e8d,1,24,user,,,,,,0.37770360708236694,0,0
qwen32B-int4_retail_50runs,baseline,Qwen3-Embedding-0.6B,8a89e48d-3c85-4d21-a446-db46c5ac5e8d,2,24,agent,0.5697478652000427,0.08823529411764706,0.0,,,,0,0
qwen32B-int4_retail_50runs,baseline,Qwen3-Embedding-0.6B,8a89e48d-3c85-4d21-a446-db46c5ac5e8d,3,24,user,,,,,,0.3766273260116577,0,0
qwen32B-int4_retail_50runs,baseline,Qwen3-Embedding-0.6B,8a89e48d-3c85-4d21-a446-db46c5ac5e8d,4,24,agent,0.6866794228553772,0.046511627906976744,0.0,0.5695756375789642,0.05348271131515503,,0,0
qwen32B-int4_retail_50runs,baseline,Qwen3-Embedding-0.6B,8a89e48d-3c85-4d21-a446-db46c5ac5e8d,5,24,tool,,,,,,,0,0
qwen32B-int4_retail_50runs,baseline,Qwen3-Embedding-0.6B,8a89e48d-3c85-4d21-a446-db46c5ac5e8d,6,24,agent,0.5375229120254517,0.21739130434782608,0.0,,,,0,0
qwen32B-int4_retail_50runs,baseline,Qwen3-Embedding-0.6B,8a89e48d-3c85-4d21-a446-db46c5ac5e8d,7,24,user,,,,,,0.22190117835998535,0,0
qwen32B-int4_retail_50runs,baseline,Qwen3-Embedding-0.6B,8a89e48d-3c85-4d21-a446-db46c5ac5e8d,8,24,agent,0.7403297424316406,0.1891891891891892,0.0,0.43928635120391846,-0.03243059913317364,,0,0
qwen32B-int4_retail_50runs,baseline,Qwen3-Embedding-0.6B,8a89e48d-3c85-4d21-a446-db46c5ac5e8d,9,24,tool,,,,,,,0,0
qwen32B-int4_retail_50runs,baseline,Qwen3-Embedding-0.6B,8a89e48d-3c85-4d21-a446-db46c5ac5e8d,10,24,agent,0.7389947772026062,0.2727272727272727,0.0,,,,0,0
qwen32B-int4_retail_50runs,baseline,Qwen3-Embedding-0.6B,8a89e48d-3c85-4d21-a446-db46c5ac5e8d,11,24,user,,,,,,0.2669984698295593,0,0
qwen32B-int4_retail_50runs,baseline,Qwen3-Embedding-0.6B,8a89e48d-3c85-4d21-a446-db46c5ac5e8d,12,24,agent,0.6883352994918823,0.17073170731707318,0.0,0.597376137971878,0.061175594727198246,,0,0
qwen32B-int4_retail_50runs,baseline,Qwen3-Embedding-0.6B,8a89e48d-3c85-4d21-a446-db46c5ac5e8d,13,24,tool,,,,,,,0,0
qwen32B-int4_retail_50runs,baseline,Qwen3-Embedding-0.6B,8a89e48d-3c85-4d21-a446-db46c5ac5e8d,14,24,agent,0.5962816476821899,0.1044776119402985,0.0,,,,0,0
qwen32B-int4_retail_50runs,baseline,Qwen3-Embedding-0.6B,8a89e48d-3c85-4d21-a446-db46c5ac5e8d,15,24,user,,,,,,0.44571638107299805,0,0
qwen32B-int4_retail_50runs,baseline,Qwen3-Embedding-0.6B,8a89e48d-3c85-4d21-a446-db46c5ac5e8d,16,24,agent,0.5139757990837097,0.125,0.0,,,,0,0
qwen32B-int4_retail_50runs,baseline,Qwen3-Embedding-0.6B,8a89e48d-3c85-4d21-a446-db46c5ac5e8d,17,24,user,,,,,,0.3781771659851074,0,0
qwen32B-int4_retail_50runs,baseline,Qwen3-Embedding-0.6B,8a89e48d-3c85-4d21-a446-db46c5ac5e8d,18,24,agent,0.6634161472320557,0.23863636363636365,0.0,,,,0,0
qwen32B-int4_retail_50runs,baseline,Qwen3-Embedding-0.6B,8a89e48d-3c85-4d21-a446-db46c5ac5e8d,19,24,user,,,,,,0.18837767839431763,0,0
qwen32B-int4_retail_50runs,baseline,Qwen3-Embedding-0.6B,8a89e48d-3c85-4d21-a446-db46c5ac5e8d,20,24,agent,0.4693129360675812,0.21311475409836064,0.0,0.42460018396377563,-0.10921652118364966,,0,0
qwen32B-int4_retail_50runs,baseline,Qwen3-Embedding-0.6B,8a89e48d-3c85-4d21-a446-db46c5ac5e8d,21,24,tool,,,,,,,0,0
qwen32B-int4_retail_50runs,baseline,Qwen3-Embedding-0.6B,8a89e48d-3c85-4d21-a446-db46c5ac5e8d,22,24,agent,0.8589471578598022,0.22857142857142856,0.0,,,,0,0
qwen32B-int4_retail_50runs,baseline,Qwen3-Embedding-0.6B,8a89e48d-3c85-4d21-a446-db46c5ac5e8d,23,24,user,,,,,,0.1976548433303833,0,0
qwen32B-int4_retail_50runs,baseline,Qwen3-Embedding-0.6B,b8b27395-f61a-44d9-9466-400c42a7c77d,0,42,agent,,,,,,,0,1
qwen32B-int4_retail_50runs,baseline,Qwen3-Embedding-0.6B,b8b27395-f61a-44d9-9466-400c42a7c77d,1,42,user,,,,,,0.5312199592590332,0,1
qwen32B-int4_retail_50runs,baseline,Qwen3-Embedding-0.6B,b8b27395-f61a-44d9-9466-400c42a7c77d,2,42,agent,0.45341870188713074,0.10526315789473684,0.0,,,,0,1
qwen32B-int4_retail_50runs,baseline,Qwen3-Embedding-0.6B,b8b27395-f61a-44d9-9466-400c42a7c77d,3,42,user,,,,,,0.5125024318695068,0,1
qwen32B-int4_retail_50runs,baseline,Qwen3-Embedding-0.6B,b8b27395-f61a-44d9-9466-400c42a7c77d,4,42,agent,0.660068929195404,0.06382978723404255,0.0,0.5158227384090424,-0.036497995257377625,,0,1
qwen32B-int4_retail_50runs,baseline,Qwen3-Embedding-0.6B,b8b27395-f61a-44d9-9466-400c42a7c77d,5,42,tool,,,,,,,0,1
qwen32B-int4_retail_50runs,baseline,Qwen3-Embedding-0.6B,b8b27395-f61a-44d9-9466-400c42a7c77d,6,42,agent,0.7058826088905334,0.3684210526315789,0.0,0.5111878216266632,-0.03775504231452942,,0,1
qwen32B-int4_retail_50runs,baseline,Qwen3-Embedding-0.6B,b8b27395-f61a-44d9-9466-400c42a7c77d,7,42,tool,,,,,,,0,1
qwen32B-int4_retail_50runs,baseline,Qwen3-Embedding-0.6B,b8b27395-f61a-44d9-9466-400c42a7c77d,8,42,agent,0.5114405155181885,0.05357142857142857,0.0,,,,0,1
qwen32B-int4_retail_50runs,baseline,Qwen3-Embedding-0.6B,b8b27395-f61a-44d9-9466-400c42a7c77d,9,42,user,,,,,,0.15843409299850464,0,1
qwen32B-int4_retail_50runs,baseline,Qwen3-Embedding-0.6B,b8b27395-f61a-44d9-9466-400c42a7c77d,10,42,agent,0.645950973033905,0.4666666666666667,0.0,0.5313152074813843,0.021768871694803238,,0,1
qwen32B-int4_retail_50runs,baseline,Qwen3-Embedding-0.6B,b8b27395-f61a-44d9-9466-400c42a7c77d,11,42,tool,,,,,,,0,1
qwen32B-int4_retail_50runs,baseline,Qwen3-Embedding-0.6B,b8b27395-f61a-44d9-9466-400c42a7c77d,12,42,agent,0.782234251499176,0.36619718309859156,0.0,,,,0,1
qwen32B-int4_retail_50runs,baseline,Qwen3-Embedding-0.6B,b8b27395-f61a-44d9-9466-400c42a7c77d,13,42,user,,,,,,0.5339672267436981,0,1
qwen32B-int4_retail_50runs,baseline,Qwen3-Embedding-0.6B,b8b27395-f61a-44d9-9466-400c42a7c77d,14,42,agent,0.7352011799812317,0.3103448275862069,0.0,0.4632522463798523,-0.024954799562692642,,0,1
qwen32B-int4_retail_50runs,baseline,Qwen3-Embedding-0.6B,b8b27395-f61a-44d9-9466-400c42a7c77d,15,42,tool,,,,,,,0,1
qwen32B-int4_retail_50runs,baseline,Qwen3-Embedding-0.6B,b8b27395-f61a-44d9-9466-400c42a7c77d,16,42,agent,0.9432734251022339,0.5737704918032787,0.0,,,,0,1
qwen32B-int4_retail_50runs,baseline,Qwen3-Embedding-0.6B,b8b27395-f61a-44d9-9466-400c42a7c77d,17,42,user,,,,,,0.42813640832901,0,1
qwen32B-int4_retail_50runs,baseline,Qwen3-Embedding-0.6B,b8b27395-f61a-44d9-9466-400c42a7c77d,18,42,agent,0.8447273969650269,0.7419354838709677,0.0,0.4253304600715637,-0.09133516252040863,,0,1
qwen32B-int4_retail_50runs,baseline,Qwen3-Embedding-0.6B,b8b27395-f61a-44d9-9466-400c42a7c77d,19,42,tool,,,,,,,0,1
qwen32B-int4_retail_50runs,baseline,Qwen3-Embedding-0.6B,b8b27395-f61a-44d9-9466-400c42a7c77d,20,42,agent,0.7928346991539001,0.4126984126984127,0.0,,,,0,1
qwen32B-int4_retail_50runs,baseline,Qwen3-Embedding-0.6B,b8b27395-f61a-44d9-9466-400c42a7c77d,21,42,user,,,,,,0.2955549955368042,0,1
qwen32B-int4_retail_50runs,baseline,Qwen3-Embedding-0.6B,b8b27395-f61a-44d9-9466-400c42a7c77d,22,42,agent,0.49211183190345764,0.3103448275862069,0.0,0.5047314465045929,-0.039663948118686676,,0,1
qwen32B-int4_retail_50runs,baseline,Qwen3-Embedding-0.6B,b8b27395-f61a-44d9-9466-400c42a7c77d,23,42,tool,,,,,,,0,1
qwen32B-int4_retail_50runs,baseline,Qwen3-Embedding-0.6B,b8b27395-f61a-44d9-9466-400c42a7c77d,24,42,agent,0.669977605342865,0.31343283582089554,0.0,,,,0,1
qwen32B-int4_retail_50runs,baseline,Qwen3-Embedding-0.6B,b8b27395-f61a-44d9-9466-400c42a7c77d,25,42,user,,,,,,0.276215136051178,0,1
qwen32B-int4_retail_50runs,baseline,Qwen3-Embedding-0.6B,b8b27395-f61a-44d9-9466-400c42a7c77d,26,42,agent,0.6451571583747864,0.4666666666666667,0.0,0.47360122203826904,-0.03750402480363846,,0,1
qwen32B-int4_retail_50runs,baseline,Qwen3-Embedding-0.6B,b8b27395-f61a-44d9-9466-400c42a7c77d,27,42,tool,,,,,,,0,1
qwen32B-int4_retail_50runs,baseline,Qwen3-Embedding-0.6B,b8b27395-f61a-44d9-9466-400c42a7c77d,28,42,agent,0.7625463604927063,0.2247191011235955,0.0,,,,0,1
qwen32B-int4_retail_50runs,baseline,Qwen3-Embedding-0.6B,b8b27395-f61a-44d9-9466-400c42a7c77d,29,42,user,,,,,,0.547725111246109,0,1
qwen32B-int4_retail_50runs,baseline,Qwen3-Embedding-0.6B,b8b27395-f61a-44d9-9466-400c42a7c77d,30,42,agent,0.7777338624000549,0.25,0.0,,,,0,1
qwen32B-int4_retail_50runs,baseline,Qwen3-Embedding-0.6B,b8b27395-f61a-44d9-9466-400c42a7c77d,31,42,user,,,,,,0.3767045736312866,0,1
qwen32B-int4_retail_50runs,baseline,Qwen3-Embedding-0.6B,b8b27395-f61a-44d9-9466-400c42a7c77d,32,42,agent,0.5117691159248352,0.04,0.0,0.4492267370223999,-0.06274900957942009,,0,1
qwen32B-int4_retail_50runs,baseline,Qwen3-Embedding-0.6B,b8b27395-f61a-44d9-9466-400c42a7c77d,33,42,tool,,,,,,,0,1
qwen32B-int4_retail_50runs,baseline,Qwen3-Embedding-0.6B,b8b27395-f61a-44d9-9466-400c42a7c77d,34,42,agent,0.8005688190460205,0.352112676056338,0.0,,,,0,1
qwen32B-int4_retail_50runs,baseline,Qwen3-Embedding-0.6B,b8b27395-f61a-44d9-9466-400c42a7c77d,35,42,user,,,,,,0.6750390529632568,0,1
qwen32B-int4_retail_50runs,baseline,Qwen3-Embedding-0.6B,b8b27395-f61a-44d9-9466-400c42a7c77d,36,42,agent,0.7744445204734802,0.391304347826087,0.0,,,,0,1
qwen32B-int4_retail_50runs,baseline,Qwen3-Embedding-0.6B,b8b27395-f61a-44d9-9466-400c42a7c77d,37,42,user,,,,,,0.5035088062286377,0,1
qwen32B-int4_retail_50runs,baseline,Qwen3-Embedding-0.6B,b8b27395-f61a-44d9-9466-400c42a7c77d,38,42,agent,0.5819261074066162,0.034482758620689655,0.0,0.4486140012741089,-0.046577926725149155,,0,1
qwen32B-int4_retail_50runs,baseline,Qwen3-Embedding-0.6B,b8b27395-f61a-44d9-9466-400c42a7c77d,39,42,tool,,,,,,,0,1
qwen32B-int4_retail_50runs,baseline,Qwen3-Embedding-0.6B,b8b27395-f61a-44d9-9466-400c42a7c77d,40,42,agent,0.8155179619789124,0.3125,0.0,,,,0,1
qwen32B-int4_retail_50runs,baseline,Qwen3-Embedding-0.6B,b8b27395-f61a-44d9-9466-400c42a7c77d,41,42,user,,,,,,0.7152808606624603,0,1
qwen32B-int4_retail_50runs,baseline,Qwen3-Embedding-0.6B,358cc614-45b8-49eb-856a-0a890f1094ee,0,74,agent,,,,,,,0,1
qwen32B-int4_retail_50runs,baseline,Qwen3-Embedding-0.6B,358cc614-45b8-49eb-856a-0a890f1094ee,1,74,user,,,,,,0.5670424699783325,0,1
qwen32B-int4_retail_50runs,baseline,Qwen3-Embedding-0.6B,358cc614-45b8-49eb-856a-0a890f1094ee,2,74,agent,0.3631584346294403,0.0,0.0,0.4758164882659912,-0.13768657644589744,,0,1
qwen32B-int4_retail_50runs,baseline,Qwen3-Embedding-0.6B,358cc614-45b8-49eb-856a-0a890f1094ee,3,74,tool,,,,,,,0,1
qwen32B-int4_retail_50runs,baseline,Qwen3-Embedding-0.6B,358cc614-45b8-49eb-856a-0a890f1094ee,4,74,agent,0.682103157043457,0.0967741935483871,0.0,,,,0,1
qwen32B-int4_retail_50runs,baseline,Qwen3-Embedding-0.6B,358cc614-45b8-49eb-856a-0a890f1094ee,5,74,user,,,,,,0.3970182538032532,0,1
qwen32B-int4_retail_50runs,baseline,Qwen3-Embedding-0.6B,358cc614-45b8-49eb-856a-0a890f1094ee,6,74,agent,0.7849544882774353,0.35,0.0,0.3849496841430664,-0.21461412111918132,,0,1
qwen32B-int4_retail_50runs,baseline,Qwen3-Embedding-0.6B,358cc614-45b8-49eb-856a-0a890f1094ee,7,74,tool,,,,,,,0,1
qwen32B-int4_retail_50runs,baseline,Qwen3-Embedding-0.6B,358cc614-45b8-49eb-856a-0a890f1094ee,8,74,agent,0.9123902320861816,0.4722222222222222,0.0,,,,0,1
qwen32B-int4_retail_50runs,baseline,Qwen3-Embedding-0.6B,358cc614-45b8-49eb-856a-0a890f1094ee,9,74,user,,,,,,0.6575358510017395,0,1
qwen32B-int4_retail_50runs,baseline,Qwen3-Embedding-0.6B,358cc614-45b8-49eb-856a-0a890f1094ee,10,74,agent,0.7792928218841553,0.3333333333333333,0.0,0.5415683388710022,-0.07616180777549741,,0,1
qwen32B-int4_retail_50runs,baseline,Qwen3-Embedding-0.6B,358cc614-45b8-49eb-856a-0a890f1094ee,11,74,tool,,,,,,,0,1
qwen32B-int4_retail_50runs,baseline,Qwen3-Embedding-0.6B,358cc614-45b8-49eb-856a-0a890f1094ee,12,74,agent,0.5033355951309204,0.2127659574468085,0.0,,,,0,1
qwen32B-int4_retail_50runs,baseline,Qwen3-Embedding-0.6B,358cc614-45b8-49eb-856a-0a890f1094ee,13,74,user,,,,,,0.3940383195877075,0,1
qwen32B-int4_retail_50runs,baseline,Qwen3-Embedding-0.6B,358cc614-45b8-49eb-856a-0a890f1094ee,14,74,agent,0.9184168577194214,0.33962264150943394,0.0,,,,0,1
qwen32B-int4_retail_50runs,baseline,Qwen3-Embedding-0.6B,358cc614-45b8-49eb-856a-0a890f1094ee,15,74,user,,,,,,0.3279609680175781,0,1
qwen32B-int4_retail_50runs,baseline,Qwen3-Embedding-0.6B,358cc614-45b8-49eb-856a-0a890f1094ee,16,74,agent,0.9576388597488403,0.3142857142857143,0.0,,,,0,1
qwen32B-int4_retail_50runs,baseline,Qwen3-Embedding-0.6B,358cc614-45b8-49eb-856a-0a890f1094ee,17,74,user,,,,,,0.4589129686355591,0,1
qwen32B-int4_retail_50runs,baseline,Qwen3-Embedding-0.6B,358cc614-45b8-49eb-856a-0a890f1094ee,18,74,agent,0.769113302230835,0.2878787878787879,0.0,,,,0,1
qwen32B-int4_retail_50runs,baseline,Qwen3-Embedding-0.6B,358cc614-45b8-49eb-856a-0a890f1094ee,19,74,user,,,,,,0.39841723442077637,0,1
qwen32B-int4_retail_50runs,baseline,Qwen3-Embedding-0.6B,358cc614-45b8-49eb-856a-0a890f1094ee,20,74,agent,0.38169950246810913,0.01818181818181818,0.0,0.49242913722991943,-0.13026030659675603,,0,1
qwen32B-int4_retail_50runs,baseline,Qwen3-Embedding-0.6B,358cc614-45b8-49eb-856a-0a890f1094ee,21,74,tool,,,,,,,0,1
qwen32B-int4_retail_50runs,baseline,Qwen3-Embedding-0.6B,358cc614-45b8-49eb-856a-0a890f1094ee,22,74,agent,0.804969847202301,0.2711864406779661,0.0,0.5614736974239349,-0.08961124022801714,,0,1
qwen32B-int4_retail_50runs,baseline,Qwen3-Embedding-0.6B,358cc614-45b8-49eb-856a-0a890f1094ee,23,74,tool,,,,,,,0,1
qwen32B-int4_retail_50runs,baseline,Qwen3-Embedding-0.6B,358cc614-45b8-49eb-856a-0a890f1094ee,24,74,agent,0.5169773101806641,0.12,0.0,,,,0,1
qwen32B-int4_retail_50runs,baseline,Qwen3-Embedding-0.6B,358cc614-45b8-49eb-856a-0a890f1094ee,25,74,user,,,,,,0.39675766229629517,0,1
qwen32B-int4_retail_50runs,baseline,Qwen3-Embedding-0.6B,358cc614-45b8-49eb-856a-0a890f1094ee,26,74,agent,0.8814160227775574,0.3805309734513274,0.0,,,,0,1
qwen32B-int4_retail_50runs,baseline,Qwen3-Embedding-0.6B,358cc614-45b8-49eb-856a-0a890f1094ee,27,74,user,,,,,,0.47861963510513306,0,1
qwen32B-int4_retail_50runs,baseline,Qwen3-Embedding-0.6B,358cc614-45b8-49eb-856a-0a890f1094ee,28,74,agent,0.615094006061554,0.28888888888888886,0.0,,,,0,1
qwen32B-int4_retail_50runs,baseline,Qwen3-Embedding-0.6B,358cc614-45b8-49eb-856a-0a890f1094ee,29,74,user,,,,,,0.6891419291496277,0,1
qwen32B-int4_retail_50runs,baseline,Qwen3-Embedding-0.6B,358cc614-45b8-49eb-856a-0a890f1094ee,30,74,agent,0.5843835473060608,0.05454545454545454,0.0,0.5541108250617981,0.00038144588470456764,,0,1
qwen32B-int4_retail_50runs,baseline,Qwen3-Embedding-0.6B,358cc614-45b8-49eb-856a-0a890f1094ee,31,74,tool,,,,,,,0,1
qwen32B-int4_retail_50runs,baseline,Qwen3-Embedding-0.6B,358cc614-45b8-49eb-856a-0a890f1094ee,32,74,agent,0.7885416746139526,0.28735632183908044,0.0,,,,0,1
qwen32B-int4_retail_50runs,baseline,Qwen3-Embedding-0.6B,358cc614-45b8-49eb-856a-0a890f1094ee,33,74,user,,,,,,0.7479885518550873,0,1
qwen32B-int4_retail_50runs,baseline,Qwen3-Embedding-0.6B,358cc614-45b8-49eb-856a-0a890f1094ee,34,74,agent,0.9945290684700012,0.6666666666666666,0.0,0.4216853976249695,-0.13671240011850994,,0,1
qwen32B-int4_retail_50runs,baseline,Qwen3-Embedding-0.6B,358cc614-45b8-49eb-856a-0a890f1094ee,35,74,tool,,,,,,,0,1
qwen32B-int4_retail_50runs,baseline,Qwen3-Embedding-0.6B,358cc614-45b8-49eb-856a-0a890f1094ee,36,74,agent,0.8966049551963806,0.391304347826087,0.0,,,,0,1
qwen32B-int4_retail_50runs,baseline,Qwen3-Embedding-0.6B,358cc614-45b8-49eb-856a-0a890f1094ee,37,74,user,,,,,,0.7620663046836853,0,1
qwen32B-int4_retail_50runs,baseline,Qwen3-Embedding-0.6B,358cc614-45b8-49eb-856a-0a890f1094ee,38,74,agent,0.9945468306541443,0.6666666666666666,0.0,0.5552596151828766,4.49359416961892e-05,,0,1
qwen32B-int4_retail_50runs,baseline,Qwen3-Embedding-0.6B,358cc614-45b8-49eb-856a-0a890f1094ee,39,74,tool,,,,,,,0,1
qwen32B-int4_retail_50runs,baseline,Qwen3-Embedding-0.6B,358cc614-45b8-49eb-856a-0a890f1094ee,40,74,agent,0.916312575340271,0.3707865168539326,0.0,,,,0,1
qwen32B-int4_retail_50runs,baseline,Qwen3-Embedding-0.6B,358cc614-45b8-49eb-856a-0a890f1094ee,41,74,user,,,,,,0.7397244274616241,0,1
qwen32B-int4_retail_50runs,baseline,Qwen3-Embedding-0.6B,358cc614-45b8-49eb-856a-0a890f1094ee,42,74,agent,0.9947717189788818,0.6666666666666666,0.0,0.421065092086792,-0.13536317944526677,,0,1
qwen32B-int4_retail_50runs,baseline,Qwen3-Embedding-0.6B,358cc614-45b8-49eb-856a-0a890f1094ee,43,74,tool,,,,,,,0,1
qwen32B-int4_retail_50runs,baseline,Qwen3-Embedding-0.6B,358cc614-45b8-49eb-856a-0a890f1094ee,44,74,agent,0.9653545022010803,0.6419753086419753,0.0,,,,0,1
qwen32B-int4_retail_50runs,baseline,Qwen3-Embedding-0.6B,358cc614-45b8-49eb-856a-0a890f1094ee,45,74,user,,,,,,0.7400487959384918,0,1
qwen32B-int4_retail_50runs,baseline,Qwen3-Embedding-0.6B,358cc614-45b8-49eb-856a-0a890f1094ee,46,74,agent,0.9973986148834229,0.9,0.9,0.5492522716522217,-0.0011318186918894968,,0,1
qwen32B-int4_retail_50runs,baseline,Qwen3-Embedding-0.6B,358cc614-45b8-49eb-856a-0a890f1094ee,47,74,tool,,,,,,,0,1
qwen32B-int4_retail_50runs,baseline,Qwen3-Embedding-0.6B,358cc614-45b8-49eb-856a-0a890f1094ee,48,74,agent,0.9886519312858582,0.8493150684931506,0.8493150684931506,,,,0,1
qwen32B-int4_retail_50runs,baseline,Qwen3-Embedding-0.6B,358cc614-45b8-49eb-856a-0a890f1094ee,49,74,user,,,,,,0.7396702170372009,0,1
qwen32B-int4_retail_50runs,baseline,Qwen3-Embedding-0.6B,358cc614-45b8-49eb-856a-0a890f1094ee,50,74,agent,0.9995360374450684,0.9,0.9,0.5489426255226135,-0.0012926578521728072,,0,1
qwen32B-int4_retail_50runs,baseline,Qwen3-Embedding-0.6B,358cc614-45b8-49eb-856a-0a890f1094ee,51,74,tool,,,,,,,0,1
qwen32B-int4_retail_50runs,baseline,Qwen3-Embedding-0.6B,358cc614-45b8-49eb-856a-0a890f1094ee,52,74,agent,0.9965054988861084,0.9285714285714286,0.0,,,,0,1
qwen32B-int4_retail_50runs,baseline,Qwen3-Embedding-0.6B,358cc614-45b8-49eb-856a-0a890f1094ee,53,74,user,,,,,,0.7438782155513763,0,1
qwen32B-int4_retail_50runs,baseline,Qwen3-Embedding-0.6B,358cc614-45b8-49eb-856a-0a890f1094ee,54,74,agent,0.9993772506713867,0.9,0.9,0.5486443042755127,-0.00031709869702656324,,0,1
qwen32B-int4_retail_50runs,baseline,Qwen3-Embedding-0.6B,358cc614-45b8-49eb-856a-0a890f1094ee,55,74,tool,,,,,,,0,1
qwen32B-int4_retail_50runs,baseline,Qwen3-Embedding-0.6B,358cc614-45b8-49eb-856a-0a890f1094ee,56,74,agent,0.9379255175590515,0.7738095238095238,0.7738095238095238,,,,0,1
qwen32B-int4_retail_50runs,baseline,Qwen3-Embedding-0.6B,358cc614-45b8-49eb-856a-0a890f1094ee,57,74,user,,,,,,0.7497908473014832,0,1
qwen32B-int4_retail_50runs,baseline,Qwen3-Embedding-0.6B,358cc614-45b8-49eb-856a-0a890f1094ee,58,74,agent,0.9965211153030396,0.9,0.9,0.42132002115249634,-0.1372947255770366,,0,1
qwen32B-int4_retail_50runs,baseline,Qwen3-Embedding-0.6B,358cc614-45b8-49eb-856a-0a890f1094ee,59,74,tool,,,,,,,0,1
qwen32B-int4_retail_50runs,baseline,Qwen3-Embedding-0.6B,358cc614-45b8-49eb-856a-0a890f1094ee,60,74,agent,0.9660241603851318,0.7555555555555555,0.0,,,,0,1
qwen32B-int4_retail_50runs,baseline,Qwen3-Embedding-0.6B,358cc614-45b8-49eb-856a-0a890f1094ee,61,74,user,,,,,,0.7607514411211014,0,1
qwen32B-int4_retail_50runs,baseline,Qwen3-Embedding-0.6B,358cc614-45b8-49eb-856a-0a890f1094ee,62,74,agent,0.9968353509902954,0.9,0.9,0.5469329953193665,-0.0017356991767882857,,0,1
qwen32B-int4_retail_50runs,baseline,Qwen3-Embedding-0.6B,358cc614-45b8-49eb-856a-0a890f1094ee,63,74,tool,,,,,,,0,1
qwen32B-int4_retail_50runs,baseline,Qwen3-Embedding-0.6B,358cc614-45b8-49eb-856a-0a890f1094ee,64,74,agent,0.9358468055725098,0.6595744680851063,0.0,,,,0,1
qwen32B-int4_retail_50runs,baseline,Qwen3-Embedding-0.6B,358cc614-45b8-49eb-856a-0a890f1094ee,65,74,user,,,,,,0.7646675258874893,0,1
qwen32B-int4_retail_50runs,baseline,Qwen3-Embedding-0.6B,358cc614-45b8-49eb-856a-0a890f1094ee,66,74,agent,0.9997108578681946,0.9,0.9,0.5500980913639069,-0.001735985279083252,,0,1
qwen32B-int4_retail_50runs,baseline,Qwen3-Embedding-0.6B,358cc614-45b8-49eb-856a-0a890f1094ee,67,74,tool,,,,,,,0,1
qwen32B-int4_retail_50runs,baseline,Qwen3-Embedding-0.6B,358cc614-45b8-49eb-856a-0a890f1094ee,68,74,agent,0.9925028085708618,0.9135802469135802,0.9135802469135802,,,,0,1
qwen32B-int4_retail_50runs,baseline,Qwen3-Embedding-0.6B,358cc614-45b8-49eb-856a-0a890f1094ee,69,74,user,,,,,,0.7636820077896118,0,1
qwen32B-int4_retail_50runs,baseline,Qwen3-Embedding-0.6B,358cc614-45b8-49eb-856a-0a890f1094ee,70,74,agent,0.6827872395515442,0.18181818181818182,0.0,0.452880322933197,-0.09293806354204814,,0,1
qwen32B-int4_retail_50runs,baseline,Qwen3-Embedding-0.6B,358cc614-45b8-49eb-856a-0a890f1094ee,71,74,tool,,,,,,,0,1
qwen32B-int4_retail_50runs,baseline,Qwen3-Embedding-0.6B,358cc614-45b8-49eb-856a-0a890f1094ee,72,74,agent,0.673440158367157,0.060240963855421686,0.0,,,,0,1
qwen32B-int4_retail_50runs,baseline,Qwen3-Embedding-0.6B,358cc614-45b8-49eb-856a-0a890f1094ee,73,74,user,,,,,,0.2307133674621582,0,1
qwen32B-int4_retail_50runs,baseline,Qwen3-Embedding-0.6B,ee42733b-582d-474b-b186-d260daec1eb1,0,18,agent,,,,,,,0,1
qwen32B-int4_retail_50runs,baseline,Qwen3-Embedding-0.6B,ee42733b-582d-474b-b186-d260daec1eb1,1,18,user,,,,,,0.5710899233818054,0,1
qwen32B-int4_retail_50runs,baseline,Qwen3-Embedding-0.6B,ee42733b-582d-474b-b186-d260daec1eb1,2,18,agent,0.3955536484718323,0.06666666666666667,0.0,,,,0,1
qwen32B-int4_retail_50runs,baseline,Qwen3-Embedding-0.6B,ee42733b-582d-474b-b186-d260daec1eb1,3,18,user,,,,,,0.47300195693969727,0,1
qwen32B-int4_retail_50runs,baseline,Qwen3-Embedding-0.6B,ee42733b-582d-474b-b186-d260daec1eb1,4,18,agent,0.5123969316482544,0.05263157894736842,0.0,0.5303121209144592,-0.11877487103144324,,0,1
qwen32B-int4_retail_50runs,baseline,Qwen3-Embedding-0.6B,ee42733b-582d-474b-b186-d260daec1eb1,5,18,tool,,,,,,,0,1
qwen32B-int4_retail_50runs,baseline,Qwen3-Embedding-0.6B,ee42733b-582d-474b-b186-d260daec1eb1,6,18,agent,0.5818827152252197,0.3684210526315789,0.0,0.5558030009269714,-0.038961559534072876,,0,1
qwen32B-int4_retail_50runs,baseline,Qwen3-Embedding-0.6B,ee42733b-582d-474b-b186-d260daec1eb1,7,18,tool,,,,,,,0,1
qwen32B-int4_retail_50runs,baseline,Qwen3-Embedding-0.6B,ee42733b-582d-474b-b186-d260daec1eb1,8,18,agent,0.40819817781448364,0.0,0.0,0.36732232570648193,-0.08488708734512329,,0,1
qwen32B-int4_retail_50runs,baseline,Qwen3-Embedding-0.6B,ee42733b-582d-474b-b186-d260daec1eb1,9,18,tool,,,,,,,0,1
qwen32B-int4_retail_50runs,baseline,Qwen3-Embedding-0.6B,ee42733b-582d-474b-b186-d260daec1eb1,10,18,agent,0.795060932636261,0.17647058823529413,0.0,,,,0,1
qwen32B-int4_retail_50runs,baseline,Qwen3-Embedding-0.6B,ee42733b-582d-474b-b186-d260daec1eb1,11,18,user,,,,,,0.5367290079593658,0,1
qwen32B-int4_retail_50runs,baseline,Qwen3-Embedding-0.6B,ee42733b-582d-474b-b186-d260daec1eb1,12,18,agent,0.7949845194816589,0.36923076923076925,0.0,0.371410071849823,-0.19018305341402686,,0,1
qwen32B-int4_retail_50runs,baseline,Qwen3-Embedding-0.6B,ee42733b-582d-474b-b186-d260daec1eb1,13,18,tool,,,,,,,0,1
qwen32B-int4_retail_50runs,baseline,Qwen3-Embedding-0.6B,ee42733b-582d-474b-b186-d260daec1eb1,14,18,agent,0.7894949316978455,0.43037974683544306,0.0,,,,0,1
qwen32B-int4_retail_50runs,baseline,Qwen3-Embedding-0.6B,ee42733b-582d-474b-b186-d260daec1eb1,15,18,user,,,,,,0.3846122622489929,0,1
qwen32B-int4_retail_50runs,baseline,Qwen3-Embedding-0.6B,ee42733b-582d-474b-b186-d260daec1eb1,16,18,agent,0.902409553527832,0.4,0.0,,,,0,1
qwen32B-int4_retail_50runs,baseline,Qwen3-Embedding-0.6B,ee42733b-582d-474b-b186-d260daec1eb1,17,18,user,,,,,,0.7132332921028137,0,1
qwen32B-int4_retail_50runs,baseline,Qwen3-Embedding-0.6B,3e9de05b-0df6-4fa1-8bf2-9d22de77d33a,0,26,agent,,,,,,,0,0
qwen32B-int4_retail_50runs,baseline,Qwen3-Embedding-0.6B,3e9de05b-0df6-4fa1-8bf2-9d22de77d33a,1,26,user,,,,,,0.4210672378540039,0,0
qwen32B-int4_retail_50runs,baseline,Qwen3-Embedding-0.6B,3e9de05b-0df6-4fa1-8bf2-9d22de77d33a,2,26,agent,0.46807861328125,0.14285714285714285,0.0,,,,0,0
qwen32B-int4_retail_50runs,baseline,Qwen3-Embedding-0.6B,3e9de05b-0df6-4fa1-8bf2-9d22de77d33a,3,26,user,,,,,,0.3928813934326172,0,0
qwen32B-int4_retail_50runs,baseline,Qwen3-Embedding-0.6B,3e9de05b-0df6-4fa1-8bf2-9d22de77d33a,4,26,agent,0.763685941696167,0.05263157894736842,0.0,0.5373417437076569,-0.07162758708000183,,0,0
qwen32B-int4_retail_50runs,baseline,Qwen3-Embedding-0.6B,3e9de05b-0df6-4fa1-8bf2-9d22de77d33a,5,26,tool,,,,,,,0,0
qwen32B-int4_retail_50runs,baseline,Qwen3-Embedding-0.6B,3e9de05b-0df6-4fa1-8bf2-9d22de77d33a,6,26,agent,0.45146673917770386,0.2558139534883721,0.0,,,,0,0
qwen32B-int4_retail_50runs,baseline,Qwen3-Embedding-0.6B,3e9de05b-0df6-4fa1-8bf2-9d22de77d33a,7,26,user,,,,,,0.35501402616500854,0,0
qwen32B-int4_retail_50runs,baseline,Qwen3-Embedding-0.6B,3e9de05b-0df6-4fa1-8bf2-9d22de77d33a,8,26,agent,0.5994867086410522,0.3684210526315789,0.0,0.39466118812561035,-0.1359962895512581,,0,0
qwen32B-int4_retail_50runs,baseline,Qwen3-Embedding-0.6B,3e9de05b-0df6-4fa1-8bf2-9d22de77d33a,9,26,tool,,,,,,,0,0
qwen32B-int4_retail_50runs,baseline,Qwen3-Embedding-0.6B,3e9de05b-0df6-4fa1-8bf2-9d22de77d33a,10,26,agent,0.6560676693916321,0.23529411764705882,0.0,,,,0,0
qwen32B-int4_retail_50runs,baseline,Qwen3-Embedding-0.6B,3e9de05b-0df6-4fa1-8bf2-9d22de77d33a,11,26,user,,,,,,0.49266523122787476,0,0
qwen32B-int4_retail_50runs,baseline,Qwen3-Embedding-0.6B,3e9de05b-0df6-4fa1-8bf2-9d22de77d33a,12,26,agent,0.9955440163612366,0.6923076923076923,0.0,0.397225022315979,-0.13344954699277878,,0,0
qwen32B-int4_retail_50runs,baseline,Qwen3-Embedding-0.6B,3e9de05b-0df6-4fa1-8bf2-9d22de77d33a,13,26,tool,,,,,,,0,0
qwen32B-int4_retail_50runs,baseline,Qwen3-Embedding-0.6B,3e9de05b-0df6-4fa1-8bf2-9d22de77d33a,14,26,agent,0.9359276294708252,0.6046511627906976,0.0,,,,0,0
qwen32B-int4_retail_50runs,baseline,Qwen3-Embedding-0.6B,3e9de05b-0df6-4fa1-8bf2-9d22de77d33a,15,26,user,,,,,,0.4410206079483032,0,0
qwen32B-int4_retail_50runs,baseline,Qwen3-Embedding-0.6B,3e9de05b-0df6-4fa1-8bf2-9d22de77d33a,16,26,agent,0.99299156665802,0.6923076923076923,0.0,0.5677046179771423,0.08609441667795181,,0,0
qwen32B-int4_retail_50runs,baseline,Qwen3-Embedding-0.6B,3e9de05b-0df6-4fa1-8bf2-9d22de77d33a,17,26,tool,,,,,,,0,0
qwen32B-int4_retail_50runs,baseline,Qwen3-Embedding-0.6B,3e9de05b-0df6-4fa1-8bf2-9d22de77d33a,18,26,agent,0.53680819272995,0.10588235294117647,0.0,,,,0,0
qwen32B-int4_retail_50runs,baseline,Qwen3-Embedding-0.6B,3e9de05b-0df6-4fa1-8bf2-9d22de77d33a,19,26,user,,,,,,0.4792349338531494,0,0
qwen32B-int4_retail_50runs,baseline,Qwen3-Embedding-0.6B,3e9de05b-0df6-4fa1-8bf2-9d22de77d33a,20,26,agent,0.7276152968406677,0.30927835051546393,0.0,,,,0,0
qwen32B-int4_retail_50runs,baseline,Qwen3-Embedding-0.6B,3e9de05b-0df6-4fa1-8bf2-9d22de77d33a,21,26,user,,,,,,0.49951833486557007,0,0
qwen32B-int4_retail_50runs,baseline,Qwen3-Embedding-0.6B,3e9de05b-0df6-4fa1-8bf2-9d22de77d33a,22,26,agent,0.5593741536140442,0.041666666666666664,0.0,0.477058470249176,-0.0369369313120842,,0,0
qwen32B-int4_retail_50runs,baseline,Qwen3-Embedding-0.6B,3e9de05b-0df6-4fa1-8bf2-9d22de77d33a,23,26,tool,,,,,,,0,0
qwen32B-int4_retail_50runs,baseline,Qwen3-Embedding-0.6B,3e9de05b-0df6-4fa1-8bf2-9d22de77d33a,24,26,agent,0.7414986491203308,0.27927927927927926,0.0,,,,0,0
qwen32B-int4_retail_50runs,baseline,Qwen3-Embedding-0.6B,3e9de05b-0df6-4fa1-8bf2-9d22de77d33a,25,26,user,,,,,,0.8076657354831696,0,0
qwen32B-int4_retail_50runs,baseline,Qwen3-Embedding-0.6B,f24ec70b-d40e-4c78-99c1-fa80888a474f,0,28,agent,,,,,,,0,0
qwen32B-int4_retail_50runs,baseline,Qwen3-Embedding-0.6B,f24ec70b-d40e-4c78-99c1-fa80888a474f,1,28,user,,,,,,0.5538406670093536,0,0
qwen32B-int4_retail_50runs,baseline,Qwen3-Embedding-0.6B,f24ec70b-d40e-4c78-99c1-fa80888a474f,2,28,agent,0.46807861328125,0.14285714285714285,0.0,,,,0,0
qwen32B-int4_retail_50runs,baseline,Qwen3-Embedding-0.6B,f24ec70b-d40e-4c78-99c1-fa80888a474f,3,28,user,,,,,,0.3639150857925415,0,0
qwen32B-int4_retail_50runs,baseline,Qwen3-Embedding-0.6B,f24ec70b-d40e-4c78-99c1-fa80888a474f,4,28,agent,0.7640770673751831,0.05263157894736842,0.0,0.5377790331840515,-0.09741842746734619,,0,0
qwen32B-int4_retail_50runs,baseline,Qwen3-Embedding-0.6B,f24ec70b-d40e-4c78-99c1-fa80888a474f,5,28,tool,,,,,,,0,0
qwen32B-int4_retail_50runs,baseline,Qwen3-Embedding-0.6B,f24ec70b-d40e-4c78-99c1-fa80888a474f,6,28,agent,0.45655620098114014,0.2,0.0,,,,0,0
qwen32B-int4_retail_50runs,baseline,Qwen3-Embedding-0.6B,f24ec70b-d40e-4c78-99c1-fa80888a474f,7,28,user,,,,,,0.46582502126693726,0,0
qwen32B-int4_retail_50runs,baseline,Qwen3-Embedding-0.6B,f24ec70b-d40e-4c78-99c1-fa80888a474f,8,28,agent,0.47991132736206055,0.3684210526315789,0.0,0.3948478698730469,-0.1943468302488327,,0,0
qwen32B-int4_retail_50runs,baseline,Qwen3-Embedding-0.6B,f24ec70b-d40e-4c78-99c1-fa80888a474f,9,28,tool,,,,,,,0,0
qwen32B-int4_retail_50runs,baseline,Qwen3-Embedding-0.6B,f24ec70b-d40e-4c78-99c1-fa80888a474f,10,28,agent,0.6268790364265442,0.19298245614035087,0.0,,,,0,0
qwen32B-int4_retail_50runs,baseline,Qwen3-Embedding-0.6B,f24ec70b-d40e-4c78-99c1-fa80888a474f,11,28,user,,,,,,0.41721993684768677,0,0
qwen32B-int4_retail_50runs,baseline,Qwen3-Embedding-0.6B,f24ec70b-d40e-4c78-99c1-fa80888a474f,12,28,agent,0.995995283126831,0.6923076923076923,0.0,0.5650955438613892,0.028754383325576782,,0,0
qwen32B-int4_retail_50runs,baseline,Qwen3-Embedding-0.6B,f24ec70b-d40e-4c78-99c1-fa80888a474f,13,28,tool,,,,,,,0,0
qwen32B-int4_retail_50runs,baseline,Qwen3-Embedding-0.6B,f24ec70b-d40e-4c78-99c1-fa80888a474f,14,28,agent,0.5066321492195129,0.14772727272727273,0.0,,,,0,0
qwen32B-int4_retail_50runs,baseline,Qwen3-Embedding-0.6B,f24ec70b-d40e-4c78-99c1-fa80888a474f,15,28,user,,,,,,0.29017746448516846,0,0
qwen32B-int4_retail_50runs,baseline,Qwen3-Embedding-0.6B,f24ec70b-d40e-4c78-99c1-fa80888a474f,16,28,agent,0.7655913829803467,0.4666666666666667,0.0,0.4985520839691162,-0.033139124512672424,,0,0
qwen32B-int4_retail_50runs,baseline,Qwen3-Embedding-0.6B,f24ec70b-d40e-4c78-99c1-fa80888a474f,17,28,tool,,,,,,,0,0
qwen32B-int4_retail_50runs,baseline,Qwen3-Embedding-0.6B,f24ec70b-d40e-4c78-99c1-fa80888a474f,18,28,agent,0.7704241871833801,0.2978723404255319,0.0,,,,0,0
qwen32B-int4_retail_50runs,baseline,Qwen3-Embedding-0.6B,f24ec70b-d40e-4c78-99c1-fa80888a474f,19,28,user,,,,,,0.4706786274909973,0,0
qwen32B-int4_retail_50runs,baseline,Qwen3-Embedding-0.6B,f24ec70b-d40e-4c78-99c1-fa80888a474f,20,28,agent,0.53398197889328,0.3595505617977528,0.0,,,,0,0
qwen32B-int4_retail_50runs,baseline,Qwen3-Embedding-0.6B,f24ec70b-d40e-4c78-99c1-fa80888a474f,21,28,user,,,,,,0.29469066858291626,0,0
qwen32B-int4_retail_50runs,baseline,Qwen3-Embedding-0.6B,f24ec70b-d40e-4c78-99c1-fa80888a474f,22,28,agent,0.7747138738632202,0.35064935064935066,0.0,,,,0,0
qwen32B-int4_retail_50runs,baseline,Qwen3-Embedding-0.6B,f24ec70b-d40e-4c78-99c1-fa80888a474f,23,28,user,,,,,,0.4097071886062622,0,0
qwen32B-int4_retail_50runs,baseline,Qwen3-Embedding-0.6B,f24ec70b-d40e-4c78-99c1-fa80888a474f,24,28,agent,0.6070449352264404,0.07017543859649122,0.0,0.42557549476623535,-0.10572275519371033,,0,0
qwen32B-int4_retail_50runs,baseline,Qwen3-Embedding-0.6B,f24ec70b-d40e-4c78-99c1-fa80888a474f,25,28,tool,,,,,,,0,0
qwen32B-int4_retail_50runs,baseline,Qwen3-Embedding-0.6B,f24ec70b-d40e-4c78-99c1-fa80888a474f,26,28,agent,0.8777228593826294,0.3013698630136986,0.0,,,,0,0
qwen32B-int4_retail_50runs,baseline,Qwen3-Embedding-0.6B,f24ec70b-d40e-4c78-99c1-fa80888a474f,27,28,user,,,,,,0.7452942132949829,0,0
qwen32B-int4_retail_50runs,baseline,Qwen3-Embedding-0.6B,b37929bb-4139-43fe-8521-2047ac1a8bd7,0,20,agent,,,,,,,0,0
qwen32B-int4_retail_50runs,baseline,Qwen3-Embedding-0.6B,b37929bb-4139-43fe-8521-2047ac1a8bd7,1,20,user,,,,,,0.5007403492927551,0,0
qwen32B-int4_retail_50runs,baseline,Qwen3-Embedding-0.6B,b37929bb-4139-43fe-8521-2047ac1a8bd7,2,20,agent,0.37751224637031555,0.075,0.0,,,,0,0
qwen32B-int4_retail_50runs,baseline,Qwen3-Embedding-0.6B,b37929bb-4139-43fe-8521-2047ac1a8bd7,3,20,user,,,,,,0.40973174571990967,0,0
qwen32B-int4_retail_50runs,baseline,Qwen3-Embedding-0.6B,b37929bb-4139-43fe-8521-2047ac1a8bd7,4,20,agent,0.49561139941215515,0.04081632653061224,0.0,0.5356382727622986,-0.06911490360895789,,0,0
qwen32B-int4_retail_50runs,baseline,Qwen3-Embedding-0.6B,b37929bb-4139-43fe-8521-2047ac1a8bd7,5,20,tool,,,,,,,0,0
qwen32B-int4_retail_50runs,baseline,Qwen3-Embedding-0.6B,b37929bb-4139-43fe-8521-2047ac1a8bd7,6,20,agent,0.47798606753349304,0.3684210526315789,0.0,0.3937408924102783,-0.17669930060704553,,0,0
qwen32B-int4_retail_50runs,baseline,Qwen3-Embedding-0.6B,b37929bb-4139-43fe-8521-2047ac1a8bd7,7,20,tool,,,,,,,0,0
qwen32B-int4_retail_50runs,baseline,Qwen3-Embedding-0.6B,b37929bb-4139-43fe-8521-2047ac1a8bd7,8,20,agent,0.5887688398361206,0.04,0.0,,,,0,0
qwen32B-int4_retail_50runs,baseline,Qwen3-Embedding-0.6B,b37929bb-4139-43fe-8521-2047ac1a8bd7,9,20,user,,,,,,0.2360113263130188,0,0
qwen32B-int4_retail_50runs,baseline,Qwen3-Embedding-0.6B,b37929bb-4139-43fe-8521-2047ac1a8bd7,10,20,agent,0.9967605471611023,0.6923076923076923,0.0,0.5735706686973572,0.059091826279958126,,0,0
qwen32B-int4_retail_50runs,baseline,Qwen3-Embedding-0.6B,b37929bb-4139-43fe-8521-2047ac1a8bd7,11,20,tool,,,,,,,0,0
qwen32B-int4_retail_50runs,baseline,Qwen3-Embedding-0.6B,b37929bb-4139-43fe-8521-2047ac1a8bd7,12,20,agent,0.5784593820571899,0.13978494623655913,0.0,,,,0,0
qwen32B-int4_retail_50runs,baseline,Qwen3-Embedding-0.6B,b37929bb-4139-43fe-8521-2047ac1a8bd7,13,20,user,,,,,,0.37016069889068604,0,0
qwen32B-int4_retail_50runs,baseline,Qwen3-Embedding-0.6B,b37929bb-4139-43fe-8521-2047ac1a8bd7,14,20,agent,0.8025619387626648,0.3870967741935484,0.0,,,,0,0
qwen32B-int4_retail_50runs,baseline,Qwen3-Embedding-0.6B,b37929bb-4139-43fe-8521-2047ac1a8bd7,15,20,user,,,,,,0.3692508935928345,0,0
qwen32B-int4_retail_50runs,baseline,Qwen3-Embedding-0.6B,b37929bb-4139-43fe-8521-2047ac1a8bd7,16,20,agent,0.6016405820846558,0.05194805194805195,0.0,0.4695127606391907,-0.06313078602155053,,0,0
qwen32B-int4_retail_50runs,baseline,Qwen3-Embedding-0.6B,b37929bb-4139-43fe-8521-2047ac1a8bd7,17,20,tool,,,,,,,0,0
qwen32B-int4_retail_50runs,baseline,Qwen3-Embedding-0.6B,b37929bb-4139-43fe-8521-2047ac1a8bd7,18,20,agent,0.8430941700935364,0.39622641509433965,0.0,,,,0,0
qwen32B-int4_retail_50runs,baseline,Qwen3-Embedding-0.6B,b37929bb-4139-43fe-8521-2047ac1a8bd7,19,20,user,,,,,,0.41956430673599243,0,0
qwen32B-int4_retail_50runs,baseline,Qwen3-Embedding-0.6B,3ea46536-257f-4a5a-95b2-fd83a2f6f070,0,24,agent,,,,,,,0,1
qwen32B-int4_retail_50runs,baseline,Qwen3-Embedding-0.6B,3ea46536-257f-4a5a-95b2-fd83a2f6f070,1,24,user,,,,,,0.555998295545578,0,1
qwen32B-int4_retail_50runs,baseline,Qwen3-Embedding-0.6B,3ea46536-257f-4a5a-95b2-fd83a2f6f070,2,24,agent,0.5371878147125244,0.12903225806451613,0.0,,,,0,1
qwen32B-int4_retail_50runs,baseline,Qwen3-Embedding-0.6B,3ea46536-257f-4a5a-95b2-fd83a2f6f070,3,24,user,,,,,,0.3852836489677429,0,1
qwen32B-int4_retail_50runs,baseline,Qwen3-Embedding-0.6B,3ea46536-257f-4a5a-95b2-fd83a2f6f070,4,24,agent,0.7229114770889282,0.04878048780487805,0.0,0.5390513837337494,0.01446632544199622,,0,1
qwen32B-int4_retail_50runs,baseline,Qwen3-Embedding-0.6B,3ea46536-257f-4a5a-95b2-fd83a2f6f070,5,24,tool,,,,,,,0,1
qwen32B-int4_retail_50runs,baseline,Qwen3-Embedding-0.6B,3ea46536-257f-4a5a-95b2-fd83a2f6f070,6,24,agent,0.44748422503471375,0.1836734693877551,0.0,,,,0,1
qwen32B-int4_retail_50runs,baseline,Qwen3-Embedding-0.6B,3ea46536-257f-4a5a-95b2-fd83a2f6f070,7,24,user,,,,,,0.3350450396537781,0,1
qwen32B-int4_retail_50runs,baseline,Qwen3-Embedding-0.6B,3ea46536-257f-4a5a-95b2-fd83a2f6f070,8,24,agent,0.7859832644462585,0.23076923076923078,0.0,0.5477390885353088,0.02828468879063928,,0,1
qwen32B-int4_retail_50runs,baseline,Qwen3-Embedding-0.6B,3ea46536-257f-4a5a-95b2-fd83a2f6f070,9,24,tool,,,,,,,0,1
qwen32B-int4_retail_50runs,baseline,Qwen3-Embedding-0.6B,3ea46536-257f-4a5a-95b2-fd83a2f6f070,10,24,agent,0.7851245403289795,0.24528301886792453,0.0,,,,0,1
qwen32B-int4_retail_50runs,baseline,Qwen3-Embedding-0.6B,3ea46536-257f-4a5a-95b2-fd83a2f6f070,11,24,user,,,,,,0.1688544750213623,0,1
qwen32B-int4_retail_50runs,baseline,Qwen3-Embedding-0.6B,3ea46536-257f-4a5a-95b2-fd83a2f6f070,12,24,agent,0.6041921973228455,0.13333333333333333,0.0,0.5690632164478302,-0.026267776886622074,,0,1
qwen32B-int4_retail_50runs,baseline,Qwen3-Embedding-0.6B,3ea46536-257f-4a5a-95b2-fd83a2f6f070,13,24,tool,,,,,,,0,1
qwen32B-int4_retail_50runs,baseline,Qwen3-Embedding-0.6B,3ea46536-257f-4a5a-95b2-fd83a2f6f070,14,24,agent,0.688978374004364,0.2,0.0,,,,0,1
qwen32B-int4_retail_50runs,baseline,Qwen3-Embedding-0.6B,3ea46536-257f-4a5a-95b2-fd83a2f6f070,15,24,user,,,,,,0.39362919330596924,0,1
qwen32B-int4_retail_50runs,baseline,Qwen3-Embedding-0.6B,3ea46536-257f-4a5a-95b2-fd83a2f6f070,16,24,agent,0.640726625919342,0.21875,0.0,,,,0,1
qwen32B-int4_retail_50runs,baseline,Qwen3-Embedding-0.6B,3ea46536-257f-4a5a-95b2-fd83a2f6f070,17,24,user,,,,,,0.17365765571594238,0,1
qwen32B-int4_retail_50runs,baseline,Qwen3-Embedding-0.6B,3ea46536-257f-4a5a-95b2-fd83a2f6f070,18,24,agent,0.7586224675178528,0.07547169811320754,0.0,0.37783169746398926,-0.16333865125974023,,0,1
qwen32B-int4_retail_50runs,baseline,Qwen3-Embedding-0.6B,3ea46536-257f-4a5a-95b2-fd83a2f6f070,19,24,tool,,,,,,,0,1
qwen32B-int4_retail_50runs,baseline,Qwen3-Embedding-0.6B,3ea46536-257f-4a5a-95b2-fd83a2f6f070,20,24,agent,0.6733975410461426,0.234375,0.0,,,,0,1
qwen32B-int4_retail_50runs,baseline,Qwen3-Embedding-0.6B,3ea46536-257f-4a5a-95b2-fd83a2f6f070,21,24,user,,,,,,0.5597148835659027,0,1
qwen32B-int4_retail_50runs,baseline,Qwen3-Embedding-0.6B,3ea46536-257f-4a5a-95b2-fd83a2f6f070,22,24,agent,0.4768817126750946,0.17582417582417584,0.0,,,,0,1
qwen32B-int4_retail_50runs,baseline,Qwen3-Embedding-0.6B,3ea46536-257f-4a5a-95b2-fd83a2f6f070,23,24,user,,,,,,0.32989299297332764,0,1
qwen32B-int4_retail_50runs,baseline,Qwen3-Embedding-0.6B,8058b006-6a7a-4d78-8098-9efbf7b05fea,0,26,agent,,,,,,,0,0
qwen32B-int4_retail_50runs,baseline,Qwen3-Embedding-0.6B,8058b006-6a7a-4d78-8098-9efbf7b05fea,1,26,user,,,,,,0.5925245583057404,0,0
qwen32B-int4_retail_50runs,baseline,Qwen3-Embedding-0.6B,8058b006-6a7a-4d78-8098-9efbf7b05fea,2,26,agent,0.4228365123271942,0.058823529411764705,0.0,,,,0,0
qwen32B-int4_retail_50runs,baseline,Qwen3-Embedding-0.6B,8058b006-6a7a-4d78-8098-9efbf7b05fea,3,26,user,,,,,,0.6085536479949951,0,0
qwen32B-int4_retail_50runs,baseline,Qwen3-Embedding-0.6B,8058b006-6a7a-4d78-8098-9efbf7b05fea,4,26,agent,0.5210095047950745,0.047619047619047616,0.0,0.5336027443408966,-0.05420590724263874,,0,0
qwen32B-int4_retail_50runs,baseline,Qwen3-Embedding-0.6B,8058b006-6a7a-4d78-8098-9efbf7b05fea,5,26,tool,,,,,,,0,0
qwen32B-int4_retail_50runs,baseline,Qwen3-Embedding-0.6B,8058b006-6a7a-4d78-8098-9efbf7b05fea,6,26,agent,0.551804780960083,0.2037037037037037,0.0,,,,0,0
qwen32B-int4_retail_50runs,baseline,Qwen3-Embedding-0.6B,8058b006-6a7a-4d78-8098-9efbf7b05fea,7,26,user,,,,,,0.17559224367141724,0,0
qwen32B-int4_retail_50runs,baseline,Qwen3-Embedding-0.6B,8058b006-6a7a-4d78-8098-9efbf7b05fea,8,26,agent,0.687518835067749,0.3684210526315789,0.0,0.5388765931129456,-0.0883006879261562,,0,0
qwen32B-int4_retail_50runs,baseline,Qwen3-Embedding-0.6B,8058b006-6a7a-4d78-8098-9efbf7b05fea,9,26,tool,,,,,,,0,0
qwen32B-int4_retail_50runs,baseline,Qwen3-Embedding-0.6B,8058b006-6a7a-4d78-8098-9efbf7b05fea,10,26,agent,0.8503438234329224,0.2982456140350877,0.0,0.5556598007678986,0.06901470252445768,,0,0
qwen32B-int4_retail_50runs,baseline,Qwen3-Embedding-0.6B,8058b006-6a7a-4d78-8098-9efbf7b05fea,11,26,tool,,,,,,,0,0
qwen32B-int4_retail_50runs,baseline,Qwen3-Embedding-0.6B,8058b006-6a7a-4d78-8098-9efbf7b05fea,12,26,agent,0.9364237785339355,0.38636363636363635,0.0,0.56268310546875,0.05286013654300148,,0,0
qwen32B-int4_retail_50runs,baseline,Qwen3-Embedding-0.6B,8058b006-6a7a-4d78-8098-9efbf7b05fea,13,26,tool,,,,,,,0,0
qwen32B-int4_retail_50runs,baseline,Qwen3-Embedding-0.6B,8058b006-6a7a-4d78-8098-9efbf7b05fea,14,26,agent,0.971473217010498,0.7777777777777778,0.7777777777777778,0.5626042485237122,0.07145534668649944,,0,0
qwen32B-int4_retail_50runs,baseline,Qwen3-Embedding-0.6B,8058b006-6a7a-4d78-8098-9efbf7b05fea,15,26,tool,,,,,,,0,0
qwen32B-int4_retail_50runs,baseline,Qwen3-Embedding-0.6B,8058b006-6a7a-4d78-8098-9efbf7b05fea,16,26,agent,0.9854946136474609,0.7857142857142857,0.7857142857142857,0.4059208631515503,-0.10144434230668209,,0,0
qwen32B-int4_retail_50runs,baseline,Qwen3-Embedding-0.6B,8058b006-6a7a-4d78-8098-9efbf7b05fea,17,26,tool,,,,,,,0,0
qwen32B-int4_retail_50runs,baseline,Qwen3-Embedding-0.6B,8058b006-6a7a-4d78-8098-9efbf7b05fea,18,26,agent,0.9797572493553162,0.8518518518518519,0.8518518518518519,0.3749489188194275,-0.14914928163800922,,0,0
qwen32B-int4_retail_50runs,baseline,Qwen3-Embedding-0.6B,8058b006-6a7a-4d78-8098-9efbf7b05fea,19,26,tool,,,,,,,0,0
qwen32B-int4_retail_50runs,baseline,Qwen3-Embedding-0.6B,8058b006-6a7a-4d78-8098-9efbf7b05fea,20,26,agent,0.7760314345359802,0.11494252873563218,0.0,,,,0,0
qwen32B-int4_retail_50runs,baseline,Qwen3-Embedding-0.6B,8058b006-6a7a-4d78-8098-9efbf7b05fea,21,26,user,,,,,,0.2150505781173706,0,0
qwen32B-int4_retail_50runs,baseline,Qwen3-Embedding-0.6B,8058b006-6a7a-4d78-8098-9efbf7b05fea,22,26,agent,0.5463446974754333,0.047058823529411764,0.0,0.41570883989334106,-0.06791104163442341,,0,0
qwen32B-int4_retail_50runs,baseline,Qwen3-Embedding-0.6B,8058b006-6a7a-4d78-8098-9efbf7b05fea,23,26,tool,,,,,,,0,0
qwen32B-int4_retail_50runs,baseline,Qwen3-Embedding-0.6B,8058b006-6a7a-4d78-8098-9efbf7b05fea,24,26,agent,0.6300832629203796,0.16666666666666666,0.0,,,,0,0
qwen32B-int4_retail_50runs,baseline,Qwen3-Embedding-0.6B,8058b006-6a7a-4d78-8098-9efbf7b05fea,25,26,user,,,,,,0.3343694806098938,0,0
