cell,variant,embedder,traj_id,step_idx,n_steps,actor,d_a_sem,d_a_lex,d_a_gated,d_oA,d_oA_calibrated,d_oU,user_is_tool_turn,label_fail
qwen32B-int4_telecom_50runs,baseline,Qwen3-Embedding-0.6B,3754b5ae-add7-441c-af2a-ad5ba926920c,0,17,agent,,,,,,,0,0
qwen32B-int4_telecom_50runs,baseline,Qwen3-Embedding-0.6B,3754b5ae-add7-441c-af2a-ad5ba926920c,1,17,user,,,,,,0.592764288187027,0,0
qwen32B-int4_telecom_50runs,baseline,Qwen3-Embedding-0.6B,3754b5ae-add7-441c-af2a-ad5ba926920c,2,17,agent,0.29979878664016724,0.06153846153846154,0.0,0.41436028480529785,-0.04454225301742554,,0,0
qwen32B-int4_telecom_50runs,baseline,Qwen3-Embedding-0.6B,3754b5ae-add7-441c-af2a-ad5ba926920c,3,17,user,,,,,,0.3093608021736145,1,0
qwen32B-int4_telecom_50runs,baseline,Qwen3-Embedding-0.6B,3754b5ae-add7-441c-af2a-ad5ba926920c,4,17,tool,,,,,,,0,0
qwen32B-int4_telecom_50runs,baseline,Qwen3-Embedding-0.6B,3754b5ae-add7-441c-af2a-ad5ba926920c,5,17,tool,,,,,,,0,0
qwen32B-int4_telecom_50runs,baseline,Qwen3-Embedding-0.6B,3754b5ae-add7-441c-af2a-ad5ba926920c,6,17,tool,,,,,,,0,0
qwen32B-int4_telecom_50runs,baseline,Qwen3-Embedding-0.6B,3754b5ae-add7-441c-af2a-ad5ba926920c,7,17,user,,,,,,,0,0
qwen32B-int4_telecom_50runs,baseline,Qwen3-Embedding-0.6B,3754b5ae-add7-441c-af2a-ad5ba926920c,8,17,agent,,,,0.44376087188720703,0.004581272602081299,,0,0
qwen32B-int4_telecom_50runs,baseline,Qwen3-Embedding-0.6B,3754b5ae-add7-441c-af2a-ad5ba926920c,9,17,user,,,,,,0.32520002126693726,1,0
qwen32B-int4_telecom_50runs,baseline,Qwen3-Embedding-0.6B,3754b5ae-add7-441c-af2a-ad5ba926920c,10,17,tool,,,,,,,0,0
qwen32B-int4_telecom_50runs,baseline,Qwen3-Embedding-0.6B,3754b5ae-add7-441c-af2a-ad5ba926920c,11,17,tool,,,,,,,0,0
qwen32B-int4_telecom_50runs,baseline,Qwen3-Embedding-0.6B,3754b5ae-add7-441c-af2a-ad5ba926920c,12,17,tool,,,,,,,0,0
qwen32B-int4_telecom_50runs,baseline,Qwen3-Embedding-0.6B,3754b5ae-add7-441c-af2a-ad5ba926920c,13,17,tool,,,,,,,0,0
qwen32B-int4_telecom_50runs,baseline,Qwen3-Embedding-0.6B,3754b5ae-add7-441c-af2a-ad5ba926920c,14,17,user,,,,,,,0,0
qwen32B-int4_telecom_50runs,baseline,Qwen3-Embedding-0.6B,3754b5ae-add7-441c-af2a-ad5ba926920c,15,17,agent,,,,,,,0,0
qwen32B-int4_telecom_50runs,baseline,Qwen3-Embedding-0.6B,3754b5ae-add7-441c-af2a-ad5ba926920c,16,17,user,,,,,,0.6418576240539551,0,0
qwen32B-int4_telecom_50runs,baseline,Qwen3-Embedding-0.6B,e75caaf1-f9ee-4f27-81d6-9c73a4adec3d,0,26,agent,,,,,,,0,0
qwen32B-int4_telecom_50runs,baseline,Qwen3-Embedding-0.6B,e75caaf1-f9ee-4f27-81d6-9c73a4adec3d,1,26,user,,,,,,0.561271458864212,0,0
qwen32B-int4_telecom_50runs,baseline,Qwen3-Embedding-0.6B,e75caaf1-f9ee-4f27-81d6-9c73a4adec3d,2,26,agent,0.40968599915504456,0.0,0.0,0.19327205419540405,-0.4115924298763275,,0,0
qwen32B-int4_telecom_50runs,baseline,Qwen3-Embedding-0.6B,e75caaf1-f9ee-4f27-81d6-9c73a4adec3d,3,26,tool,,,,,,,0,0
qwen32B-int4_telecom_50runs,baseline,Qwen3-Embedding-0.6B,e75caaf1-f9ee-4f27-81d6-9c73a4adec3d,4,26,agent,0.5480191111564636,0.09375,0.0,,,,0,0
qwen32B-int4_telecom_50runs,baseline,Qwen3-Embedding-0.6B,e75caaf1-f9ee-4f27-81d6-9c73a4adec3d,5,26,user,,,,,,0.38593125343322754,0,0
qwen32B-int4_telecom_50runs,baseline,Qwen3-Embedding-0.6B,e75caaf1-f9ee-4f27-81d6-9c73a4adec3d,6,26,agent,0.7491462230682373,0.3684210526315789,0.0,0.6045161485671997,0.017050170898437522,,0,0
qwen32B-int4_telecom_50runs,baseline,Qwen3-Embedding-0.6B,e75caaf1-f9ee-4f27-81d6-9c73a4adec3d,7,26,tool,,,,,,,0,0
qwen32B-int4_telecom_50runs,baseline,Qwen3-Embedding-0.6B,e75caaf1-f9ee-4f27-81d6-9c73a4adec3d,8,26,agent,0.5421618223190308,0.2,0.0,,,,0,0
qwen32B-int4_telecom_50runs,baseline,Qwen3-Embedding-0.6B,e75caaf1-f9ee-4f27-81d6-9c73a4adec3d,9,26,user,,,,,,0.5108948051929474,0,0
qwen32B-int4_telecom_50runs,baseline,Qwen3-Embedding-0.6B,e75caaf1-f9ee-4f27-81d6-9c73a4adec3d,10,26,agent,0.7556584477424622,0.3333333333333333,0.0,0.45349347591400146,-0.10232780575752254,,0,0
qwen32B-int4_telecom_50runs,baseline,Qwen3-Embedding-0.6B,e75caaf1-f9ee-4f27-81d6-9c73a4adec3d,11,26,tool,,,,,,,0,0
qwen32B-int4_telecom_50runs,baseline,Qwen3-Embedding-0.6B,e75caaf1-f9ee-4f27-81d6-9c73a4adec3d,12,26,agent,0.5162364840507507,0.21951219512195122,0.0,0.5054351091384888,-0.048967278003692605,,0,0
qwen32B-int4_telecom_50runs,baseline,Qwen3-Embedding-0.6B,e75caaf1-f9ee-4f27-81d6-9c73a4adec3d,13,26,user,,,,,,0.446861207485199,1,0
qwen32B-int4_telecom_50runs,baseline,Qwen3-Embedding-0.6B,e75caaf1-f9ee-4f27-81d6-9c73a4adec3d,14,26,tool,,,,,,,0,0
qwen32B-int4_telecom_50runs,baseline,Qwen3-Embedding-0.6B,e75caaf1-f9ee-4f27-81d6-9c73a4adec3d,15,26,user,,,,,,,0,0
qwen32B-int4_telecom_50runs,baseline,Qwen3-Embedding-0.6B,e75caaf1-f9ee-4f27-81d6-9c73a4adec3d,16,26,agent,0.6275143027305603,0.2345679012345679,0.0,0.31847530603408813,-0.34511804580688477,,0,0
qwen32B-int4_telecom_50runs,baseline,Qwen3-Embedding-0.6B,e75caaf1-f9ee-4f27-81d6-9c73a4adec3d,17,26,user,,,,,,0.3903179168701172,1,0
qwen32B-int4_telecom_50runs,baseline,Qwen3-Embedding-0.6B,e75caaf1-f9ee-4f27-81d6-9c73a4adec3d,18,26,tool,,,,,,,0,0
qwen32B-int4_telecom_50runs,baseline,Qwen3-Embedding-0.6B,e75caaf1-f9ee-4f27-81d6-9c73a4adec3d,19,26,user,,,,,,,0,0
qwen32B-int4_telecom_50runs,baseline,Qwen3-Embedding-0.6B,e75caaf1-f9ee-4f27-81d6-9c73a4adec3d,20,26,agent,0.4017738699913025,0.22535211267605634,0.0,0.27798759937286377,-0.27351923584938054,,0,0
qwen32B-int4_telecom_50runs,baseline,Qwen3-Embedding-0.6B,e75caaf1-f9ee-4f27-81d6-9c73a4adec3d,21,26,user,,,,,,0.23992639780044556,1,0
qwen32B-int4_telecom_50runs,baseline,Qwen3-Embedding-0.6B,e75caaf1-f9ee-4f27-81d6-9c73a4adec3d,22,26,tool,,,,,,,0,0
qwen32B-int4_telecom_50runs,baseline,Qwen3-Embedding-0.6B,e75caaf1-f9ee-4f27-81d6-9c73a4adec3d,23,26,user,,,,,,,0,0
qwen32B-int4_telecom_50runs,baseline,Qwen3-Embedding-0.6B,e75caaf1-f9ee-4f27-81d6-9c73a4adec3d,24,26,agent,0.5918247699737549,0.11965811965811966,0.0,,,,0,0
qwen32B-int4_telecom_50runs,baseline,Qwen3-Embedding-0.6B,e75caaf1-f9ee-4f27-81d6-9c73a4adec3d,25,26,user,,,,,,0.32716143131256104,0,0
qwen32B-int4_telecom_50runs,baseline,Qwen3-Embedding-0.6B,4207d4e9-ce60-42db-9d99-1332cb36dbc5,0,44,agent,,,,,,,0,0
qwen32B-int4_telecom_50runs,baseline,Qwen3-Embedding-0.6B,4207d4e9-ce60-42db-9d99-1332cb36dbc5,1,44,user,,,,,,0.600043386220932,0,0
qwen32B-int4_telecom_50runs,baseline,Qwen3-Embedding-0.6B,4207d4e9-ce60-42db-9d99-1332cb36dbc5,2,44,agent,0.2994594871997833,0.06153846153846154,0.0,0.41234391927719116,-0.09047673270106316,,0,0
qwen32B-int4_telecom_50runs,baseline,Qwen3-Embedding-0.6B,4207d4e9-ce60-42db-9d99-1332cb36dbc5,3,44,user,,,,,,0.30738991498947144,1,0
qwen32B-int4_telecom_50runs,baseline,Qwen3-Embedding-0.6B,4207d4e9-ce60-42db-9d99-1332cb36dbc5,4,44,tool,,,,,,,0,0
qwen32B-int4_telecom_50runs,baseline,Qwen3-Embedding-0.6B,4207d4e9-ce60-42db-9d99-1332cb36dbc5,5,44,tool,,,,,,,0,0
qwen32B-int4_telecom_50runs,baseline,Qwen3-Embedding-0.6B,4207d4e9-ce60-42db-9d99-1332cb36dbc5,6,44,tool,,,,,,,0,0
qwen32B-int4_telecom_50runs,baseline,Qwen3-Embedding-0.6B,4207d4e9-ce60-42db-9d99-1332cb36dbc5,7,44,user,,,,,,,0,0
qwen32B-int4_telecom_50runs,baseline,Qwen3-Embedding-0.6B,4207d4e9-ce60-42db-9d99-1332cb36dbc5,8,44,agent,,,,0.3176024556159973,-0.152125284075737,,0,0
qwen32B-int4_telecom_50runs,baseline,Qwen3-Embedding-0.6B,4207d4e9-ce60-42db-9d99-1332cb36dbc5,9,44,user,,,,,,0.3441663384437561,1,0
qwen32B-int4_telecom_50runs,baseline,Qwen3-Embedding-0.6B,4207d4e9-ce60-42db-9d99-1332cb36dbc5,10,44,tool,,,,,,,0,0
qwen32B-int4_telecom_50runs,baseline,Qwen3-Embedding-0.6B,4207d4e9-ce60-42db-9d99-1332cb36dbc5,11,44,tool,,,,,,,0,0
qwen32B-int4_telecom_50runs,baseline,Qwen3-Embedding-0.6B,4207d4e9-ce60-42db-9d99-1332cb36dbc5,12,44,user,,,,,,,0,0
qwen32B-int4_telecom_50runs,baseline,Qwen3-Embedding-0.6B,4207d4e9-ce60-42db-9d99-1332cb36dbc5,13,44,agent,0.7565324306488037,0.18446601941747573,0.0,0.31823664903640747,-0.2529292292892933,,0,0
qwen32B-int4_telecom_50runs,baseline,Qwen3-Embedding-0.6B,4207d4e9-ce60-42db-9d99-1332cb36dbc5,14,44,user,,,,,,0.3619464039802551,1,0
qwen32B-int4_telecom_50runs,baseline,Qwen3-Embedding-0.6B,4207d4e9-ce60-42db-9d99-1332cb36dbc5,15,44,tool,,,,,,,0,0
qwen32B-int4_telecom_50runs,baseline,Qwen3-Embedding-0.6B,4207d4e9-ce60-42db-9d99-1332cb36dbc5,16,44,tool,,,,,,,0,0
qwen32B-int4_telecom_50runs,baseline,Qwen3-Embedding-0.6B,4207d4e9-ce60-42db-9d99-1332cb36dbc5,17,44,user,,,,,,,0,0
qwen32B-int4_telecom_50runs,baseline,Qwen3-Embedding-0.6B,4207d4e9-ce60-42db-9d99-1332cb36dbc5,18,44,agent,0.7178067564964294,0.3055555555555556,0.0,0.37557297945022583,-0.14169794507324696,,0,0
qwen32B-int4_telecom_50runs,baseline,Qwen3-Embedding-0.6B,4207d4e9-ce60-42db-9d99-1332cb36dbc5,19,44,user,,,,,,0.3077865242958069,1,0
qwen32B-int4_telecom_50runs,baseline,Qwen3-Embedding-0.6B,4207d4e9-ce60-42db-9d99-1332cb36dbc5,20,44,tool,,,,,,,0,0
qwen32B-int4_telecom_50runs,baseline,Qwen3-Embedding-0.6B,4207d4e9-ce60-42db-9d99-1332cb36dbc5,21,44,tool,,,,,,,0,0
qwen32B-int4_telecom_50runs,baseline,Qwen3-Embedding-0.6B,4207d4e9-ce60-42db-9d99-1332cb36dbc5,22,44,tool,,,,,,,0,0
qwen32B-int4_telecom_50runs,baseline,Qwen3-Embedding-0.6B,4207d4e9-ce60-42db-9d99-1332cb36dbc5,23,44,user,,,,,,,0,0
qwen32B-int4_telecom_50runs,baseline,Qwen3-Embedding-0.6B,4207d4e9-ce60-42db-9d99-1332cb36dbc5,24,44,agent,,,,,,,0,0
qwen32B-int4_telecom_50runs,baseline,Qwen3-Embedding-0.6B,4207d4e9-ce60-42db-9d99-1332cb36dbc5,25,44,user,,,,,,0.37819868326187134,0,0
qwen32B-int4_telecom_50runs,baseline,Qwen3-Embedding-0.6B,4207d4e9-ce60-42db-9d99-1332cb36dbc5,26,44,agent,0.4268108308315277,0.015625,0.0,0.45205265283584595,-0.1682118922472,,0,0
qwen32B-int4_telecom_50runs,baseline,Qwen3-Embedding-0.6B,4207d4e9-ce60-42db-9d99-1332cb36dbc5,27,44,tool,,,,,,,0,0
qwen32B-int4_telecom_50runs,baseline,Qwen3-Embedding-0.6B,4207d4e9-ce60-42db-9d99-1332cb36dbc5,28,44,agent,0.6250496506690979,0.2926829268292683,0.0,,,,0,0
qwen32B-int4_telecom_50runs,baseline,Qwen3-Embedding-0.6B,4207d4e9-ce60-42db-9d99-1332cb36dbc5,29,44,user,,,,,,0.2370833158493042,0,0
qwen32B-int4_telecom_50runs,baseline,Qwen3-Embedding-0.6B,4207d4e9-ce60-42db-9d99-1332cb36dbc5,30,44,agent,0.5656362771987915,0.4375,0.0,0.5133620500564575,-0.06820715591311455,,0,0
qwen32B-int4_telecom_50runs,baseline,Qwen3-Embedding-0.6B,4207d4e9-ce60-42db-9d99-1332cb36dbc5,31,44,tool,,,,,,,0,0
qwen32B-int4_telecom_50runs,baseline,Qwen3-Embedding-0.6B,4207d4e9-ce60-42db-9d99-1332cb36dbc5,32,44,agent,0.7668763399124146,0.23684210526315788,0.0,0.3574402332305908,-0.193159818649292,,0,0
qwen32B-int4_telecom_50runs,baseline,Qwen3-Embedding-0.6B,4207d4e9-ce60-42db-9d99-1332cb36dbc5,33,44,tool,,,,,,,0,0
qwen32B-int4_telecom_50runs,baseline,Qwen3-Embedding-0.6B,4207d4e9-ce60-42db-9d99-1332cb36dbc5,34,44,agent,0.7736213207244873,0.25,0.0,,,,0,0
qwen32B-int4_telecom_50runs,baseline,Qwen3-Embedding-0.6B,4207d4e9-ce60-42db-9d99-1332cb36dbc5,35,44,user,,,,,,0.297061026096344,0,0
qwen32B-int4_telecom_50runs,baseline,Qwen3-Embedding-0.6B,4207d4e9-ce60-42db-9d99-1332cb36dbc5,36,44,agent,0.5315456986427307,0.01818181818181818,0.0,0.13384824991226196,-0.4129845015704632,,0,0
qwen32B-int4_telecom_50runs,baseline,Qwen3-Embedding-0.6B,4207d4e9-ce60-42db-9d99-1332cb36dbc5,37,44,tool,,,,,,,0,0
qwen32B-int4_telecom_50runs,baseline,Qwen3-Embedding-0.6B,4207d4e9-ce60-42db-9d99-1332cb36dbc5,38,44,agent,0.6874496340751648,0.21052631578947367,0.0,0.40131676197052,-0.03884970769286156,,0,0
qwen32B-int4_telecom_50runs,baseline,Qwen3-Embedding-0.6B,4207d4e9-ce60-42db-9d99-1332cb36dbc5,39,44,user,,,,,,0.5097537040710449,1,0
qwen32B-int4_telecom_50runs,baseline,Qwen3-Embedding-0.6B,4207d4e9-ce60-42db-9d99-1332cb36dbc5,40,44,tool,,,,,,,0,0
qwen32B-int4_telecom_50runs,baseline,Qwen3-Embedding-0.6B,4207d4e9-ce60-42db-9d99-1332cb36dbc5,41,44,user,,,,,,,0,0
qwen32B-int4_telecom_50runs,baseline,Qwen3-Embedding-0.6B,4207d4e9-ce60-42db-9d99-1332cb36dbc5,42,44,agent,0.6855556964874268,0.18840579710144928,0.0,,,,0,0
qwen32B-int4_telecom_50runs,baseline,Qwen3-Embedding-0.6B,4207d4e9-ce60-42db-9d99-1332cb36dbc5,43,44,user,,,,,,0.6456569731235504,0,0
qwen32B-int4_telecom_50runs,baseline,Qwen3-Embedding-0.6B,a1e98920-f713-4daa-99e1-e25630a6c8c7,0,42,agent,,,,,,,0,1
qwen32B-int4_telecom_50runs,baseline,Qwen3-Embedding-0.6B,a1e98920-f713-4daa-99e1-e25630a6c8c7,1,42,user,,,,,,0.5580892860889435,0,1
qwen32B-int4_telecom_50runs,baseline,Qwen3-Embedding-0.6B,a1e98920-f713-4daa-99e1-e25630a6c8c7,2,42,agent,0.35797882080078125,0.07142857142857142,0.0,0.36190372705459595,-0.09824487566947937,,0,1
qwen32B-int4_telecom_50runs,baseline,Qwen3-Embedding-0.6B,a1e98920-f713-4daa-99e1-e25630a6c8c7,3,42,user,,,,,,0.24224352836608887,1,1
qwen32B-int4_telecom_50runs,baseline,Qwen3-Embedding-0.6B,a1e98920-f713-4daa-99e1-e25630a6c8c7,4,42,tool,,,,,,,0,1
qwen32B-int4_telecom_50runs,baseline,Qwen3-Embedding-0.6B,a1e98920-f713-4daa-99e1-e25630a6c8c7,5,42,tool,,,,,,,0,1
qwen32B-int4_telecom_50runs,baseline,Qwen3-Embedding-0.6B,a1e98920-f713-4daa-99e1-e25630a6c8c7,6,42,user,,,,,,,0,1
qwen32B-int4_telecom_50runs,baseline,Qwen3-Embedding-0.6B,a1e98920-f713-4daa-99e1-e25630a6c8c7,7,42,agent,0.7047126293182373,0.3246753246753247,0.0,0.43783700466156006,-0.10274188593029976,,0,1
qwen32B-int4_telecom_50runs,baseline,Qwen3-Embedding-0.6B,a1e98920-f713-4daa-99e1-e25630a6c8c7,8,42,user,,,,,,0.4945862293243408,1,1
qwen32B-int4_telecom_50runs,baseline,Qwen3-Embedding-0.6B,a1e98920-f713-4daa-99e1-e25630a6c8c7,9,42,tool,,,,,,,0,1
qwen32B-int4_telecom_50runs,baseline,Qwen3-Embedding-0.6B,a1e98920-f713-4daa-99e1-e25630a6c8c7,10,42,user,,,,,,,0,1
qwen32B-int4_telecom_50runs,baseline,Qwen3-Embedding-0.6B,a1e98920-f713-4daa-99e1-e25630a6c8c7,11,42,agent,0.6239008903503418,0.25675675675675674,0.0,0.4655430316925049,-0.0733440238982439,,0,1
qwen32B-int4_telecom_50runs,baseline,Qwen3-Embedding-0.6B,a1e98920-f713-4daa-99e1-e25630a6c8c7,12,42,user,,,,,,0.33972764015197754,1,1
qwen32B-int4_telecom_50runs,baseline,Qwen3-Embedding-0.6B,a1e98920-f713-4daa-99e1-e25630a6c8c7,13,42,tool,,,,,,,0,1
qwen32B-int4_telecom_50runs,baseline,Qwen3-Embedding-0.6B,a1e98920-f713-4daa-99e1-e25630a6c8c7,14,42,tool,,,,,,,0,1
qwen32B-int4_telecom_50runs,baseline,Qwen3-Embedding-0.6B,a1e98920-f713-4daa-99e1-e25630a6c8c7,15,42,user,,,,,,,0,1
qwen32B-int4_telecom_50runs,baseline,Qwen3-Embedding-0.6B,a1e98920-f713-4daa-99e1-e25630a6c8c7,16,42,agent,0.8269377946853638,0.3333333333333333,0.0,0.44102638959884644,-0.05797579884529114,,0,1
qwen32B-int4_telecom_50runs,baseline,Qwen3-Embedding-0.6B,a1e98920-f713-4daa-99e1-e25630a6c8c7,17,42,user,,,,,,0.3580596446990967,1,1
qwen32B-int4_telecom_50runs,baseline,Qwen3-Embedding-0.6B,a1e98920-f713-4daa-99e1-e25630a6c8c7,18,42,tool,,,,,,,0,1
qwen32B-int4_telecom_50runs,baseline,Qwen3-Embedding-0.6B,a1e98920-f713-4daa-99e1-e25630a6c8c7,19,42,user,,,,,,,0,1
qwen32B-int4_telecom_50runs,baseline,Qwen3-Embedding-0.6B,a1e98920-f713-4daa-99e1-e25630a6c8c7,20,42,agent,0.7139878273010254,0.2972972972972973,0.0,0.35221338272094727,-0.10273861885070801,,0,1
qwen32B-int4_telecom_50runs,baseline,Qwen3-Embedding-0.6B,a1e98920-f713-4daa-99e1-e25630a6c8c7,21,42,user,,,,,,0.2513973116874695,1,1
qwen32B-int4_telecom_50runs,baseline,Qwen3-Embedding-0.6B,a1e98920-f713-4daa-99e1-e25630a6c8c7,22,42,tool,,,,,,,0,1
qwen32B-int4_telecom_50runs,baseline,Qwen3-Embedding-0.6B,a1e98920-f713-4daa-99e1-e25630a6c8c7,23,42,tool,,,,,,,0,1
qwen32B-int4_telecom_50runs,baseline,Qwen3-Embedding-0.6B,a1e98920-f713-4daa-99e1-e25630a6c8c7,24,42,tool,,,,,,,0,1
qwen32B-int4_telecom_50runs,baseline,Qwen3-Embedding-0.6B,a1e98920-f713-4daa-99e1-e25630a6c8c7,25,42,user,,,,,,,0,1
qwen32B-int4_telecom_50runs,baseline,Qwen3-Embedding-0.6B,a1e98920-f713-4daa-99e1-e25630a6c8c7,26,42,agent,,,,,,,0,1
qwen32B-int4_telecom_50runs,baseline,Qwen3-Embedding-0.6B,a1e98920-f713-4daa-99e1-e25630a6c8c7,27,42,user,,,,,,0.313737154006958,0,1
qwen32B-int4_telecom_50runs,baseline,Qwen3-Embedding-0.6B,a1e98920-f713-4daa-99e1-e25630a6c8c7,28,42,agent,0.5022369623184204,0.015873015873015872,0.0,0.4506807327270508,-0.1904529370367527,,0,1
qwen32B-int4_telecom_50runs,baseline,Qwen3-Embedding-0.6B,a1e98920-f713-4daa-99e1-e25630a6c8c7,29,42,tool,,,,,,,0,1
qwen32B-int4_telecom_50runs,baseline,Qwen3-Embedding-0.6B,a1e98920-f713-4daa-99e1-e25630a6c8c7,30,42,agent,0.7345898747444153,0.2235294117647059,0.0,,,,0,1
qwen32B-int4_telecom_50runs,baseline,Qwen3-Embedding-0.6B,a1e98920-f713-4daa-99e1-e25630a6c8c7,31,42,user,,,,,,0.26324838399887085,0,1
qwen32B-int4_telecom_50runs,baseline,Qwen3-Embedding-0.6B,a1e98920-f713-4daa-99e1-e25630a6c8c7,32,42,agent,0.567924439907074,0.4375,0.0,0.5225057601928711,-0.07931682839989662,,0,1
qwen32B-int4_telecom_50runs,baseline,Qwen3-Embedding-0.6B,a1e98920-f713-4daa-99e1-e25630a6c8c7,33,42,tool,,,,,,,0,1
qwen32B-int4_telecom_50runs,baseline,Qwen3-Embedding-0.6B,a1e98920-f713-4daa-99e1-e25630a6c8c7,34,42,agent,0.7636497616767883,0.24691358024691357,0.0,0.3952981233596802,-0.14387569576501846,,0,1
qwen32B-int4_telecom_50runs,baseline,Qwen3-Embedding-0.6B,a1e98920-f713-4daa-99e1-e25630a6c8c7,35,42,tool,,,,,,,0,1
qwen32B-int4_telecom_50runs,baseline,Qwen3-Embedding-0.6B,a1e98920-f713-4daa-99e1-e25630a6c8c7,36,42,agent,0.7844508290290833,0.2727272727272727,0.0,0.4197729229927063,-0.024042684584856033,,0,1
qwen32B-int4_telecom_50runs,baseline,Qwen3-Embedding-0.6B,a1e98920-f713-4daa-99e1-e25630a6c8c7,37,42,user,,,,,,0.4451444745063782,1,1
qwen32B-int4_telecom_50runs,baseline,Qwen3-Embedding-0.6B,a1e98920-f713-4daa-99e1-e25630a6c8c7,38,42,tool,,,,,,,0,1
qwen32B-int4_telecom_50runs,baseline,Qwen3-Embedding-0.6B,a1e98920-f713-4daa-99e1-e25630a6c8c7,39,42,user,,,,,,,0,1
qwen32B-int4_telecom_50runs,baseline,Qwen3-Embedding-0.6B,a1e98920-f713-4daa-99e1-e25630a6c8c7,40,42,agent,0.4920973479747772,0.14285714285714285,0.0,,,,0,1
qwen32B-int4_telecom_50runs,baseline,Qwen3-Embedding-0.6B,a1e98920-f713-4daa-99e1-e25630a6c8c7,41,42,user,,,,,,0.6228668689727783,0,1
qwen32B-int4_telecom_50runs,baseline,Qwen3-Embedding-0.6B,6a6e2377-7448-482a-a9f6-213706c8c81b,0,44,agent,,,,,,,0,0
qwen32B-int4_telecom_50runs,baseline,Qwen3-Embedding-0.6B,6a6e2377-7448-482a-a9f6-213706c8c81b,1,44,user,,,,,,0.5431801378726959,0,0
qwen32B-int4_telecom_50runs,baseline,Qwen3-Embedding-0.6B,6a6e2377-7448-482a-a9f6-213706c8c81b,2,44,agent,0.38547611236572266,0.08333333333333333,0.0,0.31534701585769653,-0.12603236734867096,,0,0
qwen32B-int4_telecom_50runs,baseline,Qwen3-Embedding-0.6B,6a6e2377-7448-482a-a9f6-213706c8c81b,3,44,user,,,,,,0.27207517623901367,1,0
qwen32B-int4_telecom_50runs,baseline,Qwen3-Embedding-0.6B,6a6e2377-7448-482a-a9f6-213706c8c81b,4,44,tool,,,,,,,0,0
qwen32B-int4_telecom_50runs,baseline,Qwen3-Embedding-0.6B,6a6e2377-7448-482a-a9f6-213706c8c81b,5,44,user,,,,,,,0,0
qwen32B-int4_telecom_50runs,baseline,Qwen3-Embedding-0.6B,6a6e2377-7448-482a-a9f6-213706c8c81b,6,44,agent,0.8767120838165283,0.3466666666666667,0.0,0.39030271768569946,0.03647222121556598,,0,0
qwen32B-int4_telecom_50runs,baseline,Qwen3-Embedding-0.6B,6a6e2377-7448-482a-a9f6-213706c8c81b,7,44,user,,,,,,0.44711488485336304,1,0
qwen32B-int4_telecom_50runs,baseline,Qwen3-Embedding-0.6B,6a6e2377-7448-482a-a9f6-213706c8c81b,8,44,tool,,,,,,,0,0
qwen32B-int4_telecom_50runs,baseline,Qwen3-Embedding-0.6B,6a6e2377-7448-482a-a9f6-213706c8c81b,9,44,user,,,,,,,0,0
qwen32B-int4_telecom_50runs,baseline,Qwen3-Embedding-0.6B,6a6e2377-7448-482a-a9f6-213706c8c81b,10,44,agent,0.6173389554023743,0.23529411764705882,0.0,0.3343207836151123,-0.14829104642073315,,0,0
qwen32B-int4_telecom_50runs,baseline,Qwen3-Embedding-0.6B,6a6e2377-7448-482a-a9f6-213706c8c81b,11,44,user,,,,,,0.46515995264053345,1,0
qwen32B-int4_telecom_50runs,baseline,Qwen3-Embedding-0.6B,6a6e2377-7448-482a-a9f6-213706c8c81b,12,44,tool,,,,,,,0,0
qwen32B-int4_telecom_50runs,baseline,Qwen3-Embedding-0.6B,6a6e2377-7448-482a-a9f6-213706c8c81b,13,44,user,,,,,,,0,0
qwen32B-int4_telecom_50runs,baseline,Qwen3-Embedding-0.6B,6a6e2377-7448-482a-a9f6-213706c8c81b,14,44,agent,0.8730949759483337,0.25609756097560976,0.0,0.32599490880966187,-0.0764308174451192,,0,0
qwen32B-int4_telecom_50runs,baseline,Qwen3-Embedding-0.6B,6a6e2377-7448-482a-a9f6-213706c8c81b,15,44,user,,,,,,0.3575934171676636,1,0
qwen32B-int4_telecom_50runs,baseline,Qwen3-Embedding-0.6B,6a6e2377-7448-482a-a9f6-213706c8c81b,16,44,tool,,,,,,,0,0
qwen32B-int4_telecom_50runs,baseline,Qwen3-Embedding-0.6B,6a6e2377-7448-482a-a9f6-213706c8c81b,17,44,user,,,,,,,0,0
qwen32B-int4_telecom_50runs,baseline,Qwen3-Embedding-0.6B,6a6e2377-7448-482a-a9f6-213706c8c81b,18,44,agent,0.84503173828125,0.3614457831325301,0.0,0.4695662260055542,0.006873682141304016,,0,0
qwen32B-int4_telecom_50runs,baseline,Qwen3-Embedding-0.6B,6a6e2377-7448-482a-a9f6-213706c8c81b,19,44,user,,,,,,0.4179444909095764,1,0
qwen32B-int4_telecom_50runs,baseline,Qwen3-Embedding-0.6B,6a6e2377-7448-482a-a9f6-213706c8c81b,20,44,tool,,,,,,,0,0
qwen32B-int4_telecom_50runs,baseline,Qwen3-Embedding-0.6B,6a6e2377-7448-482a-a9f6-213706c8c81b,21,44,user,,,,,,,1,0
qwen32B-int4_telecom_50runs,baseline,Qwen3-Embedding-0.6B,6a6e2377-7448-482a-a9f6-213706c8c81b,22,44,tool,,,,,,,0,0
qwen32B-int4_telecom_50runs,baseline,Qwen3-Embedding-0.6B,6a6e2377-7448-482a-a9f6-213706c8c81b,23,44,user,,,,,,,1,0
qwen32B-int4_telecom_50runs,baseline,Qwen3-Embedding-0.6B,6a6e2377-7448-482a-a9f6-213706c8c81b,24,44,tool,,,,,,,0,0
qwen32B-int4_telecom_50runs,baseline,Qwen3-Embedding-0.6B,6a6e2377-7448-482a-a9f6-213706c8c81b,25,44,user,,,,,,,0,0
qwen32B-int4_telecom_50runs,baseline,Qwen3-Embedding-0.6B,6a6e2377-7448-482a-a9f6-213706c8c81b,26,44,agent,,,,0.3403171896934509,-0.14696032802263898,,0,0
qwen32B-int4_telecom_50runs,baseline,Qwen3-Embedding-0.6B,6a6e2377-7448-482a-a9f6-213706c8c81b,27,44,user,,,,,,0.5289409458637238,1,0
qwen32B-int4_telecom_50runs,baseline,Qwen3-Embedding-0.6B,6a6e2377-7448-482a-a9f6-213706c8c81b,28,44,tool,,,,,,,0,0
qwen32B-int4_telecom_50runs,baseline,Qwen3-Embedding-0.6B,6a6e2377-7448-482a-a9f6-213706c8c81b,29,44,user,,,,,,,1,0
qwen32B-int4_telecom_50runs,baseline,Qwen3-Embedding-0.6B,6a6e2377-7448-482a-a9f6-213706c8c81b,30,44,tool,,,,,,,0,0
qwen32B-int4_telecom_50runs,baseline,Qwen3-Embedding-0.6B,6a6e2377-7448-482a-a9f6-213706c8c81b,31,44,user,,,,,,,1,0
qwen32B-int4_telecom_50runs,baseline,Qwen3-Embedding-0.6B,6a6e2377-7448-482a-a9f6-213706c8c81b,32,44,tool,,,,,,,0,0
qwen32B-int4_telecom_50runs,baseline,Qwen3-Embedding-0.6B,6a6e2377-7448-482a-a9f6-213706c8c81b,33,44,user,,,,,,,0,0
qwen32B-int4_telecom_50runs,baseline,Qwen3-Embedding-0.6B,6a6e2377-7448-482a-a9f6-213706c8c81b,34,44,agent,,,,0.36948078870773315,-0.08409209549427032,,0,0
qwen32B-int4_telecom_50runs,baseline,Qwen3-Embedding-0.6B,6a6e2377-7448-482a-a9f6-213706c8c81b,35,44,user,,,,,,0.4548681974411011,1,0
qwen32B-int4_telecom_50runs,baseline,Qwen3-Embedding-0.6B,6a6e2377-7448-482a-a9f6-213706c8c81b,36,44,tool,,,,,,,0,0
qwen32B-int4_telecom_50runs,baseline,Qwen3-Embedding-0.6B,6a6e2377-7448-482a-a9f6-213706c8c81b,37,44,user,,,,,,,1,0
qwen32B-int4_telecom_50runs,baseline,Qwen3-Embedding-0.6B,6a6e2377-7448-482a-a9f6-213706c8c81b,38,44,tool,,,,,,,0,0
qwen32B-int4_telecom_50runs,baseline,Qwen3-Embedding-0.6B,6a6e2377-7448-482a-a9f6-213706c8c81b,39,44,user,,,,,,,1,0
qwen32B-int4_telecom_50runs,baseline,Qwen3-Embedding-0.6B,6a6e2377-7448-482a-a9f6-213706c8c81b,40,44,tool,,,,,,,0,0
qwen32B-int4_telecom_50runs,baseline,Qwen3-Embedding-0.6B,6a6e2377-7448-482a-a9f6-213706c8c81b,41,44,user,,,,,,,0,0
qwen32B-int4_telecom_50runs,baseline,Qwen3-Embedding-0.6B,6a6e2377-7448-482a-a9f6-213706c8c81b,42,44,agent,,,,,,,0,0
qwen32B-int4_telecom_50runs,baseline,Qwen3-Embedding-0.6B,6a6e2377-7448-482a-a9f6-213706c8c81b,43,44,user,,,,,,0.4660490155220032,0,0
qwen32B-int4_telecom_50runs,baseline,Qwen3-Embedding-0.6B,a2303c65-5c35-4da6-b1ee-9a058ca49785,0,38,agent,,,,,,,0,0
qwen32B-int4_telecom_50runs,baseline,Qwen3-Embedding-0.6B,a2303c65-5c35-4da6-b1ee-9a058ca49785,1,38,user,,,,,,0.5921539962291718,0,0
qwen32B-int4_telecom_50runs,baseline,Qwen3-Embedding-0.6B,a2303c65-5c35-4da6-b1ee-9a058ca49785,2,38,agent,0.407152384519577,0.0,0.0,0.19908100366592407,-0.3795371949672699,,0,0
qwen32B-int4_telecom_50runs,baseline,Qwen3-Embedding-0.6B,a2303c65-5c35-4da6-b1ee-9a058ca49785,3,38,tool,,,,,,,0,0
qwen32B-int4_telecom_50runs,baseline,Qwen3-Embedding-0.6B,a2303c65-5c35-4da6-b1ee-9a058ca49785,4,38,agent,0.6815581321716309,0.05,0.0,,,,0,0
qwen32B-int4_telecom_50runs,baseline,Qwen3-Embedding-0.6B,a2303c65-5c35-4da6-b1ee-9a058ca49785,5,38,user,,,,,,0.3255651593208313,0,0
qwen32B-int4_telecom_50runs,baseline,Qwen3-Embedding-0.6B,a2303c65-5c35-4da6-b1ee-9a058ca49785,6,38,agent,0.747685968875885,0.35,0.0,0.6032695770263672,0.01186304433005192,,0,0
qwen32B-int4_telecom_50runs,baseline,Qwen3-Embedding-0.6B,a2303c65-5c35-4da6-b1ee-9a058ca49785,7,38,tool,,,,,,,0,0
qwen32B-int4_telecom_50runs,baseline,Qwen3-Embedding-0.6B,a2303c65-5c35-4da6-b1ee-9a058ca49785,8,38,agent,0.44629183411598206,0.2835820895522388,0.0,,,,0,0
qwen32B-int4_telecom_50runs,baseline,Qwen3-Embedding-0.6B,a2303c65-5c35-4da6-b1ee-9a058ca49785,9,38,user,,,,,,0.43088310956954956,0,0
qwen32B-int4_telecom_50runs,baseline,Qwen3-Embedding-0.6B,a2303c65-5c35-4da6-b1ee-9a058ca49785,10,38,agent,0.755450427532196,0.3333333333333333,0.0,0.4506593346595764,-0.0910537838935852,,0,0
qwen32B-int4_telecom_50runs,baseline,Qwen3-Embedding-0.6B,a2303c65-5c35-4da6-b1ee-9a058ca49785,11,38,tool,,,,,,,0,0
qwen32B-int4_telecom_50runs,baseline,Qwen3-Embedding-0.6B,a2303c65-5c35-4da6-b1ee-9a058ca49785,12,38,agent,0.4612099230289459,0.2087912087912088,0.0,0.37208664417266846,-0.14370520625795635,,0,0
qwen32B-int4_telecom_50runs,baseline,Qwen3-Embedding-0.6B,a2303c65-5c35-4da6-b1ee-9a058ca49785,13,38,user,,,,,,0.47440189123153687,1,0
qwen32B-int4_telecom_50runs,baseline,Qwen3-Embedding-0.6B,a2303c65-5c35-4da6-b1ee-9a058ca49785,14,38,tool,,,,,,,0,0
qwen32B-int4_telecom_50runs,baseline,Qwen3-Embedding-0.6B,a2303c65-5c35-4da6-b1ee-9a058ca49785,15,38,user,,,,,,,0,0
qwen32B-int4_telecom_50runs,baseline,Qwen3-Embedding-0.6B,a2303c65-5c35-4da6-b1ee-9a058ca49785,16,38,agent,0.6927759647369385,0.22018348623853212,0.0,0.3657904267311096,-0.10202906387192862,,0,0
qwen32B-int4_telecom_50runs,baseline,Qwen3-Embedding-0.6B,a2303c65-5c35-4da6-b1ee-9a058ca49785,17,38,user,,,,,,0.3670874834060669,1,0
qwen32B-int4_telecom_50runs,baseline,Qwen3-Embedding-0.6B,a2303c65-5c35-4da6-b1ee-9a058ca49785,18,38,tool,,,,,,,0,0
qwen32B-int4_telecom_50runs,baseline,Qwen3-Embedding-0.6B,a2303c65-5c35-4da6-b1ee-9a058ca49785,19,38,user,,,,,,,1,0
qwen32B-int4_telecom_50runs,baseline,Qwen3-Embedding-0.6B,a2303c65-5c35-4da6-b1ee-9a058ca49785,20,38,tool,,,,,,,0,0
qwen32B-int4_telecom_50runs,baseline,Qwen3-Embedding-0.6B,a2303c65-5c35-4da6-b1ee-9a058ca49785,21,38,user,,,,,,,0,0
qwen32B-int4_telecom_50runs,baseline,Qwen3-Embedding-0.6B,a2303c65-5c35-4da6-b1ee-9a058ca49785,22,38,agent,,,,0.30842405557632446,-0.220832924757685,,0,0
qwen32B-int4_telecom_50runs,baseline,Qwen3-Embedding-0.6B,a2303c65-5c35-4da6-b1ee-9a058ca49785,23,38,user,,,,,,0.44504255056381226,1,0
qwen32B-int4_telecom_50runs,baseline,Qwen3-Embedding-0.6B,a2303c65-5c35-4da6-b1ee-9a058ca49785,24,38,tool,,,,,,,0,0
qwen32B-int4_telecom_50runs,baseline,Qwen3-Embedding-0.6B,a2303c65-5c35-4da6-b1ee-9a058ca49785,25,38,user,,,,,,,0,0
qwen32B-int4_telecom_50runs,baseline,Qwen3-Embedding-0.6B,a2303c65-5c35-4da6-b1ee-9a058ca49785,26,38,agent,0.8324555158615112,0.38235294117647056,0.0,0.23126429319381714,-0.2808847853115627,,0,0
qwen32B-int4_telecom_50runs,baseline,Qwen3-Embedding-0.6B,a2303c65-5c35-4da6-b1ee-9a058ca49785,27,38,user,,,,,,0.28148752450942993,1,0
qwen32B-int4_telecom_50runs,baseline,Qwen3-Embedding-0.6B,a2303c65-5c35-4da6-b1ee-9a058ca49785,28,38,tool,,,,,,,0,0
qwen32B-int4_telecom_50runs,baseline,Qwen3-Embedding-0.6B,a2303c65-5c35-4da6-b1ee-9a058ca49785,29,38,user,,,,,,,0,0
qwen32B-int4_telecom_50runs,baseline,Qwen3-Embedding-0.6B,a2303c65-5c35-4da6-b1ee-9a058ca49785,30,38,agent,0.6979223489761353,0.2191780821917808,0.0,0.27340030670166016,-0.24400360669408527,,0,0
qwen32B-int4_telecom_50runs,baseline,Qwen3-Embedding-0.6B,a2303c65-5c35-4da6-b1ee-9a058ca49785,31,38,user,,,,,,0.3981637954711914,1,0
qwen32B-int4_telecom_50runs,baseline,Qwen3-Embedding-0.6B,a2303c65-5c35-4da6-b1ee-9a058ca49785,32,38,tool,,,,,,,0,0
qwen32B-int4_telecom_50runs,baseline,Qwen3-Embedding-0.6B,a2303c65-5c35-4da6-b1ee-9a058ca49785,33,38,user,,,,,,,0,0
qwen32B-int4_telecom_50runs,baseline,Qwen3-Embedding-0.6B,a2303c65-5c35-4da6-b1ee-9a058ca49785,34,38,agent,0.6325936913490295,0.15671641791044777,0.0,,,,0,0
qwen32B-int4_telecom_50runs,baseline,Qwen3-Embedding-0.6B,a2303c65-5c35-4da6-b1ee-9a058ca49785,35,38,user,,,,,,0.5297509133815765,0,0
qwen32B-int4_telecom_50runs,baseline,Qwen3-Embedding-0.6B,a2303c65-5c35-4da6-b1ee-9a058ca49785,36,38,agent,0.5444077849388123,0.21875,0.0,,,,0,0
qwen32B-int4_telecom_50runs,baseline,Qwen3-Embedding-0.6B,a2303c65-5c35-4da6-b1ee-9a058ca49785,37,38,user,,,,,,0.4311394691467285,0,0
qwen32B-int4_telecom_50runs,baseline,Qwen3-Embedding-0.6B,f9f5a1f8-f133-4bea-9638-5ae07182d154,0,78,agent,,,,,,,0,1
qwen32B-int4_telecom_50runs,baseline,Qwen3-Embedding-0.6B,f9f5a1f8-f133-4bea-9638-5ae07182d154,1,78,user,,,,,,0.5437982082366943,0,1
qwen32B-int4_telecom_50runs,baseline,Qwen3-Embedding-0.6B,f9f5a1f8-f133-4bea-9638-5ae07182d154,2,78,agent,0.3833618760108948,0.08333333333333333,0.0,0.31332916021347046,-0.19346135153489952,,0,1
qwen32B-int4_telecom_50runs,baseline,Qwen3-Embedding-0.6B,f9f5a1f8-f133-4bea-9638-5ae07182d154,3,78,user,,,,,,0.2720336318016052,1,1
qwen32B-int4_telecom_50runs,baseline,Qwen3-Embedding-0.6B,f9f5a1f8-f133-4bea-9638-5ae07182d154,4,78,tool,,,,,,,0,1
qwen32B-int4_telecom_50runs,baseline,Qwen3-Embedding-0.6B,f9f5a1f8-f133-4bea-9638-5ae07182d154,5,78,user,,,,,,,0,1
qwen32B-int4_telecom_50runs,baseline,Qwen3-Embedding-0.6B,f9f5a1f8-f133-4bea-9638-5ae07182d154,6,78,agent,0.876203179359436,0.3466666666666667,0.0,0.42236775159835815,-0.036572328385184816,,0,1
qwen32B-int4_telecom_50runs,baseline,Qwen3-Embedding-0.6B,f9f5a1f8-f133-4bea-9638-5ae07182d154,7,78,user,,,,,,0.4483896493911743,1,1
qwen32B-int4_telecom_50runs,baseline,Qwen3-Embedding-0.6B,f9f5a1f8-f133-4bea-9638-5ae07182d154,8,78,tool,,,,,,,0,1
qwen32B-int4_telecom_50runs,baseline,Qwen3-Embedding-0.6B,f9f5a1f8-f133-4bea-9638-5ae07182d154,9,78,user,,,,,,,0,1
qwen32B-int4_telecom_50runs,baseline,Qwen3-Embedding-0.6B,f9f5a1f8-f133-4bea-9638-5ae07182d154,10,78,agent,0.7722336649894714,0.32051282051282054,0.0,0.32272785902023315,-0.17653611740645242,,0,1
qwen32B-int4_telecom_50runs,baseline,Qwen3-Embedding-0.6B,f9f5a1f8-f133-4bea-9638-5ae07182d154,11,78,user,,,,,,0.30240505933761597,1,1
qwen32B-int4_telecom_50runs,baseline,Qwen3-Embedding-0.6B,f9f5a1f8-f133-4bea-9638-5ae07182d154,12,78,tool,,,,,,,0,1
qwen32B-int4_telecom_50runs,baseline,Qwen3-Embedding-0.6B,f9f5a1f8-f133-4bea-9638-5ae07182d154,13,78,user,,,,,,,0,1
qwen32B-int4_telecom_50runs,baseline,Qwen3-Embedding-0.6B,f9f5a1f8-f133-4bea-9638-5ae07182d154,14,78,agent,0.7145823836326599,0.3783783783783784,0.0,0.4304737448692322,-0.088125014129807,,0,1
qwen32B-int4_telecom_50runs,baseline,Qwen3-Embedding-0.6B,f9f5a1f8-f133-4bea-9638-5ae07182d154,15,78,user,,,,,,0.4214176535606384,1,1
qwen32B-int4_telecom_50runs,baseline,Qwen3-Embedding-0.6B,f9f5a1f8-f133-4bea-9638-5ae07182d154,16,78,tool,,,,,,,0,1
qwen32B-int4_telecom_50runs,baseline,Qwen3-Embedding-0.6B,f9f5a1f8-f133-4bea-9638-5ae07182d154,17,78,user,,,,,,,0,1
qwen32B-int4_telecom_50runs,baseline,Qwen3-Embedding-0.6B,f9f5a1f8-f133-4bea-9638-5ae07182d154,18,78,agent,0.6581020951271057,0.2,0.0,0.35109275579452515,-0.13308699341381297,,0,1
qwen32B-int4_telecom_50runs,baseline,Qwen3-Embedding-0.6B,f9f5a1f8-f133-4bea-9638-5ae07182d154,19,78,user,,,,,,0.3924254775047302,1,1
qwen32B-int4_telecom_50runs,baseline,Qwen3-Embedding-0.6B,f9f5a1f8-f133-4bea-9638-5ae07182d154,20,78,tool,,,,,,,0,1
qwen32B-int4_telecom_50runs,baseline,Qwen3-Embedding-0.6B,f9f5a1f8-f133-4bea-9638-5ae07182d154,21,78,user,,,,,,,0,1
qwen32B-int4_telecom_50runs,baseline,Qwen3-Embedding-0.6B,f9f5a1f8-f133-4bea-9638-5ae07182d154,22,78,agent,0.8042858242988586,0.16455696202531644,0.0,0.44805264472961426,-0.07801110691883983,,0,1
qwen32B-int4_telecom_50runs,baseline,Qwen3-Embedding-0.6B,f9f5a1f8-f133-4bea-9638-5ae07182d154,23,78,user,,,,,,0.4817773699760437,1,1
qwen32B-int4_telecom_50runs,baseline,Qwen3-Embedding-0.6B,f9f5a1f8-f133-4bea-9638-5ae07182d154,24,78,tool,,,,,,,0,1
qwen32B-int4_telecom_50runs,baseline,Qwen3-Embedding-0.6B,f9f5a1f8-f133-4bea-9638-5ae07182d154,25,78,user,,,,,,,1,1
qwen32B-int4_telecom_50runs,baseline,Qwen3-Embedding-0.6B,f9f5a1f8-f133-4bea-9638-5ae07182d154,26,78,tool,,,,,,,0,1
qwen32B-int4_telecom_50runs,baseline,Qwen3-Embedding-0.6B,f9f5a1f8-f133-4bea-9638-5ae07182d154,27,78,user,,,,,,,0,1
qwen32B-int4_telecom_50runs,baseline,Qwen3-Embedding-0.6B,f9f5a1f8-f133-4bea-9638-5ae07182d154,28,78,agent,,,,0.38463616371154785,-0.14892188328153944,,0,1
qwen32B-int4_telecom_50runs,baseline,Qwen3-Embedding-0.6B,f9f5a1f8-f133-4bea-9638-5ae07182d154,29,78,user,,,,,,0.6452032923698425,1,1
qwen32B-int4_telecom_50runs,baseline,Qwen3-Embedding-0.6B,f9f5a1f8-f133-4bea-9638-5ae07182d154,30,78,tool,,,,,,,0,1
qwen32B-int4_telecom_50runs,baseline,Qwen3-Embedding-0.6B,f9f5a1f8-f133-4bea-9638-5ae07182d154,31,78,user,,,,,,,1,1
qwen32B-int4_telecom_50runs,baseline,Qwen3-Embedding-0.6B,f9f5a1f8-f133-4bea-9638-5ae07182d154,32,78,tool,,,,,,,0,1
qwen32B-int4_telecom_50runs,baseline,Qwen3-Embedding-0.6B,f9f5a1f8-f133-4bea-9638-5ae07182d154,33,78,user,,,,,,,1,1
qwen32B-int4_telecom_50runs,baseline,Qwen3-Embedding-0.6B,f9f5a1f8-f133-4bea-9638-5ae07182d154,34,78,tool,,,,,,,0,1
qwen32B-int4_telecom_50runs,baseline,Qwen3-Embedding-0.6B,f9f5a1f8-f133-4bea-9638-5ae07182d154,35,78,user,,,,,,,0,1
qwen32B-int4_telecom_50runs,baseline,Qwen3-Embedding-0.6B,f9f5a1f8-f133-4bea-9638-5ae07182d154,36,78,agent,,,,0.3284972310066223,-0.17358934879302979,,0,1
qwen32B-int4_telecom_50runs,baseline,Qwen3-Embedding-0.6B,f9f5a1f8-f133-4bea-9638-5ae07182d154,37,78,user,,,,,,0.4387073516845703,1,1
qwen32B-int4_telecom_50runs,baseline,Qwen3-Embedding-0.6B,f9f5a1f8-f133-4bea-9638-5ae07182d154,38,78,tool,,,,,,,0,1
qwen32B-int4_telecom_50runs,baseline,Qwen3-Embedding-0.6B,f9f5a1f8-f133-4bea-9638-5ae07182d154,39,78,user,,,,,,,1,1
qwen32B-int4_telecom_50runs,baseline,Qwen3-Embedding-0.6B,f9f5a1f8-f133-4bea-9638-5ae07182d154,40,78,tool,,,,,,,0,1
qwen32B-int4_telecom_50runs,baseline,Qwen3-Embedding-0.6B,f9f5a1f8-f133-4bea-9638-5ae07182d154,41,78,user,,,,,,,0,1
qwen32B-int4_telecom_50runs,baseline,Qwen3-Embedding-0.6B,f9f5a1f8-f133-4bea-9638-5ae07182d154,42,78,agent,,,,,,,0,1
qwen32B-int4_telecom_50runs,baseline,Qwen3-Embedding-0.6B,f9f5a1f8-f133-4bea-9638-5ae07182d154,43,78,user,,,,,,0.3174751400947571,0,1
qwen32B-int4_telecom_50runs,baseline,Qwen3-Embedding-0.6B,f9f5a1f8-f133-4bea-9638-5ae07182d154,44,78,agent,0.5903420448303223,0.015151515151515152,0.0,0.4498412609100342,-0.17367734453257389,,0,1
qwen32B-int4_telecom_50runs,baseline,Qwen3-Embedding-0.6B,f9f5a1f8-f133-4bea-9638-5ae07182d154,45,78,tool,,,,,,,0,1
qwen32B-int4_telecom_50runs,baseline,Qwen3-Embedding-0.6B,f9f5a1f8-f133-4bea-9638-5ae07182d154,46,78,agent,0.7534398436546326,0.2988505747126437,0.0,,,,0,1
qwen32B-int4_telecom_50runs,baseline,Qwen3-Embedding-0.6B,f9f5a1f8-f133-4bea-9638-5ae07182d154,47,78,user,,,,,,0.38779914379119873,0,1
qwen32B-int4_telecom_50runs,baseline,Qwen3-Embedding-0.6B,f9f5a1f8-f133-4bea-9638-5ae07182d154,48,78,agent,0.5664159655570984,0.4375,0.0,0.5161390602588654,-0.06279635955305662,,0,1
qwen32B-int4_telecom_50runs,baseline,Qwen3-Embedding-0.6B,f9f5a1f8-f133-4bea-9638-5ae07182d154,49,78,tool,,,,,,,0,1
qwen32B-int4_telecom_50runs,baseline,Qwen3-Embedding-0.6B,f9f5a1f8-f133-4bea-9638-5ae07182d154,50,78,agent,0.7652666568756104,0.27848101265822783,0.0,0.3895717263221741,-0.15486127488753376,,0,1
qwen32B-int4_telecom_50runs,baseline,Qwen3-Embedding-0.6B,f9f5a1f8-f133-4bea-9638-5ae07182d154,51,78,tool,,,,,,,0,1
qwen32B-int4_telecom_50runs,baseline,Qwen3-Embedding-0.6B,f9f5a1f8-f133-4bea-9638-5ae07182d154,52,78,agent,0.8028146028518677,0.18181818181818182,0.0,0.3294335603713989,-0.11179812340175405,,0,1
qwen32B-int4_telecom_50runs,baseline,Qwen3-Embedding-0.6B,f9f5a1f8-f133-4bea-9638-5ae07182d154,53,78,user,,,,,,0.43278390169143677,1,1
qwen32B-int4_telecom_50runs,baseline,Qwen3-Embedding-0.6B,f9f5a1f8-f133-4bea-9638-5ae07182d154,54,78,tool,,,,,,,0,1
qwen32B-int4_telecom_50runs,baseline,Qwen3-Embedding-0.6B,f9f5a1f8-f133-4bea-9638-5ae07182d154,55,78,user,,,,,,,0,1
qwen32B-int4_telecom_50runs,baseline,Qwen3-Embedding-0.6B,f9f5a1f8-f133-4bea-9638-5ae07182d154,56,78,agent,0.7803489565849304,0.10810810810810811,0.0,0.42205810546875,-0.0897075902013218,,0,1
qwen32B-int4_telecom_50runs,baseline,Qwen3-Embedding-0.6B,f9f5a1f8-f133-4bea-9638-5ae07182d154,57,78,tool,,,,,,,0,1
qwen32B-int4_telecom_50runs,baseline,Qwen3-Embedding-0.6B,f9f5a1f8-f133-4bea-9638-5ae07182d154,58,78,agent,0.7174724340438843,0.225,0.0,,,,0,1
qwen32B-int4_telecom_50runs,baseline,Qwen3-Embedding-0.6B,f9f5a1f8-f133-4bea-9638-5ae07182d154,59,78,user,,,,,,0.28044331073760986,0,1
qwen32B-int4_telecom_50runs,baseline,Qwen3-Embedding-0.6B,f9f5a1f8-f133-4bea-9638-5ae07182d154,60,78,agent,0.5748406648635864,0.015625,0.0,0.15156865119934082,-0.425354589434231,,0,1
qwen32B-int4_telecom_50runs,baseline,Qwen3-Embedding-0.6B,f9f5a1f8-f133-4bea-9638-5ae07182d154,61,78,tool,,,,,,,0,1
qwen32B-int4_telecom_50runs,baseline,Qwen3-Embedding-0.6B,f9f5a1f8-f133-4bea-9638-5ae07182d154,62,78,agent,0.8267797231674194,0.2898550724637681,0.0,0.3932499885559082,-0.15761009735219622,,0,1
qwen32B-int4_telecom_50runs,baseline,Qwen3-Embedding-0.6B,f9f5a1f8-f133-4bea-9638-5ae07182d154,63,78,user,,,,,,0.3806415796279907,1,1
qwen32B-int4_telecom_50runs,baseline,Qwen3-Embedding-0.6B,f9f5a1f8-f133-4bea-9638-5ae07182d154,64,78,tool,,,,,,,0,1
qwen32B-int4_telecom_50runs,baseline,Qwen3-Embedding-0.6B,f9f5a1f8-f133-4bea-9638-5ae07182d154,65,78,user,,,,,,,1,1
qwen32B-int4_telecom_50runs,baseline,Qwen3-Embedding-0.6B,f9f5a1f8-f133-4bea-9638-5ae07182d154,66,78,tool,,,,,,,0,1
qwen32B-int4_telecom_50runs,baseline,Qwen3-Embedding-0.6B,f9f5a1f8-f133-4bea-9638-5ae07182d154,67,78,user,,,,,,,0,1
qwen32B-int4_telecom_50runs,baseline,Qwen3-Embedding-0.6B,f9f5a1f8-f133-4bea-9638-5ae07182d154,68,78,agent,,,,0.44267457723617554,-0.03484373934128704,,0,1
qwen32B-int4_telecom_50runs,baseline,Qwen3-Embedding-0.6B,f9f5a1f8-f133-4bea-9638-5ae07182d154,69,78,tool,,,,,,,0,1
qwen32B-int4_telecom_50runs,baseline,Qwen3-Embedding-0.6B,f9f5a1f8-f133-4bea-9638-5ae07182d154,70,78,agent,0.7827746272087097,0.30985915492957744,0.0,0.3962840437889099,-0.09651560467832226,,0,1
qwen32B-int4_telecom_50runs,baseline,Qwen3-Embedding-0.6B,f9f5a1f8-f133-4bea-9638-5ae07182d154,71,78,user,,,,,,0.454559862613678,1,1
qwen32B-int4_telecom_50runs,baseline,Qwen3-Embedding-0.6B,f9f5a1f8-f133-4bea-9638-5ae07182d154,72,78,tool,,,,,,,0,1
qwen32B-int4_telecom_50runs,baseline,Qwen3-Embedding-0.6B,f9f5a1f8-f133-4bea-9638-5ae07182d154,73,78,user,,,,,,,0,1
qwen32B-int4_telecom_50runs,baseline,Qwen3-Embedding-0.6B,f9f5a1f8-f133-4bea-9638-5ae07182d154,74,78,agent,0.615908145904541,0.12658227848101267,0.0,0.5187607705593109,-0.013239425771376712,,0,1
qwen32B-int4_telecom_50runs,baseline,Qwen3-Embedding-0.6B,f9f5a1f8-f133-4bea-9638-5ae07182d154,75,78,tool,,,,,,,0,1
qwen32B-int4_telecom_50runs,baseline,Qwen3-Embedding-0.6B,f9f5a1f8-f133-4bea-9638-5ae07182d154,76,78,agent,0.5152724981307983,0.1,0.0,,,,0,1
qwen32B-int4_telecom_50runs,baseline,Qwen3-Embedding-0.6B,f9f5a1f8-f133-4bea-9638-5ae07182d154,77,78,user,,,,,,0.22931426763534546,0,1
qwen32B-int4_telecom_50runs,baseline,Qwen3-Embedding-0.6B,68c6a971-18b2-450b-8c4a-0011b8812143,0,31,agent,,,,,,,0,0
qwen32B-int4_telecom_50runs,baseline,Qwen3-Embedding-0.6B,68c6a971-18b2-450b-8c4a-0011b8812143,1,31,user,,,,,,0.5529545545578003,0,0
qwen32B-int4_telecom_50runs,baseline,Qwen3-Embedding-0.6B,68c6a971-18b2-450b-8c4a-0011b8812143,2,31,agent,0.3708159923553467,0.10526315789473684,0.0,,,,0,0
qwen32B-int4_telecom_50runs,baseline,Qwen3-Embedding-0.6B,68c6a971-18b2-450b-8c4a-0011b8812143,3,31,user,,,,,,0.2138645052909851,0,0
qwen32B-int4_telecom_50runs,baseline,Qwen3-Embedding-0.6B,68c6a971-18b2-450b-8c4a-0011b8812143,4,31,agent,0.4205588102340698,0.0,0.0,0.6061832308769226,-0.03994474560022354,,0,0
qwen32B-int4_telecom_50runs,baseline,Qwen3-Embedding-0.6B,68c6a971-18b2-450b-8c4a-0011b8812143,5,31,tool,,,,,,,0,0
qwen32B-int4_telecom_50runs,baseline,Qwen3-Embedding-0.6B,68c6a971-18b2-450b-8c4a-0011b8812143,6,31,agent,0.7071195244789124,0.25,0.0,,,,0,0
qwen32B-int4_telecom_50runs,baseline,Qwen3-Embedding-0.6B,68c6a971-18b2-450b-8c4a-0011b8812143,7,31,user,,,,,,0.41184520721435547,0,0
qwen32B-int4_telecom_50runs,baseline,Qwen3-Embedding-0.6B,68c6a971-18b2-450b-8c4a-0011b8812143,8,31,agent,0.7597218751907349,0.3333333333333333,0.0,0.4489119052886963,-0.2214324176311493,,0,0
qwen32B-int4_telecom_50runs,baseline,Qwen3-Embedding-0.6B,68c6a971-18b2-450b-8c4a-0011b8812143,9,31,tool,,,,,,,0,0
qwen32B-int4_telecom_50runs,baseline,Qwen3-Embedding-0.6B,68c6a971-18b2-450b-8c4a-0011b8812143,10,31,agent,0.48600250482559204,0.14563106796116504,0.0,0.5056728720664978,-0.0824192464351654,,0,0
qwen32B-int4_telecom_50runs,baseline,Qwen3-Embedding-0.6B,68c6a971-18b2-450b-8c4a-0011b8812143,11,31,user,,,,,,0.4268309473991394,1,0
qwen32B-int4_telecom_50runs,baseline,Qwen3-Embedding-0.6B,68c6a971-18b2-450b-8c4a-0011b8812143,12,31,tool,,,,,,,0,0
qwen32B-int4_telecom_50runs,baseline,Qwen3-Embedding-0.6B,68c6a971-18b2-450b-8c4a-0011b8812143,13,31,tool,,,,,,,0,0
qwen32B-int4_telecom_50runs,baseline,Qwen3-Embedding-0.6B,68c6a971-18b2-450b-8c4a-0011b8812143,14,31,tool,,,,,,,0,0
qwen32B-int4_telecom_50runs,baseline,Qwen3-Embedding-0.6B,68c6a971-18b2-450b-8c4a-0011b8812143,15,31,user,,,,,,,0,0
qwen32B-int4_telecom_50runs,baseline,Qwen3-Embedding-0.6B,68c6a971-18b2-450b-8c4a-0011b8812143,16,31,agent,,,,0.5210172832012177,-0.1477881744503975,,0,0
qwen32B-int4_telecom_50runs,baseline,Qwen3-Embedding-0.6B,68c6a971-18b2-450b-8c4a-0011b8812143,17,31,user,,,,,,0.45755207538604736,1,0
qwen32B-int4_telecom_50runs,baseline,Qwen3-Embedding-0.6B,68c6a971-18b2-450b-8c4a-0011b8812143,18,31,tool,,,,,,,0,0
qwen32B-int4_telecom_50runs,baseline,Qwen3-Embedding-0.6B,68c6a971-18b2-450b-8c4a-0011b8812143,19,31,tool,,,,,,,0,0
qwen32B-int4_telecom_50runs,baseline,Qwen3-Embedding-0.6B,68c6a971-18b2-450b-8c4a-0011b8812143,20,31,tool,,,,,,,0,0
qwen32B-int4_telecom_50runs,baseline,Qwen3-Embedding-0.6B,68c6a971-18b2-450b-8c4a-0011b8812143,21,31,tool,,,,,,,0,0
qwen32B-int4_telecom_50runs,baseline,Qwen3-Embedding-0.6B,68c6a971-18b2-450b-8c4a-0011b8812143,22,31,user,,,,,,,0,0
qwen32B-int4_telecom_50runs,baseline,Qwen3-Embedding-0.6B,68c6a971-18b2-450b-8c4a-0011b8812143,23,31,agent,,,,0.4514204263687134,-0.19558094069361687,,0,0
qwen32B-int4_telecom_50runs,baseline,Qwen3-Embedding-0.6B,68c6a971-18b2-450b-8c4a-0011b8812143,24,31,user,,,,,,0.3521347641944885,1,0
qwen32B-int4_telecom_50runs,baseline,Qwen3-Embedding-0.6B,68c6a971-18b2-450b-8c4a-0011b8812143,25,31,tool,,,,,,,0,0
qwen32B-int4_telecom_50runs,baseline,Qwen3-Embedding-0.6B,68c6a971-18b2-450b-8c4a-0011b8812143,26,31,tool,,,,,,,0,0
qwen32B-int4_telecom_50runs,baseline,Qwen3-Embedding-0.6B,68c6a971-18b2-450b-8c4a-0011b8812143,27,31,tool,,,,,,,0,0
qwen32B-int4_telecom_50runs,baseline,Qwen3-Embedding-0.6B,68c6a971-18b2-450b-8c4a-0011b8812143,28,31,user,,,,,,,0,0
qwen32B-int4_telecom_50runs,baseline,Qwen3-Embedding-0.6B,68c6a971-18b2-450b-8c4a-0011b8812143,29,31,agent,,,,,,,0,0
qwen32B-int4_telecom_50runs,baseline,Qwen3-Embedding-0.6B,68c6a971-18b2-450b-8c4a-0011b8812143,30,31,user,,,,,,0.6035928428173065,0,0
qwen32B-int4_telecom_50runs,baseline,Qwen3-Embedding-0.6B,fd65371a-5bdb-4249-9582-28ef31dd9dd5,0,66,agent,,,,,,,0,1
qwen32B-int4_telecom_50runs,baseline,Qwen3-Embedding-0.6B,fd65371a-5bdb-4249-9582-28ef31dd9dd5,1,66,user,,,,,,0.5904533565044403,0,1
qwen32B-int4_telecom_50runs,baseline,Qwen3-Embedding-0.6B,fd65371a-5bdb-4249-9582-28ef31dd9dd5,2,66,agent,0.4068564772605896,0.0,0.0,0.19750702381134033,-0.41617245276769,,0,1
qwen32B-int4_telecom_50runs,baseline,Qwen3-Embedding-0.6B,fd65371a-5bdb-4249-9582-28ef31dd9dd5,3,66,tool,,,,,,,0,1
qwen32B-int4_telecom_50runs,baseline,Qwen3-Embedding-0.6B,fd65371a-5bdb-4249-9582-28ef31dd9dd5,4,66,agent,0.6864480972290039,0.05,0.0,,,,0,1
qwen32B-int4_telecom_50runs,baseline,Qwen3-Embedding-0.6B,fd65371a-5bdb-4249-9582-28ef31dd9dd5,5,66,user,,,,,,0.3255651593208313,0,1
qwen32B-int4_telecom_50runs,baseline,Qwen3-Embedding-0.6B,fd65371a-5bdb-4249-9582-28ef31dd9dd5,6,66,agent,0.7497934103012085,0.35,0.0,0.5997422635555267,-0.05257473488648734,,0,1
qwen32B-int4_telecom_50runs,baseline,Qwen3-Embedding-0.6B,fd65371a-5bdb-4249-9582-28ef31dd9dd5,7,66,tool,,,,,,,0,1
qwen32B-int4_telecom_50runs,baseline,Qwen3-Embedding-0.6B,fd65371a-5bdb-4249-9582-28ef31dd9dd5,8,66,agent,0.44629183411598206,0.2835820895522388,0.0,,,,0,1
qwen32B-int4_telecom_50runs,baseline,Qwen3-Embedding-0.6B,fd65371a-5bdb-4249-9582-28ef31dd9dd5,9,66,user,,,,,,0.43088310956954956,0,1
qwen32B-int4_telecom_50runs,baseline,Qwen3-Embedding-0.6B,fd65371a-5bdb-4249-9582-28ef31dd9dd5,10,66,agent,0.7577847242355347,0.3333333333333333,0.0,0.45207446813583374,-0.14814572532971704,,0,1
qwen32B-int4_telecom_50runs,baseline,Qwen3-Embedding-0.6B,fd65371a-5bdb-4249-9582-28ef31dd9dd5,11,66,tool,,,,,,,0,1
qwen32B-int4_telecom_50runs,baseline,Qwen3-Embedding-0.6B,fd65371a-5bdb-4249-9582-28ef31dd9dd5,12,66,agent,0.46006396412849426,0.2087912087912088,0.0,0.3879612684249878,-0.08741533954938252,,0,1
qwen32B-int4_telecom_50runs,baseline,Qwen3-Embedding-0.6B,fd65371a-5bdb-4249-9582-28ef31dd9dd5,13,66,user,,,,,,0.47182905673980713,1,1
qwen32B-int4_telecom_50runs,baseline,Qwen3-Embedding-0.6B,fd65371a-5bdb-4249-9582-28ef31dd9dd5,14,66,tool,,,,,,,0,1
qwen32B-int4_telecom_50runs,baseline,Qwen3-Embedding-0.6B,fd65371a-5bdb-4249-9582-28ef31dd9dd5,15,66,user,,,,,,,0,1
qwen32B-int4_telecom_50runs,baseline,Qwen3-Embedding-0.6B,fd65371a-5bdb-4249-9582-28ef31dd9dd5,16,66,agent,0.7546639442443848,0.2,0.0,0.3450206518173218,-0.11356372237205503,,0,1
qwen32B-int4_telecom_50runs,baseline,Qwen3-Embedding-0.6B,fd65371a-5bdb-4249-9582-28ef31dd9dd5,17,66,user,,,,,,0.5274488031864166,1,1
qwen32B-int4_telecom_50runs,baseline,Qwen3-Embedding-0.6B,fd65371a-5bdb-4249-9582-28ef31dd9dd5,18,66,tool,,,,,,,0,1
qwen32B-int4_telecom_50runs,baseline,Qwen3-Embedding-0.6B,fd65371a-5bdb-4249-9582-28ef31dd9dd5,19,66,user,,,,,,,0,1
qwen32B-int4_telecom_50runs,baseline,Qwen3-Embedding-0.6B,fd65371a-5bdb-4249-9582-28ef31dd9dd5,20,66,agent,0.7591717839241028,0.323943661971831,0.0,0.28515541553497314,-0.15478769739468895,,0,1
qwen32B-int4_telecom_50runs,baseline,Qwen3-Embedding-0.6B,fd65371a-5bdb-4249-9582-28ef31dd9dd5,21,66,user,,,,,,0.3668859601020813,1,1
qwen32B-int4_telecom_50runs,baseline,Qwen3-Embedding-0.6B,fd65371a-5bdb-4249-9582-28ef31dd9dd5,22,66,tool,,,,,,,0,1
qwen32B-int4_telecom_50runs,baseline,Qwen3-Embedding-0.6B,fd65371a-5bdb-4249-9582-28ef31dd9dd5,23,66,user,,,,,,,0,1
qwen32B-int4_telecom_50runs,baseline,Qwen3-Embedding-0.6B,fd65371a-5bdb-4249-9582-28ef31dd9dd5,24,66,agent,0.7235780358314514,0.20833333333333334,0.0,0.2803078889846802,-0.12266683578491211,,0,1
qwen32B-int4_telecom_50runs,baseline,Qwen3-Embedding-0.6B,fd65371a-5bdb-4249-9582-28ef31dd9dd5,25,66,user,,,,,,0.28332751989364624,1,1
qwen32B-int4_telecom_50runs,baseline,Qwen3-Embedding-0.6B,fd65371a-5bdb-4249-9582-28ef31dd9dd5,26,66,tool,,,,,,,0,1
qwen32B-int4_telecom_50runs,baseline,Qwen3-Embedding-0.6B,fd65371a-5bdb-4249-9582-28ef31dd9dd5,27,66,user,,,,,,,0,1
qwen32B-int4_telecom_50runs,baseline,Qwen3-Embedding-0.6B,fd65371a-5bdb-4249-9582-28ef31dd9dd5,28,66,agent,0.7140910029411316,0.15584415584415584,0.0,0.3833485245704651,-0.05777674913406372,,0,1
qwen32B-int4_telecom_50runs,baseline,Qwen3-Embedding-0.6B,fd65371a-5bdb-4249-9582-28ef31dd9dd5,29,66,user,,,,,,0.3892233371734619,1,1
qwen32B-int4_telecom_50runs,baseline,Qwen3-Embedding-0.6B,fd65371a-5bdb-4249-9582-28ef31dd9dd5,30,66,tool,,,,,,,0,1
qwen32B-int4_telecom_50runs,baseline,Qwen3-Embedding-0.6B,fd65371a-5bdb-4249-9582-28ef31dd9dd5,31,66,user,,,,,,,0,1
qwen32B-int4_telecom_50runs,baseline,Qwen3-Embedding-0.6B,fd65371a-5bdb-4249-9582-28ef31dd9dd5,32,66,agent,0.8160096406936646,0.2159090909090909,0.0,0.3638882040977478,-0.17197937568028765,,0,1
qwen32B-int4_telecom_50runs,baseline,Qwen3-Embedding-0.6B,fd65371a-5bdb-4249-9582-28ef31dd9dd5,33,66,user,,,,,,0.4236699342727661,1,1
qwen32B-int4_telecom_50runs,baseline,Qwen3-Embedding-0.6B,fd65371a-5bdb-4249-9582-28ef31dd9dd5,34,66,tool,,,,,,,0,1
qwen32B-int4_telecom_50runs,baseline,Qwen3-Embedding-0.6B,fd65371a-5bdb-4249-9582-28ef31dd9dd5,35,66,user,,,,,,,0,1
qwen32B-int4_telecom_50runs,baseline,Qwen3-Embedding-0.6B,fd65371a-5bdb-4249-9582-28ef31dd9dd5,36,66,agent,0.8217961192131042,0.2857142857142857,0.0,0.28244978189468384,-0.22635777195294693,,0,1
qwen32B-int4_telecom_50runs,baseline,Qwen3-Embedding-0.6B,fd65371a-5bdb-4249-9582-28ef31dd9dd5,37,66,user,,,,,,0.5853826403617859,1,1
qwen32B-int4_telecom_50runs,baseline,Qwen3-Embedding-0.6B,fd65371a-5bdb-4249-9582-28ef31dd9dd5,38,66,tool,,,,,,,0,1
qwen32B-int4_telecom_50runs,baseline,Qwen3-Embedding-0.6B,fd65371a-5bdb-4249-9582-28ef31dd9dd5,39,66,user,,,,,,,0,1
qwen32B-int4_telecom_50runs,baseline,Qwen3-Embedding-0.6B,fd65371a-5bdb-4249-9582-28ef31dd9dd5,40,66,agent,0.6096315383911133,0.21428571428571427,0.0,0.315790593624115,-0.19233462611834207,,0,1
qwen32B-int4_telecom_50runs,baseline,Qwen3-Embedding-0.6B,fd65371a-5bdb-4249-9582-28ef31dd9dd5,41,66,user,,,,,,0.3570736050605774,1,1
qwen32B-int4_telecom_50runs,baseline,Qwen3-Embedding-0.6B,fd65371a-5bdb-4249-9582-28ef31dd9dd5,42,66,tool,,,,,,,0,1
qwen32B-int4_telecom_50runs,baseline,Qwen3-Embedding-0.6B,fd65371a-5bdb-4249-9582-28ef31dd9dd5,43,66,user,,,,,,,0,1
qwen32B-int4_telecom_50runs,baseline,Qwen3-Embedding-0.6B,fd65371a-5bdb-4249-9582-28ef31dd9dd5,44,66,agent,0.7130700349807739,0.2463768115942029,0.0,0.45185816287994385,0.002030503749847423,,0,1
qwen32B-int4_telecom_50runs,baseline,Qwen3-Embedding-0.6B,fd65371a-5bdb-4249-9582-28ef31dd9dd5,45,66,user,,,,,,0.3948521614074707,1,1
qwen32B-int4_telecom_50runs,baseline,Qwen3-Embedding-0.6B,fd65371a-5bdb-4249-9582-28ef31dd9dd5,46,66,tool,,,,,,,0,1
qwen32B-int4_telecom_50runs,baseline,Qwen3-Embedding-0.6B,fd65371a-5bdb-4249-9582-28ef31dd9dd5,47,66,user,,,,,,,0,1
qwen32B-int4_telecom_50runs,baseline,Qwen3-Embedding-0.6B,fd65371a-5bdb-4249-9582-28ef31dd9dd5,48,66,agent,0.6820976138114929,0.25252525252525254,0.0,0.332636296749115,-0.18480516374111178,,0,1
qwen32B-int4_telecom_50runs,baseline,Qwen3-Embedding-0.6B,fd65371a-5bdb-4249-9582-28ef31dd9dd5,49,66,user,,,,,,0.3309174180030823,1,1
qwen32B-int4_telecom_50runs,baseline,Qwen3-Embedding-0.6B,fd65371a-5bdb-4249-9582-28ef31dd9dd5,50,66,tool,,,,,,,0,1
qwen32B-int4_telecom_50runs,baseline,Qwen3-Embedding-0.6B,fd65371a-5bdb-4249-9582-28ef31dd9dd5,51,66,user,,,,,,,0,1
qwen32B-int4_telecom_50runs,baseline,Qwen3-Embedding-0.6B,fd65371a-5bdb-4249-9582-28ef31dd9dd5,52,66,agent,0.6920341849327087,0.2,0.0,0.3378821015357971,-0.1761611193418503,,0,1
qwen32B-int4_telecom_50runs,baseline,Qwen3-Embedding-0.6B,fd65371a-5bdb-4249-9582-28ef31dd9dd5,53,66,user,,,,,,0.5664969086647034,1,1
qwen32B-int4_telecom_50runs,baseline,Qwen3-Embedding-0.6B,fd65371a-5bdb-4249-9582-28ef31dd9dd5,54,66,tool,,,,,,,0,1
qwen32B-int4_telecom_50runs,baseline,Qwen3-Embedding-0.6B,fd65371a-5bdb-4249-9582-28ef31dd9dd5,55,66,user,,,,,,,0,1
qwen32B-int4_telecom_50runs,baseline,Qwen3-Embedding-0.6B,fd65371a-5bdb-4249-9582-28ef31dd9dd5,56,66,agent,0.7223074436187744,0.3269230769230769,0.0,0.3224276900291443,-0.16785887877146405,,0,1
qwen32B-int4_telecom_50runs,baseline,Qwen3-Embedding-0.6B,fd65371a-5bdb-4249-9582-28ef31dd9dd5,57,66,user,,,,,,0.35939931869506836,1,1
qwen32B-int4_telecom_50runs,baseline,Qwen3-Embedding-0.6B,fd65371a-5bdb-4249-9582-28ef31dd9dd5,58,66,tool,,,,,,,0,1
qwen32B-int4_telecom_50runs,baseline,Qwen3-Embedding-0.6B,fd65371a-5bdb-4249-9582-28ef31dd9dd5,59,66,user,,,,,,,0,1
qwen32B-int4_telecom_50runs,baseline,Qwen3-Embedding-0.6B,fd65371a-5bdb-4249-9582-28ef31dd9dd5,60,66,agent,0.6839105486869812,0.10975609756097561,0.0,,,,0,1
qwen32B-int4_telecom_50runs,baseline,Qwen3-Embedding-0.6B,fd65371a-5bdb-4249-9582-28ef31dd9dd5,61,66,user,,,,,,0.22412216663360596,0,1
qwen32B-int4_telecom_50runs,baseline,Qwen3-Embedding-0.6B,fd65371a-5bdb-4249-9582-28ef31dd9dd5,62,66,agent,0.673947811126709,0.09411764705882353,0.0,0.4679882526397705,0.0761637548605601,,0,1
qwen32B-int4_telecom_50runs,baseline,Qwen3-Embedding-0.6B,fd65371a-5bdb-4249-9582-28ef31dd9dd5,63,66,tool,,,,,,,0,1
qwen32B-int4_telecom_50runs,baseline,Qwen3-Embedding-0.6B,fd65371a-5bdb-4249-9582-28ef31dd9dd5,64,66,agent,0.7298849821090698,0.109375,0.0,,,,0,1
qwen32B-int4_telecom_50runs,baseline,Qwen3-Embedding-0.6B,fd65371a-5bdb-4249-9582-28ef31dd9dd5,65,66,user,,,,,,0.2329862117767334,0,1
qwen32B-int4_telecom_50runs,baseline,Qwen3-Embedding-0.6B,d11bcd2a-db5d-44ad-8956-0a24aedf56c8,0,65,agent,,,,,,,0,1
qwen32B-int4_telecom_50runs,baseline,Qwen3-Embedding-0.6B,d11bcd2a-db5d-44ad-8956-0a24aedf56c8,1,65,user,,,,,,0.5926772058010101,0,1
qwen32B-int4_telecom_50runs,baseline,Qwen3-Embedding-0.6B,d11bcd2a-db5d-44ad-8956-0a24aedf56c8,2,65,agent,0.4110541343688965,0.0,0.0,0.19802939891815186,-0.4421170516447588,,0,1
qwen32B-int4_telecom_50runs,baseline,Qwen3-Embedding-0.6B,d11bcd2a-db5d-44ad-8956-0a24aedf56c8,3,65,tool,,,,,,,0,1
qwen32B-int4_telecom_50runs,baseline,Qwen3-Embedding-0.6B,d11bcd2a-db5d-44ad-8956-0a24aedf56c8,4,65,agent,0.6874768733978271,0.05,0.0,,,,0,1
qwen32B-int4_telecom_50runs,baseline,Qwen3-Embedding-0.6B,d11bcd2a-db5d-44ad-8956-0a24aedf56c8,5,65,user,,,,,,0.3255651593208313,0,1
qwen32B-int4_telecom_50runs,baseline,Qwen3-Embedding-0.6B,d11bcd2a-db5d-44ad-8956-0a24aedf56c8,6,65,agent,0.7406917214393616,0.35,0.0,0.6071106493473053,-0.049236741932955685,,0,1
qwen32B-int4_telecom_50runs,baseline,Qwen3-Embedding-0.6B,d11bcd2a-db5d-44ad-8956-0a24aedf56c8,7,65,tool,,,,,,,0,1
qwen32B-int4_telecom_50runs,baseline,Qwen3-Embedding-0.6B,d11bcd2a-db5d-44ad-8956-0a24aedf56c8,8,65,agent,0.44629183411598206,0.2835820895522388,0.0,,,,0,1
qwen32B-int4_telecom_50runs,baseline,Qwen3-Embedding-0.6B,d11bcd2a-db5d-44ad-8956-0a24aedf56c8,9,65,user,,,,,,0.43088310956954956,0,1
qwen32B-int4_telecom_50runs,baseline,Qwen3-Embedding-0.6B,d11bcd2a-db5d-44ad-8956-0a24aedf56c8,10,65,agent,0.7526296973228455,0.3333333333333333,0.0,0.4523772597312927,-0.1698724654587832,,0,1
qwen32B-int4_telecom_50runs,baseline,Qwen3-Embedding-0.6B,d11bcd2a-db5d-44ad-8956-0a24aedf56c8,11,65,tool,,,,,,,0,1
qwen32B-int4_telecom_50runs,baseline,Qwen3-Embedding-0.6B,d11bcd2a-db5d-44ad-8956-0a24aedf56c8,12,65,agent,0.4621070921421051,0.2087912087912088,0.0,0.41635316610336304,-0.1161151365800337,,0,1
qwen32B-int4_telecom_50runs,baseline,Qwen3-Embedding-0.6B,d11bcd2a-db5d-44ad-8956-0a24aedf56c8,13,65,user,,,,,,0.4766077399253845,1,1
qwen32B-int4_telecom_50runs,baseline,Qwen3-Embedding-0.6B,d11bcd2a-db5d-44ad-8956-0a24aedf56c8,14,65,tool,,,,,,,0,1
qwen32B-int4_telecom_50runs,baseline,Qwen3-Embedding-0.6B,d11bcd2a-db5d-44ad-8956-0a24aedf56c8,15,65,user,,,,,,,0,1
qwen32B-int4_telecom_50runs,baseline,Qwen3-Embedding-0.6B,d11bcd2a-db5d-44ad-8956-0a24aedf56c8,16,65,agent,0.6156487464904785,0.18421052631578946,0.0,0.38693612813949585,-0.19904655082659284,,0,1
qwen32B-int4_telecom_50runs,baseline,Qwen3-Embedding-0.6B,d11bcd2a-db5d-44ad-8956-0a24aedf56c8,17,65,user,,,,,,0.4773610234260559,1,1
qwen32B-int4_telecom_50runs,baseline,Qwen3-Embedding-0.6B,d11bcd2a-db5d-44ad-8956-0a24aedf56c8,18,65,tool,,,,,,,0,1
qwen32B-int4_telecom_50runs,baseline,Qwen3-Embedding-0.6B,d11bcd2a-db5d-44ad-8956-0a24aedf56c8,19,65,user,,,,,,,1,1
qwen32B-int4_telecom_50runs,baseline,Qwen3-Embedding-0.6B,d11bcd2a-db5d-44ad-8956-0a24aedf56c8,20,65,tool,,,,,,,0,1
qwen32B-int4_telecom_50runs,baseline,Qwen3-Embedding-0.6B,d11bcd2a-db5d-44ad-8956-0a24aedf56c8,21,65,user,,,,,,,0,1
qwen32B-int4_telecom_50runs,baseline,Qwen3-Embedding-0.6B,d11bcd2a-db5d-44ad-8956-0a24aedf56c8,22,65,agent,,,,0.28745150566101074,-0.19661969217387115,,0,1
qwen32B-int4_telecom_50runs,baseline,Qwen3-Embedding-0.6B,d11bcd2a-db5d-44ad-8956-0a24aedf56c8,23,65,tool,,,,,,,0,1
qwen32B-int4_telecom_50runs,baseline,Qwen3-Embedding-0.6B,d11bcd2a-db5d-44ad-8956-0a24aedf56c8,24,65,agent,0.4314461648464203,0.010869565217391304,0.0,0.495053231716156,-0.05764798549088568,,0,1
qwen32B-int4_telecom_50runs,baseline,Qwen3-Embedding-0.6B,d11bcd2a-db5d-44ad-8956-0a24aedf56c8,25,65,user,,,,,,0.39715099334716797,1,1
qwen32B-int4_telecom_50runs,baseline,Qwen3-Embedding-0.6B,d11bcd2a-db5d-44ad-8956-0a24aedf56c8,26,65,tool,,,,,,,0,1
qwen32B-int4_telecom_50runs,baseline,Qwen3-Embedding-0.6B,d11bcd2a-db5d-44ad-8956-0a24aedf56c8,27,65,user,,,,,,,0,1
qwen32B-int4_telecom_50runs,baseline,Qwen3-Embedding-0.6B,d11bcd2a-db5d-44ad-8956-0a24aedf56c8,28,65,agent,0.5950002670288086,0.2152777777777778,0.0,0.4642736315727234,-0.09524818577549676,,0,1
qwen32B-int4_telecom_50runs,baseline,Qwen3-Embedding-0.6B,d11bcd2a-db5d-44ad-8956-0a24aedf56c8,29,65,user,,,,,,0.5530975162982941,1,1
qwen32B-int4_telecom_50runs,baseline,Qwen3-Embedding-0.6B,d11bcd2a-db5d-44ad-8956-0a24aedf56c8,30,65,tool,,,,,,,0,1
qwen32B-int4_telecom_50runs,baseline,Qwen3-Embedding-0.6B,d11bcd2a-db5d-44ad-8956-0a24aedf56c8,31,65,user,,,,,,,1,1
qwen32B-int4_telecom_50runs,baseline,Qwen3-Embedding-0.6B,d11bcd2a-db5d-44ad-8956-0a24aedf56c8,32,65,tool,,,,,,,0,1
qwen32B-int4_telecom_50runs,baseline,Qwen3-Embedding-0.6B,d11bcd2a-db5d-44ad-8956-0a24aedf56c8,33,65,user,,,,,,,1,1
qwen32B-int4_telecom_50runs,baseline,Qwen3-Embedding-0.6B,d11bcd2a-db5d-44ad-8956-0a24aedf56c8,34,65,tool,,,,,,,0,1
qwen32B-int4_telecom_50runs,baseline,Qwen3-Embedding-0.6B,d11bcd2a-db5d-44ad-8956-0a24aedf56c8,35,65,user,,,,,,,1,1
qwen32B-int4_telecom_50runs,baseline,Qwen3-Embedding-0.6B,d11bcd2a-db5d-44ad-8956-0a24aedf56c8,36,65,tool,,,,,,,0,1
qwen32B-int4_telecom_50runs,baseline,Qwen3-Embedding-0.6B,d11bcd2a-db5d-44ad-8956-0a24aedf56c8,37,65,user,,,,,,,0,1
qwen32B-int4_telecom_50runs,baseline,Qwen3-Embedding-0.6B,d11bcd2a-db5d-44ad-8956-0a24aedf56c8,38,65,agent,,,,0.47366994619369507,-0.06944864717396826,,0,1
qwen32B-int4_telecom_50runs,baseline,Qwen3-Embedding-0.6B,d11bcd2a-db5d-44ad-8956-0a24aedf56c8,39,65,user,,,,,,0.5112234950065613,1,1
qwen32B-int4_telecom_50runs,baseline,Qwen3-Embedding-0.6B,d11bcd2a-db5d-44ad-8956-0a24aedf56c8,40,65,tool,,,,,,,0,1
qwen32B-int4_telecom_50runs,baseline,Qwen3-Embedding-0.6B,d11bcd2a-db5d-44ad-8956-0a24aedf56c8,41,65,user,,,,,,,1,1
qwen32B-int4_telecom_50runs,baseline,Qwen3-Embedding-0.6B,d11bcd2a-db5d-44ad-8956-0a24aedf56c8,42,65,tool,,,,,,,0,1
qwen32B-int4_telecom_50runs,baseline,Qwen3-Embedding-0.6B,d11bcd2a-db5d-44ad-8956-0a24aedf56c8,43,65,user,,,,,,,0,1
qwen32B-int4_telecom_50runs,baseline,Qwen3-Embedding-0.6B,d11bcd2a-db5d-44ad-8956-0a24aedf56c8,44,65,agent,,,,0.45662885904312134,-0.08631409027359704,,0,1
qwen32B-int4_telecom_50runs,baseline,Qwen3-Embedding-0.6B,d11bcd2a-db5d-44ad-8956-0a24aedf56c8,45,65,user,,,,,,0.4628843665122986,1,1
qwen32B-int4_telecom_50runs,baseline,Qwen3-Embedding-0.6B,d11bcd2a-db5d-44ad-8956-0a24aedf56c8,46,65,tool,,,,,,,0,1
qwen32B-int4_telecom_50runs,baseline,Qwen3-Embedding-0.6B,d11bcd2a-db5d-44ad-8956-0a24aedf56c8,47,65,user,,,,,,,1,1
qwen32B-int4_telecom_50runs,baseline,Qwen3-Embedding-0.6B,d11bcd2a-db5d-44ad-8956-0a24aedf56c8,48,65,tool,,,,,,,0,1
qwen32B-int4_telecom_50runs,baseline,Qwen3-Embedding-0.6B,d11bcd2a-db5d-44ad-8956-0a24aedf56c8,49,65,tool,,,,,,,0,1
qwen32B-int4_telecom_50runs,baseline,Qwen3-Embedding-0.6B,d11bcd2a-db5d-44ad-8956-0a24aedf56c8,50,65,user,,,,,,,0,1
qwen32B-int4_telecom_50runs,baseline,Qwen3-Embedding-0.6B,d11bcd2a-db5d-44ad-8956-0a24aedf56c8,51,65,agent,,,,0.5785053372383118,-0.0142053907567804,,0,1
qwen32B-int4_telecom_50runs,baseline,Qwen3-Embedding-0.6B,d11bcd2a-db5d-44ad-8956-0a24aedf56c8,52,65,user,,,,,,0.44235551357269287,1,1
qwen32B-int4_telecom_50runs,baseline,Qwen3-Embedding-0.6B,d11bcd2a-db5d-44ad-8956-0a24aedf56c8,53,65,tool,,,,,,,0,1
qwen32B-int4_telecom_50runs,baseline,Qwen3-Embedding-0.6B,d11bcd2a-db5d-44ad-8956-0a24aedf56c8,54,65,user,,,,,,,1,1
qwen32B-int4_telecom_50runs,baseline,Qwen3-Embedding-0.6B,d11bcd2a-db5d-44ad-8956-0a24aedf56c8,55,65,tool,,,,,,,0,1
qwen32B-int4_telecom_50runs,baseline,Qwen3-Embedding-0.6B,d11bcd2a-db5d-44ad-8956-0a24aedf56c8,56,65,user,,,,,,,1,1
qwen32B-int4_telecom_50runs,baseline,Qwen3-Embedding-0.6B,d11bcd2a-db5d-44ad-8956-0a24aedf56c8,57,65,tool,,,,,,,0,1
qwen32B-int4_telecom_50runs,baseline,Qwen3-Embedding-0.6B,d11bcd2a-db5d-44ad-8956-0a24aedf56c8,58,65,user,,,,,,,1,1
qwen32B-int4_telecom_50runs,baseline,Qwen3-Embedding-0.6B,d11bcd2a-db5d-44ad-8956-0a24aedf56c8,59,65,tool,,,,,,,0,1
qwen32B-int4_telecom_50runs,baseline,Qwen3-Embedding-0.6B,d11bcd2a-db5d-44ad-8956-0a24aedf56c8,60,65,user,,,,,,,0,1
qwen32B-int4_telecom_50runs,baseline,Qwen3-Embedding-0.6B,d11bcd2a-db5d-44ad-8956-0a24aedf56c8,61,65,agent,,,,0.6775341033935547,0.06050746278329333,,0,1
qwen32B-int4_telecom_50runs,baseline,Qwen3-Embedding-0.6B,d11bcd2a-db5d-44ad-8956-0a24aedf56c8,62,65,tool,,,,,,,0,1
qwen32B-int4_telecom_50runs,baseline,Qwen3-Embedding-0.6B,d11bcd2a-db5d-44ad-8956-0a24aedf56c8,63,65,agent,0.4970196485519409,0.10810810810810811,0.0,,,,0,1
qwen32B-int4_telecom_50runs,baseline,Qwen3-Embedding-0.6B,d11bcd2a-db5d-44ad-8956-0a24aedf56c8,64,65,user,,,,,,0.2307133674621582,0,1
qwen32B-int4_telecom_50runs,baseline,Qwen3-Embedding-0.6B,05e4839d-c565-468e-8b89-b940dde5ef2f,0,58,agent,,,,,,,0,1
qwen32B-int4_telecom_50runs,baseline,Qwen3-Embedding-0.6B,05e4839d-c565-468e-8b89-b940dde5ef2f,1,58,user,,,,,,0.5529545545578003,0,1
qwen32B-int4_telecom_50runs,baseline,Qwen3-Embedding-0.6B,05e4839d-c565-468e-8b89-b940dde5ef2f,2,58,agent,0.3708159923553467,0.10526315789473684,0.0,,,,0,1
qwen32B-int4_telecom_50runs,baseline,Qwen3-Embedding-0.6B,05e4839d-c565-468e-8b89-b940dde5ef2f,3,58,user,,,,,,0.2138645052909851,0,1
qwen32B-int4_telecom_50runs,baseline,Qwen3-Embedding-0.6B,05e4839d-c565-468e-8b89-b940dde5ef2f,4,58,agent,0.4245053231716156,0.0,0.0,0.6067105829715729,-0.09393475453058875,,0,1
qwen32B-int4_telecom_50runs,baseline,Qwen3-Embedding-0.6B,05e4839d-c565-468e-8b89-b940dde5ef2f,5,58,tool,,,,,,,0,1
qwen32B-int4_telecom_50runs,baseline,Qwen3-Embedding-0.6B,05e4839d-c565-468e-8b89-b940dde5ef2f,6,58,agent,0.7048293352127075,0.25,0.0,,,,0,1
qwen32B-int4_telecom_50runs,baseline,Qwen3-Embedding-0.6B,05e4839d-c565-468e-8b89-b940dde5ef2f,7,58,user,,,,,,0.41184520721435547,0,1
qwen32B-int4_telecom_50runs,baseline,Qwen3-Embedding-0.6B,05e4839d-c565-468e-8b89-b940dde5ef2f,8,58,agent,0.7477675676345825,0.3333333333333333,0.0,0.45153963565826416,-0.24412015411588883,,0,1
qwen32B-int4_telecom_50runs,baseline,Qwen3-Embedding-0.6B,05e4839d-c565-468e-8b89-b940dde5ef2f,9,58,tool,,,,,,,0,1
qwen32B-int4_telecom_50runs,baseline,Qwen3-Embedding-0.6B,05e4839d-c565-468e-8b89-b940dde5ef2f,10,58,agent,0.48324087262153625,0.14563106796116504,0.0,0.5056728720664978,-0.03542553716235686,,0,1
qwen32B-int4_telecom_50runs,baseline,Qwen3-Embedding-0.6B,05e4839d-c565-468e-8b89-b940dde5ef2f,11,58,user,,,,,,0.42307788133621216,1,1
qwen32B-int4_telecom_50runs,baseline,Qwen3-Embedding-0.6B,05e4839d-c565-468e-8b89-b940dde5ef2f,12,58,tool,,,,,,,0,1
qwen32B-int4_telecom_50runs,baseline,Qwen3-Embedding-0.6B,05e4839d-c565-468e-8b89-b940dde5ef2f,13,58,tool,,,,,,,0,1
qwen32B-int4_telecom_50runs,baseline,Qwen3-Embedding-0.6B,05e4839d-c565-468e-8b89-b940dde5ef2f,14,58,tool,,,,,,,0,1
qwen32B-int4_telecom_50runs,baseline,Qwen3-Embedding-0.6B,05e4839d-c565-468e-8b89-b940dde5ef2f,15,58,user,,,,,,,0,1
qwen32B-int4_telecom_50runs,baseline,Qwen3-Embedding-0.6B,05e4839d-c565-468e-8b89-b940dde5ef2f,16,58,agent,,,,0.426673948764801,-0.09564531015025246,,0,1
qwen32B-int4_telecom_50runs,baseline,Qwen3-Embedding-0.6B,05e4839d-c565-468e-8b89-b940dde5ef2f,17,58,user,,,,,,0.32406437397003174,1,1
qwen32B-int4_telecom_50runs,baseline,Qwen3-Embedding-0.6B,05e4839d-c565-468e-8b89-b940dde5ef2f,18,58,tool,,,,,,,0,1
qwen32B-int4_telecom_50runs,baseline,Qwen3-Embedding-0.6B,05e4839d-c565-468e-8b89-b940dde5ef2f,19,58,tool,,,,,,,0,1
qwen32B-int4_telecom_50runs,baseline,Qwen3-Embedding-0.6B,05e4839d-c565-468e-8b89-b940dde5ef2f,20,58,tool,,,,,,,0,1
qwen32B-int4_telecom_50runs,baseline,Qwen3-Embedding-0.6B,05e4839d-c565-468e-8b89-b940dde5ef2f,21,58,user,,,,,,,0,1
qwen32B-int4_telecom_50runs,baseline,Qwen3-Embedding-0.6B,05e4839d-c565-468e-8b89-b940dde5ef2f,22,58,agent,,,,,,,0,1
qwen32B-int4_telecom_50runs,baseline,Qwen3-Embedding-0.6B,05e4839d-c565-468e-8b89-b940dde5ef2f,23,58,user,,,,,,0.41669905185699463,0,1
qwen32B-int4_telecom_50runs,baseline,Qwen3-Embedding-0.6B,05e4839d-c565-468e-8b89-b940dde5ef2f,24,58,agent,0.7869659662246704,0.3368421052631579,0.0,0.47146522998809814,-0.06442737579345703,,0,1
qwen32B-int4_telecom_50runs,baseline,Qwen3-Embedding-0.6B,05e4839d-c565-468e-8b89-b940dde5ef2f,25,58,user,,,,,,0.32887983322143555,1,1
qwen32B-int4_telecom_50runs,baseline,Qwen3-Embedding-0.6B,05e4839d-c565-468e-8b89-b940dde5ef2f,26,58,tool,,,,,,,0,1
qwen32B-int4_telecom_50runs,baseline,Qwen3-Embedding-0.6B,05e4839d-c565-468e-8b89-b940dde5ef2f,27,58,tool,,,,,,,0,1
qwen32B-int4_telecom_50runs,baseline,Qwen3-Embedding-0.6B,05e4839d-c565-468e-8b89-b940dde5ef2f,28,58,tool,,,,,,,0,1
qwen32B-int4_telecom_50runs,baseline,Qwen3-Embedding-0.6B,05e4839d-c565-468e-8b89-b940dde5ef2f,29,58,user,,,,,,,0,1
qwen32B-int4_telecom_50runs,baseline,Qwen3-Embedding-0.6B,05e4839d-c565-468e-8b89-b940dde5ef2f,30,58,agent,,,,0.39341968297958374,-0.0886482364601559,,0,1
qwen32B-int4_telecom_50runs,baseline,Qwen3-Embedding-0.6B,05e4839d-c565-468e-8b89-b940dde5ef2f,31,58,user,,,,,,0.2795891761779785,1,1
qwen32B-int4_telecom_50runs,baseline,Qwen3-Embedding-0.6B,05e4839d-c565-468e-8b89-b940dde5ef2f,32,58,tool,,,,,,,0,1
qwen32B-int4_telecom_50runs,baseline,Qwen3-Embedding-0.6B,05e4839d-c565-468e-8b89-b940dde5ef2f,33,58,tool,,,,,,,0,1
qwen32B-int4_telecom_50runs,baseline,Qwen3-Embedding-0.6B,05e4839d-c565-468e-8b89-b940dde5ef2f,34,58,tool,,,,,,,0,1
qwen32B-int4_telecom_50runs,baseline,Qwen3-Embedding-0.6B,05e4839d-c565-468e-8b89-b940dde5ef2f,35,58,user,,,,,,,0,1
qwen32B-int4_telecom_50runs,baseline,Qwen3-Embedding-0.6B,05e4839d-c565-468e-8b89-b940dde5ef2f,36,58,agent,,,,0.2646918296813965,-0.37317071855068207,,0,1
qwen32B-int4_telecom_50runs,baseline,Qwen3-Embedding-0.6B,05e4839d-c565-468e-8b89-b940dde5ef2f,37,58,user,,,,,,0.5126014053821564,1,1
qwen32B-int4_telecom_50runs,baseline,Qwen3-Embedding-0.6B,05e4839d-c565-468e-8b89-b940dde5ef2f,38,58,tool,,,,,,,0,1
qwen32B-int4_telecom_50runs,baseline,Qwen3-Embedding-0.6B,05e4839d-c565-468e-8b89-b940dde5ef2f,39,58,user,,,,,,,0,1
qwen32B-int4_telecom_50runs,baseline,Qwen3-Embedding-0.6B,05e4839d-c565-468e-8b89-b940dde5ef2f,40,58,agent,0.6659937500953674,0.49056603773584906,0.0,0.49466943740844727,-0.06144672963354325,,0,1
qwen32B-int4_telecom_50runs,baseline,Qwen3-Embedding-0.6B,05e4839d-c565-468e-8b89-b940dde5ef2f,41,58,user,,,,,,0.39781343936920166,1,1
qwen32B-int4_telecom_50runs,baseline,Qwen3-Embedding-0.6B,05e4839d-c565-468e-8b89-b940dde5ef2f,42,58,tool,,,,,,,0,1
qwen32B-int4_telecom_50runs,baseline,Qwen3-Embedding-0.6B,05e4839d-c565-468e-8b89-b940dde5ef2f,43,58,tool,,,,,,,0,1
qwen32B-int4_telecom_50runs,baseline,Qwen3-Embedding-0.6B,05e4839d-c565-468e-8b89-b940dde5ef2f,44,58,tool,,,,,,,0,1
qwen32B-int4_telecom_50runs,baseline,Qwen3-Embedding-0.6B,05e4839d-c565-468e-8b89-b940dde5ef2f,45,58,user,,,,,,,0,1
qwen32B-int4_telecom_50runs,baseline,Qwen3-Embedding-0.6B,05e4839d-c565-468e-8b89-b940dde5ef2f,46,58,agent,,,,0.40352773666381836,-0.11013132333755493,,0,1
qwen32B-int4_telecom_50runs,baseline,Qwen3-Embedding-0.6B,05e4839d-c565-468e-8b89-b940dde5ef2f,47,58,user,,,,,,0.4100419282913208,1,1
qwen32B-int4_telecom_50runs,baseline,Qwen3-Embedding-0.6B,05e4839d-c565-468e-8b89-b940dde5ef2f,48,58,tool,,,,,,,0,1
qwen32B-int4_telecom_50runs,baseline,Qwen3-Embedding-0.6B,05e4839d-c565-468e-8b89-b940dde5ef2f,49,58,tool,,,,,,,0,1
qwen32B-int4_telecom_50runs,baseline,Qwen3-Embedding-0.6B,05e4839d-c565-468e-8b89-b940dde5ef2f,50,58,tool,,,,,,,0,1
qwen32B-int4_telecom_50runs,baseline,Qwen3-Embedding-0.6B,05e4839d-c565-468e-8b89-b940dde5ef2f,51,58,user,,,,,,,0,1
qwen32B-int4_telecom_50runs,baseline,Qwen3-Embedding-0.6B,05e4839d-c565-468e-8b89-b940dde5ef2f,52,58,agent,,,,,,,0,1
qwen32B-int4_telecom_50runs,baseline,Qwen3-Embedding-0.6B,05e4839d-c565-468e-8b89-b940dde5ef2f,53,58,user,,,,,,0.2579565644264221,0,1
qwen32B-int4_telecom_50runs,baseline,Qwen3-Embedding-0.6B,05e4839d-c565-468e-8b89-b940dde5ef2f,54,58,agent,0.5760281085968018,0.04938271604938271,0.0,0.4905238151550293,0.024651563829845846,,0,1
qwen32B-int4_telecom_50runs,baseline,Qwen3-Embedding-0.6B,05e4839d-c565-468e-8b89-b940dde5ef2f,55,58,tool,,,,,,,0,1
qwen32B-int4_telecom_50runs,baseline,Qwen3-Embedding-0.6B,05e4839d-c565-468e-8b89-b940dde5ef2f,56,58,agent,0.8592416048049927,0.11475409836065574,0.0,,,,0,1
qwen32B-int4_telecom_50runs,baseline,Qwen3-Embedding-0.6B,05e4839d-c565-468e-8b89-b940dde5ef2f,57,58,user,,,,,,0.4106338620185852,0,1
qwen32B-int4_telecom_50runs,baseline,Qwen3-Embedding-0.6B,c8da8cae-3411-4a98-808c-8a02e3f1df0f,0,68,agent,,,,,,,0,1
qwen32B-int4_telecom_50runs,baseline,Qwen3-Embedding-0.6B,c8da8cae-3411-4a98-808c-8a02e3f1df0f,1,68,user,,,,,,0.5648772120475769,0,1
qwen32B-int4_telecom_50runs,baseline,Qwen3-Embedding-0.6B,c8da8cae-3411-4a98-808c-8a02e3f1df0f,2,68,agent,0.40742918848991394,0.0,0.0,0.19436180591583252,-0.43196937441825867,,0,1
qwen32B-int4_telecom_50runs,baseline,Qwen3-Embedding-0.6B,c8da8cae-3411-4a98-808c-8a02e3f1df0f,3,68,tool,,,,,,,0,1
qwen32B-int4_telecom_50runs,baseline,Qwen3-Embedding-0.6B,c8da8cae-3411-4a98-808c-8a02e3f1df0f,4,68,agent,0.5498114228248596,0.09375,0.0,,,,0,1
qwen32B-int4_telecom_50runs,baseline,Qwen3-Embedding-0.6B,c8da8cae-3411-4a98-808c-8a02e3f1df0f,5,68,user,,,,,,0.21888279914855957,0,1
qwen32B-int4_telecom_50runs,baseline,Qwen3-Embedding-0.6B,c8da8cae-3411-4a98-808c-8a02e3f1df0f,6,68,agent,0.7477894425392151,0.3684210526315789,0.0,0.6040533781051636,-0.0574926326672236,,0,1
qwen32B-int4_telecom_50runs,baseline,Qwen3-Embedding-0.6B,c8da8cae-3411-4a98-808c-8a02e3f1df0f,7,68,tool,,,,,,,0,1
qwen32B-int4_telecom_50runs,baseline,Qwen3-Embedding-0.6B,c8da8cae-3411-4a98-808c-8a02e3f1df0f,8,68,agent,0.5455514192581177,0.2,0.0,,,,0,1
qwen32B-int4_telecom_50runs,baseline,Qwen3-Embedding-0.6B,c8da8cae-3411-4a98-808c-8a02e3f1df0f,9,68,user,,,,,,0.5077072083950043,0,1
qwen32B-int4_telecom_50runs,baseline,Qwen3-Embedding-0.6B,c8da8cae-3411-4a98-808c-8a02e3f1df0f,10,68,agent,0.7577084898948669,0.3333333333333333,0.0,0.4519575238227844,-0.1623458504676819,,0,1
qwen32B-int4_telecom_50runs,baseline,Qwen3-Embedding-0.6B,c8da8cae-3411-4a98-808c-8a02e3f1df0f,11,68,tool,,,,,,,0,1
qwen32B-int4_telecom_50runs,baseline,Qwen3-Embedding-0.6B,c8da8cae-3411-4a98-808c-8a02e3f1df0f,12,68,agent,0.5402345061302185,0.2111111111111111,0.0,0.3947928547859192,-0.12308581272761032,,0,1
qwen32B-int4_telecom_50runs,baseline,Qwen3-Embedding-0.6B,c8da8cae-3411-4a98-808c-8a02e3f1df0f,13,68,user,,,,,,0.43112486600875854,1,1
qwen32B-int4_telecom_50runs,baseline,Qwen3-Embedding-0.6B,c8da8cae-3411-4a98-808c-8a02e3f1df0f,14,68,tool,,,,,,,0,1
qwen32B-int4_telecom_50runs,baseline,Qwen3-Embedding-0.6B,c8da8cae-3411-4a98-808c-8a02e3f1df0f,15,68,user,,,,,,,0,1
qwen32B-int4_telecom_50runs,baseline,Qwen3-Embedding-0.6B,c8da8cae-3411-4a98-808c-8a02e3f1df0f,16,68,agent,0.6575843691825867,0.014084507042253521,0.0,0.22222113609313965,-0.20677788654963175,,0,1
qwen32B-int4_telecom_50runs,baseline,Qwen3-Embedding-0.6B,c8da8cae-3411-4a98-808c-8a02e3f1df0f,17,68,tool,,,,,,,0,1
qwen32B-int4_telecom_50runs,baseline,Qwen3-Embedding-0.6B,c8da8cae-3411-4a98-808c-8a02e3f1df0f,18,68,agent,0.514991283416748,0.0,0.0,,,,0,1
qwen32B-int4_telecom_50runs,baseline,Qwen3-Embedding-0.6B,c8da8cae-3411-4a98-808c-8a02e3f1df0f,19,68,user,,,,,,0.16295915842056274,0,1
qwen32B-int4_telecom_50runs,baseline,Qwen3-Embedding-0.6B,c8da8cae-3411-4a98-808c-8a02e3f1df0f,20,68,agent,0.999610424041748,0.8571428571428571,0.8571428571428571,0.21948498487472534,-0.20960379242897031,,0,1
qwen32B-int4_telecom_50runs,baseline,Qwen3-Embedding-0.6B,c8da8cae-3411-4a98-808c-8a02e3f1df0f,21,68,tool,,,,,,,0,1
qwen32B-int4_telecom_50runs,baseline,Qwen3-Embedding-0.6B,c8da8cae-3411-4a98-808c-8a02e3f1df0f,22,68,agent,0.882026195526123,0.5,0.0,,,,0,1
qwen32B-int4_telecom_50runs,baseline,Qwen3-Embedding-0.6B,c8da8cae-3411-4a98-808c-8a02e3f1df0f,23,68,user,,,,,,0.21111339330673218,0,1
qwen32B-int4_telecom_50runs,baseline,Qwen3-Embedding-0.6B,c8da8cae-3411-4a98-808c-8a02e3f1df0f,24,68,agent,0.7122220396995544,0.3488372093023256,0.0,0.34129732847213745,-0.229371827840805,,0,1
qwen32B-int4_telecom_50runs,baseline,Qwen3-Embedding-0.6B,c8da8cae-3411-4a98-808c-8a02e3f1df0f,25,68,user,,,,,,0.36215007305145264,1,1
qwen32B-int4_telecom_50runs,baseline,Qwen3-Embedding-0.6B,c8da8cae-3411-4a98-808c-8a02e3f1df0f,26,68,tool,,,,,,,0,1
qwen32B-int4_telecom_50runs,baseline,Qwen3-Embedding-0.6B,c8da8cae-3411-4a98-808c-8a02e3f1df0f,27,68,user,,,,,,,0,1
qwen32B-int4_telecom_50runs,baseline,Qwen3-Embedding-0.6B,c8da8cae-3411-4a98-808c-8a02e3f1df0f,28,68,agent,0.8821481466293335,0.48717948717948717,0.0,0.28370410203933716,-0.25048723618189495,,0,1
qwen32B-int4_telecom_50runs,baseline,Qwen3-Embedding-0.6B,c8da8cae-3411-4a98-808c-8a02e3f1df0f,29,68,user,,,,,,0.2641054391860962,1,1
qwen32B-int4_telecom_50runs,baseline,Qwen3-Embedding-0.6B,c8da8cae-3411-4a98-808c-8a02e3f1df0f,30,68,tool,,,,,,,0,1
qwen32B-int4_telecom_50runs,baseline,Qwen3-Embedding-0.6B,c8da8cae-3411-4a98-808c-8a02e3f1df0f,31,68,user,,,,,,,0,1
qwen32B-int4_telecom_50runs,baseline,Qwen3-Embedding-0.6B,c8da8cae-3411-4a98-808c-8a02e3f1df0f,32,68,agent,0.7608354091644287,0.46835443037974683,0.0,0.32737308740615845,-0.2132814029852549,,0,1
qwen32B-int4_telecom_50runs,baseline,Qwen3-Embedding-0.6B,c8da8cae-3411-4a98-808c-8a02e3f1df0f,33,68,user,,,,,,0.4564244747161865,1,1
qwen32B-int4_telecom_50runs,baseline,Qwen3-Embedding-0.6B,c8da8cae-3411-4a98-808c-8a02e3f1df0f,34,68,tool,,,,,,,0,1
qwen32B-int4_telecom_50runs,baseline,Qwen3-Embedding-0.6B,c8da8cae-3411-4a98-808c-8a02e3f1df0f,35,68,user,,,,,,,0,1
qwen32B-int4_telecom_50runs,baseline,Qwen3-Embedding-0.6B,c8da8cae-3411-4a98-808c-8a02e3f1df0f,36,68,agent,0.8480877876281738,0.38666666666666666,0.0,0.3765982985496521,-0.09745227396488187,,0,1
qwen32B-int4_telecom_50runs,baseline,Qwen3-Embedding-0.6B,c8da8cae-3411-4a98-808c-8a02e3f1df0f,37,68,user,,,,,,0.4286598563194275,1,1
qwen32B-int4_telecom_50runs,baseline,Qwen3-Embedding-0.6B,c8da8cae-3411-4a98-808c-8a02e3f1df0f,38,68,tool,,,,,,,0,1
qwen32B-int4_telecom_50runs,baseline,Qwen3-Embedding-0.6B,c8da8cae-3411-4a98-808c-8a02e3f1df0f,39,68,user,,,,,,,0,1
qwen32B-int4_telecom_50runs,baseline,Qwen3-Embedding-0.6B,c8da8cae-3411-4a98-808c-8a02e3f1df0f,40,68,agent,0.718045711517334,0.22330097087378642,0.0,,,,0,1
qwen32B-int4_telecom_50runs,baseline,Qwen3-Embedding-0.6B,c8da8cae-3411-4a98-808c-8a02e3f1df0f,41,68,user,,,,,,0.38350212574005127,0,1
qwen32B-int4_telecom_50runs,baseline,Qwen3-Embedding-0.6B,c8da8cae-3411-4a98-808c-8a02e3f1df0f,42,68,agent,0.7655172348022461,0.24528301886792453,0.0,0.40084290504455566,-0.10384487311045332,,0,1
qwen32B-int4_telecom_50runs,baseline,Qwen3-Embedding-0.6B,c8da8cae-3411-4a98-808c-8a02e3f1df0f,43,68,user,,,,,,0.35929858684539795,1,1
qwen32B-int4_telecom_50runs,baseline,Qwen3-Embedding-0.6B,c8da8cae-3411-4a98-808c-8a02e3f1df0f,44,68,tool,,,,,,,0,1
qwen32B-int4_telecom_50runs,baseline,Qwen3-Embedding-0.6B,c8da8cae-3411-4a98-808c-8a02e3f1df0f,45,68,user,,,,,,,0,1
qwen32B-int4_telecom_50runs,baseline,Qwen3-Embedding-0.6B,c8da8cae-3411-4a98-808c-8a02e3f1df0f,46,68,agent,0.64447021484375,0.23469387755102042,0.0,0.4730163812637329,-0.09528947571913404,,0,1
qwen32B-int4_telecom_50runs,baseline,Qwen3-Embedding-0.6B,c8da8cae-3411-4a98-808c-8a02e3f1df0f,47,68,user,,,,,,0.5723728835582733,1,1
qwen32B-int4_telecom_50runs,baseline,Qwen3-Embedding-0.6B,c8da8cae-3411-4a98-808c-8a02e3f1df0f,48,68,tool,,,,,,,0,1
qwen32B-int4_telecom_50runs,baseline,Qwen3-Embedding-0.6B,c8da8cae-3411-4a98-808c-8a02e3f1df0f,49,68,user,,,,,,,1,1
qwen32B-int4_telecom_50runs,baseline,Qwen3-Embedding-0.6B,c8da8cae-3411-4a98-808c-8a02e3f1df0f,50,68,tool,,,,,,,0,1
qwen32B-int4_telecom_50runs,baseline,Qwen3-Embedding-0.6B,c8da8cae-3411-4a98-808c-8a02e3f1df0f,51,68,user,,,,,,,0,1
qwen32B-int4_telecom_50runs,baseline,Qwen3-Embedding-0.6B,c8da8cae-3411-4a98-808c-8a02e3f1df0f,52,68,agent,,,,0.3745589256286621,-0.17827796936035156,,0,1
qwen32B-int4_telecom_50runs,baseline,Qwen3-Embedding-0.6B,c8da8cae-3411-4a98-808c-8a02e3f1df0f,53,68,user,,,,,,0.3721298575401306,1,1
qwen32B-int4_telecom_50runs,baseline,Qwen3-Embedding-0.6B,c8da8cae-3411-4a98-808c-8a02e3f1df0f,54,68,tool,,,,,,,0,1
qwen32B-int4_telecom_50runs,baseline,Qwen3-Embedding-0.6B,c8da8cae-3411-4a98-808c-8a02e3f1df0f,55,68,user,,,,,,,0,1
qwen32B-int4_telecom_50runs,baseline,Qwen3-Embedding-0.6B,c8da8cae-3411-4a98-808c-8a02e3f1df0f,56,68,agent,0.7558842897415161,0.3684210526315789,0.0,0.4188700318336487,-0.1150658537944158,,0,1
qwen32B-int4_telecom_50runs,baseline,Qwen3-Embedding-0.6B,c8da8cae-3411-4a98-808c-8a02e3f1df0f,57,68,user,,,,,,0.4985142946243286,1,1
qwen32B-int4_telecom_50runs,baseline,Qwen3-Embedding-0.6B,c8da8cae-3411-4a98-808c-8a02e3f1df0f,58,68,tool,,,,,,,0,1
qwen32B-int4_telecom_50runs,baseline,Qwen3-Embedding-0.6B,c8da8cae-3411-4a98-808c-8a02e3f1df0f,59,68,user,,,,,,,0,1
qwen32B-int4_telecom_50runs,baseline,Qwen3-Embedding-0.6B,c8da8cae-3411-4a98-808c-8a02e3f1df0f,60,68,agent,0.7588208913803101,0.3684210526315789,0.0,0.36616581678390503,-0.16676358977953598,,0,1
qwen32B-int4_telecom_50runs,baseline,Qwen3-Embedding-0.6B,c8da8cae-3411-4a98-808c-8a02e3f1df0f,61,68,user,,,,,,0.34357285499572754,1,1
qwen32B-int4_telecom_50runs,baseline,Qwen3-Embedding-0.6B,c8da8cae-3411-4a98-808c-8a02e3f1df0f,62,68,tool,,,,,,,0,1
qwen32B-int4_telecom_50runs,baseline,Qwen3-Embedding-0.6B,c8da8cae-3411-4a98-808c-8a02e3f1df0f,63,68,user,,,,,,,0,1
qwen32B-int4_telecom_50runs,baseline,Qwen3-Embedding-0.6B,c8da8cae-3411-4a98-808c-8a02e3f1df0f,64,68,agent,0.6526104807853699,0.12,0.0,0.6342507600784302,0.06432711879412334,,0,1
qwen32B-int4_telecom_50runs,baseline,Qwen3-Embedding-0.6B,c8da8cae-3411-4a98-808c-8a02e3f1df0f,65,68,tool,,,,,,,0,1
qwen32B-int4_telecom_50runs,baseline,Qwen3-Embedding-0.6B,c8da8cae-3411-4a98-808c-8a02e3f1df0f,66,68,agent,0.53056401014328,0.09803921568627451,0.0,,,,0,1
qwen32B-int4_telecom_50runs,baseline,Qwen3-Embedding-0.6B,c8da8cae-3411-4a98-808c-8a02e3f1df0f,67,68,user,,,,,,0.2329862117767334,0,1
qwen32B-int4_telecom_50runs,baseline,Qwen3-Embedding-0.6B,43ba9603-4494-4a4c-9f1a-05f1a8d5d249,0,91,agent,,,,,,,0,1
qwen32B-int4_telecom_50runs,baseline,Qwen3-Embedding-0.6B,43ba9603-4494-4a4c-9f1a-05f1a8d5d249,1,91,user,,,,,,0.5664794147014618,0,1
qwen32B-int4_telecom_50runs,baseline,Qwen3-Embedding-0.6B,43ba9603-4494-4a4c-9f1a-05f1a8d5d249,2,91,agent,0.4058748185634613,0.0,0.0,0.19579064846038818,-0.40460410714149475,,0,1
qwen32B-int4_telecom_50runs,baseline,Qwen3-Embedding-0.6B,43ba9603-4494-4a4c-9f1a-05f1a8d5d249,3,91,tool,,,,,,,0,1
qwen32B-int4_telecom_50runs,baseline,Qwen3-Embedding-0.6B,43ba9603-4494-4a4c-9f1a-05f1a8d5d249,4,91,agent,0.5507005453109741,0.09375,0.0,,,,0,1
qwen32B-int4_telecom_50runs,baseline,Qwen3-Embedding-0.6B,43ba9603-4494-4a4c-9f1a-05f1a8d5d249,5,91,user,,,,,,0.3862706422805786,0,1
qwen32B-int4_telecom_50runs,baseline,Qwen3-Embedding-0.6B,43ba9603-4494-4a4c-9f1a-05f1a8d5d249,6,91,agent,0.741288959980011,0.3684210526315789,0.0,0.6064587831497192,-0.047477271407842636,,0,1
qwen32B-int4_telecom_50runs,baseline,Qwen3-Embedding-0.6B,43ba9603-4494-4a4c-9f1a-05f1a8d5d249,7,91,tool,,,,,,,0,1
qwen32B-int4_telecom_50runs,baseline,Qwen3-Embedding-0.6B,43ba9603-4494-4a4c-9f1a-05f1a8d5d249,8,91,agent,0.5449889302253723,0.2,0.0,,,,0,1
qwen32B-int4_telecom_50runs,baseline,Qwen3-Embedding-0.6B,43ba9603-4494-4a4c-9f1a-05f1a8d5d249,9,91,user,,,,,,0.5077072083950043,0,1
qwen32B-int4_telecom_50runs,baseline,Qwen3-Embedding-0.6B,43ba9603-4494-4a4c-9f1a-05f1a8d5d249,10,91,agent,0.7535910606384277,0.3333333333333333,0.0,0.45012640953063965,-0.13708649016916752,,0,1
qwen32B-int4_telecom_50runs,baseline,Qwen3-Embedding-0.6B,43ba9603-4494-4a4c-9f1a-05f1a8d5d249,11,91,tool,,,,,,,0,1
qwen32B-int4_telecom_50runs,baseline,Qwen3-Embedding-0.6B,43ba9603-4494-4a4c-9f1a-05f1a8d5d249,12,91,agent,0.5169377326965332,0.21951219512195122,0.0,0.42676806449890137,-0.1203401293605566,,0,1
qwen32B-int4_telecom_50runs,baseline,Qwen3-Embedding-0.6B,43ba9603-4494-4a4c-9f1a-05f1a8d5d249,13,91,user,,,,,,0.44477277994155884,1,1
qwen32B-int4_telecom_50runs,baseline,Qwen3-Embedding-0.6B,43ba9603-4494-4a4c-9f1a-05f1a8d5d249,14,91,tool,,,,,,,0,1
qwen32B-int4_telecom_50runs,baseline,Qwen3-Embedding-0.6B,43ba9603-4494-4a4c-9f1a-05f1a8d5d249,15,91,user,,,,,,,0,1
qwen32B-int4_telecom_50runs,baseline,Qwen3-Embedding-0.6B,43ba9603-4494-4a4c-9f1a-05f1a8d5d249,16,91,agent,0.640573263168335,0.0,0.0,0.23309403657913208,-0.26274648681282997,,0,1
qwen32B-int4_telecom_50runs,baseline,Qwen3-Embedding-0.6B,43ba9603-4494-4a4c-9f1a-05f1a8d5d249,17,91,tool,,,,,,,0,1
qwen32B-int4_telecom_50runs,baseline,Qwen3-Embedding-0.6B,43ba9603-4494-4a4c-9f1a-05f1a8d5d249,18,91,agent,0.6263864040374756,0.0,0.0,0.41989195346832275,-0.08916963450610638,,0,1
qwen32B-int4_telecom_50runs,baseline,Qwen3-Embedding-0.6B,43ba9603-4494-4a4c-9f1a-05f1a8d5d249,19,91,user,,,,,,0.48368144035339355,1,1
qwen32B-int4_telecom_50runs,baseline,Qwen3-Embedding-0.6B,43ba9603-4494-4a4c-9f1a-05f1a8d5d249,20,91,tool,,,,,,,0,1
qwen32B-int4_telecom_50runs,baseline,Qwen3-Embedding-0.6B,43ba9603-4494-4a4c-9f1a-05f1a8d5d249,21,91,user,,,,,,,0,1
qwen32B-int4_telecom_50runs,baseline,Qwen3-Embedding-0.6B,43ba9603-4494-4a4c-9f1a-05f1a8d5d249,22,91,agent,0.6949489712715149,0.20588235294117646,0.0,0.4807077646255493,-0.05249414872378111,,0,1
qwen32B-int4_telecom_50runs,baseline,Qwen3-Embedding-0.6B,43ba9603-4494-4a4c-9f1a-05f1a8d5d249,23,91,user,,,,,,0.5468313694000244,1,1
qwen32B-int4_telecom_50runs,baseline,Qwen3-Embedding-0.6B,43ba9603-4494-4a4c-9f1a-05f1a8d5d249,24,91,tool,,,,,,,0,1
qwen32B-int4_telecom_50runs,baseline,Qwen3-Embedding-0.6B,43ba9603-4494-4a4c-9f1a-05f1a8d5d249,25,91,user,,,,,,,1,1
qwen32B-int4_telecom_50runs,baseline,Qwen3-Embedding-0.6B,43ba9603-4494-4a4c-9f1a-05f1a8d5d249,26,91,tool,,,,,,,0,1
qwen32B-int4_telecom_50runs,baseline,Qwen3-Embedding-0.6B,43ba9603-4494-4a4c-9f1a-05f1a8d5d249,27,91,user,,,,,,,0,1
qwen32B-int4_telecom_50runs,baseline,Qwen3-Embedding-0.6B,43ba9603-4494-4a4c-9f1a-05f1a8d5d249,28,91,agent,,,,0.3865310549736023,-0.1690931785851717,,0,1
qwen32B-int4_telecom_50runs,baseline,Qwen3-Embedding-0.6B,43ba9603-4494-4a4c-9f1a-05f1a8d5d249,29,91,user,,,,,,0.4772401452064514,1,1
qwen32B-int4_telecom_50runs,baseline,Qwen3-Embedding-0.6B,43ba9603-4494-4a4c-9f1a-05f1a8d5d249,30,91,tool,,,,,,,0,1
qwen32B-int4_telecom_50runs,baseline,Qwen3-Embedding-0.6B,43ba9603-4494-4a4c-9f1a-05f1a8d5d249,31,91,user,,,,,,,1,1
qwen32B-int4_telecom_50runs,baseline,Qwen3-Embedding-0.6B,43ba9603-4494-4a4c-9f1a-05f1a8d5d249,32,91,tool,,,,,,,0,1
qwen32B-int4_telecom_50runs,baseline,Qwen3-Embedding-0.6B,43ba9603-4494-4a4c-9f1a-05f1a8d5d249,33,91,user,,,,,,,0,1
qwen32B-int4_telecom_50runs,baseline,Qwen3-Embedding-0.6B,43ba9603-4494-4a4c-9f1a-05f1a8d5d249,34,91,agent,,,,,,,0,1
qwen32B-int4_telecom_50runs,baseline,Qwen3-Embedding-0.6B,43ba9603-4494-4a4c-9f1a-05f1a8d5d249,35,91,user,,,,,,0.3050079941749573,0,1
qwen32B-int4_telecom_50runs,baseline,Qwen3-Embedding-0.6B,43ba9603-4494-4a4c-9f1a-05f1a8d5d249,36,91,agent,0.7876980900764465,0.1875,0.0,0.4989311099052429,-0.11498951725661755,,0,1
qwen32B-int4_telecom_50runs,baseline,Qwen3-Embedding-0.6B,43ba9603-4494-4a4c-9f1a-05f1a8d5d249,37,91,user,,,,,,0.30437761545181274,1,1
qwen32B-int4_telecom_50runs,baseline,Qwen3-Embedding-0.6B,43ba9603-4494-4a4c-9f1a-05f1a8d5d249,38,91,tool,,,,,,,0,1
qwen32B-int4_telecom_50runs,baseline,Qwen3-Embedding-0.6B,43ba9603-4494-4a4c-9f1a-05f1a8d5d249,39,91,user,,,,,,,1,1
qwen32B-int4_telecom_50runs,baseline,Qwen3-Embedding-0.6B,43ba9603-4494-4a4c-9f1a-05f1a8d5d249,40,91,tool,,,,,,,0,1
qwen32B-int4_telecom_50runs,baseline,Qwen3-Embedding-0.6B,43ba9603-4494-4a4c-9f1a-05f1a8d5d249,41,91,tool,,,,,,,0,1
qwen32B-int4_telecom_50runs,baseline,Qwen3-Embedding-0.6B,43ba9603-4494-4a4c-9f1a-05f1a8d5d249,42,91,user,,,,,,,0,1
qwen32B-int4_telecom_50runs,baseline,Qwen3-Embedding-0.6B,43ba9603-4494-4a4c-9f1a-05f1a8d5d249,43,91,agent,,,,0.40055936574935913,-0.12575278989970684,,0,1
qwen32B-int4_telecom_50runs,baseline,Qwen3-Embedding-0.6B,43ba9603-4494-4a4c-9f1a-05f1a8d5d249,44,91,user,,,,,,0.2658921480178833,1,1
qwen32B-int4_telecom_50runs,baseline,Qwen3-Embedding-0.6B,43ba9603-4494-4a4c-9f1a-05f1a8d5d249,45,91,tool,,,,,,,0,1
qwen32B-int4_telecom_50runs,baseline,Qwen3-Embedding-0.6B,43ba9603-4494-4a4c-9f1a-05f1a8d5d249,46,91,user,,,,,,,0,1
qwen32B-int4_telecom_50runs,baseline,Qwen3-Embedding-0.6B,43ba9603-4494-4a4c-9f1a-05f1a8d5d249,47,91,agent,0.7444568276405334,0.3106796116504854,0.0,0.2460634708404541,-0.3143696915358305,,0,1
qwen32B-int4_telecom_50runs,baseline,Qwen3-Embedding-0.6B,43ba9603-4494-4a4c-9f1a-05f1a8d5d249,48,91,user,,,,,,0.21932214498519897,1,1
qwen32B-int4_telecom_50runs,baseline,Qwen3-Embedding-0.6B,43ba9603-4494-4a4c-9f1a-05f1a8d5d249,49,91,tool,,,,,,,0,1
qwen32B-int4_telecom_50runs,baseline,Qwen3-Embedding-0.6B,43ba9603-4494-4a4c-9f1a-05f1a8d5d249,50,91,user,,,,,,,0,1
qwen32B-int4_telecom_50runs,baseline,Qwen3-Embedding-0.6B,43ba9603-4494-4a4c-9f1a-05f1a8d5d249,51,91,agent,0.8007497191429138,0.44954128440366975,0.0,0.302839994430542,-0.3277642447501421,,0,1
qwen32B-int4_telecom_50runs,baseline,Qwen3-Embedding-0.6B,43ba9603-4494-4a4c-9f1a-05f1a8d5d249,52,91,user,,,,,,0.29215192794799805,1,1
qwen32B-int4_telecom_50runs,baseline,Qwen3-Embedding-0.6B,43ba9603-4494-4a4c-9f1a-05f1a8d5d249,53,91,tool,,,,,,,0,1
qwen32B-int4_telecom_50runs,baseline,Qwen3-Embedding-0.6B,43ba9603-4494-4a4c-9f1a-05f1a8d5d249,54,91,user,,,,,,,0,1
qwen32B-int4_telecom_50runs,baseline,Qwen3-Embedding-0.6B,43ba9603-4494-4a4c-9f1a-05f1a8d5d249,55,91,agent,0.7255829572677612,0.1792452830188679,0.0,,,,0,1
qwen32B-int4_telecom_50runs,baseline,Qwen3-Embedding-0.6B,43ba9603-4494-4a4c-9f1a-05f1a8d5d249,56,91,user,,,,,,0.5467111170291901,0,1
qwen32B-int4_telecom_50runs,baseline,Qwen3-Embedding-0.6B,43ba9603-4494-4a4c-9f1a-05f1a8d5d249,57,91,agent,0.582622230052948,0.1834862385321101,0.0,0.5100221633911133,-0.09973752032965422,,0,1
qwen32B-int4_telecom_50runs,baseline,Qwen3-Embedding-0.6B,43ba9603-4494-4a4c-9f1a-05f1a8d5d249,58,91,user,,,,,,0.33645033836364746,1,1
qwen32B-int4_telecom_50runs,baseline,Qwen3-Embedding-0.6B,43ba9603-4494-4a4c-9f1a-05f1a8d5d249,59,91,tool,,,,,,,0,1
qwen32B-int4_telecom_50runs,baseline,Qwen3-Embedding-0.6B,43ba9603-4494-4a4c-9f1a-05f1a8d5d249,60,91,user,,,,,,,1,1
qwen32B-int4_telecom_50runs,baseline,Qwen3-Embedding-0.6B,43ba9603-4494-4a4c-9f1a-05f1a8d5d249,61,91,tool,,,,,,,0,1
qwen32B-int4_telecom_50runs,baseline,Qwen3-Embedding-0.6B,43ba9603-4494-4a4c-9f1a-05f1a8d5d249,62,91,user,,,,,,,0,1
qwen32B-int4_telecom_50runs,baseline,Qwen3-Embedding-0.6B,43ba9603-4494-4a4c-9f1a-05f1a8d5d249,63,91,agent,,,,0.3410235047340393,-0.24196204915642738,,0,1
qwen32B-int4_telecom_50runs,baseline,Qwen3-Embedding-0.6B,43ba9603-4494-4a4c-9f1a-05f1a8d5d249,64,91,user,,,,,,0.21990710496902466,1,1
qwen32B-int4_telecom_50runs,baseline,Qwen3-Embedding-0.6B,43ba9603-4494-4a4c-9f1a-05f1a8d5d249,65,91,tool,,,,,,,0,1
qwen32B-int4_telecom_50runs,baseline,Qwen3-Embedding-0.6B,43ba9603-4494-4a4c-9f1a-05f1a8d5d249,66,91,user,,,,,,,0,1
qwen32B-int4_telecom_50runs,baseline,Qwen3-Embedding-0.6B,43ba9603-4494-4a4c-9f1a-05f1a8d5d249,67,91,agent,0.7220072150230408,0.4962962962962963,0.0,0.4875813126564026,-0.15575377084314823,,0,1
qwen32B-int4_telecom_50runs,baseline,Qwen3-Embedding-0.6B,43ba9603-4494-4a4c-9f1a-05f1a8d5d249,68,91,user,,,,,,0.1961977481842041,1,1
qwen32B-int4_telecom_50runs,baseline,Qwen3-Embedding-0.6B,43ba9603-4494-4a4c-9f1a-05f1a8d5d249,69,91,tool,,,,,,,0,1
qwen32B-int4_telecom_50runs,baseline,Qwen3-Embedding-0.6B,43ba9603-4494-4a4c-9f1a-05f1a8d5d249,70,91,user,,,,,,,1,1
qwen32B-int4_telecom_50runs,baseline,Qwen3-Embedding-0.6B,43ba9603-4494-4a4c-9f1a-05f1a8d5d249,71,91,tool,,,,,,,0,1
qwen32B-int4_telecom_50runs,baseline,Qwen3-Embedding-0.6B,43ba9603-4494-4a4c-9f1a-05f1a8d5d249,72,91,user,,,,,,,1,1
qwen32B-int4_telecom_50runs,baseline,Qwen3-Embedding-0.6B,43ba9603-4494-4a4c-9f1a-05f1a8d5d249,73,91,tool,,,,,,,0,1
qwen32B-int4_telecom_50runs,baseline,Qwen3-Embedding-0.6B,43ba9603-4494-4a4c-9f1a-05f1a8d5d249,74,91,user,,,,,,,1,1
qwen32B-int4_telecom_50runs,baseline,Qwen3-Embedding-0.6B,43ba9603-4494-4a4c-9f1a-05f1a8d5d249,75,91,tool,,,,,,,0,1
qwen32B-int4_telecom_50runs,baseline,Qwen3-Embedding-0.6B,43ba9603-4494-4a4c-9f1a-05f1a8d5d249,76,91,user,,,,,,,1,1
qwen32B-int4_telecom_50runs,baseline,Qwen3-Embedding-0.6B,43ba9603-4494-4a4c-9f1a-05f1a8d5d249,77,91,tool,,,,,,,0,1
qwen32B-int4_telecom_50runs,baseline,Qwen3-Embedding-0.6B,43ba9603-4494-4a4c-9f1a-05f1a8d5d249,78,91,user,,,,,,,0,1
qwen32B-int4_telecom_50runs,baseline,Qwen3-Embedding-0.6B,43ba9603-4494-4a4c-9f1a-05f1a8d5d249,79,91,agent,,,,0.5471501052379608,-0.018328437581658363,,0,1
qwen32B-int4_telecom_50runs,baseline,Qwen3-Embedding-0.6B,43ba9603-4494-4a4c-9f1a-05f1a8d5d249,80,91,user,,,,,,0.2501397132873535,1,1
qwen32B-int4_telecom_50runs,baseline,Qwen3-Embedding-0.6B,43ba9603-4494-4a4c-9f1a-05f1a8d5d249,81,91,tool,,,,,,,0,1
qwen32B-int4_telecom_50runs,baseline,Qwen3-Embedding-0.6B,43ba9603-4494-4a4c-9f1a-05f1a8d5d249,82,91,user,,,,,,,1,1
qwen32B-int4_telecom_50runs,baseline,Qwen3-Embedding-0.6B,43ba9603-4494-4a4c-9f1a-05f1a8d5d249,83,91,tool,,,,,,,0,1
qwen32B-int4_telecom_50runs,baseline,Qwen3-Embedding-0.6B,43ba9603-4494-4a4c-9f1a-05f1a8d5d249,84,91,user,,,,,,,0,1
qwen32B-int4_telecom_50runs,baseline,Qwen3-Embedding-0.6B,43ba9603-4494-4a4c-9f1a-05f1a8d5d249,85,91,agent,,,,,,,0,1
qwen32B-int4_telecom_50runs,baseline,Qwen3-Embedding-0.6B,43ba9603-4494-4a4c-9f1a-05f1a8d5d249,86,91,user,,,,,,0.3730009198188782,0,1
qwen32B-int4_telecom_50runs,baseline,Qwen3-Embedding-0.6B,43ba9603-4494-4a4c-9f1a-05f1a8d5d249,87,91,agent,0.7034602165222168,0.2717391304347826,0.0,0.5991576611995697,0.03310079127550125,,0,1
qwen32B-int4_telecom_50runs,baseline,Qwen3-Embedding-0.6B,43ba9603-4494-4a4c-9f1a-05f1a8d5d249,88,91,tool,,,,,,,0,1
qwen32B-int4_telecom_50runs,baseline,Qwen3-Embedding-0.6B,43ba9603-4494-4a4c-9f1a-05f1a8d5d249,89,91,agent,0.5758616328239441,0.125,0.0,,,,0,1
qwen32B-int4_telecom_50runs,baseline,Qwen3-Embedding-0.6B,43ba9603-4494-4a4c-9f1a-05f1a8d5d249,90,91,user,,,,,,0.23110663890838623,0,1
qwen32B-int4_telecom_50runs,baseline,Qwen3-Embedding-0.6B,54a0ad1d-3f35-4ea1-b88b-e33f69cafbe5,0,106,agent,,,,,,,0,1
qwen32B-int4_telecom_50runs,baseline,Qwen3-Embedding-0.6B,54a0ad1d-3f35-4ea1-b88b-e33f69cafbe5,1,106,user,,,,,,0.5653240084648132,0,1
qwen32B-int4_telecom_50runs,baseline,Qwen3-Embedding-0.6B,54a0ad1d-3f35-4ea1-b88b-e33f69cafbe5,2,106,agent,0.4021490812301636,0.0,0.0,0.19405090808868408,-0.44729262424839866,,0,1
qwen32B-int4_telecom_50runs,baseline,Qwen3-Embedding-0.6B,54a0ad1d-3f35-4ea1-b88b-e33f69cafbe5,3,106,tool,,,,,,,0,1
qwen32B-int4_telecom_50runs,baseline,Qwen3-Embedding-0.6B,54a0ad1d-3f35-4ea1-b88b-e33f69cafbe5,4,106,agent,0.5501759648323059,0.09375,0.0,,,,0,1
qwen32B-int4_telecom_50runs,baseline,Qwen3-Embedding-0.6B,54a0ad1d-3f35-4ea1-b88b-e33f69cafbe5,5,106,user,,,,,,0.21928423643112183,0,1
qwen32B-int4_telecom_50runs,baseline,Qwen3-Embedding-0.6B,54a0ad1d-3f35-4ea1-b88b-e33f69cafbe5,6,106,agent,0.7465274333953857,0.3684210526315789,0.0,0.6041421890258789,-0.07385200841559303,,0,1
qwen32B-int4_telecom_50runs,baseline,Qwen3-Embedding-0.6B,54a0ad1d-3f35-4ea1-b88b-e33f69cafbe5,7,106,tool,,,,,,,0,1
qwen32B-int4_telecom_50runs,baseline,Qwen3-Embedding-0.6B,54a0ad1d-3f35-4ea1-b88b-e33f69cafbe5,8,106,agent,0.5450969338417053,0.2,0.0,,,,0,1
qwen32B-int4_telecom_50runs,baseline,Qwen3-Embedding-0.6B,54a0ad1d-3f35-4ea1-b88b-e33f69cafbe5,9,106,user,,,,,,0.5077072083950043,0,1
qwen32B-int4_telecom_50runs,baseline,Qwen3-Embedding-0.6B,54a0ad1d-3f35-4ea1-b88b-e33f69cafbe5,10,106,agent,0.7578146457672119,0.3333333333333333,0.0,0.4515683054924011,-0.17729507386684418,,0,1
qwen32B-int4_telecom_50runs,baseline,Qwen3-Embedding-0.6B,54a0ad1d-3f35-4ea1-b88b-e33f69cafbe5,11,106,tool,,,,,,,0,1
qwen32B-int4_telecom_50runs,baseline,Qwen3-Embedding-0.6B,54a0ad1d-3f35-4ea1-b88b-e33f69cafbe5,12,106,agent,0.5383775234222412,0.2111111111111111,0.0,0.5041794180870056,-0.023120494352446674,,0,1
qwen32B-int4_telecom_50runs,baseline,Qwen3-Embedding-0.6B,54a0ad1d-3f35-4ea1-b88b-e33f69cafbe5,13,106,user,,,,,,0.43058180809020996,1,1
qwen32B-int4_telecom_50runs,baseline,Qwen3-Embedding-0.6B,54a0ad1d-3f35-4ea1-b88b-e33f69cafbe5,14,106,tool,,,,,,,0,1
qwen32B-int4_telecom_50runs,baseline,Qwen3-Embedding-0.6B,54a0ad1d-3f35-4ea1-b88b-e33f69cafbe5,15,106,user,,,,,,,0,1
qwen32B-int4_telecom_50runs,baseline,Qwen3-Embedding-0.6B,54a0ad1d-3f35-4ea1-b88b-e33f69cafbe5,16,106,agent,0.6655580997467041,0.014084507042253521,0.0,0.23386621475219727,-0.23133413824770188,,0,1
qwen32B-int4_telecom_50runs,baseline,Qwen3-Embedding-0.6B,54a0ad1d-3f35-4ea1-b88b-e33f69cafbe5,17,106,tool,,,,,,,0,1
qwen32B-int4_telecom_50runs,baseline,Qwen3-Embedding-0.6B,54a0ad1d-3f35-4ea1-b88b-e33f69cafbe5,18,106,agent,0.5422053933143616,0.0,0.0,0.3558575510978699,-0.17122029927041793,,0,1
qwen32B-int4_telecom_50runs,baseline,Qwen3-Embedding-0.6B,54a0ad1d-3f35-4ea1-b88b-e33f69cafbe5,19,106,user,,,,,,0.4664437770843506,1,1
qwen32B-int4_telecom_50runs,baseline,Qwen3-Embedding-0.6B,54a0ad1d-3f35-4ea1-b88b-e33f69cafbe5,20,106,tool,,,,,,,0,1
qwen32B-int4_telecom_50runs,baseline,Qwen3-Embedding-0.6B,54a0ad1d-3f35-4ea1-b88b-e33f69cafbe5,21,106,user,,,,,,,0,1
qwen32B-int4_telecom_50runs,baseline,Qwen3-Embedding-0.6B,54a0ad1d-3f35-4ea1-b88b-e33f69cafbe5,22,106,agent,0.6189327836036682,0.18446601941747573,0.0,0.3642299175262451,-0.16250801665915382,,0,1
qwen32B-int4_telecom_50runs,baseline,Qwen3-Embedding-0.6B,54a0ad1d-3f35-4ea1-b88b-e33f69cafbe5,23,106,user,,,,,,0.558258444070816,1,1
qwen32B-int4_telecom_50runs,baseline,Qwen3-Embedding-0.6B,54a0ad1d-3f35-4ea1-b88b-e33f69cafbe5,24,106,tool,,,,,,,0,1
qwen32B-int4_telecom_50runs,baseline,Qwen3-Embedding-0.6B,54a0ad1d-3f35-4ea1-b88b-e33f69cafbe5,25,106,user,,,,,,,0,1
qwen32B-int4_telecom_50runs,baseline,Qwen3-Embedding-0.6B,54a0ad1d-3f35-4ea1-b88b-e33f69cafbe5,26,106,agent,0.5548811554908752,0.0,0.0,0.29168635606765747,-0.18010050720638698,,0,1
qwen32B-int4_telecom_50runs,baseline,Qwen3-Embedding-0.6B,54a0ad1d-3f35-4ea1-b88b-e33f69cafbe5,27,106,tool,,,,,,,0,1
qwen32B-int4_telecom_50runs,baseline,Qwen3-Embedding-0.6B,54a0ad1d-3f35-4ea1-b88b-e33f69cafbe5,28,106,agent,0.7613584399223328,0.0,0.0,0.3325444459915161,-0.16602608064810437,,0,1
qwen32B-int4_telecom_50runs,baseline,Qwen3-Embedding-0.6B,54a0ad1d-3f35-4ea1-b88b-e33f69cafbe5,29,106,user,,,,,,0.2417699694633484,1,1
qwen32B-int4_telecom_50runs,baseline,Qwen3-Embedding-0.6B,54a0ad1d-3f35-4ea1-b88b-e33f69cafbe5,30,106,tool,,,,,,,0,1
qwen32B-int4_telecom_50runs,baseline,Qwen3-Embedding-0.6B,54a0ad1d-3f35-4ea1-b88b-e33f69cafbe5,31,106,user,,,,,,,0,1
qwen32B-int4_telecom_50runs,baseline,Qwen3-Embedding-0.6B,54a0ad1d-3f35-4ea1-b88b-e33f69cafbe5,32,106,agent,0.497013658285141,0.13934426229508196,0.0,,,,0,1
qwen32B-int4_telecom_50runs,baseline,Qwen3-Embedding-0.6B,54a0ad1d-3f35-4ea1-b88b-e33f69cafbe5,33,106,user,,,,,,0.3148481845855713,0,1
qwen32B-int4_telecom_50runs,baseline,Qwen3-Embedding-0.6B,54a0ad1d-3f35-4ea1-b88b-e33f69cafbe5,34,106,agent,0.7370486259460449,0.29310344827586204,0.0,0.3506510853767395,-0.3358795266184542,,0,1
qwen32B-int4_telecom_50runs,baseline,Qwen3-Embedding-0.6B,54a0ad1d-3f35-4ea1-b88b-e33f69cafbe5,35,106,user,,,,,,0.39249205589294434,1,1
qwen32B-int4_telecom_50runs,baseline,Qwen3-Embedding-0.6B,54a0ad1d-3f35-4ea1-b88b-e33f69cafbe5,36,106,tool,,,,,,,0,1
qwen32B-int4_telecom_50runs,baseline,Qwen3-Embedding-0.6B,54a0ad1d-3f35-4ea1-b88b-e33f69cafbe5,37,106,user,,,,,,,0,1
qwen32B-int4_telecom_50runs,baseline,Qwen3-Embedding-0.6B,54a0ad1d-3f35-4ea1-b88b-e33f69cafbe5,38,106,agent,0.7251455783843994,0.25,0.0,,,,0,1
qwen32B-int4_telecom_50runs,baseline,Qwen3-Embedding-0.6B,54a0ad1d-3f35-4ea1-b88b-e33f69cafbe5,39,106,user,,,,,,0.2753845453262329,0,1
qwen32B-int4_telecom_50runs,baseline,Qwen3-Embedding-0.6B,54a0ad1d-3f35-4ea1-b88b-e33f69cafbe5,40,106,agent,0.6856791377067566,0.21818181818181817,0.0,0.3345816731452942,-0.3350137116180526,,0,1
qwen32B-int4_telecom_50runs,baseline,Qwen3-Embedding-0.6B,54a0ad1d-3f35-4ea1-b88b-e33f69cafbe5,41,106,user,,,,,,0.28697216510772705,1,1
qwen32B-int4_telecom_50runs,baseline,Qwen3-Embedding-0.6B,54a0ad1d-3f35-4ea1-b88b-e33f69cafbe5,42,106,tool,,,,,,,0,1
qwen32B-int4_telecom_50runs,baseline,Qwen3-Embedding-0.6B,54a0ad1d-3f35-4ea1-b88b-e33f69cafbe5,43,106,user,,,,,,,0,1
qwen32B-int4_telecom_50runs,baseline,Qwen3-Embedding-0.6B,54a0ad1d-3f35-4ea1-b88b-e33f69cafbe5,44,106,agent,0.7519891858100891,0.23478260869565218,0.0,0.30298012495040894,-0.26112857047054505,,0,1
qwen32B-int4_telecom_50runs,baseline,Qwen3-Embedding-0.6B,54a0ad1d-3f35-4ea1-b88b-e33f69cafbe5,45,106,user,,,,,,0.5457055270671844,1,1
qwen32B-int4_telecom_50runs,baseline,Qwen3-Embedding-0.6B,54a0ad1d-3f35-4ea1-b88b-e33f69cafbe5,46,106,tool,,,,,,,0,1
qwen32B-int4_telecom_50runs,baseline,Qwen3-Embedding-0.6B,54a0ad1d-3f35-4ea1-b88b-e33f69cafbe5,47,106,user,,,,,,,0,1
qwen32B-int4_telecom_50runs,baseline,Qwen3-Embedding-0.6B,54a0ad1d-3f35-4ea1-b88b-e33f69cafbe5,48,106,agent,0.889916718006134,0.308411214953271,0.0,0.4019525647163391,-0.07063734862539506,,0,1
qwen32B-int4_telecom_50runs,baseline,Qwen3-Embedding-0.6B,54a0ad1d-3f35-4ea1-b88b-e33f69cafbe5,49,106,user,,,,,,0.45453155040740967,1,1
qwen32B-int4_telecom_50runs,baseline,Qwen3-Embedding-0.6B,54a0ad1d-3f35-4ea1-b88b-e33f69cafbe5,50,106,tool,,,,,,,0,1
qwen32B-int4_telecom_50runs,baseline,Qwen3-Embedding-0.6B,54a0ad1d-3f35-4ea1-b88b-e33f69cafbe5,51,106,user,,,,,,,0,1
qwen32B-int4_telecom_50runs,baseline,Qwen3-Embedding-0.6B,54a0ad1d-3f35-4ea1-b88b-e33f69cafbe5,52,106,agent,0.565621554851532,0.17424242424242425,0.0,,,,0,1
qwen32B-int4_telecom_50runs,baseline,Qwen3-Embedding-0.6B,54a0ad1d-3f35-4ea1-b88b-e33f69cafbe5,53,106,user,,,,,,0.14880245923995972,0,1
qwen32B-int4_telecom_50runs,baseline,Qwen3-Embedding-0.6B,54a0ad1d-3f35-4ea1-b88b-e33f69cafbe5,54,106,agent,0.801997184753418,0.3125,0.0,0.3608548641204834,-0.20534646221333075,,0,1
qwen32B-int4_telecom_50runs,baseline,Qwen3-Embedding-0.6B,54a0ad1d-3f35-4ea1-b88b-e33f69cafbe5,55,106,user,,,,,,0.5635538995265961,1,1
qwen32B-int4_telecom_50runs,baseline,Qwen3-Embedding-0.6B,54a0ad1d-3f35-4ea1-b88b-e33f69cafbe5,56,106,tool,,,,,,,0,1
qwen32B-int4_telecom_50runs,baseline,Qwen3-Embedding-0.6B,54a0ad1d-3f35-4ea1-b88b-e33f69cafbe5,57,106,user,,,,,,,0,1
qwen32B-int4_telecom_50runs,baseline,Qwen3-Embedding-0.6B,54a0ad1d-3f35-4ea1-b88b-e33f69cafbe5,58,106,agent,0.9094535708427429,0.5193798449612403,0.0,0.3522840142250061,-0.15910823146502173,,0,1
qwen32B-int4_telecom_50runs,baseline,Qwen3-Embedding-0.6B,54a0ad1d-3f35-4ea1-b88b-e33f69cafbe5,59,106,user,,,,,,0.4204995036125183,1,1
qwen32B-int4_telecom_50runs,baseline,Qwen3-Embedding-0.6B,54a0ad1d-3f35-4ea1-b88b-e33f69cafbe5,60,106,tool,,,,,,,0,1
qwen32B-int4_telecom_50runs,baseline,Qwen3-Embedding-0.6B,54a0ad1d-3f35-4ea1-b88b-e33f69cafbe5,61,106,user,,,,,,,0,1
qwen32B-int4_telecom_50runs,baseline,Qwen3-Embedding-0.6B,54a0ad1d-3f35-4ea1-b88b-e33f69cafbe5,62,106,agent,0.8235808610916138,0.49523809523809526,0.0,0.3896270990371704,-0.04963528778817916,,0,1
qwen32B-int4_telecom_50runs,baseline,Qwen3-Embedding-0.6B,54a0ad1d-3f35-4ea1-b88b-e33f69cafbe5,63,106,user,,,,,,0.37475675344467163,1,1
qwen32B-int4_telecom_50runs,baseline,Qwen3-Embedding-0.6B,54a0ad1d-3f35-4ea1-b88b-e33f69cafbe5,64,106,tool,,,,,,,0,1
qwen32B-int4_telecom_50runs,baseline,Qwen3-Embedding-0.6B,54a0ad1d-3f35-4ea1-b88b-e33f69cafbe5,65,106,user,,,,,,,0,1
qwen32B-int4_telecom_50runs,baseline,Qwen3-Embedding-0.6B,54a0ad1d-3f35-4ea1-b88b-e33f69cafbe5,66,106,agent,0.6116828322410583,0.2109375,0.0,,,,0,1
qwen32B-int4_telecom_50runs,baseline,Qwen3-Embedding-0.6B,54a0ad1d-3f35-4ea1-b88b-e33f69cafbe5,67,106,user,,,,,,0.5024693608283997,0,1
qwen32B-int4_telecom_50runs,baseline,Qwen3-Embedding-0.6B,54a0ad1d-3f35-4ea1-b88b-e33f69cafbe5,68,106,agent,0.5806674957275391,0.2446043165467626,0.0,0.5564311742782593,0.008760685722033146,,0,1
qwen32B-int4_telecom_50runs,baseline,Qwen3-Embedding-0.6B,54a0ad1d-3f35-4ea1-b88b-e33f69cafbe5,69,106,user,,,,,,0.5579492747783661,1,1
qwen32B-int4_telecom_50runs,baseline,Qwen3-Embedding-0.6B,54a0ad1d-3f35-4ea1-b88b-e33f69cafbe5,70,106,tool,,,,,,,0,1
qwen32B-int4_telecom_50runs,baseline,Qwen3-Embedding-0.6B,54a0ad1d-3f35-4ea1-b88b-e33f69cafbe5,71,106,user,,,,,,,0,1
qwen32B-int4_telecom_50runs,baseline,Qwen3-Embedding-0.6B,54a0ad1d-3f35-4ea1-b88b-e33f69cafbe5,72,106,agent,0.9609420895576477,0.6938775510204082,0.0,,,,0,1
qwen32B-int4_telecom_50runs,baseline,Qwen3-Embedding-0.6B,54a0ad1d-3f35-4ea1-b88b-e33f69cafbe5,73,106,user,,,,,,0.3241947889328003,0,1
qwen32B-int4_telecom_50runs,baseline,Qwen3-Embedding-0.6B,54a0ad1d-3f35-4ea1-b88b-e33f69cafbe5,74,106,agent,0.9297695159912109,0.3333333333333333,0.0,,,,0,1
qwen32B-int4_telecom_50runs,baseline,Qwen3-Embedding-0.6B,54a0ad1d-3f35-4ea1-b88b-e33f69cafbe5,75,106,user,,,,,,0.13852143287658691,0,1
qwen32B-int4_telecom_50runs,baseline,Qwen3-Embedding-0.6B,54a0ad1d-3f35-4ea1-b88b-e33f69cafbe5,76,106,agent,0.8956367373466492,0.39090909090909093,0.0,0.33833807706832886,-0.1257925033569336,,0,1
qwen32B-int4_telecom_50runs,baseline,Qwen3-Embedding-0.6B,54a0ad1d-3f35-4ea1-b88b-e33f69cafbe5,77,106,user,,,,,,0.34135448932647705,1,1
qwen32B-int4_telecom_50runs,baseline,Qwen3-Embedding-0.6B,54a0ad1d-3f35-4ea1-b88b-e33f69cafbe5,78,106,tool,,,,,,,0,1
qwen32B-int4_telecom_50runs,baseline,Qwen3-Embedding-0.6B,54a0ad1d-3f35-4ea1-b88b-e33f69cafbe5,79,106,user,,,,,,,0,1
qwen32B-int4_telecom_50runs,baseline,Qwen3-Embedding-0.6B,54a0ad1d-3f35-4ea1-b88b-e33f69cafbe5,80,106,agent,0.716505229473114,0.24193548387096775,0.0,,,,0,1
qwen32B-int4_telecom_50runs,baseline,Qwen3-Embedding-0.6B,54a0ad1d-3f35-4ea1-b88b-e33f69cafbe5,81,106,user,,,,,,0.40889185667037964,0,1
qwen32B-int4_telecom_50runs,baseline,Qwen3-Embedding-0.6B,54a0ad1d-3f35-4ea1-b88b-e33f69cafbe5,82,106,agent,0.6308053731918335,0.3140495867768595,0.0,,,,0,1
qwen32B-int4_telecom_50runs,baseline,Qwen3-Embedding-0.6B,54a0ad1d-3f35-4ea1-b88b-e33f69cafbe5,83,106,user,,,,,,0.20020252466201782,0,1
qwen32B-int4_telecom_50runs,baseline,Qwen3-Embedding-0.6B,54a0ad1d-3f35-4ea1-b88b-e33f69cafbe5,84,106,agent,0.8251487612724304,0.3333333333333333,0.0,,,,0,1
qwen32B-int4_telecom_50runs,baseline,Qwen3-Embedding-0.6B,54a0ad1d-3f35-4ea1-b88b-e33f69cafbe5,85,106,user,,,,,,0.2891382575035095,0,1
qwen32B-int4_telecom_50runs,baseline,Qwen3-Embedding-0.6B,54a0ad1d-3f35-4ea1-b88b-e33f69cafbe5,86,106,agent,0.7842856049537659,0.4205607476635514,0.0,,,,0,1
qwen32B-int4_telecom_50runs,baseline,Qwen3-Embedding-0.6B,54a0ad1d-3f35-4ea1-b88b-e33f69cafbe5,87,106,user,,,,,,0.1661447286605835,0,1
qwen32B-int4_telecom_50runs,baseline,Qwen3-Embedding-0.6B,54a0ad1d-3f35-4ea1-b88b-e33f69cafbe5,88,106,agent,0.8054760098457336,0.3277310924369748,0.0,,,,0,1
qwen32B-int4_telecom_50runs,baseline,Qwen3-Embedding-0.6B,54a0ad1d-3f35-4ea1-b88b-e33f69cafbe5,89,106,user,,,,,,0.3648744225502014,0,1
qwen32B-int4_telecom_50runs,baseline,Qwen3-Embedding-0.6B,54a0ad1d-3f35-4ea1-b88b-e33f69cafbe5,90,106,agent,0.7779589891433716,0.35,0.0,,,,0,1
qwen32B-int4_telecom_50runs,baseline,Qwen3-Embedding-0.6B,54a0ad1d-3f35-4ea1-b88b-e33f69cafbe5,91,106,user,,,,,,0.13998591899871826,0,1
qwen32B-int4_telecom_50runs,baseline,Qwen3-Embedding-0.6B,54a0ad1d-3f35-4ea1-b88b-e33f69cafbe5,92,106,agent,0.8685163855552673,0.4274193548387097,0.0,,,,0,1
qwen32B-int4_telecom_50runs,baseline,Qwen3-Embedding-0.6B,54a0ad1d-3f35-4ea1-b88b-e33f69cafbe5,93,106,user,,,,,,0.4135740399360657,0,1
qwen32B-int4_telecom_50runs,baseline,Qwen3-Embedding-0.6B,54a0ad1d-3f35-4ea1-b88b-e33f69cafbe5,94,106,agent,0.7212374806404114,0.2857142857142857,0.0,,,,0,1
qwen32B-int4_telecom_50runs,baseline,Qwen3-Embedding-0.6B,54a0ad1d-3f35-4ea1-b88b-e33f69cafbe5,95,106,user,,,,,,0.2377840280532837,0,1
qwen32B-int4_telecom_50runs,baseline,Qwen3-Embedding-0.6B,54a0ad1d-3f35-4ea1-b88b-e33f69cafbe5,96,106,agent,0.8118470311164856,0.31297709923664124,0.0,0.38172322511672974,-0.11557553708553314,,0,1
qwen32B-int4_telecom_50runs,baseline,Qwen3-Embedding-0.6B,54a0ad1d-3f35-4ea1-b88b-e33f69cafbe5,97,106,user,,,,,,0.3855963945388794,1,1
qwen32B-int4_telecom_50runs,baseline,Qwen3-Embedding-0.6B,54a0ad1d-3f35-4ea1-b88b-e33f69cafbe5,98,106,tool,,,,,,,0,1
qwen32B-int4_telecom_50runs,baseline,Qwen3-Embedding-0.6B,54a0ad1d-3f35-4ea1-b88b-e33f69cafbe5,99,106,user,,,,,,,0,1
qwen32B-int4_telecom_50runs,baseline,Qwen3-Embedding-0.6B,54a0ad1d-3f35-4ea1-b88b-e33f69cafbe5,100,106,agent,0.5933367609977722,0.23140495867768596,0.0,,,,0,1
qwen32B-int4_telecom_50runs,baseline,Qwen3-Embedding-0.6B,54a0ad1d-3f35-4ea1-b88b-e33f69cafbe5,101,106,user,,,,,,0.3454042077064514,0,1
qwen32B-int4_telecom_50runs,baseline,Qwen3-Embedding-0.6B,54a0ad1d-3f35-4ea1-b88b-e33f69cafbe5,102,106,agent,0.6479785442352295,0.29838709677419356,0.0,,,,0,1
qwen32B-int4_telecom_50runs,baseline,Qwen3-Embedding-0.6B,54a0ad1d-3f35-4ea1-b88b-e33f69cafbe5,103,106,user,,,,,,0.22648906707763672,0,1
qwen32B-int4_telecom_50runs,baseline,Qwen3-Embedding-0.6B,54a0ad1d-3f35-4ea1-b88b-e33f69cafbe5,104,106,agent,0.742644727230072,0.19101123595505617,0.0,,,,0,1
qwen32B-int4_telecom_50runs,baseline,Qwen3-Embedding-0.6B,54a0ad1d-3f35-4ea1-b88b-e33f69cafbe5,105,106,user,,,,,,0.6102257668972015,0,1
qwen32B-int4_telecom_50runs,baseline,Qwen3-Embedding-0.6B,d6d9d1c4-c6f5-45e8-980f-a36f796f2480,0,58,agent,,,,,,,0,0
qwen32B-int4_telecom_50runs,baseline,Qwen3-Embedding-0.6B,d6d9d1c4-c6f5-45e8-980f-a36f796f2480,1,58,user,,,,,,0.5448349416255951,0,0
qwen32B-int4_telecom_50runs,baseline,Qwen3-Embedding-0.6B,d6d9d1c4-c6f5-45e8-980f-a36f796f2480,2,58,agent,0.3874507248401642,0.08333333333333333,0.0,0.3169468641281128,-0.08358027537663776,,0,0
qwen32B-int4_telecom_50runs,baseline,Qwen3-Embedding-0.6B,d6d9d1c4-c6f5-45e8-980f-a36f796f2480,3,58,user,,,,,,0.27360719442367554,1,0
qwen32B-int4_telecom_50runs,baseline,Qwen3-Embedding-0.6B,d6d9d1c4-c6f5-45e8-980f-a36f796f2480,4,58,tool,,,,,,,0,0
qwen32B-int4_telecom_50runs,baseline,Qwen3-Embedding-0.6B,d6d9d1c4-c6f5-45e8-980f-a36f796f2480,5,58,user,,,,,,,0,0
qwen32B-int4_telecom_50runs,baseline,Qwen3-Embedding-0.6B,d6d9d1c4-c6f5-45e8-980f-a36f796f2480,6,58,agent,0.7294820547103882,0.2191780821917808,0.0,0.34972041845321655,-0.13109637300173443,,0,0
qwen32B-int4_telecom_50runs,baseline,Qwen3-Embedding-0.6B,d6d9d1c4-c6f5-45e8-980f-a36f796f2480,7,58,user,,,,,,0.4461185336112976,1,0
qwen32B-int4_telecom_50runs,baseline,Qwen3-Embedding-0.6B,d6d9d1c4-c6f5-45e8-980f-a36f796f2480,8,58,tool,,,,,,,0,0
qwen32B-int4_telecom_50runs,baseline,Qwen3-Embedding-0.6B,d6d9d1c4-c6f5-45e8-980f-a36f796f2480,9,58,user,,,,,,,0,0
qwen32B-int4_telecom_50runs,baseline,Qwen3-Embedding-0.6B,d6d9d1c4-c6f5-45e8-980f-a36f796f2480,10,58,agent,0.47987687587738037,0.15942028985507245,0.0,0.30321699380874634,-0.10808007419109344,,0,0
qwen32B-int4_telecom_50runs,baseline,Qwen3-Embedding-0.6B,d6d9d1c4-c6f5-45e8-980f-a36f796f2480,11,58,user,,,,,,0.28626853227615356,1,0
qwen32B-int4_telecom_50runs,baseline,Qwen3-Embedding-0.6B,d6d9d1c4-c6f5-45e8-980f-a36f796f2480,12,58,tool,,,,,,,0,0
qwen32B-int4_telecom_50runs,baseline,Qwen3-Embedding-0.6B,d6d9d1c4-c6f5-45e8-980f-a36f796f2480,13,58,user,,,,,,,0,0
qwen32B-int4_telecom_50runs,baseline,Qwen3-Embedding-0.6B,d6d9d1c4-c6f5-45e8-980f-a36f796f2480,14,58,agent,0.7364352941513062,0.2564102564102564,0.0,0.3442700505256653,-0.08975671976804733,,0,0
qwen32B-int4_telecom_50runs,baseline,Qwen3-Embedding-0.6B,d6d9d1c4-c6f5-45e8-980f-a36f796f2480,15,58,user,,,,,,0.41193002462387085,1,0
qwen32B-int4_telecom_50runs,baseline,Qwen3-Embedding-0.6B,d6d9d1c4-c6f5-45e8-980f-a36f796f2480,16,58,tool,,,,,,,0,0
qwen32B-int4_telecom_50runs,baseline,Qwen3-Embedding-0.6B,d6d9d1c4-c6f5-45e8-980f-a36f796f2480,17,58,user,,,,,,,0,0
qwen32B-int4_telecom_50runs,baseline,Qwen3-Embedding-0.6B,d6d9d1c4-c6f5-45e8-980f-a36f796f2480,18,58,agent,0.7219804525375366,0.21951219512195122,0.0,0.31621551513671875,-0.14883310099442798,,0,0
qwen32B-int4_telecom_50runs,baseline,Qwen3-Embedding-0.6B,d6d9d1c4-c6f5-45e8-980f-a36f796f2480,19,58,user,,,,,,0.3246713876724243,1,0
qwen32B-int4_telecom_50runs,baseline,Qwen3-Embedding-0.6B,d6d9d1c4-c6f5-45e8-980f-a36f796f2480,20,58,tool,,,,,,,0,0
qwen32B-int4_telecom_50runs,baseline,Qwen3-Embedding-0.6B,d6d9d1c4-c6f5-45e8-980f-a36f796f2480,21,58,user,,,,,,,0,0
qwen32B-int4_telecom_50runs,baseline,Qwen3-Embedding-0.6B,d6d9d1c4-c6f5-45e8-980f-a36f796f2480,22,58,agent,0.8015795946121216,0.17105263157894737,0.0,0.42793428897857666,-0.015618803600470244,,0,0
qwen32B-int4_telecom_50runs,baseline,Qwen3-Embedding-0.6B,d6d9d1c4-c6f5-45e8-980f-a36f796f2480,23,58,user,,,,,,0.48047131299972534,1,0
qwen32B-int4_telecom_50runs,baseline,Qwen3-Embedding-0.6B,d6d9d1c4-c6f5-45e8-980f-a36f796f2480,24,58,tool,,,,,,,0,0
qwen32B-int4_telecom_50runs,baseline,Qwen3-Embedding-0.6B,d6d9d1c4-c6f5-45e8-980f-a36f796f2480,25,58,user,,,,,,,0,0
qwen32B-int4_telecom_50runs,baseline,Qwen3-Embedding-0.6B,d6d9d1c4-c6f5-45e8-980f-a36f796f2480,26,58,agent,0.6906507611274719,0.3076923076923077,0.0,0.48874783515930176,0.09228074053923291,,0,0
qwen32B-int4_telecom_50runs,baseline,Qwen3-Embedding-0.6B,d6d9d1c4-c6f5-45e8-980f-a36f796f2480,27,58,user,,,,,,0.40881645679473877,1,0
qwen32B-int4_telecom_50runs,baseline,Qwen3-Embedding-0.6B,d6d9d1c4-c6f5-45e8-980f-a36f796f2480,28,58,tool,,,,,,,0,0
qwen32B-int4_telecom_50runs,baseline,Qwen3-Embedding-0.6B,d6d9d1c4-c6f5-45e8-980f-a36f796f2480,29,58,user,,,,,,,0,0
qwen32B-int4_telecom_50runs,baseline,Qwen3-Embedding-0.6B,d6d9d1c4-c6f5-45e8-980f-a36f796f2480,30,58,agent,0.7090232968330383,0.27058823529411763,0.0,0.285741925239563,-0.19901113212108612,,0,0
qwen32B-int4_telecom_50runs,baseline,Qwen3-Embedding-0.6B,d6d9d1c4-c6f5-45e8-980f-a36f796f2480,31,58,user,,,,,,0.33152592182159424,1,0
qwen32B-int4_telecom_50runs,baseline,Qwen3-Embedding-0.6B,d6d9d1c4-c6f5-45e8-980f-a36f796f2480,32,58,tool,,,,,,,0,0
qwen32B-int4_telecom_50runs,baseline,Qwen3-Embedding-0.6B,d6d9d1c4-c6f5-45e8-980f-a36f796f2480,33,58,user,,,,,,,1,0
qwen32B-int4_telecom_50runs,baseline,Qwen3-Embedding-0.6B,d6d9d1c4-c6f5-45e8-980f-a36f796f2480,34,58,tool,,,,,,,0,0
qwen32B-int4_telecom_50runs,baseline,Qwen3-Embedding-0.6B,d6d9d1c4-c6f5-45e8-980f-a36f796f2480,35,58,user,,,,,,,0,0
qwen32B-int4_telecom_50runs,baseline,Qwen3-Embedding-0.6B,d6d9d1c4-c6f5-45e8-980f-a36f796f2480,36,58,agent,,,,0.2294512391090393,-0.21935233225425083,,0,0
qwen32B-int4_telecom_50runs,baseline,Qwen3-Embedding-0.6B,d6d9d1c4-c6f5-45e8-980f-a36f796f2480,37,58,user,,,,,,0.37079936265945435,1,0
qwen32B-int4_telecom_50runs,baseline,Qwen3-Embedding-0.6B,d6d9d1c4-c6f5-45e8-980f-a36f796f2480,38,58,tool,,,,,,,0,0
qwen32B-int4_telecom_50runs,baseline,Qwen3-Embedding-0.6B,d6d9d1c4-c6f5-45e8-980f-a36f796f2480,39,58,user,,,,,,,0,0
qwen32B-int4_telecom_50runs,baseline,Qwen3-Embedding-0.6B,d6d9d1c4-c6f5-45e8-980f-a36f796f2480,40,58,agent,0.5823805332183838,0.22727272727272727,0.0,0.32789379358291626,-0.14297764251629513,,0,0
qwen32B-int4_telecom_50runs,baseline,Qwen3-Embedding-0.6B,d6d9d1c4-c6f5-45e8-980f-a36f796f2480,41,58,user,,,,,,0.3748443126678467,1,0
qwen32B-int4_telecom_50runs,baseline,Qwen3-Embedding-0.6B,d6d9d1c4-c6f5-45e8-980f-a36f796f2480,42,58,tool,,,,,,,0,0
qwen32B-int4_telecom_50runs,baseline,Qwen3-Embedding-0.6B,d6d9d1c4-c6f5-45e8-980f-a36f796f2480,43,58,user,,,,,,,0,0
qwen32B-int4_telecom_50runs,baseline,Qwen3-Embedding-0.6B,d6d9d1c4-c6f5-45e8-980f-a36f796f2480,44,58,agent,0.8865597248077393,0.4647887323943662,0.4647887323943662,0.3147733807563782,-0.07770179957151413,,0,0
qwen32B-int4_telecom_50runs,baseline,Qwen3-Embedding-0.6B,d6d9d1c4-c6f5-45e8-980f-a36f796f2480,45,58,user,,,,,,0.4009084701538086,1,0
qwen32B-int4_telecom_50runs,baseline,Qwen3-Embedding-0.6B,d6d9d1c4-c6f5-45e8-980f-a36f796f2480,46,58,tool,,,,,,,0,0
qwen32B-int4_telecom_50runs,baseline,Qwen3-Embedding-0.6B,d6d9d1c4-c6f5-45e8-980f-a36f796f2480,47,58,user,,,,,,,0,0
qwen32B-int4_telecom_50runs,baseline,Qwen3-Embedding-0.6B,d6d9d1c4-c6f5-45e8-980f-a36f796f2480,48,58,agent,0.7349174618721008,0.36764705882352944,0.0,0.3617062568664551,-0.07754434148470563,,0,0
qwen32B-int4_telecom_50runs,baseline,Qwen3-Embedding-0.6B,d6d9d1c4-c6f5-45e8-980f-a36f796f2480,49,58,user,,,,,,0.41072773933410645,1,0
qwen32B-int4_telecom_50runs,baseline,Qwen3-Embedding-0.6B,d6d9d1c4-c6f5-45e8-980f-a36f796f2480,50,58,tool,,,,,,,0,0
qwen32B-int4_telecom_50runs,baseline,Qwen3-Embedding-0.6B,d6d9d1c4-c6f5-45e8-980f-a36f796f2480,51,58,user,,,,,,,0,0
qwen32B-int4_telecom_50runs,baseline,Qwen3-Embedding-0.6B,d6d9d1c4-c6f5-45e8-980f-a36f796f2480,52,58,agent,0.8952300548553467,0.4230769230769231,0.0,0.3119327425956726,-0.05553619563579559,,0,0
qwen32B-int4_telecom_50runs,baseline,Qwen3-Embedding-0.6B,d6d9d1c4-c6f5-45e8-980f-a36f796f2480,53,58,user,,,,,,0.3940088748931885,1,0
qwen32B-int4_telecom_50runs,baseline,Qwen3-Embedding-0.6B,d6d9d1c4-c6f5-45e8-980f-a36f796f2480,54,58,tool,,,,,,,0,0
qwen32B-int4_telecom_50runs,baseline,Qwen3-Embedding-0.6B,d6d9d1c4-c6f5-45e8-980f-a36f796f2480,55,58,user,,,,,,,0,0
qwen32B-int4_telecom_50runs,baseline,Qwen3-Embedding-0.6B,d6d9d1c4-c6f5-45e8-980f-a36f796f2480,56,58,agent,0.86213618516922,0.16176470588235295,0.0,,,,0,0
qwen32B-int4_telecom_50runs,baseline,Qwen3-Embedding-0.6B,d6d9d1c4-c6f5-45e8-980f-a36f796f2480,57,58,user,,,,,,0.6387856900691986,0,0
qwen32B-int4_telecom_50runs,baseline,Qwen3-Embedding-0.6B,f5fc3a0d-6755-47a9-87a6-370d6eeb8b1b,0,78,agent,,,,,,,0,1
qwen32B-int4_telecom_50runs,baseline,Qwen3-Embedding-0.6B,f5fc3a0d-6755-47a9-87a6-370d6eeb8b1b,1,78,user,,,,,,0.5437982082366943,0,1
qwen32B-int4_telecom_50runs,baseline,Qwen3-Embedding-0.6B,f5fc3a0d-6755-47a9-87a6-370d6eeb8b1b,2,78,agent,0.3833618760108948,0.08333333333333333,0.0,0.3128863573074341,-0.14495436961834246,,0,1
qwen32B-int4_telecom_50runs,baseline,Qwen3-Embedding-0.6B,f5fc3a0d-6755-47a9-87a6-370d6eeb8b1b,3,78,user,,,,,,0.27270829677581787,1,1
qwen32B-int4_telecom_50runs,baseline,Qwen3-Embedding-0.6B,f5fc3a0d-6755-47a9-87a6-370d6eeb8b1b,4,78,tool,,,,,,,0,1
qwen32B-int4_telecom_50runs,baseline,Qwen3-Embedding-0.6B,f5fc3a0d-6755-47a9-87a6-370d6eeb8b1b,5,78,user,,,,,,,0,1
qwen32B-int4_telecom_50runs,baseline,Qwen3-Embedding-0.6B,f5fc3a0d-6755-47a9-87a6-370d6eeb8b1b,6,78,agent,0.6391408443450928,0.313953488372093,0.0,0.4925876259803772,-0.08011123538017273,,0,1
qwen32B-int4_telecom_50runs,baseline,Qwen3-Embedding-0.6B,f5fc3a0d-6755-47a9-87a6-370d6eeb8b1b,7,78,user,,,,,,0.3935903310775757,1,1
qwen32B-int4_telecom_50runs,baseline,Qwen3-Embedding-0.6B,f5fc3a0d-6755-47a9-87a6-370d6eeb8b1b,8,78,tool,,,,,,,0,1
qwen32B-int4_telecom_50runs,baseline,Qwen3-Embedding-0.6B,f5fc3a0d-6755-47a9-87a6-370d6eeb8b1b,9,78,user,,,,,,,1,1
qwen32B-int4_telecom_50runs,baseline,Qwen3-Embedding-0.6B,f5fc3a0d-6755-47a9-87a6-370d6eeb8b1b,10,78,tool,,,,,,,0,1
qwen32B-int4_telecom_50runs,baseline,Qwen3-Embedding-0.6B,f5fc3a0d-6755-47a9-87a6-370d6eeb8b1b,11,78,user,,,,,,,0,1
qwen32B-int4_telecom_50runs,baseline,Qwen3-Embedding-0.6B,f5fc3a0d-6755-47a9-87a6-370d6eeb8b1b,12,78,agent,,,,0.3356960415840149,-0.09913897055845994,,0,1
qwen32B-int4_telecom_50runs,baseline,Qwen3-Embedding-0.6B,f5fc3a0d-6755-47a9-87a6-370d6eeb8b1b,13,78,user,,,,,,0.3296850323677063,1,1
qwen32B-int4_telecom_50runs,baseline,Qwen3-Embedding-0.6B,f5fc3a0d-6755-47a9-87a6-370d6eeb8b1b,14,78,tool,,,,,,,0,1
qwen32B-int4_telecom_50runs,baseline,Qwen3-Embedding-0.6B,f5fc3a0d-6755-47a9-87a6-370d6eeb8b1b,15,78,user,,,,,,,0,1
qwen32B-int4_telecom_50runs,baseline,Qwen3-Embedding-0.6B,f5fc3a0d-6755-47a9-87a6-370d6eeb8b1b,16,78,agent,0.6550799608230591,0.25842696629213485,0.0,0.41422587633132935,-0.06174911444003767,,0,1
qwen32B-int4_telecom_50runs,baseline,Qwen3-Embedding-0.6B,f5fc3a0d-6755-47a9-87a6-370d6eeb8b1b,17,78,user,,,,,,0.3717837333679199,1,1
qwen32B-int4_telecom_50runs,baseline,Qwen3-Embedding-0.6B,f5fc3a0d-6755-47a9-87a6-370d6eeb8b1b,18,78,tool,,,,,,,0,1
qwen32B-int4_telecom_50runs,baseline,Qwen3-Embedding-0.6B,f5fc3a0d-6755-47a9-87a6-370d6eeb8b1b,19,78,user,,,,,,,0,1
qwen32B-int4_telecom_50runs,baseline,Qwen3-Embedding-0.6B,f5fc3a0d-6755-47a9-87a6-370d6eeb8b1b,20,78,agent,0.8363125920295715,0.2716049382716049,0.0,0.3609289526939392,-0.057563215494155884,,0,1
qwen32B-int4_telecom_50runs,baseline,Qwen3-Embedding-0.6B,f5fc3a0d-6755-47a9-87a6-370d6eeb8b1b,21,78,user,,,,,,0.4688262343406677,1,1
qwen32B-int4_telecom_50runs,baseline,Qwen3-Embedding-0.6B,f5fc3a0d-6755-47a9-87a6-370d6eeb8b1b,22,78,tool,,,,,,,0,1
qwen32B-int4_telecom_50runs,baseline,Qwen3-Embedding-0.6B,f5fc3a0d-6755-47a9-87a6-370d6eeb8b1b,23,78,user,,,,,,,1,1
qwen32B-int4_telecom_50runs,baseline,Qwen3-Embedding-0.6B,f5fc3a0d-6755-47a9-87a6-370d6eeb8b1b,24,78,tool,,,,,,,0,1
qwen32B-int4_telecom_50runs,baseline,Qwen3-Embedding-0.6B,f5fc3a0d-6755-47a9-87a6-370d6eeb8b1b,25,78,user,,,,,,,0,1
qwen32B-int4_telecom_50runs,baseline,Qwen3-Embedding-0.6B,f5fc3a0d-6755-47a9-87a6-370d6eeb8b1b,26,78,agent,,,,0.40532785654067993,-0.07542509069809544,,0,1
qwen32B-int4_telecom_50runs,baseline,Qwen3-Embedding-0.6B,f5fc3a0d-6755-47a9-87a6-370d6eeb8b1b,27,78,user,,,,,,0.23647940158843994,1,1
qwen32B-int4_telecom_50runs,baseline,Qwen3-Embedding-0.6B,f5fc3a0d-6755-47a9-87a6-370d6eeb8b1b,28,78,tool,,,,,,,0,1
qwen32B-int4_telecom_50runs,baseline,Qwen3-Embedding-0.6B,f5fc3a0d-6755-47a9-87a6-370d6eeb8b1b,29,78,user,,,,,,,1,1
qwen32B-int4_telecom_50runs,baseline,Qwen3-Embedding-0.6B,f5fc3a0d-6755-47a9-87a6-370d6eeb8b1b,30,78,tool,,,,,,,0,1
qwen32B-int4_telecom_50runs,baseline,Qwen3-Embedding-0.6B,f5fc3a0d-6755-47a9-87a6-370d6eeb8b1b,31,78,user,,,,,,,1,1
qwen32B-int4_telecom_50runs,baseline,Qwen3-Embedding-0.6B,f5fc3a0d-6755-47a9-87a6-370d6eeb8b1b,32,78,tool,,,,,,,0,1
qwen32B-int4_telecom_50runs,baseline,Qwen3-Embedding-0.6B,f5fc3a0d-6755-47a9-87a6-370d6eeb8b1b,33,78,user,,,,,,,0,1
qwen32B-int4_telecom_50runs,baseline,Qwen3-Embedding-0.6B,f5fc3a0d-6755-47a9-87a6-370d6eeb8b1b,34,78,agent,,,,,,,0,1
qwen32B-int4_telecom_50runs,baseline,Qwen3-Embedding-0.6B,f5fc3a0d-6755-47a9-87a6-370d6eeb8b1b,35,78,user,,,,,,0.4975582957267761,0,1
qwen32B-int4_telecom_50runs,baseline,Qwen3-Embedding-0.6B,f5fc3a0d-6755-47a9-87a6-370d6eeb8b1b,36,78,agent,0.5925334095954895,0.01639344262295082,0.0,0.45318537950515747,-0.18715123717601478,,0,1
qwen32B-int4_telecom_50runs,baseline,Qwen3-Embedding-0.6B,f5fc3a0d-6755-47a9-87a6-370d6eeb8b1b,37,78,tool,,,,,,,0,1
qwen32B-int4_telecom_50runs,baseline,Qwen3-Embedding-0.6B,f5fc3a0d-6755-47a9-87a6-370d6eeb8b1b,38,78,agent,0.7546029090881348,0.32098765432098764,0.0,,,,0,1
qwen32B-int4_telecom_50runs,baseline,Qwen3-Embedding-0.6B,f5fc3a0d-6755-47a9-87a6-370d6eeb8b1b,39,78,user,,,,,,0.29099905490875244,0,1
qwen32B-int4_telecom_50runs,baseline,Qwen3-Embedding-0.6B,f5fc3a0d-6755-47a9-87a6-370d6eeb8b1b,40,78,agent,0.8578521013259888,0.391304347826087,0.0,,,,0,1
qwen32B-int4_telecom_50runs,baseline,Qwen3-Embedding-0.6B,f5fc3a0d-6755-47a9-87a6-370d6eeb8b1b,41,78,user,,,,,,0.09183758497238159,0,1
qwen32B-int4_telecom_50runs,baseline,Qwen3-Embedding-0.6B,f5fc3a0d-6755-47a9-87a6-370d6eeb8b1b,42,78,agent,0.4654642343521118,0.02127659574468085,0.0,0.5076797008514404,-0.07681587796944833,,0,1
qwen32B-int4_telecom_50runs,baseline,Qwen3-Embedding-0.6B,f5fc3a0d-6755-47a9-87a6-370d6eeb8b1b,43,78,tool,,,,,,,0,1
qwen32B-int4_telecom_50runs,baseline,Qwen3-Embedding-0.6B,f5fc3a0d-6755-47a9-87a6-370d6eeb8b1b,44,78,agent,0.7046902179718018,0.18947368421052632,0.0,,,,0,1
qwen32B-int4_telecom_50runs,baseline,Qwen3-Embedding-0.6B,f5fc3a0d-6755-47a9-87a6-370d6eeb8b1b,45,78,user,,,,,,0.4231818914413452,0,1
qwen32B-int4_telecom_50runs,baseline,Qwen3-Embedding-0.6B,f5fc3a0d-6755-47a9-87a6-370d6eeb8b1b,46,78,agent,0.7133645415306091,0.19753086419753085,0.0,0.43750637769699097,-0.13967800828126764,,0,1
qwen32B-int4_telecom_50runs,baseline,Qwen3-Embedding-0.6B,f5fc3a0d-6755-47a9-87a6-370d6eeb8b1b,47,78,tool,,,,,,,0,1
qwen32B-int4_telecom_50runs,baseline,Qwen3-Embedding-0.6B,f5fc3a0d-6755-47a9-87a6-370d6eeb8b1b,48,78,agent,0.8532957434654236,0.4318181818181818,0.0,,,,0,1
qwen32B-int4_telecom_50runs,baseline,Qwen3-Embedding-0.6B,f5fc3a0d-6755-47a9-87a6-370d6eeb8b1b,49,78,user,,,,,,0.27475839853286743,0,1
qwen32B-int4_telecom_50runs,baseline,Qwen3-Embedding-0.6B,f5fc3a0d-6755-47a9-87a6-370d6eeb8b1b,50,78,agent,0.842706024646759,0.42105263157894735,0.0,0.38295644521713257,-0.16673936522923982,,0,1
qwen32B-int4_telecom_50runs,baseline,Qwen3-Embedding-0.6B,f5fc3a0d-6755-47a9-87a6-370d6eeb8b1b,51,78,tool,,,,,,,0,1
qwen32B-int4_telecom_50runs,baseline,Qwen3-Embedding-0.6B,f5fc3a0d-6755-47a9-87a6-370d6eeb8b1b,52,78,agent,0.775780200958252,0.1836734693877551,0.0,0.44795089960098267,-0.043339059903071464,,0,1
qwen32B-int4_telecom_50runs,baseline,Qwen3-Embedding-0.6B,f5fc3a0d-6755-47a9-87a6-370d6eeb8b1b,53,78,user,,,,,,0.3271780014038086,1,1
qwen32B-int4_telecom_50runs,baseline,Qwen3-Embedding-0.6B,f5fc3a0d-6755-47a9-87a6-370d6eeb8b1b,54,78,tool,,,,,,,0,1
qwen32B-int4_telecom_50runs,baseline,Qwen3-Embedding-0.6B,f5fc3a0d-6755-47a9-87a6-370d6eeb8b1b,55,78,user,,,,,,,1,1
qwen32B-int4_telecom_50runs,baseline,Qwen3-Embedding-0.6B,f5fc3a0d-6755-47a9-87a6-370d6eeb8b1b,56,78,tool,,,,,,,0,1
qwen32B-int4_telecom_50runs,baseline,Qwen3-Embedding-0.6B,f5fc3a0d-6755-47a9-87a6-370d6eeb8b1b,57,78,user,,,,,,,0,1
qwen32B-int4_telecom_50runs,baseline,Qwen3-Embedding-0.6B,f5fc3a0d-6755-47a9-87a6-370d6eeb8b1b,58,78,agent,,,,0.4987824559211731,-0.06424311032662022,,0,1
qwen32B-int4_telecom_50runs,baseline,Qwen3-Embedding-0.6B,f5fc3a0d-6755-47a9-87a6-370d6eeb8b1b,59,78,user,,,,,,0.4108448624610901,1,1
qwen32B-int4_telecom_50runs,baseline,Qwen3-Embedding-0.6B,f5fc3a0d-6755-47a9-87a6-370d6eeb8b1b,60,78,tool,,,,,,,0,1
qwen32B-int4_telecom_50runs,baseline,Qwen3-Embedding-0.6B,f5fc3a0d-6755-47a9-87a6-370d6eeb8b1b,61,78,user,,,,,,,1,1
qwen32B-int4_telecom_50runs,baseline,Qwen3-Embedding-0.6B,f5fc3a0d-6755-47a9-87a6-370d6eeb8b1b,62,78,tool,,,,,,,0,1
qwen32B-int4_telecom_50runs,baseline,Qwen3-Embedding-0.6B,f5fc3a0d-6755-47a9-87a6-370d6eeb8b1b,63,78,user,,,,,,,0,1
qwen32B-int4_telecom_50runs,baseline,Qwen3-Embedding-0.6B,f5fc3a0d-6755-47a9-87a6-370d6eeb8b1b,64,78,agent,,,,0.5651281177997589,0.040119826793670654,,0,1
qwen32B-int4_telecom_50runs,baseline,Qwen3-Embedding-0.6B,f5fc3a0d-6755-47a9-87a6-370d6eeb8b1b,65,78,user,,,,,,0.50582554936409,1,1
qwen32B-int4_telecom_50runs,baseline,Qwen3-Embedding-0.6B,f5fc3a0d-6755-47a9-87a6-370d6eeb8b1b,66,78,tool,,,,,,,0,1
qwen32B-int4_telecom_50runs,baseline,Qwen3-Embedding-0.6B,f5fc3a0d-6755-47a9-87a6-370d6eeb8b1b,67,78,user,,,,,,,1,1
qwen32B-int4_telecom_50runs,baseline,Qwen3-Embedding-0.6B,f5fc3a0d-6755-47a9-87a6-370d6eeb8b1b,68,78,tool,,,,,,,0,1
qwen32B-int4_telecom_50runs,baseline,Qwen3-Embedding-0.6B,f5fc3a0d-6755-47a9-87a6-370d6eeb8b1b,69,78,user,,,,,,,1,1
qwen32B-int4_telecom_50runs,baseline,Qwen3-Embedding-0.6B,f5fc3a0d-6755-47a9-87a6-370d6eeb8b1b,70,78,tool,,,,,,,0,1
qwen32B-int4_telecom_50runs,baseline,Qwen3-Embedding-0.6B,f5fc3a0d-6755-47a9-87a6-370d6eeb8b1b,71,78,user,,,,,,,1,1
qwen32B-int4_telecom_50runs,baseline,Qwen3-Embedding-0.6B,f5fc3a0d-6755-47a9-87a6-370d6eeb8b1b,72,78,tool,,,,,,,0,1
qwen32B-int4_telecom_50runs,baseline,Qwen3-Embedding-0.6B,f5fc3a0d-6755-47a9-87a6-370d6eeb8b1b,73,78,user,,,,,,,0,1
qwen32B-int4_telecom_50runs,baseline,Qwen3-Embedding-0.6B,f5fc3a0d-6755-47a9-87a6-370d6eeb8b1b,74,78,agent,,,,0.6103680431842804,-0.017233846279291032,,0,1
qwen32B-int4_telecom_50runs,baseline,Qwen3-Embedding-0.6B,f5fc3a0d-6755-47a9-87a6-370d6eeb8b1b,75,78,tool,,,,,,,0,1
qwen32B-int4_telecom_50runs,baseline,Qwen3-Embedding-0.6B,f5fc3a0d-6755-47a9-87a6-370d6eeb8b1b,76,78,agent,0.5963703393936157,0.1568627450980392,0.0,,,,0,1
qwen32B-int4_telecom_50runs,baseline,Qwen3-Embedding-0.6B,f5fc3a0d-6755-47a9-87a6-370d6eeb8b1b,77,78,user,,,,,,0.22931426763534546,0,1
qwen32B-int4_telecom_50runs,baseline,Qwen3-Embedding-0.6B,0b3e6973-ac91-46cb-a2f8-ff436171cebb,0,46,agent,,,,,,,0,1
qwen32B-int4_telecom_50runs,baseline,Qwen3-Embedding-0.6B,0b3e6973-ac91-46cb-a2f8-ff436171cebb,1,46,user,,,,,,0.5921539962291718,0,1
qwen32B-int4_telecom_50runs,baseline,Qwen3-Embedding-0.6B,0b3e6973-ac91-46cb-a2f8-ff436171cebb,2,46,agent,0.4107809364795685,0.0,0.0,0.19828647375106812,-0.4319268576800823,,0,1
qwen32B-int4_telecom_50runs,baseline,Qwen3-Embedding-0.6B,0b3e6973-ac91-46cb-a2f8-ff436171cebb,3,46,tool,,,,,,,0,1
qwen32B-int4_telecom_50runs,baseline,Qwen3-Embedding-0.6B,0b3e6973-ac91-46cb-a2f8-ff436171cebb,4,46,agent,0.6832150220870972,0.05,0.0,,,,0,1
qwen32B-int4_telecom_50runs,baseline,Qwen3-Embedding-0.6B,0b3e6973-ac91-46cb-a2f8-ff436171cebb,5,46,user,,,,,,0.3255651593208313,0,1
qwen32B-int4_telecom_50runs,baseline,Qwen3-Embedding-0.6B,0b3e6973-ac91-46cb-a2f8-ff436171cebb,6,46,agent,0.7434287667274475,0.35,0.0,0.605900377035141,-0.03583581931889057,,0,1
qwen32B-int4_telecom_50runs,baseline,Qwen3-Embedding-0.6B,0b3e6973-ac91-46cb-a2f8-ff436171cebb,7,46,tool,,,,,,,0,1
qwen32B-int4_telecom_50runs,baseline,Qwen3-Embedding-0.6B,0b3e6973-ac91-46cb-a2f8-ff436171cebb,8,46,agent,0.44629183411598206,0.2835820895522388,0.0,,,,0,1
qwen32B-int4_telecom_50runs,baseline,Qwen3-Embedding-0.6B,0b3e6973-ac91-46cb-a2f8-ff436171cebb,9,46,user,,,,,,0.43088310956954956,0,1
qwen32B-int4_telecom_50runs,baseline,Qwen3-Embedding-0.6B,0b3e6973-ac91-46cb-a2f8-ff436171cebb,10,46,agent,0.7517030835151672,0.3333333333333333,0.0,0.4514026641845703,-0.15163734555244446,,0,1
qwen32B-int4_telecom_50runs,baseline,Qwen3-Embedding-0.6B,0b3e6973-ac91-46cb-a2f8-ff436171cebb,11,46,tool,,,,,,,0,1
qwen32B-int4_telecom_50runs,baseline,Qwen3-Embedding-0.6B,0b3e6973-ac91-46cb-a2f8-ff436171cebb,12,46,agent,0.4711778163909912,0.21951219512195122,0.0,0.48475372791290283,-0.03683726117014885,,0,1
qwen32B-int4_telecom_50runs,baseline,Qwen3-Embedding-0.6B,0b3e6973-ac91-46cb-a2f8-ff436171cebb,13,46,user,,,,,,0.5047968029975891,1,1
qwen32B-int4_telecom_50runs,baseline,Qwen3-Embedding-0.6B,0b3e6973-ac91-46cb-a2f8-ff436171cebb,14,46,tool,,,,,,,0,1
qwen32B-int4_telecom_50runs,baseline,Qwen3-Embedding-0.6B,0b3e6973-ac91-46cb-a2f8-ff436171cebb,15,46,user,,,,,,,0,1
qwen32B-int4_telecom_50runs,baseline,Qwen3-Embedding-0.6B,0b3e6973-ac91-46cb-a2f8-ff436171cebb,16,46,agent,0.7288892865180969,0.20270270270270271,0.0,0.2961679697036743,-0.2603756673634052,,0,1
qwen32B-int4_telecom_50runs,baseline,Qwen3-Embedding-0.6B,0b3e6973-ac91-46cb-a2f8-ff436171cebb,17,46,user,,,,,,0.3918476104736328,1,1
qwen32B-int4_telecom_50runs,baseline,Qwen3-Embedding-0.6B,0b3e6973-ac91-46cb-a2f8-ff436171cebb,18,46,tool,,,,,,,0,1
qwen32B-int4_telecom_50runs,baseline,Qwen3-Embedding-0.6B,0b3e6973-ac91-46cb-a2f8-ff436171cebb,19,46,user,,,,,,,0,1
qwen32B-int4_telecom_50runs,baseline,Qwen3-Embedding-0.6B,0b3e6973-ac91-46cb-a2f8-ff436171cebb,20,46,agent,0.8204094767570496,0.2571428571428571,0.0,0.3389269709587097,-0.19172989577054977,,0,1
qwen32B-int4_telecom_50runs,baseline,Qwen3-Embedding-0.6B,0b3e6973-ac91-46cb-a2f8-ff436171cebb,21,46,user,,,,,,0.1742841601371765,1,1
qwen32B-int4_telecom_50runs,baseline,Qwen3-Embedding-0.6B,0b3e6973-ac91-46cb-a2f8-ff436171cebb,22,46,tool,,,,,,,0,1
qwen32B-int4_telecom_50runs,baseline,Qwen3-Embedding-0.6B,0b3e6973-ac91-46cb-a2f8-ff436171cebb,23,46,user,,,,,,,1,1
qwen32B-int4_telecom_50runs,baseline,Qwen3-Embedding-0.6B,0b3e6973-ac91-46cb-a2f8-ff436171cebb,24,46,tool,,,,,,,0,1
qwen32B-int4_telecom_50runs,baseline,Qwen3-Embedding-0.6B,0b3e6973-ac91-46cb-a2f8-ff436171cebb,25,46,user,,,,,,,0,1
qwen32B-int4_telecom_50runs,baseline,Qwen3-Embedding-0.6B,0b3e6973-ac91-46cb-a2f8-ff436171cebb,26,46,agent,,,,0.40607213973999023,-0.12754428014159203,,0,1
qwen32B-int4_telecom_50runs,baseline,Qwen3-Embedding-0.6B,0b3e6973-ac91-46cb-a2f8-ff436171cebb,27,46,user,,,,,,0.38212692737579346,1,1
qwen32B-int4_telecom_50runs,baseline,Qwen3-Embedding-0.6B,0b3e6973-ac91-46cb-a2f8-ff436171cebb,28,46,tool,,,,,,,0,1
qwen32B-int4_telecom_50runs,baseline,Qwen3-Embedding-0.6B,0b3e6973-ac91-46cb-a2f8-ff436171cebb,29,46,user,,,,,,,1,1
qwen32B-int4_telecom_50runs,baseline,Qwen3-Embedding-0.6B,0b3e6973-ac91-46cb-a2f8-ff436171cebb,30,46,tool,,,,,,,0,1
qwen32B-int4_telecom_50runs,baseline,Qwen3-Embedding-0.6B,0b3e6973-ac91-46cb-a2f8-ff436171cebb,31,46,user,,,,,,,0,1
qwen32B-int4_telecom_50runs,baseline,Qwen3-Embedding-0.6B,0b3e6973-ac91-46cb-a2f8-ff436171cebb,32,46,agent,,,,0.29001128673553467,-0.2504652328789234,,0,1
qwen32B-int4_telecom_50runs,baseline,Qwen3-Embedding-0.6B,0b3e6973-ac91-46cb-a2f8-ff436171cebb,33,46,user,,,,,,0.2029552459716797,1,1
qwen32B-int4_telecom_50runs,baseline,Qwen3-Embedding-0.6B,0b3e6973-ac91-46cb-a2f8-ff436171cebb,34,46,tool,,,,,,,0,1
qwen32B-int4_telecom_50runs,baseline,Qwen3-Embedding-0.6B,0b3e6973-ac91-46cb-a2f8-ff436171cebb,35,46,user,,,,,,,1,1
qwen32B-int4_telecom_50runs,baseline,Qwen3-Embedding-0.6B,0b3e6973-ac91-46cb-a2f8-ff436171cebb,36,46,tool,,,,,,,0,1
qwen32B-int4_telecom_50runs,baseline,Qwen3-Embedding-0.6B,0b3e6973-ac91-46cb-a2f8-ff436171cebb,37,46,user,,,,,,,1,1
qwen32B-int4_telecom_50runs,baseline,Qwen3-Embedding-0.6B,0b3e6973-ac91-46cb-a2f8-ff436171cebb,38,46,tool,,,,,,,0,1
qwen32B-int4_telecom_50runs,baseline,Qwen3-Embedding-0.6B,0b3e6973-ac91-46cb-a2f8-ff436171cebb,39,46,user,,,,,,,0,1
qwen32B-int4_telecom_50runs,baseline,Qwen3-Embedding-0.6B,0b3e6973-ac91-46cb-a2f8-ff436171cebb,40,46,agent,,,,,,,0,1
qwen32B-int4_telecom_50runs,baseline,Qwen3-Embedding-0.6B,0b3e6973-ac91-46cb-a2f8-ff436171cebb,41,46,user,,,,,,0.28571730852127075,0,1
qwen32B-int4_telecom_50runs,baseline,Qwen3-Embedding-0.6B,0b3e6973-ac91-46cb-a2f8-ff436171cebb,42,46,agent,0.5842905640602112,0.08235294117647059,0.0,0.47979044914245605,0.018682029098272324,,0,1
qwen32B-int4_telecom_50runs,baseline,Qwen3-Embedding-0.6B,0b3e6973-ac91-46cb-a2f8-ff436171cebb,43,46,tool,,,,,,,0,1
qwen32B-int4_telecom_50runs,baseline,Qwen3-Embedding-0.6B,0b3e6973-ac91-46cb-a2f8-ff436171cebb,44,46,agent,0.687552273273468,0.09615384615384616,0.0,,,,0,1
qwen32B-int4_telecom_50runs,baseline,Qwen3-Embedding-0.6B,0b3e6973-ac91-46cb-a2f8-ff436171cebb,45,46,user,,,,,,0.22931426763534546,0,1
qwen32B-int4_telecom_50runs,baseline,Qwen3-Embedding-0.6B,c3bf7ad1-5fd1-47e3-a16a-a2d6b21fef85,0,41,agent,,,,,,,0,0
qwen32B-int4_telecom_50runs,baseline,Qwen3-Embedding-0.6B,c3bf7ad1-5fd1-47e3-a16a-a2d6b21fef85,1,41,user,,,,,,0.5529545545578003,0,0
qwen32B-int4_telecom_50runs,baseline,Qwen3-Embedding-0.6B,c3bf7ad1-5fd1-47e3-a16a-a2d6b21fef85,2,41,agent,0.3708159923553467,0.10526315789473684,0.0,,,,0,0
qwen32B-int4_telecom_50runs,baseline,Qwen3-Embedding-0.6B,c3bf7ad1-5fd1-47e3-a16a-a2d6b21fef85,3,41,user,,,,,,0.2138645052909851,0,0
qwen32B-int4_telecom_50runs,baseline,Qwen3-Embedding-0.6B,c3bf7ad1-5fd1-47e3-a16a-a2d6b21fef85,4,41,agent,0.42174267768859863,0.0,0.0,0.6039983630180359,-0.07344532608985899,,0,0
qwen32B-int4_telecom_50runs,baseline,Qwen3-Embedding-0.6B,c3bf7ad1-5fd1-47e3-a16a-a2d6b21fef85,5,41,tool,,,,,,,0,0
qwen32B-int4_telecom_50runs,baseline,Qwen3-Embedding-0.6B,c3bf7ad1-5fd1-47e3-a16a-a2d6b21fef85,6,41,agent,0.7058857083320618,0.25,0.0,,,,0,0
qwen32B-int4_telecom_50runs,baseline,Qwen3-Embedding-0.6B,c3bf7ad1-5fd1-47e3-a16a-a2d6b21fef85,7,41,user,,,,,,0.41184520721435547,0,0
qwen32B-int4_telecom_50runs,baseline,Qwen3-Embedding-0.6B,c3bf7ad1-5fd1-47e3-a16a-a2d6b21fef85,8,41,agent,0.7615880966186523,0.3333333333333333,0.0,0.4480971097946167,-0.24271268844604488,,0,0
qwen32B-int4_telecom_50runs,baseline,Qwen3-Embedding-0.6B,c3bf7ad1-5fd1-47e3-a16a-a2d6b21fef85,9,41,tool,,,,,,,0,0
qwen32B-int4_telecom_50runs,baseline,Qwen3-Embedding-0.6B,c3bf7ad1-5fd1-47e3-a16a-a2d6b21fef85,10,41,agent,0.4849989116191864,0.14563106796116504,0.0,0.5056728720664978,-0.07647686004638676,,0,0
qwen32B-int4_telecom_50runs,baseline,Qwen3-Embedding-0.6B,c3bf7ad1-5fd1-47e3-a16a-a2d6b21fef85,11,41,user,,,,,,0.4227209687232971,1,0
qwen32B-int4_telecom_50runs,baseline,Qwen3-Embedding-0.6B,c3bf7ad1-5fd1-47e3-a16a-a2d6b21fef85,12,41,tool,,,,,,,0,0
qwen32B-int4_telecom_50runs,baseline,Qwen3-Embedding-0.6B,c3bf7ad1-5fd1-47e3-a16a-a2d6b21fef85,13,41,tool,,,,,,,0,0
qwen32B-int4_telecom_50runs,baseline,Qwen3-Embedding-0.6B,c3bf7ad1-5fd1-47e3-a16a-a2d6b21fef85,14,41,tool,,,,,,,0,0
qwen32B-int4_telecom_50runs,baseline,Qwen3-Embedding-0.6B,c3bf7ad1-5fd1-47e3-a16a-a2d6b21fef85,15,41,user,,,,,,,0,0
qwen32B-int4_telecom_50runs,baseline,Qwen3-Embedding-0.6B,c3bf7ad1-5fd1-47e3-a16a-a2d6b21fef85,16,41,agent,,,,0.4814910888671875,-0.13264581561088562,,0,0
qwen32B-int4_telecom_50runs,baseline,Qwen3-Embedding-0.6B,c3bf7ad1-5fd1-47e3-a16a-a2d6b21fef85,17,41,user,,,,,,0.3395084738731384,1,0
qwen32B-int4_telecom_50runs,baseline,Qwen3-Embedding-0.6B,c3bf7ad1-5fd1-47e3-a16a-a2d6b21fef85,18,41,tool,,,,,,,0,0
qwen32B-int4_telecom_50runs,baseline,Qwen3-Embedding-0.6B,c3bf7ad1-5fd1-47e3-a16a-a2d6b21fef85,19,41,tool,,,,,,,0,0
qwen32B-int4_telecom_50runs,baseline,Qwen3-Embedding-0.6B,c3bf7ad1-5fd1-47e3-a16a-a2d6b21fef85,20,41,tool,,,,,,,0,0
qwen32B-int4_telecom_50runs,baseline,Qwen3-Embedding-0.6B,c3bf7ad1-5fd1-47e3-a16a-a2d6b21fef85,21,41,user,,,,,,,0,0
qwen32B-int4_telecom_50runs,baseline,Qwen3-Embedding-0.6B,c3bf7ad1-5fd1-47e3-a16a-a2d6b21fef85,22,41,agent,,,,0.6329933404922485,-0.009912493824958846,,0,0
qwen32B-int4_telecom_50runs,baseline,Qwen3-Embedding-0.6B,c3bf7ad1-5fd1-47e3-a16a-a2d6b21fef85,23,41,user,,,,,,0.4029626250267029,1,0
qwen32B-int4_telecom_50runs,baseline,Qwen3-Embedding-0.6B,c3bf7ad1-5fd1-47e3-a16a-a2d6b21fef85,24,41,tool,,,,,,,0,0
qwen32B-int4_telecom_50runs,baseline,Qwen3-Embedding-0.6B,c3bf7ad1-5fd1-47e3-a16a-a2d6b21fef85,25,41,tool,,,,,,,0,0
qwen32B-int4_telecom_50runs,baseline,Qwen3-Embedding-0.6B,c3bf7ad1-5fd1-47e3-a16a-a2d6b21fef85,26,41,tool,,,,,,,0,0
qwen32B-int4_telecom_50runs,baseline,Qwen3-Embedding-0.6B,c3bf7ad1-5fd1-47e3-a16a-a2d6b21fef85,27,41,tool,,,,,,,0,0
qwen32B-int4_telecom_50runs,baseline,Qwen3-Embedding-0.6B,c3bf7ad1-5fd1-47e3-a16a-a2d6b21fef85,28,41,tool,,,,,,,0,0
qwen32B-int4_telecom_50runs,baseline,Qwen3-Embedding-0.6B,c3bf7ad1-5fd1-47e3-a16a-a2d6b21fef85,29,41,user,,,,,,,0,0
qwen32B-int4_telecom_50runs,baseline,Qwen3-Embedding-0.6B,c3bf7ad1-5fd1-47e3-a16a-a2d6b21fef85,30,41,agent,,,,0.44905591011047363,-0.14523351490497594,,0,0
qwen32B-int4_telecom_50runs,baseline,Qwen3-Embedding-0.6B,c3bf7ad1-5fd1-47e3-a16a-a2d6b21fef85,31,41,user,,,,,,0.44721806049346924,1,0
qwen32B-int4_telecom_50runs,baseline,Qwen3-Embedding-0.6B,c3bf7ad1-5fd1-47e3-a16a-a2d6b21fef85,32,41,tool,,,,,,,0,0
qwen32B-int4_telecom_50runs,baseline,Qwen3-Embedding-0.6B,c3bf7ad1-5fd1-47e3-a16a-a2d6b21fef85,33,41,tool,,,,,,,0,0
qwen32B-int4_telecom_50runs,baseline,Qwen3-Embedding-0.6B,c3bf7ad1-5fd1-47e3-a16a-a2d6b21fef85,34,41,tool,,,,,,,0,0
qwen32B-int4_telecom_50runs,baseline,Qwen3-Embedding-0.6B,c3bf7ad1-5fd1-47e3-a16a-a2d6b21fef85,35,41,user,,,,,,,1,0
qwen32B-int4_telecom_50runs,baseline,Qwen3-Embedding-0.6B,c3bf7ad1-5fd1-47e3-a16a-a2d6b21fef85,36,41,tool,,,,,,,0,0
qwen32B-int4_telecom_50runs,baseline,Qwen3-Embedding-0.6B,c3bf7ad1-5fd1-47e3-a16a-a2d6b21fef85,37,41,tool,,,,,,,0,0
qwen32B-int4_telecom_50runs,baseline,Qwen3-Embedding-0.6B,c3bf7ad1-5fd1-47e3-a16a-a2d6b21fef85,38,41,user,,,,,,,0,0
qwen32B-int4_telecom_50runs,baseline,Qwen3-Embedding-0.6B,c3bf7ad1-5fd1-47e3-a16a-a2d6b21fef85,39,41,agent,,,,,,,0,0
qwen32B-int4_telecom_50runs,baseline,Qwen3-Embedding-0.6B,c3bf7ad1-5fd1-47e3-a16a-a2d6b21fef85,40,41,user,,,,,,0.5760547816753387,0,0
qwen32B-int4_telecom_50runs,baseline,Qwen3-Embedding-0.6B,62264cd9-2b7e-4d20-80e9-c5039421f201,0,72,agent,,,,,,,0,1
qwen32B-int4_telecom_50runs,baseline,Qwen3-Embedding-0.6B,62264cd9-2b7e-4d20-80e9-c5039421f201,1,72,user,,,,,,0.5670560896396637,0,1
qwen32B-int4_telecom_50runs,baseline,Qwen3-Embedding-0.6B,62264cd9-2b7e-4d20-80e9-c5039421f201,2,72,agent,0.4085873067378998,0.0,0.0,0.19555705785751343,-0.4206315331599292,,0,1
qwen32B-int4_telecom_50runs,baseline,Qwen3-Embedding-0.6B,62264cd9-2b7e-4d20-80e9-c5039421f201,3,72,tool,,,,,,,0,1
qwen32B-int4_telecom_50runs,baseline,Qwen3-Embedding-0.6B,62264cd9-2b7e-4d20-80e9-c5039421f201,4,72,agent,0.5494804382324219,0.09375,0.0,,,,0,1
qwen32B-int4_telecom_50runs,baseline,Qwen3-Embedding-0.6B,62264cd9-2b7e-4d20-80e9-c5039421f201,5,72,user,,,,,,0.3862706422805786,0,1
qwen32B-int4_telecom_50runs,baseline,Qwen3-Embedding-0.6B,62264cd9-2b7e-4d20-80e9-c5039421f201,6,72,agent,0.7474707365036011,0.3684210526315789,0.0,0.603961855173111,-0.053010245456415084,,0,1
qwen32B-int4_telecom_50runs,baseline,Qwen3-Embedding-0.6B,62264cd9-2b7e-4d20-80e9-c5039421f201,7,72,tool,,,,,,,0,1
qwen32B-int4_telecom_50runs,baseline,Qwen3-Embedding-0.6B,62264cd9-2b7e-4d20-80e9-c5039421f201,8,72,agent,0.5443382859230042,0.2,0.0,,,,0,1
qwen32B-int4_telecom_50runs,baseline,Qwen3-Embedding-0.6B,62264cd9-2b7e-4d20-80e9-c5039421f201,9,72,user,,,,,,0.5077072083950043,0,1
qwen32B-int4_telecom_50runs,baseline,Qwen3-Embedding-0.6B,62264cd9-2b7e-4d20-80e9-c5039421f201,10,72,agent,0.7596477270126343,0.3333333333333333,0.0,0.4518622159957886,-0.1533153775860282,,0,1
qwen32B-int4_telecom_50runs,baseline,Qwen3-Embedding-0.6B,62264cd9-2b7e-4d20-80e9-c5039421f201,11,72,tool,,,,,,,0,1
qwen32B-int4_telecom_50runs,baseline,Qwen3-Embedding-0.6B,62264cd9-2b7e-4d20-80e9-c5039421f201,12,72,agent,0.5164259672164917,0.21951219512195122,0.0,0.41380763053894043,-0.10802242861074562,,0,1
qwen32B-int4_telecom_50runs,baseline,Qwen3-Embedding-0.6B,62264cd9-2b7e-4d20-80e9-c5039421f201,13,72,user,,,,,,0.44722694158554077,1,1
qwen32B-int4_telecom_50runs,baseline,Qwen3-Embedding-0.6B,62264cd9-2b7e-4d20-80e9-c5039421f201,14,72,tool,,,,,,,0,1
qwen32B-int4_telecom_50runs,baseline,Qwen3-Embedding-0.6B,62264cd9-2b7e-4d20-80e9-c5039421f201,15,72,user,,,,,,,0,1
qwen32B-int4_telecom_50runs,baseline,Qwen3-Embedding-0.6B,62264cd9-2b7e-4d20-80e9-c5039421f201,16,72,agent,0.6915956139564514,0.14666666666666667,0.0,0.23940718173980713,-0.22563760596163135,,0,1
qwen32B-int4_telecom_50runs,baseline,Qwen3-Embedding-0.6B,62264cd9-2b7e-4d20-80e9-c5039421f201,17,72,user,,,,,,0.44053196907043457,1,1
qwen32B-int4_telecom_50runs,baseline,Qwen3-Embedding-0.6B,62264cd9-2b7e-4d20-80e9-c5039421f201,18,72,tool,,,,,,,0,1
qwen32B-int4_telecom_50runs,baseline,Qwen3-Embedding-0.6B,62264cd9-2b7e-4d20-80e9-c5039421f201,19,72,user,,,,,,,0,1
qwen32B-int4_telecom_50runs,baseline,Qwen3-Embedding-0.6B,62264cd9-2b7e-4d20-80e9-c5039421f201,20,72,agent,0.6341663002967834,0.19480519480519481,0.0,0.4839348793029785,-0.02981729893123397,,0,1
qwen32B-int4_telecom_50runs,baseline,Qwen3-Embedding-0.6B,62264cd9-2b7e-4d20-80e9-c5039421f201,21,72,tool,,,,,,,0,1
qwen32B-int4_telecom_50runs,baseline,Qwen3-Embedding-0.6B,62264cd9-2b7e-4d20-80e9-c5039421f201,22,72,agent,0.7224718928337097,0.26436781609195403,0.0,0.2105361819267273,-0.2240043563001296,,0,1
qwen32B-int4_telecom_50runs,baseline,Qwen3-Embedding-0.6B,62264cd9-2b7e-4d20-80e9-c5039421f201,23,72,user,,,,,,0.2513248920440674,1,1
qwen32B-int4_telecom_50runs,baseline,Qwen3-Embedding-0.6B,62264cd9-2b7e-4d20-80e9-c5039421f201,24,72,tool,,,,,,,0,1
qwen32B-int4_telecom_50runs,baseline,Qwen3-Embedding-0.6B,62264cd9-2b7e-4d20-80e9-c5039421f201,25,72,user,,,,,,,0,1
qwen32B-int4_telecom_50runs,baseline,Qwen3-Embedding-0.6B,62264cd9-2b7e-4d20-80e9-c5039421f201,26,72,agent,0.7691059708595276,0.3258426966292135,0.0,0.5049659907817841,-0.025477908989962383,,0,1
qwen32B-int4_telecom_50runs,baseline,Qwen3-Embedding-0.6B,62264cd9-2b7e-4d20-80e9-c5039421f201,27,72,user,,,,,,0.6837479174137115,1,1
qwen32B-int4_telecom_50runs,baseline,Qwen3-Embedding-0.6B,62264cd9-2b7e-4d20-80e9-c5039421f201,28,72,tool,,,,,,,0,1
qwen32B-int4_telecom_50runs,baseline,Qwen3-Embedding-0.6B,62264cd9-2b7e-4d20-80e9-c5039421f201,29,72,user,,,,,,,0,1
qwen32B-int4_telecom_50runs,baseline,Qwen3-Embedding-0.6B,62264cd9-2b7e-4d20-80e9-c5039421f201,30,72,agent,0.8280065059661865,0.3614457831325301,0.0,0.41031354665756226,-0.06050438390058632,,0,1
qwen32B-int4_telecom_50runs,baseline,Qwen3-Embedding-0.6B,62264cd9-2b7e-4d20-80e9-c5039421f201,31,72,user,,,,,,0.3948844075202942,1,1
qwen32B-int4_telecom_50runs,baseline,Qwen3-Embedding-0.6B,62264cd9-2b7e-4d20-80e9-c5039421f201,32,72,tool,,,,,,,0,1
qwen32B-int4_telecom_50runs,baseline,Qwen3-Embedding-0.6B,62264cd9-2b7e-4d20-80e9-c5039421f201,33,72,user,,,,,,,0,1
qwen32B-int4_telecom_50runs,baseline,Qwen3-Embedding-0.6B,62264cd9-2b7e-4d20-80e9-c5039421f201,34,72,agent,0.693703830242157,0.20952380952380953,0.0,0.5258821249008179,0.022424706641365533,,0,1
qwen32B-int4_telecom_50runs,baseline,Qwen3-Embedding-0.6B,62264cd9-2b7e-4d20-80e9-c5039421f201,35,72,user,,,,,,0.5295411646366119,1,1
qwen32B-int4_telecom_50runs,baseline,Qwen3-Embedding-0.6B,62264cd9-2b7e-4d20-80e9-c5039421f201,36,72,tool,,,,,,,0,1
qwen32B-int4_telecom_50runs,baseline,Qwen3-Embedding-0.6B,62264cd9-2b7e-4d20-80e9-c5039421f201,37,72,user,,,,,,,0,1
qwen32B-int4_telecom_50runs,baseline,Qwen3-Embedding-0.6B,62264cd9-2b7e-4d20-80e9-c5039421f201,38,72,agent,0.7763967514038086,0.26373626373626374,0.0,0.437366783618927,-0.10341049643123856,,0,1
qwen32B-int4_telecom_50runs,baseline,Qwen3-Embedding-0.6B,62264cd9-2b7e-4d20-80e9-c5039421f201,39,72,user,,,,,,0.4426882863044739,1,1
qwen32B-int4_telecom_50runs,baseline,Qwen3-Embedding-0.6B,62264cd9-2b7e-4d20-80e9-c5039421f201,40,72,tool,,,,,,,0,1
qwen32B-int4_telecom_50runs,baseline,Qwen3-Embedding-0.6B,62264cd9-2b7e-4d20-80e9-c5039421f201,41,72,user,,,,,,,0,1
qwen32B-int4_telecom_50runs,baseline,Qwen3-Embedding-0.6B,62264cd9-2b7e-4d20-80e9-c5039421f201,42,72,agent,0.8238534927368164,0.30303030303030304,0.0,0.2484571933746338,-0.2335239578695858,,0,1
qwen32B-int4_telecom_50runs,baseline,Qwen3-Embedding-0.6B,62264cd9-2b7e-4d20-80e9-c5039421f201,43,72,user,,,,,,0.23017865419387817,1,1
qwen32B-int4_telecom_50runs,baseline,Qwen3-Embedding-0.6B,62264cd9-2b7e-4d20-80e9-c5039421f201,44,72,tool,,,,,,,0,1
qwen32B-int4_telecom_50runs,baseline,Qwen3-Embedding-0.6B,62264cd9-2b7e-4d20-80e9-c5039421f201,45,72,user,,,,,,,0,1
qwen32B-int4_telecom_50runs,baseline,Qwen3-Embedding-0.6B,62264cd9-2b7e-4d20-80e9-c5039421f201,46,72,agent,0.8613680005073547,0.3194444444444444,0.0,0.24502873420715332,-0.30782918544376603,,0,1
qwen32B-int4_telecom_50runs,baseline,Qwen3-Embedding-0.6B,62264cd9-2b7e-4d20-80e9-c5039421f201,47,72,user,,,,,,0.5275810360908508,1,1
qwen32B-int4_telecom_50runs,baseline,Qwen3-Embedding-0.6B,62264cd9-2b7e-4d20-80e9-c5039421f201,48,72,tool,,,,,,,0,1
qwen32B-int4_telecom_50runs,baseline,Qwen3-Embedding-0.6B,62264cd9-2b7e-4d20-80e9-c5039421f201,49,72,user,,,,,,,0,1
qwen32B-int4_telecom_50runs,baseline,Qwen3-Embedding-0.6B,62264cd9-2b7e-4d20-80e9-c5039421f201,50,72,agent,0.5427366495132446,0.1794871794871795,0.0,0.27131515741348267,-0.22819166323717904,,0,1
qwen32B-int4_telecom_50runs,baseline,Qwen3-Embedding-0.6B,62264cd9-2b7e-4d20-80e9-c5039421f201,51,72,user,,,,,,0.38030362129211426,1,1
qwen32B-int4_telecom_50runs,baseline,Qwen3-Embedding-0.6B,62264cd9-2b7e-4d20-80e9-c5039421f201,52,72,tool,,,,,,,0,1
qwen32B-int4_telecom_50runs,baseline,Qwen3-Embedding-0.6B,62264cd9-2b7e-4d20-80e9-c5039421f201,53,72,user,,,,,,,0,1
qwen32B-int4_telecom_50runs,baseline,Qwen3-Embedding-0.6B,62264cd9-2b7e-4d20-80e9-c5039421f201,54,72,agent,0.7353768348693848,0.20454545454545456,0.0,0.35392022132873535,-0.16166446840061865,,0,1
qwen32B-int4_telecom_50runs,baseline,Qwen3-Embedding-0.6B,62264cd9-2b7e-4d20-80e9-c5039421f201,55,72,user,,,,,,0.3478536009788513,1,1
qwen32B-int4_telecom_50runs,baseline,Qwen3-Embedding-0.6B,62264cd9-2b7e-4d20-80e9-c5039421f201,56,72,tool,,,,,,,0,1
qwen32B-int4_telecom_50runs,baseline,Qwen3-Embedding-0.6B,62264cd9-2b7e-4d20-80e9-c5039421f201,57,72,user,,,,,,,0,1
qwen32B-int4_telecom_50runs,baseline,Qwen3-Embedding-0.6B,62264cd9-2b7e-4d20-80e9-c5039421f201,58,72,agent,0.6932139992713928,0.3037974683544304,0.0,0.317538321018219,-0.23011686609071846,,0,1
qwen32B-int4_telecom_50runs,baseline,Qwen3-Embedding-0.6B,62264cd9-2b7e-4d20-80e9-c5039421f201,59,72,user,,,,,,0.43892842531204224,1,1
qwen32B-int4_telecom_50runs,baseline,Qwen3-Embedding-0.6B,62264cd9-2b7e-4d20-80e9-c5039421f201,60,72,tool,,,,,,,0,1
qwen32B-int4_telecom_50runs,baseline,Qwen3-Embedding-0.6B,62264cd9-2b7e-4d20-80e9-c5039421f201,61,72,user,,,,,,,0,1
qwen32B-int4_telecom_50runs,baseline,Qwen3-Embedding-0.6B,62264cd9-2b7e-4d20-80e9-c5039421f201,62,72,agent,0.7372395396232605,0.273972602739726,0.0,0.3831886053085327,-0.08429383880951824,,0,1
qwen32B-int4_telecom_50runs,baseline,Qwen3-Embedding-0.6B,62264cd9-2b7e-4d20-80e9-c5039421f201,63,72,user,,,,,,0.4606357216835022,1,1
qwen32B-int4_telecom_50runs,baseline,Qwen3-Embedding-0.6B,62264cd9-2b7e-4d20-80e9-c5039421f201,64,72,tool,,,,,,,0,1
qwen32B-int4_telecom_50runs,baseline,Qwen3-Embedding-0.6B,62264cd9-2b7e-4d20-80e9-c5039421f201,65,72,user,,,,,,,0,1
qwen32B-int4_telecom_50runs,baseline,Qwen3-Embedding-0.6B,62264cd9-2b7e-4d20-80e9-c5039421f201,66,72,agent,0.6683509349822998,0.1619047619047619,0.0,,,,0,1
qwen32B-int4_telecom_50runs,baseline,Qwen3-Embedding-0.6B,62264cd9-2b7e-4d20-80e9-c5039421f201,67,72,user,,,,,,0.28746289014816284,0,1
qwen32B-int4_telecom_50runs,baseline,Qwen3-Embedding-0.6B,62264cd9-2b7e-4d20-80e9-c5039421f201,68,72,agent,0.572789192199707,0.06796116504854369,0.0,0.4659487009048462,0.07271531925481911,,0,1
qwen32B-int4_telecom_50runs,baseline,Qwen3-Embedding-0.6B,62264cd9-2b7e-4d20-80e9-c5039421f201,69,72,tool,,,,,,,0,1
qwen32B-int4_telecom_50runs,baseline,Qwen3-Embedding-0.6B,62264cd9-2b7e-4d20-80e9-c5039421f201,70,72,agent,0.6716312766075134,0.09210526315789473,0.0,,,,0,1
qwen32B-int4_telecom_50runs,baseline,Qwen3-Embedding-0.6B,62264cd9-2b7e-4d20-80e9-c5039421f201,71,72,user,,,,,,0.2321721911430359,0,1
qwen32B-int4_telecom_50runs,baseline,Qwen3-Embedding-0.6B,101adb64-3e09-421a-8791-eb74efd73b72,0,51,agent,,,,,,,0,1
qwen32B-int4_telecom_50runs,baseline,Qwen3-Embedding-0.6B,101adb64-3e09-421a-8791-eb74efd73b72,1,51,user,,,,,,0.5926618278026581,0,1
qwen32B-int4_telecom_50runs,baseline,Qwen3-Embedding-0.6B,101adb64-3e09-421a-8791-eb74efd73b72,2,51,agent,0.30409759283065796,0.06153846153846154,0.0,0.41531646251678467,-0.06456453601519269,,0,1
qwen32B-int4_telecom_50runs,baseline,Qwen3-Embedding-0.6B,101adb64-3e09-421a-8791-eb74efd73b72,3,51,user,,,,,,0.30659282207489014,1,1
qwen32B-int4_telecom_50runs,baseline,Qwen3-Embedding-0.6B,101adb64-3e09-421a-8791-eb74efd73b72,4,51,tool,,,,,,,0,1
qwen32B-int4_telecom_50runs,baseline,Qwen3-Embedding-0.6B,101adb64-3e09-421a-8791-eb74efd73b72,5,51,tool,,,,,,,0,1
qwen32B-int4_telecom_50runs,baseline,Qwen3-Embedding-0.6B,101adb64-3e09-421a-8791-eb74efd73b72,6,51,tool,,,,,,,0,1
qwen32B-int4_telecom_50runs,baseline,Qwen3-Embedding-0.6B,101adb64-3e09-421a-8791-eb74efd73b72,7,51,user,,,,,,,0,1
qwen32B-int4_telecom_50runs,baseline,Qwen3-Embedding-0.6B,101adb64-3e09-421a-8791-eb74efd73b72,8,51,agent,,,,0.4270079731941223,-0.015688429276148497,,0,1
qwen32B-int4_telecom_50runs,baseline,Qwen3-Embedding-0.6B,101adb64-3e09-421a-8791-eb74efd73b72,9,51,user,,,,,,0.33716338872909546,1,1
qwen32B-int4_telecom_50runs,baseline,Qwen3-Embedding-0.6B,101adb64-3e09-421a-8791-eb74efd73b72,10,51,tool,,,,,,,0,1
qwen32B-int4_telecom_50runs,baseline,Qwen3-Embedding-0.6B,101adb64-3e09-421a-8791-eb74efd73b72,11,51,tool,,,,,,,0,1
qwen32B-int4_telecom_50runs,baseline,Qwen3-Embedding-0.6B,101adb64-3e09-421a-8791-eb74efd73b72,12,51,tool,,,,,,,0,1
qwen32B-int4_telecom_50runs,baseline,Qwen3-Embedding-0.6B,101adb64-3e09-421a-8791-eb74efd73b72,13,51,user,,,,,,,0,1
qwen32B-int4_telecom_50runs,baseline,Qwen3-Embedding-0.6B,101adb64-3e09-421a-8791-eb74efd73b72,14,51,agent,,,,0.447279155254364,0.003465582927068056,,0,1
qwen32B-int4_telecom_50runs,baseline,Qwen3-Embedding-0.6B,101adb64-3e09-421a-8791-eb74efd73b72,15,51,user,,,,,,0.45655137300491333,1,1
qwen32B-int4_telecom_50runs,baseline,Qwen3-Embedding-0.6B,101adb64-3e09-421a-8791-eb74efd73b72,16,51,tool,,,,,,,0,1
qwen32B-int4_telecom_50runs,baseline,Qwen3-Embedding-0.6B,101adb64-3e09-421a-8791-eb74efd73b72,17,51,user,,,,,,,1,1
qwen32B-int4_telecom_50runs,baseline,Qwen3-Embedding-0.6B,101adb64-3e09-421a-8791-eb74efd73b72,18,51,tool,,,,,,,0,1
qwen32B-int4_telecom_50runs,baseline,Qwen3-Embedding-0.6B,101adb64-3e09-421a-8791-eb74efd73b72,19,51,tool,,,,,,,0,1
qwen32B-int4_telecom_50runs,baseline,Qwen3-Embedding-0.6B,101adb64-3e09-421a-8791-eb74efd73b72,20,51,user,,,,,,,0,1
qwen32B-int4_telecom_50runs,baseline,Qwen3-Embedding-0.6B,101adb64-3e09-421a-8791-eb74efd73b72,21,51,agent,,,,0.49800950288772583,0.003517319758733095,,0,1
qwen32B-int4_telecom_50runs,baseline,Qwen3-Embedding-0.6B,101adb64-3e09-421a-8791-eb74efd73b72,22,51,user,,,,,,0.40666133165359497,1,1
qwen32B-int4_telecom_50runs,baseline,Qwen3-Embedding-0.6B,101adb64-3e09-421a-8791-eb74efd73b72,23,51,tool,,,,,,,0,1
qwen32B-int4_telecom_50runs,baseline,Qwen3-Embedding-0.6B,101adb64-3e09-421a-8791-eb74efd73b72,24,51,user,,,,,,,1,1
qwen32B-int4_telecom_50runs,baseline,Qwen3-Embedding-0.6B,101adb64-3e09-421a-8791-eb74efd73b72,25,51,tool,,,,,,,0,1
qwen32B-int4_telecom_50runs,baseline,Qwen3-Embedding-0.6B,101adb64-3e09-421a-8791-eb74efd73b72,26,51,tool,,,,,,,0,1
qwen32B-int4_telecom_50runs,baseline,Qwen3-Embedding-0.6B,101adb64-3e09-421a-8791-eb74efd73b72,27,51,user,,,,,,,0,1
qwen32B-int4_telecom_50runs,baseline,Qwen3-Embedding-0.6B,101adb64-3e09-421a-8791-eb74efd73b72,28,51,agent,,,,0.44895875453948975,0.009058535099029541,,0,1
qwen32B-int4_telecom_50runs,baseline,Qwen3-Embedding-0.6B,101adb64-3e09-421a-8791-eb74efd73b72,29,51,user,,,,,,0.587831437587738,1,1
qwen32B-int4_telecom_50runs,baseline,Qwen3-Embedding-0.6B,101adb64-3e09-421a-8791-eb74efd73b72,30,51,tool,,,,,,,0,1
qwen32B-int4_telecom_50runs,baseline,Qwen3-Embedding-0.6B,101adb64-3e09-421a-8791-eb74efd73b72,31,51,user,,,,,,,1,1
qwen32B-int4_telecom_50runs,baseline,Qwen3-Embedding-0.6B,101adb64-3e09-421a-8791-eb74efd73b72,32,51,tool,,,,,,,0,1
qwen32B-int4_telecom_50runs,baseline,Qwen3-Embedding-0.6B,101adb64-3e09-421a-8791-eb74efd73b72,33,51,user,,,,,,,0,1
qwen32B-int4_telecom_50runs,baseline,Qwen3-Embedding-0.6B,101adb64-3e09-421a-8791-eb74efd73b72,34,51,agent,,,,,,,0,1
qwen32B-int4_telecom_50runs,baseline,Qwen3-Embedding-0.6B,101adb64-3e09-421a-8791-eb74efd73b72,35,51,user,,,,,,0.30822980403900146,0,1
qwen32B-int4_telecom_50runs,baseline,Qwen3-Embedding-0.6B,101adb64-3e09-421a-8791-eb74efd73b72,36,51,agent,0.8611093759536743,0.39669421487603307,0.0,0.44288086891174316,0.017798244953155518,,0,1
qwen32B-int4_telecom_50runs,baseline,Qwen3-Embedding-0.6B,101adb64-3e09-421a-8791-eb74efd73b72,37,51,user,,,,,,0.3750935196876526,1,1
qwen32B-int4_telecom_50runs,baseline,Qwen3-Embedding-0.6B,101adb64-3e09-421a-8791-eb74efd73b72,38,51,tool,,,,,,,0,1
qwen32B-int4_telecom_50runs,baseline,Qwen3-Embedding-0.6B,101adb64-3e09-421a-8791-eb74efd73b72,39,51,tool,,,,,,,0,1
qwen32B-int4_telecom_50runs,baseline,Qwen3-Embedding-0.6B,101adb64-3e09-421a-8791-eb74efd73b72,40,51,tool,,,,,,,0,1
qwen32B-int4_telecom_50runs,baseline,Qwen3-Embedding-0.6B,101adb64-3e09-421a-8791-eb74efd73b72,41,51,tool,,,,,,,0,1
qwen32B-int4_telecom_50runs,baseline,Qwen3-Embedding-0.6B,101adb64-3e09-421a-8791-eb74efd73b72,42,51,user,,,,,,,0,1
qwen32B-int4_telecom_50runs,baseline,Qwen3-Embedding-0.6B,101adb64-3e09-421a-8791-eb74efd73b72,43,51,agent,,,,,,,0,1
qwen32B-int4_telecom_50runs,baseline,Qwen3-Embedding-0.6B,101adb64-3e09-421a-8791-eb74efd73b72,44,51,user,,,,,,0.38815033435821533,0,1
qwen32B-int4_telecom_50runs,baseline,Qwen3-Embedding-0.6B,101adb64-3e09-421a-8791-eb74efd73b72,45,51,agent,0.8675500154495239,0.3939393939393939,0.0,0.4395221471786499,0.017344514528910338,,0,1
qwen32B-int4_telecom_50runs,baseline,Qwen3-Embedding-0.6B,101adb64-3e09-421a-8791-eb74efd73b72,46,51,user,,,,,,0.12008458375930786,1,1
qwen32B-int4_telecom_50runs,baseline,Qwen3-Embedding-0.6B,101adb64-3e09-421a-8791-eb74efd73b72,47,51,tool,,,,,,,0,1
qwen32B-int4_telecom_50runs,baseline,Qwen3-Embedding-0.6B,101adb64-3e09-421a-8791-eb74efd73b72,48,51,user,,,,,,,0,1
qwen32B-int4_telecom_50runs,baseline,Qwen3-Embedding-0.6B,101adb64-3e09-421a-8791-eb74efd73b72,49,51,agent,0.5009814500808716,0.2540983606557377,0.0,,,,0,1
qwen32B-int4_telecom_50runs,baseline,Qwen3-Embedding-0.6B,101adb64-3e09-421a-8791-eb74efd73b72,50,51,user,,,,,,0.4553808569908142,0,1
qwen32B-int4_telecom_50runs,baseline,Qwen3-Embedding-0.6B,c256d11c-3588-457e-bfed-9d8cea2c5bce,0,55,agent,,,,,,,0,1
qwen32B-int4_telecom_50runs,baseline,Qwen3-Embedding-0.6B,c256d11c-3588-457e-bfed-9d8cea2c5bce,1,55,user,,,,,,0.5663374066352844,0,1
qwen32B-int4_telecom_50runs,baseline,Qwen3-Embedding-0.6B,c256d11c-3588-457e-bfed-9d8cea2c5bce,2,55,agent,0.4082163870334625,0.0,0.0,0.19366955757141113,-0.4160334630446001,,0,1
qwen32B-int4_telecom_50runs,baseline,Qwen3-Embedding-0.6B,c256d11c-3588-457e-bfed-9d8cea2c5bce,3,55,tool,,,,,,,0,1
qwen32B-int4_telecom_50runs,baseline,Qwen3-Embedding-0.6B,c256d11c-3588-457e-bfed-9d8cea2c5bce,4,55,agent,0.5509839653968811,0.09375,0.0,,,,0,1
qwen32B-int4_telecom_50runs,baseline,Qwen3-Embedding-0.6B,c256d11c-3588-457e-bfed-9d8cea2c5bce,5,55,user,,,,,,0.22075361013412476,0,1
qwen32B-int4_telecom_50runs,baseline,Qwen3-Embedding-0.6B,c256d11c-3588-457e-bfed-9d8cea2c5bce,6,55,agent,0.7391389608383179,0.3684210526315789,0.0,0.6064721643924713,-0.03860587965358386,,0,1
qwen32B-int4_telecom_50runs,baseline,Qwen3-Embedding-0.6B,c256d11c-3588-457e-bfed-9d8cea2c5bce,7,55,tool,,,,,,,0,1
qwen32B-int4_telecom_50runs,baseline,Qwen3-Embedding-0.6B,c256d11c-3588-457e-bfed-9d8cea2c5bce,8,55,agent,0.5475538969039917,0.2,0.0,,,,0,1
qwen32B-int4_telecom_50runs,baseline,Qwen3-Embedding-0.6B,c256d11c-3588-457e-bfed-9d8cea2c5bce,9,55,user,,,,,,0.5084815323352814,0,1
qwen32B-int4_telecom_50runs,baseline,Qwen3-Embedding-0.6B,c256d11c-3588-457e-bfed-9d8cea2c5bce,10,55,agent,0.7491223216056824,0.3333333333333333,0.0,0.4530578851699829,-0.13679571585221728,,0,1
qwen32B-int4_telecom_50runs,baseline,Qwen3-Embedding-0.6B,c256d11c-3588-457e-bfed-9d8cea2c5bce,11,55,tool,,,,,,,0,1
qwen32B-int4_telecom_50runs,baseline,Qwen3-Embedding-0.6B,c256d11c-3588-457e-bfed-9d8cea2c5bce,12,55,agent,0.5445873737335205,0.2087912087912088,0.0,0.5007041990756989,-0.013178194111043706,,0,1
qwen32B-int4_telecom_50runs,baseline,Qwen3-Embedding-0.6B,c256d11c-3588-457e-bfed-9d8cea2c5bce,13,55,user,,,,,,0.4274470806121826,1,1
qwen32B-int4_telecom_50runs,baseline,Qwen3-Embedding-0.6B,c256d11c-3588-457e-bfed-9d8cea2c5bce,14,55,tool,,,,,,,0,1
qwen32B-int4_telecom_50runs,baseline,Qwen3-Embedding-0.6B,c256d11c-3588-457e-bfed-9d8cea2c5bce,15,55,user,,,,,,,0,1
qwen32B-int4_telecom_50runs,baseline,Qwen3-Embedding-0.6B,c256d11c-3588-457e-bfed-9d8cea2c5bce,16,55,agent,0.6563183665275574,0.013888888888888888,0.0,0.22050952911376953,-0.2261822657151656,,0,1
qwen32B-int4_telecom_50runs,baseline,Qwen3-Embedding-0.6B,c256d11c-3588-457e-bfed-9d8cea2c5bce,17,55,tool,,,,,,,0,1
qwen32B-int4_telecom_50runs,baseline,Qwen3-Embedding-0.6B,c256d11c-3588-457e-bfed-9d8cea2c5bce,18,55,agent,0.5857760906219482,0.0,0.0,0.2806209921836853,-0.2314040579579093,,0,1
qwen32B-int4_telecom_50runs,baseline,Qwen3-Embedding-0.6B,c256d11c-3588-457e-bfed-9d8cea2c5bce,19,55,user,,,,,,0.4281080961227417,1,1
qwen32B-int4_telecom_50runs,baseline,Qwen3-Embedding-0.6B,c256d11c-3588-457e-bfed-9d8cea2c5bce,20,55,tool,,,,,,,0,1
qwen32B-int4_telecom_50runs,baseline,Qwen3-Embedding-0.6B,c256d11c-3588-457e-bfed-9d8cea2c5bce,21,55,user,,,,,,,0,1
qwen32B-int4_telecom_50runs,baseline,Qwen3-Embedding-0.6B,c256d11c-3588-457e-bfed-9d8cea2c5bce,22,55,agent,0.5373714566230774,0.18584070796460178,0.0,0.3914695382118225,-0.20866245031356812,,0,1
qwen32B-int4_telecom_50runs,baseline,Qwen3-Embedding-0.6B,c256d11c-3588-457e-bfed-9d8cea2c5bce,23,55,user,,,,,,0.45477503538131714,1,1
qwen32B-int4_telecom_50runs,baseline,Qwen3-Embedding-0.6B,c256d11c-3588-457e-bfed-9d8cea2c5bce,24,55,tool,,,,,,,0,1
qwen32B-int4_telecom_50runs,baseline,Qwen3-Embedding-0.6B,c256d11c-3588-457e-bfed-9d8cea2c5bce,25,55,user,,,,,,,0,1
qwen32B-int4_telecom_50runs,baseline,Qwen3-Embedding-0.6B,c256d11c-3588-457e-bfed-9d8cea2c5bce,26,55,agent,0.698991596698761,0.24271844660194175,0.0,0.534233808517456,0.01727857372977515,,0,1
qwen32B-int4_telecom_50runs,baseline,Qwen3-Embedding-0.6B,c256d11c-3588-457e-bfed-9d8cea2c5bce,27,55,user,,,,,,0.6152053773403168,1,1
qwen32B-int4_telecom_50runs,baseline,Qwen3-Embedding-0.6B,c256d11c-3588-457e-bfed-9d8cea2c5bce,28,55,tool,,,,,,,0,1
qwen32B-int4_telecom_50runs,baseline,Qwen3-Embedding-0.6B,c256d11c-3588-457e-bfed-9d8cea2c5bce,29,55,user,,,,,,,1,1
qwen32B-int4_telecom_50runs,baseline,Qwen3-Embedding-0.6B,c256d11c-3588-457e-bfed-9d8cea2c5bce,30,55,tool,,,,,,,0,1
qwen32B-int4_telecom_50runs,baseline,Qwen3-Embedding-0.6B,c256d11c-3588-457e-bfed-9d8cea2c5bce,31,55,user,,,,,,,0,1
qwen32B-int4_telecom_50runs,baseline,Qwen3-Embedding-0.6B,c256d11c-3588-457e-bfed-9d8cea2c5bce,32,55,agent,,,,0.3759211301803589,-0.20419420979239722,,0,1
qwen32B-int4_telecom_50runs,baseline,Qwen3-Embedding-0.6B,c256d11c-3588-457e-bfed-9d8cea2c5bce,33,55,user,,,,,,0.42563146352767944,1,1
qwen32B-int4_telecom_50runs,baseline,Qwen3-Embedding-0.6B,c256d11c-3588-457e-bfed-9d8cea2c5bce,34,55,tool,,,,,,,0,1
qwen32B-int4_telecom_50runs,baseline,Qwen3-Embedding-0.6B,c256d11c-3588-457e-bfed-9d8cea2c5bce,35,55,user,,,,,,,1,1
qwen32B-int4_telecom_50runs,baseline,Qwen3-Embedding-0.6B,c256d11c-3588-457e-bfed-9d8cea2c5bce,36,55,tool,,,,,,,0,1
qwen32B-int4_telecom_50runs,baseline,Qwen3-Embedding-0.6B,c256d11c-3588-457e-bfed-9d8cea2c5bce,37,55,tool,,,,,,,0,1
qwen32B-int4_telecom_50runs,baseline,Qwen3-Embedding-0.6B,c256d11c-3588-457e-bfed-9d8cea2c5bce,38,55,user,,,,,,,0,1
qwen32B-int4_telecom_50runs,baseline,Qwen3-Embedding-0.6B,c256d11c-3588-457e-bfed-9d8cea2c5bce,39,55,agent,,,,,,,0,1
qwen32B-int4_telecom_50runs,baseline,Qwen3-Embedding-0.6B,c256d11c-3588-457e-bfed-9d8cea2c5bce,40,55,user,,,,,,0.2222127914428711,0,1
qwen32B-int4_telecom_50runs,baseline,Qwen3-Embedding-0.6B,c256d11c-3588-457e-bfed-9d8cea2c5bce,41,55,agent,0.7647932171821594,0.27049180327868855,0.0,0.4498251676559448,-0.1033672148531134,,0,1
qwen32B-int4_telecom_50runs,baseline,Qwen3-Embedding-0.6B,c256d11c-3588-457e-bfed-9d8cea2c5bce,42,55,user,,,,,,0.5611390471458435,1,1
qwen32B-int4_telecom_50runs,baseline,Qwen3-Embedding-0.6B,c256d11c-3588-457e-bfed-9d8cea2c5bce,43,55,tool,,,,,,,0,1
qwen32B-int4_telecom_50runs,baseline,Qwen3-Embedding-0.6B,c256d11c-3588-457e-bfed-9d8cea2c5bce,44,55,user,,,,,,,0,1
qwen32B-int4_telecom_50runs,baseline,Qwen3-Embedding-0.6B,c256d11c-3588-457e-bfed-9d8cea2c5bce,45,55,agent,0.913529098033905,0.6808510638297872,0.0,0.22082895040512085,-0.24966773119839752,,0,1
qwen32B-int4_telecom_50runs,baseline,Qwen3-Embedding-0.6B,c256d11c-3588-457e-bfed-9d8cea2c5bce,46,55,user,,,,,,0.28188276290893555,1,1
qwen32B-int4_telecom_50runs,baseline,Qwen3-Embedding-0.6B,c256d11c-3588-457e-bfed-9d8cea2c5bce,47,55,tool,,,,,,,0,1
qwen32B-int4_telecom_50runs,baseline,Qwen3-Embedding-0.6B,c256d11c-3588-457e-bfed-9d8cea2c5bce,48,55,user,,,,,,,0,1
qwen32B-int4_telecom_50runs,baseline,Qwen3-Embedding-0.6B,c256d11c-3588-457e-bfed-9d8cea2c5bce,49,55,agent,0.7438190579414368,0.22935779816513763,0.0,0.3779020309448242,-0.17362221939997236,,0,1
qwen32B-int4_telecom_50runs,baseline,Qwen3-Embedding-0.6B,c256d11c-3588-457e-bfed-9d8cea2c5bce,50,55,user,,,,,,0.42799389362335205,1,1
qwen32B-int4_telecom_50runs,baseline,Qwen3-Embedding-0.6B,c256d11c-3588-457e-bfed-9d8cea2c5bce,51,55,tool,,,,,,,0,1
qwen32B-int4_telecom_50runs,baseline,Qwen3-Embedding-0.6B,c256d11c-3588-457e-bfed-9d8cea2c5bce,52,55,user,,,,,,,0,1
qwen32B-int4_telecom_50runs,baseline,Qwen3-Embedding-0.6B,c256d11c-3588-457e-bfed-9d8cea2c5bce,53,55,agent,0.6604881882667542,0.24550898203592814,0.0,,,,0,1
qwen32B-int4_telecom_50runs,baseline,Qwen3-Embedding-0.6B,c256d11c-3588-457e-bfed-9d8cea2c5bce,54,55,user,,,,,,0.2726714015007019,0,1
qwen32B-int4_telecom_50runs,baseline,Qwen3-Embedding-0.6B,6b5e43a4-928a-4a00-bcaf-2cd24e541021,0,96,agent,,,,,,,0,1
qwen32B-int4_telecom_50runs,baseline,Qwen3-Embedding-0.6B,6b5e43a4-928a-4a00-bcaf-2cd24e541021,1,96,user,,,,,,0.5437982082366943,0,1
qwen32B-int4_telecom_50runs,baseline,Qwen3-Embedding-0.6B,6b5e43a4-928a-4a00-bcaf-2cd24e541021,2,96,agent,0.3833618760108948,0.08333333333333333,0.0,0.3128863573074341,-0.16238261759281158,,0,1
qwen32B-int4_telecom_50runs,baseline,Qwen3-Embedding-0.6B,6b5e43a4-928a-4a00-bcaf-2cd24e541021,3,96,user,,,,,,0.27367299795150757,1,1
qwen32B-int4_telecom_50runs,baseline,Qwen3-Embedding-0.6B,6b5e43a4-928a-4a00-bcaf-2cd24e541021,4,96,tool,,,,,,,0,1
qwen32B-int4_telecom_50runs,baseline,Qwen3-Embedding-0.6B,6b5e43a4-928a-4a00-bcaf-2cd24e541021,5,96,user,,,,,,,0,1
qwen32B-int4_telecom_50runs,baseline,Qwen3-Embedding-0.6B,6b5e43a4-928a-4a00-bcaf-2cd24e541021,6,96,agent,0.6391408443450928,0.313953488372093,0.0,0.4925876259803772,-0.10355935080183876,,0,1
qwen32B-int4_telecom_50runs,baseline,Qwen3-Embedding-0.6B,6b5e43a4-928a-4a00-bcaf-2cd24e541021,7,96,user,,,,,,0.3894893527030945,1,1
qwen32B-int4_telecom_50runs,baseline,Qwen3-Embedding-0.6B,6b5e43a4-928a-4a00-bcaf-2cd24e541021,8,96,tool,,,,,,,0,1
qwen32B-int4_telecom_50runs,baseline,Qwen3-Embedding-0.6B,6b5e43a4-928a-4a00-bcaf-2cd24e541021,9,96,user,,,,,,,1,1
qwen32B-int4_telecom_50runs,baseline,Qwen3-Embedding-0.6B,6b5e43a4-928a-4a00-bcaf-2cd24e541021,10,96,tool,,,,,,,0,1
qwen32B-int4_telecom_50runs,baseline,Qwen3-Embedding-0.6B,6b5e43a4-928a-4a00-bcaf-2cd24e541021,11,96,user,,,,,,,0,1
qwen32B-int4_telecom_50runs,baseline,Qwen3-Embedding-0.6B,6b5e43a4-928a-4a00-bcaf-2cd24e541021,12,96,agent,,,,0.3356960415840149,-0.11247451437844169,,0,1
qwen32B-int4_telecom_50runs,baseline,Qwen3-Embedding-0.6B,6b5e43a4-928a-4a00-bcaf-2cd24e541021,13,96,user,,,,,,0.33571016788482666,1,1
qwen32B-int4_telecom_50runs,baseline,Qwen3-Embedding-0.6B,6b5e43a4-928a-4a00-bcaf-2cd24e541021,14,96,tool,,,,,,,0,1
qwen32B-int4_telecom_50runs,baseline,Qwen3-Embedding-0.6B,6b5e43a4-928a-4a00-bcaf-2cd24e541021,15,96,user,,,,,,,0,1
qwen32B-int4_telecom_50runs,baseline,Qwen3-Embedding-0.6B,6b5e43a4-928a-4a00-bcaf-2cd24e541021,16,96,agent,0.6550799608230591,0.25842696629213485,0.0,0.41422587633132935,-0.08960319062074029,,0,1
qwen32B-int4_telecom_50runs,baseline,Qwen3-Embedding-0.6B,6b5e43a4-928a-4a00-bcaf-2cd24e541021,17,96,user,,,,,,0.3717837333679199,1,1
qwen32B-int4_telecom_50runs,baseline,Qwen3-Embedding-0.6B,6b5e43a4-928a-4a00-bcaf-2cd24e541021,18,96,tool,,,,,,,0,1
qwen32B-int4_telecom_50runs,baseline,Qwen3-Embedding-0.6B,6b5e43a4-928a-4a00-bcaf-2cd24e541021,19,96,user,,,,,,,0,1
qwen32B-int4_telecom_50runs,baseline,Qwen3-Embedding-0.6B,6b5e43a4-928a-4a00-bcaf-2cd24e541021,20,96,agent,0.8363125920295715,0.2716049382716049,0.0,0.3609289526939392,-0.07922898564073777,,0,1
qwen32B-int4_telecom_50runs,baseline,Qwen3-Embedding-0.6B,6b5e43a4-928a-4a00-bcaf-2cd24e541021,21,96,user,,,,,,0.4700578451156616,1,1
qwen32B-int4_telecom_50runs,baseline,Qwen3-Embedding-0.6B,6b5e43a4-928a-4a00-bcaf-2cd24e541021,22,96,tool,,,,,,,0,1
qwen32B-int4_telecom_50runs,baseline,Qwen3-Embedding-0.6B,6b5e43a4-928a-4a00-bcaf-2cd24e541021,23,96,user,,,,,,,1,1
qwen32B-int4_telecom_50runs,baseline,Qwen3-Embedding-0.6B,6b5e43a4-928a-4a00-bcaf-2cd24e541021,24,96,tool,,,,,,,0,1
qwen32B-int4_telecom_50runs,baseline,Qwen3-Embedding-0.6B,6b5e43a4-928a-4a00-bcaf-2cd24e541021,25,96,user,,,,,,,0,1
qwen32B-int4_telecom_50runs,baseline,Qwen3-Embedding-0.6B,6b5e43a4-928a-4a00-bcaf-2cd24e541021,26,96,agent,,,,0.40532785654067993,-0.09459729658232796,,0,1
qwen32B-int4_telecom_50runs,baseline,Qwen3-Embedding-0.6B,6b5e43a4-928a-4a00-bcaf-2cd24e541021,27,96,user,,,,,,0.23647940158843994,1,1
qwen32B-int4_telecom_50runs,baseline,Qwen3-Embedding-0.6B,6b5e43a4-928a-4a00-bcaf-2cd24e541021,28,96,tool,,,,,,,0,1
qwen32B-int4_telecom_50runs,baseline,Qwen3-Embedding-0.6B,6b5e43a4-928a-4a00-bcaf-2cd24e541021,29,96,user,,,,,,,1,1
qwen32B-int4_telecom_50runs,baseline,Qwen3-Embedding-0.6B,6b5e43a4-928a-4a00-bcaf-2cd24e541021,30,96,tool,,,,,,,0,1
qwen32B-int4_telecom_50runs,baseline,Qwen3-Embedding-0.6B,6b5e43a4-928a-4a00-bcaf-2cd24e541021,31,96,user,,,,,,,1,1
qwen32B-int4_telecom_50runs,baseline,Qwen3-Embedding-0.6B,6b5e43a4-928a-4a00-bcaf-2cd24e541021,32,96,tool,,,,,,,0,1
qwen32B-int4_telecom_50runs,baseline,Qwen3-Embedding-0.6B,6b5e43a4-928a-4a00-bcaf-2cd24e541021,33,96,user,,,,,,,0,1
qwen32B-int4_telecom_50runs,baseline,Qwen3-Embedding-0.6B,6b5e43a4-928a-4a00-bcaf-2cd24e541021,34,96,agent,,,,,,,0,1
qwen32B-int4_telecom_50runs,baseline,Qwen3-Embedding-0.6B,6b5e43a4-928a-4a00-bcaf-2cd24e541021,35,96,user,,,,,,0.4975582957267761,0,1
qwen32B-int4_telecom_50runs,baseline,Qwen3-Embedding-0.6B,6b5e43a4-928a-4a00-bcaf-2cd24e541021,36,96,agent,0.5910075306892395,0.01639344262295082,0.0,0.44939523935317993,-0.17902098761664498,,0,1
qwen32B-int4_telecom_50runs,baseline,Qwen3-Embedding-0.6B,6b5e43a4-928a-4a00-bcaf-2cd24e541021,37,96,tool,,,,,,,0,1
qwen32B-int4_telecom_50runs,baseline,Qwen3-Embedding-0.6B,6b5e43a4-928a-4a00-bcaf-2cd24e541021,38,96,agent,0.7546029090881348,0.32098765432098764,0.0,,,,0,1
qwen32B-int4_telecom_50runs,baseline,Qwen3-Embedding-0.6B,6b5e43a4-928a-4a00-bcaf-2cd24e541021,39,96,user,,,,,,0.29099905490875244,0,1
qwen32B-int4_telecom_50runs,baseline,Qwen3-Embedding-0.6B,6b5e43a4-928a-4a00-bcaf-2cd24e541021,40,96,agent,0.8578521013259888,0.391304347826087,0.0,,,,0,1
qwen32B-int4_telecom_50runs,baseline,Qwen3-Embedding-0.6B,6b5e43a4-928a-4a00-bcaf-2cd24e541021,41,96,user,,,,,,0.09183758497238159,0,1
qwen32B-int4_telecom_50runs,baseline,Qwen3-Embedding-0.6B,6b5e43a4-928a-4a00-bcaf-2cd24e541021,42,96,agent,0.4470272958278656,0.02127659574468085,0.0,0.5103926062583923,-0.0671491722265879,,0,1
qwen32B-int4_telecom_50runs,baseline,Qwen3-Embedding-0.6B,6b5e43a4-928a-4a00-bcaf-2cd24e541021,43,96,tool,,,,,,,0,1
qwen32B-int4_telecom_50runs,baseline,Qwen3-Embedding-0.6B,6b5e43a4-928a-4a00-bcaf-2cd24e541021,44,96,agent,0.7173525094985962,0.17721518987341772,0.0,0.4013743996620178,-0.14726592434777153,,0,1
qwen32B-int4_telecom_50runs,baseline,Qwen3-Embedding-0.6B,6b5e43a4-928a-4a00-bcaf-2cd24e541021,45,96,tool,,,,,,,0,1
qwen32B-int4_telecom_50runs,baseline,Qwen3-Embedding-0.6B,6b5e43a4-928a-4a00-bcaf-2cd24e541021,46,96,agent,0.6894788146018982,0.2073170731707317,0.0,0.4166720509529114,-0.06832190023528206,,0,1
qwen32B-int4_telecom_50runs,baseline,Qwen3-Embedding-0.6B,6b5e43a4-928a-4a00-bcaf-2cd24e541021,47,96,user,,,,,,0.464643657207489,1,1
qwen32B-int4_telecom_50runs,baseline,Qwen3-Embedding-0.6B,6b5e43a4-928a-4a00-bcaf-2cd24e541021,48,96,tool,,,,,,,0,1
qwen32B-int4_telecom_50runs,baseline,Qwen3-Embedding-0.6B,6b5e43a4-928a-4a00-bcaf-2cd24e541021,49,96,user,,,,,,,0,1
qwen32B-int4_telecom_50runs,baseline,Qwen3-Embedding-0.6B,6b5e43a4-928a-4a00-bcaf-2cd24e541021,50,96,agent,0.753535807132721,0.17073170731707318,0.0,,,,0,1
qwen32B-int4_telecom_50runs,baseline,Qwen3-Embedding-0.6B,6b5e43a4-928a-4a00-bcaf-2cd24e541021,51,96,user,,,,,,0.3477945923805237,0,1
qwen32B-int4_telecom_50runs,baseline,Qwen3-Embedding-0.6B,6b5e43a4-928a-4a00-bcaf-2cd24e541021,52,96,agent,0.6528003811836243,0.3898305084745763,0.0,0.29962825775146484,-0.26998846067322624,,0,1
qwen32B-int4_telecom_50runs,baseline,Qwen3-Embedding-0.6B,6b5e43a4-928a-4a00-bcaf-2cd24e541021,53,96,tool,,,,,,,0,1
qwen32B-int4_telecom_50runs,baseline,Qwen3-Embedding-0.6B,6b5e43a4-928a-4a00-bcaf-2cd24e541021,54,96,agent,0.6613777875900269,0.1827956989247312,0.0,,,,0,1
qwen32B-int4_telecom_50runs,baseline,Qwen3-Embedding-0.6B,6b5e43a4-928a-4a00-bcaf-2cd24e541021,55,96,user,,,,,,0.2377592921257019,0,1
qwen32B-int4_telecom_50runs,baseline,Qwen3-Embedding-0.6B,6b5e43a4-928a-4a00-bcaf-2cd24e541021,56,96,agent,0.6567719578742981,0.20833333333333334,0.0,0.24226754903793335,-0.4339619734221034,,0,1
qwen32B-int4_telecom_50runs,baseline,Qwen3-Embedding-0.6B,6b5e43a4-928a-4a00-bcaf-2cd24e541021,57,96,tool,,,,,,,0,1
qwen32B-int4_telecom_50runs,baseline,Qwen3-Embedding-0.6B,6b5e43a4-928a-4a00-bcaf-2cd24e541021,58,96,agent,0.7289044857025146,0.3559322033898305,0.0,0.47454148530960083,-0.005820852186944725,,0,1
qwen32B-int4_telecom_50runs,baseline,Qwen3-Embedding-0.6B,6b5e43a4-928a-4a00-bcaf-2cd24e541021,59,96,user,,,,,,0.4250338673591614,1,1
qwen32B-int4_telecom_50runs,baseline,Qwen3-Embedding-0.6B,6b5e43a4-928a-4a00-bcaf-2cd24e541021,60,96,tool,,,,,,,0,1
qwen32B-int4_telecom_50runs,baseline,Qwen3-Embedding-0.6B,6b5e43a4-928a-4a00-bcaf-2cd24e541021,61,96,user,,,,,,,1,1
qwen32B-int4_telecom_50runs,baseline,Qwen3-Embedding-0.6B,6b5e43a4-928a-4a00-bcaf-2cd24e541021,62,96,tool,,,,,,,0,1
qwen32B-int4_telecom_50runs,baseline,Qwen3-Embedding-0.6B,6b5e43a4-928a-4a00-bcaf-2cd24e541021,63,96,user,,,,,,,1,1
qwen32B-int4_telecom_50runs,baseline,Qwen3-Embedding-0.6B,6b5e43a4-928a-4a00-bcaf-2cd24e541021,64,96,tool,,,,,,,0,1
qwen32B-int4_telecom_50runs,baseline,Qwen3-Embedding-0.6B,6b5e43a4-928a-4a00-bcaf-2cd24e541021,65,96,user,,,,,,,0,1
qwen32B-int4_telecom_50runs,baseline,Qwen3-Embedding-0.6B,6b5e43a4-928a-4a00-bcaf-2cd24e541021,66,96,agent,,,,0.588446170091629,0.06723083555698395,,0,1
qwen32B-int4_telecom_50runs,baseline,Qwen3-Embedding-0.6B,6b5e43a4-928a-4a00-bcaf-2cd24e541021,67,96,user,,,,,,0.4287704825401306,1,1
qwen32B-int4_telecom_50runs,baseline,Qwen3-Embedding-0.6B,6b5e43a4-928a-4a00-bcaf-2cd24e541021,68,96,tool,,,,,,,0,1
qwen32B-int4_telecom_50runs,baseline,Qwen3-Embedding-0.6B,6b5e43a4-928a-4a00-bcaf-2cd24e541021,69,96,user,,,,,,,1,1
qwen32B-int4_telecom_50runs,baseline,Qwen3-Embedding-0.6B,6b5e43a4-928a-4a00-bcaf-2cd24e541021,70,96,tool,,,,,,,0,1
qwen32B-int4_telecom_50runs,baseline,Qwen3-Embedding-0.6B,6b5e43a4-928a-4a00-bcaf-2cd24e541021,71,96,user,,,,,,,1,1
qwen32B-int4_telecom_50runs,baseline,Qwen3-Embedding-0.6B,6b5e43a4-928a-4a00-bcaf-2cd24e541021,72,96,tool,,,,,,,0,1
qwen32B-int4_telecom_50runs,baseline,Qwen3-Embedding-0.6B,6b5e43a4-928a-4a00-bcaf-2cd24e541021,73,96,user,,,,,,,0,1
qwen32B-int4_telecom_50runs,baseline,Qwen3-Embedding-0.6B,6b5e43a4-928a-4a00-bcaf-2cd24e541021,74,96,agent,,,,0.1754041314125061,-0.3049018664492501,,0,1
qwen32B-int4_telecom_50runs,baseline,Qwen3-Embedding-0.6B,6b5e43a4-928a-4a00-bcaf-2cd24e541021,75,96,tool,,,,,,,0,1
qwen32B-int4_telecom_50runs,baseline,Qwen3-Embedding-0.6B,6b5e43a4-928a-4a00-bcaf-2cd24e541021,76,96,agent,0.8391388058662415,0.03125,0.0,0.350776731967926,-0.15648030406898927,,0,1
qwen32B-int4_telecom_50runs,baseline,Qwen3-Embedding-0.6B,6b5e43a4-928a-4a00-bcaf-2cd24e541021,77,96,user,,,,,,0.37433743476867676,1,1
qwen32B-int4_telecom_50runs,baseline,Qwen3-Embedding-0.6B,6b5e43a4-928a-4a00-bcaf-2cd24e541021,78,96,tool,,,,,,,0,1
qwen32B-int4_telecom_50runs,baseline,Qwen3-Embedding-0.6B,6b5e43a4-928a-4a00-bcaf-2cd24e541021,79,96,user,,,,,,,0,1
qwen32B-int4_telecom_50runs,baseline,Qwen3-Embedding-0.6B,6b5e43a4-928a-4a00-bcaf-2cd24e541021,80,96,agent,0.803906261920929,0.32098765432098764,0.0,0.6096740365028381,0.11654172672165763,,0,1
qwen32B-int4_telecom_50runs,baseline,Qwen3-Embedding-0.6B,6b5e43a4-928a-4a00-bcaf-2cd24e541021,81,96,user,,,,,,0.3861956000328064,1,1
qwen32B-int4_telecom_50runs,baseline,Qwen3-Embedding-0.6B,6b5e43a4-928a-4a00-bcaf-2cd24e541021,82,96,tool,,,,,,,0,1
qwen32B-int4_telecom_50runs,baseline,Qwen3-Embedding-0.6B,6b5e43a4-928a-4a00-bcaf-2cd24e541021,83,96,user,,,,,,,1,1
qwen32B-int4_telecom_50runs,baseline,Qwen3-Embedding-0.6B,6b5e43a4-928a-4a00-bcaf-2cd24e541021,84,96,tool,,,,,,,0,1
qwen32B-int4_telecom_50runs,baseline,Qwen3-Embedding-0.6B,6b5e43a4-928a-4a00-bcaf-2cd24e541021,85,96,user,,,,,,,0,1
qwen32B-int4_telecom_50runs,baseline,Qwen3-Embedding-0.6B,6b5e43a4-928a-4a00-bcaf-2cd24e541021,86,96,agent,,,,0.39143460988998413,-0.13257948060830438,,0,1
qwen32B-int4_telecom_50runs,baseline,Qwen3-Embedding-0.6B,6b5e43a4-928a-4a00-bcaf-2cd24e541021,87,96,user,,,,,,0.3367856740951538,1,1
qwen32B-int4_telecom_50runs,baseline,Qwen3-Embedding-0.6B,6b5e43a4-928a-4a00-bcaf-2cd24e541021,88,96,tool,,,,,,,0,1
qwen32B-int4_telecom_50runs,baseline,Qwen3-Embedding-0.6B,6b5e43a4-928a-4a00-bcaf-2cd24e541021,89,96,user,,,,,,,1,1
qwen32B-int4_telecom_50runs,baseline,Qwen3-Embedding-0.6B,6b5e43a4-928a-4a00-bcaf-2cd24e541021,90,96,tool,,,,,,,0,1
qwen32B-int4_telecom_50runs,baseline,Qwen3-Embedding-0.6B,6b5e43a4-928a-4a00-bcaf-2cd24e541021,91,96,user,,,,,,,0,1
qwen32B-int4_telecom_50runs,baseline,Qwen3-Embedding-0.6B,6b5e43a4-928a-4a00-bcaf-2cd24e541021,92,96,agent,,,,0.5946569442749023,-0.00684407518969643,,0,1
qwen32B-int4_telecom_50runs,baseline,Qwen3-Embedding-0.6B,6b5e43a4-928a-4a00-bcaf-2cd24e541021,93,96,tool,,,,,,,0,1
qwen32B-int4_telecom_50runs,baseline,Qwen3-Embedding-0.6B,6b5e43a4-928a-4a00-bcaf-2cd24e541021,94,96,agent,0.6300514936447144,0.1282051282051282,0.0,,,,0,1
qwen32B-int4_telecom_50runs,baseline,Qwen3-Embedding-0.6B,6b5e43a4-928a-4a00-bcaf-2cd24e541021,95,96,user,,,,,,0.22931426763534546,0,1
qwen32B-int4_telecom_50runs,baseline,Qwen3-Embedding-0.6B,b49f4bfb-d91b-4dfd-9988-377c5ea1f1dd,0,126,agent,,,,,,,0,1
qwen32B-int4_telecom_50runs,baseline,Qwen3-Embedding-0.6B,b49f4bfb-d91b-4dfd-9988-377c5ea1f1dd,1,126,user,,,,,,0.5437982082366943,0,1
qwen32B-int4_telecom_50runs,baseline,Qwen3-Embedding-0.6B,b49f4bfb-d91b-4dfd-9988-377c5ea1f1dd,2,126,agent,0.3833618760108948,0.08333333333333333,0.0,0.3177446722984314,-0.1371845483779907,,0,1
qwen32B-int4_telecom_50runs,baseline,Qwen3-Embedding-0.6B,b49f4bfb-d91b-4dfd-9988-377c5ea1f1dd,3,126,user,,,,,,0.2721940279006958,1,1
qwen32B-int4_telecom_50runs,baseline,Qwen3-Embedding-0.6B,b49f4bfb-d91b-4dfd-9988-377c5ea1f1dd,4,126,tool,,,,,,,0,1
qwen32B-int4_telecom_50runs,baseline,Qwen3-Embedding-0.6B,b49f4bfb-d91b-4dfd-9988-377c5ea1f1dd,5,126,user,,,,,,,0,1
qwen32B-int4_telecom_50runs,baseline,Qwen3-Embedding-0.6B,b49f4bfb-d91b-4dfd-9988-377c5ea1f1dd,6,126,agent,0.7290784120559692,0.2191780821917808,0.0,0.35150647163391113,-0.1813835486769676,,0,1
qwen32B-int4_telecom_50runs,baseline,Qwen3-Embedding-0.6B,b49f4bfb-d91b-4dfd-9988-377c5ea1f1dd,7,126,user,,,,,,0.4467332363128662,1,1
qwen32B-int4_telecom_50runs,baseline,Qwen3-Embedding-0.6B,b49f4bfb-d91b-4dfd-9988-377c5ea1f1dd,8,126,tool,,,,,,,0,1
qwen32B-int4_telecom_50runs,baseline,Qwen3-Embedding-0.6B,b49f4bfb-d91b-4dfd-9988-377c5ea1f1dd,9,126,user,,,,,,,0,1
qwen32B-int4_telecom_50runs,baseline,Qwen3-Embedding-0.6B,b49f4bfb-d91b-4dfd-9988-377c5ea1f1dd,10,126,agent,0.47995486855506897,0.15942028985507245,0.0,0.301696240901947,-0.17001753747463227,,0,1
qwen32B-int4_telecom_50runs,baseline,Qwen3-Embedding-0.6B,b49f4bfb-d91b-4dfd-9988-377c5ea1f1dd,11,126,user,,,,,,0.28644245862960815,1,1
qwen32B-int4_telecom_50runs,baseline,Qwen3-Embedding-0.6B,b49f4bfb-d91b-4dfd-9988-377c5ea1f1dd,12,126,tool,,,,,,,0,1
qwen32B-int4_telecom_50runs,baseline,Qwen3-Embedding-0.6B,b49f4bfb-d91b-4dfd-9988-377c5ea1f1dd,13,126,user,,,,,,,0,1
qwen32B-int4_telecom_50runs,baseline,Qwen3-Embedding-0.6B,b49f4bfb-d91b-4dfd-9988-377c5ea1f1dd,14,126,agent,0.7347503900527954,0.2564102564102564,0.0,0.34833723306655884,-0.16418931633234024,,0,1
qwen32B-int4_telecom_50runs,baseline,Qwen3-Embedding-0.6B,b49f4bfb-d91b-4dfd-9988-377c5ea1f1dd,15,126,user,,,,,,0.41161102056503296,1,1
qwen32B-int4_telecom_50runs,baseline,Qwen3-Embedding-0.6B,b49f4bfb-d91b-4dfd-9988-377c5ea1f1dd,16,126,tool,,,,,,,0,1
qwen32B-int4_telecom_50runs,baseline,Qwen3-Embedding-0.6B,b49f4bfb-d91b-4dfd-9988-377c5ea1f1dd,17,126,user,,,,,,,0,1
qwen32B-int4_telecom_50runs,baseline,Qwen3-Embedding-0.6B,b49f4bfb-d91b-4dfd-9988-377c5ea1f1dd,18,126,agent,0.7192812561988831,0.21951219512195122,0.0,0.31401777267456055,-0.21087537407875057,,0,1
qwen32B-int4_telecom_50runs,baseline,Qwen3-Embedding-0.6B,b49f4bfb-d91b-4dfd-9988-377c5ea1f1dd,19,126,user,,,,,,0.323134183883667,1,1
qwen32B-int4_telecom_50runs,baseline,Qwen3-Embedding-0.6B,b49f4bfb-d91b-4dfd-9988-377c5ea1f1dd,20,126,tool,,,,,,,0,1
qwen32B-int4_telecom_50runs,baseline,Qwen3-Embedding-0.6B,b49f4bfb-d91b-4dfd-9988-377c5ea1f1dd,21,126,user,,,,,,,0,1
qwen32B-int4_telecom_50runs,baseline,Qwen3-Embedding-0.6B,b49f4bfb-d91b-4dfd-9988-377c5ea1f1dd,22,126,agent,0.8004394769668579,0.17105263157894737,0.0,0.4219741225242615,-0.06902086436748506,,0,1
qwen32B-int4_telecom_50runs,baseline,Qwen3-Embedding-0.6B,b49f4bfb-d91b-4dfd-9988-377c5ea1f1dd,23,126,user,,,,,,0.47509604692459106,1,1
qwen32B-int4_telecom_50runs,baseline,Qwen3-Embedding-0.6B,b49f4bfb-d91b-4dfd-9988-377c5ea1f1dd,24,126,tool,,,,,,,0,1
qwen32B-int4_telecom_50runs,baseline,Qwen3-Embedding-0.6B,b49f4bfb-d91b-4dfd-9988-377c5ea1f1dd,25,126,user,,,,,,,0,1
qwen32B-int4_telecom_50runs,baseline,Qwen3-Embedding-0.6B,b49f4bfb-d91b-4dfd-9988-377c5ea1f1dd,26,126,agent,0.6935450434684753,0.3076923076923077,0.0,0.4877522587776184,0.0222863107919693,,0,1
qwen32B-int4_telecom_50runs,baseline,Qwen3-Embedding-0.6B,b49f4bfb-d91b-4dfd-9988-377c5ea1f1dd,27,126,user,,,,,,0.40715885162353516,1,1
qwen32B-int4_telecom_50runs,baseline,Qwen3-Embedding-0.6B,b49f4bfb-d91b-4dfd-9988-377c5ea1f1dd,28,126,tool,,,,,,,0,1
qwen32B-int4_telecom_50runs,baseline,Qwen3-Embedding-0.6B,b49f4bfb-d91b-4dfd-9988-377c5ea1f1dd,29,126,user,,,,,,,0,1
qwen32B-int4_telecom_50runs,baseline,Qwen3-Embedding-0.6B,b49f4bfb-d91b-4dfd-9988-377c5ea1f1dd,30,126,agent,0.7085170149803162,0.27058823529411763,0.0,0.2890269160270691,-0.2548328325152397,,0,1
qwen32B-int4_telecom_50runs,baseline,Qwen3-Embedding-0.6B,b49f4bfb-d91b-4dfd-9988-377c5ea1f1dd,31,126,user,,,,,,0.33116334676742554,1,1
qwen32B-int4_telecom_50runs,baseline,Qwen3-Embedding-0.6B,b49f4bfb-d91b-4dfd-9988-377c5ea1f1dd,32,126,tool,,,,,,,0,1
qwen32B-int4_telecom_50runs,baseline,Qwen3-Embedding-0.6B,b49f4bfb-d91b-4dfd-9988-377c5ea1f1dd,33,126,user,,,,,,,1,1
qwen32B-int4_telecom_50runs,baseline,Qwen3-Embedding-0.6B,b49f4bfb-d91b-4dfd-9988-377c5ea1f1dd,34,126,tool,,,,,,,0,1
qwen32B-int4_telecom_50runs,baseline,Qwen3-Embedding-0.6B,b49f4bfb-d91b-4dfd-9988-377c5ea1f1dd,35,126,user,,,,,,,0,1
qwen32B-int4_telecom_50runs,baseline,Qwen3-Embedding-0.6B,b49f4bfb-d91b-4dfd-9988-377c5ea1f1dd,36,126,agent,,,,0.22656625509262085,-0.2755044057965279,,0,1
qwen32B-int4_telecom_50runs,baseline,Qwen3-Embedding-0.6B,b49f4bfb-d91b-4dfd-9988-377c5ea1f1dd,37,126,user,,,,,,0.3724864721298218,1,1
qwen32B-int4_telecom_50runs,baseline,Qwen3-Embedding-0.6B,b49f4bfb-d91b-4dfd-9988-377c5ea1f1dd,38,126,tool,,,,,,,0,1
qwen32B-int4_telecom_50runs,baseline,Qwen3-Embedding-0.6B,b49f4bfb-d91b-4dfd-9988-377c5ea1f1dd,39,126,user,,,,,,,0,1
qwen32B-int4_telecom_50runs,baseline,Qwen3-Embedding-0.6B,b49f4bfb-d91b-4dfd-9988-377c5ea1f1dd,40,126,agent,0.5849248170852661,0.22727272727272727,0.0,0.32787585258483887,-0.1847974196076393,,0,1
qwen32B-int4_telecom_50runs,baseline,Qwen3-Embedding-0.6B,b49f4bfb-d91b-4dfd-9988-377c5ea1f1dd,41,126,user,,,,,,0.37771397829055786,1,1
qwen32B-int4_telecom_50runs,baseline,Qwen3-Embedding-0.6B,b49f4bfb-d91b-4dfd-9988-377c5ea1f1dd,42,126,tool,,,,,,,0,1
qwen32B-int4_telecom_50runs,baseline,Qwen3-Embedding-0.6B,b49f4bfb-d91b-4dfd-9988-377c5ea1f1dd,43,126,user,,,,,,,0,1
qwen32B-int4_telecom_50runs,baseline,Qwen3-Embedding-0.6B,b49f4bfb-d91b-4dfd-9988-377c5ea1f1dd,44,126,agent,0.8876091241836548,0.4647887323943662,0.4647887323943662,0.3141442537307739,-0.12229967564344407,,0,1
qwen32B-int4_telecom_50runs,baseline,Qwen3-Embedding-0.6B,b49f4bfb-d91b-4dfd-9988-377c5ea1f1dd,45,126,user,,,,,,0.4019811153411865,1,1
qwen32B-int4_telecom_50runs,baseline,Qwen3-Embedding-0.6B,b49f4bfb-d91b-4dfd-9988-377c5ea1f1dd,46,126,tool,,,,,,,0,1
qwen32B-int4_telecom_50runs,baseline,Qwen3-Embedding-0.6B,b49f4bfb-d91b-4dfd-9988-377c5ea1f1dd,47,126,user,,,,,,,0,1
qwen32B-int4_telecom_50runs,baseline,Qwen3-Embedding-0.6B,b49f4bfb-d91b-4dfd-9988-377c5ea1f1dd,48,126,agent,0.7359490394592285,0.36764705882352944,0.0,0.3621358871459961,-0.13719897121191027,,0,1
qwen32B-int4_telecom_50runs,baseline,Qwen3-Embedding-0.6B,b49f4bfb-d91b-4dfd-9988-377c5ea1f1dd,49,126,user,,,,,,0.41315847635269165,1,1
qwen32B-int4_telecom_50runs,baseline,Qwen3-Embedding-0.6B,b49f4bfb-d91b-4dfd-9988-377c5ea1f1dd,50,126,tool,,,,,,,0,1
qwen32B-int4_telecom_50runs,baseline,Qwen3-Embedding-0.6B,b49f4bfb-d91b-4dfd-9988-377c5ea1f1dd,51,126,user,,,,,,,0,1
qwen32B-int4_telecom_50runs,baseline,Qwen3-Embedding-0.6B,b49f4bfb-d91b-4dfd-9988-377c5ea1f1dd,52,126,agent,0.8947464227676392,0.4230769230769231,0.0,0.29840296506881714,-0.13809581845998764,,0,1
qwen32B-int4_telecom_50runs,baseline,Qwen3-Embedding-0.6B,b49f4bfb-d91b-4dfd-9988-377c5ea1f1dd,53,126,user,,,,,,0.3954726457595825,1,1
qwen32B-int4_telecom_50runs,baseline,Qwen3-Embedding-0.6B,b49f4bfb-d91b-4dfd-9988-377c5ea1f1dd,54,126,tool,,,,,,,0,1
qwen32B-int4_telecom_50runs,baseline,Qwen3-Embedding-0.6B,b49f4bfb-d91b-4dfd-9988-377c5ea1f1dd,55,126,user,,,,,,,0,1
qwen32B-int4_telecom_50runs,baseline,Qwen3-Embedding-0.6B,b49f4bfb-d91b-4dfd-9988-377c5ea1f1dd,56,126,agent,0.7422556281089783,0.22784810126582278,0.0,,,,0,1
qwen32B-int4_telecom_50runs,baseline,Qwen3-Embedding-0.6B,b49f4bfb-d91b-4dfd-9988-377c5ea1f1dd,57,126,user,,,,,,0.35162585973739624,0,1
qwen32B-int4_telecom_50runs,baseline,Qwen3-Embedding-0.6B,b49f4bfb-d91b-4dfd-9988-377c5ea1f1dd,58,126,agent,0.5171051621437073,0.013513513513513514,0.0,0.4507778286933899,-0.13989345729351044,,0,1
qwen32B-int4_telecom_50runs,baseline,Qwen3-Embedding-0.6B,b49f4bfb-d91b-4dfd-9988-377c5ea1f1dd,59,126,tool,,,,,,,0,1
qwen32B-int4_telecom_50runs,baseline,Qwen3-Embedding-0.6B,b49f4bfb-d91b-4dfd-9988-377c5ea1f1dd,60,126,agent,0.7379624247550964,0.36666666666666664,0.0,,,,0,1
qwen32B-int4_telecom_50runs,baseline,Qwen3-Embedding-0.6B,b49f4bfb-d91b-4dfd-9988-377c5ea1f1dd,61,126,user,,,,,,0.3523789644241333,0,1
qwen32B-int4_telecom_50runs,baseline,Qwen3-Embedding-0.6B,b49f4bfb-d91b-4dfd-9988-377c5ea1f1dd,62,126,agent,0.5772696137428284,0.4375,0.0,0.47599995136260986,-0.08677468597888949,,0,1
qwen32B-int4_telecom_50runs,baseline,Qwen3-Embedding-0.6B,b49f4bfb-d91b-4dfd-9988-377c5ea1f1dd,63,126,tool,,,,,,,0,1
qwen32B-int4_telecom_50runs,baseline,Qwen3-Embedding-0.6B,b49f4bfb-d91b-4dfd-9988-377c5ea1f1dd,64,126,agent,0.7231168746948242,0.42105263157894735,0.0,,,,0,1
qwen32B-int4_telecom_50runs,baseline,Qwen3-Embedding-0.6B,b49f4bfb-d91b-4dfd-9988-377c5ea1f1dd,65,126,user,,,,,,0.2533763647079468,0,1
qwen32B-int4_telecom_50runs,baseline,Qwen3-Embedding-0.6B,b49f4bfb-d91b-4dfd-9988-377c5ea1f1dd,66,126,agent,0.97135329246521,0.6666666666666666,0.0,0.5272596478462219,-0.05149619877338407,,0,1
qwen32B-int4_telecom_50runs,baseline,Qwen3-Embedding-0.6B,b49f4bfb-d91b-4dfd-9988-377c5ea1f1dd,67,126,tool,,,,,,,0,1
qwen32B-int4_telecom_50runs,baseline,Qwen3-Embedding-0.6B,b49f4bfb-d91b-4dfd-9988-377c5ea1f1dd,68,126,agent,0.6964551210403442,0.49206349206349204,0.0,,,,0,1
qwen32B-int4_telecom_50runs,baseline,Qwen3-Embedding-0.6B,b49f4bfb-d91b-4dfd-9988-377c5ea1f1dd,69,126,user,,,,,,0.31517767906188965,0,1
qwen32B-int4_telecom_50runs,baseline,Qwen3-Embedding-0.6B,b49f4bfb-d91b-4dfd-9988-377c5ea1f1dd,70,126,agent,0.9901829957962036,0.6666666666666666,0.0,0.515311986207962,-0.05497657954692836,,0,1
qwen32B-int4_telecom_50runs,baseline,Qwen3-Embedding-0.6B,b49f4bfb-d91b-4dfd-9988-377c5ea1f1dd,71,126,tool,,,,,,,0,1
qwen32B-int4_telecom_50runs,baseline,Qwen3-Embedding-0.6B,b49f4bfb-d91b-4dfd-9988-377c5ea1f1dd,72,126,agent,0.9858097434043884,0.8431372549019608,0.0,,,,0,1
qwen32B-int4_telecom_50runs,baseline,Qwen3-Embedding-0.6B,b49f4bfb-d91b-4dfd-9988-377c5ea1f1dd,73,126,user,,,,,,0.2729978561401367,0,1
qwen32B-int4_telecom_50runs,baseline,Qwen3-Embedding-0.6B,b49f4bfb-d91b-4dfd-9988-377c5ea1f1dd,74,126,agent,0.9842596054077148,0.6666666666666666,0.0,0.5483276546001434,-0.012605865299701646,,0,1
qwen32B-int4_telecom_50runs,baseline,Qwen3-Embedding-0.6B,b49f4bfb-d91b-4dfd-9988-377c5ea1f1dd,75,126,tool,,,,,,,0,1
qwen32B-int4_telecom_50runs,baseline,Qwen3-Embedding-0.6B,b49f4bfb-d91b-4dfd-9988-377c5ea1f1dd,76,126,agent,0.9141623973846436,0.5135135135135135,0.0,,,,0,1
qwen32B-int4_telecom_50runs,baseline,Qwen3-Embedding-0.6B,b49f4bfb-d91b-4dfd-9988-377c5ea1f1dd,77,126,user,,,,,,0.2583691477775574,0,1
qwen32B-int4_telecom_50runs,baseline,Qwen3-Embedding-0.6B,b49f4bfb-d91b-4dfd-9988-377c5ea1f1dd,78,126,agent,0.6493160128593445,0.16279069767441862,0.0,0.29840296506881714,-0.13809581845998764,,0,1
qwen32B-int4_telecom_50runs,baseline,Qwen3-Embedding-0.6B,b49f4bfb-d91b-4dfd-9988-377c5ea1f1dd,79,126,user,,,,,,0.3977750539779663,1,1
qwen32B-int4_telecom_50runs,baseline,Qwen3-Embedding-0.6B,b49f4bfb-d91b-4dfd-9988-377c5ea1f1dd,80,126,tool,,,,,,,0,1
qwen32B-int4_telecom_50runs,baseline,Qwen3-Embedding-0.6B,b49f4bfb-d91b-4dfd-9988-377c5ea1f1dd,81,126,user,,,,,,,0,1
qwen32B-int4_telecom_50runs,baseline,Qwen3-Embedding-0.6B,b49f4bfb-d91b-4dfd-9988-377c5ea1f1dd,82,126,agent,0.8038194179534912,0.2,0.0,,,,0,1
qwen32B-int4_telecom_50runs,baseline,Qwen3-Embedding-0.6B,b49f4bfb-d91b-4dfd-9988-377c5ea1f1dd,83,126,user,,,,,,0.4088365435600281,0,1
qwen32B-int4_telecom_50runs,baseline,Qwen3-Embedding-0.6B,b49f4bfb-d91b-4dfd-9988-377c5ea1f1dd,84,126,agent,0.4375242292881012,0.0,0.0,0.31926900148391724,-0.3005049847066402,,0,1
qwen32B-int4_telecom_50runs,baseline,Qwen3-Embedding-0.6B,b49f4bfb-d91b-4dfd-9988-377c5ea1f1dd,85,126,tool,,,,,,,0,1
qwen32B-int4_telecom_50runs,baseline,Qwen3-Embedding-0.6B,b49f4bfb-d91b-4dfd-9988-377c5ea1f1dd,86,126,agent,0.5599212646484375,0.23595505617977527,0.0,,,,0,1
qwen32B-int4_telecom_50runs,baseline,Qwen3-Embedding-0.6B,b49f4bfb-d91b-4dfd-9988-377c5ea1f1dd,87,126,user,,,,,,0.22503024339675903,0,1
qwen32B-int4_telecom_50runs,baseline,Qwen3-Embedding-0.6B,b49f4bfb-d91b-4dfd-9988-377c5ea1f1dd,88,126,agent,0.7205486297607422,0.6,0.0,0.15924209356307983,-0.43474849015474315,,0,1
qwen32B-int4_telecom_50runs,baseline,Qwen3-Embedding-0.6B,b49f4bfb-d91b-4dfd-9988-377c5ea1f1dd,89,126,tool,,,,,,,0,1
qwen32B-int4_telecom_50runs,baseline,Qwen3-Embedding-0.6B,b49f4bfb-d91b-4dfd-9988-377c5ea1f1dd,90,126,agent,0.7581902742385864,0.2714285714285714,0.0,0.3639853596687317,-0.27787750363349917,,0,1
qwen32B-int4_telecom_50runs,baseline,Qwen3-Embedding-0.6B,b49f4bfb-d91b-4dfd-9988-377c5ea1f1dd,91,126,user,,,,,,0.40570300817489624,1,1
qwen32B-int4_telecom_50runs,baseline,Qwen3-Embedding-0.6B,b49f4bfb-d91b-4dfd-9988-377c5ea1f1dd,92,126,tool,,,,,,,0,1
qwen32B-int4_telecom_50runs,baseline,Qwen3-Embedding-0.6B,b49f4bfb-d91b-4dfd-9988-377c5ea1f1dd,93,126,user,,,,,,,1,1
qwen32B-int4_telecom_50runs,baseline,Qwen3-Embedding-0.6B,b49f4bfb-d91b-4dfd-9988-377c5ea1f1dd,94,126,tool,,,,,,,0,1
qwen32B-int4_telecom_50runs,baseline,Qwen3-Embedding-0.6B,b49f4bfb-d91b-4dfd-9988-377c5ea1f1dd,95,126,user,,,,,,,0,1
qwen32B-int4_telecom_50runs,baseline,Qwen3-Embedding-0.6B,b49f4bfb-d91b-4dfd-9988-377c5ea1f1dd,96,126,agent,,,,0.33335578441619873,-0.12900892496109007,,0,1
qwen32B-int4_telecom_50runs,baseline,Qwen3-Embedding-0.6B,b49f4bfb-d91b-4dfd-9988-377c5ea1f1dd,97,126,user,,,,,,0.3503088355064392,1,1
qwen32B-int4_telecom_50runs,baseline,Qwen3-Embedding-0.6B,b49f4bfb-d91b-4dfd-9988-377c5ea1f1dd,98,126,tool,,,,,,,0,1
qwen32B-int4_telecom_50runs,baseline,Qwen3-Embedding-0.6B,b49f4bfb-d91b-4dfd-9988-377c5ea1f1dd,99,126,user,,,,,,,0,1
qwen32B-int4_telecom_50runs,baseline,Qwen3-Embedding-0.6B,b49f4bfb-d91b-4dfd-9988-377c5ea1f1dd,100,126,agent,0.6069990992546082,0.25316455696202533,0.0,0.4337637424468994,-0.07534084171056743,,0,1
qwen32B-int4_telecom_50runs,baseline,Qwen3-Embedding-0.6B,b49f4bfb-d91b-4dfd-9988-377c5ea1f1dd,101,126,user,,,,,,0.39160704612731934,1,1
qwen32B-int4_telecom_50runs,baseline,Qwen3-Embedding-0.6B,b49f4bfb-d91b-4dfd-9988-377c5ea1f1dd,102,126,tool,,,,,,,0,1
qwen32B-int4_telecom_50runs,baseline,Qwen3-Embedding-0.6B,b49f4bfb-d91b-4dfd-9988-377c5ea1f1dd,103,126,user,,,,,,,0,1
qwen32B-int4_telecom_50runs,baseline,Qwen3-Embedding-0.6B,b49f4bfb-d91b-4dfd-9988-377c5ea1f1dd,104,126,agent,0.622075080871582,0.2818181818181818,0.0,,,,0,1
qwen32B-int4_telecom_50runs,baseline,Qwen3-Embedding-0.6B,b49f4bfb-d91b-4dfd-9988-377c5ea1f1dd,105,126,user,,,,,,0.30573755502700806,0,1
qwen32B-int4_telecom_50runs,baseline,Qwen3-Embedding-0.6B,b49f4bfb-d91b-4dfd-9988-377c5ea1f1dd,106,126,agent,0.7093595266342163,0.2909090909090909,0.0,,,,0,1
qwen32B-int4_telecom_50runs,baseline,Qwen3-Embedding-0.6B,b49f4bfb-d91b-4dfd-9988-377c5ea1f1dd,107,126,user,,,,,,0.15692108869552612,0,1
qwen32B-int4_telecom_50runs,baseline,Qwen3-Embedding-0.6B,b49f4bfb-d91b-4dfd-9988-377c5ea1f1dd,108,126,agent,0.78811115026474,0.30434782608695654,0.0,,,,0,1
qwen32B-int4_telecom_50runs,baseline,Qwen3-Embedding-0.6B,b49f4bfb-d91b-4dfd-9988-377c5ea1f1dd,109,126,user,,,,,,0.19353735446929932,0,1
qwen32B-int4_telecom_50runs,baseline,Qwen3-Embedding-0.6B,b49f4bfb-d91b-4dfd-9988-377c5ea1f1dd,110,126,agent,0.8052127361297607,0.23728813559322035,0.0,0.2866007685661316,-0.12004570364952089,,0,1
qwen32B-int4_telecom_50runs,baseline,Qwen3-Embedding-0.6B,b49f4bfb-d91b-4dfd-9988-377c5ea1f1dd,111,126,user,,,,,,0.3852618932723999,1,1
qwen32B-int4_telecom_50runs,baseline,Qwen3-Embedding-0.6B,b49f4bfb-d91b-4dfd-9988-377c5ea1f1dd,112,126,tool,,,,,,,0,1
qwen32B-int4_telecom_50runs,baseline,Qwen3-Embedding-0.6B,b49f4bfb-d91b-4dfd-9988-377c5ea1f1dd,113,126,user,,,,,,,0,1
qwen32B-int4_telecom_50runs,baseline,Qwen3-Embedding-0.6B,b49f4bfb-d91b-4dfd-9988-377c5ea1f1dd,114,126,agent,0.7194277048110962,0.23943661971830985,0.0,0.38785839080810547,-0.14355444237589832,,0,1
qwen32B-int4_telecom_50runs,baseline,Qwen3-Embedding-0.6B,b49f4bfb-d91b-4dfd-9988-377c5ea1f1dd,115,126,user,,,,,,0.5448692440986633,1,1
qwen32B-int4_telecom_50runs,baseline,Qwen3-Embedding-0.6B,b49f4bfb-d91b-4dfd-9988-377c5ea1f1dd,116,126,tool,,,,,,,0,1
qwen32B-int4_telecom_50runs,baseline,Qwen3-Embedding-0.6B,b49f4bfb-d91b-4dfd-9988-377c5ea1f1dd,117,126,user,,,,,,,0,1
qwen32B-int4_telecom_50runs,baseline,Qwen3-Embedding-0.6B,b49f4bfb-d91b-4dfd-9988-377c5ea1f1dd,118,126,agent,0.8617053031921387,0.3333333333333333,0.0,0.2725878953933716,-0.20734364539384842,,0,1
qwen32B-int4_telecom_50runs,baseline,Qwen3-Embedding-0.6B,b49f4bfb-d91b-4dfd-9988-377c5ea1f1dd,119,126,user,,,,,,0.39456284046173096,1,1
qwen32B-int4_telecom_50runs,baseline,Qwen3-Embedding-0.6B,b49f4bfb-d91b-4dfd-9988-377c5ea1f1dd,120,126,tool,,,,,,,0,1
qwen32B-int4_telecom_50runs,baseline,Qwen3-Embedding-0.6B,b49f4bfb-d91b-4dfd-9988-377c5ea1f1dd,121,126,user,,,,,,,0,1
qwen32B-int4_telecom_50runs,baseline,Qwen3-Embedding-0.6B,b49f4bfb-d91b-4dfd-9988-377c5ea1f1dd,122,126,agent,0.496807336807251,0.0945945945945946,0.0,0.6137091517448425,-0.038048633933067344,,0,1
qwen32B-int4_telecom_50runs,baseline,Qwen3-Embedding-0.6B,b49f4bfb-d91b-4dfd-9988-377c5ea1f1dd,123,126,tool,,,,,,,0,1
qwen32B-int4_telecom_50runs,baseline,Qwen3-Embedding-0.6B,b49f4bfb-d91b-4dfd-9988-377c5ea1f1dd,124,126,agent,0.6040370464324951,0.16,0.0,,,,0,1
qwen32B-int4_telecom_50runs,baseline,Qwen3-Embedding-0.6B,b49f4bfb-d91b-4dfd-9988-377c5ea1f1dd,125,126,user,,,,,,0.22889995574951172,0,1
qwen32B-int4_telecom_50runs,baseline,Qwen3-Embedding-0.6B,39b00650-d091-4f58-8416-69809150275d,0,30,agent,,,,,,,0,1
qwen32B-int4_telecom_50runs,baseline,Qwen3-Embedding-0.6B,39b00650-d091-4f58-8416-69809150275d,1,30,user,,,,,,0.5663374066352844,0,1
qwen32B-int4_telecom_50runs,baseline,Qwen3-Embedding-0.6B,39b00650-d091-4f58-8416-69809150275d,2,30,agent,0.40360894799232483,0.0,0.0,0.1946830153465271,-0.39359893898169196,,0,1
qwen32B-int4_telecom_50runs,baseline,Qwen3-Embedding-0.6B,39b00650-d091-4f58-8416-69809150275d,3,30,tool,,,,,,,0,1
qwen32B-int4_telecom_50runs,baseline,Qwen3-Embedding-0.6B,39b00650-d091-4f58-8416-69809150275d,4,30,agent,0.547663688659668,0.09375,0.0,,,,0,1
qwen32B-int4_telecom_50runs,baseline,Qwen3-Embedding-0.6B,39b00650-d091-4f58-8416-69809150275d,5,30,user,,,,,,0.22075361013412476,0,1
qwen32B-int4_telecom_50runs,baseline,Qwen3-Embedding-0.6B,39b00650-d091-4f58-8416-69809150275d,6,30,agent,0.7421682476997375,0.3684210526315789,0.0,0.6049201488494873,0.016964813073476193,,0,1
qwen32B-int4_telecom_50runs,baseline,Qwen3-Embedding-0.6B,39b00650-d091-4f58-8416-69809150275d,7,30,tool,,,,,,,0,1
qwen32B-int4_telecom_50runs,baseline,Qwen3-Embedding-0.6B,39b00650-d091-4f58-8416-69809150275d,8,30,agent,0.5437374114990234,0.2,0.0,,,,0,1
qwen32B-int4_telecom_50runs,baseline,Qwen3-Embedding-0.6B,39b00650-d091-4f58-8416-69809150275d,9,30,user,,,,,,0.5084815323352814,0,1
qwen32B-int4_telecom_50runs,baseline,Qwen3-Embedding-0.6B,39b00650-d091-4f58-8416-69809150275d,10,30,agent,0.7534128427505493,0.3333333333333333,0.0,0.4567033052444458,-0.09374668200810754,,0,1
qwen32B-int4_telecom_50runs,baseline,Qwen3-Embedding-0.6B,39b00650-d091-4f58-8416-69809150275d,11,30,tool,,,,,,,0,1
qwen32B-int4_telecom_50runs,baseline,Qwen3-Embedding-0.6B,39b00650-d091-4f58-8416-69809150275d,12,30,agent,0.5395978093147278,0.2111111111111111,0.0,0.49852097034454346,-0.003398140271504757,,0,1
qwen32B-int4_telecom_50runs,baseline,Qwen3-Embedding-0.6B,39b00650-d091-4f58-8416-69809150275d,13,30,user,,,,,,0.42748600244522095,1,1
qwen32B-int4_telecom_50runs,baseline,Qwen3-Embedding-0.6B,39b00650-d091-4f58-8416-69809150275d,14,30,tool,,,,,,,0,1
qwen32B-int4_telecom_50runs,baseline,Qwen3-Embedding-0.6B,39b00650-d091-4f58-8416-69809150275d,15,30,user,,,,,,,0,1
qwen32B-int4_telecom_50runs,baseline,Qwen3-Embedding-0.6B,39b00650-d091-4f58-8416-69809150275d,16,30,agent,0.6532698273658752,0.25,0.0,0.31159210205078125,-0.21676218509674072,,0,1
qwen32B-int4_telecom_50runs,baseline,Qwen3-Embedding-0.6B,39b00650-d091-4f58-8416-69809150275d,17,30,user,,,,,,0.37438803911209106,1,1
qwen32B-int4_telecom_50runs,baseline,Qwen3-Embedding-0.6B,39b00650-d091-4f58-8416-69809150275d,18,30,tool,,,,,,,0,1
qwen32B-int4_telecom_50runs,baseline,Qwen3-Embedding-0.6B,39b00650-d091-4f58-8416-69809150275d,19,30,user,,,,,,,0,1
qwen32B-int4_telecom_50runs,baseline,Qwen3-Embedding-0.6B,39b00650-d091-4f58-8416-69809150275d,20,30,agent,0.6274750828742981,0.36363636363636365,0.0,0.4486842751502991,-0.188652902841568,,0,1
qwen32B-int4_telecom_50runs,baseline,Qwen3-Embedding-0.6B,39b00650-d091-4f58-8416-69809150275d,21,30,user,,,,,,0.6583108305931091,1,1
qwen32B-int4_telecom_50runs,baseline,Qwen3-Embedding-0.6B,39b00650-d091-4f58-8416-69809150275d,22,30,tool,,,,,,,0,1
qwen32B-int4_telecom_50runs,baseline,Qwen3-Embedding-0.6B,39b00650-d091-4f58-8416-69809150275d,23,30,user,,,,,,,0,1
qwen32B-int4_telecom_50runs,baseline,Qwen3-Embedding-0.6B,39b00650-d091-4f58-8416-69809150275d,24,30,agent,0.7860299348831177,0.4489795918367347,0.0,0.2579813003540039,-0.3652725393573443,,0,1
qwen32B-int4_telecom_50runs,baseline,Qwen3-Embedding-0.6B,39b00650-d091-4f58-8416-69809150275d,25,30,user,,,,,,0.27171289920806885,1,1
qwen32B-int4_telecom_50runs,baseline,Qwen3-Embedding-0.6B,39b00650-d091-4f58-8416-69809150275d,26,30,tool,,,,,,,0,1
qwen32B-int4_telecom_50runs,baseline,Qwen3-Embedding-0.6B,39b00650-d091-4f58-8416-69809150275d,27,30,user,,,,,,,0,1
qwen32B-int4_telecom_50runs,baseline,Qwen3-Embedding-0.6B,39b00650-d091-4f58-8416-69809150275d,28,30,agent,0.6552616953849792,0.175,0.0,,,,0,1
qwen32B-int4_telecom_50runs,baseline,Qwen3-Embedding-0.6B,39b00650-d091-4f58-8416-69809150275d,29,30,user,,,,,,0.6414600014686584,0,1
qwen32B-int4_telecom_50runs,baseline,Qwen3-Embedding-0.6B,2e9dfebb-8d9f-4820-9cc8-90e653164f0e,0,48,agent,,,,,,,0,1
qwen32B-int4_telecom_50runs,baseline,Qwen3-Embedding-0.6B,2e9dfebb-8d9f-4820-9cc8-90e653164f0e,1,48,user,,,,,,0.5437982082366943,0,1
qwen32B-int4_telecom_50runs,baseline,Qwen3-Embedding-0.6B,2e9dfebb-8d9f-4820-9cc8-90e653164f0e,2,48,agent,0.3833618760108948,0.08333333333333333,0.0,0.3092167377471924,-0.18676499277353287,,0,1
qwen32B-int4_telecom_50runs,baseline,Qwen3-Embedding-0.6B,2e9dfebb-8d9f-4820-9cc8-90e653164f0e,3,48,user,,,,,,0.27260255813598633,1,1
qwen32B-int4_telecom_50runs,baseline,Qwen3-Embedding-0.6B,2e9dfebb-8d9f-4820-9cc8-90e653164f0e,4,48,tool,,,,,,,0,1
qwen32B-int4_telecom_50runs,baseline,Qwen3-Embedding-0.6B,2e9dfebb-8d9f-4820-9cc8-90e653164f0e,5,48,user,,,,,,,0,1
qwen32B-int4_telecom_50runs,baseline,Qwen3-Embedding-0.6B,2e9dfebb-8d9f-4820-9cc8-90e653164f0e,6,48,agent,0.7330070734024048,0.2,0.0,0.3088655471801758,-0.2565748505294323,,0,1
qwen32B-int4_telecom_50runs,baseline,Qwen3-Embedding-0.6B,2e9dfebb-8d9f-4820-9cc8-90e653164f0e,7,48,user,,,,,,0.585315078496933,1,1
qwen32B-int4_telecom_50runs,baseline,Qwen3-Embedding-0.6B,2e9dfebb-8d9f-4820-9cc8-90e653164f0e,8,48,tool,,,,,,,0,1
qwen32B-int4_telecom_50runs,baseline,Qwen3-Embedding-0.6B,2e9dfebb-8d9f-4820-9cc8-90e653164f0e,9,48,user,,,,,,,1,1
qwen32B-int4_telecom_50runs,baseline,Qwen3-Embedding-0.6B,2e9dfebb-8d9f-4820-9cc8-90e653164f0e,10,48,tool,,,,,,,0,1
qwen32B-int4_telecom_50runs,baseline,Qwen3-Embedding-0.6B,2e9dfebb-8d9f-4820-9cc8-90e653164f0e,11,48,user,,,,,,,1,1
qwen32B-int4_telecom_50runs,baseline,Qwen3-Embedding-0.6B,2e9dfebb-8d9f-4820-9cc8-90e653164f0e,12,48,tool,,,,,,,0,1
qwen32B-int4_telecom_50runs,baseline,Qwen3-Embedding-0.6B,2e9dfebb-8d9f-4820-9cc8-90e653164f0e,13,48,user,,,,,,,0,1
qwen32B-int4_telecom_50runs,baseline,Qwen3-Embedding-0.6B,2e9dfebb-8d9f-4820-9cc8-90e653164f0e,14,48,agent,,,,0.46252626180648804,-0.09356969594955444,,0,1
qwen32B-int4_telecom_50runs,baseline,Qwen3-Embedding-0.6B,2e9dfebb-8d9f-4820-9cc8-90e653164f0e,15,48,user,,,,,,0.5277043282985687,1,1
qwen32B-int4_telecom_50runs,baseline,Qwen3-Embedding-0.6B,2e9dfebb-8d9f-4820-9cc8-90e653164f0e,16,48,tool,,,,,,,0,1
qwen32B-int4_telecom_50runs,baseline,Qwen3-Embedding-0.6B,2e9dfebb-8d9f-4820-9cc8-90e653164f0e,17,48,user,,,,,,,1,1
qwen32B-int4_telecom_50runs,baseline,Qwen3-Embedding-0.6B,2e9dfebb-8d9f-4820-9cc8-90e653164f0e,18,48,tool,,,,,,,0,1
qwen32B-int4_telecom_50runs,baseline,Qwen3-Embedding-0.6B,2e9dfebb-8d9f-4820-9cc8-90e653164f0e,19,48,user,,,,,,,0,1
qwen32B-int4_telecom_50runs,baseline,Qwen3-Embedding-0.6B,2e9dfebb-8d9f-4820-9cc8-90e653164f0e,20,48,agent,,,,0.3593880534172058,-0.24143560230731964,,0,1
qwen32B-int4_telecom_50runs,baseline,Qwen3-Embedding-0.6B,2e9dfebb-8d9f-4820-9cc8-90e653164f0e,21,48,user,,,,,,0.43532371520996094,1,1
qwen32B-int4_telecom_50runs,baseline,Qwen3-Embedding-0.6B,2e9dfebb-8d9f-4820-9cc8-90e653164f0e,22,48,tool,,,,,,,0,1
qwen32B-int4_telecom_50runs,baseline,Qwen3-Embedding-0.6B,2e9dfebb-8d9f-4820-9cc8-90e653164f0e,23,48,user,,,,,,,1,1
qwen32B-int4_telecom_50runs,baseline,Qwen3-Embedding-0.6B,2e9dfebb-8d9f-4820-9cc8-90e653164f0e,24,48,tool,,,,,,,0,1
qwen32B-int4_telecom_50runs,baseline,Qwen3-Embedding-0.6B,2e9dfebb-8d9f-4820-9cc8-90e653164f0e,25,48,user,,,,,,,1,1
qwen32B-int4_telecom_50runs,baseline,Qwen3-Embedding-0.6B,2e9dfebb-8d9f-4820-9cc8-90e653164f0e,26,48,tool,,,,,,,0,1
qwen32B-int4_telecom_50runs,baseline,Qwen3-Embedding-0.6B,2e9dfebb-8d9f-4820-9cc8-90e653164f0e,27,48,user,,,,,,,0,1
qwen32B-int4_telecom_50runs,baseline,Qwen3-Embedding-0.6B,2e9dfebb-8d9f-4820-9cc8-90e653164f0e,28,48,agent,,,,,,,0,1
qwen32B-int4_telecom_50runs,baseline,Qwen3-Embedding-0.6B,2e9dfebb-8d9f-4820-9cc8-90e653164f0e,29,48,user,,,,,,0.33066242933273315,0,1
qwen32B-int4_telecom_50runs,baseline,Qwen3-Embedding-0.6B,2e9dfebb-8d9f-4820-9cc8-90e653164f0e,30,48,agent,0.42589762806892395,0.013333333333333334,0.0,0.45094186067581177,-0.17884253710508347,,0,1
qwen32B-int4_telecom_50runs,baseline,Qwen3-Embedding-0.6B,2e9dfebb-8d9f-4820-9cc8-90e653164f0e,31,48,tool,,,,,,,0,1
qwen32B-int4_telecom_50runs,baseline,Qwen3-Embedding-0.6B,2e9dfebb-8d9f-4820-9cc8-90e653164f0e,32,48,agent,0.7041062712669373,0.3548387096774194,0.0,,,,0,1
qwen32B-int4_telecom_50runs,baseline,Qwen3-Embedding-0.6B,2e9dfebb-8d9f-4820-9cc8-90e653164f0e,33,48,user,,,,,,0.33947843313217163,0,1
qwen32B-int4_telecom_50runs,baseline,Qwen3-Embedding-0.6B,2e9dfebb-8d9f-4820-9cc8-90e653164f0e,34,48,agent,0.887057900428772,0.3048780487804878,0.0,,,,0,1
qwen32B-int4_telecom_50runs,baseline,Qwen3-Embedding-0.6B,2e9dfebb-8d9f-4820-9cc8-90e653164f0e,35,48,user,,,,,,0.30616962909698486,0,1
qwen32B-int4_telecom_50runs,baseline,Qwen3-Embedding-0.6B,2e9dfebb-8d9f-4820-9cc8-90e653164f0e,36,48,agent,0.46876394748687744,0.038461538461538464,0.0,0.4781695008277893,-0.105181735008955,,0,1
qwen32B-int4_telecom_50runs,baseline,Qwen3-Embedding-0.6B,2e9dfebb-8d9f-4820-9cc8-90e653164f0e,37,48,tool,,,,,,,0,1
qwen32B-int4_telecom_50runs,baseline,Qwen3-Embedding-0.6B,2e9dfebb-8d9f-4820-9cc8-90e653164f0e,38,48,agent,0.8620216250419617,0.35,0.0,0.4244529604911804,-0.11518357321619987,,0,1
qwen32B-int4_telecom_50runs,baseline,Qwen3-Embedding-0.6B,2e9dfebb-8d9f-4820-9cc8-90e653164f0e,39,48,tool,,,,,,,0,1
qwen32B-int4_telecom_50runs,baseline,Qwen3-Embedding-0.6B,2e9dfebb-8d9f-4820-9cc8-90e653164f0e,40,48,agent,0.6600117087364197,0.16346153846153846,0.0,0.5953896939754486,0.02642863243818283,,0,1
qwen32B-int4_telecom_50runs,baseline,Qwen3-Embedding-0.6B,2e9dfebb-8d9f-4820-9cc8-90e653164f0e,41,48,user,,,,,,0.5137375891208649,1,1
qwen32B-int4_telecom_50runs,baseline,Qwen3-Embedding-0.6B,2e9dfebb-8d9f-4820-9cc8-90e653164f0e,42,48,tool,,,,,,,0,1
qwen32B-int4_telecom_50runs,baseline,Qwen3-Embedding-0.6B,2e9dfebb-8d9f-4820-9cc8-90e653164f0e,43,48,user,,,,,,,0,1
qwen32B-int4_telecom_50runs,baseline,Qwen3-Embedding-0.6B,2e9dfebb-8d9f-4820-9cc8-90e653164f0e,44,48,agent,0.5470553636550903,0.22641509433962265,0.0,0.6619177758693695,0.06367724016308784,,0,1
qwen32B-int4_telecom_50runs,baseline,Qwen3-Embedding-0.6B,2e9dfebb-8d9f-4820-9cc8-90e653164f0e,45,48,tool,,,,,,,0,1
qwen32B-int4_telecom_50runs,baseline,Qwen3-Embedding-0.6B,2e9dfebb-8d9f-4820-9cc8-90e653164f0e,46,48,agent,0.4488889276981354,0.11764705882352941,0.0,,,,0,1
qwen32B-int4_telecom_50runs,baseline,Qwen3-Embedding-0.6B,2e9dfebb-8d9f-4820-9cc8-90e653164f0e,47,48,user,,,,,,0.22931426763534546,0,1
qwen32B-int4_telecom_50runs,baseline,Qwen3-Embedding-0.6B,a5fd5a98-afec-46c2-b699-9bdb2c3cf6ed,0,65,agent,,,,,,,0,1
qwen32B-int4_telecom_50runs,baseline,Qwen3-Embedding-0.6B,a5fd5a98-afec-46c2-b699-9bdb2c3cf6ed,1,65,user,,,,,,0.5433994233608246,0,1
qwen32B-int4_telecom_50runs,baseline,Qwen3-Embedding-0.6B,a5fd5a98-afec-46c2-b699-9bdb2c3cf6ed,2,65,agent,0.3830437958240509,0.08333333333333333,0.0,0.31474757194519043,-0.13530718641621725,,0,1
qwen32B-int4_telecom_50runs,baseline,Qwen3-Embedding-0.6B,a5fd5a98-afec-46c2-b699-9bdb2c3cf6ed,3,65,user,,,,,,0.2717810869216919,1,1
qwen32B-int4_telecom_50runs,baseline,Qwen3-Embedding-0.6B,a5fd5a98-afec-46c2-b699-9bdb2c3cf6ed,4,65,tool,,,,,,,0,1
qwen32B-int4_telecom_50runs,baseline,Qwen3-Embedding-0.6B,a5fd5a98-afec-46c2-b699-9bdb2c3cf6ed,5,65,user,,,,,,,0,1
qwen32B-int4_telecom_50runs,baseline,Qwen3-Embedding-0.6B,a5fd5a98-afec-46c2-b699-9bdb2c3cf6ed,6,65,agent,0.7290784120559692,0.2191780821917808,0.0,0.3687449097633362,-0.15781359800270622,,0,1
qwen32B-int4_telecom_50runs,baseline,Qwen3-Embedding-0.6B,a5fd5a98-afec-46c2-b699-9bdb2c3cf6ed,7,65,user,,,,,,0.4506809711456299,1,1
qwen32B-int4_telecom_50runs,baseline,Qwen3-Embedding-0.6B,a5fd5a98-afec-46c2-b699-9bdb2c3cf6ed,8,65,tool,,,,,,,0,1
qwen32B-int4_telecom_50runs,baseline,Qwen3-Embedding-0.6B,a5fd5a98-afec-46c2-b699-9bdb2c3cf6ed,9,65,user,,,,,,,0,1
qwen32B-int4_telecom_50runs,baseline,Qwen3-Embedding-0.6B,a5fd5a98-afec-46c2-b699-9bdb2c3cf6ed,10,65,agent,0.6703075170516968,0.25,0.0,0.34614115953445435,-0.17407175472804481,,0,1
qwen32B-int4_telecom_50runs,baseline,Qwen3-Embedding-0.6B,a5fd5a98-afec-46c2-b699-9bdb2c3cf6ed,11,65,user,,,,,,0.3786843419075012,1,1
qwen32B-int4_telecom_50runs,baseline,Qwen3-Embedding-0.6B,a5fd5a98-afec-46c2-b699-9bdb2c3cf6ed,12,65,tool,,,,,,,0,1
qwen32B-int4_telecom_50runs,baseline,Qwen3-Embedding-0.6B,a5fd5a98-afec-46c2-b699-9bdb2c3cf6ed,13,65,user,,,,,,,0,1
qwen32B-int4_telecom_50runs,baseline,Qwen3-Embedding-0.6B,a5fd5a98-afec-46c2-b699-9bdb2c3cf6ed,14,65,agent,0.8817360997200012,0.425,0.0,0.3280367851257324,-0.20581695863178795,,0,1
qwen32B-int4_telecom_50runs,baseline,Qwen3-Embedding-0.6B,a5fd5a98-afec-46c2-b699-9bdb2c3cf6ed,15,65,user,,,,,,0.3655746579170227,1,1
qwen32B-int4_telecom_50runs,baseline,Qwen3-Embedding-0.6B,a5fd5a98-afec-46c2-b699-9bdb2c3cf6ed,16,65,tool,,,,,,,0,1
qwen32B-int4_telecom_50runs,baseline,Qwen3-Embedding-0.6B,a5fd5a98-afec-46c2-b699-9bdb2c3cf6ed,17,65,user,,,,,,,0,1
qwen32B-int4_telecom_50runs,baseline,Qwen3-Embedding-0.6B,a5fd5a98-afec-46c2-b699-9bdb2c3cf6ed,18,65,agent,0.5611869096755981,0.2,0.0,0.3519178628921509,-0.1832050404378346,,0,1
qwen32B-int4_telecom_50runs,baseline,Qwen3-Embedding-0.6B,a5fd5a98-afec-46c2-b699-9bdb2c3cf6ed,19,65,user,,,,,,0.35254067182540894,1,1
qwen32B-int4_telecom_50runs,baseline,Qwen3-Embedding-0.6B,a5fd5a98-afec-46c2-b699-9bdb2c3cf6ed,20,65,tool,,,,,,,0,1
qwen32B-int4_telecom_50runs,baseline,Qwen3-Embedding-0.6B,a5fd5a98-afec-46c2-b699-9bdb2c3cf6ed,21,65,user,,,,,,,0,1
qwen32B-int4_telecom_50runs,baseline,Qwen3-Embedding-0.6B,a5fd5a98-afec-46c2-b699-9bdb2c3cf6ed,22,65,agent,0.6662005186080933,0.19791666666666666,0.0,0.35371559858322144,-0.14330517394202097,,0,1
qwen32B-int4_telecom_50runs,baseline,Qwen3-Embedding-0.6B,a5fd5a98-afec-46c2-b699-9bdb2c3cf6ed,23,65,user,,,,,,0.2970547676086426,1,1
qwen32B-int4_telecom_50runs,baseline,Qwen3-Embedding-0.6B,a5fd5a98-afec-46c2-b699-9bdb2c3cf6ed,24,65,tool,,,,,,,0,1
qwen32B-int4_telecom_50runs,baseline,Qwen3-Embedding-0.6B,a5fd5a98-afec-46c2-b699-9bdb2c3cf6ed,25,65,user,,,,,,,1,1
qwen32B-int4_telecom_50runs,baseline,Qwen3-Embedding-0.6B,a5fd5a98-afec-46c2-b699-9bdb2c3cf6ed,26,65,tool,,,,,,,0,1
qwen32B-int4_telecom_50runs,baseline,Qwen3-Embedding-0.6B,a5fd5a98-afec-46c2-b699-9bdb2c3cf6ed,27,65,tool,,,,,,,0,1
qwen32B-int4_telecom_50runs,baseline,Qwen3-Embedding-0.6B,a5fd5a98-afec-46c2-b699-9bdb2c3cf6ed,28,65,user,,,,,,,0,1
qwen32B-int4_telecom_50runs,baseline,Qwen3-Embedding-0.6B,a5fd5a98-afec-46c2-b699-9bdb2c3cf6ed,29,65,agent,,,,0.337013304233551,-0.19817720992224552,,0,1
qwen32B-int4_telecom_50runs,baseline,Qwen3-Embedding-0.6B,a5fd5a98-afec-46c2-b699-9bdb2c3cf6ed,30,65,user,,,,,,0.3723970055580139,1,1
qwen32B-int4_telecom_50runs,baseline,Qwen3-Embedding-0.6B,a5fd5a98-afec-46c2-b699-9bdb2c3cf6ed,31,65,tool,,,,,,,0,1
qwen32B-int4_telecom_50runs,baseline,Qwen3-Embedding-0.6B,a5fd5a98-afec-46c2-b699-9bdb2c3cf6ed,32,65,user,,,,,,,0,1
qwen32B-int4_telecom_50runs,baseline,Qwen3-Embedding-0.6B,a5fd5a98-afec-46c2-b699-9bdb2c3cf6ed,33,65,agent,0.7567641735076904,0.2891566265060241,0.0,0.44147855043411255,-0.050572484731674194,,0,1
qwen32B-int4_telecom_50runs,baseline,Qwen3-Embedding-0.6B,a5fd5a98-afec-46c2-b699-9bdb2c3cf6ed,34,65,user,,,,,,0.33366870880126953,1,1
qwen32B-int4_telecom_50runs,baseline,Qwen3-Embedding-0.6B,a5fd5a98-afec-46c2-b699-9bdb2c3cf6ed,35,65,tool,,,,,,,0,1
qwen32B-int4_telecom_50runs,baseline,Qwen3-Embedding-0.6B,a5fd5a98-afec-46c2-b699-9bdb2c3cf6ed,36,65,user,,,,,,,1,1
qwen32B-int4_telecom_50runs,baseline,Qwen3-Embedding-0.6B,a5fd5a98-afec-46c2-b699-9bdb2c3cf6ed,37,65,tool,,,,,,,0,1
qwen32B-int4_telecom_50runs,baseline,Qwen3-Embedding-0.6B,a5fd5a98-afec-46c2-b699-9bdb2c3cf6ed,38,65,user,,,,,,,0,1
qwen32B-int4_telecom_50runs,baseline,Qwen3-Embedding-0.6B,a5fd5a98-afec-46c2-b699-9bdb2c3cf6ed,39,65,agent,,,,,,,0,1
qwen32B-int4_telecom_50runs,baseline,Qwen3-Embedding-0.6B,a5fd5a98-afec-46c2-b699-9bdb2c3cf6ed,40,65,user,,,,,,0.33718371391296387,0,1
qwen32B-int4_telecom_50runs,baseline,Qwen3-Embedding-0.6B,a5fd5a98-afec-46c2-b699-9bdb2c3cf6ed,41,65,agent,0.5667734146118164,0.015384615384615385,0.0,0.4518013596534729,-0.16037997390542713,,0,1
qwen32B-int4_telecom_50runs,baseline,Qwen3-Embedding-0.6B,a5fd5a98-afec-46c2-b699-9bdb2c3cf6ed,42,65,tool,,,,,,,0,1
qwen32B-int4_telecom_50runs,baseline,Qwen3-Embedding-0.6B,a5fd5a98-afec-46c2-b699-9bdb2c3cf6ed,43,65,agent,0.8144353628158569,0.3783783783783784,0.0,,,,0,1
qwen32B-int4_telecom_50runs,baseline,Qwen3-Embedding-0.6B,a5fd5a98-afec-46c2-b699-9bdb2c3cf6ed,44,65,user,,,,,,0.5509516298770905,0,1
qwen32B-int4_telecom_50runs,baseline,Qwen3-Embedding-0.6B,a5fd5a98-afec-46c2-b699-9bdb2c3cf6ed,45,65,agent,0.5646224617958069,0.4375,0.0,0.5188458859920502,-0.0683598539658955,,0,1
qwen32B-int4_telecom_50runs,baseline,Qwen3-Embedding-0.6B,a5fd5a98-afec-46c2-b699-9bdb2c3cf6ed,46,65,tool,,,,,,,0,1
qwen32B-int4_telecom_50runs,baseline,Qwen3-Embedding-0.6B,a5fd5a98-afec-46c2-b699-9bdb2c3cf6ed,47,65,agent,0.9827277064323425,0.6666666666666666,0.0,0.5217564105987549,-0.05641350788729527,,0,1
qwen32B-int4_telecom_50runs,baseline,Qwen3-Embedding-0.6B,a5fd5a98-afec-46c2-b699-9bdb2c3cf6ed,48,65,tool,,,,,,,0,1
qwen32B-int4_telecom_50runs,baseline,Qwen3-Embedding-0.6B,a5fd5a98-afec-46c2-b699-9bdb2c3cf6ed,49,65,agent,0.9824680089950562,0.6666666666666666,0.0,0.549224317073822,-0.023496251021112746,,0,1
qwen32B-int4_telecom_50runs,baseline,Qwen3-Embedding-0.6B,a5fd5a98-afec-46c2-b699-9bdb2c3cf6ed,50,65,tool,,,,,,,0,1
qwen32B-int4_telecom_50runs,baseline,Qwen3-Embedding-0.6B,a5fd5a98-afec-46c2-b699-9bdb2c3cf6ed,51,65,agent,0.31832441687583923,0.012658227848101266,0.0,0.40700626373291016,-0.10181094280311043,,0,1
qwen32B-int4_telecom_50runs,baseline,Qwen3-Embedding-0.6B,a5fd5a98-afec-46c2-b699-9bdb2c3cf6ed,52,65,user,,,,,,0.304343581199646,1,1
qwen32B-int4_telecom_50runs,baseline,Qwen3-Embedding-0.6B,a5fd5a98-afec-46c2-b699-9bdb2c3cf6ed,53,65,tool,,,,,,,0,1
qwen32B-int4_telecom_50runs,baseline,Qwen3-Embedding-0.6B,a5fd5a98-afec-46c2-b699-9bdb2c3cf6ed,54,65,user,,,,,,,0,1
qwen32B-int4_telecom_50runs,baseline,Qwen3-Embedding-0.6B,a5fd5a98-afec-46c2-b699-9bdb2c3cf6ed,55,65,agent,0.835114061832428,0.618421052631579,0.0,0.5545386970043182,0.07109966235501425,,0,1
qwen32B-int4_telecom_50runs,baseline,Qwen3-Embedding-0.6B,a5fd5a98-afec-46c2-b699-9bdb2c3cf6ed,56,65,user,,,,,,0.16367876529693604,1,1
qwen32B-int4_telecom_50runs,baseline,Qwen3-Embedding-0.6B,a5fd5a98-afec-46c2-b699-9bdb2c3cf6ed,57,65,tool,,,,,,,0,1
qwen32B-int4_telecom_50runs,baseline,Qwen3-Embedding-0.6B,a5fd5a98-afec-46c2-b699-9bdb2c3cf6ed,58,65,user,,,,,,,1,1
qwen32B-int4_telecom_50runs,baseline,Qwen3-Embedding-0.6B,a5fd5a98-afec-46c2-b699-9bdb2c3cf6ed,59,65,tool,,,,,,,0,1
qwen32B-int4_telecom_50runs,baseline,Qwen3-Embedding-0.6B,a5fd5a98-afec-46c2-b699-9bdb2c3cf6ed,60,65,user,,,,,,,0,1
qwen32B-int4_telecom_50runs,baseline,Qwen3-Embedding-0.6B,a5fd5a98-afec-46c2-b699-9bdb2c3cf6ed,61,65,agent,,,,0.4584208130836487,0.04442153232438223,,0,1
qwen32B-int4_telecom_50runs,baseline,Qwen3-Embedding-0.6B,a5fd5a98-afec-46c2-b699-9bdb2c3cf6ed,62,65,tool,,,,,,,0,1
qwen32B-int4_telecom_50runs,baseline,Qwen3-Embedding-0.6B,a5fd5a98-afec-46c2-b699-9bdb2c3cf6ed,63,65,agent,0.8702258467674255,0.125,0.0,,,,0,1
qwen32B-int4_telecom_50runs,baseline,Qwen3-Embedding-0.6B,a5fd5a98-afec-46c2-b699-9bdb2c3cf6ed,64,65,user,,,,,,0.42927926778793335,0,1
qwen32B-int4_telecom_50runs,baseline,Qwen3-Embedding-0.6B,e0185eb5-33bd-4243-a571-422031a5133a,0,80,agent,,,,,,,0,1
qwen32B-int4_telecom_50runs,baseline,Qwen3-Embedding-0.6B,e0185eb5-33bd-4243-a571-422031a5133a,1,80,user,,,,,,0.5435945689678192,0,1
qwen32B-int4_telecom_50runs,baseline,Qwen3-Embedding-0.6B,e0185eb5-33bd-4243-a571-422031a5133a,2,80,agent,0.38222113251686096,0.08333333333333333,0.0,0.3128863573074341,-0.17286143132618498,,0,1
qwen32B-int4_telecom_50runs,baseline,Qwen3-Embedding-0.6B,e0185eb5-33bd-4243-a571-422031a5133a,3,80,user,,,,,,0.2711344361305237,1,1
qwen32B-int4_telecom_50runs,baseline,Qwen3-Embedding-0.6B,e0185eb5-33bd-4243-a571-422031a5133a,4,80,tool,,,,,,,0,1
qwen32B-int4_telecom_50runs,baseline,Qwen3-Embedding-0.6B,e0185eb5-33bd-4243-a571-422031a5133a,5,80,user,,,,,,,0,1
qwen32B-int4_telecom_50runs,baseline,Qwen3-Embedding-0.6B,e0185eb5-33bd-4243-a571-422031a5133a,6,80,agent,0.6391408443450928,0.313953488372093,0.0,0.4925876259803772,-0.10309096425771713,,0,1
qwen32B-int4_telecom_50runs,baseline,Qwen3-Embedding-0.6B,e0185eb5-33bd-4243-a571-422031a5133a,7,80,user,,,,,,0.3924655318260193,1,1
qwen32B-int4_telecom_50runs,baseline,Qwen3-Embedding-0.6B,e0185eb5-33bd-4243-a571-422031a5133a,8,80,tool,,,,,,,0,1
qwen32B-int4_telecom_50runs,baseline,Qwen3-Embedding-0.6B,e0185eb5-33bd-4243-a571-422031a5133a,9,80,user,,,,,,,1,1
qwen32B-int4_telecom_50runs,baseline,Qwen3-Embedding-0.6B,e0185eb5-33bd-4243-a571-422031a5133a,10,80,tool,,,,,,,0,1
qwen32B-int4_telecom_50runs,baseline,Qwen3-Embedding-0.6B,e0185eb5-33bd-4243-a571-422031a5133a,11,80,user,,,,,,,0,1
qwen32B-int4_telecom_50runs,baseline,Qwen3-Embedding-0.6B,e0185eb5-33bd-4243-a571-422031a5133a,12,80,agent,,,,0.33512866497039795,-0.11264155166489737,,0,1
qwen32B-int4_telecom_50runs,baseline,Qwen3-Embedding-0.6B,e0185eb5-33bd-4243-a571-422031a5133a,13,80,user,,,,,,0.3289153575897217,1,1
qwen32B-int4_telecom_50runs,baseline,Qwen3-Embedding-0.6B,e0185eb5-33bd-4243-a571-422031a5133a,14,80,tool,,,,,,,0,1
qwen32B-int4_telecom_50runs,baseline,Qwen3-Embedding-0.6B,e0185eb5-33bd-4243-a571-422031a5133a,15,80,user,,,,,,,0,1
qwen32B-int4_telecom_50runs,baseline,Qwen3-Embedding-0.6B,e0185eb5-33bd-4243-a571-422031a5133a,16,80,agent,0.6550799608230591,0.25842696629213485,0.0,0.41422587633132935,-0.07535871650491444,,0,1
qwen32B-int4_telecom_50runs,baseline,Qwen3-Embedding-0.6B,e0185eb5-33bd-4243-a571-422031a5133a,17,80,user,,,,,,0.3700714707374573,1,1
qwen32B-int4_telecom_50runs,baseline,Qwen3-Embedding-0.6B,e0185eb5-33bd-4243-a571-422031a5133a,18,80,tool,,,,,,,0,1
qwen32B-int4_telecom_50runs,baseline,Qwen3-Embedding-0.6B,e0185eb5-33bd-4243-a571-422031a5133a,19,80,user,,,,,,,0,1
qwen32B-int4_telecom_50runs,baseline,Qwen3-Embedding-0.6B,e0185eb5-33bd-4243-a571-422031a5133a,20,80,agent,0.8363125920295715,0.2716049382716049,0.0,0.3600148558616638,-0.08079755519117626,,0,1
qwen32B-int4_telecom_50runs,baseline,Qwen3-Embedding-0.6B,e0185eb5-33bd-4243-a571-422031a5133a,21,80,user,,,,,,0.4686078429222107,1,1
qwen32B-int4_telecom_50runs,baseline,Qwen3-Embedding-0.6B,e0185eb5-33bd-4243-a571-422031a5133a,22,80,tool,,,,,,,0,1
qwen32B-int4_telecom_50runs,baseline,Qwen3-Embedding-0.6B,e0185eb5-33bd-4243-a571-422031a5133a,23,80,user,,,,,,,1,1
qwen32B-int4_telecom_50runs,baseline,Qwen3-Embedding-0.6B,e0185eb5-33bd-4243-a571-422031a5133a,24,80,tool,,,,,,,0,1
qwen32B-int4_telecom_50runs,baseline,Qwen3-Embedding-0.6B,e0185eb5-33bd-4243-a571-422031a5133a,25,80,user,,,,,,,0,1
qwen32B-int4_telecom_50runs,baseline,Qwen3-Embedding-0.6B,e0185eb5-33bd-4243-a571-422031a5133a,26,80,agent,,,,0.4049265384674072,-0.09510843030044014,,0,1
qwen32B-int4_telecom_50runs,baseline,Qwen3-Embedding-0.6B,e0185eb5-33bd-4243-a571-422031a5133a,27,80,user,,,,,,0.3408844470977783,1,1
qwen32B-int4_telecom_50runs,baseline,Qwen3-Embedding-0.6B,e0185eb5-33bd-4243-a571-422031a5133a,28,80,tool,,,,,,,0,1
qwen32B-int4_telecom_50runs,baseline,Qwen3-Embedding-0.6B,e0185eb5-33bd-4243-a571-422031a5133a,29,80,user,,,,,,,1,1
qwen32B-int4_telecom_50runs,baseline,Qwen3-Embedding-0.6B,e0185eb5-33bd-4243-a571-422031a5133a,30,80,tool,,,,,,,0,1
qwen32B-int4_telecom_50runs,baseline,Qwen3-Embedding-0.6B,e0185eb5-33bd-4243-a571-422031a5133a,31,80,user,,,,,,,1,1
qwen32B-int4_telecom_50runs,baseline,Qwen3-Embedding-0.6B,e0185eb5-33bd-4243-a571-422031a5133a,32,80,tool,,,,,,,0,1
qwen32B-int4_telecom_50runs,baseline,Qwen3-Embedding-0.6B,e0185eb5-33bd-4243-a571-422031a5133a,33,80,user,,,,,,,0,1
qwen32B-int4_telecom_50runs,baseline,Qwen3-Embedding-0.6B,e0185eb5-33bd-4243-a571-422031a5133a,34,80,agent,,,,,,,0,1
qwen32B-int4_telecom_50runs,baseline,Qwen3-Embedding-0.6B,e0185eb5-33bd-4243-a571-422031a5133a,35,80,user,,,,,,0.4975582957267761,0,1
qwen32B-int4_telecom_50runs,baseline,Qwen3-Embedding-0.6B,e0185eb5-33bd-4243-a571-422031a5133a,36,80,agent,0.5956594944000244,0.01639344262295082,0.0,0.45114636421203613,-0.19189923363072536,,0,1
qwen32B-int4_telecom_50runs,baseline,Qwen3-Embedding-0.6B,e0185eb5-33bd-4243-a571-422031a5133a,37,80,tool,,,,,,,0,1
qwen32B-int4_telecom_50runs,baseline,Qwen3-Embedding-0.6B,e0185eb5-33bd-4243-a571-422031a5133a,38,80,agent,0.7546029090881348,0.32098765432098764,0.0,,,,0,1
qwen32B-int4_telecom_50runs,baseline,Qwen3-Embedding-0.6B,e0185eb5-33bd-4243-a571-422031a5133a,39,80,user,,,,,,0.2861211895942688,0,1
qwen32B-int4_telecom_50runs,baseline,Qwen3-Embedding-0.6B,e0185eb5-33bd-4243-a571-422031a5133a,40,80,agent,0.8816062808036804,0.4084507042253521,0.0,,,,0,1
qwen32B-int4_telecom_50runs,baseline,Qwen3-Embedding-0.6B,e0185eb5-33bd-4243-a571-422031a5133a,41,80,user,,,,,,0.09038764238357544,0,1
qwen32B-int4_telecom_50runs,baseline,Qwen3-Embedding-0.6B,e0185eb5-33bd-4243-a571-422031a5133a,42,80,agent,0.4584852159023285,0.0196078431372549,0.0,0.4944314956665039,-0.09430014874253956,,0,1
qwen32B-int4_telecom_50runs,baseline,Qwen3-Embedding-0.6B,e0185eb5-33bd-4243-a571-422031a5133a,43,80,tool,,,,,,,0,1
qwen32B-int4_telecom_50runs,baseline,Qwen3-Embedding-0.6B,e0185eb5-33bd-4243-a571-422031a5133a,44,80,agent,0.7221705317497253,0.22784810126582278,0.0,0.40077054500579834,-0.13885249410356792,,0,1
qwen32B-int4_telecom_50runs,baseline,Qwen3-Embedding-0.6B,e0185eb5-33bd-4243-a571-422031a5133a,45,80,tool,,,,,,,0,1
qwen32B-int4_telecom_50runs,baseline,Qwen3-Embedding-0.6B,e0185eb5-33bd-4243-a571-422031a5133a,46,80,agent,0.6894788146018982,0.2073170731707317,0.0,0.4153190851211548,-0.060819221394402656,,0,1
qwen32B-int4_telecom_50runs,baseline,Qwen3-Embedding-0.6B,e0185eb5-33bd-4243-a571-422031a5133a,47,80,user,,,,,,0.46309125423431396,1,1
qwen32B-int4_telecom_50runs,baseline,Qwen3-Embedding-0.6B,e0185eb5-33bd-4243-a571-422031a5133a,48,80,tool,,,,,,,0,1
qwen32B-int4_telecom_50runs,baseline,Qwen3-Embedding-0.6B,e0185eb5-33bd-4243-a571-422031a5133a,49,80,user,,,,,,,0,1
qwen32B-int4_telecom_50runs,baseline,Qwen3-Embedding-0.6B,e0185eb5-33bd-4243-a571-422031a5133a,50,80,agent,0.7260512113571167,0.15853658536585366,0.0,,,,0,1
qwen32B-int4_telecom_50runs,baseline,Qwen3-Embedding-0.6B,e0185eb5-33bd-4243-a571-422031a5133a,51,80,user,,,,,,0.3220409154891968,0,1
qwen32B-int4_telecom_50runs,baseline,Qwen3-Embedding-0.6B,e0185eb5-33bd-4243-a571-422031a5133a,52,80,agent,0.5693292617797852,0.03333333333333333,0.0,0.3190743923187256,-0.33864816810403553,,0,1
qwen32B-int4_telecom_50runs,baseline,Qwen3-Embedding-0.6B,e0185eb5-33bd-4243-a571-422031a5133a,53,80,tool,,,,,,,0,1
qwen32B-int4_telecom_50runs,baseline,Qwen3-Embedding-0.6B,e0185eb5-33bd-4243-a571-422031a5133a,54,80,agent,0.6277863383293152,0.15841584158415842,0.0,,,,0,1
qwen32B-int4_telecom_50runs,baseline,Qwen3-Embedding-0.6B,e0185eb5-33bd-4243-a571-422031a5133a,55,80,user,,,,,,0.22692054510116577,0,1
qwen32B-int4_telecom_50runs,baseline,Qwen3-Embedding-0.6B,e0185eb5-33bd-4243-a571-422031a5133a,56,80,agent,0.7209767699241638,0.6,0.0,0.15784412622451782,-0.453829288482666,,0,1
qwen32B-int4_telecom_50runs,baseline,Qwen3-Embedding-0.6B,e0185eb5-33bd-4243-a571-422031a5133a,57,80,tool,,,,,,,0,1
qwen32B-int4_telecom_50runs,baseline,Qwen3-Embedding-0.6B,e0185eb5-33bd-4243-a571-422031a5133a,58,80,agent,0.7582245469093323,0.2976190476190476,0.0,0.5665243268013,0.03198257727282383,,0,1
qwen32B-int4_telecom_50runs,baseline,Qwen3-Embedding-0.6B,e0185eb5-33bd-4243-a571-422031a5133a,59,80,user,,,,,,0.373462438583374,1,1
qwen32B-int4_telecom_50runs,baseline,Qwen3-Embedding-0.6B,e0185eb5-33bd-4243-a571-422031a5133a,60,80,tool,,,,,,,0,1
qwen32B-int4_telecom_50runs,baseline,Qwen3-Embedding-0.6B,e0185eb5-33bd-4243-a571-422031a5133a,61,80,user,,,,,,,1,1
qwen32B-int4_telecom_50runs,baseline,Qwen3-Embedding-0.6B,e0185eb5-33bd-4243-a571-422031a5133a,62,80,tool,,,,,,,0,1
qwen32B-int4_telecom_50runs,baseline,Qwen3-Embedding-0.6B,e0185eb5-33bd-4243-a571-422031a5133a,63,80,user,,,,,,,1,1
qwen32B-int4_telecom_50runs,baseline,Qwen3-Embedding-0.6B,e0185eb5-33bd-4243-a571-422031a5133a,64,80,tool,,,,,,,0,1
qwen32B-int4_telecom_50runs,baseline,Qwen3-Embedding-0.6B,e0185eb5-33bd-4243-a571-422031a5133a,65,80,user,,,,,,,0,1
qwen32B-int4_telecom_50runs,baseline,Qwen3-Embedding-0.6B,e0185eb5-33bd-4243-a571-422031a5133a,66,80,agent,,,,0.4721055030822754,-0.047824897936412314,,0,1
qwen32B-int4_telecom_50runs,baseline,Qwen3-Embedding-0.6B,e0185eb5-33bd-4243-a571-422031a5133a,67,80,user,,,,,,0.40936070680618286,1,1
qwen32B-int4_telecom_50runs,baseline,Qwen3-Embedding-0.6B,e0185eb5-33bd-4243-a571-422031a5133a,68,80,tool,,,,,,,0,1
qwen32B-int4_telecom_50runs,baseline,Qwen3-Embedding-0.6B,e0185eb5-33bd-4243-a571-422031a5133a,69,80,user,,,,,,,1,1
qwen32B-int4_telecom_50runs,baseline,Qwen3-Embedding-0.6B,e0185eb5-33bd-4243-a571-422031a5133a,70,80,tool,,,,,,,0,1
qwen32B-int4_telecom_50runs,baseline,Qwen3-Embedding-0.6B,e0185eb5-33bd-4243-a571-422031a5133a,71,80,user,,,,,,,1,1
qwen32B-int4_telecom_50runs,baseline,Qwen3-Embedding-0.6B,e0185eb5-33bd-4243-a571-422031a5133a,72,80,tool,,,,,,,0,1
qwen32B-int4_telecom_50runs,baseline,Qwen3-Embedding-0.6B,e0185eb5-33bd-4243-a571-422031a5133a,73,80,user,,,,,,,1,1
qwen32B-int4_telecom_50runs,baseline,Qwen3-Embedding-0.6B,e0185eb5-33bd-4243-a571-422031a5133a,74,80,tool,,,,,,,0,1
qwen32B-int4_telecom_50runs,baseline,Qwen3-Embedding-0.6B,e0185eb5-33bd-4243-a571-422031a5133a,75,80,user,,,,,,,0,1
qwen32B-int4_telecom_50runs,baseline,Qwen3-Embedding-0.6B,e0185eb5-33bd-4243-a571-422031a5133a,76,80,agent,,,,0.621504008769989,-0.0013740594897951874,,0,1
qwen32B-int4_telecom_50runs,baseline,Qwen3-Embedding-0.6B,e0185eb5-33bd-4243-a571-422031a5133a,77,80,tool,,,,,,,0,1
qwen32B-int4_telecom_50runs,baseline,Qwen3-Embedding-0.6B,e0185eb5-33bd-4243-a571-422031a5133a,78,80,agent,0.5723631381988525,0.1702127659574468,0.0,,,,0,1
qwen32B-int4_telecom_50runs,baseline,Qwen3-Embedding-0.6B,e0185eb5-33bd-4243-a571-422031a5133a,79,80,user,,,,,,0.2321721911430359,0,1
qwen32B-int4_telecom_50runs,baseline,Qwen3-Embedding-0.6B,37c8fd6a-3b63-4620-946f-880ddcfe50c3,0,64,agent,,,,,,,0,1
qwen32B-int4_telecom_50runs,baseline,Qwen3-Embedding-0.6B,37c8fd6a-3b63-4620-946f-880ddcfe50c3,1,64,user,,,,,,0.5926772058010101,0,1
qwen32B-int4_telecom_50runs,baseline,Qwen3-Embedding-0.6B,37c8fd6a-3b63-4620-946f-880ddcfe50c3,2,64,agent,0.40452542901039124,0.0,0.0,0.19842839241027832,-0.43067213892936707,,0,1
qwen32B-int4_telecom_50runs,baseline,Qwen3-Embedding-0.6B,37c8fd6a-3b63-4620-946f-880ddcfe50c3,3,64,tool,,,,,,,0,1
qwen32B-int4_telecom_50runs,baseline,Qwen3-Embedding-0.6B,37c8fd6a-3b63-4620-946f-880ddcfe50c3,4,64,agent,0.6869990229606628,0.05,0.0,,,,0,1
qwen32B-int4_telecom_50runs,baseline,Qwen3-Embedding-0.6B,37c8fd6a-3b63-4620-946f-880ddcfe50c3,5,64,user,,,,,,0.3255651593208313,0,1
qwen32B-int4_telecom_50runs,baseline,Qwen3-Embedding-0.6B,37c8fd6a-3b63-4620-946f-880ddcfe50c3,6,64,agent,0.7481074333190918,0.35,0.0,0.6120523512363434,-0.05551487406094868,,0,1
qwen32B-int4_telecom_50runs,baseline,Qwen3-Embedding-0.6B,37c8fd6a-3b63-4620-946f-880ddcfe50c3,7,64,tool,,,,,,,0,1
qwen32B-int4_telecom_50runs,baseline,Qwen3-Embedding-0.6B,37c8fd6a-3b63-4620-946f-880ddcfe50c3,8,64,agent,0.44629183411598206,0.2835820895522388,0.0,,,,0,1
qwen32B-int4_telecom_50runs,baseline,Qwen3-Embedding-0.6B,37c8fd6a-3b63-4620-946f-880ddcfe50c3,9,64,user,,,,,,0.43088310956954956,0,1
qwen32B-int4_telecom_50runs,baseline,Qwen3-Embedding-0.6B,37c8fd6a-3b63-4620-946f-880ddcfe50c3,10,64,agent,0.7562811374664307,0.3333333333333333,0.0,0.45078033208847046,-0.16305604577064514,,0,1
qwen32B-int4_telecom_50runs,baseline,Qwen3-Embedding-0.6B,37c8fd6a-3b63-4620-946f-880ddcfe50c3,11,64,tool,,,,,,,0,1
qwen32B-int4_telecom_50runs,baseline,Qwen3-Embedding-0.6B,37c8fd6a-3b63-4620-946f-880ddcfe50c3,12,64,agent,0.4716286361217499,0.21951219512195122,0.0,0.48475372791290283,0.004434357086817442,,0,1
qwen32B-int4_telecom_50runs,baseline,Qwen3-Embedding-0.6B,37c8fd6a-3b63-4620-946f-880ddcfe50c3,13,64,user,,,,,,0.5075333714485168,1,1
qwen32B-int4_telecom_50runs,baseline,Qwen3-Embedding-0.6B,37c8fd6a-3b63-4620-946f-880ddcfe50c3,14,64,tool,,,,,,,0,1
qwen32B-int4_telecom_50runs,baseline,Qwen3-Embedding-0.6B,37c8fd6a-3b63-4620-946f-880ddcfe50c3,15,64,user,,,,,,,0,1
qwen32B-int4_telecom_50runs,baseline,Qwen3-Embedding-0.6B,37c8fd6a-3b63-4620-946f-880ddcfe50c3,16,64,agent,0.7288892865180969,0.20270270270270271,0.0,0.2985636591911316,-0.2063232839107514,,0,1
qwen32B-int4_telecom_50runs,baseline,Qwen3-Embedding-0.6B,37c8fd6a-3b63-4620-946f-880ddcfe50c3,17,64,user,,,,,,0.39174598455429077,1,1
qwen32B-int4_telecom_50runs,baseline,Qwen3-Embedding-0.6B,37c8fd6a-3b63-4620-946f-880ddcfe50c3,18,64,tool,,,,,,,0,1
qwen32B-int4_telecom_50runs,baseline,Qwen3-Embedding-0.6B,37c8fd6a-3b63-4620-946f-880ddcfe50c3,19,64,user,,,,,,,0,1
qwen32B-int4_telecom_50runs,baseline,Qwen3-Embedding-0.6B,37c8fd6a-3b63-4620-946f-880ddcfe50c3,20,64,agent,0.7839508652687073,0.2711864406779661,0.0,0.32373881340026855,-0.1452784240245819,,0,1
qwen32B-int4_telecom_50runs,baseline,Qwen3-Embedding-0.6B,37c8fd6a-3b63-4620-946f-880ddcfe50c3,21,64,user,,,,,,0.5233697295188904,1,1
qwen32B-int4_telecom_50runs,baseline,Qwen3-Embedding-0.6B,37c8fd6a-3b63-4620-946f-880ddcfe50c3,22,64,tool,,,,,,,0,1
qwen32B-int4_telecom_50runs,baseline,Qwen3-Embedding-0.6B,37c8fd6a-3b63-4620-946f-880ddcfe50c3,23,64,user,,,,,,,0,1
qwen32B-int4_telecom_50runs,baseline,Qwen3-Embedding-0.6B,37c8fd6a-3b63-4620-946f-880ddcfe50c3,24,64,agent,0.6067867875099182,0.22807017543859648,0.0,0.35469865798950195,-0.24032512605190282,,0,1
qwen32B-int4_telecom_50runs,baseline,Qwen3-Embedding-0.6B,37c8fd6a-3b63-4620-946f-880ddcfe50c3,25,64,user,,,,,,0.4401692748069763,1,1
qwen32B-int4_telecom_50runs,baseline,Qwen3-Embedding-0.6B,37c8fd6a-3b63-4620-946f-880ddcfe50c3,26,64,tool,,,,,,,0,1
qwen32B-int4_telecom_50runs,baseline,Qwen3-Embedding-0.6B,37c8fd6a-3b63-4620-946f-880ddcfe50c3,27,64,user,,,,,,,0,1
qwen32B-int4_telecom_50runs,baseline,Qwen3-Embedding-0.6B,37c8fd6a-3b63-4620-946f-880ddcfe50c3,28,64,agent,0.6005730032920837,0.23636363636363636,0.0,0.3813788890838623,-0.1506644268830617,,0,1
qwen32B-int4_telecom_50runs,baseline,Qwen3-Embedding-0.6B,37c8fd6a-3b63-4620-946f-880ddcfe50c3,29,64,user,,,,,,0.3972596526145935,1,1
qwen32B-int4_telecom_50runs,baseline,Qwen3-Embedding-0.6B,37c8fd6a-3b63-4620-946f-880ddcfe50c3,30,64,tool,,,,,,,0,1
qwen32B-int4_telecom_50runs,baseline,Qwen3-Embedding-0.6B,37c8fd6a-3b63-4620-946f-880ddcfe50c3,31,64,user,,,,,,,0,1
qwen32B-int4_telecom_50runs,baseline,Qwen3-Embedding-0.6B,37c8fd6a-3b63-4620-946f-880ddcfe50c3,32,64,agent,0.6984742879867554,0.1917808219178082,0.0,0.40724819898605347,-0.07448781728744508,,0,1
qwen32B-int4_telecom_50runs,baseline,Qwen3-Embedding-0.6B,37c8fd6a-3b63-4620-946f-880ddcfe50c3,33,64,user,,,,,,0.47143685817718506,1,1
qwen32B-int4_telecom_50runs,baseline,Qwen3-Embedding-0.6B,37c8fd6a-3b63-4620-946f-880ddcfe50c3,34,64,tool,,,,,,,0,1
qwen32B-int4_telecom_50runs,baseline,Qwen3-Embedding-0.6B,37c8fd6a-3b63-4620-946f-880ddcfe50c3,35,64,user,,,,,,,0,1
qwen32B-int4_telecom_50runs,baseline,Qwen3-Embedding-0.6B,37c8fd6a-3b63-4620-946f-880ddcfe50c3,36,64,agent,0.7981950640678406,0.25396825396825395,0.0,0.34935975074768066,-0.1383758306503296,,0,1
qwen32B-int4_telecom_50runs,baseline,Qwen3-Embedding-0.6B,37c8fd6a-3b63-4620-946f-880ddcfe50c3,37,64,user,,,,,,0.3778477907180786,1,1
qwen32B-int4_telecom_50runs,baseline,Qwen3-Embedding-0.6B,37c8fd6a-3b63-4620-946f-880ddcfe50c3,38,64,tool,,,,,,,0,1
qwen32B-int4_telecom_50runs,baseline,Qwen3-Embedding-0.6B,37c8fd6a-3b63-4620-946f-880ddcfe50c3,39,64,user,,,,,,,0,1
qwen32B-int4_telecom_50runs,baseline,Qwen3-Embedding-0.6B,37c8fd6a-3b63-4620-946f-880ddcfe50c3,40,64,agent,0.7686375975608826,0.21875,0.0,0.3827531337738037,-0.10807180603345234,,0,1
qwen32B-int4_telecom_50runs,baseline,Qwen3-Embedding-0.6B,37c8fd6a-3b63-4620-946f-880ddcfe50c3,41,64,user,,,,,,0.41159236431121826,1,1
qwen32B-int4_telecom_50runs,baseline,Qwen3-Embedding-0.6B,37c8fd6a-3b63-4620-946f-880ddcfe50c3,42,64,tool,,,,,,,0,1
qwen32B-int4_telecom_50runs,baseline,Qwen3-Embedding-0.6B,37c8fd6a-3b63-4620-946f-880ddcfe50c3,43,64,user,,,,,,,0,1
qwen32B-int4_telecom_50runs,baseline,Qwen3-Embedding-0.6B,37c8fd6a-3b63-4620-946f-880ddcfe50c3,44,64,agent,0.8549134731292725,0.3492063492063492,0.0,0.3374570608139038,-0.15602659980456035,,0,1
qwen32B-int4_telecom_50runs,baseline,Qwen3-Embedding-0.6B,37c8fd6a-3b63-4620-946f-880ddcfe50c3,45,64,user,,,,,,0.3927364945411682,1,1
qwen32B-int4_telecom_50runs,baseline,Qwen3-Embedding-0.6B,37c8fd6a-3b63-4620-946f-880ddcfe50c3,46,64,tool,,,,,,,0,1
qwen32B-int4_telecom_50runs,baseline,Qwen3-Embedding-0.6B,37c8fd6a-3b63-4620-946f-880ddcfe50c3,47,64,user,,,,,,,0,1
qwen32B-int4_telecom_50runs,baseline,Qwen3-Embedding-0.6B,37c8fd6a-3b63-4620-946f-880ddcfe50c3,48,64,agent,0.8072056770324707,0.46511627906976744,0.0,0.3403637409210205,-0.07867475152015685,,0,1
qwen32B-int4_telecom_50runs,baseline,Qwen3-Embedding-0.6B,37c8fd6a-3b63-4620-946f-880ddcfe50c3,49,64,user,,,,,,0.4526190161705017,1,1
qwen32B-int4_telecom_50runs,baseline,Qwen3-Embedding-0.6B,37c8fd6a-3b63-4620-946f-880ddcfe50c3,50,64,tool,,,,,,,0,1
qwen32B-int4_telecom_50runs,baseline,Qwen3-Embedding-0.6B,37c8fd6a-3b63-4620-946f-880ddcfe50c3,51,64,user,,,,,,,0,1
qwen32B-int4_telecom_50runs,baseline,Qwen3-Embedding-0.6B,37c8fd6a-3b63-4620-946f-880ddcfe50c3,52,64,agent,0.7740397453308105,0.234375,0.0,,,,0,1
qwen32B-int4_telecom_50runs,baseline,Qwen3-Embedding-0.6B,37c8fd6a-3b63-4620-946f-880ddcfe50c3,53,64,user,,,,,,0.23727035522460938,0,1
qwen32B-int4_telecom_50runs,baseline,Qwen3-Embedding-0.6B,37c8fd6a-3b63-4620-946f-880ddcfe50c3,54,64,agent,0.7862957119941711,0.1724137931034483,0.0,0.288632333278656,-0.18225692510604857,,0,1
qwen32B-int4_telecom_50runs,baseline,Qwen3-Embedding-0.6B,37c8fd6a-3b63-4620-946f-880ddcfe50c3,55,64,tool,,,,,,,0,1
qwen32B-int4_telecom_50runs,baseline,Qwen3-Embedding-0.6B,37c8fd6a-3b63-4620-946f-880ddcfe50c3,56,64,agent,0.8601789474487305,0.3333333333333333,0.0,0.3212910294532776,-0.09774829347928365,,0,1
qwen32B-int4_telecom_50runs,baseline,Qwen3-Embedding-0.6B,37c8fd6a-3b63-4620-946f-880ddcfe50c3,57,64,user,,,,,,0.325833261013031,1,1
qwen32B-int4_telecom_50runs,baseline,Qwen3-Embedding-0.6B,37c8fd6a-3b63-4620-946f-880ddcfe50c3,58,64,tool,,,,,,,0,1
qwen32B-int4_telecom_50runs,baseline,Qwen3-Embedding-0.6B,37c8fd6a-3b63-4620-946f-880ddcfe50c3,59,64,user,,,,,,,0,1
qwen32B-int4_telecom_50runs,baseline,Qwen3-Embedding-0.6B,37c8fd6a-3b63-4620-946f-880ddcfe50c3,60,64,agent,0.5164711475372314,0.0625,0.0,0.698405385017395,0.09678572813669839,,0,1
qwen32B-int4_telecom_50runs,baseline,Qwen3-Embedding-0.6B,37c8fd6a-3b63-4620-946f-880ddcfe50c3,61,64,tool,,,,,,,0,1
qwen32B-int4_telecom_50runs,baseline,Qwen3-Embedding-0.6B,37c8fd6a-3b63-4620-946f-880ddcfe50c3,62,64,agent,0.4613032341003418,0.0851063829787234,0.0,,,,0,1
qwen32B-int4_telecom_50runs,baseline,Qwen3-Embedding-0.6B,37c8fd6a-3b63-4620-946f-880ddcfe50c3,63,64,user,,,,,,0.2307133674621582,0,1
qwen32B-int4_telecom_50runs,baseline,Qwen3-Embedding-0.6B,08cbb451-8060-4b07-968f-73e90ecfc2e0,0,34,agent,,,,,,,0,1
qwen32B-int4_telecom_50runs,baseline,Qwen3-Embedding-0.6B,08cbb451-8060-4b07-968f-73e90ecfc2e0,1,34,user,,,,,,0.566540390253067,0,1
qwen32B-int4_telecom_50runs,baseline,Qwen3-Embedding-0.6B,08cbb451-8060-4b07-968f-73e90ecfc2e0,2,34,agent,0.40572214126586914,0.0,0.0,0.19521623849868774,-0.39932988796915325,,0,1
qwen32B-int4_telecom_50runs,baseline,Qwen3-Embedding-0.6B,08cbb451-8060-4b07-968f-73e90ecfc2e0,3,34,tool,,,,,,,0,1
qwen32B-int4_telecom_50runs,baseline,Qwen3-Embedding-0.6B,08cbb451-8060-4b07-968f-73e90ecfc2e0,4,34,agent,0.5492839813232422,0.09375,0.0,,,,0,1
qwen32B-int4_telecom_50runs,baseline,Qwen3-Embedding-0.6B,08cbb451-8060-4b07-968f-73e90ecfc2e0,5,34,user,,,,,,0.3862706422805786,0,1
qwen32B-int4_telecom_50runs,baseline,Qwen3-Embedding-0.6B,08cbb451-8060-4b07-968f-73e90ecfc2e0,6,34,agent,0.7502294778823853,0.3684210526315789,0.0,0.6085453033447266,0.003499580281121406,,0,1
qwen32B-int4_telecom_50runs,baseline,Qwen3-Embedding-0.6B,08cbb451-8060-4b07-968f-73e90ecfc2e0,7,34,tool,,,,,,,0,1
qwen32B-int4_telecom_50runs,baseline,Qwen3-Embedding-0.6B,08cbb451-8060-4b07-968f-73e90ecfc2e0,8,34,agent,0.544323205947876,0.2,0.0,,,,0,1
qwen32B-int4_telecom_50runs,baseline,Qwen3-Embedding-0.6B,08cbb451-8060-4b07-968f-73e90ecfc2e0,9,34,user,,,,,,0.5077072083950043,0,1
qwen32B-int4_telecom_50runs,baseline,Qwen3-Embedding-0.6B,08cbb451-8060-4b07-968f-73e90ecfc2e0,10,34,agent,0.7611749172210693,0.3333333333333333,0.0,0.452536404132843,-0.11136169518743244,,0,1
qwen32B-int4_telecom_50runs,baseline,Qwen3-Embedding-0.6B,08cbb451-8060-4b07-968f-73e90ecfc2e0,11,34,tool,,,,,,,0,1
qwen32B-int4_telecom_50runs,baseline,Qwen3-Embedding-0.6B,08cbb451-8060-4b07-968f-73e90ecfc2e0,12,34,agent,0.5169975161552429,0.21951219512195122,0.0,0.5128270983695984,0.015223890542984009,,0,1
qwen32B-int4_telecom_50runs,baseline,Qwen3-Embedding-0.6B,08cbb451-8060-4b07-968f-73e90ecfc2e0,13,34,user,,,,,,0.44752538204193115,1,1
qwen32B-int4_telecom_50runs,baseline,Qwen3-Embedding-0.6B,08cbb451-8060-4b07-968f-73e90ecfc2e0,14,34,tool,,,,,,,0,1
qwen32B-int4_telecom_50runs,baseline,Qwen3-Embedding-0.6B,08cbb451-8060-4b07-968f-73e90ecfc2e0,15,34,user,,,,,,,0,1
qwen32B-int4_telecom_50runs,baseline,Qwen3-Embedding-0.6B,08cbb451-8060-4b07-968f-73e90ecfc2e0,16,34,agent,0.6051812171936035,0.1702127659574468,0.0,0.3074817657470703,-0.26685654478413723,,0,1
qwen32B-int4_telecom_50runs,baseline,Qwen3-Embedding-0.6B,08cbb451-8060-4b07-968f-73e90ecfc2e0,17,34,user,,,,,,0.36374151706695557,1,1
qwen32B-int4_telecom_50runs,baseline,Qwen3-Embedding-0.6B,08cbb451-8060-4b07-968f-73e90ecfc2e0,18,34,tool,,,,,,,0,1
qwen32B-int4_telecom_50runs,baseline,Qwen3-Embedding-0.6B,08cbb451-8060-4b07-968f-73e90ecfc2e0,19,34,user,,,,,,,0,1
qwen32B-int4_telecom_50runs,baseline,Qwen3-Embedding-0.6B,08cbb451-8060-4b07-968f-73e90ecfc2e0,20,34,agent,0.8446111083030701,0.4146341463414634,0.0,0.30655431747436523,-0.18549911252089907,,0,1
qwen32B-int4_telecom_50runs,baseline,Qwen3-Embedding-0.6B,08cbb451-8060-4b07-968f-73e90ecfc2e0,21,34,user,,,,,,0.4012744426727295,1,1
qwen32B-int4_telecom_50runs,baseline,Qwen3-Embedding-0.6B,08cbb451-8060-4b07-968f-73e90ecfc2e0,22,34,tool,,,,,,,0,1
qwen32B-int4_telecom_50runs,baseline,Qwen3-Embedding-0.6B,08cbb451-8060-4b07-968f-73e90ecfc2e0,23,34,user,,,,,,,0,1
qwen32B-int4_telecom_50runs,baseline,Qwen3-Embedding-0.6B,08cbb451-8060-4b07-968f-73e90ecfc2e0,24,34,agent,0.8146902322769165,0.38961038961038963,0.0,0.40774643421173096,-0.09873654799801967,,0,1
qwen32B-int4_telecom_50runs,baseline,Qwen3-Embedding-0.6B,08cbb451-8060-4b07-968f-73e90ecfc2e0,25,34,user,,,,,,0.5841370820999146,1,1
qwen32B-int4_telecom_50runs,baseline,Qwen3-Embedding-0.6B,08cbb451-8060-4b07-968f-73e90ecfc2e0,26,34,tool,,,,,,,0,1
qwen32B-int4_telecom_50runs,baseline,Qwen3-Embedding-0.6B,08cbb451-8060-4b07-968f-73e90ecfc2e0,27,34,user,,,,,,,0,1
qwen32B-int4_telecom_50runs,baseline,Qwen3-Embedding-0.6B,08cbb451-8060-4b07-968f-73e90ecfc2e0,28,34,agent,0.8127638697624207,0.35714285714285715,0.0,0.2958031892776489,-0.24354124707835056,,0,1
qwen32B-int4_telecom_50runs,baseline,Qwen3-Embedding-0.6B,08cbb451-8060-4b07-968f-73e90ecfc2e0,29,34,user,,,,,,0.3352615237236023,1,1
qwen32B-int4_telecom_50runs,baseline,Qwen3-Embedding-0.6B,08cbb451-8060-4b07-968f-73e90ecfc2e0,30,34,tool,,,,,,,0,1
qwen32B-int4_telecom_50runs,baseline,Qwen3-Embedding-0.6B,08cbb451-8060-4b07-968f-73e90ecfc2e0,31,34,user,,,,,,,0,1
qwen32B-int4_telecom_50runs,baseline,Qwen3-Embedding-0.6B,08cbb451-8060-4b07-968f-73e90ecfc2e0,32,34,agent,0.631842851638794,0.19047619047619047,0.0,,,,0,1
qwen32B-int4_telecom_50runs,baseline,Qwen3-Embedding-0.6B,08cbb451-8060-4b07-968f-73e90ecfc2e0,33,34,user,,,,,,0.5222942233085632,0,1
qwen32B-int4_telecom_50runs,baseline,Qwen3-Embedding-0.6B,2366ac66-c028-43b4-ba64-65083c9c38e5,0,66,agent,,,,,,,0,0
qwen32B-int4_telecom_50runs,baseline,Qwen3-Embedding-0.6B,2366ac66-c028-43b4-ba64-65083c9c38e5,1,66,user,,,,,,0.5893117189407349,0,0
qwen32B-int4_telecom_50runs,baseline,Qwen3-Embedding-0.6B,2366ac66-c028-43b4-ba64-65083c9c38e5,2,66,agent,0.40982288122177124,0.0,0.0,0.19669842720031738,-0.40536848349230625,,0,0
qwen32B-int4_telecom_50runs,baseline,Qwen3-Embedding-0.6B,2366ac66-c028-43b4-ba64-65083c9c38e5,3,66,tool,,,,,,,0,0
qwen32B-int4_telecom_50runs,baseline,Qwen3-Embedding-0.6B,2366ac66-c028-43b4-ba64-65083c9c38e5,4,66,agent,0.685229480266571,0.05,0.0,,,,0,0
qwen32B-int4_telecom_50runs,baseline,Qwen3-Embedding-0.6B,2366ac66-c028-43b4-ba64-65083c9c38e5,5,66,user,,,,,,0.3255651593208313,0,0
qwen32B-int4_telecom_50runs,baseline,Qwen3-Embedding-0.6B,2366ac66-c028-43b4-ba64-65083c9c38e5,6,66,agent,0.7521787881851196,0.35,0.0,0.6020996570587158,-0.023450753518513223,,0,0
qwen32B-int4_telecom_50runs,baseline,Qwen3-Embedding-0.6B,2366ac66-c028-43b4-ba64-65083c9c38e5,7,66,tool,,,,,,,0,0
qwen32B-int4_telecom_50runs,baseline,Qwen3-Embedding-0.6B,2366ac66-c028-43b4-ba64-65083c9c38e5,8,66,agent,0.44629183411598206,0.2835820895522388,0.0,,,,0,0
qwen32B-int4_telecom_50runs,baseline,Qwen3-Embedding-0.6B,2366ac66-c028-43b4-ba64-65083c9c38e5,9,66,user,,,,,,0.43088310956954956,0,0
qwen32B-int4_telecom_50runs,baseline,Qwen3-Embedding-0.6B,2366ac66-c028-43b4-ba64-65083c9c38e5,10,66,agent,0.7642191052436829,0.3333333333333333,0.0,0.44828200340270996,-0.13372069384370533,,0,0
qwen32B-int4_telecom_50runs,baseline,Qwen3-Embedding-0.6B,2366ac66-c028-43b4-ba64-65083c9c38e5,11,66,tool,,,,,,,0,0
qwen32B-int4_telecom_50runs,baseline,Qwen3-Embedding-0.6B,2366ac66-c028-43b4-ba64-65083c9c38e5,12,66,agent,0.46086618304252625,0.2087912087912088,0.0,0.4929397702217102,-0.0018480675561087234,,0,0
qwen32B-int4_telecom_50runs,baseline,Qwen3-Embedding-0.6B,2366ac66-c028-43b4-ba64-65083c9c38e5,13,66,user,,,,,,0.4692966938018799,1,0
qwen32B-int4_telecom_50runs,baseline,Qwen3-Embedding-0.6B,2366ac66-c028-43b4-ba64-65083c9c38e5,14,66,tool,,,,,,,0,0
qwen32B-int4_telecom_50runs,baseline,Qwen3-Embedding-0.6B,2366ac66-c028-43b4-ba64-65083c9c38e5,15,66,user,,,,,,,0,0
qwen32B-int4_telecom_50runs,baseline,Qwen3-Embedding-0.6B,2366ac66-c028-43b4-ba64-65083c9c38e5,16,66,agent,0.7285022735595703,0.19047619047619047,0.0,0.3472301959991455,-0.18066337917532238,,0,0
qwen32B-int4_telecom_50runs,baseline,Qwen3-Embedding-0.6B,2366ac66-c028-43b4-ba64-65083c9c38e5,17,66,user,,,,,,0.4141809344291687,1,0
qwen32B-int4_telecom_50runs,baseline,Qwen3-Embedding-0.6B,2366ac66-c028-43b4-ba64-65083c9c38e5,18,66,tool,,,,,,,0,0
qwen32B-int4_telecom_50runs,baseline,Qwen3-Embedding-0.6B,2366ac66-c028-43b4-ba64-65083c9c38e5,19,66,tool,,,,,,,0,0
qwen32B-int4_telecom_50runs,baseline,Qwen3-Embedding-0.6B,2366ac66-c028-43b4-ba64-65083c9c38e5,20,66,user,,,,,,,0,0
qwen32B-int4_telecom_50runs,baseline,Qwen3-Embedding-0.6B,2366ac66-c028-43b4-ba64-65083c9c38e5,21,66,agent,0.7449299097061157,0.23376623376623376,0.0,,,,0,0
qwen32B-int4_telecom_50runs,baseline,Qwen3-Embedding-0.6B,2366ac66-c028-43b4-ba64-65083c9c38e5,22,66,user,,,,,,0.7009896337985992,0,0
qwen32B-int4_telecom_50runs,baseline,Qwen3-Embedding-0.6B,2366ac66-c028-43b4-ba64-65083c9c38e5,23,66,agent,0.5909174084663391,0.19801980198019803,0.0,0.4924997091293335,-0.14183836749621803,,0,0
qwen32B-int4_telecom_50runs,baseline,Qwen3-Embedding-0.6B,2366ac66-c028-43b4-ba64-65083c9c38e5,24,66,user,,,,,,0.38254058361053467,1,0
qwen32B-int4_telecom_50runs,baseline,Qwen3-Embedding-0.6B,2366ac66-c028-43b4-ba64-65083c9c38e5,25,66,tool,,,,,,,0,0
qwen32B-int4_telecom_50runs,baseline,Qwen3-Embedding-0.6B,2366ac66-c028-43b4-ba64-65083c9c38e5,26,66,tool,,,,,,,0,0
qwen32B-int4_telecom_50runs,baseline,Qwen3-Embedding-0.6B,2366ac66-c028-43b4-ba64-65083c9c38e5,27,66,user,,,,,,,0,0
qwen32B-int4_telecom_50runs,baseline,Qwen3-Embedding-0.6B,2366ac66-c028-43b4-ba64-65083c9c38e5,28,66,agent,0.6253316402435303,0.24731182795698925,0.0,0.2760530114173889,-0.2130543312856129,,0,0
qwen32B-int4_telecom_50runs,baseline,Qwen3-Embedding-0.6B,2366ac66-c028-43b4-ba64-65083c9c38e5,29,66,user,,,,,,0.24231719970703125,1,0
qwen32B-int4_telecom_50runs,baseline,Qwen3-Embedding-0.6B,2366ac66-c028-43b4-ba64-65083c9c38e5,30,66,tool,,,,,,,0,0
qwen32B-int4_telecom_50runs,baseline,Qwen3-Embedding-0.6B,2366ac66-c028-43b4-ba64-65083c9c38e5,31,66,user,,,,,,,0,0
qwen32B-int4_telecom_50runs,baseline,Qwen3-Embedding-0.6B,2366ac66-c028-43b4-ba64-65083c9c38e5,32,66,agent,0.5315022468566895,0.34782608695652173,0.0,0.3476659059524536,-0.24980877020529335,,0,0
qwen32B-int4_telecom_50runs,baseline,Qwen3-Embedding-0.6B,2366ac66-c028-43b4-ba64-65083c9c38e5,33,66,user,,,,,,0.4497048854827881,1,0
qwen32B-int4_telecom_50runs,baseline,Qwen3-Embedding-0.6B,2366ac66-c028-43b4-ba64-65083c9c38e5,34,66,tool,,,,,,,0,0
qwen32B-int4_telecom_50runs,baseline,Qwen3-Embedding-0.6B,2366ac66-c028-43b4-ba64-65083c9c38e5,35,66,user,,,,,,,0,0
qwen32B-int4_telecom_50runs,baseline,Qwen3-Embedding-0.6B,2366ac66-c028-43b4-ba64-65083c9c38e5,36,66,agent,0.6193329691886902,0.27692307692307694,0.0,0.35040342807769775,-0.159118401152747,,0,0
qwen32B-int4_telecom_50runs,baseline,Qwen3-Embedding-0.6B,2366ac66-c028-43b4-ba64-65083c9c38e5,37,66,user,,,,,,0.3153037428855896,1,0
qwen32B-int4_telecom_50runs,baseline,Qwen3-Embedding-0.6B,2366ac66-c028-43b4-ba64-65083c9c38e5,38,66,tool,,,,,,,0,0
qwen32B-int4_telecom_50runs,baseline,Qwen3-Embedding-0.6B,2366ac66-c028-43b4-ba64-65083c9c38e5,39,66,user,,,,,,,0,0
qwen32B-int4_telecom_50runs,baseline,Qwen3-Embedding-0.6B,2366ac66-c028-43b4-ba64-65083c9c38e5,40,66,agent,0.6164087057113647,0.2597402597402597,0.0,0.46638017892837524,-0.035087349159376946,,0,0
qwen32B-int4_telecom_50runs,baseline,Qwen3-Embedding-0.6B,2366ac66-c028-43b4-ba64-65083c9c38e5,41,66,user,,,,,,0.38424861431121826,1,0
qwen32B-int4_telecom_50runs,baseline,Qwen3-Embedding-0.6B,2366ac66-c028-43b4-ba64-65083c9c38e5,42,66,tool,,,,,,,0,0
qwen32B-int4_telecom_50runs,baseline,Qwen3-Embedding-0.6B,2366ac66-c028-43b4-ba64-65083c9c38e5,43,66,user,,,,,,,0,0
qwen32B-int4_telecom_50runs,baseline,Qwen3-Embedding-0.6B,2366ac66-c028-43b4-ba64-65083c9c38e5,44,66,agent,0.8810052871704102,0.3488372093023256,0.0,0.3890741467475891,-0.13118436932563782,,0,0
qwen32B-int4_telecom_50runs,baseline,Qwen3-Embedding-0.6B,2366ac66-c028-43b4-ba64-65083c9c38e5,45,66,user,,,,,,0.366624116897583,1,0
qwen32B-int4_telecom_50runs,baseline,Qwen3-Embedding-0.6B,2366ac66-c028-43b4-ba64-65083c9c38e5,46,66,tool,,,,,,,0,0
qwen32B-int4_telecom_50runs,baseline,Qwen3-Embedding-0.6B,2366ac66-c028-43b4-ba64-65083c9c38e5,47,66,user,,,,,,,0,0
qwen32B-int4_telecom_50runs,baseline,Qwen3-Embedding-0.6B,2366ac66-c028-43b4-ba64-65083c9c38e5,48,66,agent,0.683483362197876,0.3013698630136986,0.0,0.34005314111709595,-0.16069083554404118,,0,0
qwen32B-int4_telecom_50runs,baseline,Qwen3-Embedding-0.6B,2366ac66-c028-43b4-ba64-65083c9c38e5,49,66,user,,,,,,0.29208046197891235,1,0
qwen32B-int4_telecom_50runs,baseline,Qwen3-Embedding-0.6B,2366ac66-c028-43b4-ba64-65083c9c38e5,50,66,tool,,,,,,,0,0
qwen32B-int4_telecom_50runs,baseline,Qwen3-Embedding-0.6B,2366ac66-c028-43b4-ba64-65083c9c38e5,51,66,user,,,,,,,0,0
qwen32B-int4_telecom_50runs,baseline,Qwen3-Embedding-0.6B,2366ac66-c028-43b4-ba64-65083c9c38e5,52,66,agent,0.6916512250900269,0.23595505617977527,0.0,,,,0,0
qwen32B-int4_telecom_50runs,baseline,Qwen3-Embedding-0.6B,2366ac66-c028-43b4-ba64-65083c9c38e5,53,66,user,,,,,,0.3757156729698181,0,0
qwen32B-int4_telecom_50runs,baseline,Qwen3-Embedding-0.6B,2366ac66-c028-43b4-ba64-65083c9c38e5,54,66,agent,0.29667332768440247,0.024691358024691357,0.0,0.4723093509674072,-0.08611028109277996,,0,0
qwen32B-int4_telecom_50runs,baseline,Qwen3-Embedding-0.6B,2366ac66-c028-43b4-ba64-65083c9c38e5,55,66,tool,,,,,,,0,0
qwen32B-int4_telecom_50runs,baseline,Qwen3-Embedding-0.6B,2366ac66-c028-43b4-ba64-65083c9c38e5,56,66,agent,0.7591572403907776,0.29347826086956524,0.0,,,,0,0
qwen32B-int4_telecom_50runs,baseline,Qwen3-Embedding-0.6B,2366ac66-c028-43b4-ba64-65083c9c38e5,57,66,user,,,,,,0.10957914590835571,0,0
qwen32B-int4_telecom_50runs,baseline,Qwen3-Embedding-0.6B,2366ac66-c028-43b4-ba64-65083c9c38e5,58,66,agent,0.7477028369903564,0.5333333333333333,0.0,0.21965914964675903,-0.23534663660185678,,0,0
qwen32B-int4_telecom_50runs,baseline,Qwen3-Embedding-0.6B,2366ac66-c028-43b4-ba64-65083c9c38e5,59,66,tool,,,,,,,0,0
qwen32B-int4_telecom_50runs,baseline,Qwen3-Embedding-0.6B,2366ac66-c028-43b4-ba64-65083c9c38e5,60,66,agent,0.7385372519493103,0.16455696202531644,0.0,0.3204219937324524,-0.14228295002664837,,0,0
qwen32B-int4_telecom_50runs,baseline,Qwen3-Embedding-0.6B,2366ac66-c028-43b4-ba64-65083c9c38e5,61,66,user,,,,,,0.4292832612991333,1,0
qwen32B-int4_telecom_50runs,baseline,Qwen3-Embedding-0.6B,2366ac66-c028-43b4-ba64-65083c9c38e5,62,66,tool,,,,,,,0,0
qwen32B-int4_telecom_50runs,baseline,Qwen3-Embedding-0.6B,2366ac66-c028-43b4-ba64-65083c9c38e5,63,66,user,,,,,,,0,0
qwen32B-int4_telecom_50runs,baseline,Qwen3-Embedding-0.6B,2366ac66-c028-43b4-ba64-65083c9c38e5,64,66,agent,0.6628378033638,0.24675324675324675,0.0,,,,0,0
qwen32B-int4_telecom_50runs,baseline,Qwen3-Embedding-0.6B,2366ac66-c028-43b4-ba64-65083c9c38e5,65,66,user,,,,,,0.611642986536026,0,0
qwen32B-int4_telecom_50runs,baseline,Qwen3-Embedding-0.6B,02ac42e7-7292-4a73-8902-a7a230856e30,0,38,agent,,,,,,,0,1
qwen32B-int4_telecom_50runs,baseline,Qwen3-Embedding-0.6B,02ac42e7-7292-4a73-8902-a7a230856e30,1,38,user,,,,,,0.5465834438800812,0,1
qwen32B-int4_telecom_50runs,baseline,Qwen3-Embedding-0.6B,02ac42e7-7292-4a73-8902-a7a230856e30,2,38,agent,0.3862428367137909,0.08333333333333333,0.0,0.31461602449417114,-0.13637892007827757,,0,1
qwen32B-int4_telecom_50runs,baseline,Qwen3-Embedding-0.6B,02ac42e7-7292-4a73-8902-a7a230856e30,3,38,user,,,,,,0.2728928327560425,1,1
qwen32B-int4_telecom_50runs,baseline,Qwen3-Embedding-0.6B,02ac42e7-7292-4a73-8902-a7a230856e30,4,38,tool,,,,,,,0,1
qwen32B-int4_telecom_50runs,baseline,Qwen3-Embedding-0.6B,02ac42e7-7292-4a73-8902-a7a230856e30,5,38,user,,,,,,,0,1
qwen32B-int4_telecom_50runs,baseline,Qwen3-Embedding-0.6B,02ac42e7-7292-4a73-8902-a7a230856e30,6,38,agent,0.8365069627761841,0.36231884057971014,0.0,0.24072867631912231,-0.17250719070434573,,0,1
qwen32B-int4_telecom_50runs,baseline,Qwen3-Embedding-0.6B,02ac42e7-7292-4a73-8902-a7a230856e30,7,38,user,,,,,,0.34320127964019775,1,1
qwen32B-int4_telecom_50runs,baseline,Qwen3-Embedding-0.6B,02ac42e7-7292-4a73-8902-a7a230856e30,8,38,tool,,,,,,,0,1
qwen32B-int4_telecom_50runs,baseline,Qwen3-Embedding-0.6B,02ac42e7-7292-4a73-8902-a7a230856e30,9,38,user,,,,,,,0,1
qwen32B-int4_telecom_50runs,baseline,Qwen3-Embedding-0.6B,02ac42e7-7292-4a73-8902-a7a230856e30,10,38,agent,0.9213908314704895,0.5964912280701754,0.0,0.3684459328651428,-0.06986960768699646,,0,1
qwen32B-int4_telecom_50runs,baseline,Qwen3-Embedding-0.6B,02ac42e7-7292-4a73-8902-a7a230856e30,11,38,user,,,,,,0.471422016620636,1,1
qwen32B-int4_telecom_50runs,baseline,Qwen3-Embedding-0.6B,02ac42e7-7292-4a73-8902-a7a230856e30,12,38,tool,,,,,,,0,1
qwen32B-int4_telecom_50runs,baseline,Qwen3-Embedding-0.6B,02ac42e7-7292-4a73-8902-a7a230856e30,13,38,user,,,,,,,1,1
qwen32B-int4_telecom_50runs,baseline,Qwen3-Embedding-0.6B,02ac42e7-7292-4a73-8902-a7a230856e30,14,38,tool,,,,,,,0,1
qwen32B-int4_telecom_50runs,baseline,Qwen3-Embedding-0.6B,02ac42e7-7292-4a73-8902-a7a230856e30,15,38,user,,,,,,,0,1
qwen32B-int4_telecom_50runs,baseline,Qwen3-Embedding-0.6B,02ac42e7-7292-4a73-8902-a7a230856e30,16,38,agent,,,,0.42784208059310913,-0.04345185756683351,,0,1
qwen32B-int4_telecom_50runs,baseline,Qwen3-Embedding-0.6B,02ac42e7-7292-4a73-8902-a7a230856e30,17,38,user,,,,,,0.31318193674087524,1,1
qwen32B-int4_telecom_50runs,baseline,Qwen3-Embedding-0.6B,02ac42e7-7292-4a73-8902-a7a230856e30,18,38,tool,,,,,,,0,1
qwen32B-int4_telecom_50runs,baseline,Qwen3-Embedding-0.6B,02ac42e7-7292-4a73-8902-a7a230856e30,19,38,user,,,,,,,1,1
qwen32B-int4_telecom_50runs,baseline,Qwen3-Embedding-0.6B,02ac42e7-7292-4a73-8902-a7a230856e30,20,38,tool,,,,,,,0,1
qwen32B-int4_telecom_50runs,baseline,Qwen3-Embedding-0.6B,02ac42e7-7292-4a73-8902-a7a230856e30,21,38,user,,,,,,,1,1
qwen32B-int4_telecom_50runs,baseline,Qwen3-Embedding-0.6B,02ac42e7-7292-4a73-8902-a7a230856e30,22,38,tool,,,,,,,0,1
qwen32B-int4_telecom_50runs,baseline,Qwen3-Embedding-0.6B,02ac42e7-7292-4a73-8902-a7a230856e30,23,38,user,,,,,,,0,1
qwen32B-int4_telecom_50runs,baseline,Qwen3-Embedding-0.6B,02ac42e7-7292-4a73-8902-a7a230856e30,24,38,agent,,,,0.3517864942550659,-0.10991786718368529,,0,1
qwen32B-int4_telecom_50runs,baseline,Qwen3-Embedding-0.6B,02ac42e7-7292-4a73-8902-a7a230856e30,25,38,user,,,,,,0.3754768371582031,1,1
qwen32B-int4_telecom_50runs,baseline,Qwen3-Embedding-0.6B,02ac42e7-7292-4a73-8902-a7a230856e30,26,38,tool,,,,,,,0,1
qwen32B-int4_telecom_50runs,baseline,Qwen3-Embedding-0.6B,02ac42e7-7292-4a73-8902-a7a230856e30,27,38,user,,,,,,,1,1
qwen32B-int4_telecom_50runs,baseline,Qwen3-Embedding-0.6B,02ac42e7-7292-4a73-8902-a7a230856e30,28,38,tool,,,,,,,0,1
qwen32B-int4_telecom_50runs,baseline,Qwen3-Embedding-0.6B,02ac42e7-7292-4a73-8902-a7a230856e30,29,38,user,,,,,,,1,1
qwen32B-int4_telecom_50runs,baseline,Qwen3-Embedding-0.6B,02ac42e7-7292-4a73-8902-a7a230856e30,30,38,tool,,,,,,,0,1
qwen32B-int4_telecom_50runs,baseline,Qwen3-Embedding-0.6B,02ac42e7-7292-4a73-8902-a7a230856e30,31,38,user,,,,,,,1,1
qwen32B-int4_telecom_50runs,baseline,Qwen3-Embedding-0.6B,02ac42e7-7292-4a73-8902-a7a230856e30,32,38,tool,,,,,,,0,1
qwen32B-int4_telecom_50runs,baseline,Qwen3-Embedding-0.6B,02ac42e7-7292-4a73-8902-a7a230856e30,33,38,user,,,,,,,0,1
qwen32B-int4_telecom_50runs,baseline,Qwen3-Embedding-0.6B,02ac42e7-7292-4a73-8902-a7a230856e30,34,38,agent,,,,0.6958814859390259,0.14712834954261778,,0,1
qwen32B-int4_telecom_50runs,baseline,Qwen3-Embedding-0.6B,02ac42e7-7292-4a73-8902-a7a230856e30,35,38,tool,,,,,,,0,1
qwen32B-int4_telecom_50runs,baseline,Qwen3-Embedding-0.6B,02ac42e7-7292-4a73-8902-a7a230856e30,36,38,agent,0.35289710760116577,0.07272727272727272,0.0,,,,0,1
qwen32B-int4_telecom_50runs,baseline,Qwen3-Embedding-0.6B,02ac42e7-7292-4a73-8902-a7a230856e30,37,38,user,,,,,,0.23253220319747925,0,1
qwen32B-int4_telecom_50runs,baseline,Qwen3-Embedding-0.6B,f2f20e69-1a92-42d9-b238-8777b8070bb7,0,53,agent,,,,,,,0,1
qwen32B-int4_telecom_50runs,baseline,Qwen3-Embedding-0.6B,f2f20e69-1a92-42d9-b238-8777b8070bb7,1,53,user,,,,,,0.566540390253067,0,1
qwen32B-int4_telecom_50runs,baseline,Qwen3-Embedding-0.6B,f2f20e69-1a92-42d9-b238-8777b8070bb7,2,53,agent,0.401388019323349,0.0,0.0,0.1962544322013855,-0.4543097235939719,,0,1
qwen32B-int4_telecom_50runs,baseline,Qwen3-Embedding-0.6B,f2f20e69-1a92-42d9-b238-8777b8070bb7,3,53,tool,,,,,,,0,1
qwen32B-int4_telecom_50runs,baseline,Qwen3-Embedding-0.6B,f2f20e69-1a92-42d9-b238-8777b8070bb7,4,53,agent,0.5498325228691101,0.09375,0.0,,,,0,1
qwen32B-int4_telecom_50runs,baseline,Qwen3-Embedding-0.6B,f2f20e69-1a92-42d9-b238-8777b8070bb7,5,53,user,,,,,,0.3862706422805786,0,1
qwen32B-int4_telecom_50runs,baseline,Qwen3-Embedding-0.6B,f2f20e69-1a92-42d9-b238-8777b8070bb7,6,53,agent,0.7464114427566528,0.3684210526315789,0.0,0.6064059734344482,-0.04968658360567957,,0,1
qwen32B-int4_telecom_50runs,baseline,Qwen3-Embedding-0.6B,f2f20e69-1a92-42d9-b238-8777b8070bb7,7,53,tool,,,,,,,0,1
qwen32B-int4_telecom_50runs,baseline,Qwen3-Embedding-0.6B,f2f20e69-1a92-42d9-b238-8777b8070bb7,8,53,agent,0.543692409992218,0.2,0.0,,,,0,1
qwen32B-int4_telecom_50runs,baseline,Qwen3-Embedding-0.6B,f2f20e69-1a92-42d9-b238-8777b8070bb7,9,53,user,,,,,,0.5077072083950043,0,1
qwen32B-int4_telecom_50runs,baseline,Qwen3-Embedding-0.6B,f2f20e69-1a92-42d9-b238-8777b8070bb7,10,53,agent,0.7551183104515076,0.3333333333333333,0.0,0.45151960849761963,-0.17731247164986352,,0,1
qwen32B-int4_telecom_50runs,baseline,Qwen3-Embedding-0.6B,f2f20e69-1a92-42d9-b238-8777b8070bb7,11,53,tool,,,,,,,0,1
qwen32B-int4_telecom_50runs,baseline,Qwen3-Embedding-0.6B,f2f20e69-1a92-42d9-b238-8777b8070bb7,12,53,agent,0.5174767971038818,0.21951219512195122,0.0,0.510938972234726,-0.0596200281923468,,0,1
qwen32B-int4_telecom_50runs,baseline,Qwen3-Embedding-0.6B,f2f20e69-1a92-42d9-b238-8777b8070bb7,13,53,user,,,,,,0.4452647566795349,1,1
qwen32B-int4_telecom_50runs,baseline,Qwen3-Embedding-0.6B,f2f20e69-1a92-42d9-b238-8777b8070bb7,14,53,tool,,,,,,,0,1
qwen32B-int4_telecom_50runs,baseline,Qwen3-Embedding-0.6B,f2f20e69-1a92-42d9-b238-8777b8070bb7,15,53,user,,,,,,,0,1
qwen32B-int4_telecom_50runs,baseline,Qwen3-Embedding-0.6B,f2f20e69-1a92-42d9-b238-8777b8070bb7,16,53,agent,0.6417570114135742,0.0,0.0,0.23525851964950562,-0.2636905475096269,,0,1
qwen32B-int4_telecom_50runs,baseline,Qwen3-Embedding-0.6B,f2f20e69-1a92-42d9-b238-8777b8070bb7,17,53,tool,,,,,,,0,1
qwen32B-int4_telecom_50runs,baseline,Qwen3-Embedding-0.6B,f2f20e69-1a92-42d9-b238-8777b8070bb7,18,53,agent,0.6124088764190674,0.0,0.0,0.4486227035522461,-0.055831838737834594,,0,1
qwen32B-int4_telecom_50runs,baseline,Qwen3-Embedding-0.6B,f2f20e69-1a92-42d9-b238-8777b8070bb7,19,53,user,,,,,,0.4219819903373718,1,1
qwen32B-int4_telecom_50runs,baseline,Qwen3-Embedding-0.6B,f2f20e69-1a92-42d9-b238-8777b8070bb7,20,53,tool,,,,,,,0,1
qwen32B-int4_telecom_50runs,baseline,Qwen3-Embedding-0.6B,f2f20e69-1a92-42d9-b238-8777b8070bb7,21,53,tool,,,,,,,0,1
qwen32B-int4_telecom_50runs,baseline,Qwen3-Embedding-0.6B,f2f20e69-1a92-42d9-b238-8777b8070bb7,22,53,user,,,,,,,0,1
qwen32B-int4_telecom_50runs,baseline,Qwen3-Embedding-0.6B,f2f20e69-1a92-42d9-b238-8777b8070bb7,23,53,agent,0.7021576166152954,0.1875,0.0,0.3615296483039856,-0.18200550296089868,,0,1
qwen32B-int4_telecom_50runs,baseline,Qwen3-Embedding-0.6B,f2f20e69-1a92-42d9-b238-8777b8070bb7,24,53,user,,,,,,0.380246639251709,1,1
qwen32B-int4_telecom_50runs,baseline,Qwen3-Embedding-0.6B,f2f20e69-1a92-42d9-b238-8777b8070bb7,25,53,tool,,,,,,,0,1
qwen32B-int4_telecom_50runs,baseline,Qwen3-Embedding-0.6B,f2f20e69-1a92-42d9-b238-8777b8070bb7,26,53,tool,,,,,,,0,1
qwen32B-int4_telecom_50runs,baseline,Qwen3-Embedding-0.6B,f2f20e69-1a92-42d9-b238-8777b8070bb7,27,53,user,,,,,,,0,1
qwen32B-int4_telecom_50runs,baseline,Qwen3-Embedding-0.6B,f2f20e69-1a92-42d9-b238-8777b8070bb7,28,53,agent,0.8202891945838928,0.3855421686746988,0.0,0.3733927011489868,-0.20490424741398205,,0,1
qwen32B-int4_telecom_50runs,baseline,Qwen3-Embedding-0.6B,f2f20e69-1a92-42d9-b238-8777b8070bb7,29,53,user,,,,,,0.2677069902420044,1,1
qwen32B-int4_telecom_50runs,baseline,Qwen3-Embedding-0.6B,f2f20e69-1a92-42d9-b238-8777b8070bb7,30,53,tool,,,,,,,0,1
qwen32B-int4_telecom_50runs,baseline,Qwen3-Embedding-0.6B,f2f20e69-1a92-42d9-b238-8777b8070bb7,31,53,tool,,,,,,,0,1
qwen32B-int4_telecom_50runs,baseline,Qwen3-Embedding-0.6B,f2f20e69-1a92-42d9-b238-8777b8070bb7,32,53,tool,,,,,,,0,1
qwen32B-int4_telecom_50runs,baseline,Qwen3-Embedding-0.6B,f2f20e69-1a92-42d9-b238-8777b8070bb7,33,53,user,,,,,,,0,1
qwen32B-int4_telecom_50runs,baseline,Qwen3-Embedding-0.6B,f2f20e69-1a92-42d9-b238-8777b8070bb7,34,53,agent,,,,0.35185545682907104,-0.2003592496568506,,0,1
qwen32B-int4_telecom_50runs,baseline,Qwen3-Embedding-0.6B,f2f20e69-1a92-42d9-b238-8777b8070bb7,35,53,user,,,,,,0.33731359243392944,1,1
qwen32B-int4_telecom_50runs,baseline,Qwen3-Embedding-0.6B,f2f20e69-1a92-42d9-b238-8777b8070bb7,36,53,tool,,,,,,,0,1
qwen32B-int4_telecom_50runs,baseline,Qwen3-Embedding-0.6B,f2f20e69-1a92-42d9-b238-8777b8070bb7,37,53,tool,,,,,,,0,1
qwen32B-int4_telecom_50runs,baseline,Qwen3-Embedding-0.6B,f2f20e69-1a92-42d9-b238-8777b8070bb7,38,53,user,,,,,,,0,1
qwen32B-int4_telecom_50runs,baseline,Qwen3-Embedding-0.6B,f2f20e69-1a92-42d9-b238-8777b8070bb7,39,53,agent,0.7230857610702515,0.38961038961038963,0.0,0.38743865489959717,-0.18580767918716778,,0,1
qwen32B-int4_telecom_50runs,baseline,Qwen3-Embedding-0.6B,f2f20e69-1a92-42d9-b238-8777b8070bb7,40,53,user,,,,,,0.36133766174316406,1,1
qwen32B-int4_telecom_50runs,baseline,Qwen3-Embedding-0.6B,f2f20e69-1a92-42d9-b238-8777b8070bb7,41,53,tool,,,,,,,0,1
qwen32B-int4_telecom_50runs,baseline,Qwen3-Embedding-0.6B,f2f20e69-1a92-42d9-b238-8777b8070bb7,42,53,tool,,,,,,,0,1
qwen32B-int4_telecom_50runs,baseline,Qwen3-Embedding-0.6B,f2f20e69-1a92-42d9-b238-8777b8070bb7,43,53,tool,,,,,,,0,1
qwen32B-int4_telecom_50runs,baseline,Qwen3-Embedding-0.6B,f2f20e69-1a92-42d9-b238-8777b8070bb7,44,53,user,,,,,,,0,1
qwen32B-int4_telecom_50runs,baseline,Qwen3-Embedding-0.6B,f2f20e69-1a92-42d9-b238-8777b8070bb7,45,53,agent,,,,0.49411386251449585,-0.027864231304688847,,0,1
qwen32B-int4_telecom_50runs,baseline,Qwen3-Embedding-0.6B,f2f20e69-1a92-42d9-b238-8777b8070bb7,46,53,tool,,,,,,,0,1
qwen32B-int4_telecom_50runs,baseline,Qwen3-Embedding-0.6B,f2f20e69-1a92-42d9-b238-8777b8070bb7,47,53,agent,0.6810323596000671,0.21348314606741572,0.0,,,,0,1
qwen32B-int4_telecom_50runs,baseline,Qwen3-Embedding-0.6B,f2f20e69-1a92-42d9-b238-8777b8070bb7,48,53,user,,,,,,0.36634713411331177,0,1
qwen32B-int4_telecom_50runs,baseline,Qwen3-Embedding-0.6B,f2f20e69-1a92-42d9-b238-8777b8070bb7,49,53,agent,0.629829466342926,0.07446808510638298,0.0,0.49571913480758667,0.005485011772675963,,0,1
qwen32B-int4_telecom_50runs,baseline,Qwen3-Embedding-0.6B,f2f20e69-1a92-42d9-b238-8777b8070bb7,50,53,tool,,,,,,,0,1
qwen32B-int4_telecom_50runs,baseline,Qwen3-Embedding-0.6B,f2f20e69-1a92-42d9-b238-8777b8070bb7,51,53,agent,0.7403435111045837,0.08695652173913043,0.0,,,,0,1
qwen32B-int4_telecom_50runs,baseline,Qwen3-Embedding-0.6B,f2f20e69-1a92-42d9-b238-8777b8070bb7,52,53,user,,,,,,0.22931426763534546,0,1
qwen32B-int4_telecom_50runs,baseline,Qwen3-Embedding-0.6B,f1233686-d278-4e4e-a0b8-9669c90ab0c1,0,51,agent,,,,,,,0,1
qwen32B-int4_telecom_50runs,baseline,Qwen3-Embedding-0.6B,f1233686-d278-4e4e-a0b8-9669c90ab0c1,1,51,user,,,,,,0.5409566760063171,0,1
qwen32B-int4_telecom_50runs,baseline,Qwen3-Embedding-0.6B,f1233686-d278-4e4e-a0b8-9669c90ab0c1,2,51,agent,0.38704851269721985,0.08333333333333333,0.0,0.30968308448791504,-0.16681727766990662,,0,1
qwen32B-int4_telecom_50runs,baseline,Qwen3-Embedding-0.6B,f1233686-d278-4e4e-a0b8-9669c90ab0c1,3,51,user,,,,,,0.270966112613678,1,1
qwen32B-int4_telecom_50runs,baseline,Qwen3-Embedding-0.6B,f1233686-d278-4e4e-a0b8-9669c90ab0c1,4,51,tool,,,,,,,0,1
qwen32B-int4_telecom_50runs,baseline,Qwen3-Embedding-0.6B,f1233686-d278-4e4e-a0b8-9669c90ab0c1,5,51,user,,,,,,,0,1
qwen32B-int4_telecom_50runs,baseline,Qwen3-Embedding-0.6B,f1233686-d278-4e4e-a0b8-9669c90ab0c1,6,51,agent,0.733108639717102,0.2,0.0,0.33198004961013794,-0.19572696586449945,,0,1
qwen32B-int4_telecom_50runs,baseline,Qwen3-Embedding-0.6B,f1233686-d278-4e4e-a0b8-9669c90ab0c1,7,51,user,,,,,,0.5861982703208923,1,1
qwen32B-int4_telecom_50runs,baseline,Qwen3-Embedding-0.6B,f1233686-d278-4e4e-a0b8-9669c90ab0c1,8,51,tool,,,,,,,0,1
qwen32B-int4_telecom_50runs,baseline,Qwen3-Embedding-0.6B,f1233686-d278-4e4e-a0b8-9669c90ab0c1,9,51,user,,,,,,,1,1
qwen32B-int4_telecom_50runs,baseline,Qwen3-Embedding-0.6B,f1233686-d278-4e4e-a0b8-9669c90ab0c1,10,51,tool,,,,,,,0,1
qwen32B-int4_telecom_50runs,baseline,Qwen3-Embedding-0.6B,f1233686-d278-4e4e-a0b8-9669c90ab0c1,11,51,user,,,,,,,1,1
qwen32B-int4_telecom_50runs,baseline,Qwen3-Embedding-0.6B,f1233686-d278-4e4e-a0b8-9669c90ab0c1,12,51,tool,,,,,,,0,1
qwen32B-int4_telecom_50runs,baseline,Qwen3-Embedding-0.6B,f1233686-d278-4e4e-a0b8-9669c90ab0c1,13,51,user,,,,,,,0,1
qwen32B-int4_telecom_50runs,baseline,Qwen3-Embedding-0.6B,f1233686-d278-4e4e-a0b8-9669c90ab0c1,14,51,agent,,,,0.48602330684661865,-0.04878303408622742,,0,1
qwen32B-int4_telecom_50runs,baseline,Qwen3-Embedding-0.6B,f1233686-d278-4e4e-a0b8-9669c90ab0c1,15,51,user,,,,,,0.4016549587249756,1,1
qwen32B-int4_telecom_50runs,baseline,Qwen3-Embedding-0.6B,f1233686-d278-4e4e-a0b8-9669c90ab0c1,16,51,tool,,,,,,,0,1
qwen32B-int4_telecom_50runs,baseline,Qwen3-Embedding-0.6B,f1233686-d278-4e4e-a0b8-9669c90ab0c1,17,51,user,,,,,,,1,1
qwen32B-int4_telecom_50runs,baseline,Qwen3-Embedding-0.6B,f1233686-d278-4e4e-a0b8-9669c90ab0c1,18,51,tool,,,,,,,0,1
qwen32B-int4_telecom_50runs,baseline,Qwen3-Embedding-0.6B,f1233686-d278-4e4e-a0b8-9669c90ab0c1,19,51,user,,,,,,,0,1
qwen32B-int4_telecom_50runs,baseline,Qwen3-Embedding-0.6B,f1233686-d278-4e4e-a0b8-9669c90ab0c1,20,51,agent,,,,0.3851132392883301,-0.10230519870917004,,0,1
qwen32B-int4_telecom_50runs,baseline,Qwen3-Embedding-0.6B,f1233686-d278-4e4e-a0b8-9669c90ab0c1,21,51,user,,,,,,0.4198208451271057,1,1
qwen32B-int4_telecom_50runs,baseline,Qwen3-Embedding-0.6B,f1233686-d278-4e4e-a0b8-9669c90ab0c1,22,51,tool,,,,,,,0,1
qwen32B-int4_telecom_50runs,baseline,Qwen3-Embedding-0.6B,f1233686-d278-4e4e-a0b8-9669c90ab0c1,23,51,user,,,,,,,1,1
qwen32B-int4_telecom_50runs,baseline,Qwen3-Embedding-0.6B,f1233686-d278-4e4e-a0b8-9669c90ab0c1,24,51,tool,,,,,,,0,1
qwen32B-int4_telecom_50runs,baseline,Qwen3-Embedding-0.6B,f1233686-d278-4e4e-a0b8-9669c90ab0c1,25,51,user,,,,,,,1,1
qwen32B-int4_telecom_50runs,baseline,Qwen3-Embedding-0.6B,f1233686-d278-4e4e-a0b8-9669c90ab0c1,26,51,tool,,,,,,,0,1
qwen32B-int4_telecom_50runs,baseline,Qwen3-Embedding-0.6B,f1233686-d278-4e4e-a0b8-9669c90ab0c1,27,51,user,,,,,,,0,1
qwen32B-int4_telecom_50runs,baseline,Qwen3-Embedding-0.6B,f1233686-d278-4e4e-a0b8-9669c90ab0c1,28,51,agent,,,,0.4673497676849365,-0.06090725461641944,,0,1
qwen32B-int4_telecom_50runs,baseline,Qwen3-Embedding-0.6B,f1233686-d278-4e4e-a0b8-9669c90ab0c1,29,51,user,,,,,,0.3768571615219116,1,1
qwen32B-int4_telecom_50runs,baseline,Qwen3-Embedding-0.6B,f1233686-d278-4e4e-a0b8-9669c90ab0c1,30,51,tool,,,,,,,0,1
qwen32B-int4_telecom_50runs,baseline,Qwen3-Embedding-0.6B,f1233686-d278-4e4e-a0b8-9669c90ab0c1,31,51,user,,,,,,,1,1
qwen32B-int4_telecom_50runs,baseline,Qwen3-Embedding-0.6B,f1233686-d278-4e4e-a0b8-9669c90ab0c1,32,51,tool,,,,,,,0,1
qwen32B-int4_telecom_50runs,baseline,Qwen3-Embedding-0.6B,f1233686-d278-4e4e-a0b8-9669c90ab0c1,33,51,user,,,,,,,1,1
qwen32B-int4_telecom_50runs,baseline,Qwen3-Embedding-0.6B,f1233686-d278-4e4e-a0b8-9669c90ab0c1,34,51,tool,,,,,,,0,1
qwen32B-int4_telecom_50runs,baseline,Qwen3-Embedding-0.6B,f1233686-d278-4e4e-a0b8-9669c90ab0c1,35,51,user,,,,,,,0,1
qwen32B-int4_telecom_50runs,baseline,Qwen3-Embedding-0.6B,f1233686-d278-4e4e-a0b8-9669c90ab0c1,36,51,agent,,,,0.44374948740005493,-0.06229424228270852,,0,1
qwen32B-int4_telecom_50runs,baseline,Qwen3-Embedding-0.6B,f1233686-d278-4e4e-a0b8-9669c90ab0c1,37,51,user,,,,,,0.40758979320526123,1,1
qwen32B-int4_telecom_50runs,baseline,Qwen3-Embedding-0.6B,f1233686-d278-4e4e-a0b8-9669c90ab0c1,38,51,tool,,,,,,,0,1
qwen32B-int4_telecom_50runs,baseline,Qwen3-Embedding-0.6B,f1233686-d278-4e4e-a0b8-9669c90ab0c1,39,51,user,,,,,,,1,1
qwen32B-int4_telecom_50runs,baseline,Qwen3-Embedding-0.6B,f1233686-d278-4e4e-a0b8-9669c90ab0c1,40,51,tool,,,,,,,0,1
qwen32B-int4_telecom_50runs,baseline,Qwen3-Embedding-0.6B,f1233686-d278-4e4e-a0b8-9669c90ab0c1,41,51,user,,,,,,,1,1
qwen32B-int4_telecom_50runs,baseline,Qwen3-Embedding-0.6B,f1233686-d278-4e4e-a0b8-9669c90ab0c1,42,51,tool,,,,,,,0,1
qwen32B-int4_telecom_50runs,baseline,Qwen3-Embedding-0.6B,f1233686-d278-4e4e-a0b8-9669c90ab0c1,43,51,user,,,,,,,1,1
qwen32B-int4_telecom_50runs,baseline,Qwen3-Embedding-0.6B,f1233686-d278-4e4e-a0b8-9669c90ab0c1,44,51,tool,,,,,,,0,1
qwen32B-int4_telecom_50runs,baseline,Qwen3-Embedding-0.6B,f1233686-d278-4e4e-a0b8-9669c90ab0c1,45,51,tool,,,,,,,0,1
qwen32B-int4_telecom_50runs,baseline,Qwen3-Embedding-0.6B,f1233686-d278-4e4e-a0b8-9669c90ab0c1,46,51,user,,,,,,,0,1
qwen32B-int4_telecom_50runs,baseline,Qwen3-Embedding-0.6B,f1233686-d278-4e4e-a0b8-9669c90ab0c1,47,51,agent,,,,0.5526927709579468,0.024061312278111813,,0,1
qwen32B-int4_telecom_50runs,baseline,Qwen3-Embedding-0.6B,f1233686-d278-4e4e-a0b8-9669c90ab0c1,48,51,tool,,,,,,,0,1
qwen32B-int4_telecom_50runs,baseline,Qwen3-Embedding-0.6B,f1233686-d278-4e4e-a0b8-9669c90ab0c1,49,51,agent,0.597789466381073,0.11363636363636363,0.0,,,,0,1
qwen32B-int4_telecom_50runs,baseline,Qwen3-Embedding-0.6B,f1233686-d278-4e4e-a0b8-9669c90ab0c1,50,51,user,,,,,,0.2325425148010254,0,1
qwen32B-int4_telecom_50runs,baseline,Qwen3-Embedding-0.6B,83c94577-9219-4136-a119-1a162b5d55fc,0,66,agent,,,,,,,0,1
qwen32B-int4_telecom_50runs,baseline,Qwen3-Embedding-0.6B,83c94577-9219-4136-a119-1a162b5d55fc,1,66,user,,,,,,0.5437982082366943,0,1
qwen32B-int4_telecom_50runs,baseline,Qwen3-Embedding-0.6B,83c94577-9219-4136-a119-1a162b5d55fc,2,66,agent,0.3833618760108948,0.08333333333333333,0.0,0.3149413466453552,-0.14446258003061468,,0,1
qwen32B-int4_telecom_50runs,baseline,Qwen3-Embedding-0.6B,83c94577-9219-4136-a119-1a162b5d55fc,3,66,user,,,,,,0.2712075114250183,1,1
qwen32B-int4_telecom_50runs,baseline,Qwen3-Embedding-0.6B,83c94577-9219-4136-a119-1a162b5d55fc,4,66,tool,,,,,,,0,1
qwen32B-int4_telecom_50runs,baseline,Qwen3-Embedding-0.6B,83c94577-9219-4136-a119-1a162b5d55fc,5,66,user,,,,,,,0,1
qwen32B-int4_telecom_50runs,baseline,Qwen3-Embedding-0.6B,83c94577-9219-4136-a119-1a162b5d55fc,6,66,agent,0.8378386497497559,0.36231884057971014,0.0,0.24396538734436035,-0.1999721039425243,,0,1
qwen32B-int4_telecom_50runs,baseline,Qwen3-Embedding-0.6B,83c94577-9219-4136-a119-1a162b5d55fc,7,66,user,,,,,,0.3447842001914978,1,1
qwen32B-int4_telecom_50runs,baseline,Qwen3-Embedding-0.6B,83c94577-9219-4136-a119-1a162b5d55fc,8,66,tool,,,,,,,0,1
qwen32B-int4_telecom_50runs,baseline,Qwen3-Embedding-0.6B,83c94577-9219-4136-a119-1a162b5d55fc,9,66,user,,,,,,,0,1
qwen32B-int4_telecom_50runs,baseline,Qwen3-Embedding-0.6B,83c94577-9219-4136-a119-1a162b5d55fc,10,66,agent,0.9209627509117126,0.6981132075471698,0.0,0.23014330863952637,-0.2281484305858612,,0,1
qwen32B-int4_telecom_50runs,baseline,Qwen3-Embedding-0.6B,83c94577-9219-4136-a119-1a162b5d55fc,11,66,user,,,,,,0.4742591381072998,1,1
qwen32B-int4_telecom_50runs,baseline,Qwen3-Embedding-0.6B,83c94577-9219-4136-a119-1a162b5d55fc,12,66,tool,,,,,,,0,1
qwen32B-int4_telecom_50runs,baseline,Qwen3-Embedding-0.6B,83c94577-9219-4136-a119-1a162b5d55fc,13,66,user,,,,,,,0,1
qwen32B-int4_telecom_50runs,baseline,Qwen3-Embedding-0.6B,83c94577-9219-4136-a119-1a162b5d55fc,14,66,agent,0.7424021363258362,0.5303030303030303,0.0,0.4007267951965332,-0.09086484529755334,,0,1
qwen32B-int4_telecom_50runs,baseline,Qwen3-Embedding-0.6B,83c94577-9219-4136-a119-1a162b5d55fc,15,66,user,,,,,,0.3513054847717285,1,1
qwen32B-int4_telecom_50runs,baseline,Qwen3-Embedding-0.6B,83c94577-9219-4136-a119-1a162b5d55fc,16,66,tool,,,,,,,0,1
qwen32B-int4_telecom_50runs,baseline,Qwen3-Embedding-0.6B,83c94577-9219-4136-a119-1a162b5d55fc,17,66,user,,,,,,,1,1
qwen32B-int4_telecom_50runs,baseline,Qwen3-Embedding-0.6B,83c94577-9219-4136-a119-1a162b5d55fc,18,66,tool,,,,,,,0,1
qwen32B-int4_telecom_50runs,baseline,Qwen3-Embedding-0.6B,83c94577-9219-4136-a119-1a162b5d55fc,19,66,user,,,,,,,1,1
qwen32B-int4_telecom_50runs,baseline,Qwen3-Embedding-0.6B,83c94577-9219-4136-a119-1a162b5d55fc,20,66,tool,,,,,,,0,1
qwen32B-int4_telecom_50runs,baseline,Qwen3-Embedding-0.6B,83c94577-9219-4136-a119-1a162b5d55fc,21,66,user,,,,,,,0,1
qwen32B-int4_telecom_50runs,baseline,Qwen3-Embedding-0.6B,83c94577-9219-4136-a119-1a162b5d55fc,22,66,agent,,,,0.2924712300300598,-0.19195355068553577,,0,1
qwen32B-int4_telecom_50runs,baseline,Qwen3-Embedding-0.6B,83c94577-9219-4136-a119-1a162b5d55fc,23,66,user,,,,,,0.3936867117881775,1,1
qwen32B-int4_telecom_50runs,baseline,Qwen3-Embedding-0.6B,83c94577-9219-4136-a119-1a162b5d55fc,24,66,tool,,,,,,,0,1
qwen32B-int4_telecom_50runs,baseline,Qwen3-Embedding-0.6B,83c94577-9219-4136-a119-1a162b5d55fc,25,66,user,,,,,,,1,1
qwen32B-int4_telecom_50runs,baseline,Qwen3-Embedding-0.6B,83c94577-9219-4136-a119-1a162b5d55fc,26,66,tool,,,,,,,0,1
qwen32B-int4_telecom_50runs,baseline,Qwen3-Embedding-0.6B,83c94577-9219-4136-a119-1a162b5d55fc,27,66,user,,,,,,,1,1
qwen32B-int4_telecom_50runs,baseline,Qwen3-Embedding-0.6B,83c94577-9219-4136-a119-1a162b5d55fc,28,66,tool,,,,,,,0,1
qwen32B-int4_telecom_50runs,baseline,Qwen3-Embedding-0.6B,83c94577-9219-4136-a119-1a162b5d55fc,29,66,user,,,,,,,1,1
qwen32B-int4_telecom_50runs,baseline,Qwen3-Embedding-0.6B,83c94577-9219-4136-a119-1a162b5d55fc,30,66,tool,,,,,,,0,1
qwen32B-int4_telecom_50runs,baseline,Qwen3-Embedding-0.6B,83c94577-9219-4136-a119-1a162b5d55fc,31,66,user,,,,,,,0,1
qwen32B-int4_telecom_50runs,baseline,Qwen3-Embedding-0.6B,83c94577-9219-4136-a119-1a162b5d55fc,32,66,agent,,,,,,,0,1
qwen32B-int4_telecom_50runs,baseline,Qwen3-Embedding-0.6B,83c94577-9219-4136-a119-1a162b5d55fc,33,66,user,,,,,,0.4455958604812622,0,1
qwen32B-int4_telecom_50runs,baseline,Qwen3-Embedding-0.6B,83c94577-9219-4136-a119-1a162b5d55fc,34,66,agent,0.49298354983329773,0.015384615384615385,0.0,0.45069223642349243,-0.1866992359811609,,0,1
qwen32B-int4_telecom_50runs,baseline,Qwen3-Embedding-0.6B,83c94577-9219-4136-a119-1a162b5d55fc,35,66,tool,,,,,,,0,1
qwen32B-int4_telecom_50runs,baseline,Qwen3-Embedding-0.6B,83c94577-9219-4136-a119-1a162b5d55fc,36,66,agent,0.708057701587677,0.3333333333333333,0.0,,,,0,1
qwen32B-int4_telecom_50runs,baseline,Qwen3-Embedding-0.6B,83c94577-9219-4136-a119-1a162b5d55fc,37,66,user,,,,,,0.3220643997192383,0,1
qwen32B-int4_telecom_50runs,baseline,Qwen3-Embedding-0.6B,83c94577-9219-4136-a119-1a162b5d55fc,38,66,agent,0.567592203617096,0.4375,0.0,0.521428257226944,-0.08799840645356616,,0,1
qwen32B-int4_telecom_50runs,baseline,Qwen3-Embedding-0.6B,83c94577-9219-4136-a119-1a162b5d55fc,39,66,tool,,,,,,,0,1
qwen32B-int4_telecom_50runs,baseline,Qwen3-Embedding-0.6B,83c94577-9219-4136-a119-1a162b5d55fc,40,66,agent,0.6751094460487366,0.2028985507246377,0.0,0.3902125358581543,-0.21620391715656628,,0,1
qwen32B-int4_telecom_50runs,baseline,Qwen3-Embedding-0.6B,83c94577-9219-4136-a119-1a162b5d55fc,41,66,tool,,,,,,,0,1
qwen32B-int4_telecom_50runs,baseline,Qwen3-Embedding-0.6B,83c94577-9219-4136-a119-1a162b5d55fc,42,66,agent,0.7382778525352478,0.24390243902439024,0.0,0.3750431537628174,-0.07510617646304046,,0,1
qwen32B-int4_telecom_50runs,baseline,Qwen3-Embedding-0.6B,83c94577-9219-4136-a119-1a162b5d55fc,43,66,user,,,,,,0.40945446491241455,1,1
qwen32B-int4_telecom_50runs,baseline,Qwen3-Embedding-0.6B,83c94577-9219-4136-a119-1a162b5d55fc,44,66,tool,,,,,,,0,1
qwen32B-int4_telecom_50runs,baseline,Qwen3-Embedding-0.6B,83c94577-9219-4136-a119-1a162b5d55fc,45,66,user,,,,,,,0,1
qwen32B-int4_telecom_50runs,baseline,Qwen3-Embedding-0.6B,83c94577-9219-4136-a119-1a162b5d55fc,46,66,agent,0.7861782908439636,0.38372093023255816,0.0,0.40146052837371826,-0.05458955602212384,,0,1
qwen32B-int4_telecom_50runs,baseline,Qwen3-Embedding-0.6B,83c94577-9219-4136-a119-1a162b5d55fc,47,66,user,,,,,,0.3391066789627075,1,1
qwen32B-int4_telecom_50runs,baseline,Qwen3-Embedding-0.6B,83c94577-9219-4136-a119-1a162b5d55fc,48,66,tool,,,,,,,0,1
qwen32B-int4_telecom_50runs,baseline,Qwen3-Embedding-0.6B,83c94577-9219-4136-a119-1a162b5d55fc,49,66,user,,,,,,,1,1
qwen32B-int4_telecom_50runs,baseline,Qwen3-Embedding-0.6B,83c94577-9219-4136-a119-1a162b5d55fc,50,66,tool,,,,,,,0,1
qwen32B-int4_telecom_50runs,baseline,Qwen3-Embedding-0.6B,83c94577-9219-4136-a119-1a162b5d55fc,51,66,user,,,,,,,1,1
qwen32B-int4_telecom_50runs,baseline,Qwen3-Embedding-0.6B,83c94577-9219-4136-a119-1a162b5d55fc,52,66,tool,,,,,,,0,1
qwen32B-int4_telecom_50runs,baseline,Qwen3-Embedding-0.6B,83c94577-9219-4136-a119-1a162b5d55fc,53,66,user,,,,,,,0,1
qwen32B-int4_telecom_50runs,baseline,Qwen3-Embedding-0.6B,83c94577-9219-4136-a119-1a162b5d55fc,54,66,agent,,,,0.46724414825439453,-0.0359808016907085,,0,1
qwen32B-int4_telecom_50runs,baseline,Qwen3-Embedding-0.6B,83c94577-9219-4136-a119-1a162b5d55fc,55,66,user,,,,,,0.4498549699783325,1,1
qwen32B-int4_telecom_50runs,baseline,Qwen3-Embedding-0.6B,83c94577-9219-4136-a119-1a162b5d55fc,56,66,tool,,,,,,,0,1
qwen32B-int4_telecom_50runs,baseline,Qwen3-Embedding-0.6B,83c94577-9219-4136-a119-1a162b5d55fc,57,66,user,,,,,,,1,1
qwen32B-int4_telecom_50runs,baseline,Qwen3-Embedding-0.6B,83c94577-9219-4136-a119-1a162b5d55fc,58,66,tool,,,,,,,0,1
qwen32B-int4_telecom_50runs,baseline,Qwen3-Embedding-0.6B,83c94577-9219-4136-a119-1a162b5d55fc,59,66,user,,,,,,,1,1
qwen32B-int4_telecom_50runs,baseline,Qwen3-Embedding-0.6B,83c94577-9219-4136-a119-1a162b5d55fc,60,66,tool,,,,,,,0,1
qwen32B-int4_telecom_50runs,baseline,Qwen3-Embedding-0.6B,83c94577-9219-4136-a119-1a162b5d55fc,61,66,user,,,,,,,0,1
qwen32B-int4_telecom_50runs,baseline,Qwen3-Embedding-0.6B,83c94577-9219-4136-a119-1a162b5d55fc,62,66,agent,,,,0.6162874698638916,-0.04750282656062732,,0,1
qwen32B-int4_telecom_50runs,baseline,Qwen3-Embedding-0.6B,83c94577-9219-4136-a119-1a162b5d55fc,63,66,tool,,,,,,,0,1
qwen32B-int4_telecom_50runs,baseline,Qwen3-Embedding-0.6B,83c94577-9219-4136-a119-1a162b5d55fc,64,66,agent,0.5864845514297485,0.15384615384615385,0.0,,,,0,1
qwen32B-int4_telecom_50runs,baseline,Qwen3-Embedding-0.6B,83c94577-9219-4136-a119-1a162b5d55fc,65,66,user,,,,,,0.22931426763534546,0,1
qwen32B-int4_telecom_50runs,baseline,Qwen3-Embedding-0.6B,091c0113-be22-4f49-9d64-76d19f2109a1,0,53,agent,,,,,,,0,1
qwen32B-int4_telecom_50runs,baseline,Qwen3-Embedding-0.6B,091c0113-be22-4f49-9d64-76d19f2109a1,1,53,user,,,,,,0.566540390253067,0,1
qwen32B-int4_telecom_50runs,baseline,Qwen3-Embedding-0.6B,091c0113-be22-4f49-9d64-76d19f2109a1,2,53,agent,0.4036281704902649,0.0,0.0,0.19367212057113647,-0.4479726959358562,,0,1
qwen32B-int4_telecom_50runs,baseline,Qwen3-Embedding-0.6B,091c0113-be22-4f49-9d64-76d19f2109a1,3,53,tool,,,,,,,0,1
qwen32B-int4_telecom_50runs,baseline,Qwen3-Embedding-0.6B,091c0113-be22-4f49-9d64-76d19f2109a1,4,53,agent,0.5482646822929382,0.09375,0.0,,,,0,1
qwen32B-int4_telecom_50runs,baseline,Qwen3-Embedding-0.6B,091c0113-be22-4f49-9d64-76d19f2109a1,5,53,user,,,,,,0.3862706422805786,0,1
qwen32B-int4_telecom_50runs,baseline,Qwen3-Embedding-0.6B,091c0113-be22-4f49-9d64-76d19f2109a1,6,53,agent,0.7340762615203857,0.3684210526315789,0.0,0.611512303352356,-0.04285942695357581,,0,1
qwen32B-int4_telecom_50runs,baseline,Qwen3-Embedding-0.6B,091c0113-be22-4f49-9d64-76d19f2109a1,7,53,tool,,,,,,,0,1
qwen32B-int4_telecom_50runs,baseline,Qwen3-Embedding-0.6B,091c0113-be22-4f49-9d64-76d19f2109a1,8,53,agent,0.5482743978500366,0.2,0.0,,,,0,1
qwen32B-int4_telecom_50runs,baseline,Qwen3-Embedding-0.6B,091c0113-be22-4f49-9d64-76d19f2109a1,9,53,user,,,,,,0.5077072083950043,0,1
qwen32B-int4_telecom_50runs,baseline,Qwen3-Embedding-0.6B,091c0113-be22-4f49-9d64-76d19f2109a1,10,53,agent,0.7457099556922913,0.3333333333333333,0.0,0.4531732201576233,-0.1703278476541693,,0,1
qwen32B-int4_telecom_50runs,baseline,Qwen3-Embedding-0.6B,091c0113-be22-4f49-9d64-76d19f2109a1,11,53,tool,,,,,,,0,1
qwen32B-int4_telecom_50runs,baseline,Qwen3-Embedding-0.6B,091c0113-be22-4f49-9d64-76d19f2109a1,12,53,agent,0.5174703001976013,0.21951219512195122,0.0,0.5162786841392517,-0.04017248207872559,,0,1
qwen32B-int4_telecom_50runs,baseline,Qwen3-Embedding-0.6B,091c0113-be22-4f49-9d64-76d19f2109a1,13,53,user,,,,,,0.4493042826652527,1,1
qwen32B-int4_telecom_50runs,baseline,Qwen3-Embedding-0.6B,091c0113-be22-4f49-9d64-76d19f2109a1,14,53,tool,,,,,,,0,1
qwen32B-int4_telecom_50runs,baseline,Qwen3-Embedding-0.6B,091c0113-be22-4f49-9d64-76d19f2109a1,15,53,user,,,,,,,0,1
qwen32B-int4_telecom_50runs,baseline,Qwen3-Embedding-0.6B,091c0113-be22-4f49-9d64-76d19f2109a1,16,53,agent,0.6418526768684387,0.0,0.0,0.23373091220855713,-0.24609538912773132,,0,1
qwen32B-int4_telecom_50runs,baseline,Qwen3-Embedding-0.6B,091c0113-be22-4f49-9d64-76d19f2109a1,17,53,tool,,,,,,,0,1
qwen32B-int4_telecom_50runs,baseline,Qwen3-Embedding-0.6B,091c0113-be22-4f49-9d64-76d19f2109a1,18,53,agent,0.6168211102485657,0.0,0.0,0.4102005362510681,-0.0766737163066864,,0,1
qwen32B-int4_telecom_50runs,baseline,Qwen3-Embedding-0.6B,091c0113-be22-4f49-9d64-76d19f2109a1,19,53,user,,,,,,0.4197690486907959,1,1
qwen32B-int4_telecom_50runs,baseline,Qwen3-Embedding-0.6B,091c0113-be22-4f49-9d64-76d19f2109a1,20,53,tool,,,,,,,0,1
qwen32B-int4_telecom_50runs,baseline,Qwen3-Embedding-0.6B,091c0113-be22-4f49-9d64-76d19f2109a1,21,53,tool,,,,,,,0,1
qwen32B-int4_telecom_50runs,baseline,Qwen3-Embedding-0.6B,091c0113-be22-4f49-9d64-76d19f2109a1,22,53,user,,,,,,,0,1
qwen32B-int4_telecom_50runs,baseline,Qwen3-Embedding-0.6B,091c0113-be22-4f49-9d64-76d19f2109a1,23,53,agent,0.6838107705116272,0.16666666666666666,0.0,0.4741860628128052,-0.1064333834431388,,0,1
qwen32B-int4_telecom_50runs,baseline,Qwen3-Embedding-0.6B,091c0113-be22-4f49-9d64-76d19f2109a1,24,53,user,,,,,,0.45583248138427734,1,1
qwen32B-int4_telecom_50runs,baseline,Qwen3-Embedding-0.6B,091c0113-be22-4f49-9d64-76d19f2109a1,25,53,tool,,,,,,,0,1
qwen32B-int4_telecom_50runs,baseline,Qwen3-Embedding-0.6B,091c0113-be22-4f49-9d64-76d19f2109a1,26,53,tool,,,,,,,0,1
qwen32B-int4_telecom_50runs,baseline,Qwen3-Embedding-0.6B,091c0113-be22-4f49-9d64-76d19f2109a1,27,53,tool,,,,,,,0,1
qwen32B-int4_telecom_50runs,baseline,Qwen3-Embedding-0.6B,091c0113-be22-4f49-9d64-76d19f2109a1,28,53,user,,,,,,,0,1
qwen32B-int4_telecom_50runs,baseline,Qwen3-Embedding-0.6B,091c0113-be22-4f49-9d64-76d19f2109a1,29,53,agent,,,,0.3097987771034241,-0.24746443466706713,,0,1
qwen32B-int4_telecom_50runs,baseline,Qwen3-Embedding-0.6B,091c0113-be22-4f49-9d64-76d19f2109a1,30,53,user,,,,,,0.3246006369590759,1,1
qwen32B-int4_telecom_50runs,baseline,Qwen3-Embedding-0.6B,091c0113-be22-4f49-9d64-76d19f2109a1,31,53,tool,,,,,,,0,1
qwen32B-int4_telecom_50runs,baseline,Qwen3-Embedding-0.6B,091c0113-be22-4f49-9d64-76d19f2109a1,32,53,tool,,,,,,,0,1
qwen32B-int4_telecom_50runs,baseline,Qwen3-Embedding-0.6B,091c0113-be22-4f49-9d64-76d19f2109a1,33,53,user,,,,,,,0,1
qwen32B-int4_telecom_50runs,baseline,Qwen3-Embedding-0.6B,091c0113-be22-4f49-9d64-76d19f2109a1,34,53,agent,0.5438482761383057,0.20454545454545456,0.0,0.42076605558395386,-0.17309847880493512,,0,1
qwen32B-int4_telecom_50runs,baseline,Qwen3-Embedding-0.6B,091c0113-be22-4f49-9d64-76d19f2109a1,35,53,user,,,,,,0.3602754473686218,1,1
qwen32B-int4_telecom_50runs,baseline,Qwen3-Embedding-0.6B,091c0113-be22-4f49-9d64-76d19f2109a1,36,53,tool,,,,,,,0,1
qwen32B-int4_telecom_50runs,baseline,Qwen3-Embedding-0.6B,091c0113-be22-4f49-9d64-76d19f2109a1,37,53,tool,,,,,,,0,1
qwen32B-int4_telecom_50runs,baseline,Qwen3-Embedding-0.6B,091c0113-be22-4f49-9d64-76d19f2109a1,38,53,user,,,,,,,0,1
qwen32B-int4_telecom_50runs,baseline,Qwen3-Embedding-0.6B,091c0113-be22-4f49-9d64-76d19f2109a1,39,53,agent,0.5857334136962891,0.25842696629213485,0.0,0.38479775190353394,-0.1890681521459059,,0,1
qwen32B-int4_telecom_50runs,baseline,Qwen3-Embedding-0.6B,091c0113-be22-4f49-9d64-76d19f2109a1,40,53,user,,,,,,0.40445005893707275,1,1
qwen32B-int4_telecom_50runs,baseline,Qwen3-Embedding-0.6B,091c0113-be22-4f49-9d64-76d19f2109a1,41,53,tool,,,,,,,0,1
qwen32B-int4_telecom_50runs,baseline,Qwen3-Embedding-0.6B,091c0113-be22-4f49-9d64-76d19f2109a1,42,53,tool,,,,,,,0,1
qwen32B-int4_telecom_50runs,baseline,Qwen3-Embedding-0.6B,091c0113-be22-4f49-9d64-76d19f2109a1,43,53,tool,,,,,,,0,1
qwen32B-int4_telecom_50runs,baseline,Qwen3-Embedding-0.6B,091c0113-be22-4f49-9d64-76d19f2109a1,44,53,user,,,,,,,0,1
qwen32B-int4_telecom_50runs,baseline,Qwen3-Embedding-0.6B,091c0113-be22-4f49-9d64-76d19f2109a1,45,53,agent,,,,0.5017314553260803,-0.04796822504563769,,0,1
qwen32B-int4_telecom_50runs,baseline,Qwen3-Embedding-0.6B,091c0113-be22-4f49-9d64-76d19f2109a1,46,53,tool,,,,,,,0,1
qwen32B-int4_telecom_50runs,baseline,Qwen3-Embedding-0.6B,091c0113-be22-4f49-9d64-76d19f2109a1,47,53,agent,0.6713728308677673,0.2413793103448276,0.0,,,,0,1
qwen32B-int4_telecom_50runs,baseline,Qwen3-Embedding-0.6B,091c0113-be22-4f49-9d64-76d19f2109a1,48,53,user,,,,,,0.45808613300323486,0,1
qwen32B-int4_telecom_50runs,baseline,Qwen3-Embedding-0.6B,091c0113-be22-4f49-9d64-76d19f2109a1,49,53,agent,0.6331207156181335,0.10743801652892562,0.0,0.46770381927490234,0.026098140261390013,,0,1
qwen32B-int4_telecom_50runs,baseline,Qwen3-Embedding-0.6B,091c0113-be22-4f49-9d64-76d19f2109a1,50,53,tool,,,,,,,0,1
qwen32B-int4_telecom_50runs,baseline,Qwen3-Embedding-0.6B,091c0113-be22-4f49-9d64-76d19f2109a1,51,53,agent,0.6757910251617432,0.07291666666666667,0.0,,,,0,1
qwen32B-int4_telecom_50runs,baseline,Qwen3-Embedding-0.6B,091c0113-be22-4f49-9d64-76d19f2109a1,52,53,user,,,,,,0.22931426763534546,0,1
qwen32B-int4_telecom_50runs,baseline,Qwen3-Embedding-0.6B,ce0d0f84-15f3-422b-9a04-a7ba19dc9610,0,74,agent,,,,,,,0,1
qwen32B-int4_telecom_50runs,baseline,Qwen3-Embedding-0.6B,ce0d0f84-15f3-422b-9a04-a7ba19dc9610,1,74,user,,,,,,0.5904533565044403,0,1
qwen32B-int4_telecom_50runs,baseline,Qwen3-Embedding-0.6B,ce0d0f84-15f3-422b-9a04-a7ba19dc9610,2,74,agent,0.4077407419681549,0.0,0.0,0.1971064805984497,-0.428940000012517,,0,1
qwen32B-int4_telecom_50runs,baseline,Qwen3-Embedding-0.6B,ce0d0f84-15f3-422b-9a04-a7ba19dc9610,3,74,tool,,,,,,,0,1
qwen32B-int4_telecom_50runs,baseline,Qwen3-Embedding-0.6B,ce0d0f84-15f3-422b-9a04-a7ba19dc9610,4,74,agent,0.6860246658325195,0.05,0.0,,,,0,1
qwen32B-int4_telecom_50runs,baseline,Qwen3-Embedding-0.6B,ce0d0f84-15f3-422b-9a04-a7ba19dc9610,5,74,user,,,,,,0.3255651593208313,0,1
qwen32B-int4_telecom_50runs,baseline,Qwen3-Embedding-0.6B,ce0d0f84-15f3-422b-9a04-a7ba19dc9610,6,74,agent,0.7534493803977966,0.35,0.0,0.6068117618560791,-0.053128452971577644,,0,1
qwen32B-int4_telecom_50runs,baseline,Qwen3-Embedding-0.6B,ce0d0f84-15f3-422b-9a04-a7ba19dc9610,7,74,tool,,,,,,,0,1
qwen32B-int4_telecom_50runs,baseline,Qwen3-Embedding-0.6B,ce0d0f84-15f3-422b-9a04-a7ba19dc9610,8,74,agent,0.44629183411598206,0.2835820895522388,0.0,,,,0,1
qwen32B-int4_telecom_50runs,baseline,Qwen3-Embedding-0.6B,ce0d0f84-15f3-422b-9a04-a7ba19dc9610,9,74,user,,,,,,0.43088310956954956,0,1
qwen32B-int4_telecom_50runs,baseline,Qwen3-Embedding-0.6B,ce0d0f84-15f3-422b-9a04-a7ba19dc9610,10,74,agent,0.762512743473053,0.3333333333333333,0.0,0.44911932945251465,-0.16157579235732555,,0,1
qwen32B-int4_telecom_50runs,baseline,Qwen3-Embedding-0.6B,ce0d0f84-15f3-422b-9a04-a7ba19dc9610,11,74,tool,,,,,,,0,1
qwen32B-int4_telecom_50runs,baseline,Qwen3-Embedding-0.6B,ce0d0f84-15f3-422b-9a04-a7ba19dc9610,12,74,agent,0.4736717641353607,0.21951219512195122,0.0,0.4851614236831665,-0.010326672345399857,,0,1
qwen32B-int4_telecom_50runs,baseline,Qwen3-Embedding-0.6B,ce0d0f84-15f3-422b-9a04-a7ba19dc9610,13,74,user,,,,,,0.5068266987800598,1,1
qwen32B-int4_telecom_50runs,baseline,Qwen3-Embedding-0.6B,ce0d0f84-15f3-422b-9a04-a7ba19dc9610,14,74,tool,,,,,,,0,1
qwen32B-int4_telecom_50runs,baseline,Qwen3-Embedding-0.6B,ce0d0f84-15f3-422b-9a04-a7ba19dc9610,15,74,user,,,,,,,0,1
qwen32B-int4_telecom_50runs,baseline,Qwen3-Embedding-0.6B,ce0d0f84-15f3-422b-9a04-a7ba19dc9610,16,74,agent,0.5610517263412476,0.22077922077922077,0.0,0.33926987648010254,-0.1998640764504671,,0,1
qwen32B-int4_telecom_50runs,baseline,Qwen3-Embedding-0.6B,ce0d0f84-15f3-422b-9a04-a7ba19dc9610,17,74,user,,,,,,0.30758607387542725,1,1
qwen32B-int4_telecom_50runs,baseline,Qwen3-Embedding-0.6B,ce0d0f84-15f3-422b-9a04-a7ba19dc9610,18,74,tool,,,,,,,0,1
qwen32B-int4_telecom_50runs,baseline,Qwen3-Embedding-0.6B,ce0d0f84-15f3-422b-9a04-a7ba19dc9610,19,74,tool,,,,,,,0,1
qwen32B-int4_telecom_50runs,baseline,Qwen3-Embedding-0.6B,ce0d0f84-15f3-422b-9a04-a7ba19dc9610,20,74,user,,,,,,,0,1
qwen32B-int4_telecom_50runs,baseline,Qwen3-Embedding-0.6B,ce0d0f84-15f3-422b-9a04-a7ba19dc9610,21,74,agent,0.6498883366584778,0.17894736842105263,0.0,0.2811563014984131,-0.20251799188554287,,0,1
qwen32B-int4_telecom_50runs,baseline,Qwen3-Embedding-0.6B,ce0d0f84-15f3-422b-9a04-a7ba19dc9610,22,74,user,,,,,,0.44422680139541626,1,1
qwen32B-int4_telecom_50runs,baseline,Qwen3-Embedding-0.6B,ce0d0f84-15f3-422b-9a04-a7ba19dc9610,23,74,tool,,,,,,,0,1
qwen32B-int4_telecom_50runs,baseline,Qwen3-Embedding-0.6B,ce0d0f84-15f3-422b-9a04-a7ba19dc9610,24,74,user,,,,,,,0,1
qwen32B-int4_telecom_50runs,baseline,Qwen3-Embedding-0.6B,ce0d0f84-15f3-422b-9a04-a7ba19dc9610,25,74,agent,0.8032026886940002,0.3409090909090909,0.0,0.2487911581993103,-0.2487426195293665,,0,1
qwen32B-int4_telecom_50runs,baseline,Qwen3-Embedding-0.6B,ce0d0f84-15f3-422b-9a04-a7ba19dc9610,26,74,user,,,,,,0.29200923442840576,1,1
qwen32B-int4_telecom_50runs,baseline,Qwen3-Embedding-0.6B,ce0d0f84-15f3-422b-9a04-a7ba19dc9610,27,74,tool,,,,,,,0,1
qwen32B-int4_telecom_50runs,baseline,Qwen3-Embedding-0.6B,ce0d0f84-15f3-422b-9a04-a7ba19dc9610,28,74,user,,,,,,,0,1
qwen32B-int4_telecom_50runs,baseline,Qwen3-Embedding-0.6B,ce0d0f84-15f3-422b-9a04-a7ba19dc9610,29,74,agent,0.8494088649749756,0.2891566265060241,0.0,0.27763092517852783,-0.2539420910179615,,0,1
qwen32B-int4_telecom_50runs,baseline,Qwen3-Embedding-0.6B,ce0d0f84-15f3-422b-9a04-a7ba19dc9610,30,74,user,,,,,,0.20662373304367065,1,1
qwen32B-int4_telecom_50runs,baseline,Qwen3-Embedding-0.6B,ce0d0f84-15f3-422b-9a04-a7ba19dc9610,31,74,tool,,,,,,,0,1
qwen32B-int4_telecom_50runs,baseline,Qwen3-Embedding-0.6B,ce0d0f84-15f3-422b-9a04-a7ba19dc9610,32,74,user,,,,,,,0,1
qwen32B-int4_telecom_50runs,baseline,Qwen3-Embedding-0.6B,ce0d0f84-15f3-422b-9a04-a7ba19dc9610,33,74,agent,0.5596722364425659,0.27058823529411763,0.0,0.388799786567688,-0.22468100860714912,,0,1
qwen32B-int4_telecom_50runs,baseline,Qwen3-Embedding-0.6B,ce0d0f84-15f3-422b-9a04-a7ba19dc9610,34,74,user,,,,,,0.4987863302230835,1,1
qwen32B-int4_telecom_50runs,baseline,Qwen3-Embedding-0.6B,ce0d0f84-15f3-422b-9a04-a7ba19dc9610,35,74,tool,,,,,,,0,1
qwen32B-int4_telecom_50runs,baseline,Qwen3-Embedding-0.6B,ce0d0f84-15f3-422b-9a04-a7ba19dc9610,36,74,user,,,,,,,0,1
qwen32B-int4_telecom_50runs,baseline,Qwen3-Embedding-0.6B,ce0d0f84-15f3-422b-9a04-a7ba19dc9610,37,74,agent,0.3625141680240631,0.0,0.0,0.3051885962486267,-0.22076481766998768,,0,1
qwen32B-int4_telecom_50runs,baseline,Qwen3-Embedding-0.6B,ce0d0f84-15f3-422b-9a04-a7ba19dc9610,38,74,tool,,,,,,,0,1
qwen32B-int4_telecom_50runs,baseline,Qwen3-Embedding-0.6B,ce0d0f84-15f3-422b-9a04-a7ba19dc9610,39,74,agent,0.4863094389438629,0.0,0.0,0.3790982961654663,-0.13165906816720963,,0,1
qwen32B-int4_telecom_50runs,baseline,Qwen3-Embedding-0.6B,ce0d0f84-15f3-422b-9a04-a7ba19dc9610,40,74,user,,,,,,0.41722238063812256,1,1
qwen32B-int4_telecom_50runs,baseline,Qwen3-Embedding-0.6B,ce0d0f84-15f3-422b-9a04-a7ba19dc9610,41,74,tool,,,,,,,0,1
qwen32B-int4_telecom_50runs,baseline,Qwen3-Embedding-0.6B,ce0d0f84-15f3-422b-9a04-a7ba19dc9610,42,74,user,,,,,,,0,1
qwen32B-int4_telecom_50runs,baseline,Qwen3-Embedding-0.6B,ce0d0f84-15f3-422b-9a04-a7ba19dc9610,43,74,agent,0.7580177187919617,0.2653061224489796,0.0,,,,0,1
qwen32B-int4_telecom_50runs,baseline,Qwen3-Embedding-0.6B,ce0d0f84-15f3-422b-9a04-a7ba19dc9610,44,74,user,,,,,,0.5148370862007141,0,1
qwen32B-int4_telecom_50runs,baseline,Qwen3-Embedding-0.6B,ce0d0f84-15f3-422b-9a04-a7ba19dc9610,45,74,agent,0.6220673322677612,0.25225225225225223,0.0,,,,0,1
qwen32B-int4_telecom_50runs,baseline,Qwen3-Embedding-0.6B,ce0d0f84-15f3-422b-9a04-a7ba19dc9610,46,74,user,,,,,,0.16086643934249878,0,1
qwen32B-int4_telecom_50runs,baseline,Qwen3-Embedding-0.6B,ce0d0f84-15f3-422b-9a04-a7ba19dc9610,47,74,agent,0.6281108260154724,0.0125,0.0,0.22171562910079956,-0.24691553972661495,,0,1
qwen32B-int4_telecom_50runs,baseline,Qwen3-Embedding-0.6B,ce0d0f84-15f3-422b-9a04-a7ba19dc9610,48,74,tool,,,,,,,0,1
qwen32B-int4_telecom_50runs,baseline,Qwen3-Embedding-0.6B,ce0d0f84-15f3-422b-9a04-a7ba19dc9610,49,74,agent,0.7231821417808533,0.25773195876288657,0.0,0.44740021228790283,-0.05060284957289696,,0,1
qwen32B-int4_telecom_50runs,baseline,Qwen3-Embedding-0.6B,ce0d0f84-15f3-422b-9a04-a7ba19dc9610,50,74,user,,,,,,0.489635169506073,1,1
qwen32B-int4_telecom_50runs,baseline,Qwen3-Embedding-0.6B,ce0d0f84-15f3-422b-9a04-a7ba19dc9610,51,74,tool,,,,,,,0,1
qwen32B-int4_telecom_50runs,baseline,Qwen3-Embedding-0.6B,ce0d0f84-15f3-422b-9a04-a7ba19dc9610,52,74,user,,,,,,,0,1
qwen32B-int4_telecom_50runs,baseline,Qwen3-Embedding-0.6B,ce0d0f84-15f3-422b-9a04-a7ba19dc9610,53,74,agent,0.6448173522949219,0.23157894736842105,0.0,0.3330010175704956,-0.21939980518072844,,0,1
qwen32B-int4_telecom_50runs,baseline,Qwen3-Embedding-0.6B,ce0d0f84-15f3-422b-9a04-a7ba19dc9610,54,74,user,,,,,,0.19926398992538452,1,1
qwen32B-int4_telecom_50runs,baseline,Qwen3-Embedding-0.6B,ce0d0f84-15f3-422b-9a04-a7ba19dc9610,55,74,tool,,,,,,,0,1
qwen32B-int4_telecom_50runs,baseline,Qwen3-Embedding-0.6B,ce0d0f84-15f3-422b-9a04-a7ba19dc9610,56,74,tool,,,,,,,0,1
qwen32B-int4_telecom_50runs,baseline,Qwen3-Embedding-0.6B,ce0d0f84-15f3-422b-9a04-a7ba19dc9610,57,74,user,,,,,,,0,1
qwen32B-int4_telecom_50runs,baseline,Qwen3-Embedding-0.6B,ce0d0f84-15f3-422b-9a04-a7ba19dc9610,58,74,agent,0.8904358744621277,0.5285714285714286,0.0,0.5037800967693329,0.00949082337319851,,0,1
qwen32B-int4_telecom_50runs,baseline,Qwen3-Embedding-0.6B,ce0d0f84-15f3-422b-9a04-a7ba19dc9610,59,74,user,,,,,,0.4019150137901306,1,1
qwen32B-int4_telecom_50runs,baseline,Qwen3-Embedding-0.6B,ce0d0f84-15f3-422b-9a04-a7ba19dc9610,60,74,tool,,,,,,,0,1
qwen32B-int4_telecom_50runs,baseline,Qwen3-Embedding-0.6B,ce0d0f84-15f3-422b-9a04-a7ba19dc9610,61,74,user,,,,,,,0,1
qwen32B-int4_telecom_50runs,baseline,Qwen3-Embedding-0.6B,ce0d0f84-15f3-422b-9a04-a7ba19dc9610,62,74,agent,0.8924028873443604,0.38596491228070173,0.0,0.40314626693725586,-0.08318818733096123,,0,1
qwen32B-int4_telecom_50runs,baseline,Qwen3-Embedding-0.6B,ce0d0f84-15f3-422b-9a04-a7ba19dc9610,63,74,user,,,,,,0.2203119397163391,1,1
qwen32B-int4_telecom_50runs,baseline,Qwen3-Embedding-0.6B,ce0d0f84-15f3-422b-9a04-a7ba19dc9610,64,74,tool,,,,,,,0,1
qwen32B-int4_telecom_50runs,baseline,Qwen3-Embedding-0.6B,ce0d0f84-15f3-422b-9a04-a7ba19dc9610,65,74,tool,,,,,,,0,1
qwen32B-int4_telecom_50runs,baseline,Qwen3-Embedding-0.6B,ce0d0f84-15f3-422b-9a04-a7ba19dc9610,66,74,tool,,,,,,,0,1
qwen32B-int4_telecom_50runs,baseline,Qwen3-Embedding-0.6B,ce0d0f84-15f3-422b-9a04-a7ba19dc9610,67,74,user,,,,,,,0,1
qwen32B-int4_telecom_50runs,baseline,Qwen3-Embedding-0.6B,ce0d0f84-15f3-422b-9a04-a7ba19dc9610,68,74,agent,,,,,,,0,1
qwen32B-int4_telecom_50runs,baseline,Qwen3-Embedding-0.6B,ce0d0f84-15f3-422b-9a04-a7ba19dc9610,69,74,user,,,,,,0.24049025774002075,0,1
qwen32B-int4_telecom_50runs,baseline,Qwen3-Embedding-0.6B,ce0d0f84-15f3-422b-9a04-a7ba19dc9610,70,74,agent,0.58328777551651,0.08235294117647059,0.0,0.48889631032943726,0.06371569819748402,,0,1
qwen32B-int4_telecom_50runs,baseline,Qwen3-Embedding-0.6B,ce0d0f84-15f3-422b-9a04-a7ba19dc9610,71,74,tool,,,,,,,0,1
qwen32B-int4_telecom_50runs,baseline,Qwen3-Embedding-0.6B,ce0d0f84-15f3-422b-9a04-a7ba19dc9610,72,74,agent,0.6990548968315125,0.0847457627118644,0.0,,,,0,1
qwen32B-int4_telecom_50runs,baseline,Qwen3-Embedding-0.6B,ce0d0f84-15f3-422b-9a04-a7ba19dc9610,73,74,user,,,,,,0.23219871520996094,0,1
qwen32B-int4_telecom_50runs,baseline,Qwen3-Embedding-0.6B,835c81a7-24b9-4d24-b974-a7687e46e803,0,22,agent,,,,,,,0,0
qwen32B-int4_telecom_50runs,baseline,Qwen3-Embedding-0.6B,835c81a7-24b9-4d24-b974-a7687e46e803,1,22,user,,,,,,0.44595861434936523,0,0
qwen32B-int4_telecom_50runs,baseline,Qwen3-Embedding-0.6B,835c81a7-24b9-4d24-b974-a7687e46e803,2,22,agent,0.42444077134132385,0.0784313725490196,0.0,0.2552938461303711,-0.06778667370478314,,0,0
qwen32B-int4_telecom_50runs,baseline,Qwen3-Embedding-0.6B,835c81a7-24b9-4d24-b974-a7687e46e803,3,22,user,,,,,,0.22963947057724,1,0
qwen32B-int4_telecom_50runs,baseline,Qwen3-Embedding-0.6B,835c81a7-24b9-4d24-b974-a7687e46e803,4,22,tool,,,,,,,0,0
qwen32B-int4_telecom_50runs,baseline,Qwen3-Embedding-0.6B,835c81a7-24b9-4d24-b974-a7687e46e803,5,22,user,,,,,,,0,0
qwen32B-int4_telecom_50runs,baseline,Qwen3-Embedding-0.6B,835c81a7-24b9-4d24-b974-a7687e46e803,6,22,agent,0.6362914443016052,0.1566265060240964,0.0,0.3043047785758972,-0.10582315921783447,,0,0
qwen32B-int4_telecom_50runs,baseline,Qwen3-Embedding-0.6B,835c81a7-24b9-4d24-b974-a7687e46e803,7,22,user,,,,,,0.38989996910095215,1,0
qwen32B-int4_telecom_50runs,baseline,Qwen3-Embedding-0.6B,835c81a7-24b9-4d24-b974-a7687e46e803,8,22,tool,,,,,,,0,0
qwen32B-int4_telecom_50runs,baseline,Qwen3-Embedding-0.6B,835c81a7-24b9-4d24-b974-a7687e46e803,9,22,user,,,,,,,0,0
qwen32B-int4_telecom_50runs,baseline,Qwen3-Embedding-0.6B,835c81a7-24b9-4d24-b974-a7687e46e803,10,22,agent,0.598391592502594,0.15789473684210525,0.0,0.3119264841079712,-0.07019372781117755,,0,0
qwen32B-int4_telecom_50runs,baseline,Qwen3-Embedding-0.6B,835c81a7-24b9-4d24-b974-a7687e46e803,11,22,user,,,,,,0.3157695531845093,1,0
qwen32B-int4_telecom_50runs,baseline,Qwen3-Embedding-0.6B,835c81a7-24b9-4d24-b974-a7687e46e803,12,22,tool,,,,,,,0,0
qwen32B-int4_telecom_50runs,baseline,Qwen3-Embedding-0.6B,835c81a7-24b9-4d24-b974-a7687e46e803,13,22,user,,,,,,,1,0
qwen32B-int4_telecom_50runs,baseline,Qwen3-Embedding-0.6B,835c81a7-24b9-4d24-b974-a7687e46e803,14,22,tool,,,,,,,0,0
qwen32B-int4_telecom_50runs,baseline,Qwen3-Embedding-0.6B,835c81a7-24b9-4d24-b974-a7687e46e803,15,22,user,,,,,,,0,0
qwen32B-int4_telecom_50runs,baseline,Qwen3-Embedding-0.6B,835c81a7-24b9-4d24-b974-a7687e46e803,16,22,agent,,,,0.328224241733551,-0.1192064881324768,,0,0
qwen32B-int4_telecom_50runs,baseline,Qwen3-Embedding-0.6B,835c81a7-24b9-4d24-b974-a7687e46e803,17,22,user,,,,,,0.42897313833236694,1,0
qwen32B-int4_telecom_50runs,baseline,Qwen3-Embedding-0.6B,835c81a7-24b9-4d24-b974-a7687e46e803,18,22,tool,,,,,,,0,0
qwen32B-int4_telecom_50runs,baseline,Qwen3-Embedding-0.6B,835c81a7-24b9-4d24-b974-a7687e46e803,19,22,user,,,,,,,0,0
qwen32B-int4_telecom_50runs,baseline,Qwen3-Embedding-0.6B,835c81a7-24b9-4d24-b974-a7687e46e803,20,22,agent,0.3868138790130615,0.1111111111111111,0.0,,,,0,0
qwen32B-int4_telecom_50runs,baseline,Qwen3-Embedding-0.6B,835c81a7-24b9-4d24-b974-a7687e46e803,21,22,user,,,,,,0.4042990803718567,0,0
qwen32B-int4_telecom_50runs,baseline,Qwen3-Embedding-0.6B,4197bd3d-a4d3-4761-90cc-5e54c845bf93,0,28,agent,,,,,,,0,0
qwen32B-int4_telecom_50runs,baseline,Qwen3-Embedding-0.6B,4197bd3d-a4d3-4761-90cc-5e54c845bf93,1,28,user,,,,,,0.4451811909675598,0,0
qwen32B-int4_telecom_50runs,baseline,Qwen3-Embedding-0.6B,4197bd3d-a4d3-4761-90cc-5e54c845bf93,2,28,agent,0.4286081790924072,0.07272727272727272,0.0,0.32683295011520386,-0.10560224205255508,,0,0
qwen32B-int4_telecom_50runs,baseline,Qwen3-Embedding-0.6B,4197bd3d-a4d3-4761-90cc-5e54c845bf93,3,28,user,,,,,,0.23875010013580322,1,0
qwen32B-int4_telecom_50runs,baseline,Qwen3-Embedding-0.6B,4197bd3d-a4d3-4761-90cc-5e54c845bf93,4,28,tool,,,,,,,0,0
qwen32B-int4_telecom_50runs,baseline,Qwen3-Embedding-0.6B,4197bd3d-a4d3-4761-90cc-5e54c845bf93,5,28,user,,,,,,,0,0
qwen32B-int4_telecom_50runs,baseline,Qwen3-Embedding-0.6B,4197bd3d-a4d3-4761-90cc-5e54c845bf93,6,28,agent,0.7601547837257385,0.2073170731707317,0.0,0.33844929933547974,-0.09835630655288696,,0,0
qwen32B-int4_telecom_50runs,baseline,Qwen3-Embedding-0.6B,4197bd3d-a4d3-4761-90cc-5e54c845bf93,7,28,user,,,,,,0.40924298763275146,1,0
qwen32B-int4_telecom_50runs,baseline,Qwen3-Embedding-0.6B,4197bd3d-a4d3-4761-90cc-5e54c845bf93,8,28,tool,,,,,,,0,0
qwen32B-int4_telecom_50runs,baseline,Qwen3-Embedding-0.6B,4197bd3d-a4d3-4761-90cc-5e54c845bf93,9,28,user,,,,,,,0,0
qwen32B-int4_telecom_50runs,baseline,Qwen3-Embedding-0.6B,4197bd3d-a4d3-4761-90cc-5e54c845bf93,10,28,agent,0.8618994355201721,0.3728813559322034,0.0,0.17777574062347412,-0.2983327955007553,,0,0
qwen32B-int4_telecom_50runs,baseline,Qwen3-Embedding-0.6B,4197bd3d-a4d3-4761-90cc-5e54c845bf93,11,28,user,,,,,,0.3271830677986145,1,0
qwen32B-int4_telecom_50runs,baseline,Qwen3-Embedding-0.6B,4197bd3d-a4d3-4761-90cc-5e54c845bf93,12,28,tool,,,,,,,0,0
qwen32B-int4_telecom_50runs,baseline,Qwen3-Embedding-0.6B,4197bd3d-a4d3-4761-90cc-5e54c845bf93,13,28,user,,,,,,,0,0
qwen32B-int4_telecom_50runs,baseline,Qwen3-Embedding-0.6B,4197bd3d-a4d3-4761-90cc-5e54c845bf93,14,28,agent,0.8510097861289978,0.25806451612903225,0.0,0.40673166513442993,-0.01084844022989273,,0,0
qwen32B-int4_telecom_50runs,baseline,Qwen3-Embedding-0.6B,4197bd3d-a4d3-4761-90cc-5e54c845bf93,15,28,user,,,,,,0.35419124364852905,1,0
qwen32B-int4_telecom_50runs,baseline,Qwen3-Embedding-0.6B,4197bd3d-a4d3-4761-90cc-5e54c845bf93,16,28,tool,,,,,,,0,0
qwen32B-int4_telecom_50runs,baseline,Qwen3-Embedding-0.6B,4197bd3d-a4d3-4761-90cc-5e54c845bf93,17,28,user,,,,,,,0,0
qwen32B-int4_telecom_50runs,baseline,Qwen3-Embedding-0.6B,4197bd3d-a4d3-4761-90cc-5e54c845bf93,18,28,agent,0.5874545574188232,0.15730337078651685,0.0,,,,0,0
qwen32B-int4_telecom_50runs,baseline,Qwen3-Embedding-0.6B,4197bd3d-a4d3-4761-90cc-5e54c845bf93,19,28,user,,,,,,0.3037670850753784,0,0
qwen32B-int4_telecom_50runs,baseline,Qwen3-Embedding-0.6B,4197bd3d-a4d3-4761-90cc-5e54c845bf93,20,28,agent,0.8933355212211609,0.5,0.0,,,,0,0
qwen32B-int4_telecom_50runs,baseline,Qwen3-Embedding-0.6B,4197bd3d-a4d3-4761-90cc-5e54c845bf93,21,28,user,,,,,,0.17094194889068604,0,0
qwen32B-int4_telecom_50runs,baseline,Qwen3-Embedding-0.6B,4197bd3d-a4d3-4761-90cc-5e54c845bf93,22,28,agent,0.8754847645759583,0.46987951807228917,0.0,,,,0,0
qwen32B-int4_telecom_50runs,baseline,Qwen3-Embedding-0.6B,4197bd3d-a4d3-4761-90cc-5e54c845bf93,23,28,user,,,,,,0.3412259817123413,0,0
qwen32B-int4_telecom_50runs,baseline,Qwen3-Embedding-0.6B,4197bd3d-a4d3-4761-90cc-5e54c845bf93,24,28,agent,0.6690341234207153,0.23076923076923078,0.0,0.5540335476398468,-0.04065091162919998,,0,0
qwen32B-int4_telecom_50runs,baseline,Qwen3-Embedding-0.6B,4197bd3d-a4d3-4761-90cc-5e54c845bf93,25,28,tool,,,,,,,0,0
qwen32B-int4_telecom_50runs,baseline,Qwen3-Embedding-0.6B,4197bd3d-a4d3-4761-90cc-5e54c845bf93,26,28,agent,0.5276520848274231,0.1282051282051282,0.0,,,,0,0
qwen32B-int4_telecom_50runs,baseline,Qwen3-Embedding-0.6B,4197bd3d-a4d3-4761-90cc-5e54c845bf93,27,28,user,,,,,,0.23380333185195923,0,0
qwen32B-int4_telecom_50runs,baseline,Qwen3-Embedding-0.6B,c72b1e17-d52e-47c7-893c-6cf76a2f54f3,0,30,agent,,,,,,,0,1
qwen32B-int4_telecom_50runs,baseline,Qwen3-Embedding-0.6B,c72b1e17-d52e-47c7-893c-6cf76a2f54f3,1,30,user,,,,,,0.4468526840209961,0,1
qwen32B-int4_telecom_50runs,baseline,Qwen3-Embedding-0.6B,c72b1e17-d52e-47c7-893c-6cf76a2f54f3,2,30,agent,0.42621269822120667,0.0784313725490196,0.0,0.25466984510421753,-0.11907097697257996,,0,1
qwen32B-int4_telecom_50runs,baseline,Qwen3-Embedding-0.6B,c72b1e17-d52e-47c7-893c-6cf76a2f54f3,3,30,user,,,,,,0.22071027755737305,1,1
qwen32B-int4_telecom_50runs,baseline,Qwen3-Embedding-0.6B,c72b1e17-d52e-47c7-893c-6cf76a2f54f3,4,30,tool,,,,,,,0,1
qwen32B-int4_telecom_50runs,baseline,Qwen3-Embedding-0.6B,c72b1e17-d52e-47c7-893c-6cf76a2f54f3,5,30,user,,,,,,,0,1
qwen32B-int4_telecom_50runs,baseline,Qwen3-Embedding-0.6B,c72b1e17-d52e-47c7-893c-6cf76a2f54f3,6,30,agent,0.636507511138916,0.1566265060240964,0.0,0.30595576763153076,-0.1365000784397125,,0,1
qwen32B-int4_telecom_50runs,baseline,Qwen3-Embedding-0.6B,c72b1e17-d52e-47c7-893c-6cf76a2f54f3,7,30,user,,,,,,0.38808977603912354,1,1
qwen32B-int4_telecom_50runs,baseline,Qwen3-Embedding-0.6B,c72b1e17-d52e-47c7-893c-6cf76a2f54f3,8,30,tool,,,,,,,0,1
qwen32B-int4_telecom_50runs,baseline,Qwen3-Embedding-0.6B,c72b1e17-d52e-47c7-893c-6cf76a2f54f3,9,30,user,,,,,,,0,1
qwen32B-int4_telecom_50runs,baseline,Qwen3-Embedding-0.6B,c72b1e17-d52e-47c7-893c-6cf76a2f54f3,10,30,agent,0.5988901257514954,0.15789473684210525,0.0,0.27230769395828247,-0.13128430843353273,,0,1
qwen32B-int4_telecom_50runs,baseline,Qwen3-Embedding-0.6B,c72b1e17-d52e-47c7-893c-6cf76a2f54f3,11,30,user,,,,,,0.3104095458984375,1,1
qwen32B-int4_telecom_50runs,baseline,Qwen3-Embedding-0.6B,c72b1e17-d52e-47c7-893c-6cf76a2f54f3,12,30,tool,,,,,,,0,1
qwen32B-int4_telecom_50runs,baseline,Qwen3-Embedding-0.6B,c72b1e17-d52e-47c7-893c-6cf76a2f54f3,13,30,user,,,,,,,1,1
qwen32B-int4_telecom_50runs,baseline,Qwen3-Embedding-0.6B,c72b1e17-d52e-47c7-893c-6cf76a2f54f3,14,30,tool,,,,,,,0,1
qwen32B-int4_telecom_50runs,baseline,Qwen3-Embedding-0.6B,c72b1e17-d52e-47c7-893c-6cf76a2f54f3,15,30,user,,,,,,,0,1
qwen32B-int4_telecom_50runs,baseline,Qwen3-Embedding-0.6B,c72b1e17-d52e-47c7-893c-6cf76a2f54f3,16,30,agent,,,,0.2974230647087097,-0.18024525642395017,,0,1
qwen32B-int4_telecom_50runs,baseline,Qwen3-Embedding-0.6B,c72b1e17-d52e-47c7-893c-6cf76a2f54f3,17,30,user,,,,,,0.486076295375824,1,1
qwen32B-int4_telecom_50runs,baseline,Qwen3-Embedding-0.6B,c72b1e17-d52e-47c7-893c-6cf76a2f54f3,18,30,tool,,,,,,,0,1
qwen32B-int4_telecom_50runs,baseline,Qwen3-Embedding-0.6B,c72b1e17-d52e-47c7-893c-6cf76a2f54f3,19,30,user,,,,,,,1,1
qwen32B-int4_telecom_50runs,baseline,Qwen3-Embedding-0.6B,c72b1e17-d52e-47c7-893c-6cf76a2f54f3,20,30,tool,,,,,,,0,1
qwen32B-int4_telecom_50runs,baseline,Qwen3-Embedding-0.6B,c72b1e17-d52e-47c7-893c-6cf76a2f54f3,21,30,user,,,,,,,0,1
qwen32B-int4_telecom_50runs,baseline,Qwen3-Embedding-0.6B,c72b1e17-d52e-47c7-893c-6cf76a2f54f3,22,30,agent,,,,0.302101194858551,-0.16647866368293762,,0,1
qwen32B-int4_telecom_50runs,baseline,Qwen3-Embedding-0.6B,c72b1e17-d52e-47c7-893c-6cf76a2f54f3,23,30,user,,,,,,0.4257931709289551,1,1
qwen32B-int4_telecom_50runs,baseline,Qwen3-Embedding-0.6B,c72b1e17-d52e-47c7-893c-6cf76a2f54f3,24,30,tool,,,,,,,0,1
qwen32B-int4_telecom_50runs,baseline,Qwen3-Embedding-0.6B,c72b1e17-d52e-47c7-893c-6cf76a2f54f3,25,30,user,,,,,,,0,1
qwen32B-int4_telecom_50runs,baseline,Qwen3-Embedding-0.6B,c72b1e17-d52e-47c7-893c-6cf76a2f54f3,26,30,agent,0.6593390107154846,0.10975609756097561,0.0,0.45161038637161255,0.22252918481826783,,0,1
qwen32B-int4_telecom_50runs,baseline,Qwen3-Embedding-0.6B,c72b1e17-d52e-47c7-893c-6cf76a2f54f3,27,30,tool,,,,,,,0,1
qwen32B-int4_telecom_50runs,baseline,Qwen3-Embedding-0.6B,c72b1e17-d52e-47c7-893c-6cf76a2f54f3,28,30,agent,0.6280735731124878,0.0,0.0,,,,0,1
qwen32B-int4_telecom_50runs,baseline,Qwen3-Embedding-0.6B,c72b1e17-d52e-47c7-893c-6cf76a2f54f3,29,30,user,,,,,,0.23219871520996094,0,1
qwen32B-int4_telecom_50runs,baseline,Qwen3-Embedding-0.6B,34f8384f-bcbf-4b36-a8c6-a3e0ab4334aa,0,24,agent,,,,,,,0,0
qwen32B-int4_telecom_50runs,baseline,Qwen3-Embedding-0.6B,34f8384f-bcbf-4b36-a8c6-a3e0ab4334aa,1,24,user,,,,,,0.4268212914466858,0,0
qwen32B-int4_telecom_50runs,baseline,Qwen3-Embedding-0.6B,34f8384f-bcbf-4b36-a8c6-a3e0ab4334aa,2,24,agent,0.42631930112838745,0.07272727272727272,0.0,0.2705835700035095,-0.17818254232406616,,0,0
qwen32B-int4_telecom_50runs,baseline,Qwen3-Embedding-0.6B,34f8384f-bcbf-4b36-a8c6-a3e0ab4334aa,3,24,user,,,,,,0.24514257907867432,1,0
qwen32B-int4_telecom_50runs,baseline,Qwen3-Embedding-0.6B,34f8384f-bcbf-4b36-a8c6-a3e0ab4334aa,4,24,tool,,,,,,,0,0
qwen32B-int4_telecom_50runs,baseline,Qwen3-Embedding-0.6B,34f8384f-bcbf-4b36-a8c6-a3e0ab4334aa,5,24,user,,,,,,,0,0
qwen32B-int4_telecom_50runs,baseline,Qwen3-Embedding-0.6B,34f8384f-bcbf-4b36-a8c6-a3e0ab4334aa,6,24,agent,0.6809026002883911,0.18072289156626506,0.0,0.36177825927734375,-0.13910674303770065,,0,0
qwen32B-int4_telecom_50runs,baseline,Qwen3-Embedding-0.6B,34f8384f-bcbf-4b36-a8c6-a3e0ab4334aa,7,24,user,,,,,,0.4831284284591675,1,0
qwen32B-int4_telecom_50runs,baseline,Qwen3-Embedding-0.6B,34f8384f-bcbf-4b36-a8c6-a3e0ab4334aa,8,24,tool,,,,,,,0,0
qwen32B-int4_telecom_50runs,baseline,Qwen3-Embedding-0.6B,34f8384f-bcbf-4b36-a8c6-a3e0ab4334aa,9,24,user,,,,,,,0,0
qwen32B-int4_telecom_50runs,baseline,Qwen3-Embedding-0.6B,34f8384f-bcbf-4b36-a8c6-a3e0ab4334aa,10,24,agent,0.5636821985244751,0.15584415584415584,0.0,0.5376442670822144,-0.022256620228290558,,0,0
qwen32B-int4_telecom_50runs,baseline,Qwen3-Embedding-0.6B,34f8384f-bcbf-4b36-a8c6-a3e0ab4334aa,11,24,user,,,,,,0.3169609308242798,1,0
qwen32B-int4_telecom_50runs,baseline,Qwen3-Embedding-0.6B,34f8384f-bcbf-4b36-a8c6-a3e0ab4334aa,12,24,tool,,,,,,,0,0
qwen32B-int4_telecom_50runs,baseline,Qwen3-Embedding-0.6B,34f8384f-bcbf-4b36-a8c6-a3e0ab4334aa,13,24,user,,,,,,,0,0
qwen32B-int4_telecom_50runs,baseline,Qwen3-Embedding-0.6B,34f8384f-bcbf-4b36-a8c6-a3e0ab4334aa,14,24,agent,0.6068201661109924,0.17105263157894737,0.0,0.34879887104034424,-0.14796163886785507,,0,0
qwen32B-int4_telecom_50runs,baseline,Qwen3-Embedding-0.6B,34f8384f-bcbf-4b36-a8c6-a3e0ab4334aa,15,24,user,,,,,,0.16057193279266357,1,0
qwen32B-int4_telecom_50runs,baseline,Qwen3-Embedding-0.6B,34f8384f-bcbf-4b36-a8c6-a3e0ab4334aa,16,24,tool,,,,,,,0,0
qwen32B-int4_telecom_50runs,baseline,Qwen3-Embedding-0.6B,34f8384f-bcbf-4b36-a8c6-a3e0ab4334aa,17,24,user,,,,,,,0,0
qwen32B-int4_telecom_50runs,baseline,Qwen3-Embedding-0.6B,34f8384f-bcbf-4b36-a8c6-a3e0ab4334aa,18,24,agent,0.7950757741928101,0.25609756097560976,0.0,,,,0,0
qwen32B-int4_telecom_50runs,baseline,Qwen3-Embedding-0.6B,34f8384f-bcbf-4b36-a8c6-a3e0ab4334aa,19,24,user,,,,,,0.3695220947265625,0,0
qwen32B-int4_telecom_50runs,baseline,Qwen3-Embedding-0.6B,34f8384f-bcbf-4b36-a8c6-a3e0ab4334aa,20,24,agent,0.7150793075561523,0.2,0.0,0.5232290029525757,0.09020710736513138,,0,0
qwen32B-int4_telecom_50runs,baseline,Qwen3-Embedding-0.6B,34f8384f-bcbf-4b36-a8c6-a3e0ab4334aa,21,24,tool,,,,,,,0,0
qwen32B-int4_telecom_50runs,baseline,Qwen3-Embedding-0.6B,34f8384f-bcbf-4b36-a8c6-a3e0ab4334aa,22,24,agent,0.616507351398468,0.1,0.0,,,,0,0
qwen32B-int4_telecom_50runs,baseline,Qwen3-Embedding-0.6B,34f8384f-bcbf-4b36-a8c6-a3e0ab4334aa,23,24,user,,,,,,0.22931426763534546,0,0
qwen32B-int4_telecom_50runs,baseline,Qwen3-Embedding-0.6B,6bf35b88-2999-43fc-b122-7bd2bbda3013,0,30,agent,,,,,,,0,0
qwen32B-int4_telecom_50runs,baseline,Qwen3-Embedding-0.6B,6bf35b88-2999-43fc-b122-7bd2bbda3013,1,30,user,,,,,,0.4268212914466858,0,0
qwen32B-int4_telecom_50runs,baseline,Qwen3-Embedding-0.6B,6bf35b88-2999-43fc-b122-7bd2bbda3013,2,30,agent,0.42631930112838745,0.07272727272727272,0.0,0.32860034704208374,-0.12167791724205018,,0,0
qwen32B-int4_telecom_50runs,baseline,Qwen3-Embedding-0.6B,6bf35b88-2999-43fc-b122-7bd2bbda3013,3,30,user,,,,,,0.24130386114120483,1,0
qwen32B-int4_telecom_50runs,baseline,Qwen3-Embedding-0.6B,6bf35b88-2999-43fc-b122-7bd2bbda3013,4,30,tool,,,,,,,0,0
qwen32B-int4_telecom_50runs,baseline,Qwen3-Embedding-0.6B,6bf35b88-2999-43fc-b122-7bd2bbda3013,5,30,user,,,,,,,0,0
qwen32B-int4_telecom_50runs,baseline,Qwen3-Embedding-0.6B,6bf35b88-2999-43fc-b122-7bd2bbda3013,6,30,agent,0.7517445087432861,0.21176470588235294,0.0,0.33040815591812134,-0.12147741317749022,,0,0
qwen32B-int4_telecom_50runs,baseline,Qwen3-Embedding-0.6B,6bf35b88-2999-43fc-b122-7bd2bbda3013,7,30,user,,,,,,0.38975924253463745,1,0
qwen32B-int4_telecom_50runs,baseline,Qwen3-Embedding-0.6B,6bf35b88-2999-43fc-b122-7bd2bbda3013,8,30,tool,,,,,,,0,0
qwen32B-int4_telecom_50runs,baseline,Qwen3-Embedding-0.6B,6bf35b88-2999-43fc-b122-7bd2bbda3013,9,30,user,,,,,,,0,0
qwen32B-int4_telecom_50runs,baseline,Qwen3-Embedding-0.6B,6bf35b88-2999-43fc-b122-7bd2bbda3013,10,30,agent,0.8951734304428101,0.39705882352941174,0.0,0.19502538442611694,-0.33478714823722844,,0,0
qwen32B-int4_telecom_50runs,baseline,Qwen3-Embedding-0.6B,6bf35b88-2999-43fc-b122-7bd2bbda3013,11,30,user,,,,,,0.3747418522834778,1,0
qwen32B-int4_telecom_50runs,baseline,Qwen3-Embedding-0.6B,6bf35b88-2999-43fc-b122-7bd2bbda3013,12,30,tool,,,,,,,0,0
qwen32B-int4_telecom_50runs,baseline,Qwen3-Embedding-0.6B,6bf35b88-2999-43fc-b122-7bd2bbda3013,13,30,user,,,,,,,0,0
qwen32B-int4_telecom_50runs,baseline,Qwen3-Embedding-0.6B,6bf35b88-2999-43fc-b122-7bd2bbda3013,14,30,agent,0.8196824193000793,0.25333333333333335,0.0,0.41821080446243286,0.011241507530212413,,0,0
qwen32B-int4_telecom_50runs,baseline,Qwen3-Embedding-0.6B,6bf35b88-2999-43fc-b122-7bd2bbda3013,15,30,user,,,,,,0.3173561096191406,1,0
qwen32B-int4_telecom_50runs,baseline,Qwen3-Embedding-0.6B,6bf35b88-2999-43fc-b122-7bd2bbda3013,16,30,tool,,,,,,,0,0
qwen32B-int4_telecom_50runs,baseline,Qwen3-Embedding-0.6B,6bf35b88-2999-43fc-b122-7bd2bbda3013,17,30,user,,,,,,,0,0
qwen32B-int4_telecom_50runs,baseline,Qwen3-Embedding-0.6B,6bf35b88-2999-43fc-b122-7bd2bbda3013,18,30,agent,0.5833107233047485,0.14814814814814814,0.0,,,,0,0
qwen32B-int4_telecom_50runs,baseline,Qwen3-Embedding-0.6B,6bf35b88-2999-43fc-b122-7bd2bbda3013,19,30,user,,,,,,0.15312987565994263,0,0
qwen32B-int4_telecom_50runs,baseline,Qwen3-Embedding-0.6B,6bf35b88-2999-43fc-b122-7bd2bbda3013,20,30,agent,0.6605449914932251,0.1791044776119403,0.0,0.4049195647239685,-0.07308497428894045,,0,0
qwen32B-int4_telecom_50runs,baseline,Qwen3-Embedding-0.6B,6bf35b88-2999-43fc-b122-7bd2bbda3013,21,30,user,,,,,,0.34904783964157104,1,0
qwen32B-int4_telecom_50runs,baseline,Qwen3-Embedding-0.6B,6bf35b88-2999-43fc-b122-7bd2bbda3013,22,30,tool,,,,,,,0,0
qwen32B-int4_telecom_50runs,baseline,Qwen3-Embedding-0.6B,6bf35b88-2999-43fc-b122-7bd2bbda3013,23,30,user,,,,,,,0,0
qwen32B-int4_telecom_50runs,baseline,Qwen3-Embedding-0.6B,6bf35b88-2999-43fc-b122-7bd2bbda3013,24,30,agent,0.7163350582122803,0.13846153846153847,0.0,,,,0,0
qwen32B-int4_telecom_50runs,baseline,Qwen3-Embedding-0.6B,6bf35b88-2999-43fc-b122-7bd2bbda3013,25,30,user,,,,,,0.405927836894989,0,0
qwen32B-int4_telecom_50runs,baseline,Qwen3-Embedding-0.6B,6bf35b88-2999-43fc-b122-7bd2bbda3013,26,30,agent,0.6698715686798096,0.20689655172413793,0.0,0.48340946435928345,0.06635789275169374,,0,0
qwen32B-int4_telecom_50runs,baseline,Qwen3-Embedding-0.6B,6bf35b88-2999-43fc-b122-7bd2bbda3013,27,30,tool,,,,,,,0,0
qwen32B-int4_telecom_50runs,baseline,Qwen3-Embedding-0.6B,6bf35b88-2999-43fc-b122-7bd2bbda3013,28,30,agent,0.6890122890472412,0.10256410256410256,0.0,,,,0,0
qwen32B-int4_telecom_50runs,baseline,Qwen3-Embedding-0.6B,6bf35b88-2999-43fc-b122-7bd2bbda3013,29,30,user,,,,,,0.22931426763534546,0,0
qwen32B-int4_telecom_50runs,baseline,Qwen3-Embedding-0.6B,3b5147ed-104d-41a5-90d2-444b9850612d,0,62,agent,,,,,,,0,0
qwen32B-int4_telecom_50runs,baseline,Qwen3-Embedding-0.6B,3b5147ed-104d-41a5-90d2-444b9850612d,1,62,user,,,,,,0.42635101079940796,0,0
qwen32B-int4_telecom_50runs,baseline,Qwen3-Embedding-0.6B,3b5147ed-104d-41a5-90d2-444b9850612d,2,62,agent,0.42760273814201355,0.07272727272727272,0.0,0.32552570104599,-0.13121208335672108,,0,0
qwen32B-int4_telecom_50runs,baseline,Qwen3-Embedding-0.6B,3b5147ed-104d-41a5-90d2-444b9850612d,3,62,user,,,,,,0.24154400825500488,1,0
qwen32B-int4_telecom_50runs,baseline,Qwen3-Embedding-0.6B,3b5147ed-104d-41a5-90d2-444b9850612d,4,62,tool,,,,,,,0,0
qwen32B-int4_telecom_50runs,baseline,Qwen3-Embedding-0.6B,3b5147ed-104d-41a5-90d2-444b9850612d,5,62,user,,,,,,,0,0
qwen32B-int4_telecom_50runs,baseline,Qwen3-Embedding-0.6B,3b5147ed-104d-41a5-90d2-444b9850612d,6,62,agent,0.7517445087432861,0.21176470588235294,0.0,0.3307152986526489,-0.108292709503855,,0,0
qwen32B-int4_telecom_50runs,baseline,Qwen3-Embedding-0.6B,3b5147ed-104d-41a5-90d2-444b9850612d,7,62,user,,,,,,0.390439510345459,1,0
qwen32B-int4_telecom_50runs,baseline,Qwen3-Embedding-0.6B,3b5147ed-104d-41a5-90d2-444b9850612d,8,62,tool,,,,,,,0,0
qwen32B-int4_telecom_50runs,baseline,Qwen3-Embedding-0.6B,3b5147ed-104d-41a5-90d2-444b9850612d,9,62,user,,,,,,,0,0
qwen32B-int4_telecom_50runs,baseline,Qwen3-Embedding-0.6B,3b5147ed-104d-41a5-90d2-444b9850612d,10,62,agent,0.8951734304428101,0.39705882352941174,0.0,0.19502538442611694,-0.3121405467391014,,0,0
qwen32B-int4_telecom_50runs,baseline,Qwen3-Embedding-0.6B,3b5147ed-104d-41a5-90d2-444b9850612d,11,62,user,,,,,,0.36992502212524414,1,0
qwen32B-int4_telecom_50runs,baseline,Qwen3-Embedding-0.6B,3b5147ed-104d-41a5-90d2-444b9850612d,12,62,tool,,,,,,,0,0
qwen32B-int4_telecom_50runs,baseline,Qwen3-Embedding-0.6B,3b5147ed-104d-41a5-90d2-444b9850612d,13,62,user,,,,,,,0,0
qwen32B-int4_telecom_50runs,baseline,Qwen3-Embedding-0.6B,3b5147ed-104d-41a5-90d2-444b9850612d,14,62,agent,0.8196824193000793,0.25333333333333335,0.0,0.30047374963760376,-0.15428959897586275,,0,0
qwen32B-int4_telecom_50runs,baseline,Qwen3-Embedding-0.6B,3b5147ed-104d-41a5-90d2-444b9850612d,15,62,user,,,,,,0.3234151601791382,1,0
qwen32B-int4_telecom_50runs,baseline,Qwen3-Embedding-0.6B,3b5147ed-104d-41a5-90d2-444b9850612d,16,62,tool,,,,,,,0,0
qwen32B-int4_telecom_50runs,baseline,Qwen3-Embedding-0.6B,3b5147ed-104d-41a5-90d2-444b9850612d,17,62,user,,,,,,,0,0
qwen32B-int4_telecom_50runs,baseline,Qwen3-Embedding-0.6B,3b5147ed-104d-41a5-90d2-444b9850612d,18,62,agent,0.7376320362091064,0.25,0.0,0.1896589994430542,-0.3137611193316323,,0,0
qwen32B-int4_telecom_50runs,baseline,Qwen3-Embedding-0.6B,3b5147ed-104d-41a5-90d2-444b9850612d,19,62,user,,,,,,0.4386754035949707,1,0
qwen32B-int4_telecom_50runs,baseline,Qwen3-Embedding-0.6B,3b5147ed-104d-41a5-90d2-444b9850612d,20,62,tool,,,,,,,0,0
qwen32B-int4_telecom_50runs,baseline,Qwen3-Embedding-0.6B,3b5147ed-104d-41a5-90d2-444b9850612d,21,62,user,,,,,,,0,0
qwen32B-int4_telecom_50runs,baseline,Qwen3-Embedding-0.6B,3b5147ed-104d-41a5-90d2-444b9850612d,22,62,agent,0.7832200527191162,0.25,0.0,0.4542533755302429,-0.004312638725553264,,0,0
qwen32B-int4_telecom_50runs,baseline,Qwen3-Embedding-0.6B,3b5147ed-104d-41a5-90d2-444b9850612d,23,62,user,,,,,,0.3509293794631958,1,0
qwen32B-int4_telecom_50runs,baseline,Qwen3-Embedding-0.6B,3b5147ed-104d-41a5-90d2-444b9850612d,24,62,tool,,,,,,,0,0
qwen32B-int4_telecom_50runs,baseline,Qwen3-Embedding-0.6B,3b5147ed-104d-41a5-90d2-444b9850612d,25,62,user,,,,,,,0,0
qwen32B-int4_telecom_50runs,baseline,Qwen3-Embedding-0.6B,3b5147ed-104d-41a5-90d2-444b9850612d,26,62,agent,0.8093791007995605,0.22666666666666666,0.0,0.21674931049346924,-0.28915995785168236,,0,0
qwen32B-int4_telecom_50runs,baseline,Qwen3-Embedding-0.6B,3b5147ed-104d-41a5-90d2-444b9850612d,27,62,user,,,,,,0.22534537315368652,1,0
qwen32B-int4_telecom_50runs,baseline,Qwen3-Embedding-0.6B,3b5147ed-104d-41a5-90d2-444b9850612d,28,62,tool,,,,,,,0,0
qwen32B-int4_telecom_50runs,baseline,Qwen3-Embedding-0.6B,3b5147ed-104d-41a5-90d2-444b9850612d,29,62,user,,,,,,,1,0
qwen32B-int4_telecom_50runs,baseline,Qwen3-Embedding-0.6B,3b5147ed-104d-41a5-90d2-444b9850612d,30,62,tool,,,,,,,0,0
qwen32B-int4_telecom_50runs,baseline,Qwen3-Embedding-0.6B,3b5147ed-104d-41a5-90d2-444b9850612d,31,62,user,,,,,,,0,0
qwen32B-int4_telecom_50runs,baseline,Qwen3-Embedding-0.6B,3b5147ed-104d-41a5-90d2-444b9850612d,32,62,agent,,,,,,,0,0
qwen32B-int4_telecom_50runs,baseline,Qwen3-Embedding-0.6B,3b5147ed-104d-41a5-90d2-444b9850612d,33,62,user,,,,,,0.34031277894973755,0,0
qwen32B-int4_telecom_50runs,baseline,Qwen3-Embedding-0.6B,3b5147ed-104d-41a5-90d2-444b9850612d,34,62,agent,0.5200920104980469,0.01639344262295082,0.0,0.4478011131286621,-0.10102211790425442,,0,0
qwen32B-int4_telecom_50runs,baseline,Qwen3-Embedding-0.6B,3b5147ed-104d-41a5-90d2-444b9850612d,35,62,tool,,,,,,,0,0
qwen32B-int4_telecom_50runs,baseline,Qwen3-Embedding-0.6B,3b5147ed-104d-41a5-90d2-444b9850612d,36,62,agent,0.7185889482498169,0.2916666666666667,0.0,,,,0,0
qwen32B-int4_telecom_50runs,baseline,Qwen3-Embedding-0.6B,3b5147ed-104d-41a5-90d2-444b9850612d,37,62,user,,,,,,0.12968683242797852,0,0
qwen32B-int4_telecom_50runs,baseline,Qwen3-Embedding-0.6B,3b5147ed-104d-41a5-90d2-444b9850612d,38,62,agent,0.5612854361534119,0.4375,0.0,0.5165324211120605,-0.025622917073113594,,0,0
qwen32B-int4_telecom_50runs,baseline,Qwen3-Embedding-0.6B,3b5147ed-104d-41a5-90d2-444b9850612d,39,62,tool,,,,,,,0,0
qwen32B-int4_telecom_50runs,baseline,Qwen3-Embedding-0.6B,3b5147ed-104d-41a5-90d2-444b9850612d,40,62,agent,0.9801527261734009,0.6666666666666666,0.0,0.5693999826908112,0.026627521429743117,,0,0
qwen32B-int4_telecom_50runs,baseline,Qwen3-Embedding-0.6B,3b5147ed-104d-41a5-90d2-444b9850612d,41,62,tool,,,,,,,0,0
qwen32B-int4_telecom_50runs,baseline,Qwen3-Embedding-0.6B,3b5147ed-104d-41a5-90d2-444b9850612d,42,62,agent,0.37470340728759766,0.034482758620689655,0.0,,,,0,0
qwen32B-int4_telecom_50runs,baseline,Qwen3-Embedding-0.6B,3b5147ed-104d-41a5-90d2-444b9850612d,43,62,user,,,,,,0.5750579237937927,0,0
qwen32B-int4_telecom_50runs,baseline,Qwen3-Embedding-0.6B,3b5147ed-104d-41a5-90d2-444b9850612d,44,62,agent,0.6034131646156311,0.5,0.0,0.3093620538711548,-0.2636247000523976,,0,0
qwen32B-int4_telecom_50runs,baseline,Qwen3-Embedding-0.6B,3b5147ed-104d-41a5-90d2-444b9850612d,45,62,tool,,,,,,,0,0
qwen32B-int4_telecom_50runs,baseline,Qwen3-Embedding-0.6B,3b5147ed-104d-41a5-90d2-444b9850612d,46,62,agent,0.7583069801330566,0.3333333333333333,0.0,,,,0,0
qwen32B-int4_telecom_50runs,baseline,Qwen3-Embedding-0.6B,3b5147ed-104d-41a5-90d2-444b9850612d,47,62,user,,,,,,0.3091661334037781,0,0
qwen32B-int4_telecom_50runs,baseline,Qwen3-Embedding-0.6B,3b5147ed-104d-41a5-90d2-444b9850612d,48,62,agent,0.7220515608787537,0.6,0.0,0.1294044852256775,-0.4101362100669316,,0,0
qwen32B-int4_telecom_50runs,baseline,Qwen3-Embedding-0.6B,3b5147ed-104d-41a5-90d2-444b9850612d,49,62,tool,,,,,,,0,0
qwen32B-int4_telecom_50runs,baseline,Qwen3-Embedding-0.6B,3b5147ed-104d-41a5-90d2-444b9850612d,50,62,agent,0.8288295269012451,0.3888888888888889,0.0,0.33371323347091675,-0.18635507779462002,,0,0
qwen32B-int4_telecom_50runs,baseline,Qwen3-Embedding-0.6B,3b5147ed-104d-41a5-90d2-444b9850612d,51,62,user,,,,,,0.37252914905548096,1,0
qwen32B-int4_telecom_50runs,baseline,Qwen3-Embedding-0.6B,3b5147ed-104d-41a5-90d2-444b9850612d,52,62,tool,,,,,,,0,0
qwen32B-int4_telecom_50runs,baseline,Qwen3-Embedding-0.6B,3b5147ed-104d-41a5-90d2-444b9850612d,53,62,user,,,,,,,0,0
qwen32B-int4_telecom_50runs,baseline,Qwen3-Embedding-0.6B,3b5147ed-104d-41a5-90d2-444b9850612d,54,62,agent,0.593085765838623,0.0,0.0,0.3232521414756775,-0.19620690814086372,,0,0
qwen32B-int4_telecom_50runs,baseline,Qwen3-Embedding-0.6B,3b5147ed-104d-41a5-90d2-444b9850612d,55,62,tool,,,,,,,0,0
qwen32B-int4_telecom_50runs,baseline,Qwen3-Embedding-0.6B,3b5147ed-104d-41a5-90d2-444b9850612d,56,62,agent,0.4933008849620819,0.0,0.0,0.29941338300704956,-0.1696611727987017,,0,0
qwen32B-int4_telecom_50runs,baseline,Qwen3-Embedding-0.6B,3b5147ed-104d-41a5-90d2-444b9850612d,57,62,user,,,,,,0.4943138360977173,1,0
qwen32B-int4_telecom_50runs,baseline,Qwen3-Embedding-0.6B,3b5147ed-104d-41a5-90d2-444b9850612d,58,62,tool,,,,,,,0,0
qwen32B-int4_telecom_50runs,baseline,Qwen3-Embedding-0.6B,3b5147ed-104d-41a5-90d2-444b9850612d,59,62,user,,,,,,,0,0
qwen32B-int4_telecom_50runs,baseline,Qwen3-Embedding-0.6B,3b5147ed-104d-41a5-90d2-444b9850612d,60,62,agent,0.6652054190635681,0.18461538461538463,0.0,,,,0,0
qwen32B-int4_telecom_50runs,baseline,Qwen3-Embedding-0.6B,3b5147ed-104d-41a5-90d2-444b9850612d,61,62,user,,,,,,0.6025561094284058,0,0
qwen32B-int4_telecom_50runs,baseline,Qwen3-Embedding-0.6B,4adf12e3-623c-48d3-ad7b-9a26aa835def,0,60,agent,,,,,,,0,1
qwen32B-int4_telecom_50runs,baseline,Qwen3-Embedding-0.6B,4adf12e3-623c-48d3-ad7b-9a26aa835def,1,60,user,,,,,,0.44096070528030396,0,1
qwen32B-int4_telecom_50runs,baseline,Qwen3-Embedding-0.6B,4adf12e3-623c-48d3-ad7b-9a26aa835def,2,60,agent,0.4244435131549835,0.0784313725490196,0.0,0.31650662422180176,-0.12482975079463077,,0,1
qwen32B-int4_telecom_50runs,baseline,Qwen3-Embedding-0.6B,4adf12e3-623c-48d3-ad7b-9a26aa835def,3,60,user,,,,,,0.22495430707931519,1,1
qwen32B-int4_telecom_50runs,baseline,Qwen3-Embedding-0.6B,4adf12e3-623c-48d3-ad7b-9a26aa835def,4,60,tool,,,,,,,0,1
qwen32B-int4_telecom_50runs,baseline,Qwen3-Embedding-0.6B,4adf12e3-623c-48d3-ad7b-9a26aa835def,5,60,user,,,,,,,0,1
qwen32B-int4_telecom_50runs,baseline,Qwen3-Embedding-0.6B,4adf12e3-623c-48d3-ad7b-9a26aa835def,6,60,agent,0.7245412468910217,0.2,0.0,0.37085890769958496,-0.10757523087354809,,0,1
qwen32B-int4_telecom_50runs,baseline,Qwen3-Embedding-0.6B,4adf12e3-623c-48d3-ad7b-9a26aa835def,7,60,user,,,,,,0.3939144015312195,1,1
qwen32B-int4_telecom_50runs,baseline,Qwen3-Embedding-0.6B,4adf12e3-623c-48d3-ad7b-9a26aa835def,8,60,tool,,,,,,,0,1
qwen32B-int4_telecom_50runs,baseline,Qwen3-Embedding-0.6B,4adf12e3-623c-48d3-ad7b-9a26aa835def,9,60,user,,,,,,,0,1
qwen32B-int4_telecom_50runs,baseline,Qwen3-Embedding-0.6B,4adf12e3-623c-48d3-ad7b-9a26aa835def,10,60,agent,0.8207895159721375,0.2361111111111111,0.0,0.3646606206893921,-0.15046738202755272,,0,1
qwen32B-int4_telecom_50runs,baseline,Qwen3-Embedding-0.6B,4adf12e3-623c-48d3-ad7b-9a26aa835def,11,60,user,,,,,,0.3523683547973633,1,1
qwen32B-int4_telecom_50runs,baseline,Qwen3-Embedding-0.6B,4adf12e3-623c-48d3-ad7b-9a26aa835def,12,60,tool,,,,,,,0,1
qwen32B-int4_telecom_50runs,baseline,Qwen3-Embedding-0.6B,4adf12e3-623c-48d3-ad7b-9a26aa835def,13,60,user,,,,,,,0,1
qwen32B-int4_telecom_50runs,baseline,Qwen3-Embedding-0.6B,4adf12e3-623c-48d3-ad7b-9a26aa835def,14,60,agent,0.7631057500839233,0.22580645161290322,0.0,0.21423274278640747,-0.2549407000725086,,0,1
qwen32B-int4_telecom_50runs,baseline,Qwen3-Embedding-0.6B,4adf12e3-623c-48d3-ad7b-9a26aa835def,15,60,user,,,,,,0.391801118850708,1,1
qwen32B-int4_telecom_50runs,baseline,Qwen3-Embedding-0.6B,4adf12e3-623c-48d3-ad7b-9a26aa835def,16,60,tool,,,,,,,0,1
qwen32B-int4_telecom_50runs,baseline,Qwen3-Embedding-0.6B,4adf12e3-623c-48d3-ad7b-9a26aa835def,17,60,user,,,,,,,0,1
qwen32B-int4_telecom_50runs,baseline,Qwen3-Embedding-0.6B,4adf12e3-623c-48d3-ad7b-9a26aa835def,18,60,agent,0.7946720719337463,0.26229508196721313,0.0,0.4587739109992981,-0.017069481886350213,,0,1
qwen32B-int4_telecom_50runs,baseline,Qwen3-Embedding-0.6B,4adf12e3-623c-48d3-ad7b-9a26aa835def,19,60,user,,,,,,0.32516443729400635,1,1
qwen32B-int4_telecom_50runs,baseline,Qwen3-Embedding-0.6B,4adf12e3-623c-48d3-ad7b-9a26aa835def,20,60,tool,,,,,,,0,1
qwen32B-int4_telecom_50runs,baseline,Qwen3-Embedding-0.6B,4adf12e3-623c-48d3-ad7b-9a26aa835def,21,60,user,,,,,,,0,1
qwen32B-int4_telecom_50runs,baseline,Qwen3-Embedding-0.6B,4adf12e3-623c-48d3-ad7b-9a26aa835def,22,60,agent,0.8580309152603149,0.234375,0.0,0.21565186977386475,-0.26491572306706357,,0,1
qwen32B-int4_telecom_50runs,baseline,Qwen3-Embedding-0.6B,4adf12e3-623c-48d3-ad7b-9a26aa835def,23,60,user,,,,,,0.20059853792190552,1,1
qwen32B-int4_telecom_50runs,baseline,Qwen3-Embedding-0.6B,4adf12e3-623c-48d3-ad7b-9a26aa835def,24,60,tool,,,,,,,0,1
qwen32B-int4_telecom_50runs,baseline,Qwen3-Embedding-0.6B,4adf12e3-623c-48d3-ad7b-9a26aa835def,25,60,user,,,,,,,0,1
qwen32B-int4_telecom_50runs,baseline,Qwen3-Embedding-0.6B,4adf12e3-623c-48d3-ad7b-9a26aa835def,26,60,agent,0.7547917366027832,0.23728813559322035,0.0,0.28725576400756836,-0.2576183149447808,,0,1
qwen32B-int4_telecom_50runs,baseline,Qwen3-Embedding-0.6B,4adf12e3-623c-48d3-ad7b-9a26aa835def,27,60,user,,,,,,0.3733915090560913,1,1
qwen32B-int4_telecom_50runs,baseline,Qwen3-Embedding-0.6B,4adf12e3-623c-48d3-ad7b-9a26aa835def,28,60,tool,,,,,,,0,1
qwen32B-int4_telecom_50runs,baseline,Qwen3-Embedding-0.6B,4adf12e3-623c-48d3-ad7b-9a26aa835def,29,60,user,,,,,,,0,1
qwen32B-int4_telecom_50runs,baseline,Qwen3-Embedding-0.6B,4adf12e3-623c-48d3-ad7b-9a26aa835def,30,60,agent,0.6359583139419556,0.17142857142857143,0.0,,,,0,1
qwen32B-int4_telecom_50runs,baseline,Qwen3-Embedding-0.6B,4adf12e3-623c-48d3-ad7b-9a26aa835def,31,60,user,,,,,,0.3778187036514282,0,1
qwen32B-int4_telecom_50runs,baseline,Qwen3-Embedding-0.6B,4adf12e3-623c-48d3-ad7b-9a26aa835def,32,60,agent,0.4932745695114136,0.015625,0.0,0.44497013092041016,-0.11860666366723871,,0,1
qwen32B-int4_telecom_50runs,baseline,Qwen3-Embedding-0.6B,4adf12e3-623c-48d3-ad7b-9a26aa835def,33,60,tool,,,,,,,0,1
qwen32B-int4_telecom_50runs,baseline,Qwen3-Embedding-0.6B,4adf12e3-623c-48d3-ad7b-9a26aa835def,34,60,agent,0.6877300143241882,0.3875,0.0,,,,0,1
qwen32B-int4_telecom_50runs,baseline,Qwen3-Embedding-0.6B,4adf12e3-623c-48d3-ad7b-9a26aa835def,35,60,user,,,,,,0.22793793678283691,0,1
qwen32B-int4_telecom_50runs,baseline,Qwen3-Embedding-0.6B,4adf12e3-623c-48d3-ad7b-9a26aa835def,36,60,agent,0.5718991756439209,0.35,0.0,0.5855180323123932,0.02708277794031,,0,1
qwen32B-int4_telecom_50runs,baseline,Qwen3-Embedding-0.6B,4adf12e3-623c-48d3-ad7b-9a26aa835def,37,60,tool,,,,,,,0,1
qwen32B-int4_telecom_50runs,baseline,Qwen3-Embedding-0.6B,4adf12e3-623c-48d3-ad7b-9a26aa835def,38,60,tool,,,,,,,0,1
qwen32B-int4_telecom_50runs,baseline,Qwen3-Embedding-0.6B,4adf12e3-623c-48d3-ad7b-9a26aa835def,39,60,tool,,,,,,,0,1
qwen32B-int4_telecom_50runs,baseline,Qwen3-Embedding-0.6B,4adf12e3-623c-48d3-ad7b-9a26aa835def,40,60,agent,0.3323041498661041,0.021739130434782608,0.0,,,,0,1
qwen32B-int4_telecom_50runs,baseline,Qwen3-Embedding-0.6B,4adf12e3-623c-48d3-ad7b-9a26aa835def,41,60,user,,,,,,0.6867980659008026,0,1
qwen32B-int4_telecom_50runs,baseline,Qwen3-Embedding-0.6B,4adf12e3-623c-48d3-ad7b-9a26aa835def,42,60,agent,0.41041600704193115,0.011111111111111112,0.0,0.3093469738960266,-0.27177403294123137,,0,1
qwen32B-int4_telecom_50runs,baseline,Qwen3-Embedding-0.6B,4adf12e3-623c-48d3-ad7b-9a26aa835def,43,60,tool,,,,,,,0,1
qwen32B-int4_telecom_50runs,baseline,Qwen3-Embedding-0.6B,4adf12e3-623c-48d3-ad7b-9a26aa835def,44,60,agent,0.7431650161743164,0.28431372549019607,0.0,,,,0,1
qwen32B-int4_telecom_50runs,baseline,Qwen3-Embedding-0.6B,4adf12e3-623c-48d3-ad7b-9a26aa835def,45,60,user,,,,,,0.41810309886932373,0,1
qwen32B-int4_telecom_50runs,baseline,Qwen3-Embedding-0.6B,4adf12e3-623c-48d3-ad7b-9a26aa835def,46,60,agent,0.7194318771362305,0.6,0.0,0.13167887926101685,-0.415055880179772,,0,1
qwen32B-int4_telecom_50runs,baseline,Qwen3-Embedding-0.6B,4adf12e3-623c-48d3-ad7b-9a26aa835def,47,60,tool,,,,,,,0,1
qwen32B-int4_telecom_50runs,baseline,Qwen3-Embedding-0.6B,4adf12e3-623c-48d3-ad7b-9a26aa835def,48,60,agent,0.7020350098609924,0.2564102564102564,0.0,0.3607574701309204,-0.24622986179131723,,0,1
qwen32B-int4_telecom_50runs,baseline,Qwen3-Embedding-0.6B,4adf12e3-623c-48d3-ad7b-9a26aa835def,49,60,user,,,,,,0.5095201134681702,1,1
qwen32B-int4_telecom_50runs,baseline,Qwen3-Embedding-0.6B,4adf12e3-623c-48d3-ad7b-9a26aa835def,50,60,tool,,,,,,,0,1
qwen32B-int4_telecom_50runs,baseline,Qwen3-Embedding-0.6B,4adf12e3-623c-48d3-ad7b-9a26aa835def,51,60,user,,,,,,,0,1
qwen32B-int4_telecom_50runs,baseline,Qwen3-Embedding-0.6B,4adf12e3-623c-48d3-ad7b-9a26aa835def,52,60,agent,0.3777734041213989,0.0,0.0,0.317904531955719,-0.20025917199941778,,0,1
qwen32B-int4_telecom_50runs,baseline,Qwen3-Embedding-0.6B,4adf12e3-623c-48d3-ad7b-9a26aa835def,53,60,tool,,,,,,,0,1
qwen32B-int4_telecom_50runs,baseline,Qwen3-Embedding-0.6B,4adf12e3-623c-48d3-ad7b-9a26aa835def,54,60,agent,0.4765991270542145,0.0,0.0,0.32699674367904663,-0.14177046830837542,,0,1
qwen32B-int4_telecom_50runs,baseline,Qwen3-Embedding-0.6B,4adf12e3-623c-48d3-ad7b-9a26aa835def,55,60,user,,,,,,0.44008052349090576,1,1
qwen32B-int4_telecom_50runs,baseline,Qwen3-Embedding-0.6B,4adf12e3-623c-48d3-ad7b-9a26aa835def,56,60,tool,,,,,,,0,1
qwen32B-int4_telecom_50runs,baseline,Qwen3-Embedding-0.6B,4adf12e3-623c-48d3-ad7b-9a26aa835def,57,60,user,,,,,,,0,1
qwen32B-int4_telecom_50runs,baseline,Qwen3-Embedding-0.6B,4adf12e3-623c-48d3-ad7b-9a26aa835def,58,60,agent,0.6733825206756592,0.14285714285714285,0.0,,,,0,1
qwen32B-int4_telecom_50runs,baseline,Qwen3-Embedding-0.6B,4adf12e3-623c-48d3-ad7b-9a26aa835def,59,60,user,,,,,,0.6040000021457672,0,1
qwen32B-int4_telecom_50runs,baseline,Qwen3-Embedding-0.6B,f1972f18-fde4-4951-8ef6-d576173fcc8a,0,32,agent,,,,,,,0,0
qwen32B-int4_telecom_50runs,baseline,Qwen3-Embedding-0.6B,f1972f18-fde4-4951-8ef6-d576173fcc8a,1,32,user,,,,,,0.43986785411834717,0,0
qwen32B-int4_telecom_50runs,baseline,Qwen3-Embedding-0.6B,f1972f18-fde4-4951-8ef6-d576173fcc8a,2,32,agent,0.42426034808158875,0.0784313725490196,0.0,0.25441938638687134,-0.08692024946212767,,0,0
qwen32B-int4_telecom_50runs,baseline,Qwen3-Embedding-0.6B,f1972f18-fde4-4951-8ef6-d576173fcc8a,3,32,user,,,,,,0.23049825429916382,1,0
qwen32B-int4_telecom_50runs,baseline,Qwen3-Embedding-0.6B,f1972f18-fde4-4951-8ef6-d576173fcc8a,4,32,tool,,,,,,,0,0
qwen32B-int4_telecom_50runs,baseline,Qwen3-Embedding-0.6B,f1972f18-fde4-4951-8ef6-d576173fcc8a,5,32,user,,,,,,,0,0
qwen32B-int4_telecom_50runs,baseline,Qwen3-Embedding-0.6B,f1972f18-fde4-4951-8ef6-d576173fcc8a,6,32,agent,0.5981563925743103,0.19480519480519481,0.0,0.32581663131713867,-0.12119133472442628,,0,0
qwen32B-int4_telecom_50runs,baseline,Qwen3-Embedding-0.6B,f1972f18-fde4-4951-8ef6-d576173fcc8a,7,32,user,,,,,,0.38034188747406006,1,0
qwen32B-int4_telecom_50runs,baseline,Qwen3-Embedding-0.6B,f1972f18-fde4-4951-8ef6-d576173fcc8a,8,32,tool,,,,,,,0,0
qwen32B-int4_telecom_50runs,baseline,Qwen3-Embedding-0.6B,f1972f18-fde4-4951-8ef6-d576173fcc8a,9,32,user,,,,,,,0,0
qwen32B-int4_telecom_50runs,baseline,Qwen3-Embedding-0.6B,f1972f18-fde4-4951-8ef6-d576173fcc8a,10,32,agent,0.6024907231330872,0.2,0.0,,,,0,0
qwen32B-int4_telecom_50runs,baseline,Qwen3-Embedding-0.6B,f1972f18-fde4-4951-8ef6-d576173fcc8a,11,32,user,,,,,,0.4945533871650696,0,0
qwen32B-int4_telecom_50runs,baseline,Qwen3-Embedding-0.6B,f1972f18-fde4-4951-8ef6-d576173fcc8a,12,32,agent,0.807500422000885,0.323943661971831,0.0,0.24704933166503906,-0.17772612571716306,,0,0
qwen32B-int4_telecom_50runs,baseline,Qwen3-Embedding-0.6B,f1972f18-fde4-4951-8ef6-d576173fcc8a,13,32,user,,,,,,0.463425874710083,1,0
qwen32B-int4_telecom_50runs,baseline,Qwen3-Embedding-0.6B,f1972f18-fde4-4951-8ef6-d576173fcc8a,14,32,tool,,,,,,,0,0
qwen32B-int4_telecom_50runs,baseline,Qwen3-Embedding-0.6B,f1972f18-fde4-4951-8ef6-d576173fcc8a,15,32,user,,,,,,,0,0
qwen32B-int4_telecom_50runs,baseline,Qwen3-Embedding-0.6B,f1972f18-fde4-4951-8ef6-d576173fcc8a,16,32,agent,0.7741292119026184,0.22093023255813954,0.0,0.3361917734146118,-0.062286823987960815,,0,0
qwen32B-int4_telecom_50runs,baseline,Qwen3-Embedding-0.6B,f1972f18-fde4-4951-8ef6-d576173fcc8a,17,32,user,,,,,,0.35254645347595215,1,0
qwen32B-int4_telecom_50runs,baseline,Qwen3-Embedding-0.6B,f1972f18-fde4-4951-8ef6-d576173fcc8a,18,32,tool,,,,,,,0,0
qwen32B-int4_telecom_50runs,baseline,Qwen3-Embedding-0.6B,f1972f18-fde4-4951-8ef6-d576173fcc8a,19,32,user,,,,,,,0,0
qwen32B-int4_telecom_50runs,baseline,Qwen3-Embedding-0.6B,f1972f18-fde4-4951-8ef6-d576173fcc8a,20,32,agent,0.7682045698165894,0.3424657534246575,0.0,0.49747490882873535,0.10612769722938536,,0,0
qwen32B-int4_telecom_50runs,baseline,Qwen3-Embedding-0.6B,f1972f18-fde4-4951-8ef6-d576173fcc8a,21,32,user,,,,,,0.38754981756210327,1,0
qwen32B-int4_telecom_50runs,baseline,Qwen3-Embedding-0.6B,f1972f18-fde4-4951-8ef6-d576173fcc8a,22,32,tool,,,,,,,0,0
qwen32B-int4_telecom_50runs,baseline,Qwen3-Embedding-0.6B,f1972f18-fde4-4951-8ef6-d576173fcc8a,23,32,user,,,,,,,0,0
qwen32B-int4_telecom_50runs,baseline,Qwen3-Embedding-0.6B,f1972f18-fde4-4951-8ef6-d576173fcc8a,24,32,agent,0.6688248515129089,0.2,0.0,0.31341761350631714,-0.21059802174568176,,0,0
qwen32B-int4_telecom_50runs,baseline,Qwen3-Embedding-0.6B,f1972f18-fde4-4951-8ef6-d576173fcc8a,25,32,user,,,,,,0.3533046245574951,1,0
qwen32B-int4_telecom_50runs,baseline,Qwen3-Embedding-0.6B,f1972f18-fde4-4951-8ef6-d576173fcc8a,26,32,tool,,,,,,,0,0
qwen32B-int4_telecom_50runs,baseline,Qwen3-Embedding-0.6B,f1972f18-fde4-4951-8ef6-d576173fcc8a,27,32,user,,,,,,,1,0
qwen32B-int4_telecom_50runs,baseline,Qwen3-Embedding-0.6B,f1972f18-fde4-4951-8ef6-d576173fcc8a,28,32,tool,,,,,,,0,0
qwen32B-int4_telecom_50runs,baseline,Qwen3-Embedding-0.6B,f1972f18-fde4-4951-8ef6-d576173fcc8a,29,32,user,,,,,,,0,0
qwen32B-int4_telecom_50runs,baseline,Qwen3-Embedding-0.6B,f1972f18-fde4-4951-8ef6-d576173fcc8a,30,32,agent,,,,,,,0,0
qwen32B-int4_telecom_50runs,baseline,Qwen3-Embedding-0.6B,f1972f18-fde4-4951-8ef6-d576173fcc8a,31,32,user,,,,,,0.5121989548206329,0,0
qwen32B-int4_telecom_50runs,baseline,Qwen3-Embedding-0.6B,ded09971-26a1-4368-a380-a0f9cc15ac9f,0,38,agent,,,,,,,0,1
qwen32B-int4_telecom_50runs,baseline,Qwen3-Embedding-0.6B,ded09971-26a1-4368-a380-a0f9cc15ac9f,1,38,user,,,,,,0.44096070528030396,0,1
qwen32B-int4_telecom_50runs,baseline,Qwen3-Embedding-0.6B,ded09971-26a1-4368-a380-a0f9cc15ac9f,2,38,agent,0.4244435131549835,0.0784313725490196,0.0,0.256069540977478,-0.09796112030744553,,0,1
qwen32B-int4_telecom_50runs,baseline,Qwen3-Embedding-0.6B,ded09971-26a1-4368-a380-a0f9cc15ac9f,3,38,user,,,,,,0.22374379634857178,1,1
qwen32B-int4_telecom_50runs,baseline,Qwen3-Embedding-0.6B,ded09971-26a1-4368-a380-a0f9cc15ac9f,4,38,tool,,,,,,,0,1
qwen32B-int4_telecom_50runs,baseline,Qwen3-Embedding-0.6B,ded09971-26a1-4368-a380-a0f9cc15ac9f,5,38,user,,,,,,,0,1
qwen32B-int4_telecom_50runs,baseline,Qwen3-Embedding-0.6B,ded09971-26a1-4368-a380-a0f9cc15ac9f,6,38,agent,0.6012298464775085,0.19480519480519481,0.0,0.325977087020874,-0.14586248993873596,,0,1
qwen32B-int4_telecom_50runs,baseline,Qwen3-Embedding-0.6B,ded09971-26a1-4368-a380-a0f9cc15ac9f,7,38,user,,,,,,0.3780425190925598,1,1
qwen32B-int4_telecom_50runs,baseline,Qwen3-Embedding-0.6B,ded09971-26a1-4368-a380-a0f9cc15ac9f,8,38,tool,,,,,,,0,1
qwen32B-int4_telecom_50runs,baseline,Qwen3-Embedding-0.6B,ded09971-26a1-4368-a380-a0f9cc15ac9f,9,38,user,,,,,,,0,1
qwen32B-int4_telecom_50runs,baseline,Qwen3-Embedding-0.6B,ded09971-26a1-4368-a380-a0f9cc15ac9f,10,38,agent,0.6046921014785767,0.2,0.0,,,,0,1
qwen32B-int4_telecom_50runs,baseline,Qwen3-Embedding-0.6B,ded09971-26a1-4368-a380-a0f9cc15ac9f,11,38,user,,,,,,0.4932786226272583,0,1
qwen32B-int4_telecom_50runs,baseline,Qwen3-Embedding-0.6B,ded09971-26a1-4368-a380-a0f9cc15ac9f,12,38,agent,0.8053076863288879,0.323943661971831,0.0,0.2525012493133545,-0.22709070891141891,,0,1
qwen32B-int4_telecom_50runs,baseline,Qwen3-Embedding-0.6B,ded09971-26a1-4368-a380-a0f9cc15ac9f,13,38,user,,,,,,0.46970826387405396,1,1
qwen32B-int4_telecom_50runs,baseline,Qwen3-Embedding-0.6B,ded09971-26a1-4368-a380-a0f9cc15ac9f,14,38,tool,,,,,,,0,1
qwen32B-int4_telecom_50runs,baseline,Qwen3-Embedding-0.6B,ded09971-26a1-4368-a380-a0f9cc15ac9f,15,38,user,,,,,,,0,1
qwen32B-int4_telecom_50runs,baseline,Qwen3-Embedding-0.6B,ded09971-26a1-4368-a380-a0f9cc15ac9f,16,38,agent,0.771307110786438,0.22093023255813954,0.0,0.3514416217803955,-0.07080714404582977,,0,1
qwen32B-int4_telecom_50runs,baseline,Qwen3-Embedding-0.6B,ded09971-26a1-4368-a380-a0f9cc15ac9f,17,38,user,,,,,,0.35951685905456543,1,1
qwen32B-int4_telecom_50runs,baseline,Qwen3-Embedding-0.6B,ded09971-26a1-4368-a380-a0f9cc15ac9f,18,38,tool,,,,,,,0,1
qwen32B-int4_telecom_50runs,baseline,Qwen3-Embedding-0.6B,ded09971-26a1-4368-a380-a0f9cc15ac9f,19,38,user,,,,,,,0,1
qwen32B-int4_telecom_50runs,baseline,Qwen3-Embedding-0.6B,ded09971-26a1-4368-a380-a0f9cc15ac9f,20,38,agent,0.741219162940979,0.2894736842105263,0.0,0.4598286747932434,0.03234494477510452,,0,1
qwen32B-int4_telecom_50runs,baseline,Qwen3-Embedding-0.6B,ded09971-26a1-4368-a380-a0f9cc15ac9f,21,38,user,,,,,,0.38124555349349976,1,1
qwen32B-int4_telecom_50runs,baseline,Qwen3-Embedding-0.6B,ded09971-26a1-4368-a380-a0f9cc15ac9f,22,38,tool,,,,,,,0,1
qwen32B-int4_telecom_50runs,baseline,Qwen3-Embedding-0.6B,ded09971-26a1-4368-a380-a0f9cc15ac9f,23,38,user,,,,,,,1,1
qwen32B-int4_telecom_50runs,baseline,Qwen3-Embedding-0.6B,ded09971-26a1-4368-a380-a0f9cc15ac9f,24,38,tool,,,,,,,0,1
qwen32B-int4_telecom_50runs,baseline,Qwen3-Embedding-0.6B,ded09971-26a1-4368-a380-a0f9cc15ac9f,25,38,user,,,,,,,0,1
qwen32B-int4_telecom_50runs,baseline,Qwen3-Embedding-0.6B,ded09971-26a1-4368-a380-a0f9cc15ac9f,26,38,agent,,,,,,,0,1
qwen32B-int4_telecom_50runs,baseline,Qwen3-Embedding-0.6B,ded09971-26a1-4368-a380-a0f9cc15ac9f,27,38,user,,,,,,0.2891709804534912,0,1
qwen32B-int4_telecom_50runs,baseline,Qwen3-Embedding-0.6B,ded09971-26a1-4368-a380-a0f9cc15ac9f,28,38,agent,0.8739825487136841,0.5632183908045977,0.0,,,,0,1
qwen32B-int4_telecom_50runs,baseline,Qwen3-Embedding-0.6B,ded09971-26a1-4368-a380-a0f9cc15ac9f,29,38,user,,,,,,0.3672714829444885,0,1
qwen32B-int4_telecom_50runs,baseline,Qwen3-Embedding-0.6B,ded09971-26a1-4368-a380-a0f9cc15ac9f,30,38,agent,0.7855509519577026,0.5714285714285714,0.0,,,,0,1
qwen32B-int4_telecom_50runs,baseline,Qwen3-Embedding-0.6B,ded09971-26a1-4368-a380-a0f9cc15ac9f,31,38,user,,,,,,0.22570961713790894,0,1
qwen32B-int4_telecom_50runs,baseline,Qwen3-Embedding-0.6B,ded09971-26a1-4368-a380-a0f9cc15ac9f,32,38,agent,0.8631559014320374,0.2222222222222222,0.0,,,,0,1
qwen32B-int4_telecom_50runs,baseline,Qwen3-Embedding-0.6B,ded09971-26a1-4368-a380-a0f9cc15ac9f,33,38,user,,,,,,0.20377838611602783,0,1
qwen32B-int4_telecom_50runs,baseline,Qwen3-Embedding-0.6B,ded09971-26a1-4368-a380-a0f9cc15ac9f,34,38,agent,0.8748346567153931,0.4479166666666667,0.0,,,,0,1
qwen32B-int4_telecom_50runs,baseline,Qwen3-Embedding-0.6B,ded09971-26a1-4368-a380-a0f9cc15ac9f,35,38,user,,,,,,0.2002878189086914,0,1
qwen32B-int4_telecom_50runs,baseline,Qwen3-Embedding-0.6B,ded09971-26a1-4368-a380-a0f9cc15ac9f,36,38,agent,0.6886100172996521,0.2,0.0,,,,0,1
qwen32B-int4_telecom_50runs,baseline,Qwen3-Embedding-0.6B,ded09971-26a1-4368-a380-a0f9cc15ac9f,37,38,user,,,,,,0.5823908150196075,0,1
qwen32B-int4_telecom_50runs,baseline,Qwen3-Embedding-0.6B,8b17d49a-8df2-4610-92e7-030aff28068f,0,70,agent,,,,,,,0,0
qwen32B-int4_telecom_50runs,baseline,Qwen3-Embedding-0.6B,8b17d49a-8df2-4610-92e7-030aff28068f,1,70,user,,,,,,0.44096070528030396,0,0
qwen32B-int4_telecom_50runs,baseline,Qwen3-Embedding-0.6B,8b17d49a-8df2-4610-92e7-030aff28068f,2,70,agent,0.4244435131549835,0.0784313725490196,0.0,0.31650662422180176,-0.1372610740363598,,0,0
qwen32B-int4_telecom_50runs,baseline,Qwen3-Embedding-0.6B,8b17d49a-8df2-4610-92e7-030aff28068f,3,70,user,,,,,,0.22926193475723267,1,0
qwen32B-int4_telecom_50runs,baseline,Qwen3-Embedding-0.6B,8b17d49a-8df2-4610-92e7-030aff28068f,4,70,tool,,,,,,,0,0
qwen32B-int4_telecom_50runs,baseline,Qwen3-Embedding-0.6B,8b17d49a-8df2-4610-92e7-030aff28068f,5,70,user,,,,,,,0,0
qwen32B-int4_telecom_50runs,baseline,Qwen3-Embedding-0.6B,8b17d49a-8df2-4610-92e7-030aff28068f,6,70,agent,0.7245412468910217,0.2,0.0,0.37085890769958496,-0.11242939718067646,,0,0
qwen32B-int4_telecom_50runs,baseline,Qwen3-Embedding-0.6B,8b17d49a-8df2-4610-92e7-030aff28068f,7,70,user,,,,,,0.3953395485877991,1,0
qwen32B-int4_telecom_50runs,baseline,Qwen3-Embedding-0.6B,8b17d49a-8df2-4610-92e7-030aff28068f,8,70,tool,,,,,,,0,0
qwen32B-int4_telecom_50runs,baseline,Qwen3-Embedding-0.6B,8b17d49a-8df2-4610-92e7-030aff28068f,9,70,user,,,,,,,0,0
qwen32B-int4_telecom_50runs,baseline,Qwen3-Embedding-0.6B,8b17d49a-8df2-4610-92e7-030aff28068f,10,70,agent,0.8207895159721375,0.2361111111111111,0.0,0.3646606206893921,-0.15144740603864193,,0,0
qwen32B-int4_telecom_50runs,baseline,Qwen3-Embedding-0.6B,8b17d49a-8df2-4610-92e7-030aff28068f,11,70,user,,,,,,0.35287660360336304,1,0
qwen32B-int4_telecom_50runs,baseline,Qwen3-Embedding-0.6B,8b17d49a-8df2-4610-92e7-030aff28068f,12,70,tool,,,,,,,0,0
qwen32B-int4_telecom_50runs,baseline,Qwen3-Embedding-0.6B,8b17d49a-8df2-4610-92e7-030aff28068f,13,70,user,,,,,,,0,0
qwen32B-int4_telecom_50runs,baseline,Qwen3-Embedding-0.6B,8b17d49a-8df2-4610-92e7-030aff28068f,14,70,agent,0.7631057500839233,0.22580645161290322,0.0,0.21423274278640747,-0.25456478632986546,,0,0
qwen32B-int4_telecom_50runs,baseline,Qwen3-Embedding-0.6B,8b17d49a-8df2-4610-92e7-030aff28068f,15,70,user,,,,,,0.39803433418273926,1,0
qwen32B-int4_telecom_50runs,baseline,Qwen3-Embedding-0.6B,8b17d49a-8df2-4610-92e7-030aff28068f,16,70,tool,,,,,,,0,0
qwen32B-int4_telecom_50runs,baseline,Qwen3-Embedding-0.6B,8b17d49a-8df2-4610-92e7-030aff28068f,17,70,user,,,,,,,0,0
qwen32B-int4_telecom_50runs,baseline,Qwen3-Embedding-0.6B,8b17d49a-8df2-4610-92e7-030aff28068f,18,70,agent,0.7946720719337463,0.26229508196721313,0.0,0.47457194328308105,-0.009473014622926712,,0,0
qwen32B-int4_telecom_50runs,baseline,Qwen3-Embedding-0.6B,8b17d49a-8df2-4610-92e7-030aff28068f,19,70,user,,,,,,0.33115696907043457,1,0
qwen32B-int4_telecom_50runs,baseline,Qwen3-Embedding-0.6B,8b17d49a-8df2-4610-92e7-030aff28068f,20,70,tool,,,,,,,0,0
qwen32B-int4_telecom_50runs,baseline,Qwen3-Embedding-0.6B,8b17d49a-8df2-4610-92e7-030aff28068f,21,70,user,,,,,,,0,0
qwen32B-int4_telecom_50runs,baseline,Qwen3-Embedding-0.6B,8b17d49a-8df2-4610-92e7-030aff28068f,22,70,agent,0.8388790488243103,0.25,0.0,0.2330946922302246,-0.26116553507745266,,0,0
qwen32B-int4_telecom_50runs,baseline,Qwen3-Embedding-0.6B,8b17d49a-8df2-4610-92e7-030aff28068f,23,70,user,,,,,,0.2345343828201294,1,0
qwen32B-int4_telecom_50runs,baseline,Qwen3-Embedding-0.6B,8b17d49a-8df2-4610-92e7-030aff28068f,24,70,tool,,,,,,,0,0
qwen32B-int4_telecom_50runs,baseline,Qwen3-Embedding-0.6B,8b17d49a-8df2-4610-92e7-030aff28068f,25,70,user,,,,,,,0,0
qwen32B-int4_telecom_50runs,baseline,Qwen3-Embedding-0.6B,8b17d49a-8df2-4610-92e7-030aff28068f,26,70,agent,0.8690182566642761,0.35714285714285715,0.0,0.23456555604934692,-0.2800129894167185,,0,0
qwen32B-int4_telecom_50runs,baseline,Qwen3-Embedding-0.6B,8b17d49a-8df2-4610-92e7-030aff28068f,27,70,user,,,,,,0.46317946910858154,1,0
qwen32B-int4_telecom_50runs,baseline,Qwen3-Embedding-0.6B,8b17d49a-8df2-4610-92e7-030aff28068f,28,70,tool,,,,,,,0,0
qwen32B-int4_telecom_50runs,baseline,Qwen3-Embedding-0.6B,8b17d49a-8df2-4610-92e7-030aff28068f,29,70,user,,,,,,,0,0
qwen32B-int4_telecom_50runs,baseline,Qwen3-Embedding-0.6B,8b17d49a-8df2-4610-92e7-030aff28068f,30,70,agent,0.76966792345047,0.11940298507462686,0.0,,,,0,0
qwen32B-int4_telecom_50runs,baseline,Qwen3-Embedding-0.6B,8b17d49a-8df2-4610-92e7-030aff28068f,31,70,user,,,,,,0.5119344592094421,0,0
qwen32B-int4_telecom_50runs,baseline,Qwen3-Embedding-0.6B,8b17d49a-8df2-4610-92e7-030aff28068f,32,70,agent,0.4951724410057068,0.015625,0.0,0.44571858644485474,-0.12460512667894363,,0,0
qwen32B-int4_telecom_50runs,baseline,Qwen3-Embedding-0.6B,8b17d49a-8df2-4610-92e7-030aff28068f,33,70,tool,,,,,,,0,0
qwen32B-int4_telecom_50runs,baseline,Qwen3-Embedding-0.6B,8b17d49a-8df2-4610-92e7-030aff28068f,34,70,agent,0.7292579412460327,0.34177215189873417,0.0,,,,0,0
qwen32B-int4_telecom_50runs,baseline,Qwen3-Embedding-0.6B,8b17d49a-8df2-4610-92e7-030aff28068f,35,70,user,,,,,,0.22979772090911865,0,0
qwen32B-int4_telecom_50runs,baseline,Qwen3-Embedding-0.6B,8b17d49a-8df2-4610-92e7-030aff28068f,36,70,agent,0.7862963080406189,0.35135135135135137,0.0,0.4139620065689087,-0.19375345204025507,,0,0
qwen32B-int4_telecom_50runs,baseline,Qwen3-Embedding-0.6B,8b17d49a-8df2-4610-92e7-030aff28068f,37,70,tool,,,,,,,0,0
qwen32B-int4_telecom_50runs,baseline,Qwen3-Embedding-0.6B,8b17d49a-8df2-4610-92e7-030aff28068f,38,70,agent,0.8665390014648438,0.509090909090909,0.0,0.4358749985694885,-0.14829953759908676,,0,0
qwen32B-int4_telecom_50runs,baseline,Qwen3-Embedding-0.6B,8b17d49a-8df2-4610-92e7-030aff28068f,39,70,tool,,,,,,,0,0
qwen32B-int4_telecom_50runs,baseline,Qwen3-Embedding-0.6B,8b17d49a-8df2-4610-92e7-030aff28068f,40,70,agent,0.7654356956481934,0.3684210526315789,0.0,0.4311811327934265,-0.08055872283875942,,0,0
qwen32B-int4_telecom_50runs,baseline,Qwen3-Embedding-0.6B,8b17d49a-8df2-4610-92e7-030aff28068f,41,70,tool,,,,,,,0,0
qwen32B-int4_telecom_50runs,baseline,Qwen3-Embedding-0.6B,8b17d49a-8df2-4610-92e7-030aff28068f,42,70,agent,0.7892451882362366,0.2967032967032967,0.0,,,,0,0
qwen32B-int4_telecom_50runs,baseline,Qwen3-Embedding-0.6B,8b17d49a-8df2-4610-92e7-030aff28068f,43,70,user,,,,,,0.5427861511707306,0,0
qwen32B-int4_telecom_50runs,baseline,Qwen3-Embedding-0.6B,8b17d49a-8df2-4610-92e7-030aff28068f,44,70,agent,0.6613168120384216,0.3333333333333333,0.0,0.22335904836654663,-0.3637142274528742,,0,0
qwen32B-int4_telecom_50runs,baseline,Qwen3-Embedding-0.6B,8b17d49a-8df2-4610-92e7-030aff28068f,45,70,tool,,,,,,,0,0
qwen32B-int4_telecom_50runs,baseline,Qwen3-Embedding-0.6B,8b17d49a-8df2-4610-92e7-030aff28068f,46,70,agent,0.8763328790664673,0.4186046511627907,0.0,0.3242951035499573,-0.2210562340915203,,0,0
qwen32B-int4_telecom_50runs,baseline,Qwen3-Embedding-0.6B,8b17d49a-8df2-4610-92e7-030aff28068f,47,70,user,,,,,,0.36265283823013306,1,0
qwen32B-int4_telecom_50runs,baseline,Qwen3-Embedding-0.6B,8b17d49a-8df2-4610-92e7-030aff28068f,48,70,tool,,,,,,,0,0
qwen32B-int4_telecom_50runs,baseline,Qwen3-Embedding-0.6B,8b17d49a-8df2-4610-92e7-030aff28068f,49,70,user,,,,,,,1,0
qwen32B-int4_telecom_50runs,baseline,Qwen3-Embedding-0.6B,8b17d49a-8df2-4610-92e7-030aff28068f,50,70,tool,,,,,,,0,0
qwen32B-int4_telecom_50runs,baseline,Qwen3-Embedding-0.6B,8b17d49a-8df2-4610-92e7-030aff28068f,51,70,user,,,,,,,0,0
qwen32B-int4_telecom_50runs,baseline,Qwen3-Embedding-0.6B,8b17d49a-8df2-4610-92e7-030aff28068f,52,70,agent,,,,0.25320154428482056,-0.2579139806330204,,0,0
qwen32B-int4_telecom_50runs,baseline,Qwen3-Embedding-0.6B,8b17d49a-8df2-4610-92e7-030aff28068f,53,70,tool,,,,,,,0,0
qwen32B-int4_telecom_50runs,baseline,Qwen3-Embedding-0.6B,8b17d49a-8df2-4610-92e7-030aff28068f,54,70,agent,0.7158593535423279,0.35714285714285715,0.0,0.3507128357887268,-0.17422347702085972,,0,0
qwen32B-int4_telecom_50runs,baseline,Qwen3-Embedding-0.6B,8b17d49a-8df2-4610-92e7-030aff28068f,55,70,user,,,,,,0.33656996488571167,1,0
qwen32B-int4_telecom_50runs,baseline,Qwen3-Embedding-0.6B,8b17d49a-8df2-4610-92e7-030aff28068f,56,70,tool,,,,,,,0,0
qwen32B-int4_telecom_50runs,baseline,Qwen3-Embedding-0.6B,8b17d49a-8df2-4610-92e7-030aff28068f,57,70,user,,,,,,,0,0
qwen32B-int4_telecom_50runs,baseline,Qwen3-Embedding-0.6B,8b17d49a-8df2-4610-92e7-030aff28068f,58,70,agent,0.5907084345817566,0.2318840579710145,0.0,0.33175909519195557,-0.16239326912909746,,0,0
qwen32B-int4_telecom_50runs,baseline,Qwen3-Embedding-0.6B,8b17d49a-8df2-4610-92e7-030aff28068f,59,70,user,,,,,,0.368064284324646,1,0
qwen32B-int4_telecom_50runs,baseline,Qwen3-Embedding-0.6B,8b17d49a-8df2-4610-92e7-030aff28068f,60,70,tool,,,,,,,0,0
qwen32B-int4_telecom_50runs,baseline,Qwen3-Embedding-0.6B,8b17d49a-8df2-4610-92e7-030aff28068f,61,70,user,,,,,,,0,0
qwen32B-int4_telecom_50runs,baseline,Qwen3-Embedding-0.6B,8b17d49a-8df2-4610-92e7-030aff28068f,62,70,agent,0.48005494475364685,0.16129032258064516,0.0,,,,0,0
qwen32B-int4_telecom_50runs,baseline,Qwen3-Embedding-0.6B,8b17d49a-8df2-4610-92e7-030aff28068f,63,70,user,,,,,,0.26290303468704224,0,0
qwen32B-int4_telecom_50runs,baseline,Qwen3-Embedding-0.6B,8b17d49a-8df2-4610-92e7-030aff28068f,64,70,agent,0.764644980430603,0.3108108108108108,0.0,,,,0,0
qwen32B-int4_telecom_50runs,baseline,Qwen3-Embedding-0.6B,8b17d49a-8df2-4610-92e7-030aff28068f,65,70,user,,,,,,0.3906567096710205,0,0
qwen32B-int4_telecom_50runs,baseline,Qwen3-Embedding-0.6B,8b17d49a-8df2-4610-92e7-030aff28068f,66,70,agent,0.5621699094772339,0.20689655172413793,0.0,0.5826622545719147,-0.044826967641711235,,0,0
qwen32B-int4_telecom_50runs,baseline,Qwen3-Embedding-0.6B,8b17d49a-8df2-4610-92e7-030aff28068f,67,70,tool,,,,,,,0,0
qwen32B-int4_telecom_50runs,baseline,Qwen3-Embedding-0.6B,8b17d49a-8df2-4610-92e7-030aff28068f,68,70,agent,0.5584855079650879,0.18518518518518517,0.0,,,,0,0
qwen32B-int4_telecom_50runs,baseline,Qwen3-Embedding-0.6B,8b17d49a-8df2-4610-92e7-030aff28068f,69,70,user,,,,,,0.22931426763534546,0,0
qwen32B-int4_telecom_50runs,baseline,Qwen3-Embedding-0.6B,d1ed0f38-fcff-4935-a1c6-14f6bd93baab,0,102,agent,,,,,,,0,1
qwen32B-int4_telecom_50runs,baseline,Qwen3-Embedding-0.6B,d1ed0f38-fcff-4935-a1c6-14f6bd93baab,1,102,user,,,,,,0.43986785411834717,0,1
qwen32B-int4_telecom_50runs,baseline,Qwen3-Embedding-0.6B,d1ed0f38-fcff-4935-a1c6-14f6bd93baab,2,102,agent,0.42503759264945984,0.0784313725490196,0.0,0.31507259607315063,-0.08990629911422732,,0,1
qwen32B-int4_telecom_50runs,baseline,Qwen3-Embedding-0.6B,d1ed0f38-fcff-4935-a1c6-14f6bd93baab,3,102,user,,,,,,0.2224828004837036,1,1
qwen32B-int4_telecom_50runs,baseline,Qwen3-Embedding-0.6B,d1ed0f38-fcff-4935-a1c6-14f6bd93baab,4,102,tool,,,,,,,0,1
qwen32B-int4_telecom_50runs,baseline,Qwen3-Embedding-0.6B,d1ed0f38-fcff-4935-a1c6-14f6bd93baab,5,102,user,,,,,,,0,1
qwen32B-int4_telecom_50runs,baseline,Qwen3-Embedding-0.6B,d1ed0f38-fcff-4935-a1c6-14f6bd93baab,6,102,agent,0.7245412468910217,0.2,0.0,0.37036198377609253,-0.0773121014237404,,0,1
qwen32B-int4_telecom_50runs,baseline,Qwen3-Embedding-0.6B,d1ed0f38-fcff-4935-a1c6-14f6bd93baab,7,102,user,,,,,,0.39437901973724365,1,1
qwen32B-int4_telecom_50runs,baseline,Qwen3-Embedding-0.6B,d1ed0f38-fcff-4935-a1c6-14f6bd93baab,8,102,tool,,,,,,,0,1
qwen32B-int4_telecom_50runs,baseline,Qwen3-Embedding-0.6B,d1ed0f38-fcff-4935-a1c6-14f6bd93baab,9,102,user,,,,,,,0,1
qwen32B-int4_telecom_50runs,baseline,Qwen3-Embedding-0.6B,d1ed0f38-fcff-4935-a1c6-14f6bd93baab,10,102,agent,0.8207895159721375,0.2361111111111111,0.0,0.36380571126937866,-0.12723554372787477,,0,1
qwen32B-int4_telecom_50runs,baseline,Qwen3-Embedding-0.6B,d1ed0f38-fcff-4935-a1c6-14f6bd93baab,11,102,user,,,,,,0.35381096601486206,1,1
qwen32B-int4_telecom_50runs,baseline,Qwen3-Embedding-0.6B,d1ed0f38-fcff-4935-a1c6-14f6bd93baab,12,102,tool,,,,,,,0,1
qwen32B-int4_telecom_50runs,baseline,Qwen3-Embedding-0.6B,d1ed0f38-fcff-4935-a1c6-14f6bd93baab,13,102,user,,,,,,,0,1
qwen32B-int4_telecom_50runs,baseline,Qwen3-Embedding-0.6B,d1ed0f38-fcff-4935-a1c6-14f6bd93baab,14,102,agent,0.7631057500839233,0.22580645161290322,0.0,0.21323829889297485,-0.2242829754948616,,0,1
qwen32B-int4_telecom_50runs,baseline,Qwen3-Embedding-0.6B,d1ed0f38-fcff-4935-a1c6-14f6bd93baab,15,102,user,,,,,,0.3946453928947449,1,1
qwen32B-int4_telecom_50runs,baseline,Qwen3-Embedding-0.6B,d1ed0f38-fcff-4935-a1c6-14f6bd93baab,16,102,tool,,,,,,,0,1
qwen32B-int4_telecom_50runs,baseline,Qwen3-Embedding-0.6B,d1ed0f38-fcff-4935-a1c6-14f6bd93baab,17,102,user,,,,,,,0,1
qwen32B-int4_telecom_50runs,baseline,Qwen3-Embedding-0.6B,d1ed0f38-fcff-4935-a1c6-14f6bd93baab,18,102,agent,0.7946720719337463,0.26229508196721313,0.0,0.4587739109992981,0.003655664622783661,,0,1
qwen32B-int4_telecom_50runs,baseline,Qwen3-Embedding-0.6B,d1ed0f38-fcff-4935-a1c6-14f6bd93baab,19,102,user,,,,,,0.3286794424057007,1,1
qwen32B-int4_telecom_50runs,baseline,Qwen3-Embedding-0.6B,d1ed0f38-fcff-4935-a1c6-14f6bd93baab,20,102,tool,,,,,,,0,1
qwen32B-int4_telecom_50runs,baseline,Qwen3-Embedding-0.6B,d1ed0f38-fcff-4935-a1c6-14f6bd93baab,21,102,user,,,,,,,0,1
qwen32B-int4_telecom_50runs,baseline,Qwen3-Embedding-0.6B,d1ed0f38-fcff-4935-a1c6-14f6bd93baab,22,102,agent,0.8580309152603149,0.234375,0.0,0.21649426221847534,-0.23269529193639754,,0,1
qwen32B-int4_telecom_50runs,baseline,Qwen3-Embedding-0.6B,d1ed0f38-fcff-4935-a1c6-14f6bd93baab,23,102,user,,,,,,0.1956889033317566,1,1
qwen32B-int4_telecom_50runs,baseline,Qwen3-Embedding-0.6B,d1ed0f38-fcff-4935-a1c6-14f6bd93baab,24,102,tool,,,,,,,0,1
qwen32B-int4_telecom_50runs,baseline,Qwen3-Embedding-0.6B,d1ed0f38-fcff-4935-a1c6-14f6bd93baab,25,102,user,,,,,,,0,1
qwen32B-int4_telecom_50runs,baseline,Qwen3-Embedding-0.6B,d1ed0f38-fcff-4935-a1c6-14f6bd93baab,26,102,agent,0.7547917366027832,0.23728813559322035,0.0,0.2869446873664856,-0.22716538459062574,,0,1
qwen32B-int4_telecom_50runs,baseline,Qwen3-Embedding-0.6B,d1ed0f38-fcff-4935-a1c6-14f6bd93baab,27,102,user,,,,,,0.37841546535491943,1,1
qwen32B-int4_telecom_50runs,baseline,Qwen3-Embedding-0.6B,d1ed0f38-fcff-4935-a1c6-14f6bd93baab,28,102,tool,,,,,,,0,1
qwen32B-int4_telecom_50runs,baseline,Qwen3-Embedding-0.6B,d1ed0f38-fcff-4935-a1c6-14f6bd93baab,29,102,user,,,,,,,0,1
qwen32B-int4_telecom_50runs,baseline,Qwen3-Embedding-0.6B,d1ed0f38-fcff-4935-a1c6-14f6bd93baab,30,102,agent,0.6359583139419556,0.17142857142857143,0.0,,,,0,1
qwen32B-int4_telecom_50runs,baseline,Qwen3-Embedding-0.6B,d1ed0f38-fcff-4935-a1c6-14f6bd93baab,31,102,user,,,,,,0.3780600428581238,0,1
qwen32B-int4_telecom_50runs,baseline,Qwen3-Embedding-0.6B,d1ed0f38-fcff-4935-a1c6-14f6bd93baab,32,102,agent,0.49051085114479065,0.015625,0.0,0.4458771347999573,-0.12831281125545502,,0,1
qwen32B-int4_telecom_50runs,baseline,Qwen3-Embedding-0.6B,d1ed0f38-fcff-4935-a1c6-14f6bd93baab,33,102,tool,,,,,,,0,1
qwen32B-int4_telecom_50runs,baseline,Qwen3-Embedding-0.6B,d1ed0f38-fcff-4935-a1c6-14f6bd93baab,34,102,agent,0.6877300143241882,0.3875,0.0,,,,0,1
qwen32B-int4_telecom_50runs,baseline,Qwen3-Embedding-0.6B,d1ed0f38-fcff-4935-a1c6-14f6bd93baab,35,102,user,,,,,,0.22912675142288208,0,1
qwen32B-int4_telecom_50runs,baseline,Qwen3-Embedding-0.6B,d1ed0f38-fcff-4935-a1c6-14f6bd93baab,36,102,agent,0.5699779987335205,0.35,0.0,0.5811028480529785,0.015060935914516405,,0,1
qwen32B-int4_telecom_50runs,baseline,Qwen3-Embedding-0.6B,d1ed0f38-fcff-4935-a1c6-14f6bd93baab,37,102,tool,,,,,,,0,1
qwen32B-int4_telecom_50runs,baseline,Qwen3-Embedding-0.6B,d1ed0f38-fcff-4935-a1c6-14f6bd93baab,38,102,tool,,,,,,,0,1
qwen32B-int4_telecom_50runs,baseline,Qwen3-Embedding-0.6B,d1ed0f38-fcff-4935-a1c6-14f6bd93baab,39,102,tool,,,,,,,0,1
qwen32B-int4_telecom_50runs,baseline,Qwen3-Embedding-0.6B,d1ed0f38-fcff-4935-a1c6-14f6bd93baab,40,102,agent,0.33441129326820374,0.021739130434782608,0.0,,,,0,1
qwen32B-int4_telecom_50runs,baseline,Qwen3-Embedding-0.6B,d1ed0f38-fcff-4935-a1c6-14f6bd93baab,41,102,user,,,,,,0.6900793313980103,0,1
qwen32B-int4_telecom_50runs,baseline,Qwen3-Embedding-0.6B,d1ed0f38-fcff-4935-a1c6-14f6bd93baab,42,102,agent,0.413300096988678,0.011111111111111112,0.0,0.30747634172439575,-0.297752158343792,,0,1
qwen32B-int4_telecom_50runs,baseline,Qwen3-Embedding-0.6B,d1ed0f38-fcff-4935-a1c6-14f6bd93baab,43,102,tool,,,,,,,0,1
qwen32B-int4_telecom_50runs,baseline,Qwen3-Embedding-0.6B,d1ed0f38-fcff-4935-a1c6-14f6bd93baab,44,102,agent,0.7431650161743164,0.28431372549019607,0.0,,,,0,1
qwen32B-int4_telecom_50runs,baseline,Qwen3-Embedding-0.6B,d1ed0f38-fcff-4935-a1c6-14f6bd93baab,45,102,user,,,,,,0.4161040782928467,0,1
qwen32B-int4_telecom_50runs,baseline,Qwen3-Embedding-0.6B,d1ed0f38-fcff-4935-a1c6-14f6bd93baab,46,102,agent,0.7262941598892212,0.6,0.0,0.13229972124099731,-0.43613736927509306,,0,1
qwen32B-int4_telecom_50runs,baseline,Qwen3-Embedding-0.6B,d1ed0f38-fcff-4935-a1c6-14f6bd93baab,47,102,tool,,,,,,,0,1
qwen32B-int4_telecom_50runs,baseline,Qwen3-Embedding-0.6B,d1ed0f38-fcff-4935-a1c6-14f6bd93baab,48,102,agent,0.7020350098609924,0.2564102564102564,0.0,0.36414819955825806,-0.2771904401481151,,0,1
qwen32B-int4_telecom_50runs,baseline,Qwen3-Embedding-0.6B,d1ed0f38-fcff-4935-a1c6-14f6bd93baab,49,102,user,,,,,,0.5103954374790192,1,1
qwen32B-int4_telecom_50runs,baseline,Qwen3-Embedding-0.6B,d1ed0f38-fcff-4935-a1c6-14f6bd93baab,50,102,tool,,,,,,,0,1
qwen32B-int4_telecom_50runs,baseline,Qwen3-Embedding-0.6B,d1ed0f38-fcff-4935-a1c6-14f6bd93baab,51,102,user,,,,,,,0,1
qwen32B-int4_telecom_50runs,baseline,Qwen3-Embedding-0.6B,d1ed0f38-fcff-4935-a1c6-14f6bd93baab,52,102,agent,0.37176215648651123,0.0,0.0,0.32096678018569946,-0.21199086904525755,,0,1
qwen32B-int4_telecom_50runs,baseline,Qwen3-Embedding-0.6B,d1ed0f38-fcff-4935-a1c6-14f6bd93baab,53,102,tool,,,,,,,0,1
qwen32B-int4_telecom_50runs,baseline,Qwen3-Embedding-0.6B,d1ed0f38-fcff-4935-a1c6-14f6bd93baab,54,102,agent,0.47844502329826355,0.0,0.0,0.34141772985458374,-0.1164596751332283,,0,1
qwen32B-int4_telecom_50runs,baseline,Qwen3-Embedding-0.6B,d1ed0f38-fcff-4935-a1c6-14f6bd93baab,55,102,user,,,,,,0.44584691524505615,1,1
qwen32B-int4_telecom_50runs,baseline,Qwen3-Embedding-0.6B,d1ed0f38-fcff-4935-a1c6-14f6bd93baab,56,102,tool,,,,,,,0,1
qwen32B-int4_telecom_50runs,baseline,Qwen3-Embedding-0.6B,d1ed0f38-fcff-4935-a1c6-14f6bd93baab,57,102,user,,,,,,,0,1
qwen32B-int4_telecom_50runs,baseline,Qwen3-Embedding-0.6B,d1ed0f38-fcff-4935-a1c6-14f6bd93baab,58,102,agent,0.7488760948181152,0.2549019607843137,0.0,0.40581631660461426,-0.07246782183647155,,0,1
qwen32B-int4_telecom_50runs,baseline,Qwen3-Embedding-0.6B,d1ed0f38-fcff-4935-a1c6-14f6bd93baab,59,102,user,,,,,,0.4282437562942505,1,1
qwen32B-int4_telecom_50runs,baseline,Qwen3-Embedding-0.6B,d1ed0f38-fcff-4935-a1c6-14f6bd93baab,60,102,tool,,,,,,,0,1
qwen32B-int4_telecom_50runs,baseline,Qwen3-Embedding-0.6B,d1ed0f38-fcff-4935-a1c6-14f6bd93baab,61,102,user,,,,,,,0,1
qwen32B-int4_telecom_50runs,baseline,Qwen3-Embedding-0.6B,d1ed0f38-fcff-4935-a1c6-14f6bd93baab,62,102,agent,0.8549206256866455,0.3076923076923077,0.0,0.30801069736480713,-0.163488844782114,,0,1
qwen32B-int4_telecom_50runs,baseline,Qwen3-Embedding-0.6B,d1ed0f38-fcff-4935-a1c6-14f6bd93baab,63,102,user,,,,,,0.5372898280620575,1,1
qwen32B-int4_telecom_50runs,baseline,Qwen3-Embedding-0.6B,d1ed0f38-fcff-4935-a1c6-14f6bd93baab,64,102,tool,,,,,,,0,1
qwen32B-int4_telecom_50runs,baseline,Qwen3-Embedding-0.6B,d1ed0f38-fcff-4935-a1c6-14f6bd93baab,65,102,user,,,,,,,0,1
qwen32B-int4_telecom_50runs,baseline,Qwen3-Embedding-0.6B,d1ed0f38-fcff-4935-a1c6-14f6bd93baab,66,102,agent,0.8751702308654785,0.46938775510204084,0.0,0.2254214882850647,-0.20304549783468245,,0,1
qwen32B-int4_telecom_50runs,baseline,Qwen3-Embedding-0.6B,d1ed0f38-fcff-4935-a1c6-14f6bd93baab,67,102,user,,,,,,0.45710688829421997,1,1
qwen32B-int4_telecom_50runs,baseline,Qwen3-Embedding-0.6B,d1ed0f38-fcff-4935-a1c6-14f6bd93baab,68,102,tool,,,,,,,0,1
qwen32B-int4_telecom_50runs,baseline,Qwen3-Embedding-0.6B,d1ed0f38-fcff-4935-a1c6-14f6bd93baab,69,102,user,,,,,,,0,1
qwen32B-int4_telecom_50runs,baseline,Qwen3-Embedding-0.6B,d1ed0f38-fcff-4935-a1c6-14f6bd93baab,70,102,agent,0.7040887475013733,0.17857142857142858,0.0,0.2398759126663208,-0.22640171200037001,,0,1
qwen32B-int4_telecom_50runs,baseline,Qwen3-Embedding-0.6B,d1ed0f38-fcff-4935-a1c6-14f6bd93baab,71,102,user,,,,,,0.2221205234527588,1,1
qwen32B-int4_telecom_50runs,baseline,Qwen3-Embedding-0.6B,d1ed0f38-fcff-4935-a1c6-14f6bd93baab,72,102,tool,,,,,,,0,1
qwen32B-int4_telecom_50runs,baseline,Qwen3-Embedding-0.6B,d1ed0f38-fcff-4935-a1c6-14f6bd93baab,73,102,user,,,,,,,0,1
qwen32B-int4_telecom_50runs,baseline,Qwen3-Embedding-0.6B,d1ed0f38-fcff-4935-a1c6-14f6bd93baab,74,102,agent,0.7827251553535461,0.25925925925925924,0.0,0.2869446873664856,-0.22716538459062574,,0,1
qwen32B-int4_telecom_50runs,baseline,Qwen3-Embedding-0.6B,d1ed0f38-fcff-4935-a1c6-14f6bd93baab,75,102,user,,,,,,0.3760600686073303,1,1
qwen32B-int4_telecom_50runs,baseline,Qwen3-Embedding-0.6B,d1ed0f38-fcff-4935-a1c6-14f6bd93baab,76,102,tool,,,,,,,0,1
qwen32B-int4_telecom_50runs,baseline,Qwen3-Embedding-0.6B,d1ed0f38-fcff-4935-a1c6-14f6bd93baab,77,102,user,,,,,,,0,1
qwen32B-int4_telecom_50runs,baseline,Qwen3-Embedding-0.6B,d1ed0f38-fcff-4935-a1c6-14f6bd93baab,78,102,agent,0.6132357120513916,0.13333333333333333,0.0,0.4789915084838867,0.015809379518032074,,0,1
qwen32B-int4_telecom_50runs,baseline,Qwen3-Embedding-0.6B,d1ed0f38-fcff-4935-a1c6-14f6bd93baab,79,102,user,,,,,,0.2873508930206299,1,1
qwen32B-int4_telecom_50runs,baseline,Qwen3-Embedding-0.6B,d1ed0f38-fcff-4935-a1c6-14f6bd93baab,80,102,tool,,,,,,,0,1
qwen32B-int4_telecom_50runs,baseline,Qwen3-Embedding-0.6B,d1ed0f38-fcff-4935-a1c6-14f6bd93baab,81,102,user,,,,,,,0,1
qwen32B-int4_telecom_50runs,baseline,Qwen3-Embedding-0.6B,d1ed0f38-fcff-4935-a1c6-14f6bd93baab,82,102,agent,0.5852506756782532,0.19230769230769232,0.0,,,,0,1
qwen32B-int4_telecom_50runs,baseline,Qwen3-Embedding-0.6B,d1ed0f38-fcff-4935-a1c6-14f6bd93baab,83,102,user,,,,,,0.14710938930511475,0,1
qwen32B-int4_telecom_50runs,baseline,Qwen3-Embedding-0.6B,d1ed0f38-fcff-4935-a1c6-14f6bd93baab,84,102,agent,0.8707965612411499,0.6309523809523809,0.0,,,,0,1
qwen32B-int4_telecom_50runs,baseline,Qwen3-Embedding-0.6B,d1ed0f38-fcff-4935-a1c6-14f6bd93baab,85,102,user,,,,,,0.1223222017288208,0,1
qwen32B-int4_telecom_50runs,baseline,Qwen3-Embedding-0.6B,d1ed0f38-fcff-4935-a1c6-14f6bd93baab,86,102,agent,0.7685104608535767,0.1797752808988764,0.0,0.31483715772628784,-0.05467778444290161,,0,1
qwen32B-int4_telecom_50runs,baseline,Qwen3-Embedding-0.6B,d1ed0f38-fcff-4935-a1c6-14f6bd93baab,87,102,user,,,,,,0.3899649381637573,1,1
qwen32B-int4_telecom_50runs,baseline,Qwen3-Embedding-0.6B,d1ed0f38-fcff-4935-a1c6-14f6bd93baab,88,102,tool,,,,,,,0,1
qwen32B-int4_telecom_50runs,baseline,Qwen3-Embedding-0.6B,d1ed0f38-fcff-4935-a1c6-14f6bd93baab,89,102,user,,,,,,,0,1
qwen32B-int4_telecom_50runs,baseline,Qwen3-Embedding-0.6B,d1ed0f38-fcff-4935-a1c6-14f6bd93baab,90,102,agent,0.8538451194763184,0.24468085106382978,0.0,0.29979395866394043,-0.1660501629114151,,0,1
qwen32B-int4_telecom_50runs,baseline,Qwen3-Embedding-0.6B,d1ed0f38-fcff-4935-a1c6-14f6bd93baab,91,102,user,,,,,,0.4746536612510681,1,1
qwen32B-int4_telecom_50runs,baseline,Qwen3-Embedding-0.6B,d1ed0f38-fcff-4935-a1c6-14f6bd93baab,92,102,tool,,,,,,,0,1
qwen32B-int4_telecom_50runs,baseline,Qwen3-Embedding-0.6B,d1ed0f38-fcff-4935-a1c6-14f6bd93baab,93,102,user,,,,,,,0,1
qwen32B-int4_telecom_50runs,baseline,Qwen3-Embedding-0.6B,d1ed0f38-fcff-4935-a1c6-14f6bd93baab,94,102,agent,0.6882363557815552,0.1968503937007874,0.0,,,,0,1
qwen32B-int4_telecom_50runs,baseline,Qwen3-Embedding-0.6B,d1ed0f38-fcff-4935-a1c6-14f6bd93baab,95,102,user,,,,,,0.33712267875671387,0,1
qwen32B-int4_telecom_50runs,baseline,Qwen3-Embedding-0.6B,d1ed0f38-fcff-4935-a1c6-14f6bd93baab,96,102,agent,0.777474045753479,0.3308270676691729,0.0,,,,0,1
qwen32B-int4_telecom_50runs,baseline,Qwen3-Embedding-0.6B,d1ed0f38-fcff-4935-a1c6-14f6bd93baab,97,102,user,,,,,,0.24147605895996094,0,1
qwen32B-int4_telecom_50runs,baseline,Qwen3-Embedding-0.6B,d1ed0f38-fcff-4935-a1c6-14f6bd93baab,98,102,agent,0.9234569072723389,0.2962962962962963,0.0,,,,0,1
qwen32B-int4_telecom_50runs,baseline,Qwen3-Embedding-0.6B,d1ed0f38-fcff-4935-a1c6-14f6bd93baab,99,102,user,,,,,,0.4146912097930908,0,1
qwen32B-int4_telecom_50runs,baseline,Qwen3-Embedding-0.6B,d1ed0f38-fcff-4935-a1c6-14f6bd93baab,100,102,agent,0.6551557183265686,0.2987012987012987,0.0,,,,0,1
qwen32B-int4_telecom_50runs,baseline,Qwen3-Embedding-0.6B,d1ed0f38-fcff-4935-a1c6-14f6bd93baab,101,102,user,,,,,,0.5011110901832581,0,1
qwen32B-int4_telecom_50runs,baseline,Qwen3-Embedding-0.6B,7e811871-d44f-4c42-9522-b3a428889e76,0,30,agent,,,,,,,0,1
qwen32B-int4_telecom_50runs,baseline,Qwen3-Embedding-0.6B,7e811871-d44f-4c42-9522-b3a428889e76,1,30,user,,,,,,0.4468526840209961,0,1
qwen32B-int4_telecom_50runs,baseline,Qwen3-Embedding-0.6B,7e811871-d44f-4c42-9522-b3a428889e76,2,30,agent,0.42621269822120667,0.0784313725490196,0.0,0.25466984510421753,-0.11907097697257996,,0,1
qwen32B-int4_telecom_50runs,baseline,Qwen3-Embedding-0.6B,7e811871-d44f-4c42-9522-b3a428889e76,3,30,user,,,,,,0.22170722484588623,1,1
qwen32B-int4_telecom_50runs,baseline,Qwen3-Embedding-0.6B,7e811871-d44f-4c42-9522-b3a428889e76,4,30,tool,,,,,,,0,1
qwen32B-int4_telecom_50runs,baseline,Qwen3-Embedding-0.6B,7e811871-d44f-4c42-9522-b3a428889e76,5,30,user,,,,,,,0,1
qwen32B-int4_telecom_50runs,baseline,Qwen3-Embedding-0.6B,7e811871-d44f-4c42-9522-b3a428889e76,6,30,agent,0.636507511138916,0.1566265060240964,0.0,0.30595576763153076,-0.1365000784397125,,0,1
qwen32B-int4_telecom_50runs,baseline,Qwen3-Embedding-0.6B,7e811871-d44f-4c42-9522-b3a428889e76,7,30,user,,,,,,0.3875247836112976,1,1
qwen32B-int4_telecom_50runs,baseline,Qwen3-Embedding-0.6B,7e811871-d44f-4c42-9522-b3a428889e76,8,30,tool,,,,,,,0,1
qwen32B-int4_telecom_50runs,baseline,Qwen3-Embedding-0.6B,7e811871-d44f-4c42-9522-b3a428889e76,9,30,user,,,,,,,0,1
qwen32B-int4_telecom_50runs,baseline,Qwen3-Embedding-0.6B,7e811871-d44f-4c42-9522-b3a428889e76,10,30,agent,0.5988901257514954,0.15789473684210525,0.0,0.27230769395828247,-0.13128430843353273,,0,1
qwen32B-int4_telecom_50runs,baseline,Qwen3-Embedding-0.6B,7e811871-d44f-4c42-9522-b3a428889e76,11,30,user,,,,,,0.30999404191970825,1,1
qwen32B-int4_telecom_50runs,baseline,Qwen3-Embedding-0.6B,7e811871-d44f-4c42-9522-b3a428889e76,12,30,tool,,,,,,,0,1
qwen32B-int4_telecom_50runs,baseline,Qwen3-Embedding-0.6B,7e811871-d44f-4c42-9522-b3a428889e76,13,30,user,,,,,,,1,1
qwen32B-int4_telecom_50runs,baseline,Qwen3-Embedding-0.6B,7e811871-d44f-4c42-9522-b3a428889e76,14,30,tool,,,,,,,0,1
qwen32B-int4_telecom_50runs,baseline,Qwen3-Embedding-0.6B,7e811871-d44f-4c42-9522-b3a428889e76,15,30,user,,,,,,,0,1
qwen32B-int4_telecom_50runs,baseline,Qwen3-Embedding-0.6B,7e811871-d44f-4c42-9522-b3a428889e76,16,30,agent,,,,0.2974230647087097,-0.18024525642395017,,0,1
qwen32B-int4_telecom_50runs,baseline,Qwen3-Embedding-0.6B,7e811871-d44f-4c42-9522-b3a428889e76,17,30,user,,,,,,0.48843520879745483,1,1
qwen32B-int4_telecom_50runs,baseline,Qwen3-Embedding-0.6B,7e811871-d44f-4c42-9522-b3a428889e76,18,30,tool,,,,,,,0,1
qwen32B-int4_telecom_50runs,baseline,Qwen3-Embedding-0.6B,7e811871-d44f-4c42-9522-b3a428889e76,19,30,user,,,,,,,1,1
qwen32B-int4_telecom_50runs,baseline,Qwen3-Embedding-0.6B,7e811871-d44f-4c42-9522-b3a428889e76,20,30,tool,,,,,,,0,1
qwen32B-int4_telecom_50runs,baseline,Qwen3-Embedding-0.6B,7e811871-d44f-4c42-9522-b3a428889e76,21,30,user,,,,,,,0,1
qwen32B-int4_telecom_50runs,baseline,Qwen3-Embedding-0.6B,7e811871-d44f-4c42-9522-b3a428889e76,22,30,agent,,,,0.302101194858551,-0.16647866368293762,,0,1
qwen32B-int4_telecom_50runs,baseline,Qwen3-Embedding-0.6B,7e811871-d44f-4c42-9522-b3a428889e76,23,30,user,,,,,,0.4182720184326172,1,1
qwen32B-int4_telecom_50runs,baseline,Qwen3-Embedding-0.6B,7e811871-d44f-4c42-9522-b3a428889e76,24,30,tool,,,,,,,0,1
qwen32B-int4_telecom_50runs,baseline,Qwen3-Embedding-0.6B,7e811871-d44f-4c42-9522-b3a428889e76,25,30,user,,,,,,,0,1
qwen32B-int4_telecom_50runs,baseline,Qwen3-Embedding-0.6B,7e811871-d44f-4c42-9522-b3a428889e76,26,30,agent,0.6559409499168396,0.10975609756097561,0.0,0.44794517755508423,0.2129464864730835,,0,1
qwen32B-int4_telecom_50runs,baseline,Qwen3-Embedding-0.6B,7e811871-d44f-4c42-9522-b3a428889e76,27,30,tool,,,,,,,0,1
qwen32B-int4_telecom_50runs,baseline,Qwen3-Embedding-0.6B,7e811871-d44f-4c42-9522-b3a428889e76,28,30,agent,0.6412685513496399,0.0,0.0,,,,0,1
qwen32B-int4_telecom_50runs,baseline,Qwen3-Embedding-0.6B,7e811871-d44f-4c42-9522-b3a428889e76,29,30,user,,,,,,0.23219871520996094,0,1
qwen32B-int4_telecom_50runs,baseline,Qwen3-Embedding-0.6B,e2375b19-abad-4092-b340-e58797a1b83e,0,60,agent,,,,,,,0,0
qwen32B-int4_telecom_50runs,baseline,Qwen3-Embedding-0.6B,e2375b19-abad-4092-b340-e58797a1b83e,1,60,user,,,,,,0.4382871389389038,0,0
qwen32B-int4_telecom_50runs,baseline,Qwen3-Embedding-0.6B,e2375b19-abad-4092-b340-e58797a1b83e,2,60,agent,0.4264477491378784,0.0784313725490196,0.0,0.3155158758163452,-0.1319801445518221,,0,0
qwen32B-int4_telecom_50runs,baseline,Qwen3-Embedding-0.6B,e2375b19-abad-4092-b340-e58797a1b83e,3,60,user,,,,,,0.23074942827224731,1,0
qwen32B-int4_telecom_50runs,baseline,Qwen3-Embedding-0.6B,e2375b19-abad-4092-b340-e58797a1b83e,4,60,tool,,,,,,,0,0
qwen32B-int4_telecom_50runs,baseline,Qwen3-Embedding-0.6B,e2375b19-abad-4092-b340-e58797a1b83e,5,60,user,,,,,,,0,0
qwen32B-int4_telecom_50runs,baseline,Qwen3-Embedding-0.6B,e2375b19-abad-4092-b340-e58797a1b83e,6,60,agent,0.7245412468910217,0.2,0.0,0.37030792236328125,-0.114104015486581,,0,0
qwen32B-int4_telecom_50runs,baseline,Qwen3-Embedding-0.6B,e2375b19-abad-4092-b340-e58797a1b83e,7,60,user,,,,,,0.3906570076942444,1,0
qwen32B-int4_telecom_50runs,baseline,Qwen3-Embedding-0.6B,e2375b19-abad-4092-b340-e58797a1b83e,8,60,tool,,,,,,,0,0
qwen32B-int4_telecom_50runs,baseline,Qwen3-Embedding-0.6B,e2375b19-abad-4092-b340-e58797a1b83e,9,60,user,,,,,,,0,0
qwen32B-int4_telecom_50runs,baseline,Qwen3-Embedding-0.6B,e2375b19-abad-4092-b340-e58797a1b83e,10,60,agent,0.8207895159721375,0.2361111111111111,0.0,0.3646606206893921,-0.15232682653835838,,0,0
qwen32B-int4_telecom_50runs,baseline,Qwen3-Embedding-0.6B,e2375b19-abad-4092-b340-e58797a1b83e,11,60,user,,,,,,0.3534547686576843,1,0
qwen32B-int4_telecom_50runs,baseline,Qwen3-Embedding-0.6B,e2375b19-abad-4092-b340-e58797a1b83e,12,60,tool,,,,,,,0,0
qwen32B-int4_telecom_50runs,baseline,Qwen3-Embedding-0.6B,e2375b19-abad-4092-b340-e58797a1b83e,13,60,user,,,,,,,0,0
qwen32B-int4_telecom_50runs,baseline,Qwen3-Embedding-0.6B,e2375b19-abad-4092-b340-e58797a1b83e,14,60,agent,0.7631057500839233,0.22580645161290322,0.0,0.21423274278640747,-0.2572186780827386,,0,0
qwen32B-int4_telecom_50runs,baseline,Qwen3-Embedding-0.6B,e2375b19-abad-4092-b340-e58797a1b83e,15,60,user,,,,,,0.39899933338165283,1,0
qwen32B-int4_telecom_50runs,baseline,Qwen3-Embedding-0.6B,e2375b19-abad-4092-b340-e58797a1b83e,16,60,tool,,,,,,,0,0
qwen32B-int4_telecom_50runs,baseline,Qwen3-Embedding-0.6B,e2375b19-abad-4092-b340-e58797a1b83e,17,60,user,,,,,,,0,0
qwen32B-int4_telecom_50runs,baseline,Qwen3-Embedding-0.6B,e2375b19-abad-4092-b340-e58797a1b83e,18,60,agent,0.7946720719337463,0.26229508196721313,0.0,0.47457194328308105,-0.0013523846864700317,,0,0
qwen32B-int4_telecom_50runs,baseline,Qwen3-Embedding-0.6B,e2375b19-abad-4092-b340-e58797a1b83e,19,60,user,,,,,,0.32886213064193726,1,0
qwen32B-int4_telecom_50runs,baseline,Qwen3-Embedding-0.6B,e2375b19-abad-4092-b340-e58797a1b83e,20,60,tool,,,,,,,0,0
qwen32B-int4_telecom_50runs,baseline,Qwen3-Embedding-0.6B,e2375b19-abad-4092-b340-e58797a1b83e,21,60,user,,,,,,,0,0
qwen32B-int4_telecom_50runs,baseline,Qwen3-Embedding-0.6B,e2375b19-abad-4092-b340-e58797a1b83e,22,60,agent,0.8388790488243103,0.25,0.0,0.2330946922302246,-0.25053805112838745,,0,0
qwen32B-int4_telecom_50runs,baseline,Qwen3-Embedding-0.6B,e2375b19-abad-4092-b340-e58797a1b83e,23,60,user,,,,,,0.23299795389175415,1,0
qwen32B-int4_telecom_50runs,baseline,Qwen3-Embedding-0.6B,e2375b19-abad-4092-b340-e58797a1b83e,24,60,tool,,,,,,,0,0
qwen32B-int4_telecom_50runs,baseline,Qwen3-Embedding-0.6B,e2375b19-abad-4092-b340-e58797a1b83e,25,60,user,,,,,,,0,0
qwen32B-int4_telecom_50runs,baseline,Qwen3-Embedding-0.6B,e2375b19-abad-4092-b340-e58797a1b83e,26,60,agent,0.8690182566642761,0.35714285714285715,0.0,0.23456555604934692,-0.2729498999459403,,0,0
qwen32B-int4_telecom_50runs,baseline,Qwen3-Embedding-0.6B,e2375b19-abad-4092-b340-e58797a1b83e,27,60,user,,,,,,0.4587680697441101,1,0
qwen32B-int4_telecom_50runs,baseline,Qwen3-Embedding-0.6B,e2375b19-abad-4092-b340-e58797a1b83e,28,60,tool,,,,,,,0,0
qwen32B-int4_telecom_50runs,baseline,Qwen3-Embedding-0.6B,e2375b19-abad-4092-b340-e58797a1b83e,29,60,user,,,,,,,0,0
qwen32B-int4_telecom_50runs,baseline,Qwen3-Embedding-0.6B,e2375b19-abad-4092-b340-e58797a1b83e,30,60,agent,0.76966792345047,0.11940298507462686,0.0,,,,0,0
qwen32B-int4_telecom_50runs,baseline,Qwen3-Embedding-0.6B,e2375b19-abad-4092-b340-e58797a1b83e,31,60,user,,,,,,0.5131711065769196,0,0
qwen32B-int4_telecom_50runs,baseline,Qwen3-Embedding-0.6B,e2375b19-abad-4092-b340-e58797a1b83e,32,60,agent,0.4927687644958496,0.015625,0.0,0.4460031986236572,-0.11362492399556301,,0,0
qwen32B-int4_telecom_50runs,baseline,Qwen3-Embedding-0.6B,e2375b19-abad-4092-b340-e58797a1b83e,33,60,tool,,,,,,,0,0
qwen32B-int4_telecom_50runs,baseline,Qwen3-Embedding-0.6B,e2375b19-abad-4092-b340-e58797a1b83e,34,60,agent,0.7292579412460327,0.34177215189873417,0.0,,,,0,0
qwen32B-int4_telecom_50runs,baseline,Qwen3-Embedding-0.6B,e2375b19-abad-4092-b340-e58797a1b83e,35,60,user,,,,,,0.22979772090911865,0,0
qwen32B-int4_telecom_50runs,baseline,Qwen3-Embedding-0.6B,e2375b19-abad-4092-b340-e58797a1b83e,36,60,agent,0.7862963080406189,0.35135135135135137,0.0,0.4139620065689087,-0.17960550103868755,,0,0
qwen32B-int4_telecom_50runs,baseline,Qwen3-Embedding-0.6B,e2375b19-abad-4092-b340-e58797a1b83e,37,60,tool,,,,,,,0,0
qwen32B-int4_telecom_50runs,baseline,Qwen3-Embedding-0.6B,e2375b19-abad-4092-b340-e58797a1b83e,38,60,agent,0.8665390014648438,0.509090909090909,0.0,0.4346357583999634,-0.13665217799799778,,0,0
qwen32B-int4_telecom_50runs,baseline,Qwen3-Embedding-0.6B,e2375b19-abad-4092-b340-e58797a1b83e,39,60,tool,,,,,,,0,0
qwen32B-int4_telecom_50runs,baseline,Qwen3-Embedding-0.6B,e2375b19-abad-4092-b340-e58797a1b83e,40,60,agent,0.7834746837615967,0.45161290322580644,0.0,0.4160880446434021,-0.08053845805781229,,0,0
qwen32B-int4_telecom_50runs,baseline,Qwen3-Embedding-0.6B,e2375b19-abad-4092-b340-e58797a1b83e,41,60,tool,,,,,,,0,0
qwen32B-int4_telecom_50runs,baseline,Qwen3-Embedding-0.6B,e2375b19-abad-4092-b340-e58797a1b83e,42,60,agent,0.8570130467414856,0.2839506172839506,0.0,,,,0,0
qwen32B-int4_telecom_50runs,baseline,Qwen3-Embedding-0.6B,e2375b19-abad-4092-b340-e58797a1b83e,43,60,user,,,,,,0.4354326128959656,0,0
qwen32B-int4_telecom_50runs,baseline,Qwen3-Embedding-0.6B,e2375b19-abad-4092-b340-e58797a1b83e,44,60,agent,0.5784481167793274,0.2676056338028169,0.0,0.30052387714385986,-0.3078509185995374,,0,0
qwen32B-int4_telecom_50runs,baseline,Qwen3-Embedding-0.6B,e2375b19-abad-4092-b340-e58797a1b83e,45,60,tool,,,,,,,0,0
qwen32B-int4_telecom_50runs,baseline,Qwen3-Embedding-0.6B,e2375b19-abad-4092-b340-e58797a1b83e,46,60,agent,0.8380699753761292,0.3333333333333333,0.0,0.35624659061431885,-0.2132926562002727,,0,0
qwen32B-int4_telecom_50runs,baseline,Qwen3-Embedding-0.6B,e2375b19-abad-4092-b340-e58797a1b83e,47,60,user,,,,,,0.44002753496170044,1,0
qwen32B-int4_telecom_50runs,baseline,Qwen3-Embedding-0.6B,e2375b19-abad-4092-b340-e58797a1b83e,48,60,tool,,,,,,,0,0
qwen32B-int4_telecom_50runs,baseline,Qwen3-Embedding-0.6B,e2375b19-abad-4092-b340-e58797a1b83e,49,60,user,,,,,,,1,0
qwen32B-int4_telecom_50runs,baseline,Qwen3-Embedding-0.6B,e2375b19-abad-4092-b340-e58797a1b83e,50,60,tool,,,,,,,0,0
qwen32B-int4_telecom_50runs,baseline,Qwen3-Embedding-0.6B,e2375b19-abad-4092-b340-e58797a1b83e,51,60,user,,,,,,,0,0
qwen32B-int4_telecom_50runs,baseline,Qwen3-Embedding-0.6B,e2375b19-abad-4092-b340-e58797a1b83e,52,60,agent,,,,0.3327494263648987,-0.19877274973051884,,0,0
qwen32B-int4_telecom_50runs,baseline,Qwen3-Embedding-0.6B,e2375b19-abad-4092-b340-e58797a1b83e,53,60,tool,,,,,,,0,0
qwen32B-int4_telecom_50runs,baseline,Qwen3-Embedding-0.6B,e2375b19-abad-4092-b340-e58797a1b83e,54,60,agent,0.6137171387672424,0.2727272727272727,0.0,0.364518940448761,-0.1518094624791827,,0,0
qwen32B-int4_telecom_50runs,baseline,Qwen3-Embedding-0.6B,e2375b19-abad-4092-b340-e58797a1b83e,55,60,user,,,,,,0.3359118103981018,1,0
qwen32B-int4_telecom_50runs,baseline,Qwen3-Embedding-0.6B,e2375b19-abad-4092-b340-e58797a1b83e,56,60,tool,,,,,,,0,0
qwen32B-int4_telecom_50runs,baseline,Qwen3-Embedding-0.6B,e2375b19-abad-4092-b340-e58797a1b83e,57,60,user,,,,,,,0,0
qwen32B-int4_telecom_50runs,baseline,Qwen3-Embedding-0.6B,e2375b19-abad-4092-b340-e58797a1b83e,58,60,agent,0.5267999768257141,0.18181818181818182,0.0,,,,0,0
qwen32B-int4_telecom_50runs,baseline,Qwen3-Embedding-0.6B,e2375b19-abad-4092-b340-e58797a1b83e,59,60,user,,,,,,0.6822427809238434,0,0
qwen32B-int4_telecom_50runs,baseline,Qwen3-Embedding-0.6B,6bd1bd58-e12b-4163-a5f1-9ac1c0d9a03d,0,40,agent,,,,,,,0,1
qwen32B-int4_telecom_50runs,baseline,Qwen3-Embedding-0.6B,6bd1bd58-e12b-4163-a5f1-9ac1c0d9a03d,1,40,user,,,,,,0.4459154009819031,0,1
qwen32B-int4_telecom_50runs,baseline,Qwen3-Embedding-0.6B,6bd1bd58-e12b-4163-a5f1-9ac1c0d9a03d,2,40,agent,0.4244435131549835,0.0784313725490196,0.0,0.256069540977478,-0.12196727842092514,,0,1
qwen32B-int4_telecom_50runs,baseline,Qwen3-Embedding-0.6B,6bd1bd58-e12b-4163-a5f1-9ac1c0d9a03d,3,40,user,,,,,,0.22772938013076782,1,1
qwen32B-int4_telecom_50runs,baseline,Qwen3-Embedding-0.6B,6bd1bd58-e12b-4163-a5f1-9ac1c0d9a03d,4,40,tool,,,,,,,0,1
qwen32B-int4_telecom_50runs,baseline,Qwen3-Embedding-0.6B,6bd1bd58-e12b-4163-a5f1-9ac1c0d9a03d,5,40,user,,,,,,,0,1
qwen32B-int4_telecom_50runs,baseline,Qwen3-Embedding-0.6B,6bd1bd58-e12b-4163-a5f1-9ac1c0d9a03d,6,40,agent,0.6382232904434204,0.1566265060240964,0.0,0.30644744634628296,-0.08960109204053879,,0,1
qwen32B-int4_telecom_50runs,baseline,Qwen3-Embedding-0.6B,6bd1bd58-e12b-4163-a5f1-9ac1c0d9a03d,7,40,user,,,,,,0.3853904604911804,1,1
qwen32B-int4_telecom_50runs,baseline,Qwen3-Embedding-0.6B,6bd1bd58-e12b-4163-a5f1-9ac1c0d9a03d,8,40,tool,,,,,,,0,1
qwen32B-int4_telecom_50runs,baseline,Qwen3-Embedding-0.6B,6bd1bd58-e12b-4163-a5f1-9ac1c0d9a03d,9,40,user,,,,,,,0,1
qwen32B-int4_telecom_50runs,baseline,Qwen3-Embedding-0.6B,6bd1bd58-e12b-4163-a5f1-9ac1c0d9a03d,10,40,agent,0.599973201751709,0.15789473684210525,0.0,0.46970826387405396,0.0713280588388443,,0,1
qwen32B-int4_telecom_50runs,baseline,Qwen3-Embedding-0.6B,6bd1bd58-e12b-4163-a5f1-9ac1c0d9a03d,11,40,user,,,,,,0.31022727489471436,1,1
qwen32B-int4_telecom_50runs,baseline,Qwen3-Embedding-0.6B,6bd1bd58-e12b-4163-a5f1-9ac1c0d9a03d,12,40,tool,,,,,,,0,1
qwen32B-int4_telecom_50runs,baseline,Qwen3-Embedding-0.6B,6bd1bd58-e12b-4163-a5f1-9ac1c0d9a03d,13,40,user,,,,,,,1,1
qwen32B-int4_telecom_50runs,baseline,Qwen3-Embedding-0.6B,6bd1bd58-e12b-4163-a5f1-9ac1c0d9a03d,14,40,tool,,,,,,,0,1
qwen32B-int4_telecom_50runs,baseline,Qwen3-Embedding-0.6B,6bd1bd58-e12b-4163-a5f1-9ac1c0d9a03d,15,40,user,,,,,,,0,1
qwen32B-int4_telecom_50runs,baseline,Qwen3-Embedding-0.6B,6bd1bd58-e12b-4163-a5f1-9ac1c0d9a03d,16,40,agent,,,,,,,0,1
qwen32B-int4_telecom_50runs,baseline,Qwen3-Embedding-0.6B,6bd1bd58-e12b-4163-a5f1-9ac1c0d9a03d,17,40,user,,,,,,0.35302305221557617,0,1
qwen32B-int4_telecom_50runs,baseline,Qwen3-Embedding-0.6B,6bd1bd58-e12b-4163-a5f1-9ac1c0d9a03d,18,40,agent,0.6274970769882202,0.1794871794871795,0.0,,,,0,1
qwen32B-int4_telecom_50runs,baseline,Qwen3-Embedding-0.6B,6bd1bd58-e12b-4163-a5f1-9ac1c0d9a03d,19,40,user,,,,,,0.2447376847267151,0,1
qwen32B-int4_telecom_50runs,baseline,Qwen3-Embedding-0.6B,6bd1bd58-e12b-4163-a5f1-9ac1c0d9a03d,20,40,agent,0.7017502188682556,0.19101123595505617,0.0,0.26029038429260254,-0.14843982458114624,,0,1
qwen32B-int4_telecom_50runs,baseline,Qwen3-Embedding-0.6B,6bd1bd58-e12b-4163-a5f1-9ac1c0d9a03d,21,40,user,,,,,,0.26874399185180664,1,1
qwen32B-int4_telecom_50runs,baseline,Qwen3-Embedding-0.6B,6bd1bd58-e12b-4163-a5f1-9ac1c0d9a03d,22,40,tool,,,,,,,0,1
qwen32B-int4_telecom_50runs,baseline,Qwen3-Embedding-0.6B,6bd1bd58-e12b-4163-a5f1-9ac1c0d9a03d,23,40,user,,,,,,,1,1
qwen32B-int4_telecom_50runs,baseline,Qwen3-Embedding-0.6B,6bd1bd58-e12b-4163-a5f1-9ac1c0d9a03d,24,40,tool,,,,,,,0,1
qwen32B-int4_telecom_50runs,baseline,Qwen3-Embedding-0.6B,6bd1bd58-e12b-4163-a5f1-9ac1c0d9a03d,25,40,user,,,,,,,0,1
qwen32B-int4_telecom_50runs,baseline,Qwen3-Embedding-0.6B,6bd1bd58-e12b-4163-a5f1-9ac1c0d9a03d,26,40,agent,,,,,,,0,1
qwen32B-int4_telecom_50runs,baseline,Qwen3-Embedding-0.6B,6bd1bd58-e12b-4163-a5f1-9ac1c0d9a03d,27,40,user,,,,,,0.22069919109344482,0,1
qwen32B-int4_telecom_50runs,baseline,Qwen3-Embedding-0.6B,6bd1bd58-e12b-4163-a5f1-9ac1c0d9a03d,28,40,agent,0.8982235193252563,0.32673267326732675,0.0,,,,0,1
qwen32B-int4_telecom_50runs,baseline,Qwen3-Embedding-0.6B,6bd1bd58-e12b-4163-a5f1-9ac1c0d9a03d,29,40,user,,,,,,0.1532813310623169,0,1
qwen32B-int4_telecom_50runs,baseline,Qwen3-Embedding-0.6B,6bd1bd58-e12b-4163-a5f1-9ac1c0d9a03d,30,40,agent,0.903283417224884,0.5,0.0,,,,0,1
qwen32B-int4_telecom_50runs,baseline,Qwen3-Embedding-0.6B,6bd1bd58-e12b-4163-a5f1-9ac1c0d9a03d,31,40,user,,,,,,0.26815181970596313,0,1
qwen32B-int4_telecom_50runs,baseline,Qwen3-Embedding-0.6B,6bd1bd58-e12b-4163-a5f1-9ac1c0d9a03d,32,40,agent,0.6622474789619446,0.20833333333333334,0.0,0.317465603351593,-0.1094532459974289,,0,1
qwen32B-int4_telecom_50runs,baseline,Qwen3-Embedding-0.6B,6bd1bd58-e12b-4163-a5f1-9ac1c0d9a03d,33,40,user,,,,,,0.2577701807022095,1,1
qwen32B-int4_telecom_50runs,baseline,Qwen3-Embedding-0.6B,6bd1bd58-e12b-4163-a5f1-9ac1c0d9a03d,34,40,tool,,,,,,,0,1
qwen32B-int4_telecom_50runs,baseline,Qwen3-Embedding-0.6B,6bd1bd58-e12b-4163-a5f1-9ac1c0d9a03d,35,40,user,,,,,,,1,1
qwen32B-int4_telecom_50runs,baseline,Qwen3-Embedding-0.6B,6bd1bd58-e12b-4163-a5f1-9ac1c0d9a03d,36,40,tool,,,,,,,0,1
qwen32B-int4_telecom_50runs,baseline,Qwen3-Embedding-0.6B,6bd1bd58-e12b-4163-a5f1-9ac1c0d9a03d,37,40,user,,,,,,,0,1
qwen32B-int4_telecom_50runs,baseline,Qwen3-Embedding-0.6B,6bd1bd58-e12b-4163-a5f1-9ac1c0d9a03d,38,40,agent,,,,,,,0,1
qwen32B-int4_telecom_50runs,baseline,Qwen3-Embedding-0.6B,6bd1bd58-e12b-4163-a5f1-9ac1c0d9a03d,39,40,user,,,,,,0.539851039648056,0,1
