cell,variant,embedder,traj_id,step_idx,n_steps,actor,d_a_sem,d_a_lex,d_a_gated,d_oA,d_oA_calibrated,d_oU,user_is_tool_turn,label_fail
qwen32B-int4_telecom_50runs,baseline,bge-m3,3754b5ae-add7-441c-af2a-ad5ba926920c,0,17,agent,,,,,,,0,0
qwen32B-int4_telecom_50runs,baseline,bge-m3,3754b5ae-add7-441c-af2a-ad5ba926920c,1,17,user,,,,,,0.4389774799346924,0,0
qwen32B-int4_telecom_50runs,baseline,bge-m3,3754b5ae-add7-441c-af2a-ad5ba926920c,2,17,agent,0.5266148447990417,0.06153846153846154,0.0,0.40792709589004517,0.0554279088973999,,0,0
qwen32B-int4_telecom_50runs,baseline,bge-m3,3754b5ae-add7-441c-af2a-ad5ba926920c,3,17,user,,,,,,0.37270963191986084,0,0
qwen32B-int4_telecom_50runs,baseline,bge-m3,3754b5ae-add7-441c-af2a-ad5ba926920c,4,17,tool,,,,,,,0,0
qwen32B-int4_telecom_50runs,baseline,bge-m3,3754b5ae-add7-441c-af2a-ad5ba926920c,5,17,tool,,,,,,,0,0
qwen32B-int4_telecom_50runs,baseline,bge-m3,3754b5ae-add7-441c-af2a-ad5ba926920c,6,17,tool,,,,,,,0,0
qwen32B-int4_telecom_50runs,baseline,bge-m3,3754b5ae-add7-441c-af2a-ad5ba926920c,7,17,user,,,,,,,0,0
qwen32B-int4_telecom_50runs,baseline,bge-m3,3754b5ae-add7-441c-af2a-ad5ba926920c,8,17,agent,,,,0.4679793119430542,0.03497135639190674,,0,0
qwen32B-int4_telecom_50runs,baseline,bge-m3,3754b5ae-add7-441c-af2a-ad5ba926920c,9,17,user,,,,,,0.3173927664756775,0,0
qwen32B-int4_telecom_50runs,baseline,bge-m3,3754b5ae-add7-441c-af2a-ad5ba926920c,10,17,tool,,,,,,,0,0
qwen32B-int4_telecom_50runs,baseline,bge-m3,3754b5ae-add7-441c-af2a-ad5ba926920c,11,17,tool,,,,,,,0,0
qwen32B-int4_telecom_50runs,baseline,bge-m3,3754b5ae-add7-441c-af2a-ad5ba926920c,12,17,tool,,,,,,,0,0
qwen32B-int4_telecom_50runs,baseline,bge-m3,3754b5ae-add7-441c-af2a-ad5ba926920c,13,17,tool,,,,,,,0,0
qwen32B-int4_telecom_50runs,baseline,bge-m3,3754b5ae-add7-441c-af2a-ad5ba926920c,14,17,user,,,,,,,0,0
qwen32B-int4_telecom_50runs,baseline,bge-m3,3754b5ae-add7-441c-af2a-ad5ba926920c,15,17,agent,,,,,,,0,0
qwen32B-int4_telecom_50runs,baseline,bge-m3,3754b5ae-add7-441c-af2a-ad5ba926920c,16,17,user,,,,,,0.5651473999023438,0,0
qwen32B-int4_telecom_50runs,baseline,bge-m3,e75caaf1-f9ee-4f27-81d6-9c73a4adec3d,0,26,agent,,,,,,,0,0
qwen32B-int4_telecom_50runs,baseline,bge-m3,e75caaf1-f9ee-4f27-81d6-9c73a4adec3d,1,26,user,,,,,,0.46183037757873535,0,0
qwen32B-int4_telecom_50runs,baseline,bge-m3,e75caaf1-f9ee-4f27-81d6-9c73a4adec3d,2,26,agent,0.4827752113342285,0.0,0.0,0.34353935718536377,-0.19788046479225163,,0,0
qwen32B-int4_telecom_50runs,baseline,bge-m3,e75caaf1-f9ee-4f27-81d6-9c73a4adec3d,3,26,tool,,,,,,,0,0
qwen32B-int4_telecom_50runs,baseline,bge-m3,e75caaf1-f9ee-4f27-81d6-9c73a4adec3d,4,26,agent,0.5560819506645203,0.09375,0.0,,,,0,0
qwen32B-int4_telecom_50runs,baseline,bge-m3,e75caaf1-f9ee-4f27-81d6-9c73a4adec3d,5,26,user,,,,,,0.4240296483039856,0,0
qwen32B-int4_telecom_50runs,baseline,bge-m3,e75caaf1-f9ee-4f27-81d6-9c73a4adec3d,6,26,agent,0.8213000893592834,0.3684210526315789,0.0,0.5615017414093018,0.04551219344139101,,0,0
qwen32B-int4_telecom_50runs,baseline,bge-m3,e75caaf1-f9ee-4f27-81d6-9c73a4adec3d,7,26,tool,,,,,,,0,0
qwen32B-int4_telecom_50runs,baseline,bge-m3,e75caaf1-f9ee-4f27-81d6-9c73a4adec3d,8,26,agent,0.6445296406745911,0.2,0.0,,,,0,0
qwen32B-int4_telecom_50runs,baseline,bge-m3,e75caaf1-f9ee-4f27-81d6-9c73a4adec3d,9,26,user,,,,,,0.46262824535369873,0,0
qwen32B-int4_telecom_50runs,baseline,bge-m3,e75caaf1-f9ee-4f27-81d6-9c73a4adec3d,10,26,agent,0.7886882424354553,0.3333333333333333,0.0,0.421208918094635,-0.11686416268348698,,0,0
qwen32B-int4_telecom_50runs,baseline,bge-m3,e75caaf1-f9ee-4f27-81d6-9c73a4adec3d,11,26,tool,,,,,,,0,0
qwen32B-int4_telecom_50runs,baseline,bge-m3,e75caaf1-f9ee-4f27-81d6-9c73a4adec3d,12,26,agent,0.5298947095870972,0.21951219512195122,0.0,0.45734912157058716,-0.06949328780174258,,0,0
qwen32B-int4_telecom_50runs,baseline,bge-m3,e75caaf1-f9ee-4f27-81d6-9c73a4adec3d,13,26,user,,,,,,0.4957160949707031,0,0
qwen32B-int4_telecom_50runs,baseline,bge-m3,e75caaf1-f9ee-4f27-81d6-9c73a4adec3d,14,26,tool,,,,,,,0,0
qwen32B-int4_telecom_50runs,baseline,bge-m3,e75caaf1-f9ee-4f27-81d6-9c73a4adec3d,15,26,user,,,,,,,0,0
qwen32B-int4_telecom_50runs,baseline,bge-m3,e75caaf1-f9ee-4f27-81d6-9c73a4adec3d,16,26,agent,0.6331390738487244,0.2345679012345679,0.0,0.28400421142578125,-0.2726833075284958,,0,0
qwen32B-int4_telecom_50runs,baseline,bge-m3,e75caaf1-f9ee-4f27-81d6-9c73a4adec3d,17,26,user,,,,,,0.4370273947715759,0,0
qwen32B-int4_telecom_50runs,baseline,bge-m3,e75caaf1-f9ee-4f27-81d6-9c73a4adec3d,18,26,tool,,,,,,,0,0
qwen32B-int4_telecom_50runs,baseline,bge-m3,e75caaf1-f9ee-4f27-81d6-9c73a4adec3d,19,26,user,,,,,,,0,0
qwen32B-int4_telecom_50runs,baseline,bge-m3,e75caaf1-f9ee-4f27-81d6-9c73a4adec3d,20,26,agent,0.5098421573638916,0.22535211267605634,0.0,0.33314257860183716,-0.26864296197891235,,0,0
qwen32B-int4_telecom_50runs,baseline,bge-m3,e75caaf1-f9ee-4f27-81d6-9c73a4adec3d,21,26,user,,,,,,0.37243545055389404,0,0
qwen32B-int4_telecom_50runs,baseline,bge-m3,e75caaf1-f9ee-4f27-81d6-9c73a4adec3d,22,26,tool,,,,,,,0,0
qwen32B-int4_telecom_50runs,baseline,bge-m3,e75caaf1-f9ee-4f27-81d6-9c73a4adec3d,23,26,user,,,,,,,0,0
qwen32B-int4_telecom_50runs,baseline,bge-m3,e75caaf1-f9ee-4f27-81d6-9c73a4adec3d,24,26,agent,0.7084652781486511,0.11965811965811966,0.0,,,,0,0
qwen32B-int4_telecom_50runs,baseline,bge-m3,e75caaf1-f9ee-4f27-81d6-9c73a4adec3d,25,26,user,,,,,,0.22892355918884277,0,0
qwen32B-int4_telecom_50runs,baseline,bge-m3,4207d4e9-ce60-42db-9d99-1332cb36dbc5,0,44,agent,,,,,,,0,0
qwen32B-int4_telecom_50runs,baseline,bge-m3,4207d4e9-ce60-42db-9d99-1332cb36dbc5,1,44,user,,,,,,0.4389774799346924,0,0
qwen32B-int4_telecom_50runs,baseline,bge-m3,4207d4e9-ce60-42db-9d99-1332cb36dbc5,2,44,agent,0.5266149044036865,0.06153846153846154,0.0,0.40792691707611084,-0.018897555768489838,,0,0
qwen32B-int4_telecom_50runs,baseline,bge-m3,4207d4e9-ce60-42db-9d99-1332cb36dbc5,3,44,user,,,,,,0.3766343593597412,0,0
qwen32B-int4_telecom_50runs,baseline,bge-m3,4207d4e9-ce60-42db-9d99-1332cb36dbc5,4,44,tool,,,,,,,0,0
qwen32B-int4_telecom_50runs,baseline,bge-m3,4207d4e9-ce60-42db-9d99-1332cb36dbc5,5,44,tool,,,,,,,0,0
qwen32B-int4_telecom_50runs,baseline,bge-m3,4207d4e9-ce60-42db-9d99-1332cb36dbc5,6,44,tool,,,,,,,0,0
qwen32B-int4_telecom_50runs,baseline,bge-m3,4207d4e9-ce60-42db-9d99-1332cb36dbc5,7,44,user,,,,,,,0,0
qwen32B-int4_telecom_50runs,baseline,bge-m3,4207d4e9-ce60-42db-9d99-1332cb36dbc5,8,44,agent,,,,0.33853083848953247,-0.08302852511405945,,0,0
qwen32B-int4_telecom_50runs,baseline,bge-m3,4207d4e9-ce60-42db-9d99-1332cb36dbc5,9,44,user,,,,,,0.39926064014434814,0,0
qwen32B-int4_telecom_50runs,baseline,bge-m3,4207d4e9-ce60-42db-9d99-1332cb36dbc5,10,44,tool,,,,,,,0,0
qwen32B-int4_telecom_50runs,baseline,bge-m3,4207d4e9-ce60-42db-9d99-1332cb36dbc5,11,44,tool,,,,,,,0,0
qwen32B-int4_telecom_50runs,baseline,bge-m3,4207d4e9-ce60-42db-9d99-1332cb36dbc5,12,44,user,,,,,,,0,0
qwen32B-int4_telecom_50runs,baseline,bge-m3,4207d4e9-ce60-42db-9d99-1332cb36dbc5,13,44,agent,0.78803551197052,0.18446601941747573,0.0,0.32707756757736206,-0.14940427616238594,,0,0
qwen32B-int4_telecom_50runs,baseline,bge-m3,4207d4e9-ce60-42db-9d99-1332cb36dbc5,14,44,user,,,,,,0.40765058994293213,0,0
qwen32B-int4_telecom_50runs,baseline,bge-m3,4207d4e9-ce60-42db-9d99-1332cb36dbc5,15,44,tool,,,,,,,0,0
qwen32B-int4_telecom_50runs,baseline,bge-m3,4207d4e9-ce60-42db-9d99-1332cb36dbc5,16,44,tool,,,,,,,0,0
qwen32B-int4_telecom_50runs,baseline,bge-m3,4207d4e9-ce60-42db-9d99-1332cb36dbc5,17,44,user,,,,,,,0,0
qwen32B-int4_telecom_50runs,baseline,bge-m3,4207d4e9-ce60-42db-9d99-1332cb36dbc5,18,44,agent,0.8664053678512573,0.3055555555555556,0.0,0.39864951372146606,-0.03799452632665634,,0,0
qwen32B-int4_telecom_50runs,baseline,bge-m3,4207d4e9-ce60-42db-9d99-1332cb36dbc5,19,44,user,,,,,,0.3834274411201477,0,0
qwen32B-int4_telecom_50runs,baseline,bge-m3,4207d4e9-ce60-42db-9d99-1332cb36dbc5,20,44,tool,,,,,,,0,0
qwen32B-int4_telecom_50runs,baseline,bge-m3,4207d4e9-ce60-42db-9d99-1332cb36dbc5,21,44,tool,,,,,,,0,0
qwen32B-int4_telecom_50runs,baseline,bge-m3,4207d4e9-ce60-42db-9d99-1332cb36dbc5,22,44,tool,,,,,,,0,0
qwen32B-int4_telecom_50runs,baseline,bge-m3,4207d4e9-ce60-42db-9d99-1332cb36dbc5,23,44,user,,,,,,,0,0
qwen32B-int4_telecom_50runs,baseline,bge-m3,4207d4e9-ce60-42db-9d99-1332cb36dbc5,24,44,agent,,,,,,,0,0
qwen32B-int4_telecom_50runs,baseline,bge-m3,4207d4e9-ce60-42db-9d99-1332cb36dbc5,25,44,user,,,,,,0.3235112428665161,0,0
qwen32B-int4_telecom_50runs,baseline,bge-m3,4207d4e9-ce60-42db-9d99-1332cb36dbc5,26,44,agent,0.5715256333351135,0.015625,0.0,0.41101276874542236,-0.1303599253296852,,0,0
qwen32B-int4_telecom_50runs,baseline,bge-m3,4207d4e9-ce60-42db-9d99-1332cb36dbc5,27,44,tool,,,,,,,0,0
qwen32B-int4_telecom_50runs,baseline,bge-m3,4207d4e9-ce60-42db-9d99-1332cb36dbc5,28,44,agent,0.7346562743186951,0.2926829268292683,0.0,,,,0,0
qwen32B-int4_telecom_50runs,baseline,bge-m3,4207d4e9-ce60-42db-9d99-1332cb36dbc5,29,44,user,,,,,,0.2847938537597656,0,0
qwen32B-int4_telecom_50runs,baseline,bge-m3,4207d4e9-ce60-42db-9d99-1332cb36dbc5,30,44,agent,0.7976392507553101,0.4375,0.0,0.47860419750213623,-0.08329916372895241,,0,0
qwen32B-int4_telecom_50runs,baseline,bge-m3,4207d4e9-ce60-42db-9d99-1332cb36dbc5,31,44,tool,,,,,,,0,0
qwen32B-int4_telecom_50runs,baseline,bge-m3,4207d4e9-ce60-42db-9d99-1332cb36dbc5,32,44,agent,0.6932637691497803,0.23684210526315788,0.0,0.34648656845092773,-0.2016531452536583,,0,0
qwen32B-int4_telecom_50runs,baseline,bge-m3,4207d4e9-ce60-42db-9d99-1332cb36dbc5,33,44,tool,,,,,,,0,0
qwen32B-int4_telecom_50runs,baseline,bge-m3,4207d4e9-ce60-42db-9d99-1332cb36dbc5,34,44,agent,0.7552585005760193,0.25,0.0,,,,0,0
qwen32B-int4_telecom_50runs,baseline,bge-m3,4207d4e9-ce60-42db-9d99-1332cb36dbc5,35,44,user,,,,,,0.3390902876853943,0,0
qwen32B-int4_telecom_50runs,baseline,bge-m3,4207d4e9-ce60-42db-9d99-1332cb36dbc5,36,44,agent,0.5256009101867676,0.01818181818181818,0.0,0.3622157573699951,-0.1408226564526558,,0,0
qwen32B-int4_telecom_50runs,baseline,bge-m3,4207d4e9-ce60-42db-9d99-1332cb36dbc5,37,44,tool,,,,,,,0,0
qwen32B-int4_telecom_50runs,baseline,bge-m3,4207d4e9-ce60-42db-9d99-1332cb36dbc5,38,44,agent,0.6493316292762756,0.21052631578947367,0.0,0.36676347255706787,-0.012691359966993332,,0,0
qwen32B-int4_telecom_50runs,baseline,bge-m3,4207d4e9-ce60-42db-9d99-1332cb36dbc5,39,44,user,,,,,,0.4826804995536804,0,0
qwen32B-int4_telecom_50runs,baseline,bge-m3,4207d4e9-ce60-42db-9d99-1332cb36dbc5,40,44,tool,,,,,,,0,0
qwen32B-int4_telecom_50runs,baseline,bge-m3,4207d4e9-ce60-42db-9d99-1332cb36dbc5,41,44,user,,,,,,,0,0
qwen32B-int4_telecom_50runs,baseline,bge-m3,4207d4e9-ce60-42db-9d99-1332cb36dbc5,42,44,agent,0.682806134223938,0.18840579710144928,0.0,,,,0,0
qwen32B-int4_telecom_50runs,baseline,bge-m3,4207d4e9-ce60-42db-9d99-1332cb36dbc5,43,44,user,,,,,,0.5308954119682312,0,0
qwen32B-int4_telecom_50runs,baseline,bge-m3,a1e98920-f713-4daa-99e1-e25630a6c8c7,0,42,agent,,,,,,,0,1
qwen32B-int4_telecom_50runs,baseline,bge-m3,a1e98920-f713-4daa-99e1-e25630a6c8c7,1,42,user,,,,,,0.437719464302063,0,1
qwen32B-int4_telecom_50runs,baseline,bge-m3,a1e98920-f713-4daa-99e1-e25630a6c8c7,2,42,agent,0.5663248896598816,0.07142857142857142,0.0,0.43134433031082153,-0.011934027075767517,,0,1
qwen32B-int4_telecom_50runs,baseline,bge-m3,a1e98920-f713-4daa-99e1-e25630a6c8c7,3,42,user,,,,,,0.344186007976532,0,1
qwen32B-int4_telecom_50runs,baseline,bge-m3,a1e98920-f713-4daa-99e1-e25630a6c8c7,4,42,tool,,,,,,,0,1
qwen32B-int4_telecom_50runs,baseline,bge-m3,a1e98920-f713-4daa-99e1-e25630a6c8c7,5,42,tool,,,,,,,0,1
qwen32B-int4_telecom_50runs,baseline,bge-m3,a1e98920-f713-4daa-99e1-e25630a6c8c7,6,42,user,,,,,,,0,1
qwen32B-int4_telecom_50runs,baseline,bge-m3,a1e98920-f713-4daa-99e1-e25630a6c8c7,7,42,agent,0.7846764326095581,0.3246753246753247,0.0,0.40396738052368164,-0.03663257136940956,,0,1
qwen32B-int4_telecom_50runs,baseline,bge-m3,a1e98920-f713-4daa-99e1-e25630a6c8c7,8,42,user,,,,,,0.5386722683906555,0,1
qwen32B-int4_telecom_50runs,baseline,bge-m3,a1e98920-f713-4daa-99e1-e25630a6c8c7,9,42,tool,,,,,,,0,1
qwen32B-int4_telecom_50runs,baseline,bge-m3,a1e98920-f713-4daa-99e1-e25630a6c8c7,10,42,user,,,,,,,0,1
qwen32B-int4_telecom_50runs,baseline,bge-m3,a1e98920-f713-4daa-99e1-e25630a6c8c7,11,42,agent,0.7014794945716858,0.25675675675675674,0.0,0.47123849391937256,-0.03664958477020264,,0,1
qwen32B-int4_telecom_50runs,baseline,bge-m3,a1e98920-f713-4daa-99e1-e25630a6c8c7,12,42,user,,,,,,0.3923032879829407,0,1
qwen32B-int4_telecom_50runs,baseline,bge-m3,a1e98920-f713-4daa-99e1-e25630a6c8c7,13,42,tool,,,,,,,0,1
qwen32B-int4_telecom_50runs,baseline,bge-m3,a1e98920-f713-4daa-99e1-e25630a6c8c7,14,42,tool,,,,,,,0,1
qwen32B-int4_telecom_50runs,baseline,bge-m3,a1e98920-f713-4daa-99e1-e25630a6c8c7,15,42,user,,,,,,,0,1
qwen32B-int4_telecom_50runs,baseline,bge-m3,a1e98920-f713-4daa-99e1-e25630a6c8c7,16,42,agent,0.8272675275802612,0.3333333333333333,0.0,0.45751094818115234,-0.030294552445411682,,0,1
qwen32B-int4_telecom_50runs,baseline,bge-m3,a1e98920-f713-4daa-99e1-e25630a6c8c7,17,42,user,,,,,,0.48291945457458496,0,1
qwen32B-int4_telecom_50runs,baseline,bge-m3,a1e98920-f713-4daa-99e1-e25630a6c8c7,18,42,tool,,,,,,,0,1
qwen32B-int4_telecom_50runs,baseline,bge-m3,a1e98920-f713-4daa-99e1-e25630a6c8c7,19,42,user,,,,,,,0,1
qwen32B-int4_telecom_50runs,baseline,bge-m3,a1e98920-f713-4daa-99e1-e25630a6c8c7,20,42,agent,0.8115372657775879,0.2972972972972973,0.0,0.3778190612792969,-0.07111809775233269,,0,1
qwen32B-int4_telecom_50runs,baseline,bge-m3,a1e98920-f713-4daa-99e1-e25630a6c8c7,21,42,user,,,,,,0.36685895919799805,0,1
qwen32B-int4_telecom_50runs,baseline,bge-m3,a1e98920-f713-4daa-99e1-e25630a6c8c7,22,42,tool,,,,,,,0,1
qwen32B-int4_telecom_50runs,baseline,bge-m3,a1e98920-f713-4daa-99e1-e25630a6c8c7,23,42,tool,,,,,,,0,1
qwen32B-int4_telecom_50runs,baseline,bge-m3,a1e98920-f713-4daa-99e1-e25630a6c8c7,24,42,tool,,,,,,,0,1
qwen32B-int4_telecom_50runs,baseline,bge-m3,a1e98920-f713-4daa-99e1-e25630a6c8c7,25,42,user,,,,,,,0,1
qwen32B-int4_telecom_50runs,baseline,bge-m3,a1e98920-f713-4daa-99e1-e25630a6c8c7,26,42,agent,,,,,,,0,1
qwen32B-int4_telecom_50runs,baseline,bge-m3,a1e98920-f713-4daa-99e1-e25630a6c8c7,27,42,user,,,,,,0.34836024045944214,0,1
qwen32B-int4_telecom_50runs,baseline,bge-m3,a1e98920-f713-4daa-99e1-e25630a6c8c7,28,42,agent,0.5229576826095581,0.015873015873015872,0.0,0.42241108417510986,-0.15296438336372375,,0,1
qwen32B-int4_telecom_50runs,baseline,bge-m3,a1e98920-f713-4daa-99e1-e25630a6c8c7,29,42,tool,,,,,,,0,1
qwen32B-int4_telecom_50runs,baseline,bge-m3,a1e98920-f713-4daa-99e1-e25630a6c8c7,30,42,agent,0.6755011081695557,0.2235294117647059,0.0,,,,0,1
qwen32B-int4_telecom_50runs,baseline,bge-m3,a1e98920-f713-4daa-99e1-e25630a6c8c7,31,42,user,,,,,,0.24933087825775146,0,1
qwen32B-int4_telecom_50runs,baseline,bge-m3,a1e98920-f713-4daa-99e1-e25630a6c8c7,32,42,agent,0.805732250213623,0.4375,0.0,0.4732520580291748,-0.10206061974167824,,0,1
qwen32B-int4_telecom_50runs,baseline,bge-m3,a1e98920-f713-4daa-99e1-e25630a6c8c7,33,42,tool,,,,,,,0,1
qwen32B-int4_telecom_50runs,baseline,bge-m3,a1e98920-f713-4daa-99e1-e25630a6c8c7,34,42,agent,0.7904852628707886,0.24691358024691357,0.0,0.39649564027786255,-0.0538262240588665,,0,1
qwen32B-int4_telecom_50runs,baseline,bge-m3,a1e98920-f713-4daa-99e1-e25630a6c8c7,35,42,tool,,,,,,,0,1
qwen32B-int4_telecom_50runs,baseline,bge-m3,a1e98920-f713-4daa-99e1-e25630a6c8c7,36,42,agent,0.8384369015693665,0.2727272727272727,0.0,0.4505573511123657,0.007740434259176254,,0,1
qwen32B-int4_telecom_50runs,baseline,bge-m3,a1e98920-f713-4daa-99e1-e25630a6c8c7,37,42,user,,,,,,0.5092029273509979,0,1
qwen32B-int4_telecom_50runs,baseline,bge-m3,a1e98920-f713-4daa-99e1-e25630a6c8c7,38,42,tool,,,,,,,0,1
qwen32B-int4_telecom_50runs,baseline,bge-m3,a1e98920-f713-4daa-99e1-e25630a6c8c7,39,42,user,,,,,,,0,1
qwen32B-int4_telecom_50runs,baseline,bge-m3,a1e98920-f713-4daa-99e1-e25630a6c8c7,40,42,agent,0.5244774222373962,0.14285714285714285,0.0,,,,0,1
qwen32B-int4_telecom_50runs,baseline,bge-m3,a1e98920-f713-4daa-99e1-e25630a6c8c7,41,42,user,,,,,,0.5761216282844543,0,1
qwen32B-int4_telecom_50runs,baseline,bge-m3,6a6e2377-7448-482a-a9f6-213706c8c81b,0,44,agent,,,,,,,0,0
qwen32B-int4_telecom_50runs,baseline,bge-m3,6a6e2377-7448-482a-a9f6-213706c8c81b,1,44,user,,,,,,0.44117164611816406,0,0
qwen32B-int4_telecom_50runs,baseline,bge-m3,6a6e2377-7448-482a-a9f6-213706c8c81b,2,44,agent,0.5705975294113159,0.08333333333333333,0.0,0.31047797203063965,-0.16157959898312885,,0,0
qwen32B-int4_telecom_50runs,baseline,bge-m3,6a6e2377-7448-482a-a9f6-213706c8c81b,3,44,user,,,,,,0.41278529167175293,0,0
qwen32B-int4_telecom_50runs,baseline,bge-m3,6a6e2377-7448-482a-a9f6-213706c8c81b,4,44,tool,,,,,,,0,0
qwen32B-int4_telecom_50runs,baseline,bge-m3,6a6e2377-7448-482a-a9f6-213706c8c81b,5,44,user,,,,,,,0,0
qwen32B-int4_telecom_50runs,baseline,bge-m3,6a6e2377-7448-482a-a9f6-213706c8c81b,6,44,agent,0.7510331273078918,0.3466666666666667,0.0,0.32391268014907837,-0.0773259699344635,,0,0
qwen32B-int4_telecom_50runs,baseline,bge-m3,6a6e2377-7448-482a-a9f6-213706c8c81b,7,44,user,,,,,,0.4036489725112915,0,0
qwen32B-int4_telecom_50runs,baseline,bge-m3,6a6e2377-7448-482a-a9f6-213706c8c81b,8,44,tool,,,,,,,0,0
qwen32B-int4_telecom_50runs,baseline,bge-m3,6a6e2377-7448-482a-a9f6-213706c8c81b,9,44,user,,,,,,,0,0
qwen32B-int4_telecom_50runs,baseline,bge-m3,6a6e2377-7448-482a-a9f6-213706c8c81b,10,44,agent,0.6881598830223083,0.23529411764705882,0.0,0.28950875997543335,-0.14465610186258954,,0,0
qwen32B-int4_telecom_50runs,baseline,bge-m3,6a6e2377-7448-482a-a9f6-213706c8c81b,11,44,user,,,,,,0.45611846446990967,0,0
qwen32B-int4_telecom_50runs,baseline,bge-m3,6a6e2377-7448-482a-a9f6-213706c8c81b,12,44,tool,,,,,,,0,0
qwen32B-int4_telecom_50runs,baseline,bge-m3,6a6e2377-7448-482a-a9f6-213706c8c81b,13,44,user,,,,,,,0,0
qwen32B-int4_telecom_50runs,baseline,bge-m3,6a6e2377-7448-482a-a9f6-213706c8c81b,14,44,agent,0.834186851978302,0.25609756097560976,0.0,0.34700220823287964,-0.03207822640736896,,0,0
qwen32B-int4_telecom_50runs,baseline,bge-m3,6a6e2377-7448-482a-a9f6-213706c8c81b,15,44,user,,,,,,0.4722597599029541,0,0
qwen32B-int4_telecom_50runs,baseline,bge-m3,6a6e2377-7448-482a-a9f6-213706c8c81b,16,44,tool,,,,,,,0,0
qwen32B-int4_telecom_50runs,baseline,bge-m3,6a6e2377-7448-482a-a9f6-213706c8c81b,17,44,user,,,,,,,0,0
qwen32B-int4_telecom_50runs,baseline,bge-m3,6a6e2377-7448-482a-a9f6-213706c8c81b,18,44,agent,0.8062795400619507,0.3614457831325301,0.0,0.43709856271743774,0.026327520608901978,,0,0
qwen32B-int4_telecom_50runs,baseline,bge-m3,6a6e2377-7448-482a-a9f6-213706c8c81b,19,44,user,,,,,,0.5169833898544312,0,0
qwen32B-int4_telecom_50runs,baseline,bge-m3,6a6e2377-7448-482a-a9f6-213706c8c81b,20,44,tool,,,,,,,0,0
qwen32B-int4_telecom_50runs,baseline,bge-m3,6a6e2377-7448-482a-a9f6-213706c8c81b,21,44,user,,,,,,,0,0
qwen32B-int4_telecom_50runs,baseline,bge-m3,6a6e2377-7448-482a-a9f6-213706c8c81b,22,44,tool,,,,,,,0,0
qwen32B-int4_telecom_50runs,baseline,bge-m3,6a6e2377-7448-482a-a9f6-213706c8c81b,23,44,user,,,,,,,0,0
qwen32B-int4_telecom_50runs,baseline,bge-m3,6a6e2377-7448-482a-a9f6-213706c8c81b,24,44,tool,,,,,,,0,0
qwen32B-int4_telecom_50runs,baseline,bge-m3,6a6e2377-7448-482a-a9f6-213706c8c81b,25,44,user,,,,,,,0,0
qwen32B-int4_telecom_50runs,baseline,bge-m3,6a6e2377-7448-482a-a9f6-213706c8c81b,26,44,agent,,,,0.360931396484375,-0.05542328953742981,,0,0
qwen32B-int4_telecom_50runs,baseline,bge-m3,6a6e2377-7448-482a-a9f6-213706c8c81b,27,44,user,,,,,,0.5233461856842041,0,0
qwen32B-int4_telecom_50runs,baseline,bge-m3,6a6e2377-7448-482a-a9f6-213706c8c81b,28,44,tool,,,,,,,0,0
qwen32B-int4_telecom_50runs,baseline,bge-m3,6a6e2377-7448-482a-a9f6-213706c8c81b,29,44,user,,,,,,,0,0
qwen32B-int4_telecom_50runs,baseline,bge-m3,6a6e2377-7448-482a-a9f6-213706c8c81b,30,44,tool,,,,,,,0,0
qwen32B-int4_telecom_50runs,baseline,bge-m3,6a6e2377-7448-482a-a9f6-213706c8c81b,31,44,user,,,,,,,0,0
qwen32B-int4_telecom_50runs,baseline,bge-m3,6a6e2377-7448-482a-a9f6-213706c8c81b,32,44,tool,,,,,,,0,0
qwen32B-int4_telecom_50runs,baseline,bge-m3,6a6e2377-7448-482a-a9f6-213706c8c81b,33,44,user,,,,,,,0,0
qwen32B-int4_telecom_50runs,baseline,bge-m3,6a6e2377-7448-482a-a9f6-213706c8c81b,34,44,agent,,,,0.3436357378959656,-0.06785978873570758,,0,0
qwen32B-int4_telecom_50runs,baseline,bge-m3,6a6e2377-7448-482a-a9f6-213706c8c81b,35,44,user,,,,,,0.5029390454292297,0,0
qwen32B-int4_telecom_50runs,baseline,bge-m3,6a6e2377-7448-482a-a9f6-213706c8c81b,36,44,tool,,,,,,,0,0
qwen32B-int4_telecom_50runs,baseline,bge-m3,6a6e2377-7448-482a-a9f6-213706c8c81b,37,44,user,,,,,,,0,0
qwen32B-int4_telecom_50runs,baseline,bge-m3,6a6e2377-7448-482a-a9f6-213706c8c81b,38,44,tool,,,,,,,0,0
qwen32B-int4_telecom_50runs,baseline,bge-m3,6a6e2377-7448-482a-a9f6-213706c8c81b,39,44,user,,,,,,,0,0
qwen32B-int4_telecom_50runs,baseline,bge-m3,6a6e2377-7448-482a-a9f6-213706c8c81b,40,44,tool,,,,,,,0,0
qwen32B-int4_telecom_50runs,baseline,bge-m3,6a6e2377-7448-482a-a9f6-213706c8c81b,41,44,user,,,,,,,0,0
qwen32B-int4_telecom_50runs,baseline,bge-m3,6a6e2377-7448-482a-a9f6-213706c8c81b,42,44,agent,,,,,,,0,0
qwen32B-int4_telecom_50runs,baseline,bge-m3,6a6e2377-7448-482a-a9f6-213706c8c81b,43,44,user,,,,,,0.3401072025299072,0,0
qwen32B-int4_telecom_50runs,baseline,bge-m3,a2303c65-5c35-4da6-b1ee-9a058ca49785,0,38,agent,,,,,,,0,0
qwen32B-int4_telecom_50runs,baseline,bge-m3,a2303c65-5c35-4da6-b1ee-9a058ca49785,1,38,user,,,,,,0.4888468384742737,0,0
qwen32B-int4_telecom_50runs,baseline,bge-m3,a2303c65-5c35-4da6-b1ee-9a058ca49785,2,38,agent,0.49947062134742737,0.0,0.0,0.3417152762413025,-0.20652807610375545,,0,0
qwen32B-int4_telecom_50runs,baseline,bge-m3,a2303c65-5c35-4da6-b1ee-9a058ca49785,3,38,tool,,,,,,,0,0
qwen32B-int4_telecom_50runs,baseline,bge-m3,a2303c65-5c35-4da6-b1ee-9a058ca49785,4,38,agent,0.5624768733978271,0.05,0.0,,,,0,0
qwen32B-int4_telecom_50runs,baseline,bge-m3,a2303c65-5c35-4da6-b1ee-9a058ca49785,5,38,user,,,,,,0.36186379194259644,0,0
qwen32B-int4_telecom_50runs,baseline,bge-m3,a2303c65-5c35-4da6-b1ee-9a058ca49785,6,38,agent,0.8074858784675598,0.35,0.0,0.5420318841934204,-0.014654751334871596,,0,0
qwen32B-int4_telecom_50runs,baseline,bge-m3,a2303c65-5c35-4da6-b1ee-9a058ca49785,7,38,tool,,,,,,,0,0
qwen32B-int4_telecom_50runs,baseline,bge-m3,a2303c65-5c35-4da6-b1ee-9a058ca49785,8,38,agent,0.5969343185424805,0.2835820895522388,0.0,,,,0,0
qwen32B-int4_telecom_50runs,baseline,bge-m3,a2303c65-5c35-4da6-b1ee-9a058ca49785,9,38,user,,,,,,0.24921631813049316,0,0
qwen32B-int4_telecom_50runs,baseline,bge-m3,a2303c65-5c35-4da6-b1ee-9a058ca49785,10,38,agent,0.7856285572052002,0.3333333333333333,0.0,0.4178275465965271,-0.12741277899060932,,0,0
qwen32B-int4_telecom_50runs,baseline,bge-m3,a2303c65-5c35-4da6-b1ee-9a058ca49785,11,38,tool,,,,,,,0,0
qwen32B-int4_telecom_50runs,baseline,bge-m3,a2303c65-5c35-4da6-b1ee-9a058ca49785,12,38,agent,0.5066934823989868,0.2087912087912088,0.0,0.33930742740631104,-0.17183483924184528,,0,0
qwen32B-int4_telecom_50runs,baseline,bge-m3,a2303c65-5c35-4da6-b1ee-9a058ca49785,13,38,user,,,,,,0.43672633171081543,0,0
qwen32B-int4_telecom_50runs,baseline,bge-m3,a2303c65-5c35-4da6-b1ee-9a058ca49785,14,38,tool,,,,,,,0,0
qwen32B-int4_telecom_50runs,baseline,bge-m3,a2303c65-5c35-4da6-b1ee-9a058ca49785,15,38,user,,,,,,,0,0
qwen32B-int4_telecom_50runs,baseline,bge-m3,a2303c65-5c35-4da6-b1ee-9a058ca49785,16,38,agent,0.6711782813072205,0.22018348623853212,0.0,0.3824566602706909,-0.093679530279977,,0,0
qwen32B-int4_telecom_50runs,baseline,bge-m3,a2303c65-5c35-4da6-b1ee-9a058ca49785,17,38,user,,,,,,0.5173926651477814,0,0
qwen32B-int4_telecom_50runs,baseline,bge-m3,a2303c65-5c35-4da6-b1ee-9a058ca49785,18,38,tool,,,,,,,0,0
qwen32B-int4_telecom_50runs,baseline,bge-m3,a2303c65-5c35-4da6-b1ee-9a058ca49785,19,38,user,,,,,,,0,0
qwen32B-int4_telecom_50runs,baseline,bge-m3,a2303c65-5c35-4da6-b1ee-9a058ca49785,20,38,tool,,,,,,,0,0
qwen32B-int4_telecom_50runs,baseline,bge-m3,a2303c65-5c35-4da6-b1ee-9a058ca49785,21,38,user,,,,,,,0,0
qwen32B-int4_telecom_50runs,baseline,bge-m3,a2303c65-5c35-4da6-b1ee-9a058ca49785,22,38,agent,,,,0.326668381690979,-0.15198557717459543,,0,0
qwen32B-int4_telecom_50runs,baseline,bge-m3,a2303c65-5c35-4da6-b1ee-9a058ca49785,23,38,user,,,,,,0.49724578857421875,0,0
qwen32B-int4_telecom_50runs,baseline,bge-m3,a2303c65-5c35-4da6-b1ee-9a058ca49785,24,38,tool,,,,,,,0,0
qwen32B-int4_telecom_50runs,baseline,bge-m3,a2303c65-5c35-4da6-b1ee-9a058ca49785,25,38,user,,,,,,,0,0
qwen32B-int4_telecom_50runs,baseline,bge-m3,a2303c65-5c35-4da6-b1ee-9a058ca49785,26,38,agent,0.8390821218490601,0.38235294117647056,0.0,0.22665786743164062,-0.31421879359654015,,0,0
qwen32B-int4_telecom_50runs,baseline,bge-m3,a2303c65-5c35-4da6-b1ee-9a058ca49785,27,38,user,,,,,,0.29223865270614624,0,0
qwen32B-int4_telecom_50runs,baseline,bge-m3,a2303c65-5c35-4da6-b1ee-9a058ca49785,28,38,tool,,,,,,,0,0
qwen32B-int4_telecom_50runs,baseline,bge-m3,a2303c65-5c35-4da6-b1ee-9a058ca49785,29,38,user,,,,,,,0,0
qwen32B-int4_telecom_50runs,baseline,bge-m3,a2303c65-5c35-4da6-b1ee-9a058ca49785,30,38,agent,0.6794936060905457,0.2191780821917808,0.0,0.30310356616973877,-0.22699307118143353,,0,0
qwen32B-int4_telecom_50runs,baseline,bge-m3,a2303c65-5c35-4da6-b1ee-9a058ca49785,31,38,user,,,,,,0.4259381890296936,0,0
qwen32B-int4_telecom_50runs,baseline,bge-m3,a2303c65-5c35-4da6-b1ee-9a058ca49785,32,38,tool,,,,,,,0,0
qwen32B-int4_telecom_50runs,baseline,bge-m3,a2303c65-5c35-4da6-b1ee-9a058ca49785,33,38,user,,,,,,,0,0
qwen32B-int4_telecom_50runs,baseline,bge-m3,a2303c65-5c35-4da6-b1ee-9a058ca49785,34,38,agent,0.7301820516586304,0.15671641791044777,0.0,,,,0,0
qwen32B-int4_telecom_50runs,baseline,bge-m3,a2303c65-5c35-4da6-b1ee-9a058ca49785,35,38,user,,,,,,0.38839125633239746,0,0
qwen32B-int4_telecom_50runs,baseline,bge-m3,a2303c65-5c35-4da6-b1ee-9a058ca49785,36,38,agent,0.6261632442474365,0.21875,0.0,,,,0,0
qwen32B-int4_telecom_50runs,baseline,bge-m3,a2303c65-5c35-4da6-b1ee-9a058ca49785,37,38,user,,,,,,0.36706262826919556,0,0
qwen32B-int4_telecom_50runs,baseline,bge-m3,f9f5a1f8-f133-4bea-9638-5ae07182d154,0,78,agent,,,,,,,0,1
qwen32B-int4_telecom_50runs,baseline,bge-m3,f9f5a1f8-f133-4bea-9638-5ae07182d154,1,78,user,,,,,,0.44117146730422974,0,1
qwen32B-int4_telecom_50runs,baseline,bge-m3,f9f5a1f8-f133-4bea-9638-5ae07182d154,2,78,agent,0.5705976486206055,0.08333333333333333,0.0,0.3104780912399292,-0.18702885508537292,,0,1
qwen32B-int4_telecom_50runs,baseline,bge-m3,f9f5a1f8-f133-4bea-9638-5ae07182d154,3,78,user,,,,,,0.40180420875549316,0,1
qwen32B-int4_telecom_50runs,baseline,bge-m3,f9f5a1f8-f133-4bea-9638-5ae07182d154,4,78,tool,,,,,,,0,1
qwen32B-int4_telecom_50runs,baseline,bge-m3,f9f5a1f8-f133-4bea-9638-5ae07182d154,5,78,user,,,,,,,0,1
qwen32B-int4_telecom_50runs,baseline,bge-m3,f9f5a1f8-f133-4bea-9638-5ae07182d154,6,78,agent,0.7510331273078918,0.3466666666666667,0.0,0.40075385570526123,-0.09282409969498129,,0,1
qwen32B-int4_telecom_50runs,baseline,bge-m3,f9f5a1f8-f133-4bea-9638-5ae07182d154,7,78,user,,,,,,0.4018990397453308,0,1
qwen32B-int4_telecom_50runs,baseline,bge-m3,f9f5a1f8-f133-4bea-9638-5ae07182d154,8,78,tool,,,,,,,0,1
qwen32B-int4_telecom_50runs,baseline,bge-m3,f9f5a1f8-f133-4bea-9638-5ae07182d154,9,78,user,,,,,,,0,1
qwen32B-int4_telecom_50runs,baseline,bge-m3,f9f5a1f8-f133-4bea-9638-5ae07182d154,10,78,agent,0.7799947261810303,0.32051282051282054,0.0,0.3843010663986206,-0.1065417756052578,,0,1
qwen32B-int4_telecom_50runs,baseline,bge-m3,f9f5a1f8-f133-4bea-9638-5ae07182d154,11,78,user,,,,,,0.4633733034133911,0,1
qwen32B-int4_telecom_50runs,baseline,bge-m3,f9f5a1f8-f133-4bea-9638-5ae07182d154,12,78,tool,,,,,,,0,1
qwen32B-int4_telecom_50runs,baseline,bge-m3,f9f5a1f8-f133-4bea-9638-5ae07182d154,13,78,user,,,,,,,0,1
qwen32B-int4_telecom_50runs,baseline,bge-m3,f9f5a1f8-f133-4bea-9638-5ae07182d154,14,78,agent,0.7375399470329285,0.3783783783783784,0.0,0.4974325895309448,-0.00116690993309021,,0,1
qwen32B-int4_telecom_50runs,baseline,bge-m3,f9f5a1f8-f133-4bea-9638-5ae07182d154,15,78,user,,,,,,0.5338296890258789,0,1
qwen32B-int4_telecom_50runs,baseline,bge-m3,f9f5a1f8-f133-4bea-9638-5ae07182d154,16,78,tool,,,,,,,0,1
qwen32B-int4_telecom_50runs,baseline,bge-m3,f9f5a1f8-f133-4bea-9638-5ae07182d154,17,78,user,,,,,,,0,1
qwen32B-int4_telecom_50runs,baseline,bge-m3,f9f5a1f8-f133-4bea-9638-5ae07182d154,18,78,agent,0.6891855001449585,0.2,0.0,0.3703470230102539,-0.07105620293056264,,0,1
qwen32B-int4_telecom_50runs,baseline,bge-m3,f9f5a1f8-f133-4bea-9638-5ae07182d154,19,78,user,,,,,,0.515211820602417,0,1
qwen32B-int4_telecom_50runs,baseline,bge-m3,f9f5a1f8-f133-4bea-9638-5ae07182d154,20,78,tool,,,,,,,0,1
qwen32B-int4_telecom_50runs,baseline,bge-m3,f9f5a1f8-f133-4bea-9638-5ae07182d154,21,78,user,,,,,,,0,1
qwen32B-int4_telecom_50runs,baseline,bge-m3,f9f5a1f8-f133-4bea-9638-5ae07182d154,22,78,agent,0.8435300588607788,0.16455696202531644,0.0,0.41663074493408203,-0.043710042448604824,,0,1
qwen32B-int4_telecom_50runs,baseline,bge-m3,f9f5a1f8-f133-4bea-9638-5ae07182d154,23,78,user,,,,,,0.508603423833847,0,1
qwen32B-int4_telecom_50runs,baseline,bge-m3,f9f5a1f8-f133-4bea-9638-5ae07182d154,24,78,tool,,,,,,,0,1
qwen32B-int4_telecom_50runs,baseline,bge-m3,f9f5a1f8-f133-4bea-9638-5ae07182d154,25,78,user,,,,,,,0,1
qwen32B-int4_telecom_50runs,baseline,bge-m3,f9f5a1f8-f133-4bea-9638-5ae07182d154,26,78,tool,,,,,,,0,1
qwen32B-int4_telecom_50runs,baseline,bge-m3,f9f5a1f8-f133-4bea-9638-5ae07182d154,27,78,user,,,,,,,0,1
qwen32B-int4_telecom_50runs,baseline,bge-m3,f9f5a1f8-f133-4bea-9638-5ae07182d154,28,78,agent,,,,0.33795738220214844,-0.14141211965504813,,0,1
qwen32B-int4_telecom_50runs,baseline,bge-m3,f9f5a1f8-f133-4bea-9638-5ae07182d154,29,78,user,,,,,,0.5910448133945465,0,1
qwen32B-int4_telecom_50runs,baseline,bge-m3,f9f5a1f8-f133-4bea-9638-5ae07182d154,30,78,tool,,,,,,,0,1
qwen32B-int4_telecom_50runs,baseline,bge-m3,f9f5a1f8-f133-4bea-9638-5ae07182d154,31,78,user,,,,,,,0,1
qwen32B-int4_telecom_50runs,baseline,bge-m3,f9f5a1f8-f133-4bea-9638-5ae07182d154,32,78,tool,,,,,,,0,1
qwen32B-int4_telecom_50runs,baseline,bge-m3,f9f5a1f8-f133-4bea-9638-5ae07182d154,33,78,user,,,,,,,0,1
qwen32B-int4_telecom_50runs,baseline,bge-m3,f9f5a1f8-f133-4bea-9638-5ae07182d154,34,78,tool,,,,,,,0,1
qwen32B-int4_telecom_50runs,baseline,bge-m3,f9f5a1f8-f133-4bea-9638-5ae07182d154,35,78,user,,,,,,,0,1
qwen32B-int4_telecom_50runs,baseline,bge-m3,f9f5a1f8-f133-4bea-9638-5ae07182d154,36,78,agent,,,,0.3452032804489136,-0.10178551954381604,,0,1
qwen32B-int4_telecom_50runs,baseline,bge-m3,f9f5a1f8-f133-4bea-9638-5ae07182d154,37,78,user,,,,,,0.4774458408355713,0,1
qwen32B-int4_telecom_50runs,baseline,bge-m3,f9f5a1f8-f133-4bea-9638-5ae07182d154,38,78,tool,,,,,,,0,1
qwen32B-int4_telecom_50runs,baseline,bge-m3,f9f5a1f8-f133-4bea-9638-5ae07182d154,39,78,user,,,,,,,0,1
qwen32B-int4_telecom_50runs,baseline,bge-m3,f9f5a1f8-f133-4bea-9638-5ae07182d154,40,78,tool,,,,,,,0,1
qwen32B-int4_telecom_50runs,baseline,bge-m3,f9f5a1f8-f133-4bea-9638-5ae07182d154,41,78,user,,,,,,,0,1
qwen32B-int4_telecom_50runs,baseline,bge-m3,f9f5a1f8-f133-4bea-9638-5ae07182d154,42,78,agent,,,,,,,0,1
qwen32B-int4_telecom_50runs,baseline,bge-m3,f9f5a1f8-f133-4bea-9638-5ae07182d154,43,78,user,,,,,,0.2686060667037964,0,1
qwen32B-int4_telecom_50runs,baseline,bge-m3,f9f5a1f8-f133-4bea-9638-5ae07182d154,44,78,agent,0.5453652739524841,0.015151515151515152,0.0,0.4199368953704834,-0.15178277737954082,,0,1
qwen32B-int4_telecom_50runs,baseline,bge-m3,f9f5a1f8-f133-4bea-9638-5ae07182d154,45,78,tool,,,,,,,0,1
qwen32B-int4_telecom_50runs,baseline,bge-m3,f9f5a1f8-f133-4bea-9638-5ae07182d154,46,78,agent,0.7618831396102905,0.2988505747126437,0.0,,,,0,1
qwen32B-int4_telecom_50runs,baseline,bge-m3,f9f5a1f8-f133-4bea-9638-5ae07182d154,47,78,user,,,,,,0.2558053135871887,0,1
qwen32B-int4_telecom_50runs,baseline,bge-m3,f9f5a1f8-f133-4bea-9638-5ae07182d154,48,78,agent,0.7966638207435608,0.4375,0.0,0.46683841943740845,-0.1028249176109538,,0,1
qwen32B-int4_telecom_50runs,baseline,bge-m3,f9f5a1f8-f133-4bea-9638-5ae07182d154,49,78,tool,,,,,,,0,1
qwen32B-int4_telecom_50runs,baseline,bge-m3,f9f5a1f8-f133-4bea-9638-5ae07182d154,50,78,agent,0.7857370972633362,0.27848101265822783,0.0,0.39883726835250854,-0.062140599769704485,,0,1
qwen32B-int4_telecom_50runs,baseline,bge-m3,f9f5a1f8-f133-4bea-9638-5ae07182d154,51,78,tool,,,,,,,0,1
qwen32B-int4_telecom_50runs,baseline,bge-m3,f9f5a1f8-f133-4bea-9638-5ae07182d154,52,78,agent,0.855742335319519,0.18181818181818182,0.0,0.37002259492874146,-0.0443134483169107,,0,1
qwen32B-int4_telecom_50runs,baseline,bge-m3,f9f5a1f8-f133-4bea-9638-5ae07182d154,53,78,user,,,,,,0.44955044984817505,0,1
qwen32B-int4_telecom_50runs,baseline,bge-m3,f9f5a1f8-f133-4bea-9638-5ae07182d154,54,78,tool,,,,,,,0,1
qwen32B-int4_telecom_50runs,baseline,bge-m3,f9f5a1f8-f133-4bea-9638-5ae07182d154,55,78,user,,,,,,,0,1
qwen32B-int4_telecom_50runs,baseline,bge-m3,f9f5a1f8-f133-4bea-9638-5ae07182d154,56,78,agent,0.7497071027755737,0.10810810810810811,0.0,0.4691923260688782,0.002841914401334855,,0,1
qwen32B-int4_telecom_50runs,baseline,bge-m3,f9f5a1f8-f133-4bea-9638-5ae07182d154,57,78,tool,,,,,,,0,1
qwen32B-int4_telecom_50runs,baseline,bge-m3,f9f5a1f8-f133-4bea-9638-5ae07182d154,58,78,agent,0.7586802244186401,0.225,0.0,,,,0,1
qwen32B-int4_telecom_50runs,baseline,bge-m3,f9f5a1f8-f133-4bea-9638-5ae07182d154,59,78,user,,,,,,0.24246984720230103,0,1
qwen32B-int4_telecom_50runs,baseline,bge-m3,f9f5a1f8-f133-4bea-9638-5ae07182d154,60,78,agent,0.5434647798538208,0.015625,0.0,0.34392786026000977,-0.21347301146563358,,0,1
qwen32B-int4_telecom_50runs,baseline,bge-m3,f9f5a1f8-f133-4bea-9638-5ae07182d154,61,78,tool,,,,,,,0,1
qwen32B-int4_telecom_50runs,baseline,bge-m3,f9f5a1f8-f133-4bea-9638-5ae07182d154,62,78,agent,0.885776698589325,0.2898550724637681,0.0,0.32608872652053833,-0.1830729912309086,,0,1
qwen32B-int4_telecom_50runs,baseline,bge-m3,f9f5a1f8-f133-4bea-9638-5ae07182d154,63,78,user,,,,,,0.46302783489227295,0,1
qwen32B-int4_telecom_50runs,baseline,bge-m3,f9f5a1f8-f133-4bea-9638-5ae07182d154,64,78,tool,,,,,,,0,1
qwen32B-int4_telecom_50runs,baseline,bge-m3,f9f5a1f8-f133-4bea-9638-5ae07182d154,65,78,user,,,,,,,0,1
qwen32B-int4_telecom_50runs,baseline,bge-m3,f9f5a1f8-f133-4bea-9638-5ae07182d154,66,78,tool,,,,,,,0,1
qwen32B-int4_telecom_50runs,baseline,bge-m3,f9f5a1f8-f133-4bea-9638-5ae07182d154,67,78,user,,,,,,,0,1
qwen32B-int4_telecom_50runs,baseline,bge-m3,f9f5a1f8-f133-4bea-9638-5ae07182d154,68,78,agent,,,,0.34543824195861816,-0.10006029816234813,,0,1
qwen32B-int4_telecom_50runs,baseline,bge-m3,f9f5a1f8-f133-4bea-9638-5ae07182d154,69,78,tool,,,,,,,0,1
qwen32B-int4_telecom_50runs,baseline,bge-m3,f9f5a1f8-f133-4bea-9638-5ae07182d154,70,78,agent,0.856250524520874,0.30985915492957744,0.0,0.4270196557044983,-0.005179005510666801,,0,1
qwen32B-int4_telecom_50runs,baseline,bge-m3,f9f5a1f8-f133-4bea-9638-5ae07182d154,71,78,user,,,,,,0.45896852016448975,0,1
qwen32B-int4_telecom_50runs,baseline,bge-m3,f9f5a1f8-f133-4bea-9638-5ae07182d154,72,78,tool,,,,,,,0,1
qwen32B-int4_telecom_50runs,baseline,bge-m3,f9f5a1f8-f133-4bea-9638-5ae07182d154,73,78,user,,,,,,,0,1
qwen32B-int4_telecom_50runs,baseline,bge-m3,f9f5a1f8-f133-4bea-9638-5ae07182d154,74,78,agent,0.6834627389907837,0.12658227848101267,0.0,0.44664061069488525,-0.04251349147628336,,0,1
qwen32B-int4_telecom_50runs,baseline,bge-m3,f9f5a1f8-f133-4bea-9638-5ae07182d154,75,78,tool,,,,,,,0,1
qwen32B-int4_telecom_50runs,baseline,bge-m3,f9f5a1f8-f133-4bea-9638-5ae07182d154,76,78,agent,0.6170816421508789,0.1,0.0,,,,0,1
qwen32B-int4_telecom_50runs,baseline,bge-m3,f9f5a1f8-f133-4bea-9638-5ae07182d154,77,78,user,,,,,,0.3656492233276367,0,1
qwen32B-int4_telecom_50runs,baseline,bge-m3,68c6a971-18b2-450b-8c4a-0011b8812143,0,31,agent,,,,,,,0,0
qwen32B-int4_telecom_50runs,baseline,bge-m3,68c6a971-18b2-450b-8c4a-0011b8812143,1,31,user,,,,,,0.4407927989959717,0,0
qwen32B-int4_telecom_50runs,baseline,bge-m3,68c6a971-18b2-450b-8c4a-0011b8812143,2,31,agent,0.5314024090766907,0.10526315789473684,0.0,,,,0,0
qwen32B-int4_telecom_50runs,baseline,bge-m3,68c6a971-18b2-450b-8c4a-0011b8812143,3,31,user,,,,,,0.28704923391342163,0,0
qwen32B-int4_telecom_50runs,baseline,bge-m3,68c6a971-18b2-450b-8c4a-0011b8812143,4,31,agent,0.5243387818336487,0.0,0.0,0.5440190434455872,0.003961928188800812,,0,0
qwen32B-int4_telecom_50runs,baseline,bge-m3,68c6a971-18b2-450b-8c4a-0011b8812143,5,31,tool,,,,,,,0,0
qwen32B-int4_telecom_50runs,baseline,bge-m3,68c6a971-18b2-450b-8c4a-0011b8812143,6,31,agent,0.7606897354125977,0.25,0.0,,,,0,0
qwen32B-int4_telecom_50runs,baseline,bge-m3,68c6a971-18b2-450b-8c4a-0011b8812143,7,31,user,,,,,,0.31691795587539673,0,0
qwen32B-int4_telecom_50runs,baseline,bge-m3,68c6a971-18b2-450b-8c4a-0011b8812143,8,31,agent,0.7844076156616211,0.3333333333333333,0.0,0.41402649879455566,-0.16920709609985352,,0,0
qwen32B-int4_telecom_50runs,baseline,bge-m3,68c6a971-18b2-450b-8c4a-0011b8812143,9,31,tool,,,,,,,0,0
qwen32B-int4_telecom_50runs,baseline,bge-m3,68c6a971-18b2-450b-8c4a-0011b8812143,10,31,agent,0.5927557945251465,0.14563106796116504,0.0,0.4474506378173828,-0.049259692430496216,,0,0
qwen32B-int4_telecom_50runs,baseline,bge-m3,68c6a971-18b2-450b-8c4a-0011b8812143,11,31,user,,,,,,0.4106721878051758,0,0
qwen32B-int4_telecom_50runs,baseline,bge-m3,68c6a971-18b2-450b-8c4a-0011b8812143,12,31,tool,,,,,,,0,0
qwen32B-int4_telecom_50runs,baseline,bge-m3,68c6a971-18b2-450b-8c4a-0011b8812143,13,31,tool,,,,,,,0,0
qwen32B-int4_telecom_50runs,baseline,bge-m3,68c6a971-18b2-450b-8c4a-0011b8812143,14,31,tool,,,,,,,0,0
qwen32B-int4_telecom_50runs,baseline,bge-m3,68c6a971-18b2-450b-8c4a-0011b8812143,15,31,user,,,,,,,0,0
qwen32B-int4_telecom_50runs,baseline,bge-m3,68c6a971-18b2-450b-8c4a-0011b8812143,16,31,agent,,,,0.4932594299316406,-0.11421433091163635,,0,0
qwen32B-int4_telecom_50runs,baseline,bge-m3,68c6a971-18b2-450b-8c4a-0011b8812143,17,31,user,,,,,,0.3574320077896118,0,0
qwen32B-int4_telecom_50runs,baseline,bge-m3,68c6a971-18b2-450b-8c4a-0011b8812143,18,31,tool,,,,,,,0,0
qwen32B-int4_telecom_50runs,baseline,bge-m3,68c6a971-18b2-450b-8c4a-0011b8812143,19,31,tool,,,,,,,0,0
qwen32B-int4_telecom_50runs,baseline,bge-m3,68c6a971-18b2-450b-8c4a-0011b8812143,20,31,tool,,,,,,,0,0
qwen32B-int4_telecom_50runs,baseline,bge-m3,68c6a971-18b2-450b-8c4a-0011b8812143,21,31,tool,,,,,,,0,0
qwen32B-int4_telecom_50runs,baseline,bge-m3,68c6a971-18b2-450b-8c4a-0011b8812143,22,31,user,,,,,,,0,0
qwen32B-int4_telecom_50runs,baseline,bge-m3,68c6a971-18b2-450b-8c4a-0011b8812143,23,31,agent,,,,0.3870422840118408,-0.18930889666080475,,0,0
qwen32B-int4_telecom_50runs,baseline,bge-m3,68c6a971-18b2-450b-8c4a-0011b8812143,24,31,user,,,,,,0.283061683177948,0,0
qwen32B-int4_telecom_50runs,baseline,bge-m3,68c6a971-18b2-450b-8c4a-0011b8812143,25,31,tool,,,,,,,0,0
qwen32B-int4_telecom_50runs,baseline,bge-m3,68c6a971-18b2-450b-8c4a-0011b8812143,26,31,tool,,,,,,,0,0
qwen32B-int4_telecom_50runs,baseline,bge-m3,68c6a971-18b2-450b-8c4a-0011b8812143,27,31,tool,,,,,,,0,0
qwen32B-int4_telecom_50runs,baseline,bge-m3,68c6a971-18b2-450b-8c4a-0011b8812143,28,31,user,,,,,,,0,0
qwen32B-int4_telecom_50runs,baseline,bge-m3,68c6a971-18b2-450b-8c4a-0011b8812143,29,31,agent,,,,,,,0,0
qwen32B-int4_telecom_50runs,baseline,bge-m3,68c6a971-18b2-450b-8c4a-0011b8812143,30,31,user,,,,,,0.3948018550872803,0,0
qwen32B-int4_telecom_50runs,baseline,bge-m3,fd65371a-5bdb-4249-9582-28ef31dd9dd5,0,66,agent,,,,,,,0,1
qwen32B-int4_telecom_50runs,baseline,bge-m3,fd65371a-5bdb-4249-9582-28ef31dd9dd5,1,66,user,,,,,,0.4888468384742737,0,1
qwen32B-int4_telecom_50runs,baseline,bge-m3,fd65371a-5bdb-4249-9582-28ef31dd9dd5,2,66,agent,0.4994075298309326,0.0,0.0,0.33708786964416504,-0.23302602767944336,,0,1
qwen32B-int4_telecom_50runs,baseline,bge-m3,fd65371a-5bdb-4249-9582-28ef31dd9dd5,3,66,tool,,,,,,,0,1
qwen32B-int4_telecom_50runs,baseline,bge-m3,fd65371a-5bdb-4249-9582-28ef31dd9dd5,4,66,agent,0.562562108039856,0.05,0.0,,,,0,1
qwen32B-int4_telecom_50runs,baseline,bge-m3,fd65371a-5bdb-4249-9582-28ef31dd9dd5,5,66,user,,,,,,0.36186379194259644,0,1
qwen32B-int4_telecom_50runs,baseline,bge-m3,fd65371a-5bdb-4249-9582-28ef31dd9dd5,6,66,agent,0.8008396625518799,0.35,0.0,0.5528226494789124,-0.042601531744003274,,0,1
qwen32B-int4_telecom_50runs,baseline,bge-m3,fd65371a-5bdb-4249-9582-28ef31dd9dd5,7,66,tool,,,,,,,0,1
qwen32B-int4_telecom_50runs,baseline,bge-m3,fd65371a-5bdb-4249-9582-28ef31dd9dd5,8,66,agent,0.5969343185424805,0.2835820895522388,0.0,,,,0,1
qwen32B-int4_telecom_50runs,baseline,bge-m3,fd65371a-5bdb-4249-9582-28ef31dd9dd5,9,66,user,,,,,,0.24921631813049316,0,1
qwen32B-int4_telecom_50runs,baseline,bge-m3,fd65371a-5bdb-4249-9582-28ef31dd9dd5,10,66,agent,0.7844781875610352,0.3333333333333333,0.0,0.4151653051376343,-0.16325714985529582,,0,1
qwen32B-int4_telecom_50runs,baseline,bge-m3,fd65371a-5bdb-4249-9582-28ef31dd9dd5,11,66,tool,,,,,,,0,1
qwen32B-int4_telecom_50runs,baseline,bge-m3,fd65371a-5bdb-4249-9582-28ef31dd9dd5,12,66,agent,0.5066934823989868,0.2087912087912088,0.0,0.4052658677101135,-0.0631535589694977,,0,1
qwen32B-int4_telecom_50runs,baseline,bge-m3,fd65371a-5bdb-4249-9582-28ef31dd9dd5,13,66,user,,,,,,0.4502395987510681,0,1
qwen32B-int4_telecom_50runs,baseline,bge-m3,fd65371a-5bdb-4249-9582-28ef31dd9dd5,14,66,tool,,,,,,,0,1
qwen32B-int4_telecom_50runs,baseline,bge-m3,fd65371a-5bdb-4249-9582-28ef31dd9dd5,15,66,user,,,,,,,0,1
qwen32B-int4_telecom_50runs,baseline,bge-m3,fd65371a-5bdb-4249-9582-28ef31dd9dd5,16,66,agent,0.741845965385437,0.2,0.0,0.3909701108932495,-0.07464656035105388,,0,1
qwen32B-int4_telecom_50runs,baseline,bge-m3,fd65371a-5bdb-4249-9582-28ef31dd9dd5,17,66,user,,,,,,0.5487612187862396,0,1
qwen32B-int4_telecom_50runs,baseline,bge-m3,fd65371a-5bdb-4249-9582-28ef31dd9dd5,18,66,tool,,,,,,,0,1
qwen32B-int4_telecom_50runs,baseline,bge-m3,fd65371a-5bdb-4249-9582-28ef31dd9dd5,19,66,user,,,,,,,0,1
qwen32B-int4_telecom_50runs,baseline,bge-m3,fd65371a-5bdb-4249-9582-28ef31dd9dd5,20,66,agent,0.676133394241333,0.323943661971831,0.0,0.33724939823150635,-0.1705275654792786,,0,1
qwen32B-int4_telecom_50runs,baseline,bge-m3,fd65371a-5bdb-4249-9582-28ef31dd9dd5,21,66,user,,,,,,0.49994176626205444,0,1
qwen32B-int4_telecom_50runs,baseline,bge-m3,fd65371a-5bdb-4249-9582-28ef31dd9dd5,22,66,tool,,,,,,,0,1
qwen32B-int4_telecom_50runs,baseline,bge-m3,fd65371a-5bdb-4249-9582-28ef31dd9dd5,23,66,user,,,,,,,0,1
qwen32B-int4_telecom_50runs,baseline,bge-m3,fd65371a-5bdb-4249-9582-28ef31dd9dd5,24,66,agent,0.6274568438529968,0.20833333333333334,0.0,0.43982595205307007,-0.10035181045532227,,0,1
qwen32B-int4_telecom_50runs,baseline,bge-m3,fd65371a-5bdb-4249-9582-28ef31dd9dd5,25,66,user,,,,,,0.3954086899757385,0,1
qwen32B-int4_telecom_50runs,baseline,bge-m3,fd65371a-5bdb-4249-9582-28ef31dd9dd5,26,66,tool,,,,,,,0,1
qwen32B-int4_telecom_50runs,baseline,bge-m3,fd65371a-5bdb-4249-9582-28ef31dd9dd5,27,66,user,,,,,,,0,1
qwen32B-int4_telecom_50runs,baseline,bge-m3,fd65371a-5bdb-4249-9582-28ef31dd9dd5,28,66,agent,0.6770809292793274,0.15584415584415584,0.0,0.3570665121078491,-0.09526026050249736,,0,1
qwen32B-int4_telecom_50runs,baseline,bge-m3,fd65371a-5bdb-4249-9582-28ef31dd9dd5,29,66,user,,,,,,0.4707965850830078,0,1
qwen32B-int4_telecom_50runs,baseline,bge-m3,fd65371a-5bdb-4249-9582-28ef31dd9dd5,30,66,tool,,,,,,,0,1
qwen32B-int4_telecom_50runs,baseline,bge-m3,fd65371a-5bdb-4249-9582-28ef31dd9dd5,31,66,user,,,,,,,0,1
qwen32B-int4_telecom_50runs,baseline,bge-m3,fd65371a-5bdb-4249-9582-28ef31dd9dd5,32,66,agent,0.8145581483840942,0.2159090909090909,0.0,0.3413475751876831,-0.1585173398256302,,0,1
qwen32B-int4_telecom_50runs,baseline,bge-m3,fd65371a-5bdb-4249-9582-28ef31dd9dd5,33,66,user,,,,,,0.495137095451355,0,1
qwen32B-int4_telecom_50runs,baseline,bge-m3,fd65371a-5bdb-4249-9582-28ef31dd9dd5,34,66,tool,,,,,,,0,1
qwen32B-int4_telecom_50runs,baseline,bge-m3,fd65371a-5bdb-4249-9582-28ef31dd9dd5,35,66,user,,,,,,,0,1
qwen32B-int4_telecom_50runs,baseline,bge-m3,fd65371a-5bdb-4249-9582-28ef31dd9dd5,36,66,agent,0.8316426277160645,0.2857142857142857,0.0,0.31570637226104736,-0.14434805711110432,,0,1
qwen32B-int4_telecom_50runs,baseline,bge-m3,fd65371a-5bdb-4249-9582-28ef31dd9dd5,37,66,user,,,,,,0.5391861498355865,0,1
qwen32B-int4_telecom_50runs,baseline,bge-m3,fd65371a-5bdb-4249-9582-28ef31dd9dd5,38,66,tool,,,,,,,0,1
qwen32B-int4_telecom_50runs,baseline,bge-m3,fd65371a-5bdb-4249-9582-28ef31dd9dd5,39,66,user,,,,,,,0,1
qwen32B-int4_telecom_50runs,baseline,bge-m3,fd65371a-5bdb-4249-9582-28ef31dd9dd5,40,66,agent,0.6683458089828491,0.21428571428571427,0.0,0.42303961515426636,-0.08309953610102339,,0,1
qwen32B-int4_telecom_50runs,baseline,bge-m3,fd65371a-5bdb-4249-9582-28ef31dd9dd5,41,66,user,,,,,,0.40334606170654297,0,1
qwen32B-int4_telecom_50runs,baseline,bge-m3,fd65371a-5bdb-4249-9582-28ef31dd9dd5,42,66,tool,,,,,,,0,1
qwen32B-int4_telecom_50runs,baseline,bge-m3,fd65371a-5bdb-4249-9582-28ef31dd9dd5,43,66,user,,,,,,,0,1
qwen32B-int4_telecom_50runs,baseline,bge-m3,fd65371a-5bdb-4249-9582-28ef31dd9dd5,44,66,agent,0.7711467146873474,0.2463768115942029,0.0,0.3595663905143738,-0.1090933084487915,,0,1
qwen32B-int4_telecom_50runs,baseline,bge-m3,fd65371a-5bdb-4249-9582-28ef31dd9dd5,45,66,user,,,,,,0.46045345067977905,0,1
qwen32B-int4_telecom_50runs,baseline,bge-m3,fd65371a-5bdb-4249-9582-28ef31dd9dd5,46,66,tool,,,,,,,0,1
qwen32B-int4_telecom_50runs,baseline,bge-m3,fd65371a-5bdb-4249-9582-28ef31dd9dd5,47,66,user,,,,,,,0,1
qwen32B-int4_telecom_50runs,baseline,bge-m3,fd65371a-5bdb-4249-9582-28ef31dd9dd5,48,66,agent,0.6915088891983032,0.25252525252525254,0.0,0.35464274883270264,-0.1156996210416158,,0,1
qwen32B-int4_telecom_50runs,baseline,bge-m3,fd65371a-5bdb-4249-9582-28ef31dd9dd5,49,66,user,,,,,,0.38661324977874756,0,1
qwen32B-int4_telecom_50runs,baseline,bge-m3,fd65371a-5bdb-4249-9582-28ef31dd9dd5,50,66,tool,,,,,,,0,1
qwen32B-int4_telecom_50runs,baseline,bge-m3,fd65371a-5bdb-4249-9582-28ef31dd9dd5,51,66,user,,,,,,,0,1
qwen32B-int4_telecom_50runs,baseline,bge-m3,fd65371a-5bdb-4249-9582-28ef31dd9dd5,52,66,agent,0.7474382519721985,0.2,0.0,0.3790501356124878,-0.0882442871729533,,0,1
qwen32B-int4_telecom_50runs,baseline,bge-m3,fd65371a-5bdb-4249-9582-28ef31dd9dd5,53,66,user,,,,,,0.5267294049263,0,1
qwen32B-int4_telecom_50runs,baseline,bge-m3,fd65371a-5bdb-4249-9582-28ef31dd9dd5,54,66,tool,,,,,,,0,1
qwen32B-int4_telecom_50runs,baseline,bge-m3,fd65371a-5bdb-4249-9582-28ef31dd9dd5,55,66,user,,,,,,,0,1
qwen32B-int4_telecom_50runs,baseline,bge-m3,fd65371a-5bdb-4249-9582-28ef31dd9dd5,56,66,agent,0.7862854599952698,0.3269230769230769,0.0,0.43868207931518555,-0.07577880819638572,,0,1
qwen32B-int4_telecom_50runs,baseline,bge-m3,fd65371a-5bdb-4249-9582-28ef31dd9dd5,57,66,user,,,,,,0.3819221258163452,0,1
qwen32B-int4_telecom_50runs,baseline,bge-m3,fd65371a-5bdb-4249-9582-28ef31dd9dd5,58,66,tool,,,,,,,0,1
qwen32B-int4_telecom_50runs,baseline,bge-m3,fd65371a-5bdb-4249-9582-28ef31dd9dd5,59,66,user,,,,,,,0,1
qwen32B-int4_telecom_50runs,baseline,bge-m3,fd65371a-5bdb-4249-9582-28ef31dd9dd5,60,66,agent,0.722083330154419,0.10975609756097561,0.0,,,,0,1
qwen32B-int4_telecom_50runs,baseline,bge-m3,fd65371a-5bdb-4249-9582-28ef31dd9dd5,61,66,user,,,,,,0.2819144129753113,0,1
qwen32B-int4_telecom_50runs,baseline,bge-m3,fd65371a-5bdb-4249-9582-28ef31dd9dd5,62,66,agent,0.6365395784378052,0.09411764705882353,0.0,0.4742776155471802,-0.029771985610326124,,0,1
qwen32B-int4_telecom_50runs,baseline,bge-m3,fd65371a-5bdb-4249-9582-28ef31dd9dd5,63,66,tool,,,,,,,0,1
qwen32B-int4_telecom_50runs,baseline,bge-m3,fd65371a-5bdb-4249-9582-28ef31dd9dd5,64,66,agent,0.6223160624504089,0.109375,0.0,,,,0,1
qwen32B-int4_telecom_50runs,baseline,bge-m3,fd65371a-5bdb-4249-9582-28ef31dd9dd5,65,66,user,,,,,,0.36564934253692627,0,1
qwen32B-int4_telecom_50runs,baseline,bge-m3,d11bcd2a-db5d-44ad-8956-0a24aedf56c8,0,65,agent,,,,,,,0,1
qwen32B-int4_telecom_50runs,baseline,bge-m3,d11bcd2a-db5d-44ad-8956-0a24aedf56c8,1,65,user,,,,,,0.4888468384742737,0,1
qwen32B-int4_telecom_50runs,baseline,bge-m3,d11bcd2a-db5d-44ad-8956-0a24aedf56c8,2,65,agent,0.5009679794311523,0.0,0.0,0.3443225026130676,-0.23020326278426428,,0,1
qwen32B-int4_telecom_50runs,baseline,bge-m3,d11bcd2a-db5d-44ad-8956-0a24aedf56c8,3,65,tool,,,,,,,0,1
qwen32B-int4_telecom_50runs,baseline,bge-m3,d11bcd2a-db5d-44ad-8956-0a24aedf56c8,4,65,agent,0.5598965883255005,0.05,0.0,,,,0,1
qwen32B-int4_telecom_50runs,baseline,bge-m3,d11bcd2a-db5d-44ad-8956-0a24aedf56c8,5,65,user,,,,,,0.36186379194259644,0,1
qwen32B-int4_telecom_50runs,baseline,bge-m3,d11bcd2a-db5d-44ad-8956-0a24aedf56c8,6,65,agent,0.8028547763824463,0.35,0.0,0.54575115442276,-0.02714185823093762,,0,1
qwen32B-int4_telecom_50runs,baseline,bge-m3,d11bcd2a-db5d-44ad-8956-0a24aedf56c8,7,65,tool,,,,,,,0,1
qwen32B-int4_telecom_50runs,baseline,bge-m3,d11bcd2a-db5d-44ad-8956-0a24aedf56c8,8,65,agent,0.5969343185424805,0.2835820895522388,0.0,,,,0,1
qwen32B-int4_telecom_50runs,baseline,bge-m3,d11bcd2a-db5d-44ad-8956-0a24aedf56c8,9,65,user,,,,,,0.24921631813049316,0,1
qwen32B-int4_telecom_50runs,baseline,bge-m3,d11bcd2a-db5d-44ad-8956-0a24aedf56c8,10,65,agent,0.7856007218360901,0.3333333333333333,0.0,0.4159316420555115,-0.16793458570133557,,0,1
qwen32B-int4_telecom_50runs,baseline,bge-m3,d11bcd2a-db5d-44ad-8956-0a24aedf56c8,11,65,tool,,,,,,,0,1
qwen32B-int4_telecom_50runs,baseline,bge-m3,d11bcd2a-db5d-44ad-8956-0a24aedf56c8,12,65,agent,0.5066934823989868,0.2087912087912088,0.0,0.36647868156433105,-0.14257274161685596,,0,1
qwen32B-int4_telecom_50runs,baseline,bge-m3,d11bcd2a-db5d-44ad-8956-0a24aedf56c8,13,65,user,,,,,,0.43816685676574707,0,1
qwen32B-int4_telecom_50runs,baseline,bge-m3,d11bcd2a-db5d-44ad-8956-0a24aedf56c8,14,65,tool,,,,,,,0,1
qwen32B-int4_telecom_50runs,baseline,bge-m3,d11bcd2a-db5d-44ad-8956-0a24aedf56c8,15,65,user,,,,,,,0,1
qwen32B-int4_telecom_50runs,baseline,bge-m3,d11bcd2a-db5d-44ad-8956-0a24aedf56c8,16,65,agent,0.6917333006858826,0.18421052631578946,0.0,0.33044373989105225,-0.17012896321036597,,0,1
qwen32B-int4_telecom_50runs,baseline,bge-m3,d11bcd2a-db5d-44ad-8956-0a24aedf56c8,17,65,user,,,,,,0.3959643840789795,0,1
qwen32B-int4_telecom_50runs,baseline,bge-m3,d11bcd2a-db5d-44ad-8956-0a24aedf56c8,18,65,tool,,,,,,,0,1
qwen32B-int4_telecom_50runs,baseline,bge-m3,d11bcd2a-db5d-44ad-8956-0a24aedf56c8,19,65,user,,,,,,,0,1
qwen32B-int4_telecom_50runs,baseline,bge-m3,d11bcd2a-db5d-44ad-8956-0a24aedf56c8,20,65,tool,,,,,,,0,1
qwen32B-int4_telecom_50runs,baseline,bge-m3,d11bcd2a-db5d-44ad-8956-0a24aedf56c8,21,65,user,,,,,,,0,1
qwen32B-int4_telecom_50runs,baseline,bge-m3,d11bcd2a-db5d-44ad-8956-0a24aedf56c8,22,65,agent,,,,0.30092281103134155,-0.22097160328518262,,0,1
qwen32B-int4_telecom_50runs,baseline,bge-m3,d11bcd2a-db5d-44ad-8956-0a24aedf56c8,23,65,tool,,,,,,,0,1
qwen32B-int4_telecom_50runs,baseline,bge-m3,d11bcd2a-db5d-44ad-8956-0a24aedf56c8,24,65,agent,0.48668819665908813,0.010869565217391304,0.0,0.4418370723724365,-0.028867724266919248,,0,1
qwen32B-int4_telecom_50runs,baseline,bge-m3,d11bcd2a-db5d-44ad-8956-0a24aedf56c8,25,65,user,,,,,,0.41346490383148193,0,1
qwen32B-int4_telecom_50runs,baseline,bge-m3,d11bcd2a-db5d-44ad-8956-0a24aedf56c8,26,65,tool,,,,,,,0,1
qwen32B-int4_telecom_50runs,baseline,bge-m3,d11bcd2a-db5d-44ad-8956-0a24aedf56c8,27,65,user,,,,,,,0,1
qwen32B-int4_telecom_50runs,baseline,bge-m3,d11bcd2a-db5d-44ad-8956-0a24aedf56c8,28,65,agent,0.7187643051147461,0.2152777777777778,0.0,0.3353919982910156,-0.15299390662800183,,0,1
qwen32B-int4_telecom_50runs,baseline,bge-m3,d11bcd2a-db5d-44ad-8956-0a24aedf56c8,29,65,user,,,,,,0.5039955973625183,0,1
qwen32B-int4_telecom_50runs,baseline,bge-m3,d11bcd2a-db5d-44ad-8956-0a24aedf56c8,30,65,tool,,,,,,,0,1
qwen32B-int4_telecom_50runs,baseline,bge-m3,d11bcd2a-db5d-44ad-8956-0a24aedf56c8,31,65,user,,,,,,,0,1
qwen32B-int4_telecom_50runs,baseline,bge-m3,d11bcd2a-db5d-44ad-8956-0a24aedf56c8,32,65,tool,,,,,,,0,1
qwen32B-int4_telecom_50runs,baseline,bge-m3,d11bcd2a-db5d-44ad-8956-0a24aedf56c8,33,65,user,,,,,,,0,1
qwen32B-int4_telecom_50runs,baseline,bge-m3,d11bcd2a-db5d-44ad-8956-0a24aedf56c8,34,65,tool,,,,,,,0,1
qwen32B-int4_telecom_50runs,baseline,bge-m3,d11bcd2a-db5d-44ad-8956-0a24aedf56c8,35,65,user,,,,,,,0,1
qwen32B-int4_telecom_50runs,baseline,bge-m3,d11bcd2a-db5d-44ad-8956-0a24aedf56c8,36,65,tool,,,,,,,0,1
qwen32B-int4_telecom_50runs,baseline,bge-m3,d11bcd2a-db5d-44ad-8956-0a24aedf56c8,37,65,user,,,,,,,0,1
qwen32B-int4_telecom_50runs,baseline,bge-m3,d11bcd2a-db5d-44ad-8956-0a24aedf56c8,38,65,agent,,,,0.45823174715042114,-0.04274161566387524,,0,1
qwen32B-int4_telecom_50runs,baseline,bge-m3,d11bcd2a-db5d-44ad-8956-0a24aedf56c8,39,65,user,,,,,,0.4980747699737549,0,1
qwen32B-int4_telecom_50runs,baseline,bge-m3,d11bcd2a-db5d-44ad-8956-0a24aedf56c8,40,65,tool,,,,,,,0,1
qwen32B-int4_telecom_50runs,baseline,bge-m3,d11bcd2a-db5d-44ad-8956-0a24aedf56c8,41,65,user,,,,,,,0,1
qwen32B-int4_telecom_50runs,baseline,bge-m3,d11bcd2a-db5d-44ad-8956-0a24aedf56c8,42,65,tool,,,,,,,0,1
qwen32B-int4_telecom_50runs,baseline,bge-m3,d11bcd2a-db5d-44ad-8956-0a24aedf56c8,43,65,user,,,,,,,0,1
qwen32B-int4_telecom_50runs,baseline,bge-m3,d11bcd2a-db5d-44ad-8956-0a24aedf56c8,44,65,agent,,,,0.39852017164230347,-0.0976941937750036,,0,1
qwen32B-int4_telecom_50runs,baseline,bge-m3,d11bcd2a-db5d-44ad-8956-0a24aedf56c8,45,65,user,,,,,,0.44252628087997437,0,1
qwen32B-int4_telecom_50runs,baseline,bge-m3,d11bcd2a-db5d-44ad-8956-0a24aedf56c8,46,65,tool,,,,,,,0,1
qwen32B-int4_telecom_50runs,baseline,bge-m3,d11bcd2a-db5d-44ad-8956-0a24aedf56c8,47,65,user,,,,,,,0,1
qwen32B-int4_telecom_50runs,baseline,bge-m3,d11bcd2a-db5d-44ad-8956-0a24aedf56c8,48,65,tool,,,,,,,0,1
qwen32B-int4_telecom_50runs,baseline,bge-m3,d11bcd2a-db5d-44ad-8956-0a24aedf56c8,49,65,tool,,,,,,,0,1
qwen32B-int4_telecom_50runs,baseline,bge-m3,d11bcd2a-db5d-44ad-8956-0a24aedf56c8,50,65,user,,,,,,,0,1
qwen32B-int4_telecom_50runs,baseline,bge-m3,d11bcd2a-db5d-44ad-8956-0a24aedf56c8,51,65,agent,,,,0.47683006525039673,-0.017667044292796752,,0,1
qwen32B-int4_telecom_50runs,baseline,bge-m3,d11bcd2a-db5d-44ad-8956-0a24aedf56c8,52,65,user,,,,,,0.4197404980659485,0,1
qwen32B-int4_telecom_50runs,baseline,bge-m3,d11bcd2a-db5d-44ad-8956-0a24aedf56c8,53,65,tool,,,,,,,0,1
qwen32B-int4_telecom_50runs,baseline,bge-m3,d11bcd2a-db5d-44ad-8956-0a24aedf56c8,54,65,user,,,,,,,0,1
qwen32B-int4_telecom_50runs,baseline,bge-m3,d11bcd2a-db5d-44ad-8956-0a24aedf56c8,55,65,tool,,,,,,,0,1
qwen32B-int4_telecom_50runs,baseline,bge-m3,d11bcd2a-db5d-44ad-8956-0a24aedf56c8,56,65,user,,,,,,,0,1
qwen32B-int4_telecom_50runs,baseline,bge-m3,d11bcd2a-db5d-44ad-8956-0a24aedf56c8,57,65,tool,,,,,,,0,1
qwen32B-int4_telecom_50runs,baseline,bge-m3,d11bcd2a-db5d-44ad-8956-0a24aedf56c8,58,65,user,,,,,,,0,1
qwen32B-int4_telecom_50runs,baseline,bge-m3,d11bcd2a-db5d-44ad-8956-0a24aedf56c8,59,65,tool,,,,,,,0,1
qwen32B-int4_telecom_50runs,baseline,bge-m3,d11bcd2a-db5d-44ad-8956-0a24aedf56c8,60,65,user,,,,,,,0,1
qwen32B-int4_telecom_50runs,baseline,bge-m3,d11bcd2a-db5d-44ad-8956-0a24aedf56c8,61,65,agent,,,,0.4985466003417969,-0.0380465523763136,,0,1
qwen32B-int4_telecom_50runs,baseline,bge-m3,d11bcd2a-db5d-44ad-8956-0a24aedf56c8,62,65,tool,,,,,,,0,1
qwen32B-int4_telecom_50runs,baseline,bge-m3,d11bcd2a-db5d-44ad-8956-0a24aedf56c8,63,65,agent,0.6409506797790527,0.10810810810810811,0.0,,,,0,1
qwen32B-int4_telecom_50runs,baseline,bge-m3,d11bcd2a-db5d-44ad-8956-0a24aedf56c8,64,65,user,,,,,,0.36564910411834717,0,1
qwen32B-int4_telecom_50runs,baseline,bge-m3,05e4839d-c565-468e-8b89-b940dde5ef2f,0,58,agent,,,,,,,0,1
qwen32B-int4_telecom_50runs,baseline,bge-m3,05e4839d-c565-468e-8b89-b940dde5ef2f,1,58,user,,,,,,0.4407927393913269,0,1
qwen32B-int4_telecom_50runs,baseline,bge-m3,05e4839d-c565-468e-8b89-b940dde5ef2f,2,58,agent,0.5314024090766907,0.10526315789473684,0.0,,,,0,1
qwen32B-int4_telecom_50runs,baseline,bge-m3,05e4839d-c565-468e-8b89-b940dde5ef2f,3,58,user,,,,,,0.28704923391342163,0,1
qwen32B-int4_telecom_50runs,baseline,bge-m3,05e4839d-c565-468e-8b89-b940dde5ef2f,4,58,agent,0.5237234830856323,0.0,0.0,0.5482547581195831,-0.03447806504037643,,0,1
qwen32B-int4_telecom_50runs,baseline,bge-m3,05e4839d-c565-468e-8b89-b940dde5ef2f,5,58,tool,,,,,,,0,1
qwen32B-int4_telecom_50runs,baseline,bge-m3,05e4839d-c565-468e-8b89-b940dde5ef2f,6,58,agent,0.7606896758079529,0.25,0.0,,,,0,1
qwen32B-int4_telecom_50runs,baseline,bge-m3,05e4839d-c565-468e-8b89-b940dde5ef2f,7,58,user,,,,,,0.3169180750846863,0,1
qwen32B-int4_telecom_50runs,baseline,bge-m3,05e4839d-c565-468e-8b89-b940dde5ef2f,8,58,agent,0.8008477687835693,0.3333333333333333,0.0,0.4148554801940918,-0.20118007726139497,,0,1
qwen32B-int4_telecom_50runs,baseline,bge-m3,05e4839d-c565-468e-8b89-b940dde5ef2f,9,58,tool,,,,,,,0,1
qwen32B-int4_telecom_50runs,baseline,bge-m3,05e4839d-c565-468e-8b89-b940dde5ef2f,10,58,agent,0.5927556753158569,0.14563106796116504,0.0,0.4474506378173828,-0.040773739417393984,,0,1
qwen32B-int4_telecom_50runs,baseline,bge-m3,05e4839d-c565-468e-8b89-b940dde5ef2f,11,58,user,,,,,,0.39328157901763916,0,1
qwen32B-int4_telecom_50runs,baseline,bge-m3,05e4839d-c565-468e-8b89-b940dde5ef2f,12,58,tool,,,,,,,0,1
qwen32B-int4_telecom_50runs,baseline,bge-m3,05e4839d-c565-468e-8b89-b940dde5ef2f,13,58,tool,,,,,,,0,1
qwen32B-int4_telecom_50runs,baseline,bge-m3,05e4839d-c565-468e-8b89-b940dde5ef2f,14,58,tool,,,,,,,0,1
qwen32B-int4_telecom_50runs,baseline,bge-m3,05e4839d-c565-468e-8b89-b940dde5ef2f,15,58,user,,,,,,,0,1
qwen32B-int4_telecom_50runs,baseline,bge-m3,05e4839d-c565-468e-8b89-b940dde5ef2f,16,58,agent,,,,0.40436142683029175,-0.08227342036035323,,0,1
qwen32B-int4_telecom_50runs,baseline,bge-m3,05e4839d-c565-468e-8b89-b940dde5ef2f,17,58,user,,,,,,0.40215474367141724,0,1
qwen32B-int4_telecom_50runs,baseline,bge-m3,05e4839d-c565-468e-8b89-b940dde5ef2f,18,58,tool,,,,,,,0,1
qwen32B-int4_telecom_50runs,baseline,bge-m3,05e4839d-c565-468e-8b89-b940dde5ef2f,19,58,tool,,,,,,,0,1
qwen32B-int4_telecom_50runs,baseline,bge-m3,05e4839d-c565-468e-8b89-b940dde5ef2f,20,58,tool,,,,,,,0,1
qwen32B-int4_telecom_50runs,baseline,bge-m3,05e4839d-c565-468e-8b89-b940dde5ef2f,21,58,user,,,,,,,0,1
qwen32B-int4_telecom_50runs,baseline,bge-m3,05e4839d-c565-468e-8b89-b940dde5ef2f,22,58,agent,,,,,,,0,1
qwen32B-int4_telecom_50runs,baseline,bge-m3,05e4839d-c565-468e-8b89-b940dde5ef2f,23,58,user,,,,,,0.3813510537147522,0,1
qwen32B-int4_telecom_50runs,baseline,bge-m3,05e4839d-c565-468e-8b89-b940dde5ef2f,24,58,agent,0.7535431385040283,0.3368421052631579,0.0,0.42527318000793457,-0.056493484311633646,,0,1
qwen32B-int4_telecom_50runs,baseline,bge-m3,05e4839d-c565-468e-8b89-b940dde5ef2f,25,58,user,,,,,,0.33309614658355713,0,1
qwen32B-int4_telecom_50runs,baseline,bge-m3,05e4839d-c565-468e-8b89-b940dde5ef2f,26,58,tool,,,,,,,0,1
qwen32B-int4_telecom_50runs,baseline,bge-m3,05e4839d-c565-468e-8b89-b940dde5ef2f,27,58,tool,,,,,,,0,1
qwen32B-int4_telecom_50runs,baseline,bge-m3,05e4839d-c565-468e-8b89-b940dde5ef2f,28,58,tool,,,,,,,0,1
qwen32B-int4_telecom_50runs,baseline,bge-m3,05e4839d-c565-468e-8b89-b940dde5ef2f,29,58,user,,,,,,,0,1
qwen32B-int4_telecom_50runs,baseline,bge-m3,05e4839d-c565-468e-8b89-b940dde5ef2f,30,58,agent,,,,0.35389983654022217,-0.08521243598726058,,0,1
qwen32B-int4_telecom_50runs,baseline,bge-m3,05e4839d-c565-468e-8b89-b940dde5ef2f,31,58,user,,,,,,0.3600321412086487,0,1
qwen32B-int4_telecom_50runs,baseline,bge-m3,05e4839d-c565-468e-8b89-b940dde5ef2f,32,58,tool,,,,,,,0,1
qwen32B-int4_telecom_50runs,baseline,bge-m3,05e4839d-c565-468e-8b89-b940dde5ef2f,33,58,tool,,,,,,,0,1
qwen32B-int4_telecom_50runs,baseline,bge-m3,05e4839d-c565-468e-8b89-b940dde5ef2f,34,58,tool,,,,,,,0,1
qwen32B-int4_telecom_50runs,baseline,bge-m3,05e4839d-c565-468e-8b89-b940dde5ef2f,35,58,user,,,,,,,0,1
qwen32B-int4_telecom_50runs,baseline,bge-m3,05e4839d-c565-468e-8b89-b940dde5ef2f,36,58,agent,,,,0.3339211940765381,-0.23280982507599723,,0,1
qwen32B-int4_telecom_50runs,baseline,bge-m3,05e4839d-c565-468e-8b89-b940dde5ef2f,37,58,user,,,,,,0.48171526193618774,0,1
qwen32B-int4_telecom_50runs,baseline,bge-m3,05e4839d-c565-468e-8b89-b940dde5ef2f,38,58,tool,,,,,,,0,1
qwen32B-int4_telecom_50runs,baseline,bge-m3,05e4839d-c565-468e-8b89-b940dde5ef2f,39,58,user,,,,,,,0,1
qwen32B-int4_telecom_50runs,baseline,bge-m3,05e4839d-c565-468e-8b89-b940dde5ef2f,40,58,agent,0.7004932761192322,0.49056603773584906,0.0,0.41697025299072266,-0.06551720367537606,,0,1
qwen32B-int4_telecom_50runs,baseline,bge-m3,05e4839d-c565-468e-8b89-b940dde5ef2f,41,58,user,,,,,,0.33135759830474854,0,1
qwen32B-int4_telecom_50runs,baseline,bge-m3,05e4839d-c565-468e-8b89-b940dde5ef2f,42,58,tool,,,,,,,0,1
qwen32B-int4_telecom_50runs,baseline,bge-m3,05e4839d-c565-468e-8b89-b940dde5ef2f,43,58,tool,,,,,,,0,1
qwen32B-int4_telecom_50runs,baseline,bge-m3,05e4839d-c565-468e-8b89-b940dde5ef2f,44,58,tool,,,,,,,0,1
qwen32B-int4_telecom_50runs,baseline,bge-m3,05e4839d-c565-468e-8b89-b940dde5ef2f,45,58,user,,,,,,,0,1
qwen32B-int4_telecom_50runs,baseline,bge-m3,05e4839d-c565-468e-8b89-b940dde5ef2f,46,58,agent,,,,0.3851583003997803,-0.07635973228348625,,0,1
qwen32B-int4_telecom_50runs,baseline,bge-m3,05e4839d-c565-468e-8b89-b940dde5ef2f,47,58,user,,,,,,0.4092440605163574,0,1
qwen32B-int4_telecom_50runs,baseline,bge-m3,05e4839d-c565-468e-8b89-b940dde5ef2f,48,58,tool,,,,,,,0,1
qwen32B-int4_telecom_50runs,baseline,bge-m3,05e4839d-c565-468e-8b89-b940dde5ef2f,49,58,tool,,,,,,,0,1
qwen32B-int4_telecom_50runs,baseline,bge-m3,05e4839d-c565-468e-8b89-b940dde5ef2f,50,58,tool,,,,,,,0,1
qwen32B-int4_telecom_50runs,baseline,bge-m3,05e4839d-c565-468e-8b89-b940dde5ef2f,51,58,user,,,,,,,0,1
qwen32B-int4_telecom_50runs,baseline,bge-m3,05e4839d-c565-468e-8b89-b940dde5ef2f,52,58,agent,,,,,,,0,1
qwen32B-int4_telecom_50runs,baseline,bge-m3,05e4839d-c565-468e-8b89-b940dde5ef2f,53,58,user,,,,,,0.20160937309265137,0,1
qwen32B-int4_telecom_50runs,baseline,bge-m3,05e4839d-c565-468e-8b89-b940dde5ef2f,54,58,agent,0.6163387894630432,0.04938271604938271,0.0,0.5181678235530853,0.05445645915137398,,0,1
qwen32B-int4_telecom_50runs,baseline,bge-m3,05e4839d-c565-468e-8b89-b940dde5ef2f,55,58,tool,,,,,,,0,1
qwen32B-int4_telecom_50runs,baseline,bge-m3,05e4839d-c565-468e-8b89-b940dde5ef2f,56,58,agent,0.7300916314125061,0.11475409836065574,0.0,,,,0,1
qwen32B-int4_telecom_50runs,baseline,bge-m3,05e4839d-c565-468e-8b89-b940dde5ef2f,57,58,user,,,,,,0.47593802213668823,0,1
qwen32B-int4_telecom_50runs,baseline,bge-m3,c8da8cae-3411-4a98-808c-8a02e3f1df0f,0,68,agent,,,,,,,0,1
qwen32B-int4_telecom_50runs,baseline,bge-m3,c8da8cae-3411-4a98-808c-8a02e3f1df0f,1,68,user,,,,,,0.4618303179740906,0,1
qwen32B-int4_telecom_50runs,baseline,bge-m3,c8da8cae-3411-4a98-808c-8a02e3f1df0f,2,68,agent,0.47321438789367676,0.0,0.0,0.3524479269981384,-0.23249124089876816,,0,1
qwen32B-int4_telecom_50runs,baseline,bge-m3,c8da8cae-3411-4a98-808c-8a02e3f1df0f,3,68,tool,,,,,,,0,1
qwen32B-int4_telecom_50runs,baseline,bge-m3,c8da8cae-3411-4a98-808c-8a02e3f1df0f,4,68,agent,0.5560823082923889,0.09375,0.0,,,,0,1
qwen32B-int4_telecom_50runs,baseline,bge-m3,c8da8cae-3411-4a98-808c-8a02e3f1df0f,5,68,user,,,,,,0.31756681203842163,0,1
qwen32B-int4_telecom_50runs,baseline,bge-m3,c8da8cae-3411-4a98-808c-8a02e3f1df0f,6,68,agent,0.8266523480415344,0.3684210526315789,0.0,0.5480332374572754,-0.03462076584498086,,0,1
qwen32B-int4_telecom_50runs,baseline,bge-m3,c8da8cae-3411-4a98-808c-8a02e3f1df0f,7,68,tool,,,,,,,0,1
qwen32B-int4_telecom_50runs,baseline,bge-m3,c8da8cae-3411-4a98-808c-8a02e3f1df0f,8,68,agent,0.6340588927268982,0.2,0.0,,,,0,1
qwen32B-int4_telecom_50runs,baseline,bge-m3,c8da8cae-3411-4a98-808c-8a02e3f1df0f,9,68,user,,,,,,0.46262818574905396,0,1
qwen32B-int4_telecom_50runs,baseline,bge-m3,c8da8cae-3411-4a98-808c-8a02e3f1df0f,10,68,agent,0.7923152446746826,0.3333333333333333,0.0,0.4156911373138428,-0.16599198977152507,,0,1
qwen32B-int4_telecom_50runs,baseline,bge-m3,c8da8cae-3411-4a98-808c-8a02e3f1df0f,11,68,tool,,,,,,,0,1
qwen32B-int4_telecom_50runs,baseline,bge-m3,c8da8cae-3411-4a98-808c-8a02e3f1df0f,12,68,agent,0.5033204555511475,0.2111111111111111,0.0,0.411468505859375,-0.11302138964335129,,0,1
qwen32B-int4_telecom_50runs,baseline,bge-m3,c8da8cae-3411-4a98-808c-8a02e3f1df0f,13,68,user,,,,,,0.5066946446895599,0,1
qwen32B-int4_telecom_50runs,baseline,bge-m3,c8da8cae-3411-4a98-808c-8a02e3f1df0f,14,68,tool,,,,,,,0,1
qwen32B-int4_telecom_50runs,baseline,bge-m3,c8da8cae-3411-4a98-808c-8a02e3f1df0f,15,68,user,,,,,,,0,1
qwen32B-int4_telecom_50runs,baseline,bge-m3,c8da8cae-3411-4a98-808c-8a02e3f1df0f,16,68,agent,0.5434457063674927,0.014084507042253521,0.0,0.36510026454925537,-0.14550019701321915,,0,1
qwen32B-int4_telecom_50runs,baseline,bge-m3,c8da8cae-3411-4a98-808c-8a02e3f1df0f,17,68,tool,,,,,,,0,1
qwen32B-int4_telecom_50runs,baseline,bge-m3,c8da8cae-3411-4a98-808c-8a02e3f1df0f,18,68,agent,0.5337600111961365,0.0,0.0,,,,0,1
qwen32B-int4_telecom_50runs,baseline,bge-m3,c8da8cae-3411-4a98-808c-8a02e3f1df0f,19,68,user,,,,,,0.24062061309814453,0,1
qwen32B-int4_telecom_50runs,baseline,bge-m3,c8da8cae-3411-4a98-808c-8a02e3f1df0f,20,68,agent,0.988350510597229,0.8571428571428571,0.8571428571428571,0.36502206325531006,-0.1469953278700511,,0,1
qwen32B-int4_telecom_50runs,baseline,bge-m3,c8da8cae-3411-4a98-808c-8a02e3f1df0f,21,68,tool,,,,,,,0,1
qwen32B-int4_telecom_50runs,baseline,bge-m3,c8da8cae-3411-4a98-808c-8a02e3f1df0f,22,68,agent,0.8796855211257935,0.5,0.0,,,,0,1
qwen32B-int4_telecom_50runs,baseline,bge-m3,c8da8cae-3411-4a98-808c-8a02e3f1df0f,23,68,user,,,,,,0.29647183418273926,0,1
qwen32B-int4_telecom_50runs,baseline,bge-m3,c8da8cae-3411-4a98-808c-8a02e3f1df0f,24,68,agent,0.8341084122657776,0.3488372093023256,0.0,0.3539809584617615,-0.1415204485257467,,0,1
qwen32B-int4_telecom_50runs,baseline,bge-m3,c8da8cae-3411-4a98-808c-8a02e3f1df0f,25,68,user,,,,,,0.42296266555786133,0,1
qwen32B-int4_telecom_50runs,baseline,bge-m3,c8da8cae-3411-4a98-808c-8a02e3f1df0f,26,68,tool,,,,,,,0,1
qwen32B-int4_telecom_50runs,baseline,bge-m3,c8da8cae-3411-4a98-808c-8a02e3f1df0f,27,68,user,,,,,,,0,1
qwen32B-int4_telecom_50runs,baseline,bge-m3,c8da8cae-3411-4a98-808c-8a02e3f1df0f,28,68,agent,0.9160455465316772,0.48717948717948717,0.0,0.2331991195678711,-0.268621434768041,,0,1
qwen32B-int4_telecom_50runs,baseline,bge-m3,c8da8cae-3411-4a98-808c-8a02e3f1df0f,29,68,user,,,,,,0.3049345016479492,0,1
qwen32B-int4_telecom_50runs,baseline,bge-m3,c8da8cae-3411-4a98-808c-8a02e3f1df0f,30,68,tool,,,,,,,0,1
qwen32B-int4_telecom_50runs,baseline,bge-m3,c8da8cae-3411-4a98-808c-8a02e3f1df0f,31,68,user,,,,,,,0,1
qwen32B-int4_telecom_50runs,baseline,bge-m3,c8da8cae-3411-4a98-808c-8a02e3f1df0f,32,68,agent,0.8057585954666138,0.46835443037974683,0.0,0.2563095688819885,-0.20136991937955223,,0,1
qwen32B-int4_telecom_50runs,baseline,bge-m3,c8da8cae-3411-4a98-808c-8a02e3f1df0f,33,68,user,,,,,,0.4903457760810852,0,1
qwen32B-int4_telecom_50runs,baseline,bge-m3,c8da8cae-3411-4a98-808c-8a02e3f1df0f,34,68,tool,,,,,,,0,1
qwen32B-int4_telecom_50runs,baseline,bge-m3,c8da8cae-3411-4a98-808c-8a02e3f1df0f,35,68,user,,,,,,,0,1
qwen32B-int4_telecom_50runs,baseline,bge-m3,c8da8cae-3411-4a98-808c-8a02e3f1df0f,36,68,agent,0.7941088676452637,0.38666666666666666,0.0,0.41220659017562866,-0.08215237458546959,,0,1
qwen32B-int4_telecom_50runs,baseline,bge-m3,c8da8cae-3411-4a98-808c-8a02e3f1df0f,37,68,user,,,,,,0.43025243282318115,0,1
qwen32B-int4_telecom_50runs,baseline,bge-m3,c8da8cae-3411-4a98-808c-8a02e3f1df0f,38,68,tool,,,,,,,0,1
qwen32B-int4_telecom_50runs,baseline,bge-m3,c8da8cae-3411-4a98-808c-8a02e3f1df0f,39,68,user,,,,,,,0,1
qwen32B-int4_telecom_50runs,baseline,bge-m3,c8da8cae-3411-4a98-808c-8a02e3f1df0f,40,68,agent,0.6966955661773682,0.22330097087378642,0.0,,,,0,1
qwen32B-int4_telecom_50runs,baseline,bge-m3,c8da8cae-3411-4a98-808c-8a02e3f1df0f,41,68,user,,,,,,0.41673898696899414,0,1
qwen32B-int4_telecom_50runs,baseline,bge-m3,c8da8cae-3411-4a98-808c-8a02e3f1df0f,42,68,agent,0.7600452899932861,0.24528301886792453,0.0,0.37659406661987305,-0.11297760605812074,,0,1
qwen32B-int4_telecom_50runs,baseline,bge-m3,c8da8cae-3411-4a98-808c-8a02e3f1df0f,43,68,user,,,,,,0.42386364936828613,0,1
qwen32B-int4_telecom_50runs,baseline,bge-m3,c8da8cae-3411-4a98-808c-8a02e3f1df0f,44,68,tool,,,,,,,0,1
qwen32B-int4_telecom_50runs,baseline,bge-m3,c8da8cae-3411-4a98-808c-8a02e3f1df0f,45,68,user,,,,,,,0,1
qwen32B-int4_telecom_50runs,baseline,bge-m3,c8da8cae-3411-4a98-808c-8a02e3f1df0f,46,68,agent,0.7221707105636597,0.23469387755102042,0.0,0.3490610718727112,-0.10908357898394266,,0,1
qwen32B-int4_telecom_50runs,baseline,bge-m3,c8da8cae-3411-4a98-808c-8a02e3f1df0f,47,68,user,,,,,,0.499472439289093,0,1
qwen32B-int4_telecom_50runs,baseline,bge-m3,c8da8cae-3411-4a98-808c-8a02e3f1df0f,48,68,tool,,,,,,,0,1
qwen32B-int4_telecom_50runs,baseline,bge-m3,c8da8cae-3411-4a98-808c-8a02e3f1df0f,49,68,user,,,,,,,0,1
qwen32B-int4_telecom_50runs,baseline,bge-m3,c8da8cae-3411-4a98-808c-8a02e3f1df0f,50,68,tool,,,,,,,0,1
qwen32B-int4_telecom_50runs,baseline,bge-m3,c8da8cae-3411-4a98-808c-8a02e3f1df0f,51,68,user,,,,,,,0,1
qwen32B-int4_telecom_50runs,baseline,bge-m3,c8da8cae-3411-4a98-808c-8a02e3f1df0f,52,68,agent,,,,0.4287576675415039,-0.09750322103500364,,0,1
qwen32B-int4_telecom_50runs,baseline,bge-m3,c8da8cae-3411-4a98-808c-8a02e3f1df0f,53,68,user,,,,,,0.3737901449203491,0,1
qwen32B-int4_telecom_50runs,baseline,bge-m3,c8da8cae-3411-4a98-808c-8a02e3f1df0f,54,68,tool,,,,,,,0,1
qwen32B-int4_telecom_50runs,baseline,bge-m3,c8da8cae-3411-4a98-808c-8a02e3f1df0f,55,68,user,,,,,,,0,1
qwen32B-int4_telecom_50runs,baseline,bge-m3,c8da8cae-3411-4a98-808c-8a02e3f1df0f,56,68,agent,0.7588632702827454,0.3684210526315789,0.0,0.43601226806640625,-0.050036287307739236,,0,1
qwen32B-int4_telecom_50runs,baseline,bge-m3,c8da8cae-3411-4a98-808c-8a02e3f1df0f,57,68,user,,,,,,0.5629639625549316,0,1
qwen32B-int4_telecom_50runs,baseline,bge-m3,c8da8cae-3411-4a98-808c-8a02e3f1df0f,58,68,tool,,,,,,,0,1
qwen32B-int4_telecom_50runs,baseline,bge-m3,c8da8cae-3411-4a98-808c-8a02e3f1df0f,59,68,user,,,,,,,0,1
qwen32B-int4_telecom_50runs,baseline,bge-m3,c8da8cae-3411-4a98-808c-8a02e3f1df0f,60,68,agent,0.7554846405982971,0.3684210526315789,0.0,0.4149521589279175,-0.10942932764689128,,0,1
qwen32B-int4_telecom_50runs,baseline,bge-m3,c8da8cae-3411-4a98-808c-8a02e3f1df0f,61,68,user,,,,,,0.35711443424224854,0,1
qwen32B-int4_telecom_50runs,baseline,bge-m3,c8da8cae-3411-4a98-808c-8a02e3f1df0f,62,68,tool,,,,,,,0,1
qwen32B-int4_telecom_50runs,baseline,bge-m3,c8da8cae-3411-4a98-808c-8a02e3f1df0f,63,68,user,,,,,,,0,1
qwen32B-int4_telecom_50runs,baseline,bge-m3,c8da8cae-3411-4a98-808c-8a02e3f1df0f,64,68,agent,0.6890313625335693,0.12,0.0,0.5448600947856903,0.028424372275670406,,0,1
qwen32B-int4_telecom_50runs,baseline,bge-m3,c8da8cae-3411-4a98-808c-8a02e3f1df0f,65,68,tool,,,,,,,0,1
qwen32B-int4_telecom_50runs,baseline,bge-m3,c8da8cae-3411-4a98-808c-8a02e3f1df0f,66,68,agent,0.5827782154083252,0.09803921568627451,0.0,,,,0,1
qwen32B-int4_telecom_50runs,baseline,bge-m3,c8da8cae-3411-4a98-808c-8a02e3f1df0f,67,68,user,,,,,,0.36564934253692627,0,1
qwen32B-int4_telecom_50runs,baseline,bge-m3,43ba9603-4494-4a4c-9f1a-05f1a8d5d249,0,91,agent,,,,,,,0,1
qwen32B-int4_telecom_50runs,baseline,bge-m3,43ba9603-4494-4a4c-9f1a-05f1a8d5d249,1,91,user,,,,,,0.4618304967880249,0,1
qwen32B-int4_telecom_50runs,baseline,bge-m3,43ba9603-4494-4a4c-9f1a-05f1a8d5d249,2,91,agent,0.4793795347213745,0.0,0.0,0.3498932123184204,-0.210957957431674,,0,1
qwen32B-int4_telecom_50runs,baseline,bge-m3,43ba9603-4494-4a4c-9f1a-05f1a8d5d249,3,91,tool,,,,,,,0,1
qwen32B-int4_telecom_50runs,baseline,bge-m3,43ba9603-4494-4a4c-9f1a-05f1a8d5d249,4,91,agent,0.5560819506645203,0.09375,0.0,,,,0,1
qwen32B-int4_telecom_50runs,baseline,bge-m3,43ba9603-4494-4a4c-9f1a-05f1a8d5d249,5,91,user,,,,,,0.4240295886993408,0,1
qwen32B-int4_telecom_50runs,baseline,bge-m3,43ba9603-4494-4a4c-9f1a-05f1a8d5d249,6,91,agent,0.8399641513824463,0.3684210526315789,0.0,0.5547319948673248,-0.006229983642697334,,0,1
qwen32B-int4_telecom_50runs,baseline,bge-m3,43ba9603-4494-4a4c-9f1a-05f1a8d5d249,7,91,tool,,,,,,,0,1
qwen32B-int4_telecom_50runs,baseline,bge-m3,43ba9603-4494-4a4c-9f1a-05f1a8d5d249,8,91,agent,0.6203922033309937,0.2,0.0,,,,0,1
qwen32B-int4_telecom_50runs,baseline,bge-m3,43ba9603-4494-4a4c-9f1a-05f1a8d5d249,9,91,user,,,,,,0.46262800693511963,0,1
qwen32B-int4_telecom_50runs,baseline,bge-m3,43ba9603-4494-4a4c-9f1a-05f1a8d5d249,10,91,agent,0.8017657399177551,0.3333333333333333,0.0,0.4178183674812317,-0.15116092935204506,,0,1
qwen32B-int4_telecom_50runs,baseline,bge-m3,43ba9603-4494-4a4c-9f1a-05f1a8d5d249,11,91,tool,,,,,,,0,1
qwen32B-int4_telecom_50runs,baseline,bge-m3,43ba9603-4494-4a4c-9f1a-05f1a8d5d249,12,91,agent,0.529895007610321,0.21951219512195122,0.0,0.4229421019554138,-0.10222061164677143,,0,1
qwen32B-int4_telecom_50runs,baseline,bge-m3,43ba9603-4494-4a4c-9f1a-05f1a8d5d249,13,91,user,,,,,,0.49619925022125244,0,1
qwen32B-int4_telecom_50runs,baseline,bge-m3,43ba9603-4494-4a4c-9f1a-05f1a8d5d249,14,91,tool,,,,,,,0,1
qwen32B-int4_telecom_50runs,baseline,bge-m3,43ba9603-4494-4a4c-9f1a-05f1a8d5d249,15,91,user,,,,,,,0,1
qwen32B-int4_telecom_50runs,baseline,bge-m3,43ba9603-4494-4a4c-9f1a-05f1a8d5d249,16,91,agent,0.5553593635559082,0.0,0.0,0.3648952841758728,-0.16154749877750874,,0,1
qwen32B-int4_telecom_50runs,baseline,bge-m3,43ba9603-4494-4a4c-9f1a-05f1a8d5d249,17,91,tool,,,,,,,0,1
qwen32B-int4_telecom_50runs,baseline,bge-m3,43ba9603-4494-4a4c-9f1a-05f1a8d5d249,18,91,agent,0.5363339185714722,0.0,0.0,0.4699017405509949,-0.036618130281567574,,0,1
qwen32B-int4_telecom_50runs,baseline,bge-m3,43ba9603-4494-4a4c-9f1a-05f1a8d5d249,19,91,user,,,,,,0.48576778173446655,0,1
qwen32B-int4_telecom_50runs,baseline,bge-m3,43ba9603-4494-4a4c-9f1a-05f1a8d5d249,20,91,tool,,,,,,,0,1
qwen32B-int4_telecom_50runs,baseline,bge-m3,43ba9603-4494-4a4c-9f1a-05f1a8d5d249,21,91,user,,,,,,,0,1
qwen32B-int4_telecom_50runs,baseline,bge-m3,43ba9603-4494-4a4c-9f1a-05f1a8d5d249,22,91,agent,0.7494734525680542,0.20588235294117646,0.0,0.3684506416320801,-0.10020510666072369,,0,1
qwen32B-int4_telecom_50runs,baseline,bge-m3,43ba9603-4494-4a4c-9f1a-05f1a8d5d249,23,91,user,,,,,,0.5136712193489075,0,1
qwen32B-int4_telecom_50runs,baseline,bge-m3,43ba9603-4494-4a4c-9f1a-05f1a8d5d249,24,91,tool,,,,,,,0,1
qwen32B-int4_telecom_50runs,baseline,bge-m3,43ba9603-4494-4a4c-9f1a-05f1a8d5d249,25,91,user,,,,,,,0,1
qwen32B-int4_telecom_50runs,baseline,bge-m3,43ba9603-4494-4a4c-9f1a-05f1a8d5d249,26,91,tool,,,,,,,0,1
qwen32B-int4_telecom_50runs,baseline,bge-m3,43ba9603-4494-4a4c-9f1a-05f1a8d5d249,27,91,user,,,,,,,0,1
qwen32B-int4_telecom_50runs,baseline,bge-m3,43ba9603-4494-4a4c-9f1a-05f1a8d5d249,28,91,agent,,,,0.42745959758758545,-0.09439144097268581,,0,1
qwen32B-int4_telecom_50runs,baseline,bge-m3,43ba9603-4494-4a4c-9f1a-05f1a8d5d249,29,91,user,,,,,,0.4900898337364197,0,1
qwen32B-int4_telecom_50runs,baseline,bge-m3,43ba9603-4494-4a4c-9f1a-05f1a8d5d249,30,91,tool,,,,,,,0,1
qwen32B-int4_telecom_50runs,baseline,bge-m3,43ba9603-4494-4a4c-9f1a-05f1a8d5d249,31,91,user,,,,,,,0,1
qwen32B-int4_telecom_50runs,baseline,bge-m3,43ba9603-4494-4a4c-9f1a-05f1a8d5d249,32,91,tool,,,,,,,0,1
qwen32B-int4_telecom_50runs,baseline,bge-m3,43ba9603-4494-4a4c-9f1a-05f1a8d5d249,33,91,user,,,,,,,0,1
qwen32B-int4_telecom_50runs,baseline,bge-m3,43ba9603-4494-4a4c-9f1a-05f1a8d5d249,34,91,agent,,,,,,,0,1
qwen32B-int4_telecom_50runs,baseline,bge-m3,43ba9603-4494-4a4c-9f1a-05f1a8d5d249,35,91,user,,,,,,0.3432140350341797,0,1
qwen32B-int4_telecom_50runs,baseline,bge-m3,43ba9603-4494-4a4c-9f1a-05f1a8d5d249,36,91,agent,0.7555187344551086,0.1875,0.0,0.5114345550537109,-0.05499192886054516,,0,1
qwen32B-int4_telecom_50runs,baseline,bge-m3,43ba9603-4494-4a4c-9f1a-05f1a8d5d249,37,91,user,,,,,,0.4310223460197449,0,1
qwen32B-int4_telecom_50runs,baseline,bge-m3,43ba9603-4494-4a4c-9f1a-05f1a8d5d249,38,91,tool,,,,,,,0,1
qwen32B-int4_telecom_50runs,baseline,bge-m3,43ba9603-4494-4a4c-9f1a-05f1a8d5d249,39,91,user,,,,,,,0,1
qwen32B-int4_telecom_50runs,baseline,bge-m3,43ba9603-4494-4a4c-9f1a-05f1a8d5d249,40,91,tool,,,,,,,0,1
qwen32B-int4_telecom_50runs,baseline,bge-m3,43ba9603-4494-4a4c-9f1a-05f1a8d5d249,41,91,tool,,,,,,,0,1
qwen32B-int4_telecom_50runs,baseline,bge-m3,43ba9603-4494-4a4c-9f1a-05f1a8d5d249,42,91,user,,,,,,,0,1
qwen32B-int4_telecom_50runs,baseline,bge-m3,43ba9603-4494-4a4c-9f1a-05f1a8d5d249,43,91,agent,,,,0.31830787658691406,-0.14724556356668472,,0,1
qwen32B-int4_telecom_50runs,baseline,bge-m3,43ba9603-4494-4a4c-9f1a-05f1a8d5d249,44,91,user,,,,,,0.2538304924964905,0,1
qwen32B-int4_telecom_50runs,baseline,bge-m3,43ba9603-4494-4a4c-9f1a-05f1a8d5d249,45,91,tool,,,,,,,0,1
qwen32B-int4_telecom_50runs,baseline,bge-m3,43ba9603-4494-4a4c-9f1a-05f1a8d5d249,46,91,user,,,,,,,0,1
qwen32B-int4_telecom_50runs,baseline,bge-m3,43ba9603-4494-4a4c-9f1a-05f1a8d5d249,47,91,agent,0.8053194284439087,0.3106796116504854,0.0,0.30859875679016113,-0.19201662950217724,,0,1
qwen32B-int4_telecom_50runs,baseline,bge-m3,43ba9603-4494-4a4c-9f1a-05f1a8d5d249,48,91,user,,,,,,0.19486773014068604,0,1
qwen32B-int4_telecom_50runs,baseline,bge-m3,43ba9603-4494-4a4c-9f1a-05f1a8d5d249,49,91,tool,,,,,,,0,1
qwen32B-int4_telecom_50runs,baseline,bge-m3,43ba9603-4494-4a4c-9f1a-05f1a8d5d249,50,91,user,,,,,,,0,1
qwen32B-int4_telecom_50runs,baseline,bge-m3,43ba9603-4494-4a4c-9f1a-05f1a8d5d249,51,91,agent,0.8468338251113892,0.44954128440366975,0.0,0.2791163921356201,-0.247168542817235,,0,1
qwen32B-int4_telecom_50runs,baseline,bge-m3,43ba9603-4494-4a4c-9f1a-05f1a8d5d249,52,91,user,,,,,,0.37696516513824463,0,1
qwen32B-int4_telecom_50runs,baseline,bge-m3,43ba9603-4494-4a4c-9f1a-05f1a8d5d249,53,91,tool,,,,,,,0,1
qwen32B-int4_telecom_50runs,baseline,bge-m3,43ba9603-4494-4a4c-9f1a-05f1a8d5d249,54,91,user,,,,,,,0,1
qwen32B-int4_telecom_50runs,baseline,bge-m3,43ba9603-4494-4a4c-9f1a-05f1a8d5d249,55,91,agent,0.6536277532577515,0.1792452830188679,0.0,,,,0,1
qwen32B-int4_telecom_50runs,baseline,bge-m3,43ba9603-4494-4a4c-9f1a-05f1a8d5d249,56,91,user,,,,,,0.4585592746734619,0,1
qwen32B-int4_telecom_50runs,baseline,bge-m3,43ba9603-4494-4a4c-9f1a-05f1a8d5d249,57,91,agent,0.6669177412986755,0.1834862385321101,0.0,0.37453991174697876,-0.14851353131234646,,0,1
qwen32B-int4_telecom_50runs,baseline,bge-m3,43ba9603-4494-4a4c-9f1a-05f1a8d5d249,58,91,user,,,,,,0.30443549156188965,0,1
qwen32B-int4_telecom_50runs,baseline,bge-m3,43ba9603-4494-4a4c-9f1a-05f1a8d5d249,59,91,tool,,,,,,,0,1
qwen32B-int4_telecom_50runs,baseline,bge-m3,43ba9603-4494-4a4c-9f1a-05f1a8d5d249,60,91,user,,,,,,,0,1
qwen32B-int4_telecom_50runs,baseline,bge-m3,43ba9603-4494-4a4c-9f1a-05f1a8d5d249,61,91,tool,,,,,,,0,1
qwen32B-int4_telecom_50runs,baseline,bge-m3,43ba9603-4494-4a4c-9f1a-05f1a8d5d249,62,91,user,,,,,,,0,1
qwen32B-int4_telecom_50runs,baseline,bge-m3,43ba9603-4494-4a4c-9f1a-05f1a8d5d249,63,91,agent,,,,0.28144174814224243,-0.2407749556005001,,0,1
qwen32B-int4_telecom_50runs,baseline,bge-m3,43ba9603-4494-4a4c-9f1a-05f1a8d5d249,64,91,user,,,,,,0.30394911766052246,0,1
qwen32B-int4_telecom_50runs,baseline,bge-m3,43ba9603-4494-4a4c-9f1a-05f1a8d5d249,65,91,tool,,,,,,,0,1
qwen32B-int4_telecom_50runs,baseline,bge-m3,43ba9603-4494-4a4c-9f1a-05f1a8d5d249,66,91,user,,,,,,,0,1
qwen32B-int4_telecom_50runs,baseline,bge-m3,43ba9603-4494-4a4c-9f1a-05f1a8d5d249,67,91,agent,0.6301229000091553,0.4962962962962963,0.0,0.3704948425292969,-0.10144172981381416,,0,1
qwen32B-int4_telecom_50runs,baseline,bge-m3,43ba9603-4494-4a4c-9f1a-05f1a8d5d249,68,91,user,,,,,,0.18463671207427979,0,1
qwen32B-int4_telecom_50runs,baseline,bge-m3,43ba9603-4494-4a4c-9f1a-05f1a8d5d249,69,91,tool,,,,,,,0,1
qwen32B-int4_telecom_50runs,baseline,bge-m3,43ba9603-4494-4a4c-9f1a-05f1a8d5d249,70,91,user,,,,,,,0,1
qwen32B-int4_telecom_50runs,baseline,bge-m3,43ba9603-4494-4a4c-9f1a-05f1a8d5d249,71,91,tool,,,,,,,0,1
qwen32B-int4_telecom_50runs,baseline,bge-m3,43ba9603-4494-4a4c-9f1a-05f1a8d5d249,72,91,user,,,,,,,0,1
qwen32B-int4_telecom_50runs,baseline,bge-m3,43ba9603-4494-4a4c-9f1a-05f1a8d5d249,73,91,tool,,,,,,,0,1
qwen32B-int4_telecom_50runs,baseline,bge-m3,43ba9603-4494-4a4c-9f1a-05f1a8d5d249,74,91,user,,,,,,,0,1
qwen32B-int4_telecom_50runs,baseline,bge-m3,43ba9603-4494-4a4c-9f1a-05f1a8d5d249,75,91,tool,,,,,,,0,1
qwen32B-int4_telecom_50runs,baseline,bge-m3,43ba9603-4494-4a4c-9f1a-05f1a8d5d249,76,91,user,,,,,,,0,1
qwen32B-int4_telecom_50runs,baseline,bge-m3,43ba9603-4494-4a4c-9f1a-05f1a8d5d249,77,91,tool,,,,,,,0,1
qwen32B-int4_telecom_50runs,baseline,bge-m3,43ba9603-4494-4a4c-9f1a-05f1a8d5d249,78,91,user,,,,,,,0,1
qwen32B-int4_telecom_50runs,baseline,bge-m3,43ba9603-4494-4a4c-9f1a-05f1a8d5d249,79,91,agent,,,,0.46419239044189453,-0.014942383393645287,,0,1
qwen32B-int4_telecom_50runs,baseline,bge-m3,43ba9603-4494-4a4c-9f1a-05f1a8d5d249,80,91,user,,,,,,0.17426490783691406,0,1
qwen32B-int4_telecom_50runs,baseline,bge-m3,43ba9603-4494-4a4c-9f1a-05f1a8d5d249,81,91,tool,,,,,,,0,1
qwen32B-int4_telecom_50runs,baseline,bge-m3,43ba9603-4494-4a4c-9f1a-05f1a8d5d249,82,91,user,,,,,,,0,1
qwen32B-int4_telecom_50runs,baseline,bge-m3,43ba9603-4494-4a4c-9f1a-05f1a8d5d249,83,91,tool,,,,,,,0,1
qwen32B-int4_telecom_50runs,baseline,bge-m3,43ba9603-4494-4a4c-9f1a-05f1a8d5d249,84,91,user,,,,,,,0,1
qwen32B-int4_telecom_50runs,baseline,bge-m3,43ba9603-4494-4a4c-9f1a-05f1a8d5d249,85,91,agent,,,,,,,0,1
qwen32B-int4_telecom_50runs,baseline,bge-m3,43ba9603-4494-4a4c-9f1a-05f1a8d5d249,86,91,user,,,,,,0.25434815883636475,0,1
qwen32B-int4_telecom_50runs,baseline,bge-m3,43ba9603-4494-4a4c-9f1a-05f1a8d5d249,87,91,agent,0.7964401245117188,0.2717391304347826,0.0,0.46688854694366455,-0.009315108880400658,,0,1
qwen32B-int4_telecom_50runs,baseline,bge-m3,43ba9603-4494-4a4c-9f1a-05f1a8d5d249,88,91,tool,,,,,,,0,1
qwen32B-int4_telecom_50runs,baseline,bge-m3,43ba9603-4494-4a4c-9f1a-05f1a8d5d249,89,91,agent,0.6209073066711426,0.125,0.0,,,,0,1
qwen32B-int4_telecom_50runs,baseline,bge-m3,43ba9603-4494-4a4c-9f1a-05f1a8d5d249,90,91,user,,,,,,0.3656492829322815,0,1
qwen32B-int4_telecom_50runs,baseline,bge-m3,54a0ad1d-3f35-4ea1-b88b-e33f69cafbe5,0,106,agent,,,,,,,0,1
qwen32B-int4_telecom_50runs,baseline,bge-m3,54a0ad1d-3f35-4ea1-b88b-e33f69cafbe5,1,106,user,,,,,,0.46183037757873535,0,1
qwen32B-int4_telecom_50runs,baseline,bge-m3,54a0ad1d-3f35-4ea1-b88b-e33f69cafbe5,2,106,agent,0.47141486406326294,0.0,0.0,0.35112881660461426,-0.22811269594563377,,0,1
qwen32B-int4_telecom_50runs,baseline,bge-m3,54a0ad1d-3f35-4ea1-b88b-e33f69cafbe5,3,106,tool,,,,,,,0,1
qwen32B-int4_telecom_50runs,baseline,bge-m3,54a0ad1d-3f35-4ea1-b88b-e33f69cafbe5,4,106,agent,0.556082010269165,0.09375,0.0,,,,0,1
qwen32B-int4_telecom_50runs,baseline,bge-m3,54a0ad1d-3f35-4ea1-b88b-e33f69cafbe5,5,106,user,,,,,,0.31756675243377686,0,1
qwen32B-int4_telecom_50runs,baseline,bge-m3,54a0ad1d-3f35-4ea1-b88b-e33f69cafbe5,6,106,agent,0.8268398642539978,0.3684210526315789,0.0,0.5509461760520935,-0.03201711343394387,,0,1
qwen32B-int4_telecom_50runs,baseline,bge-m3,54a0ad1d-3f35-4ea1-b88b-e33f69cafbe5,7,106,tool,,,,,,,0,1
qwen32B-int4_telecom_50runs,baseline,bge-m3,54a0ad1d-3f35-4ea1-b88b-e33f69cafbe5,8,106,agent,0.6414985060691833,0.2,0.0,,,,0,1
qwen32B-int4_telecom_50runs,baseline,bge-m3,54a0ad1d-3f35-4ea1-b88b-e33f69cafbe5,9,106,user,,,,,,0.46262818574905396,0,1
qwen32B-int4_telecom_50runs,baseline,bge-m3,54a0ad1d-3f35-4ea1-b88b-e33f69cafbe5,10,106,agent,0.7977425456047058,0.3333333333333333,0.0,0.41539329290390015,-0.1679954363240136,,0,1
qwen32B-int4_telecom_50runs,baseline,bge-m3,54a0ad1d-3f35-4ea1-b88b-e33f69cafbe5,11,106,tool,,,,,,,0,1
qwen32B-int4_telecom_50runs,baseline,bge-m3,54a0ad1d-3f35-4ea1-b88b-e33f69cafbe5,12,106,agent,0.503320574760437,0.2111111111111111,0.0,0.4880148768424988,-0.04591444631417596,,0,1
qwen32B-int4_telecom_50runs,baseline,bge-m3,54a0ad1d-3f35-4ea1-b88b-e33f69cafbe5,13,106,user,,,,,,0.5038018226623535,0,1
qwen32B-int4_telecom_50runs,baseline,bge-m3,54a0ad1d-3f35-4ea1-b88b-e33f69cafbe5,14,106,tool,,,,,,,0,1
qwen32B-int4_telecom_50runs,baseline,bge-m3,54a0ad1d-3f35-4ea1-b88b-e33f69cafbe5,15,106,user,,,,,,,0,1
qwen32B-int4_telecom_50runs,baseline,bge-m3,54a0ad1d-3f35-4ea1-b88b-e33f69cafbe5,16,106,agent,0.5480820536613464,0.014084507042253521,0.0,0.3648277521133423,-0.1552261859178543,,0,1
qwen32B-int4_telecom_50runs,baseline,bge-m3,54a0ad1d-3f35-4ea1-b88b-e33f69cafbe5,17,106,tool,,,,,,,0,1
qwen32B-int4_telecom_50runs,baseline,bge-m3,54a0ad1d-3f35-4ea1-b88b-e33f69cafbe5,18,106,agent,0.5547114610671997,0.0,0.0,0.2816588282585144,-0.1827586491902669,,0,1
qwen32B-int4_telecom_50runs,baseline,bge-m3,54a0ad1d-3f35-4ea1-b88b-e33f69cafbe5,19,106,user,,,,,,0.46098077297210693,0,1
qwen32B-int4_telecom_50runs,baseline,bge-m3,54a0ad1d-3f35-4ea1-b88b-e33f69cafbe5,20,106,tool,,,,,,,0,1
qwen32B-int4_telecom_50runs,baseline,bge-m3,54a0ad1d-3f35-4ea1-b88b-e33f69cafbe5,21,106,user,,,,,,,0,1
qwen32B-int4_telecom_50runs,baseline,bge-m3,54a0ad1d-3f35-4ea1-b88b-e33f69cafbe5,22,106,agent,0.7148964405059814,0.18446601941747573,0.0,0.35513120889663696,-0.16539406445291305,,0,1
qwen32B-int4_telecom_50runs,baseline,bge-m3,54a0ad1d-3f35-4ea1-b88b-e33f69cafbe5,23,106,user,,,,,,0.465986967086792,0,1
qwen32B-int4_telecom_50runs,baseline,bge-m3,54a0ad1d-3f35-4ea1-b88b-e33f69cafbe5,24,106,tool,,,,,,,0,1
qwen32B-int4_telecom_50runs,baseline,bge-m3,54a0ad1d-3f35-4ea1-b88b-e33f69cafbe5,25,106,user,,,,,,,0,1
qwen32B-int4_telecom_50runs,baseline,bge-m3,54a0ad1d-3f35-4ea1-b88b-e33f69cafbe5,26,106,agent,0.4187248945236206,0.0,0.0,0.2953569293022156,-0.22192011111312437,,0,1
qwen32B-int4_telecom_50runs,baseline,bge-m3,54a0ad1d-3f35-4ea1-b88b-e33f69cafbe5,27,106,tool,,,,,,,0,1
qwen32B-int4_telecom_50runs,baseline,bge-m3,54a0ad1d-3f35-4ea1-b88b-e33f69cafbe5,28,106,agent,0.5979535579681396,0.0,0.0,0.37204134464263916,-0.1352554791503482,,0,1
qwen32B-int4_telecom_50runs,baseline,bge-m3,54a0ad1d-3f35-4ea1-b88b-e33f69cafbe5,29,106,user,,,,,,0.41328155994415283,0,1
qwen32B-int4_telecom_50runs,baseline,bge-m3,54a0ad1d-3f35-4ea1-b88b-e33f69cafbe5,30,106,tool,,,,,,,0,1
qwen32B-int4_telecom_50runs,baseline,bge-m3,54a0ad1d-3f35-4ea1-b88b-e33f69cafbe5,31,106,user,,,,,,,0,1
qwen32B-int4_telecom_50runs,baseline,bge-m3,54a0ad1d-3f35-4ea1-b88b-e33f69cafbe5,32,106,agent,0.6207951307296753,0.13934426229508196,0.0,,,,0,1
qwen32B-int4_telecom_50runs,baseline,bge-m3,54a0ad1d-3f35-4ea1-b88b-e33f69cafbe5,33,106,user,,,,,,0.4022368788719177,0,1
qwen32B-int4_telecom_50runs,baseline,bge-m3,54a0ad1d-3f35-4ea1-b88b-e33f69cafbe5,34,106,agent,0.7332121729850769,0.29310344827586204,0.0,0.27442800998687744,-0.27045723713106584,,0,1
qwen32B-int4_telecom_50runs,baseline,bge-m3,54a0ad1d-3f35-4ea1-b88b-e33f69cafbe5,35,106,user,,,,,,0.41359269618988037,0,1
qwen32B-int4_telecom_50runs,baseline,bge-m3,54a0ad1d-3f35-4ea1-b88b-e33f69cafbe5,36,106,tool,,,,,,,0,1
qwen32B-int4_telecom_50runs,baseline,bge-m3,54a0ad1d-3f35-4ea1-b88b-e33f69cafbe5,37,106,user,,,,,,,0,1
qwen32B-int4_telecom_50runs,baseline,bge-m3,54a0ad1d-3f35-4ea1-b88b-e33f69cafbe5,38,106,agent,0.8116172552108765,0.25,0.0,,,,0,1
qwen32B-int4_telecom_50runs,baseline,bge-m3,54a0ad1d-3f35-4ea1-b88b-e33f69cafbe5,39,106,user,,,,,,0.2848024368286133,0,1
qwen32B-int4_telecom_50runs,baseline,bge-m3,54a0ad1d-3f35-4ea1-b88b-e33f69cafbe5,40,106,agent,0.7098720669746399,0.21818181818181817,0.0,0.2857081890106201,-0.30386675894260406,,0,1
qwen32B-int4_telecom_50runs,baseline,bge-m3,54a0ad1d-3f35-4ea1-b88b-e33f69cafbe5,41,106,user,,,,,,0.41081857681274414,0,1
qwen32B-int4_telecom_50runs,baseline,bge-m3,54a0ad1d-3f35-4ea1-b88b-e33f69cafbe5,42,106,tool,,,,,,,0,1
qwen32B-int4_telecom_50runs,baseline,bge-m3,54a0ad1d-3f35-4ea1-b88b-e33f69cafbe5,43,106,user,,,,,,,0,1
qwen32B-int4_telecom_50runs,baseline,bge-m3,54a0ad1d-3f35-4ea1-b88b-e33f69cafbe5,44,106,agent,0.8080474734306335,0.23478260869565218,0.0,0.3470653295516968,-0.1962124324507184,,0,1
qwen32B-int4_telecom_50runs,baseline,bge-m3,54a0ad1d-3f35-4ea1-b88b-e33f69cafbe5,45,106,user,,,,,,0.42798447608947754,0,1
qwen32B-int4_telecom_50runs,baseline,bge-m3,54a0ad1d-3f35-4ea1-b88b-e33f69cafbe5,46,106,tool,,,,,,,0,1
qwen32B-int4_telecom_50runs,baseline,bge-m3,54a0ad1d-3f35-4ea1-b88b-e33f69cafbe5,47,106,user,,,,,,,0,1
qwen32B-int4_telecom_50runs,baseline,bge-m3,54a0ad1d-3f35-4ea1-b88b-e33f69cafbe5,48,106,agent,0.8122562170028687,0.308411214953271,0.0,0.4045279026031494,-0.07775083515379166,,0,1
qwen32B-int4_telecom_50runs,baseline,bge-m3,54a0ad1d-3f35-4ea1-b88b-e33f69cafbe5,49,106,user,,,,,,0.416301965713501,0,1
qwen32B-int4_telecom_50runs,baseline,bge-m3,54a0ad1d-3f35-4ea1-b88b-e33f69cafbe5,50,106,tool,,,,,,,0,1
qwen32B-int4_telecom_50runs,baseline,bge-m3,54a0ad1d-3f35-4ea1-b88b-e33f69cafbe5,51,106,user,,,,,,,0,1
qwen32B-int4_telecom_50runs,baseline,bge-m3,54a0ad1d-3f35-4ea1-b88b-e33f69cafbe5,52,106,agent,0.6419216990470886,0.17424242424242425,0.0,,,,0,1
qwen32B-int4_telecom_50runs,baseline,bge-m3,54a0ad1d-3f35-4ea1-b88b-e33f69cafbe5,53,106,user,,,,,,0.23911601305007935,0,1
qwen32B-int4_telecom_50runs,baseline,bge-m3,54a0ad1d-3f35-4ea1-b88b-e33f69cafbe5,54,106,agent,0.8795468807220459,0.3125,0.0,0.38136982917785645,-0.1209649278057946,,0,1
qwen32B-int4_telecom_50runs,baseline,bge-m3,54a0ad1d-3f35-4ea1-b88b-e33f69cafbe5,55,106,user,,,,,,0.44726985692977905,0,1
qwen32B-int4_telecom_50runs,baseline,bge-m3,54a0ad1d-3f35-4ea1-b88b-e33f69cafbe5,56,106,tool,,,,,,,0,1
qwen32B-int4_telecom_50runs,baseline,bge-m3,54a0ad1d-3f35-4ea1-b88b-e33f69cafbe5,57,106,user,,,,,,,0,1
qwen32B-int4_telecom_50runs,baseline,bge-m3,54a0ad1d-3f35-4ea1-b88b-e33f69cafbe5,58,106,agent,0.9235799312591553,0.5193798449612403,0.0,0.3598684072494507,-0.11639512081940967,,0,1
qwen32B-int4_telecom_50runs,baseline,bge-m3,54a0ad1d-3f35-4ea1-b88b-e33f69cafbe5,59,106,user,,,,,,0.4414277672767639,0,1
qwen32B-int4_telecom_50runs,baseline,bge-m3,54a0ad1d-3f35-4ea1-b88b-e33f69cafbe5,60,106,tool,,,,,,,0,1
qwen32B-int4_telecom_50runs,baseline,bge-m3,54a0ad1d-3f35-4ea1-b88b-e33f69cafbe5,61,106,user,,,,,,,0,1
qwen32B-int4_telecom_50runs,baseline,bge-m3,54a0ad1d-3f35-4ea1-b88b-e33f69cafbe5,62,106,agent,0.8085529804229736,0.49523809523809526,0.0,0.4145829677581787,-0.08037282195356155,,0,1
qwen32B-int4_telecom_50runs,baseline,bge-m3,54a0ad1d-3f35-4ea1-b88b-e33f69cafbe5,63,106,user,,,,,,0.40573650598526,0,1
qwen32B-int4_telecom_50runs,baseline,bge-m3,54a0ad1d-3f35-4ea1-b88b-e33f69cafbe5,64,106,tool,,,,,,,0,1
qwen32B-int4_telecom_50runs,baseline,bge-m3,54a0ad1d-3f35-4ea1-b88b-e33f69cafbe5,65,106,user,,,,,,,0,1
qwen32B-int4_telecom_50runs,baseline,bge-m3,54a0ad1d-3f35-4ea1-b88b-e33f69cafbe5,66,106,agent,0.6481391787528992,0.2109375,0.0,,,,0,1
qwen32B-int4_telecom_50runs,baseline,bge-m3,54a0ad1d-3f35-4ea1-b88b-e33f69cafbe5,67,106,user,,,,,,0.4382206201553345,0,1
qwen32B-int4_telecom_50runs,baseline,bge-m3,54a0ad1d-3f35-4ea1-b88b-e33f69cafbe5,68,106,agent,0.7465221881866455,0.2446043165467626,0.0,0.4317435622215271,-0.11182438499397707,,0,1
qwen32B-int4_telecom_50runs,baseline,bge-m3,54a0ad1d-3f35-4ea1-b88b-e33f69cafbe5,69,106,user,,,,,,0.47605401277542114,0,1
qwen32B-int4_telecom_50runs,baseline,bge-m3,54a0ad1d-3f35-4ea1-b88b-e33f69cafbe5,70,106,tool,,,,,,,0,1
qwen32B-int4_telecom_50runs,baseline,bge-m3,54a0ad1d-3f35-4ea1-b88b-e33f69cafbe5,71,106,user,,,,,,,0,1
qwen32B-int4_telecom_50runs,baseline,bge-m3,54a0ad1d-3f35-4ea1-b88b-e33f69cafbe5,72,106,agent,0.9587181806564331,0.6938775510204082,0.0,,,,0,1
qwen32B-int4_telecom_50runs,baseline,bge-m3,54a0ad1d-3f35-4ea1-b88b-e33f69cafbe5,73,106,user,,,,,,0.09393489360809326,0,1
qwen32B-int4_telecom_50runs,baseline,bge-m3,54a0ad1d-3f35-4ea1-b88b-e33f69cafbe5,74,106,agent,0.8640182614326477,0.3333333333333333,0.0,,,,0,1
qwen32B-int4_telecom_50runs,baseline,bge-m3,54a0ad1d-3f35-4ea1-b88b-e33f69cafbe5,75,106,user,,,,,,0.1941673755645752,0,1
qwen32B-int4_telecom_50runs,baseline,bge-m3,54a0ad1d-3f35-4ea1-b88b-e33f69cafbe5,76,106,agent,0.7733445763587952,0.39090909090909093,0.0,0.3472667932510376,-0.13940437800354427,,0,1
qwen32B-int4_telecom_50runs,baseline,bge-m3,54a0ad1d-3f35-4ea1-b88b-e33f69cafbe5,77,106,user,,,,,,0.3985639214515686,0,1
qwen32B-int4_telecom_50runs,baseline,bge-m3,54a0ad1d-3f35-4ea1-b88b-e33f69cafbe5,78,106,tool,,,,,,,0,1
qwen32B-int4_telecom_50runs,baseline,bge-m3,54a0ad1d-3f35-4ea1-b88b-e33f69cafbe5,79,106,user,,,,,,,0,1
qwen32B-int4_telecom_50runs,baseline,bge-m3,54a0ad1d-3f35-4ea1-b88b-e33f69cafbe5,80,106,agent,0.7483434081077576,0.24193548387096775,0.0,,,,0,1
qwen32B-int4_telecom_50runs,baseline,bge-m3,54a0ad1d-3f35-4ea1-b88b-e33f69cafbe5,81,106,user,,,,,,0.4679408669471741,0,1
qwen32B-int4_telecom_50runs,baseline,bge-m3,54a0ad1d-3f35-4ea1-b88b-e33f69cafbe5,82,106,agent,0.6200698614120483,0.3140495867768595,0.0,,,,0,1
qwen32B-int4_telecom_50runs,baseline,bge-m3,54a0ad1d-3f35-4ea1-b88b-e33f69cafbe5,83,106,user,,,,,,0.14629077911376953,0,1
qwen32B-int4_telecom_50runs,baseline,bge-m3,54a0ad1d-3f35-4ea1-b88b-e33f69cafbe5,84,106,agent,0.9036277532577515,0.3333333333333333,0.0,,,,0,1
qwen32B-int4_telecom_50runs,baseline,bge-m3,54a0ad1d-3f35-4ea1-b88b-e33f69cafbe5,85,106,user,,,,,,0.28562724590301514,0,1
qwen32B-int4_telecom_50runs,baseline,bge-m3,54a0ad1d-3f35-4ea1-b88b-e33f69cafbe5,86,106,agent,0.8378278017044067,0.4205607476635514,0.0,,,,0,1
qwen32B-int4_telecom_50runs,baseline,bge-m3,54a0ad1d-3f35-4ea1-b88b-e33f69cafbe5,87,106,user,,,,,,0.2766039967536926,0,1
qwen32B-int4_telecom_50runs,baseline,bge-m3,54a0ad1d-3f35-4ea1-b88b-e33f69cafbe5,88,106,agent,0.8148877024650574,0.3277310924369748,0.0,,,,0,1
qwen32B-int4_telecom_50runs,baseline,bge-m3,54a0ad1d-3f35-4ea1-b88b-e33f69cafbe5,89,106,user,,,,,,0.3546949625015259,0,1
qwen32B-int4_telecom_50runs,baseline,bge-m3,54a0ad1d-3f35-4ea1-b88b-e33f69cafbe5,90,106,agent,0.7900020480155945,0.35,0.0,,,,0,1
qwen32B-int4_telecom_50runs,baseline,bge-m3,54a0ad1d-3f35-4ea1-b88b-e33f69cafbe5,91,106,user,,,,,,0.17005568742752075,0,1
qwen32B-int4_telecom_50runs,baseline,bge-m3,54a0ad1d-3f35-4ea1-b88b-e33f69cafbe5,92,106,agent,0.8790709376335144,0.4274193548387097,0.0,,,,0,1
qwen32B-int4_telecom_50runs,baseline,bge-m3,54a0ad1d-3f35-4ea1-b88b-e33f69cafbe5,93,106,user,,,,,,0.37629562616348267,0,1
qwen32B-int4_telecom_50runs,baseline,bge-m3,54a0ad1d-3f35-4ea1-b88b-e33f69cafbe5,94,106,agent,0.6068941950798035,0.2857142857142857,0.0,,,,0,1
qwen32B-int4_telecom_50runs,baseline,bge-m3,54a0ad1d-3f35-4ea1-b88b-e33f69cafbe5,95,106,user,,,,,,0.33724087476730347,0,1
qwen32B-int4_telecom_50runs,baseline,bge-m3,54a0ad1d-3f35-4ea1-b88b-e33f69cafbe5,96,106,agent,0.7110427021980286,0.31297709923664124,0.0,0.3823288679122925,-0.10593152046203613,,0,1
qwen32B-int4_telecom_50runs,baseline,bge-m3,54a0ad1d-3f35-4ea1-b88b-e33f69cafbe5,97,106,user,,,,,,0.4229516386985779,0,1
qwen32B-int4_telecom_50runs,baseline,bge-m3,54a0ad1d-3f35-4ea1-b88b-e33f69cafbe5,98,106,tool,,,,,,,0,1
qwen32B-int4_telecom_50runs,baseline,bge-m3,54a0ad1d-3f35-4ea1-b88b-e33f69cafbe5,99,106,user,,,,,,,0,1
qwen32B-int4_telecom_50runs,baseline,bge-m3,54a0ad1d-3f35-4ea1-b88b-e33f69cafbe5,100,106,agent,0.6625537872314453,0.23140495867768596,0.0,,,,0,1
qwen32B-int4_telecom_50runs,baseline,bge-m3,54a0ad1d-3f35-4ea1-b88b-e33f69cafbe5,101,106,user,,,,,,0.39154064655303955,0,1
qwen32B-int4_telecom_50runs,baseline,bge-m3,54a0ad1d-3f35-4ea1-b88b-e33f69cafbe5,102,106,agent,0.6513027548789978,0.29838709677419356,0.0,,,,0,1
qwen32B-int4_telecom_50runs,baseline,bge-m3,54a0ad1d-3f35-4ea1-b88b-e33f69cafbe5,103,106,user,,,,,,0.11011093854904175,0,1
qwen32B-int4_telecom_50runs,baseline,bge-m3,54a0ad1d-3f35-4ea1-b88b-e33f69cafbe5,104,106,agent,0.729716956615448,0.19101123595505617,0.0,,,,0,1
qwen32B-int4_telecom_50runs,baseline,bge-m3,54a0ad1d-3f35-4ea1-b88b-e33f69cafbe5,105,106,user,,,,,,0.5468020439147949,0,1
qwen32B-int4_telecom_50runs,baseline,bge-m3,d6d9d1c4-c6f5-45e8-980f-a36f796f2480,0,58,agent,,,,,,,0,0
qwen32B-int4_telecom_50runs,baseline,bge-m3,d6d9d1c4-c6f5-45e8-980f-a36f796f2480,1,58,user,,,,,,0.44117170572280884,0,0
qwen32B-int4_telecom_50runs,baseline,bge-m3,d6d9d1c4-c6f5-45e8-980f-a36f796f2480,2,58,agent,0.5705976486206055,0.08333333333333333,0.0,0.32273632287979126,-0.10925963024298352,,0,0
qwen32B-int4_telecom_50runs,baseline,bge-m3,d6d9d1c4-c6f5-45e8-980f-a36f796f2480,3,58,user,,,,,,0.40333807468414307,0,0
qwen32B-int4_telecom_50runs,baseline,bge-m3,d6d9d1c4-c6f5-45e8-980f-a36f796f2480,4,58,tool,,,,,,,0,0
qwen32B-int4_telecom_50runs,baseline,bge-m3,d6d9d1c4-c6f5-45e8-980f-a36f796f2480,5,58,user,,,,,,,0,0
qwen32B-int4_telecom_50runs,baseline,bge-m3,d6d9d1c4-c6f5-45e8-980f-a36f796f2480,6,58,agent,0.7250375747680664,0.2191780821917808,0.0,0.23989516496658325,-0.150078480442365,,0,0
qwen32B-int4_telecom_50runs,baseline,bge-m3,d6d9d1c4-c6f5-45e8-980f-a36f796f2480,7,58,user,,,,,,0.41501158475875854,0,0
qwen32B-int4_telecom_50runs,baseline,bge-m3,d6d9d1c4-c6f5-45e8-980f-a36f796f2480,8,58,tool,,,,,,,0,0
qwen32B-int4_telecom_50runs,baseline,bge-m3,d6d9d1c4-c6f5-45e8-980f-a36f796f2480,9,58,user,,,,,,,0,0
qwen32B-int4_telecom_50runs,baseline,bge-m3,d6d9d1c4-c6f5-45e8-980f-a36f796f2480,10,58,agent,0.5357130765914917,0.15942028985507245,0.0,0.4293110966682434,-0.03246163080135983,,0,0
qwen32B-int4_telecom_50runs,baseline,bge-m3,d6d9d1c4-c6f5-45e8-980f-a36f796f2480,11,58,user,,,,,,0.4125041961669922,0,0
qwen32B-int4_telecom_50runs,baseline,bge-m3,d6d9d1c4-c6f5-45e8-980f-a36f796f2480,12,58,tool,,,,,,,0,0
qwen32B-int4_telecom_50runs,baseline,bge-m3,d6d9d1c4-c6f5-45e8-980f-a36f796f2480,13,58,user,,,,,,,0,0
qwen32B-int4_telecom_50runs,baseline,bge-m3,d6d9d1c4-c6f5-45e8-980f-a36f796f2480,14,58,agent,0.6736634969711304,0.2564102564102564,0.0,0.31677234172821045,-0.08619431157906848,,0,0
qwen32B-int4_telecom_50runs,baseline,bge-m3,d6d9d1c4-c6f5-45e8-980f-a36f796f2480,15,58,user,,,,,,0.39420753717422485,0,0
qwen32B-int4_telecom_50runs,baseline,bge-m3,d6d9d1c4-c6f5-45e8-980f-a36f796f2480,16,58,tool,,,,,,,0,0
qwen32B-int4_telecom_50runs,baseline,bge-m3,d6d9d1c4-c6f5-45e8-980f-a36f796f2480,17,58,user,,,,,,,0,0
qwen32B-int4_telecom_50runs,baseline,bge-m3,d6d9d1c4-c6f5-45e8-980f-a36f796f2480,18,58,agent,0.6856549382209778,0.21951219512195122,0.0,0.42830657958984375,-0.034962743520736694,,0,0
qwen32B-int4_telecom_50runs,baseline,bge-m3,d6d9d1c4-c6f5-45e8-980f-a36f796f2480,19,58,user,,,,,,0.3961493968963623,0,0
qwen32B-int4_telecom_50runs,baseline,bge-m3,d6d9d1c4-c6f5-45e8-980f-a36f796f2480,20,58,tool,,,,,,,0,0
qwen32B-int4_telecom_50runs,baseline,bge-m3,d6d9d1c4-c6f5-45e8-980f-a36f796f2480,21,58,user,,,,,,,0,0
qwen32B-int4_telecom_50runs,baseline,bge-m3,d6d9d1c4-c6f5-45e8-980f-a36f796f2480,22,58,agent,0.7348113059997559,0.17105263157894737,0.0,0.3700938820838928,-0.058631050089995085,,0,0
qwen32B-int4_telecom_50runs,baseline,bge-m3,d6d9d1c4-c6f5-45e8-980f-a36f796f2480,23,58,user,,,,,,0.48823726177215576,0,0
qwen32B-int4_telecom_50runs,baseline,bge-m3,d6d9d1c4-c6f5-45e8-980f-a36f796f2480,24,58,tool,,,,,,,0,0
qwen32B-int4_telecom_50runs,baseline,bge-m3,d6d9d1c4-c6f5-45e8-980f-a36f796f2480,25,58,user,,,,,,,0,0
qwen32B-int4_telecom_50runs,baseline,bge-m3,d6d9d1c4-c6f5-45e8-980f-a36f796f2480,26,58,agent,0.674736499786377,0.3076923076923077,0.0,0.45113712549209595,0.03487174709637958,,0,0
qwen32B-int4_telecom_50runs,baseline,bge-m3,d6d9d1c4-c6f5-45e8-980f-a36f796f2480,27,58,user,,,,,,0.4867106080055237,0,0
qwen32B-int4_telecom_50runs,baseline,bge-m3,d6d9d1c4-c6f5-45e8-980f-a36f796f2480,28,58,tool,,,,,,,0,0
qwen32B-int4_telecom_50runs,baseline,bge-m3,d6d9d1c4-c6f5-45e8-980f-a36f796f2480,29,58,user,,,,,,,0,0
qwen32B-int4_telecom_50runs,baseline,bge-m3,d6d9d1c4-c6f5-45e8-980f-a36f796f2480,30,58,agent,0.7621169090270996,0.27058823529411763,0.0,0.31483930349349976,-0.1607033833861351,,0,0
qwen32B-int4_telecom_50runs,baseline,bge-m3,d6d9d1c4-c6f5-45e8-980f-a36f796f2480,31,58,user,,,,,,0.4244251847267151,0,0
qwen32B-int4_telecom_50runs,baseline,bge-m3,d6d9d1c4-c6f5-45e8-980f-a36f796f2480,32,58,tool,,,,,,,0,0
qwen32B-int4_telecom_50runs,baseline,bge-m3,d6d9d1c4-c6f5-45e8-980f-a36f796f2480,33,58,user,,,,,,,0,0
qwen32B-int4_telecom_50runs,baseline,bge-m3,d6d9d1c4-c6f5-45e8-980f-a36f796f2480,34,58,tool,,,,,,,0,0
qwen32B-int4_telecom_50runs,baseline,bge-m3,d6d9d1c4-c6f5-45e8-980f-a36f796f2480,35,58,user,,,,,,,0,0
qwen32B-int4_telecom_50runs,baseline,bge-m3,d6d9d1c4-c6f5-45e8-980f-a36f796f2480,36,58,agent,,,,0.34354186058044434,-0.07608720660209656,,0,0
qwen32B-int4_telecom_50runs,baseline,bge-m3,d6d9d1c4-c6f5-45e8-980f-a36f796f2480,37,58,user,,,,,,0.41611409187316895,0,0
qwen32B-int4_telecom_50runs,baseline,bge-m3,d6d9d1c4-c6f5-45e8-980f-a36f796f2480,38,58,tool,,,,,,,0,0
qwen32B-int4_telecom_50runs,baseline,bge-m3,d6d9d1c4-c6f5-45e8-980f-a36f796f2480,39,58,user,,,,,,,0,0
qwen32B-int4_telecom_50runs,baseline,bge-m3,d6d9d1c4-c6f5-45e8-980f-a36f796f2480,40,58,agent,0.6630607843399048,0.22727272727272727,0.0,0.26155930757522583,-0.17958327382802963,,0,0
qwen32B-int4_telecom_50runs,baseline,bge-m3,d6d9d1c4-c6f5-45e8-980f-a36f796f2480,41,58,user,,,,,,0.43216466903686523,0,0
qwen32B-int4_telecom_50runs,baseline,bge-m3,d6d9d1c4-c6f5-45e8-980f-a36f796f2480,42,58,tool,,,,,,,0,0
qwen32B-int4_telecom_50runs,baseline,bge-m3,d6d9d1c4-c6f5-45e8-980f-a36f796f2480,43,58,user,,,,,,,0,0
qwen32B-int4_telecom_50runs,baseline,bge-m3,d6d9d1c4-c6f5-45e8-980f-a36f796f2480,44,58,agent,0.8747629523277283,0.4647887323943662,0.4647887323943662,0.3039189577102661,-0.10505450765291852,,0,0
qwen32B-int4_telecom_50runs,baseline,bge-m3,d6d9d1c4-c6f5-45e8-980f-a36f796f2480,45,58,user,,,,,,0.4942774772644043,0,0
qwen32B-int4_telecom_50runs,baseline,bge-m3,d6d9d1c4-c6f5-45e8-980f-a36f796f2480,46,58,tool,,,,,,,0,0
qwen32B-int4_telecom_50runs,baseline,bge-m3,d6d9d1c4-c6f5-45e8-980f-a36f796f2480,47,58,user,,,,,,,0,0
qwen32B-int4_telecom_50runs,baseline,bge-m3,d6d9d1c4-c6f5-45e8-980f-a36f796f2480,48,58,agent,0.8195702433586121,0.36764705882352944,0.0,0.3524133563041687,-0.08295592665672302,,0,0
qwen32B-int4_telecom_50runs,baseline,bge-m3,d6d9d1c4-c6f5-45e8-980f-a36f796f2480,49,58,user,,,,,,0.4902380108833313,0,0
qwen32B-int4_telecom_50runs,baseline,bge-m3,d6d9d1c4-c6f5-45e8-980f-a36f796f2480,50,58,tool,,,,,,,0,0
qwen32B-int4_telecom_50runs,baseline,bge-m3,d6d9d1c4-c6f5-45e8-980f-a36f796f2480,51,58,user,,,,,,,0,0
qwen32B-int4_telecom_50runs,baseline,bge-m3,d6d9d1c4-c6f5-45e8-980f-a36f796f2480,52,58,agent,0.8805818557739258,0.4230769230769231,0.0,0.3301430940628052,-0.07222546140352887,,0,0
qwen32B-int4_telecom_50runs,baseline,bge-m3,d6d9d1c4-c6f5-45e8-980f-a36f796f2480,53,58,user,,,,,,0.4300568103790283,0,0
qwen32B-int4_telecom_50runs,baseline,bge-m3,d6d9d1c4-c6f5-45e8-980f-a36f796f2480,54,58,tool,,,,,,,0,0
qwen32B-int4_telecom_50runs,baseline,bge-m3,d6d9d1c4-c6f5-45e8-980f-a36f796f2480,55,58,user,,,,,,,0,0
qwen32B-int4_telecom_50runs,baseline,bge-m3,d6d9d1c4-c6f5-45e8-980f-a36f796f2480,56,58,agent,0.8280587792396545,0.16176470588235295,0.0,,,,0,0
qwen32B-int4_telecom_50runs,baseline,bge-m3,d6d9d1c4-c6f5-45e8-980f-a36f796f2480,57,58,user,,,,,,0.434855580329895,0,0
qwen32B-int4_telecom_50runs,baseline,bge-m3,f5fc3a0d-6755-47a9-87a6-370d6eeb8b1b,0,78,agent,,,,,,,0,1
qwen32B-int4_telecom_50runs,baseline,bge-m3,f5fc3a0d-6755-47a9-87a6-370d6eeb8b1b,1,78,user,,,,,,0.4411715865135193,0,1
qwen32B-int4_telecom_50runs,baseline,bge-m3,f5fc3a0d-6755-47a9-87a6-370d6eeb8b1b,2,78,agent,0.5705976486206055,0.08333333333333333,0.0,0.29315513372421265,-0.1648648725106166,,0,1
qwen32B-int4_telecom_50runs,baseline,bge-m3,f5fc3a0d-6755-47a9-87a6-370d6eeb8b1b,3,78,user,,,,,,0.4134673476219177,0,1
qwen32B-int4_telecom_50runs,baseline,bge-m3,f5fc3a0d-6755-47a9-87a6-370d6eeb8b1b,4,78,tool,,,,,,,0,1
qwen32B-int4_telecom_50runs,baseline,bge-m3,f5fc3a0d-6755-47a9-87a6-370d6eeb8b1b,5,78,user,,,,,,,0,1
qwen32B-int4_telecom_50runs,baseline,bge-m3,f5fc3a0d-6755-47a9-87a6-370d6eeb8b1b,6,78,agent,0.6891140937805176,0.313953488372093,0.0,0.3618735074996948,-0.12299641279073864,,0,1
qwen32B-int4_telecom_50runs,baseline,bge-m3,f5fc3a0d-6755-47a9-87a6-370d6eeb8b1b,7,78,user,,,,,,0.3550788164138794,0,1
qwen32B-int4_telecom_50runs,baseline,bge-m3,f5fc3a0d-6755-47a9-87a6-370d6eeb8b1b,8,78,tool,,,,,,,0,1
qwen32B-int4_telecom_50runs,baseline,bge-m3,f5fc3a0d-6755-47a9-87a6-370d6eeb8b1b,9,78,user,,,,,,,0,1
qwen32B-int4_telecom_50runs,baseline,bge-m3,f5fc3a0d-6755-47a9-87a6-370d6eeb8b1b,10,78,tool,,,,,,,0,1
qwen32B-int4_telecom_50runs,baseline,bge-m3,f5fc3a0d-6755-47a9-87a6-370d6eeb8b1b,11,78,user,,,,,,,0,1
qwen32B-int4_telecom_50runs,baseline,bge-m3,f5fc3a0d-6755-47a9-87a6-370d6eeb8b1b,12,78,agent,,,,0.4374309182167053,-0.032439169975427506,,0,1
qwen32B-int4_telecom_50runs,baseline,bge-m3,f5fc3a0d-6755-47a9-87a6-370d6eeb8b1b,13,78,user,,,,,,0.4030369520187378,0,1
qwen32B-int4_telecom_50runs,baseline,bge-m3,f5fc3a0d-6755-47a9-87a6-370d6eeb8b1b,14,78,tool,,,,,,,0,1
qwen32B-int4_telecom_50runs,baseline,bge-m3,f5fc3a0d-6755-47a9-87a6-370d6eeb8b1b,15,78,user,,,,,,,0,1
qwen32B-int4_telecom_50runs,baseline,bge-m3,f5fc3a0d-6755-47a9-87a6-370d6eeb8b1b,16,78,agent,0.7137136459350586,0.25842696629213485,0.0,0.3943917155265808,-0.022424145386769234,,0,1
qwen32B-int4_telecom_50runs,baseline,bge-m3,f5fc3a0d-6755-47a9-87a6-370d6eeb8b1b,17,78,user,,,,,,0.4680888056755066,0,1
qwen32B-int4_telecom_50runs,baseline,bge-m3,f5fc3a0d-6755-47a9-87a6-370d6eeb8b1b,18,78,tool,,,,,,,0,1
qwen32B-int4_telecom_50runs,baseline,bge-m3,f5fc3a0d-6755-47a9-87a6-370d6eeb8b1b,19,78,user,,,,,,,0,1
qwen32B-int4_telecom_50runs,baseline,bge-m3,f5fc3a0d-6755-47a9-87a6-370d6eeb8b1b,20,78,agent,0.7925676703453064,0.2716049382716049,0.0,0.40965282917022705,-0.019320293114735543,,0,1
qwen32B-int4_telecom_50runs,baseline,bge-m3,f5fc3a0d-6755-47a9-87a6-370d6eeb8b1b,21,78,user,,,,,,0.4650654196739197,0,1
qwen32B-int4_telecom_50runs,baseline,bge-m3,f5fc3a0d-6755-47a9-87a6-370d6eeb8b1b,22,78,tool,,,,,,,0,1
qwen32B-int4_telecom_50runs,baseline,bge-m3,f5fc3a0d-6755-47a9-87a6-370d6eeb8b1b,23,78,user,,,,,,,0,1
qwen32B-int4_telecom_50runs,baseline,bge-m3,f5fc3a0d-6755-47a9-87a6-370d6eeb8b1b,24,78,tool,,,,,,,0,1
qwen32B-int4_telecom_50runs,baseline,bge-m3,f5fc3a0d-6755-47a9-87a6-370d6eeb8b1b,25,78,user,,,,,,,0,1
qwen32B-int4_telecom_50runs,baseline,bge-m3,f5fc3a0d-6755-47a9-87a6-370d6eeb8b1b,26,78,agent,,,,0.422497034072876,-0.031701120046468856,,0,1
qwen32B-int4_telecom_50runs,baseline,bge-m3,f5fc3a0d-6755-47a9-87a6-370d6eeb8b1b,27,78,user,,,,,,0.30479758977890015,0,1
qwen32B-int4_telecom_50runs,baseline,bge-m3,f5fc3a0d-6755-47a9-87a6-370d6eeb8b1b,28,78,tool,,,,,,,0,1
qwen32B-int4_telecom_50runs,baseline,bge-m3,f5fc3a0d-6755-47a9-87a6-370d6eeb8b1b,29,78,user,,,,,,,0,1
qwen32B-int4_telecom_50runs,baseline,bge-m3,f5fc3a0d-6755-47a9-87a6-370d6eeb8b1b,30,78,tool,,,,,,,0,1
qwen32B-int4_telecom_50runs,baseline,bge-m3,f5fc3a0d-6755-47a9-87a6-370d6eeb8b1b,31,78,user,,,,,,,0,1
qwen32B-int4_telecom_50runs,baseline,bge-m3,f5fc3a0d-6755-47a9-87a6-370d6eeb8b1b,32,78,tool,,,,,,,0,1
qwen32B-int4_telecom_50runs,baseline,bge-m3,f5fc3a0d-6755-47a9-87a6-370d6eeb8b1b,33,78,user,,,,,,,0,1
qwen32B-int4_telecom_50runs,baseline,bge-m3,f5fc3a0d-6755-47a9-87a6-370d6eeb8b1b,34,78,agent,,,,,,,0,1
qwen32B-int4_telecom_50runs,baseline,bge-m3,f5fc3a0d-6755-47a9-87a6-370d6eeb8b1b,35,78,user,,,,,,0.4002577066421509,0,1
qwen32B-int4_telecom_50runs,baseline,bge-m3,f5fc3a0d-6755-47a9-87a6-370d6eeb8b1b,36,78,agent,0.5545825958251953,0.01639344262295082,0.0,0.416267454624176,-0.15323429153515744,,0,1
qwen32B-int4_telecom_50runs,baseline,bge-m3,f5fc3a0d-6755-47a9-87a6-370d6eeb8b1b,37,78,tool,,,,,,,0,1
qwen32B-int4_telecom_50runs,baseline,bge-m3,f5fc3a0d-6755-47a9-87a6-370d6eeb8b1b,38,78,agent,0.7335336208343506,0.32098765432098764,0.0,,,,0,1
qwen32B-int4_telecom_50runs,baseline,bge-m3,f5fc3a0d-6755-47a9-87a6-370d6eeb8b1b,39,78,user,,,,,,0.2601792812347412,0,1
qwen32B-int4_telecom_50runs,baseline,bge-m3,f5fc3a0d-6755-47a9-87a6-370d6eeb8b1b,40,78,agent,0.8679898381233215,0.391304347826087,0.0,,,,0,1
qwen32B-int4_telecom_50runs,baseline,bge-m3,f5fc3a0d-6755-47a9-87a6-370d6eeb8b1b,41,78,user,,,,,,0.14323770999908447,0,1
qwen32B-int4_telecom_50runs,baseline,bge-m3,f5fc3a0d-6755-47a9-87a6-370d6eeb8b1b,42,78,agent,0.5170428156852722,0.02127659574468085,0.0,0.4924629330635071,-0.0962469486089853,,0,1
qwen32B-int4_telecom_50runs,baseline,bge-m3,f5fc3a0d-6755-47a9-87a6-370d6eeb8b1b,43,78,tool,,,,,,,0,1
qwen32B-int4_telecom_50runs,baseline,bge-m3,f5fc3a0d-6755-47a9-87a6-370d6eeb8b1b,44,78,agent,0.6950825452804565,0.18947368421052632,0.0,,,,0,1
qwen32B-int4_telecom_50runs,baseline,bge-m3,f5fc3a0d-6755-47a9-87a6-370d6eeb8b1b,45,78,user,,,,,,0.43144774436950684,0,1
qwen32B-int4_telecom_50runs,baseline,bge-m3,f5fc3a0d-6755-47a9-87a6-370d6eeb8b1b,46,78,agent,0.7157074213027954,0.19753086419753085,0.0,0.34878087043762207,-0.16579792591241693,,0,1
qwen32B-int4_telecom_50runs,baseline,bge-m3,f5fc3a0d-6755-47a9-87a6-370d6eeb8b1b,47,78,tool,,,,,,,0,1
qwen32B-int4_telecom_50runs,baseline,bge-m3,f5fc3a0d-6755-47a9-87a6-370d6eeb8b1b,48,78,agent,0.7932721376419067,0.4318181818181818,0.0,,,,0,1
qwen32B-int4_telecom_50runs,baseline,bge-m3,f5fc3a0d-6755-47a9-87a6-370d6eeb8b1b,49,78,user,,,,,,0.25648802518844604,0,1
qwen32B-int4_telecom_50runs,baseline,bge-m3,f5fc3a0d-6755-47a9-87a6-370d6eeb8b1b,50,78,agent,0.6840309500694275,0.42105263157894735,0.0,0.3939638137817383,-0.0905498472543863,,0,1
qwen32B-int4_telecom_50runs,baseline,bge-m3,f5fc3a0d-6755-47a9-87a6-370d6eeb8b1b,51,78,tool,,,,,,,0,1
qwen32B-int4_telecom_50runs,baseline,bge-m3,f5fc3a0d-6755-47a9-87a6-370d6eeb8b1b,52,78,agent,0.8347644209861755,0.1836734693877551,0.0,0.4461643695831299,0.017306900941408576,,0,1
qwen32B-int4_telecom_50runs,baseline,bge-m3,f5fc3a0d-6755-47a9-87a6-370d6eeb8b1b,53,78,user,,,,,,0.443572998046875,0,1
qwen32B-int4_telecom_50runs,baseline,bge-m3,f5fc3a0d-6755-47a9-87a6-370d6eeb8b1b,54,78,tool,,,,,,,0,1
qwen32B-int4_telecom_50runs,baseline,bge-m3,f5fc3a0d-6755-47a9-87a6-370d6eeb8b1b,55,78,user,,,,,,,0,1
qwen32B-int4_telecom_50runs,baseline,bge-m3,f5fc3a0d-6755-47a9-87a6-370d6eeb8b1b,56,78,tool,,,,,,,0,1
qwen32B-int4_telecom_50runs,baseline,bge-m3,f5fc3a0d-6755-47a9-87a6-370d6eeb8b1b,57,78,user,,,,,,,0,1
qwen32B-int4_telecom_50runs,baseline,bge-m3,f5fc3a0d-6755-47a9-87a6-370d6eeb8b1b,58,78,agent,,,,0.4457823634147644,-0.042768228512543915,,0,1
qwen32B-int4_telecom_50runs,baseline,bge-m3,f5fc3a0d-6755-47a9-87a6-370d6eeb8b1b,59,78,user,,,,,,0.4336235523223877,0,1
qwen32B-int4_telecom_50runs,baseline,bge-m3,f5fc3a0d-6755-47a9-87a6-370d6eeb8b1b,60,78,tool,,,,,,,0,1
qwen32B-int4_telecom_50runs,baseline,bge-m3,f5fc3a0d-6755-47a9-87a6-370d6eeb8b1b,61,78,user,,,,,,,0,1
qwen32B-int4_telecom_50runs,baseline,bge-m3,f5fc3a0d-6755-47a9-87a6-370d6eeb8b1b,62,78,tool,,,,,,,0,1
qwen32B-int4_telecom_50runs,baseline,bge-m3,f5fc3a0d-6755-47a9-87a6-370d6eeb8b1b,63,78,user,,,,,,,0,1
qwen32B-int4_telecom_50runs,baseline,bge-m3,f5fc3a0d-6755-47a9-87a6-370d6eeb8b1b,64,78,agent,,,,0.48207706212997437,0.04949468145003688,,0,1
qwen32B-int4_telecom_50runs,baseline,bge-m3,f5fc3a0d-6755-47a9-87a6-370d6eeb8b1b,65,78,user,,,,,,0.38403594493865967,0,1
qwen32B-int4_telecom_50runs,baseline,bge-m3,f5fc3a0d-6755-47a9-87a6-370d6eeb8b1b,66,78,tool,,,,,,,0,1
qwen32B-int4_telecom_50runs,baseline,bge-m3,f5fc3a0d-6755-47a9-87a6-370d6eeb8b1b,67,78,user,,,,,,,0,1
qwen32B-int4_telecom_50runs,baseline,bge-m3,f5fc3a0d-6755-47a9-87a6-370d6eeb8b1b,68,78,tool,,,,,,,0,1
qwen32B-int4_telecom_50runs,baseline,bge-m3,f5fc3a0d-6755-47a9-87a6-370d6eeb8b1b,69,78,user,,,,,,,0,1
qwen32B-int4_telecom_50runs,baseline,bge-m3,f5fc3a0d-6755-47a9-87a6-370d6eeb8b1b,70,78,tool,,,,,,,0,1
qwen32B-int4_telecom_50runs,baseline,bge-m3,f5fc3a0d-6755-47a9-87a6-370d6eeb8b1b,71,78,user,,,,,,,0,1
qwen32B-int4_telecom_50runs,baseline,bge-m3,f5fc3a0d-6755-47a9-87a6-370d6eeb8b1b,72,78,tool,,,,,,,0,1
qwen32B-int4_telecom_50runs,baseline,bge-m3,f5fc3a0d-6755-47a9-87a6-370d6eeb8b1b,73,78,user,,,,,,,0,1
qwen32B-int4_telecom_50runs,baseline,bge-m3,f5fc3a0d-6755-47a9-87a6-370d6eeb8b1b,74,78,agent,,,,0.4623740315437317,-0.1308112671742072,,0,1
qwen32B-int4_telecom_50runs,baseline,bge-m3,f5fc3a0d-6755-47a9-87a6-370d6eeb8b1b,75,78,tool,,,,,,,0,1
qwen32B-int4_telecom_50runs,baseline,bge-m3,f5fc3a0d-6755-47a9-87a6-370d6eeb8b1b,76,78,agent,0.7175459861755371,0.1568627450980392,0.0,,,,0,1
qwen32B-int4_telecom_50runs,baseline,bge-m3,f5fc3a0d-6755-47a9-87a6-370d6eeb8b1b,77,78,user,,,,,,0.3656492233276367,0,1
qwen32B-int4_telecom_50runs,baseline,bge-m3,0b3e6973-ac91-46cb-a2f8-ff436171cebb,0,46,agent,,,,,,,0,1
qwen32B-int4_telecom_50runs,baseline,bge-m3,0b3e6973-ac91-46cb-a2f8-ff436171cebb,1,46,user,,,,,,0.4888468384742737,0,1
qwen32B-int4_telecom_50runs,baseline,bge-m3,0b3e6973-ac91-46cb-a2f8-ff436171cebb,2,46,agent,0.505671501159668,0.0,0.0,0.33345913887023926,-0.23749090358614922,,0,1
qwen32B-int4_telecom_50runs,baseline,bge-m3,0b3e6973-ac91-46cb-a2f8-ff436171cebb,3,46,tool,,,,,,,0,1
qwen32B-int4_telecom_50runs,baseline,bge-m3,0b3e6973-ac91-46cb-a2f8-ff436171cebb,4,46,agent,0.5677403807640076,0.05,0.0,,,,0,1
qwen32B-int4_telecom_50runs,baseline,bge-m3,0b3e6973-ac91-46cb-a2f8-ff436171cebb,5,46,user,,,,,,0.36186379194259644,0,1
qwen32B-int4_telecom_50runs,baseline,bge-m3,0b3e6973-ac91-46cb-a2f8-ff436171cebb,6,46,agent,0.8099262714385986,0.35,0.0,0.5492272078990936,-0.0166420117020607,,0,1
qwen32B-int4_telecom_50runs,baseline,bge-m3,0b3e6973-ac91-46cb-a2f8-ff436171cebb,7,46,tool,,,,,,,0,1
qwen32B-int4_telecom_50runs,baseline,bge-m3,0b3e6973-ac91-46cb-a2f8-ff436171cebb,8,46,agent,0.5969343185424805,0.2835820895522388,0.0,,,,0,1
qwen32B-int4_telecom_50runs,baseline,bge-m3,0b3e6973-ac91-46cb-a2f8-ff436171cebb,9,46,user,,,,,,0.24921631813049316,0,1
qwen32B-int4_telecom_50runs,baseline,bge-m3,0b3e6973-ac91-46cb-a2f8-ff436171cebb,10,46,agent,0.8050548434257507,0.3333333333333333,0.0,0.41626042127609253,-0.15830650925636292,,0,1
qwen32B-int4_telecom_50runs,baseline,bge-m3,0b3e6973-ac91-46cb-a2f8-ff436171cebb,11,46,tool,,,,,,,0,1
qwen32B-int4_telecom_50runs,baseline,bge-m3,0b3e6973-ac91-46cb-a2f8-ff436171cebb,12,46,agent,0.5224097967147827,0.21951219512195122,0.0,0.4908522367477417,-0.011083666235208511,,0,1
qwen32B-int4_telecom_50runs,baseline,bge-m3,0b3e6973-ac91-46cb-a2f8-ff436171cebb,13,46,user,,,,,,0.4395570158958435,0,1
qwen32B-int4_telecom_50runs,baseline,bge-m3,0b3e6973-ac91-46cb-a2f8-ff436171cebb,14,46,tool,,,,,,,0,1
qwen32B-int4_telecom_50runs,baseline,bge-m3,0b3e6973-ac91-46cb-a2f8-ff436171cebb,15,46,user,,,,,,,0,1
qwen32B-int4_telecom_50runs,baseline,bge-m3,0b3e6973-ac91-46cb-a2f8-ff436171cebb,16,46,agent,0.7044541835784912,0.20270270270270271,0.0,0.2642212510108948,-0.24221578985452652,,0,1
qwen32B-int4_telecom_50runs,baseline,bge-m3,0b3e6973-ac91-46cb-a2f8-ff436171cebb,17,46,user,,,,,,0.44787728786468506,0,1
qwen32B-int4_telecom_50runs,baseline,bge-m3,0b3e6973-ac91-46cb-a2f8-ff436171cebb,18,46,tool,,,,,,,0,1
qwen32B-int4_telecom_50runs,baseline,bge-m3,0b3e6973-ac91-46cb-a2f8-ff436171cebb,19,46,user,,,,,,,0,1
qwen32B-int4_telecom_50runs,baseline,bge-m3,0b3e6973-ac91-46cb-a2f8-ff436171cebb,20,46,agent,0.7539663314819336,0.2571428571428571,0.0,0.27563291788101196,-0.24604350700974464,,0,1
qwen32B-int4_telecom_50runs,baseline,bge-m3,0b3e6973-ac91-46cb-a2f8-ff436171cebb,21,46,user,,,,,,0.13637661933898926,0,1
qwen32B-int4_telecom_50runs,baseline,bge-m3,0b3e6973-ac91-46cb-a2f8-ff436171cebb,22,46,tool,,,,,,,0,1
qwen32B-int4_telecom_50runs,baseline,bge-m3,0b3e6973-ac91-46cb-a2f8-ff436171cebb,23,46,user,,,,,,,0,1
qwen32B-int4_telecom_50runs,baseline,bge-m3,0b3e6973-ac91-46cb-a2f8-ff436171cebb,24,46,tool,,,,,,,0,1
qwen32B-int4_telecom_50runs,baseline,bge-m3,0b3e6973-ac91-46cb-a2f8-ff436171cebb,25,46,user,,,,,,,0,1
qwen32B-int4_telecom_50runs,baseline,bge-m3,0b3e6973-ac91-46cb-a2f8-ff436171cebb,26,46,agent,,,,0.47665488719940186,-0.05455341935157776,,0,1
qwen32B-int4_telecom_50runs,baseline,bge-m3,0b3e6973-ac91-46cb-a2f8-ff436171cebb,27,46,user,,,,,,0.34698134660720825,0,1
qwen32B-int4_telecom_50runs,baseline,bge-m3,0b3e6973-ac91-46cb-a2f8-ff436171cebb,28,46,tool,,,,,,,0,1
qwen32B-int4_telecom_50runs,baseline,bge-m3,0b3e6973-ac91-46cb-a2f8-ff436171cebb,29,46,user,,,,,,,0,1
qwen32B-int4_telecom_50runs,baseline,bge-m3,0b3e6973-ac91-46cb-a2f8-ff436171cebb,30,46,tool,,,,,,,0,1
qwen32B-int4_telecom_50runs,baseline,bge-m3,0b3e6973-ac91-46cb-a2f8-ff436171cebb,31,46,user,,,,,,,0,1
qwen32B-int4_telecom_50runs,baseline,bge-m3,0b3e6973-ac91-46cb-a2f8-ff436171cebb,32,46,agent,,,,0.24619615077972412,-0.25887685641646385,,0,1
qwen32B-int4_telecom_50runs,baseline,bge-m3,0b3e6973-ac91-46cb-a2f8-ff436171cebb,33,46,user,,,,,,0.3066678047180176,0,1
qwen32B-int4_telecom_50runs,baseline,bge-m3,0b3e6973-ac91-46cb-a2f8-ff436171cebb,34,46,tool,,,,,,,0,1
qwen32B-int4_telecom_50runs,baseline,bge-m3,0b3e6973-ac91-46cb-a2f8-ff436171cebb,35,46,user,,,,,,,0,1
qwen32B-int4_telecom_50runs,baseline,bge-m3,0b3e6973-ac91-46cb-a2f8-ff436171cebb,36,46,tool,,,,,,,0,1
qwen32B-int4_telecom_50runs,baseline,bge-m3,0b3e6973-ac91-46cb-a2f8-ff436171cebb,37,46,user,,,,,,,0,1
qwen32B-int4_telecom_50runs,baseline,bge-m3,0b3e6973-ac91-46cb-a2f8-ff436171cebb,38,46,tool,,,,,,,0,1
qwen32B-int4_telecom_50runs,baseline,bge-m3,0b3e6973-ac91-46cb-a2f8-ff436171cebb,39,46,user,,,,,,,0,1
qwen32B-int4_telecom_50runs,baseline,bge-m3,0b3e6973-ac91-46cb-a2f8-ff436171cebb,40,46,agent,,,,,,,0,1
qwen32B-int4_telecom_50runs,baseline,bge-m3,0b3e6973-ac91-46cb-a2f8-ff436171cebb,41,46,user,,,,,,0.19229167699813843,0,1
qwen32B-int4_telecom_50runs,baseline,bge-m3,0b3e6973-ac91-46cb-a2f8-ff436171cebb,42,46,agent,0.679905354976654,0.08235294117647059,0.0,0.5020942091941833,0.023403886705636978,,0,1
qwen32B-int4_telecom_50runs,baseline,bge-m3,0b3e6973-ac91-46cb-a2f8-ff436171cebb,43,46,tool,,,,,,,0,1
qwen32B-int4_telecom_50runs,baseline,bge-m3,0b3e6973-ac91-46cb-a2f8-ff436171cebb,44,46,agent,0.6867939233779907,0.09615384615384616,0.0,,,,0,1
qwen32B-int4_telecom_50runs,baseline,bge-m3,0b3e6973-ac91-46cb-a2f8-ff436171cebb,45,46,user,,,,,,0.3656492233276367,0,1
qwen32B-int4_telecom_50runs,baseline,bge-m3,c3bf7ad1-5fd1-47e3-a16a-a2d6b21fef85,0,41,agent,,,,,,,0,0
qwen32B-int4_telecom_50runs,baseline,bge-m3,c3bf7ad1-5fd1-47e3-a16a-a2d6b21fef85,1,41,user,,,,,,0.44079285860061646,0,0
qwen32B-int4_telecom_50runs,baseline,bge-m3,c3bf7ad1-5fd1-47e3-a16a-a2d6b21fef85,2,41,agent,0.5314024686813354,0.10526315789473684,0.0,,,,0,0
qwen32B-int4_telecom_50runs,baseline,bge-m3,c3bf7ad1-5fd1-47e3-a16a-a2d6b21fef85,3,41,user,,,,,,0.28704917430877686,0,0
qwen32B-int4_telecom_50runs,baseline,bge-m3,c3bf7ad1-5fd1-47e3-a16a-a2d6b21fef85,4,41,agent,0.5236649513244629,0.0,0.0,0.5513072311878204,-0.009444582462310835,,0,0
qwen32B-int4_telecom_50runs,baseline,bge-m3,c3bf7ad1-5fd1-47e3-a16a-a2d6b21fef85,5,41,tool,,,,,,,0,0
qwen32B-int4_telecom_50runs,baseline,bge-m3,c3bf7ad1-5fd1-47e3-a16a-a2d6b21fef85,6,41,agent,0.7606899738311768,0.25,0.0,,,,0,0
qwen32B-int4_telecom_50runs,baseline,bge-m3,c3bf7ad1-5fd1-47e3-a16a-a2d6b21fef85,7,41,user,,,,,,0.3169177770614624,0,0
qwen32B-int4_telecom_50runs,baseline,bge-m3,c3bf7ad1-5fd1-47e3-a16a-a2d6b21fef85,8,41,agent,0.7822217345237732,0.3333333333333333,0.0,0.4241839051246643,-0.17755283117294307,,0,0
qwen32B-int4_telecom_50runs,baseline,bge-m3,c3bf7ad1-5fd1-47e3-a16a-a2d6b21fef85,9,41,tool,,,,,,,0,0
qwen32B-int4_telecom_50runs,baseline,bge-m3,c3bf7ad1-5fd1-47e3-a16a-a2d6b21fef85,10,41,agent,0.5927558541297913,0.14563106796116504,0.0,0.44745081663131714,-0.03935251235961912,,0,0
qwen32B-int4_telecom_50runs,baseline,bge-m3,c3bf7ad1-5fd1-47e3-a16a-a2d6b21fef85,11,41,user,,,,,,0.4108397364616394,0,0
qwen32B-int4_telecom_50runs,baseline,bge-m3,c3bf7ad1-5fd1-47e3-a16a-a2d6b21fef85,12,41,tool,,,,,,,0,0
qwen32B-int4_telecom_50runs,baseline,bge-m3,c3bf7ad1-5fd1-47e3-a16a-a2d6b21fef85,13,41,tool,,,,,,,0,0
qwen32B-int4_telecom_50runs,baseline,bge-m3,c3bf7ad1-5fd1-47e3-a16a-a2d6b21fef85,14,41,tool,,,,,,,0,0
qwen32B-int4_telecom_50runs,baseline,bge-m3,c3bf7ad1-5fd1-47e3-a16a-a2d6b21fef85,15,41,user,,,,,,,0,0
qwen32B-int4_telecom_50runs,baseline,bge-m3,c3bf7ad1-5fd1-47e3-a16a-a2d6b21fef85,16,41,agent,,,,0.3759937286376953,-0.12675299644470217,,0,0
qwen32B-int4_telecom_50runs,baseline,bge-m3,c3bf7ad1-5fd1-47e3-a16a-a2d6b21fef85,17,41,user,,,,,,0.36649900674819946,0,0
qwen32B-int4_telecom_50runs,baseline,bge-m3,c3bf7ad1-5fd1-47e3-a16a-a2d6b21fef85,18,41,tool,,,,,,,0,0
qwen32B-int4_telecom_50runs,baseline,bge-m3,c3bf7ad1-5fd1-47e3-a16a-a2d6b21fef85,19,41,tool,,,,,,,0,0
qwen32B-int4_telecom_50runs,baseline,bge-m3,c3bf7ad1-5fd1-47e3-a16a-a2d6b21fef85,20,41,tool,,,,,,,0,0
qwen32B-int4_telecom_50runs,baseline,bge-m3,c3bf7ad1-5fd1-47e3-a16a-a2d6b21fef85,21,41,user,,,,,,,0,0
qwen32B-int4_telecom_50runs,baseline,bge-m3,c3bf7ad1-5fd1-47e3-a16a-a2d6b21fef85,22,41,agent,,,,0.4400619864463806,-0.09607030153274532,,0,0
qwen32B-int4_telecom_50runs,baseline,bge-m3,c3bf7ad1-5fd1-47e3-a16a-a2d6b21fef85,23,41,user,,,,,,0.40859633684158325,0,0
qwen32B-int4_telecom_50runs,baseline,bge-m3,c3bf7ad1-5fd1-47e3-a16a-a2d6b21fef85,24,41,tool,,,,,,,0,0
qwen32B-int4_telecom_50runs,baseline,bge-m3,c3bf7ad1-5fd1-47e3-a16a-a2d6b21fef85,25,41,tool,,,,,,,0,0
qwen32B-int4_telecom_50runs,baseline,bge-m3,c3bf7ad1-5fd1-47e3-a16a-a2d6b21fef85,26,41,tool,,,,,,,0,0
qwen32B-int4_telecom_50runs,baseline,bge-m3,c3bf7ad1-5fd1-47e3-a16a-a2d6b21fef85,27,41,tool,,,,,,,0,0
qwen32B-int4_telecom_50runs,baseline,bge-m3,c3bf7ad1-5fd1-47e3-a16a-a2d6b21fef85,28,41,tool,,,,,,,0,0
qwen32B-int4_telecom_50runs,baseline,bge-m3,c3bf7ad1-5fd1-47e3-a16a-a2d6b21fef85,29,41,user,,,,,,,0,0
qwen32B-int4_telecom_50runs,baseline,bge-m3,c3bf7ad1-5fd1-47e3-a16a-a2d6b21fef85,30,41,agent,,,,0.3464769721031189,-0.16193597316741948,,0,0
qwen32B-int4_telecom_50runs,baseline,bge-m3,c3bf7ad1-5fd1-47e3-a16a-a2d6b21fef85,31,41,user,,,,,,0.40764451026916504,0,0
qwen32B-int4_telecom_50runs,baseline,bge-m3,c3bf7ad1-5fd1-47e3-a16a-a2d6b21fef85,32,41,tool,,,,,,,0,0
qwen32B-int4_telecom_50runs,baseline,bge-m3,c3bf7ad1-5fd1-47e3-a16a-a2d6b21fef85,33,41,tool,,,,,,,0,0
qwen32B-int4_telecom_50runs,baseline,bge-m3,c3bf7ad1-5fd1-47e3-a16a-a2d6b21fef85,34,41,tool,,,,,,,0,0
qwen32B-int4_telecom_50runs,baseline,bge-m3,c3bf7ad1-5fd1-47e3-a16a-a2d6b21fef85,35,41,user,,,,,,,0,0
qwen32B-int4_telecom_50runs,baseline,bge-m3,c3bf7ad1-5fd1-47e3-a16a-a2d6b21fef85,36,41,tool,,,,,,,0,0
qwen32B-int4_telecom_50runs,baseline,bge-m3,c3bf7ad1-5fd1-47e3-a16a-a2d6b21fef85,37,41,tool,,,,,,,0,0
qwen32B-int4_telecom_50runs,baseline,bge-m3,c3bf7ad1-5fd1-47e3-a16a-a2d6b21fef85,38,41,user,,,,,,,0,0
qwen32B-int4_telecom_50runs,baseline,bge-m3,c3bf7ad1-5fd1-47e3-a16a-a2d6b21fef85,39,41,agent,,,,,,,0,0
qwen32B-int4_telecom_50runs,baseline,bge-m3,c3bf7ad1-5fd1-47e3-a16a-a2d6b21fef85,40,41,user,,,,,,0.4210583567619324,0,0
qwen32B-int4_telecom_50runs,baseline,bge-m3,62264cd9-2b7e-4d20-80e9-c5039421f201,0,72,agent,,,,,,,0,1
qwen32B-int4_telecom_50runs,baseline,bge-m3,62264cd9-2b7e-4d20-80e9-c5039421f201,1,72,user,,,,,,0.4618303179740906,0,1
qwen32B-int4_telecom_50runs,baseline,bge-m3,62264cd9-2b7e-4d20-80e9-c5039421f201,2,72,agent,0.4796146750450134,0.0,0.0,0.34662067890167236,-0.23002994060516357,,0,1
qwen32B-int4_telecom_50runs,baseline,bge-m3,62264cd9-2b7e-4d20-80e9-c5039421f201,3,72,tool,,,,,,,0,1
qwen32B-int4_telecom_50runs,baseline,bge-m3,62264cd9-2b7e-4d20-80e9-c5039421f201,4,72,agent,0.5560823082923889,0.09375,0.0,,,,0,1
qwen32B-int4_telecom_50runs,baseline,bge-m3,62264cd9-2b7e-4d20-80e9-c5039421f201,5,72,user,,,,,,0.4240298867225647,0,1
qwen32B-int4_telecom_50runs,baseline,bge-m3,62264cd9-2b7e-4d20-80e9-c5039421f201,6,72,agent,0.8200238943099976,0.3684210526315789,0.0,0.556335985660553,-0.028794260586009313,,0,1
qwen32B-int4_telecom_50runs,baseline,bge-m3,62264cd9-2b7e-4d20-80e9-c5039421f201,7,72,tool,,,,,,,0,1
qwen32B-int4_telecom_50runs,baseline,bge-m3,62264cd9-2b7e-4d20-80e9-c5039421f201,8,72,agent,0.6371827721595764,0.2,0.0,,,,0,1
qwen32B-int4_telecom_50runs,baseline,bge-m3,62264cd9-2b7e-4d20-80e9-c5039421f201,9,72,user,,,,,,0.46262818574905396,0,1
qwen32B-int4_telecom_50runs,baseline,bge-m3,62264cd9-2b7e-4d20-80e9-c5039421f201,10,72,agent,0.7902265787124634,0.3333333333333333,0.0,0.4194936752319336,-0.16362046844819012,,0,1
qwen32B-int4_telecom_50runs,baseline,bge-m3,62264cd9-2b7e-4d20-80e9-c5039421f201,11,72,tool,,,,,,,0,1
qwen32B-int4_telecom_50runs,baseline,bge-m3,62264cd9-2b7e-4d20-80e9-c5039421f201,12,72,agent,0.5298948884010315,0.21951219512195122,0.0,0.4282214045524597,-0.07634619404287901,,0,1
qwen32B-int4_telecom_50runs,baseline,bge-m3,62264cd9-2b7e-4d20-80e9-c5039421f201,13,72,user,,,,,,0.4941249489784241,0,1
qwen32B-int4_telecom_50runs,baseline,bge-m3,62264cd9-2b7e-4d20-80e9-c5039421f201,14,72,tool,,,,,,,0,1
qwen32B-int4_telecom_50runs,baseline,bge-m3,62264cd9-2b7e-4d20-80e9-c5039421f201,15,72,user,,,,,,,0,1
qwen32B-int4_telecom_50runs,baseline,bge-m3,62264cd9-2b7e-4d20-80e9-c5039421f201,16,72,agent,0.6693239808082581,0.14666666666666667,0.0,0.3059977889060974,-0.15262150238541994,,0,1
qwen32B-int4_telecom_50runs,baseline,bge-m3,62264cd9-2b7e-4d20-80e9-c5039421f201,17,72,user,,,,,,0.48747915029525757,0,1
qwen32B-int4_telecom_50runs,baseline,bge-m3,62264cd9-2b7e-4d20-80e9-c5039421f201,18,72,tool,,,,,,,0,1
qwen32B-int4_telecom_50runs,baseline,bge-m3,62264cd9-2b7e-4d20-80e9-c5039421f201,19,72,user,,,,,,,0,1
qwen32B-int4_telecom_50runs,baseline,bge-m3,62264cd9-2b7e-4d20-80e9-c5039421f201,20,72,agent,0.7020636200904846,0.19480519480519481,0.0,0.35189616680145264,-0.1419578492641449,,0,1
qwen32B-int4_telecom_50runs,baseline,bge-m3,62264cd9-2b7e-4d20-80e9-c5039421f201,21,72,tool,,,,,,,0,1
qwen32B-int4_telecom_50runs,baseline,bge-m3,62264cd9-2b7e-4d20-80e9-c5039421f201,22,72,agent,0.7918978929519653,0.26436781609195403,0.0,0.2793099284172058,-0.18867694104419036,,0,1
qwen32B-int4_telecom_50runs,baseline,bge-m3,62264cd9-2b7e-4d20-80e9-c5039421f201,23,72,user,,,,,,0.4325970411300659,0,1
qwen32B-int4_telecom_50runs,baseline,bge-m3,62264cd9-2b7e-4d20-80e9-c5039421f201,24,72,tool,,,,,,,0,1
qwen32B-int4_telecom_50runs,baseline,bge-m3,62264cd9-2b7e-4d20-80e9-c5039421f201,25,72,user,,,,,,,0,1
qwen32B-int4_telecom_50runs,baseline,bge-m3,62264cd9-2b7e-4d20-80e9-c5039421f201,26,72,agent,0.8154003620147705,0.3258426966292135,0.0,0.4034692049026489,-0.08210203402182636,,0,1
qwen32B-int4_telecom_50runs,baseline,bge-m3,62264cd9-2b7e-4d20-80e9-c5039421f201,27,72,user,,,,,,0.5403859317302704,0,1
qwen32B-int4_telecom_50runs,baseline,bge-m3,62264cd9-2b7e-4d20-80e9-c5039421f201,28,72,tool,,,,,,,0,1
qwen32B-int4_telecom_50runs,baseline,bge-m3,62264cd9-2b7e-4d20-80e9-c5039421f201,29,72,user,,,,,,,0,1
qwen32B-int4_telecom_50runs,baseline,bge-m3,62264cd9-2b7e-4d20-80e9-c5039421f201,30,72,agent,0.7647997140884399,0.3614457831325301,0.0,0.45900046825408936,-0.029382696923087648,,0,1
qwen32B-int4_telecom_50runs,baseline,bge-m3,62264cd9-2b7e-4d20-80e9-c5039421f201,31,72,user,,,,,,0.4657028317451477,0,1
qwen32B-int4_telecom_50runs,baseline,bge-m3,62264cd9-2b7e-4d20-80e9-c5039421f201,32,72,tool,,,,,,,0,1
qwen32B-int4_telecom_50runs,baseline,bge-m3,62264cd9-2b7e-4d20-80e9-c5039421f201,33,72,user,,,,,,,0,1
qwen32B-int4_telecom_50runs,baseline,bge-m3,62264cd9-2b7e-4d20-80e9-c5039421f201,34,72,agent,0.6817469596862793,0.20952380952380953,0.0,0.4680784344673157,0.0014236271381378174,,0,1
qwen32B-int4_telecom_50runs,baseline,bge-m3,62264cd9-2b7e-4d20-80e9-c5039421f201,35,72,user,,,,,,0.552431046962738,0,1
qwen32B-int4_telecom_50runs,baseline,bge-m3,62264cd9-2b7e-4d20-80e9-c5039421f201,36,72,tool,,,,,,,0,1
qwen32B-int4_telecom_50runs,baseline,bge-m3,62264cd9-2b7e-4d20-80e9-c5039421f201,37,72,user,,,,,,,0,1
qwen32B-int4_telecom_50runs,baseline,bge-m3,62264cd9-2b7e-4d20-80e9-c5039421f201,38,72,agent,0.8120575547218323,0.26373626373626374,0.0,0.3435083031654358,-0.12380133306278901,,0,1
qwen32B-int4_telecom_50runs,baseline,bge-m3,62264cd9-2b7e-4d20-80e9-c5039421f201,39,72,user,,,,,,0.49101507663726807,0,1
qwen32B-int4_telecom_50runs,baseline,bge-m3,62264cd9-2b7e-4d20-80e9-c5039421f201,40,72,tool,,,,,,,0,1
qwen32B-int4_telecom_50runs,baseline,bge-m3,62264cd9-2b7e-4d20-80e9-c5039421f201,41,72,user,,,,,,,0,1
qwen32B-int4_telecom_50runs,baseline,bge-m3,62264cd9-2b7e-4d20-80e9-c5039421f201,42,72,agent,0.7379409670829773,0.30303030303030304,0.0,0.2907053232192993,-0.21776388673221359,,0,1
qwen32B-int4_telecom_50runs,baseline,bge-m3,62264cd9-2b7e-4d20-80e9-c5039421f201,43,72,user,,,,,,0.4541190266609192,0,1
qwen32B-int4_telecom_50runs,baseline,bge-m3,62264cd9-2b7e-4d20-80e9-c5039421f201,44,72,tool,,,,,,,0,1
qwen32B-int4_telecom_50runs,baseline,bge-m3,62264cd9-2b7e-4d20-80e9-c5039421f201,45,72,user,,,,,,,0,1
qwen32B-int4_telecom_50runs,baseline,bge-m3,62264cd9-2b7e-4d20-80e9-c5039421f201,46,72,agent,0.8549129366874695,0.3194444444444444,0.0,0.30116140842437744,-0.20137721475432901,,0,1
qwen32B-int4_telecom_50runs,baseline,bge-m3,62264cd9-2b7e-4d20-80e9-c5039421f201,47,72,user,,,,,,0.4831317067146301,0,1
qwen32B-int4_telecom_50runs,baseline,bge-m3,62264cd9-2b7e-4d20-80e9-c5039421f201,48,72,tool,,,,,,,0,1
qwen32B-int4_telecom_50runs,baseline,bge-m3,62264cd9-2b7e-4d20-80e9-c5039421f201,49,72,user,,,,,,,0,1
qwen32B-int4_telecom_50runs,baseline,bge-m3,62264cd9-2b7e-4d20-80e9-c5039421f201,50,72,agent,0.6253782510757446,0.1794871794871795,0.0,0.38910675048828125,-0.11476878032964821,,0,1
qwen32B-int4_telecom_50runs,baseline,bge-m3,62264cd9-2b7e-4d20-80e9-c5039421f201,51,72,user,,,,,,0.4304696321487427,0,1
qwen32B-int4_telecom_50runs,baseline,bge-m3,62264cd9-2b7e-4d20-80e9-c5039421f201,52,72,tool,,,,,,,0,1
qwen32B-int4_telecom_50runs,baseline,bge-m3,62264cd9-2b7e-4d20-80e9-c5039421f201,53,72,user,,,,,,,0,1
qwen32B-int4_telecom_50runs,baseline,bge-m3,62264cd9-2b7e-4d20-80e9-c5039421f201,54,72,agent,0.7419173121452332,0.20454545454545456,0.0,0.34889572858810425,-0.12709956835297975,,0,1
qwen32B-int4_telecom_50runs,baseline,bge-m3,62264cd9-2b7e-4d20-80e9-c5039421f201,55,72,user,,,,,,0.45703035593032837,0,1
qwen32B-int4_telecom_50runs,baseline,bge-m3,62264cd9-2b7e-4d20-80e9-c5039421f201,56,72,tool,,,,,,,0,1
qwen32B-int4_telecom_50runs,baseline,bge-m3,62264cd9-2b7e-4d20-80e9-c5039421f201,57,72,user,,,,,,,0,1
qwen32B-int4_telecom_50runs,baseline,bge-m3,62264cd9-2b7e-4d20-80e9-c5039421f201,58,72,agent,0.7821570038795471,0.3037974683544304,0.0,0.3127022385597229,-0.1809398602036869,,0,1
qwen32B-int4_telecom_50runs,baseline,bge-m3,62264cd9-2b7e-4d20-80e9-c5039421f201,59,72,user,,,,,,0.3651111125946045,0,1
qwen32B-int4_telecom_50runs,baseline,bge-m3,62264cd9-2b7e-4d20-80e9-c5039421f201,60,72,tool,,,,,,,0,1
qwen32B-int4_telecom_50runs,baseline,bge-m3,62264cd9-2b7e-4d20-80e9-c5039421f201,61,72,user,,,,,,,0,1
qwen32B-int4_telecom_50runs,baseline,bge-m3,62264cd9-2b7e-4d20-80e9-c5039421f201,62,72,agent,0.794887125492096,0.273972602739726,0.0,0.41374361515045166,-0.06060972985099344,,0,1
qwen32B-int4_telecom_50runs,baseline,bge-m3,62264cd9-2b7e-4d20-80e9-c5039421f201,63,72,user,,,,,,0.4341096878051758,0,1
qwen32B-int4_telecom_50runs,baseline,bge-m3,62264cd9-2b7e-4d20-80e9-c5039421f201,64,72,tool,,,,,,,0,1
qwen32B-int4_telecom_50runs,baseline,bge-m3,62264cd9-2b7e-4d20-80e9-c5039421f201,65,72,user,,,,,,,0,1
qwen32B-int4_telecom_50runs,baseline,bge-m3,62264cd9-2b7e-4d20-80e9-c5039421f201,66,72,agent,0.7277412414550781,0.1619047619047619,0.0,,,,0,1
qwen32B-int4_telecom_50runs,baseline,bge-m3,62264cd9-2b7e-4d20-80e9-c5039421f201,67,72,user,,,,,,0.32322192192077637,0,1
qwen32B-int4_telecom_50runs,baseline,bge-m3,62264cd9-2b7e-4d20-80e9-c5039421f201,68,72,agent,0.6322574019432068,0.06796116504854369,0.0,0.5004568099975586,0.018845898263594674,,0,1
qwen32B-int4_telecom_50runs,baseline,bge-m3,62264cd9-2b7e-4d20-80e9-c5039421f201,69,72,tool,,,,,,,0,1
qwen32B-int4_telecom_50runs,baseline,bge-m3,62264cd9-2b7e-4d20-80e9-c5039421f201,70,72,agent,0.602586030960083,0.09210526315789473,0.0,,,,0,1
qwen32B-int4_telecom_50runs,baseline,bge-m3,62264cd9-2b7e-4d20-80e9-c5039421f201,71,72,user,,,,,,0.3656492829322815,0,1
qwen32B-int4_telecom_50runs,baseline,bge-m3,101adb64-3e09-421a-8791-eb74efd73b72,0,51,agent,,,,,,,0,1
qwen32B-int4_telecom_50runs,baseline,bge-m3,101adb64-3e09-421a-8791-eb74efd73b72,1,51,user,,,,,,0.4389774799346924,0,1
qwen32B-int4_telecom_50runs,baseline,bge-m3,101adb64-3e09-421a-8791-eb74efd73b72,2,51,agent,0.5266148447990417,0.06153846153846154,0.0,0.4079269766807556,0.07208420832951862,,0,1
qwen32B-int4_telecom_50runs,baseline,bge-m3,101adb64-3e09-421a-8791-eb74efd73b72,3,51,user,,,,,,0.3790885806083679,0,1
qwen32B-int4_telecom_50runs,baseline,bge-m3,101adb64-3e09-421a-8791-eb74efd73b72,4,51,tool,,,,,,,0,1
qwen32B-int4_telecom_50runs,baseline,bge-m3,101adb64-3e09-421a-8791-eb74efd73b72,5,51,tool,,,,,,,0,1
qwen32B-int4_telecom_50runs,baseline,bge-m3,101adb64-3e09-421a-8791-eb74efd73b72,6,51,tool,,,,,,,0,1
qwen32B-int4_telecom_50runs,baseline,bge-m3,101adb64-3e09-421a-8791-eb74efd73b72,7,51,user,,,,,,,0,1
qwen32B-int4_telecom_50runs,baseline,bge-m3,101adb64-3e09-421a-8791-eb74efd73b72,8,51,agent,,,,0.41827183961868286,0.015787273645401,,0,1
qwen32B-int4_telecom_50runs,baseline,bge-m3,101adb64-3e09-421a-8791-eb74efd73b72,9,51,user,,,,,,0.3326932191848755,0,1
qwen32B-int4_telecom_50runs,baseline,bge-m3,101adb64-3e09-421a-8791-eb74efd73b72,10,51,tool,,,,,,,0,1
qwen32B-int4_telecom_50runs,baseline,bge-m3,101adb64-3e09-421a-8791-eb74efd73b72,11,51,tool,,,,,,,0,1
qwen32B-int4_telecom_50runs,baseline,bge-m3,101adb64-3e09-421a-8791-eb74efd73b72,12,51,tool,,,,,,,0,1
qwen32B-int4_telecom_50runs,baseline,bge-m3,101adb64-3e09-421a-8791-eb74efd73b72,13,51,user,,,,,,,0,1
qwen32B-int4_telecom_50runs,baseline,bge-m3,101adb64-3e09-421a-8791-eb74efd73b72,14,51,agent,,,,0.39219439029693604,-0.0002812643845875873,,0,1
qwen32B-int4_telecom_50runs,baseline,bge-m3,101adb64-3e09-421a-8791-eb74efd73b72,15,51,user,,,,,,0.5030490458011627,0,1
qwen32B-int4_telecom_50runs,baseline,bge-m3,101adb64-3e09-421a-8791-eb74efd73b72,16,51,tool,,,,,,,0,1
qwen32B-int4_telecom_50runs,baseline,bge-m3,101adb64-3e09-421a-8791-eb74efd73b72,17,51,user,,,,,,,0,1
qwen32B-int4_telecom_50runs,baseline,bge-m3,101adb64-3e09-421a-8791-eb74efd73b72,18,51,tool,,,,,,,0,1
qwen32B-int4_telecom_50runs,baseline,bge-m3,101adb64-3e09-421a-8791-eb74efd73b72,19,51,tool,,,,,,,0,1
qwen32B-int4_telecom_50runs,baseline,bge-m3,101adb64-3e09-421a-8791-eb74efd73b72,20,51,user,,,,,,,0,1
qwen32B-int4_telecom_50runs,baseline,bge-m3,101adb64-3e09-421a-8791-eb74efd73b72,21,51,agent,,,,0.3439410924911499,-0.035654579599698366,,0,1
qwen32B-int4_telecom_50runs,baseline,bge-m3,101adb64-3e09-421a-8791-eb74efd73b72,22,51,user,,,,,,0.5175253748893738,0,1
qwen32B-int4_telecom_50runs,baseline,bge-m3,101adb64-3e09-421a-8791-eb74efd73b72,23,51,tool,,,,,,,0,1
qwen32B-int4_telecom_50runs,baseline,bge-m3,101adb64-3e09-421a-8791-eb74efd73b72,24,51,user,,,,,,,0,1
qwen32B-int4_telecom_50runs,baseline,bge-m3,101adb64-3e09-421a-8791-eb74efd73b72,25,51,tool,,,,,,,0,1
qwen32B-int4_telecom_50runs,baseline,bge-m3,101adb64-3e09-421a-8791-eb74efd73b72,26,51,tool,,,,,,,0,1
qwen32B-int4_telecom_50runs,baseline,bge-m3,101adb64-3e09-421a-8791-eb74efd73b72,27,51,user,,,,,,,0,1
qwen32B-int4_telecom_50runs,baseline,bge-m3,101adb64-3e09-421a-8791-eb74efd73b72,28,51,agent,,,,0.3781352639198303,-0.012046883503596006,,0,1
qwen32B-int4_telecom_50runs,baseline,bge-m3,101adb64-3e09-421a-8791-eb74efd73b72,29,51,user,,,,,,0.5401729047298431,0,1
qwen32B-int4_telecom_50runs,baseline,bge-m3,101adb64-3e09-421a-8791-eb74efd73b72,30,51,tool,,,,,,,0,1
qwen32B-int4_telecom_50runs,baseline,bge-m3,101adb64-3e09-421a-8791-eb74efd73b72,31,51,user,,,,,,,0,1
qwen32B-int4_telecom_50runs,baseline,bge-m3,101adb64-3e09-421a-8791-eb74efd73b72,32,51,tool,,,,,,,0,1
qwen32B-int4_telecom_50runs,baseline,bge-m3,101adb64-3e09-421a-8791-eb74efd73b72,33,51,user,,,,,,,0,1
qwen32B-int4_telecom_50runs,baseline,bge-m3,101adb64-3e09-421a-8791-eb74efd73b72,34,51,agent,,,,,,,0,1
qwen32B-int4_telecom_50runs,baseline,bge-m3,101adb64-3e09-421a-8791-eb74efd73b72,35,51,user,,,,,,0.2761384844779968,0,1
qwen32B-int4_telecom_50runs,baseline,bge-m3,101adb64-3e09-421a-8791-eb74efd73b72,36,51,agent,0.8569968938827515,0.39669421487603307,0.0,0.38160526752471924,-0.011497676372528076,,0,1
qwen32B-int4_telecom_50runs,baseline,bge-m3,101adb64-3e09-421a-8791-eb74efd73b72,37,51,user,,,,,,0.349590539932251,0,1
qwen32B-int4_telecom_50runs,baseline,bge-m3,101adb64-3e09-421a-8791-eb74efd73b72,38,51,tool,,,,,,,0,1
qwen32B-int4_telecom_50runs,baseline,bge-m3,101adb64-3e09-421a-8791-eb74efd73b72,39,51,tool,,,,,,,0,1
qwen32B-int4_telecom_50runs,baseline,bge-m3,101adb64-3e09-421a-8791-eb74efd73b72,40,51,tool,,,,,,,0,1
qwen32B-int4_telecom_50runs,baseline,bge-m3,101adb64-3e09-421a-8791-eb74efd73b72,41,51,tool,,,,,,,0,1
qwen32B-int4_telecom_50runs,baseline,bge-m3,101adb64-3e09-421a-8791-eb74efd73b72,42,51,user,,,,,,,0,1
qwen32B-int4_telecom_50runs,baseline,bge-m3,101adb64-3e09-421a-8791-eb74efd73b72,43,51,agent,,,,,,,0,1
qwen32B-int4_telecom_50runs,baseline,bge-m3,101adb64-3e09-421a-8791-eb74efd73b72,44,51,user,,,,,,0.32751357555389404,0,1
qwen32B-int4_telecom_50runs,baseline,bge-m3,101adb64-3e09-421a-8791-eb74efd73b72,45,51,agent,0.7846900820732117,0.3939393939393939,0.0,0.46025538444519043,-0.007622450590133667,,0,1
qwen32B-int4_telecom_50runs,baseline,bge-m3,101adb64-3e09-421a-8791-eb74efd73b72,46,51,user,,,,,,0.18536454439163208,0,1
qwen32B-int4_telecom_50runs,baseline,bge-m3,101adb64-3e09-421a-8791-eb74efd73b72,47,51,tool,,,,,,,0,1
qwen32B-int4_telecom_50runs,baseline,bge-m3,101adb64-3e09-421a-8791-eb74efd73b72,48,51,user,,,,,,,0,1
qwen32B-int4_telecom_50runs,baseline,bge-m3,101adb64-3e09-421a-8791-eb74efd73b72,49,51,agent,0.5340671539306641,0.2540983606557377,0.0,,,,0,1
qwen32B-int4_telecom_50runs,baseline,bge-m3,101adb64-3e09-421a-8791-eb74efd73b72,50,51,user,,,,,,0.5283983647823334,0,1
qwen32B-int4_telecom_50runs,baseline,bge-m3,c256d11c-3588-457e-bfed-9d8cea2c5bce,0,55,agent,,,,,,,0,1
qwen32B-int4_telecom_50runs,baseline,bge-m3,c256d11c-3588-457e-bfed-9d8cea2c5bce,1,55,user,,,,,,0.4618304371833801,0,1
qwen32B-int4_telecom_50runs,baseline,bge-m3,c256d11c-3588-457e-bfed-9d8cea2c5bce,2,55,agent,0.47213372588157654,0.0,0.0,0.35310524702072144,-0.2266922484744679,,0,1
qwen32B-int4_telecom_50runs,baseline,bge-m3,c256d11c-3588-457e-bfed-9d8cea2c5bce,3,55,tool,,,,,,,0,1
qwen32B-int4_telecom_50runs,baseline,bge-m3,c256d11c-3588-457e-bfed-9d8cea2c5bce,4,55,agent,0.5560819506645203,0.09375,0.0,,,,0,1
qwen32B-int4_telecom_50runs,baseline,bge-m3,c256d11c-3588-457e-bfed-9d8cea2c5bce,5,55,user,,,,,,0.31756627559661865,0,1
qwen32B-int4_telecom_50runs,baseline,bge-m3,c256d11c-3588-457e-bfed-9d8cea2c5bce,6,55,agent,0.832977831363678,0.3684210526315789,0.0,0.553706705570221,-0.016292168335481083,,0,1
qwen32B-int4_telecom_50runs,baseline,bge-m3,c256d11c-3588-457e-bfed-9d8cea2c5bce,7,55,tool,,,,,,,0,1
qwen32B-int4_telecom_50runs,baseline,bge-m3,c256d11c-3588-457e-bfed-9d8cea2c5bce,8,55,agent,0.6260328888893127,0.2,0.0,,,,0,1
qwen32B-int4_telecom_50runs,baseline,bge-m3,c256d11c-3588-457e-bfed-9d8cea2c5bce,9,55,user,,,,,,0.46262818574905396,0,1
qwen32B-int4_telecom_50runs,baseline,bge-m3,c256d11c-3588-457e-bfed-9d8cea2c5bce,10,55,agent,0.800159215927124,0.3333333333333333,0.0,0.41912245750427246,-0.15490210869095544,,0,1
qwen32B-int4_telecom_50runs,baseline,bge-m3,c256d11c-3588-457e-bfed-9d8cea2c5bce,11,55,tool,,,,,,,0,1
qwen32B-int4_telecom_50runs,baseline,bge-m3,c256d11c-3588-457e-bfed-9d8cea2c5bce,12,55,agent,0.5013875961303711,0.2087912087912088,0.0,0.4853917360305786,-0.04223532026464294,,0,1
qwen32B-int4_telecom_50runs,baseline,bge-m3,c256d11c-3588-457e-bfed-9d8cea2c5bce,13,55,user,,,,,,0.5052793622016907,0,1
qwen32B-int4_telecom_50runs,baseline,bge-m3,c256d11c-3588-457e-bfed-9d8cea2c5bce,14,55,tool,,,,,,,0,1
qwen32B-int4_telecom_50runs,baseline,bge-m3,c256d11c-3588-457e-bfed-9d8cea2c5bce,15,55,user,,,,,,,0,1
qwen32B-int4_telecom_50runs,baseline,bge-m3,c256d11c-3588-457e-bfed-9d8cea2c5bce,16,55,agent,0.5365439057350159,0.013888888888888888,0.0,0.3616393804550171,-0.1569001485000957,,0,1
qwen32B-int4_telecom_50runs,baseline,bge-m3,c256d11c-3588-457e-bfed-9d8cea2c5bce,17,55,tool,,,,,,,0,1
qwen32B-int4_telecom_50runs,baseline,bge-m3,c256d11c-3588-457e-bfed-9d8cea2c5bce,18,55,agent,0.5403639674186707,0.0,0.0,0.24534523487091064,-0.20462494817647064,,0,1
qwen32B-int4_telecom_50runs,baseline,bge-m3,c256d11c-3588-457e-bfed-9d8cea2c5bce,19,55,user,,,,,,0.4583808183670044,0,1
qwen32B-int4_telecom_50runs,baseline,bge-m3,c256d11c-3588-457e-bfed-9d8cea2c5bce,20,55,tool,,,,,,,0,1
qwen32B-int4_telecom_50runs,baseline,bge-m3,c256d11c-3588-457e-bfed-9d8cea2c5bce,21,55,user,,,,,,,0,1
qwen32B-int4_telecom_50runs,baseline,bge-m3,c256d11c-3588-457e-bfed-9d8cea2c5bce,22,55,agent,0.6593692302703857,0.18584070796460178,0.0,0.2807788848876953,-0.24637315490029077,,0,1
qwen32B-int4_telecom_50runs,baseline,bge-m3,c256d11c-3588-457e-bfed-9d8cea2c5bce,23,55,user,,,,,,0.36562126874923706,0,1
qwen32B-int4_telecom_50runs,baseline,bge-m3,c256d11c-3588-457e-bfed-9d8cea2c5bce,24,55,tool,,,,,,,0,1
qwen32B-int4_telecom_50runs,baseline,bge-m3,c256d11c-3588-457e-bfed-9d8cea2c5bce,25,55,user,,,,,,,0,1
qwen32B-int4_telecom_50runs,baseline,bge-m3,c256d11c-3588-457e-bfed-9d8cea2c5bce,26,55,agent,0.8372756838798523,0.24271844660194175,0.0,0.5350573360919952,0.06942057880488312,,0,1
qwen32B-int4_telecom_50runs,baseline,bge-m3,c256d11c-3588-457e-bfed-9d8cea2c5bce,27,55,user,,,,,,0.5666041374206543,0,1
qwen32B-int4_telecom_50runs,baseline,bge-m3,c256d11c-3588-457e-bfed-9d8cea2c5bce,28,55,tool,,,,,,,0,1
qwen32B-int4_telecom_50runs,baseline,bge-m3,c256d11c-3588-457e-bfed-9d8cea2c5bce,29,55,user,,,,,,,0,1
qwen32B-int4_telecom_50runs,baseline,bge-m3,c256d11c-3588-457e-bfed-9d8cea2c5bce,30,55,tool,,,,,,,0,1
qwen32B-int4_telecom_50runs,baseline,bge-m3,c256d11c-3588-457e-bfed-9d8cea2c5bce,31,55,user,,,,,,,0,1
qwen32B-int4_telecom_50runs,baseline,bge-m3,c256d11c-3588-457e-bfed-9d8cea2c5bce,32,55,agent,,,,0.3347892761230469,-0.18362784927541564,,0,1
qwen32B-int4_telecom_50runs,baseline,bge-m3,c256d11c-3588-457e-bfed-9d8cea2c5bce,33,55,user,,,,,,0.5218476057052612,0,1
qwen32B-int4_telecom_50runs,baseline,bge-m3,c256d11c-3588-457e-bfed-9d8cea2c5bce,34,55,tool,,,,,,,0,1
qwen32B-int4_telecom_50runs,baseline,bge-m3,c256d11c-3588-457e-bfed-9d8cea2c5bce,35,55,user,,,,,,,0,1
qwen32B-int4_telecom_50runs,baseline,bge-m3,c256d11c-3588-457e-bfed-9d8cea2c5bce,36,55,tool,,,,,,,0,1
qwen32B-int4_telecom_50runs,baseline,bge-m3,c256d11c-3588-457e-bfed-9d8cea2c5bce,37,55,tool,,,,,,,0,1
qwen32B-int4_telecom_50runs,baseline,bge-m3,c256d11c-3588-457e-bfed-9d8cea2c5bce,38,55,user,,,,,,,0,1
qwen32B-int4_telecom_50runs,baseline,bge-m3,c256d11c-3588-457e-bfed-9d8cea2c5bce,39,55,agent,,,,,,,0,1
qwen32B-int4_telecom_50runs,baseline,bge-m3,c256d11c-3588-457e-bfed-9d8cea2c5bce,40,55,user,,,,,,0.24585670232772827,0,1
qwen32B-int4_telecom_50runs,baseline,bge-m3,c256d11c-3588-457e-bfed-9d8cea2c5bce,41,55,agent,0.8009438514709473,0.27049180327868855,0.0,0.380351185798645,-0.12241824919527222,,0,1
qwen32B-int4_telecom_50runs,baseline,bge-m3,c256d11c-3588-457e-bfed-9d8cea2c5bce,42,55,user,,,,,,0.47798705101013184,0,1
qwen32B-int4_telecom_50runs,baseline,bge-m3,c256d11c-3588-457e-bfed-9d8cea2c5bce,43,55,tool,,,,,,,0,1
qwen32B-int4_telecom_50runs,baseline,bge-m3,c256d11c-3588-457e-bfed-9d8cea2c5bce,44,55,user,,,,,,,0,1
qwen32B-int4_telecom_50runs,baseline,bge-m3,c256d11c-3588-457e-bfed-9d8cea2c5bce,45,55,agent,0.9464638829231262,0.6808510638297872,0.0,0.23771178722381592,-0.2741744030605663,,0,1
qwen32B-int4_telecom_50runs,baseline,bge-m3,c256d11c-3588-457e-bfed-9d8cea2c5bce,46,55,user,,,,,,0.34323740005493164,0,1
qwen32B-int4_telecom_50runs,baseline,bge-m3,c256d11c-3588-457e-bfed-9d8cea2c5bce,47,55,tool,,,,,,,0,1
qwen32B-int4_telecom_50runs,baseline,bge-m3,c256d11c-3588-457e-bfed-9d8cea2c5bce,48,55,user,,,,,,,0,1
qwen32B-int4_telecom_50runs,baseline,bge-m3,c256d11c-3588-457e-bfed-9d8cea2c5bce,49,55,agent,0.7788170576095581,0.22935779816513763,0.0,0.40045905113220215,-0.08445878733288159,,0,1
qwen32B-int4_telecom_50runs,baseline,bge-m3,c256d11c-3588-457e-bfed-9d8cea2c5bce,50,55,user,,,,,,0.4650256037712097,0,1
qwen32B-int4_telecom_50runs,baseline,bge-m3,c256d11c-3588-457e-bfed-9d8cea2c5bce,51,55,tool,,,,,,,0,1
qwen32B-int4_telecom_50runs,baseline,bge-m3,c256d11c-3588-457e-bfed-9d8cea2c5bce,52,55,user,,,,,,,0,1
qwen32B-int4_telecom_50runs,baseline,bge-m3,c256d11c-3588-457e-bfed-9d8cea2c5bce,53,55,agent,0.6143129467964172,0.24550898203592814,0.0,,,,0,1
qwen32B-int4_telecom_50runs,baseline,bge-m3,c256d11c-3588-457e-bfed-9d8cea2c5bce,54,55,user,,,,,,0.29438984394073486,0,1
qwen32B-int4_telecom_50runs,baseline,bge-m3,6b5e43a4-928a-4a00-bcaf-2cd24e541021,0,96,agent,,,,,,,0,1
qwen32B-int4_telecom_50runs,baseline,bge-m3,6b5e43a4-928a-4a00-bcaf-2cd24e541021,1,96,user,,,,,,0.44117146730422974,0,1
qwen32B-int4_telecom_50runs,baseline,bge-m3,6b5e43a4-928a-4a00-bcaf-2cd24e541021,2,96,agent,0.5705976486206055,0.08333333333333333,0.0,0.29315507411956787,-0.19473618931240505,,0,1
qwen32B-int4_telecom_50runs,baseline,bge-m3,6b5e43a4-928a-4a00-bcaf-2cd24e541021,3,96,user,,,,,,0.41167640686035156,0,1
qwen32B-int4_telecom_50runs,baseline,bge-m3,6b5e43a4-928a-4a00-bcaf-2cd24e541021,4,96,tool,,,,,,,0,1
qwen32B-int4_telecom_50runs,baseline,bge-m3,6b5e43a4-928a-4a00-bcaf-2cd24e541021,5,96,user,,,,,,,0,1
qwen32B-int4_telecom_50runs,baseline,bge-m3,6b5e43a4-928a-4a00-bcaf-2cd24e541021,6,96,agent,0.6891139149665833,0.313953488372093,0.0,0.3618735671043396,-0.1541784124241935,,0,1
qwen32B-int4_telecom_50runs,baseline,bge-m3,6b5e43a4-928a-4a00-bcaf-2cd24e541021,7,96,user,,,,,,0.36290794610977173,0,1
qwen32B-int4_telecom_50runs,baseline,bge-m3,6b5e43a4-928a-4a00-bcaf-2cd24e541021,8,96,tool,,,,,,,0,1
qwen32B-int4_telecom_50runs,baseline,bge-m3,6b5e43a4-928a-4a00-bcaf-2cd24e541021,9,96,user,,,,,,,0,1
qwen32B-int4_telecom_50runs,baseline,bge-m3,6b5e43a4-928a-4a00-bcaf-2cd24e541021,10,96,tool,,,,,,,0,1
qwen32B-int4_telecom_50runs,baseline,bge-m3,6b5e43a4-928a-4a00-bcaf-2cd24e541021,11,96,user,,,,,,,0,1
qwen32B-int4_telecom_50runs,baseline,bge-m3,6b5e43a4-928a-4a00-bcaf-2cd24e541021,12,96,agent,,,,0.43743085861206055,-0.06339923540751136,,0,1
qwen32B-int4_telecom_50runs,baseline,bge-m3,6b5e43a4-928a-4a00-bcaf-2cd24e541021,13,96,user,,,,,,0.40647590160369873,0,1
qwen32B-int4_telecom_50runs,baseline,bge-m3,6b5e43a4-928a-4a00-bcaf-2cd24e541021,14,96,tool,,,,,,,0,1
qwen32B-int4_telecom_50runs,baseline,bge-m3,6b5e43a4-928a-4a00-bcaf-2cd24e541021,15,96,user,,,,,,,0,1
qwen32B-int4_telecom_50runs,baseline,bge-m3,6b5e43a4-928a-4a00-bcaf-2cd24e541021,16,96,agent,0.7137137651443481,0.25842696629213485,0.0,0.39439183473587036,-0.05194121599197388,,0,1
qwen32B-int4_telecom_50runs,baseline,bge-m3,6b5e43a4-928a-4a00-bcaf-2cd24e541021,17,96,user,,,,,,0.46808910369873047,0,1
qwen32B-int4_telecom_50runs,baseline,bge-m3,6b5e43a4-928a-4a00-bcaf-2cd24e541021,18,96,tool,,,,,,,0,1
qwen32B-int4_telecom_50runs,baseline,bge-m3,6b5e43a4-928a-4a00-bcaf-2cd24e541021,19,96,user,,,,,,,0,1
qwen32B-int4_telecom_50runs,baseline,bge-m3,6b5e43a4-928a-4a00-bcaf-2cd24e541021,20,96,agent,0.7925674319267273,0.2716049382716049,0.0,0.40965306758880615,-0.050810250971052406,,0,1
qwen32B-int4_telecom_50runs,baseline,bge-m3,6b5e43a4-928a-4a00-bcaf-2cd24e541021,21,96,user,,,,,,0.46264976263046265,0,1
qwen32B-int4_telecom_50runs,baseline,bge-m3,6b5e43a4-928a-4a00-bcaf-2cd24e541021,22,96,tool,,,,,,,0,1
qwen32B-int4_telecom_50runs,baseline,bge-m3,6b5e43a4-928a-4a00-bcaf-2cd24e541021,23,96,user,,,,,,,0,1
qwen32B-int4_telecom_50runs,baseline,bge-m3,6b5e43a4-928a-4a00-bcaf-2cd24e541021,24,96,tool,,,,,,,0,1
qwen32B-int4_telecom_50runs,baseline,bge-m3,6b5e43a4-928a-4a00-bcaf-2cd24e541021,25,96,user,,,,,,,0,1
qwen32B-int4_telecom_50runs,baseline,bge-m3,6b5e43a4-928a-4a00-bcaf-2cd24e541021,26,96,agent,,,,0.4224971532821655,-0.05792501072088879,,0,1
qwen32B-int4_telecom_50runs,baseline,bge-m3,6b5e43a4-928a-4a00-bcaf-2cd24e541021,27,96,user,,,,,,0.3047974109649658,0,1
qwen32B-int4_telecom_50runs,baseline,bge-m3,6b5e43a4-928a-4a00-bcaf-2cd24e541021,28,96,tool,,,,,,,0,1
qwen32B-int4_telecom_50runs,baseline,bge-m3,6b5e43a4-928a-4a00-bcaf-2cd24e541021,29,96,user,,,,,,,0,1
qwen32B-int4_telecom_50runs,baseline,bge-m3,6b5e43a4-928a-4a00-bcaf-2cd24e541021,30,96,tool,,,,,,,0,1
qwen32B-int4_telecom_50runs,baseline,bge-m3,6b5e43a4-928a-4a00-bcaf-2cd24e541021,31,96,user,,,,,,,0,1
qwen32B-int4_telecom_50runs,baseline,bge-m3,6b5e43a4-928a-4a00-bcaf-2cd24e541021,32,96,tool,,,,,,,0,1
qwen32B-int4_telecom_50runs,baseline,bge-m3,6b5e43a4-928a-4a00-bcaf-2cd24e541021,33,96,user,,,,,,,0,1
qwen32B-int4_telecom_50runs,baseline,bge-m3,6b5e43a4-928a-4a00-bcaf-2cd24e541021,34,96,agent,,,,,,,0,1
qwen32B-int4_telecom_50runs,baseline,bge-m3,6b5e43a4-928a-4a00-bcaf-2cd24e541021,35,96,user,,,,,,0.4002576470375061,0,1
qwen32B-int4_telecom_50runs,baseline,bge-m3,6b5e43a4-928a-4a00-bcaf-2cd24e541021,36,96,agent,0.5613139867782593,0.01639344262295082,0.0,0.41558343172073364,-0.15862421194712317,,0,1
qwen32B-int4_telecom_50runs,baseline,bge-m3,6b5e43a4-928a-4a00-bcaf-2cd24e541021,37,96,tool,,,,,,,0,1
qwen32B-int4_telecom_50runs,baseline,bge-m3,6b5e43a4-928a-4a00-bcaf-2cd24e541021,38,96,agent,0.7335335612297058,0.32098765432098764,0.0,,,,0,1
qwen32B-int4_telecom_50runs,baseline,bge-m3,6b5e43a4-928a-4a00-bcaf-2cd24e541021,39,96,user,,,,,,0.26017922163009644,0,1
qwen32B-int4_telecom_50runs,baseline,bge-m3,6b5e43a4-928a-4a00-bcaf-2cd24e541021,40,96,agent,0.8679898977279663,0.391304347826087,0.0,,,,0,1
qwen32B-int4_telecom_50runs,baseline,bge-m3,6b5e43a4-928a-4a00-bcaf-2cd24e541021,41,96,user,,,,,,0.14323759078979492,0,1
qwen32B-int4_telecom_50runs,baseline,bge-m3,6b5e43a4-928a-4a00-bcaf-2cd24e541021,42,96,agent,0.5232914686203003,0.02127659574468085,0.0,0.4900304079055786,-0.09346043566862738,,0,1
qwen32B-int4_telecom_50runs,baseline,bge-m3,6b5e43a4-928a-4a00-bcaf-2cd24e541021,43,96,tool,,,,,,,0,1
qwen32B-int4_telecom_50runs,baseline,bge-m3,6b5e43a4-928a-4a00-bcaf-2cd24e541021,44,96,agent,0.6686027646064758,0.17721518987341772,0.0,0.38877999782562256,-0.08122474617428249,,0,1
qwen32B-int4_telecom_50runs,baseline,bge-m3,6b5e43a4-928a-4a00-bcaf-2cd24e541021,45,96,tool,,,,,,,0,1
qwen32B-int4_telecom_50runs,baseline,bge-m3,6b5e43a4-928a-4a00-bcaf-2cd24e541021,46,96,agent,0.776507556438446,0.2073170731707317,0.0,0.4163299798965454,-0.03325528568691677,,0,1
qwen32B-int4_telecom_50runs,baseline,bge-m3,6b5e43a4-928a-4a00-bcaf-2cd24e541021,47,96,user,,,,,,0.4712667465209961,0,1
qwen32B-int4_telecom_50runs,baseline,bge-m3,6b5e43a4-928a-4a00-bcaf-2cd24e541021,48,96,tool,,,,,,,0,1
qwen32B-int4_telecom_50runs,baseline,bge-m3,6b5e43a4-928a-4a00-bcaf-2cd24e541021,49,96,user,,,,,,,0,1
qwen32B-int4_telecom_50runs,baseline,bge-m3,6b5e43a4-928a-4a00-bcaf-2cd24e541021,50,96,agent,0.7948414087295532,0.17073170731707318,0.0,,,,0,1
qwen32B-int4_telecom_50runs,baseline,bge-m3,6b5e43a4-928a-4a00-bcaf-2cd24e541021,51,96,user,,,,,,0.37120676040649414,0,1
qwen32B-int4_telecom_50runs,baseline,bge-m3,6b5e43a4-928a-4a00-bcaf-2cd24e541021,52,96,agent,0.6993608474731445,0.3898305084745763,0.0,0.4579155445098877,-0.08836452497376335,,0,1
qwen32B-int4_telecom_50runs,baseline,bge-m3,6b5e43a4-928a-4a00-bcaf-2cd24e541021,53,96,tool,,,,,,,0,1
qwen32B-int4_telecom_50runs,baseline,bge-m3,6b5e43a4-928a-4a00-bcaf-2cd24e541021,54,96,agent,0.6576200127601624,0.1827956989247312,0.0,,,,0,1
qwen32B-int4_telecom_50runs,baseline,bge-m3,6b5e43a4-928a-4a00-bcaf-2cd24e541021,55,96,user,,,,,,0.2524692416191101,0,1
qwen32B-int4_telecom_50runs,baseline,bge-m3,6b5e43a4-928a-4a00-bcaf-2cd24e541021,56,96,agent,0.7143316268920898,0.20833333333333334,0.0,0.2088618278503418,-0.40982202357716035,,0,1
qwen32B-int4_telecom_50runs,baseline,bge-m3,6b5e43a4-928a-4a00-bcaf-2cd24e541021,57,96,tool,,,,,,,0,1
qwen32B-int4_telecom_50runs,baseline,bge-m3,6b5e43a4-928a-4a00-bcaf-2cd24e541021,58,96,agent,0.7873493432998657,0.3559322033898305,0.0,0.4585016369819641,-0.006923569573296429,,0,1
qwen32B-int4_telecom_50runs,baseline,bge-m3,6b5e43a4-928a-4a00-bcaf-2cd24e541021,59,96,user,,,,,,0.4567714333534241,0,1
qwen32B-int4_telecom_50runs,baseline,bge-m3,6b5e43a4-928a-4a00-bcaf-2cd24e541021,60,96,tool,,,,,,,0,1
qwen32B-int4_telecom_50runs,baseline,bge-m3,6b5e43a4-928a-4a00-bcaf-2cd24e541021,61,96,user,,,,,,,0,1
qwen32B-int4_telecom_50runs,baseline,bge-m3,6b5e43a4-928a-4a00-bcaf-2cd24e541021,62,96,tool,,,,,,,0,1
qwen32B-int4_telecom_50runs,baseline,bge-m3,6b5e43a4-928a-4a00-bcaf-2cd24e541021,63,96,user,,,,,,,0,1
qwen32B-int4_telecom_50runs,baseline,bge-m3,6b5e43a4-928a-4a00-bcaf-2cd24e541021,64,96,tool,,,,,,,0,1
qwen32B-int4_telecom_50runs,baseline,bge-m3,6b5e43a4-928a-4a00-bcaf-2cd24e541021,65,96,user,,,,,,,0,1
qwen32B-int4_telecom_50runs,baseline,bge-m3,6b5e43a4-928a-4a00-bcaf-2cd24e541021,66,96,agent,,,,0.512605607509613,0.02206195725335014,,0,1
qwen32B-int4_telecom_50runs,baseline,bge-m3,6b5e43a4-928a-4a00-bcaf-2cd24e541021,67,96,user,,,,,,0.40497028827667236,0,1
qwen32B-int4_telecom_50runs,baseline,bge-m3,6b5e43a4-928a-4a00-bcaf-2cd24e541021,68,96,tool,,,,,,,0,1
qwen32B-int4_telecom_50runs,baseline,bge-m3,6b5e43a4-928a-4a00-bcaf-2cd24e541021,69,96,user,,,,,,,0,1
qwen32B-int4_telecom_50runs,baseline,bge-m3,6b5e43a4-928a-4a00-bcaf-2cd24e541021,70,96,tool,,,,,,,0,1
qwen32B-int4_telecom_50runs,baseline,bge-m3,6b5e43a4-928a-4a00-bcaf-2cd24e541021,71,96,user,,,,,,,0,1
qwen32B-int4_telecom_50runs,baseline,bge-m3,6b5e43a4-928a-4a00-bcaf-2cd24e541021,72,96,tool,,,,,,,0,1
qwen32B-int4_telecom_50runs,baseline,bge-m3,6b5e43a4-928a-4a00-bcaf-2cd24e541021,73,96,user,,,,,,,0,1
qwen32B-int4_telecom_50runs,baseline,bge-m3,6b5e43a4-928a-4a00-bcaf-2cd24e541021,74,96,agent,,,,0.2889143228530884,-0.2648190359274546,,0,1
qwen32B-int4_telecom_50runs,baseline,bge-m3,6b5e43a4-928a-4a00-bcaf-2cd24e541021,75,96,tool,,,,,,,0,1
qwen32B-int4_telecom_50runs,baseline,bge-m3,6b5e43a4-928a-4a00-bcaf-2cd24e541021,76,96,agent,0.6366338133811951,0.03125,0.0,0.4534323811531067,-0.03037715786033207,,0,1
qwen32B-int4_telecom_50runs,baseline,bge-m3,6b5e43a4-928a-4a00-bcaf-2cd24e541021,77,96,user,,,,,,0.40381544828414917,0,1
qwen32B-int4_telecom_50runs,baseline,bge-m3,6b5e43a4-928a-4a00-bcaf-2cd24e541021,78,96,tool,,,,,,,0,1
qwen32B-int4_telecom_50runs,baseline,bge-m3,6b5e43a4-928a-4a00-bcaf-2cd24e541021,79,96,user,,,,,,,0,1
qwen32B-int4_telecom_50runs,baseline,bge-m3,6b5e43a4-928a-4a00-bcaf-2cd24e541021,80,96,agent,0.8193163871765137,0.32098765432098764,0.0,0.49376845359802246,0.035536256101396324,,0,1
qwen32B-int4_telecom_50runs,baseline,bge-m3,6b5e43a4-928a-4a00-bcaf-2cd24e541021,81,96,user,,,,,,0.4284529685974121,0,1
qwen32B-int4_telecom_50runs,baseline,bge-m3,6b5e43a4-928a-4a00-bcaf-2cd24e541021,82,96,tool,,,,,,,0,1
qwen32B-int4_telecom_50runs,baseline,bge-m3,6b5e43a4-928a-4a00-bcaf-2cd24e541021,83,96,user,,,,,,,0,1
qwen32B-int4_telecom_50runs,baseline,bge-m3,6b5e43a4-928a-4a00-bcaf-2cd24e541021,84,96,tool,,,,,,,0,1
qwen32B-int4_telecom_50runs,baseline,bge-m3,6b5e43a4-928a-4a00-bcaf-2cd24e541021,85,96,user,,,,,,,0,1
qwen32B-int4_telecom_50runs,baseline,bge-m3,6b5e43a4-928a-4a00-bcaf-2cd24e541021,86,96,agent,,,,0.4352978467941284,-0.057927873399522545,,0,1
qwen32B-int4_telecom_50runs,baseline,bge-m3,6b5e43a4-928a-4a00-bcaf-2cd24e541021,87,96,user,,,,,,0.2919066548347473,0,1
qwen32B-int4_telecom_50runs,baseline,bge-m3,6b5e43a4-928a-4a00-bcaf-2cd24e541021,88,96,tool,,,,,,,0,1
qwen32B-int4_telecom_50runs,baseline,bge-m3,6b5e43a4-928a-4a00-bcaf-2cd24e541021,89,96,user,,,,,,,0,1
qwen32B-int4_telecom_50runs,baseline,bge-m3,6b5e43a4-928a-4a00-bcaf-2cd24e541021,90,96,tool,,,,,,,0,1
qwen32B-int4_telecom_50runs,baseline,bge-m3,6b5e43a4-928a-4a00-bcaf-2cd24e541021,91,96,user,,,,,,,0,1
qwen32B-int4_telecom_50runs,baseline,bge-m3,6b5e43a4-928a-4a00-bcaf-2cd24e541021,92,96,agent,,,,0.4964158535003662,-0.05333698458141756,,0,1
qwen32B-int4_telecom_50runs,baseline,bge-m3,6b5e43a4-928a-4a00-bcaf-2cd24e541021,93,96,tool,,,,,,,0,1
qwen32B-int4_telecom_50runs,baseline,bge-m3,6b5e43a4-928a-4a00-bcaf-2cd24e541021,94,96,agent,0.6513955593109131,0.1282051282051282,0.0,,,,0,1
qwen32B-int4_telecom_50runs,baseline,bge-m3,6b5e43a4-928a-4a00-bcaf-2cd24e541021,95,96,user,,,,,,0.36564916372299194,0,1
qwen32B-int4_telecom_50runs,baseline,bge-m3,b49f4bfb-d91b-4dfd-9988-377c5ea1f1dd,0,126,agent,,,,,,,0,1
qwen32B-int4_telecom_50runs,baseline,bge-m3,b49f4bfb-d91b-4dfd-9988-377c5ea1f1dd,1,126,user,,,,,,0.44117146730422974,0,1
qwen32B-int4_telecom_50runs,baseline,bge-m3,b49f4bfb-d91b-4dfd-9988-377c5ea1f1dd,2,126,agent,0.5705976486206055,0.08333333333333333,0.0,0.32273638248443604,-0.12994418889284132,,0,1
qwen32B-int4_telecom_50runs,baseline,bge-m3,b49f4bfb-d91b-4dfd-9988-377c5ea1f1dd,3,126,user,,,,,,0.4011566638946533,0,1
qwen32B-int4_telecom_50runs,baseline,bge-m3,b49f4bfb-d91b-4dfd-9988-377c5ea1f1dd,4,126,tool,,,,,,,0,1
qwen32B-int4_telecom_50runs,baseline,bge-m3,b49f4bfb-d91b-4dfd-9988-377c5ea1f1dd,5,126,user,,,,,,,0,1
qwen32B-int4_telecom_50runs,baseline,bge-m3,b49f4bfb-d91b-4dfd-9988-377c5ea1f1dd,6,126,agent,0.7250375747680664,0.2191780821917808,0.0,0.23989510536193848,-0.19133280366659167,,0,1
qwen32B-int4_telecom_50runs,baseline,bge-m3,b49f4bfb-d91b-4dfd-9988-377c5ea1f1dd,7,126,user,,,,,,0.42006564140319824,0,1
qwen32B-int4_telecom_50runs,baseline,bge-m3,b49f4bfb-d91b-4dfd-9988-377c5ea1f1dd,8,126,tool,,,,,,,0,1
qwen32B-int4_telecom_50runs,baseline,bge-m3,b49f4bfb-d91b-4dfd-9988-377c5ea1f1dd,9,126,user,,,,,,,0,1
qwen32B-int4_telecom_50runs,baseline,bge-m3,b49f4bfb-d91b-4dfd-9988-377c5ea1f1dd,10,126,agent,0.535713255405426,0.15942028985507245,0.0,0.4293110966682434,-0.07978960871696472,,0,1
qwen32B-int4_telecom_50runs,baseline,bge-m3,b49f4bfb-d91b-4dfd-9988-377c5ea1f1dd,11,126,user,,,,,,0.40905219316482544,0,1
qwen32B-int4_telecom_50runs,baseline,bge-m3,b49f4bfb-d91b-4dfd-9988-377c5ea1f1dd,12,126,tool,,,,,,,0,1
qwen32B-int4_telecom_50runs,baseline,bge-m3,b49f4bfb-d91b-4dfd-9988-377c5ea1f1dd,13,126,user,,,,,,,0,1
qwen32B-int4_telecom_50runs,baseline,bge-m3,b49f4bfb-d91b-4dfd-9988-377c5ea1f1dd,14,126,agent,0.6736634373664856,0.2564102564102564,0.0,0.3167724013328552,-0.13672477006912231,,0,1
qwen32B-int4_telecom_50runs,baseline,bge-m3,b49f4bfb-d91b-4dfd-9988-377c5ea1f1dd,15,126,user,,,,,,0.39721012115478516,0,1
qwen32B-int4_telecom_50runs,baseline,bge-m3,b49f4bfb-d91b-4dfd-9988-377c5ea1f1dd,16,126,tool,,,,,,,0,1
qwen32B-int4_telecom_50runs,baseline,bge-m3,b49f4bfb-d91b-4dfd-9988-377c5ea1f1dd,17,126,user,,,,,,,0,1
qwen32B-int4_telecom_50runs,baseline,bge-m3,b49f4bfb-d91b-4dfd-9988-377c5ea1f1dd,18,126,agent,0.6856548190116882,0.21951219512195122,0.0,0.4283064603805542,-0.08293646126985554,,0,1
qwen32B-int4_telecom_50runs,baseline,bge-m3,b49f4bfb-d91b-4dfd-9988-377c5ea1f1dd,19,126,user,,,,,,0.40511584281921387,0,1
qwen32B-int4_telecom_50runs,baseline,bge-m3,b49f4bfb-d91b-4dfd-9988-377c5ea1f1dd,20,126,tool,,,,,,,0,1
qwen32B-int4_telecom_50runs,baseline,bge-m3,b49f4bfb-d91b-4dfd-9988-377c5ea1f1dd,21,126,user,,,,,,,0,1
qwen32B-int4_telecom_50runs,baseline,bge-m3,b49f4bfb-d91b-4dfd-9988-377c5ea1f1dd,22,126,agent,0.7348113059997559,0.17105263157894737,0.0,0.37009406089782715,-0.0983721002936363,,0,1
qwen32B-int4_telecom_50runs,baseline,bge-m3,b49f4bfb-d91b-4dfd-9988-377c5ea1f1dd,23,126,user,,,,,,0.4902634620666504,0,1
qwen32B-int4_telecom_50runs,baseline,bge-m3,b49f4bfb-d91b-4dfd-9988-377c5ea1f1dd,24,126,tool,,,,,,,0,1
qwen32B-int4_telecom_50runs,baseline,bge-m3,b49f4bfb-d91b-4dfd-9988-377c5ea1f1dd,25,126,user,,,,,,,0,1
qwen32B-int4_telecom_50runs,baseline,bge-m3,b49f4bfb-d91b-4dfd-9988-377c5ea1f1dd,26,126,agent,0.6747361421585083,0.3076923076923077,0.0,0.45113706588745117,-0.015483526885509469,,0,1
qwen32B-int4_telecom_50runs,baseline,bge-m3,b49f4bfb-d91b-4dfd-9988-377c5ea1f1dd,27,126,user,,,,,,0.4912989139556885,0,1
qwen32B-int4_telecom_50runs,baseline,bge-m3,b49f4bfb-d91b-4dfd-9988-377c5ea1f1dd,28,126,tool,,,,,,,0,1
qwen32B-int4_telecom_50runs,baseline,bge-m3,b49f4bfb-d91b-4dfd-9988-377c5ea1f1dd,29,126,user,,,,,,,0,1
qwen32B-int4_telecom_50runs,baseline,bge-m3,b49f4bfb-d91b-4dfd-9988-377c5ea1f1dd,30,126,agent,0.7621170878410339,0.27058823529411763,0.0,0.3148394823074341,-0.19393173754215243,,0,1
qwen32B-int4_telecom_50runs,baseline,bge-m3,b49f4bfb-d91b-4dfd-9988-377c5ea1f1dd,31,126,user,,,,,,0.4237843155860901,0,1
qwen32B-int4_telecom_50runs,baseline,bge-m3,b49f4bfb-d91b-4dfd-9988-377c5ea1f1dd,32,126,tool,,,,,,,0,1
qwen32B-int4_telecom_50runs,baseline,bge-m3,b49f4bfb-d91b-4dfd-9988-377c5ea1f1dd,33,126,user,,,,,,,0,1
qwen32B-int4_telecom_50runs,baseline,bge-m3,b49f4bfb-d91b-4dfd-9988-377c5ea1f1dd,34,126,tool,,,,,,,0,1
qwen32B-int4_telecom_50runs,baseline,bge-m3,b49f4bfb-d91b-4dfd-9988-377c5ea1f1dd,35,126,user,,,,,,,0,1
qwen32B-int4_telecom_50runs,baseline,bge-m3,b49f4bfb-d91b-4dfd-9988-377c5ea1f1dd,36,126,agent,,,,0.3435419797897339,-0.11688681244850158,,0,1
qwen32B-int4_telecom_50runs,baseline,bge-m3,b49f4bfb-d91b-4dfd-9988-377c5ea1f1dd,37,126,user,,,,,,0.41334789991378784,0,1
qwen32B-int4_telecom_50runs,baseline,bge-m3,b49f4bfb-d91b-4dfd-9988-377c5ea1f1dd,38,126,tool,,,,,,,0,1
qwen32B-int4_telecom_50runs,baseline,bge-m3,b49f4bfb-d91b-4dfd-9988-377c5ea1f1dd,39,126,user,,,,,,,0,1
qwen32B-int4_telecom_50runs,baseline,bge-m3,b49f4bfb-d91b-4dfd-9988-377c5ea1f1dd,40,126,agent,0.6630607843399048,0.22727272727272727,0.0,0.26155930757522583,-0.19506062418222425,,0,1
qwen32B-int4_telecom_50runs,baseline,bge-m3,b49f4bfb-d91b-4dfd-9988-377c5ea1f1dd,41,126,user,,,,,,0.40994536876678467,0,1
qwen32B-int4_telecom_50runs,baseline,bge-m3,b49f4bfb-d91b-4dfd-9988-377c5ea1f1dd,42,126,tool,,,,,,,0,1
qwen32B-int4_telecom_50runs,baseline,bge-m3,b49f4bfb-d91b-4dfd-9988-377c5ea1f1dd,43,126,user,,,,,,,0,1
qwen32B-int4_telecom_50runs,baseline,bge-m3,b49f4bfb-d91b-4dfd-9988-377c5ea1f1dd,44,126,agent,0.874763011932373,0.4647887323943662,0.4647887323943662,0.30391865968704224,-0.13846966177225112,,0,1
qwen32B-int4_telecom_50runs,baseline,bge-m3,b49f4bfb-d91b-4dfd-9988-377c5ea1f1dd,45,126,user,,,,,,0.4849851131439209,0,1
qwen32B-int4_telecom_50runs,baseline,bge-m3,b49f4bfb-d91b-4dfd-9988-377c5ea1f1dd,46,126,tool,,,,,,,0,1
qwen32B-int4_telecom_50runs,baseline,bge-m3,b49f4bfb-d91b-4dfd-9988-377c5ea1f1dd,47,126,user,,,,,,,0,1
qwen32B-int4_telecom_50runs,baseline,bge-m3,b49f4bfb-d91b-4dfd-9988-377c5ea1f1dd,48,126,agent,0.8195701241493225,0.36764705882352944,0.0,0.3524131178855896,-0.11690355688333509,,0,1
qwen32B-int4_telecom_50runs,baseline,bge-m3,b49f4bfb-d91b-4dfd-9988-377c5ea1f1dd,49,126,user,,,,,,0.48190683126449585,0,1
qwen32B-int4_telecom_50runs,baseline,bge-m3,b49f4bfb-d91b-4dfd-9988-377c5ea1f1dd,50,126,tool,,,,,,,0,1
qwen32B-int4_telecom_50runs,baseline,bge-m3,b49f4bfb-d91b-4dfd-9988-377c5ea1f1dd,51,126,user,,,,,,,0,1
qwen32B-int4_telecom_50runs,baseline,bge-m3,b49f4bfb-d91b-4dfd-9988-377c5ea1f1dd,52,126,agent,0.8805819153785706,0.4230769230769231,0.0,0.3764157295227051,-0.06250697076320649,,0,1
qwen32B-int4_telecom_50runs,baseline,bge-m3,b49f4bfb-d91b-4dfd-9988-377c5ea1f1dd,53,126,user,,,,,,0.4426846504211426,0,1
qwen32B-int4_telecom_50runs,baseline,bge-m3,b49f4bfb-d91b-4dfd-9988-377c5ea1f1dd,54,126,tool,,,,,,,0,1
qwen32B-int4_telecom_50runs,baseline,bge-m3,b49f4bfb-d91b-4dfd-9988-377c5ea1f1dd,55,126,user,,,,,,,0,1
qwen32B-int4_telecom_50runs,baseline,bge-m3,b49f4bfb-d91b-4dfd-9988-377c5ea1f1dd,56,126,agent,0.7803491950035095,0.22784810126582278,0.0,,,,0,1
qwen32B-int4_telecom_50runs,baseline,bge-m3,b49f4bfb-d91b-4dfd-9988-377c5ea1f1dd,57,126,user,,,,,,0.34734368324279785,0,1
qwen32B-int4_telecom_50runs,baseline,bge-m3,b49f4bfb-d91b-4dfd-9988-377c5ea1f1dd,58,126,agent,0.5373775362968445,0.013513513513513514,0.0,0.41335731744766235,-0.1253921121358872,,0,1
qwen32B-int4_telecom_50runs,baseline,bge-m3,b49f4bfb-d91b-4dfd-9988-377c5ea1f1dd,59,126,tool,,,,,,,0,1
qwen32B-int4_telecom_50runs,baseline,bge-m3,b49f4bfb-d91b-4dfd-9988-377c5ea1f1dd,60,126,agent,0.7162386178970337,0.36666666666666664,0.0,,,,0,1
qwen32B-int4_telecom_50runs,baseline,bge-m3,b49f4bfb-d91b-4dfd-9988-377c5ea1f1dd,61,126,user,,,,,,0.32883280515670776,0,1
qwen32B-int4_telecom_50runs,baseline,bge-m3,b49f4bfb-d91b-4dfd-9988-377c5ea1f1dd,62,126,agent,0.8136268854141235,0.4375,0.0,0.4567578434944153,-0.11555179506540303,,0,1
qwen32B-int4_telecom_50runs,baseline,bge-m3,b49f4bfb-d91b-4dfd-9988-377c5ea1f1dd,63,126,tool,,,,,,,0,1
qwen32B-int4_telecom_50runs,baseline,bge-m3,b49f4bfb-d91b-4dfd-9988-377c5ea1f1dd,64,126,agent,0.7007923722267151,0.42105263157894735,0.0,,,,0,1
qwen32B-int4_telecom_50runs,baseline,bge-m3,b49f4bfb-d91b-4dfd-9988-377c5ea1f1dd,65,126,user,,,,,,0.3301299810409546,0,1
qwen32B-int4_telecom_50runs,baseline,bge-m3,b49f4bfb-d91b-4dfd-9988-377c5ea1f1dd,66,126,agent,0.9792823195457458,0.6666666666666666,0.0,0.47623366117477417,-0.09458706676959994,,0,1
qwen32B-int4_telecom_50runs,baseline,bge-m3,b49f4bfb-d91b-4dfd-9988-377c5ea1f1dd,67,126,tool,,,,,,,0,1
qwen32B-int4_telecom_50runs,baseline,bge-m3,b49f4bfb-d91b-4dfd-9988-377c5ea1f1dd,68,126,agent,0.7068121433258057,0.49206349206349204,0.0,,,,0,1
qwen32B-int4_telecom_50runs,baseline,bge-m3,b49f4bfb-d91b-4dfd-9988-377c5ea1f1dd,69,126,user,,,,,,0.28296828269958496,0,1
qwen32B-int4_telecom_50runs,baseline,bge-m3,b49f4bfb-d91b-4dfd-9988-377c5ea1f1dd,70,126,agent,0.9820159077644348,0.6666666666666666,0.0,0.48725277185440063,-0.07850297987461086,,0,1
qwen32B-int4_telecom_50runs,baseline,bge-m3,b49f4bfb-d91b-4dfd-9988-377c5ea1f1dd,71,126,tool,,,,,,,0,1
qwen32B-int4_telecom_50runs,baseline,bge-m3,b49f4bfb-d91b-4dfd-9988-377c5ea1f1dd,72,126,agent,0.9552811980247498,0.8431372549019608,0.0,,,,0,1
qwen32B-int4_telecom_50runs,baseline,bge-m3,b49f4bfb-d91b-4dfd-9988-377c5ea1f1dd,73,126,user,,,,,,0.24802982807159424,0,1
qwen32B-int4_telecom_50runs,baseline,bge-m3,b49f4bfb-d91b-4dfd-9988-377c5ea1f1dd,74,126,agent,0.9903570413589478,0.6666666666666666,0.0,0.46553856134414673,-0.10029590874910355,,0,1
qwen32B-int4_telecom_50runs,baseline,bge-m3,b49f4bfb-d91b-4dfd-9988-377c5ea1f1dd,75,126,tool,,,,,,,0,1
qwen32B-int4_telecom_50runs,baseline,bge-m3,b49f4bfb-d91b-4dfd-9988-377c5ea1f1dd,76,126,agent,0.8965786099433899,0.5135135135135135,0.0,,,,0,1
qwen32B-int4_telecom_50runs,baseline,bge-m3,b49f4bfb-d91b-4dfd-9988-377c5ea1f1dd,77,126,user,,,,,,0.37595999240875244,0,1
qwen32B-int4_telecom_50runs,baseline,bge-m3,b49f4bfb-d91b-4dfd-9988-377c5ea1f1dd,78,126,agent,0.5888749957084656,0.16279069767441862,0.0,0.3764157295227051,-0.06250697076320649,,0,1
qwen32B-int4_telecom_50runs,baseline,bge-m3,b49f4bfb-d91b-4dfd-9988-377c5ea1f1dd,79,126,user,,,,,,0.43535757064819336,0,1
qwen32B-int4_telecom_50runs,baseline,bge-m3,b49f4bfb-d91b-4dfd-9988-377c5ea1f1dd,80,126,tool,,,,,,,0,1
qwen32B-int4_telecom_50runs,baseline,bge-m3,b49f4bfb-d91b-4dfd-9988-377c5ea1f1dd,81,126,user,,,,,,,0,1
qwen32B-int4_telecom_50runs,baseline,bge-m3,b49f4bfb-d91b-4dfd-9988-377c5ea1f1dd,82,126,agent,0.7936071157455444,0.2,0.0,,,,0,1
qwen32B-int4_telecom_50runs,baseline,bge-m3,b49f4bfb-d91b-4dfd-9988-377c5ea1f1dd,83,126,user,,,,,,0.39285939931869507,0,1
qwen32B-int4_telecom_50runs,baseline,bge-m3,b49f4bfb-d91b-4dfd-9988-377c5ea1f1dd,84,126,agent,0.4937502443790436,0.0,0.0,0.431942343711853,-0.11412985473871229,,0,1
qwen32B-int4_telecom_50runs,baseline,bge-m3,b49f4bfb-d91b-4dfd-9988-377c5ea1f1dd,85,126,tool,,,,,,,0,1
qwen32B-int4_telecom_50runs,baseline,bge-m3,b49f4bfb-d91b-4dfd-9988-377c5ea1f1dd,86,126,agent,0.6687387228012085,0.23595505617977527,0.0,,,,0,1
qwen32B-int4_telecom_50runs,baseline,bge-m3,b49f4bfb-d91b-4dfd-9988-377c5ea1f1dd,87,126,user,,,,,,0.21561747789382935,0,1
qwen32B-int4_telecom_50runs,baseline,bge-m3,b49f4bfb-d91b-4dfd-9988-377c5ea1f1dd,88,126,agent,0.9025586247444153,0.6,0.0,0.3481830954551697,-0.21371156722307205,,0,1
qwen32B-int4_telecom_50runs,baseline,bge-m3,b49f4bfb-d91b-4dfd-9988-377c5ea1f1dd,89,126,tool,,,,,,,0,1
qwen32B-int4_telecom_50runs,baseline,bge-m3,b49f4bfb-d91b-4dfd-9988-377c5ea1f1dd,90,126,agent,0.8076610565185547,0.2714285714285714,0.0,0.29855120182037354,-0.26323857754468916,,0,1
qwen32B-int4_telecom_50runs,baseline,bge-m3,b49f4bfb-d91b-4dfd-9988-377c5ea1f1dd,91,126,user,,,,,,0.4452425241470337,0,1
qwen32B-int4_telecom_50runs,baseline,bge-m3,b49f4bfb-d91b-4dfd-9988-377c5ea1f1dd,92,126,tool,,,,,,,0,1
qwen32B-int4_telecom_50runs,baseline,bge-m3,b49f4bfb-d91b-4dfd-9988-377c5ea1f1dd,93,126,user,,,,,,,0,1
qwen32B-int4_telecom_50runs,baseline,bge-m3,b49f4bfb-d91b-4dfd-9988-377c5ea1f1dd,94,126,tool,,,,,,,0,1
qwen32B-int4_telecom_50runs,baseline,bge-m3,b49f4bfb-d91b-4dfd-9988-377c5ea1f1dd,95,126,user,,,,,,,0,1
qwen32B-int4_telecom_50runs,baseline,bge-m3,b49f4bfb-d91b-4dfd-9988-377c5ea1f1dd,96,126,agent,,,,0.4203261137008667,-0.053205335140228294,,0,1
qwen32B-int4_telecom_50runs,baseline,bge-m3,b49f4bfb-d91b-4dfd-9988-377c5ea1f1dd,97,126,user,,,,,,0.40489399433135986,0,1
qwen32B-int4_telecom_50runs,baseline,bge-m3,b49f4bfb-d91b-4dfd-9988-377c5ea1f1dd,98,126,tool,,,,,,,0,1
qwen32B-int4_telecom_50runs,baseline,bge-m3,b49f4bfb-d91b-4dfd-9988-377c5ea1f1dd,99,126,user,,,,,,,0,1
qwen32B-int4_telecom_50runs,baseline,bge-m3,b49f4bfb-d91b-4dfd-9988-377c5ea1f1dd,100,126,agent,0.6937069892883301,0.25316455696202533,0.0,0.5038859248161316,0.0186381474137306,,0,1
qwen32B-int4_telecom_50runs,baseline,bge-m3,b49f4bfb-d91b-4dfd-9988-377c5ea1f1dd,101,126,user,,,,,,0.5294690728187561,0,1
qwen32B-int4_telecom_50runs,baseline,bge-m3,b49f4bfb-d91b-4dfd-9988-377c5ea1f1dd,102,126,tool,,,,,,,0,1
qwen32B-int4_telecom_50runs,baseline,bge-m3,b49f4bfb-d91b-4dfd-9988-377c5ea1f1dd,103,126,user,,,,,,,0,1
qwen32B-int4_telecom_50runs,baseline,bge-m3,b49f4bfb-d91b-4dfd-9988-377c5ea1f1dd,104,126,agent,0.686451256275177,0.2818181818181818,0.0,,,,0,1
qwen32B-int4_telecom_50runs,baseline,bge-m3,b49f4bfb-d91b-4dfd-9988-377c5ea1f1dd,105,126,user,,,,,,0.31800979375839233,0,1
qwen32B-int4_telecom_50runs,baseline,bge-m3,b49f4bfb-d91b-4dfd-9988-377c5ea1f1dd,106,126,agent,0.6750253438949585,0.2909090909090909,0.0,,,,0,1
qwen32B-int4_telecom_50runs,baseline,bge-m3,b49f4bfb-d91b-4dfd-9988-377c5ea1f1dd,107,126,user,,,,,,0.24033468961715698,0,1
qwen32B-int4_telecom_50runs,baseline,bge-m3,b49f4bfb-d91b-4dfd-9988-377c5ea1f1dd,108,126,agent,0.7759652733802795,0.30434782608695654,0.0,,,,0,1
qwen32B-int4_telecom_50runs,baseline,bge-m3,b49f4bfb-d91b-4dfd-9988-377c5ea1f1dd,109,126,user,,,,,,0.19030529260635376,0,1
qwen32B-int4_telecom_50runs,baseline,bge-m3,b49f4bfb-d91b-4dfd-9988-377c5ea1f1dd,110,126,agent,0.8077811002731323,0.23728813559322035,0.0,0.3510133624076843,-0.09277993142604829,,0,1
qwen32B-int4_telecom_50runs,baseline,bge-m3,b49f4bfb-d91b-4dfd-9988-377c5ea1f1dd,111,126,user,,,,,,0.37945032119750977,0,1
qwen32B-int4_telecom_50runs,baseline,bge-m3,b49f4bfb-d91b-4dfd-9988-377c5ea1f1dd,112,126,tool,,,,,,,0,1
qwen32B-int4_telecom_50runs,baseline,bge-m3,b49f4bfb-d91b-4dfd-9988-377c5ea1f1dd,113,126,user,,,,,,,0,1
qwen32B-int4_telecom_50runs,baseline,bge-m3,b49f4bfb-d91b-4dfd-9988-377c5ea1f1dd,114,126,agent,0.7099925875663757,0.23943661971830985,0.0,0.4001154899597168,-0.056651531159877755,,0,1
qwen32B-int4_telecom_50runs,baseline,bge-m3,b49f4bfb-d91b-4dfd-9988-377c5ea1f1dd,115,126,user,,,,,,0.5227937400341034,0,1
qwen32B-int4_telecom_50runs,baseline,bge-m3,b49f4bfb-d91b-4dfd-9988-377c5ea1f1dd,116,126,tool,,,,,,,0,1
qwen32B-int4_telecom_50runs,baseline,bge-m3,b49f4bfb-d91b-4dfd-9988-377c5ea1f1dd,117,126,user,,,,,,,0,1
qwen32B-int4_telecom_50runs,baseline,bge-m3,b49f4bfb-d91b-4dfd-9988-377c5ea1f1dd,118,126,agent,0.8249030113220215,0.3333333333333333,0.0,0.3621813654899597,-0.08930573165416716,,0,1
qwen32B-int4_telecom_50runs,baseline,bge-m3,b49f4bfb-d91b-4dfd-9988-377c5ea1f1dd,119,126,user,,,,,,0.4614682197570801,0,1
qwen32B-int4_telecom_50runs,baseline,bge-m3,b49f4bfb-d91b-4dfd-9988-377c5ea1f1dd,120,126,tool,,,,,,,0,1
qwen32B-int4_telecom_50runs,baseline,bge-m3,b49f4bfb-d91b-4dfd-9988-377c5ea1f1dd,121,126,user,,,,,,,0,1
qwen32B-int4_telecom_50runs,baseline,bge-m3,b49f4bfb-d91b-4dfd-9988-377c5ea1f1dd,122,126,agent,0.5505868196487427,0.0945945945945946,0.0,0.42673027515411377,-0.13761994093656538,,0,1
qwen32B-int4_telecom_50runs,baseline,bge-m3,b49f4bfb-d91b-4dfd-9988-377c5ea1f1dd,123,126,tool,,,,,,,0,1
qwen32B-int4_telecom_50runs,baseline,bge-m3,b49f4bfb-d91b-4dfd-9988-377c5ea1f1dd,124,126,agent,0.7121891975402832,0.16,0.0,,,,0,1
qwen32B-int4_telecom_50runs,baseline,bge-m3,b49f4bfb-d91b-4dfd-9988-377c5ea1f1dd,125,126,user,,,,,,0.3656492233276367,0,1
qwen32B-int4_telecom_50runs,baseline,bge-m3,39b00650-d091-4f58-8416-69809150275d,0,30,agent,,,,,,,0,1
qwen32B-int4_telecom_50runs,baseline,bge-m3,39b00650-d091-4f58-8416-69809150275d,1,30,user,,,,,,0.4618303179740906,0,1
qwen32B-int4_telecom_50runs,baseline,bge-m3,39b00650-d091-4f58-8416-69809150275d,2,30,agent,0.4846019446849823,0.0,0.0,0.3422743082046509,-0.1982269287109375,,0,1
qwen32B-int4_telecom_50runs,baseline,bge-m3,39b00650-d091-4f58-8416-69809150275d,3,30,tool,,,,,,,0,1
qwen32B-int4_telecom_50runs,baseline,bge-m3,39b00650-d091-4f58-8416-69809150275d,4,30,agent,0.5560822486877441,0.09375,0.0,,,,0,1
qwen32B-int4_telecom_50runs,baseline,bge-m3,39b00650-d091-4f58-8416-69809150275d,5,30,user,,,,,,0.31756681203842163,0,1
qwen32B-int4_telecom_50runs,baseline,bge-m3,39b00650-d091-4f58-8416-69809150275d,6,30,agent,0.8408387899398804,0.3684210526315789,0.0,0.553615927696228,0.019731352726618412,,0,1
qwen32B-int4_telecom_50runs,baseline,bge-m3,39b00650-d091-4f58-8416-69809150275d,7,30,tool,,,,,,,0,1
qwen32B-int4_telecom_50runs,baseline,bge-m3,39b00650-d091-4f58-8416-69809150275d,8,30,agent,0.6269055008888245,0.2,0.0,,,,0,1
qwen32B-int4_telecom_50runs,baseline,bge-m3,39b00650-d091-4f58-8416-69809150275d,9,30,user,,,,,,0.46262818574905396,0,1
qwen32B-int4_telecom_50runs,baseline,bge-m3,39b00650-d091-4f58-8416-69809150275d,10,30,agent,0.8147457242012024,0.3333333333333333,0.0,0.4160815477371216,-0.11785990993181861,,0,1
qwen32B-int4_telecom_50runs,baseline,bge-m3,39b00650-d091-4f58-8416-69809150275d,11,30,tool,,,,,,,0,1
qwen32B-int4_telecom_50runs,baseline,bge-m3,39b00650-d091-4f58-8416-69809150275d,12,30,agent,0.5033203959465027,0.2111111111111111,0.0,0.45446425676345825,-0.05920785665512085,,0,1
qwen32B-int4_telecom_50runs,baseline,bge-m3,39b00650-d091-4f58-8416-69809150275d,13,30,user,,,,,,0.5161341428756714,0,1
qwen32B-int4_telecom_50runs,baseline,bge-m3,39b00650-d091-4f58-8416-69809150275d,14,30,tool,,,,,,,0,1
qwen32B-int4_telecom_50runs,baseline,bge-m3,39b00650-d091-4f58-8416-69809150275d,15,30,user,,,,,,,0,1
qwen32B-int4_telecom_50runs,baseline,bge-m3,39b00650-d091-4f58-8416-69809150275d,16,30,agent,0.580746054649353,0.25,0.0,0.29490119218826294,-0.24753420799970627,,0,1
qwen32B-int4_telecom_50runs,baseline,bge-m3,39b00650-d091-4f58-8416-69809150275d,17,30,user,,,,,,0.4475749731063843,0,1
qwen32B-int4_telecom_50runs,baseline,bge-m3,39b00650-d091-4f58-8416-69809150275d,18,30,tool,,,,,,,0,1
qwen32B-int4_telecom_50runs,baseline,bge-m3,39b00650-d091-4f58-8416-69809150275d,19,30,user,,,,,,,0,1
qwen32B-int4_telecom_50runs,baseline,bge-m3,39b00650-d091-4f58-8416-69809150275d,20,30,agent,0.7847261428833008,0.36363636363636365,0.0,0.2619176506996155,-0.2212391495704651,,0,1
qwen32B-int4_telecom_50runs,baseline,bge-m3,39b00650-d091-4f58-8416-69809150275d,21,30,user,,,,,,0.4766749143600464,0,1
qwen32B-int4_telecom_50runs,baseline,bge-m3,39b00650-d091-4f58-8416-69809150275d,22,30,tool,,,,,,,0,1
qwen32B-int4_telecom_50runs,baseline,bge-m3,39b00650-d091-4f58-8416-69809150275d,23,30,user,,,,,,,0,1
qwen32B-int4_telecom_50runs,baseline,bge-m3,39b00650-d091-4f58-8416-69809150275d,24,30,agent,0.7733911275863647,0.4489795918367347,0.0,0.21374231576919556,-0.35812769581874215,,0,1
qwen32B-int4_telecom_50runs,baseline,bge-m3,39b00650-d091-4f58-8416-69809150275d,25,30,user,,,,,,0.3021637797355652,0,1
qwen32B-int4_telecom_50runs,baseline,bge-m3,39b00650-d091-4f58-8416-69809150275d,26,30,tool,,,,,,,0,1
qwen32B-int4_telecom_50runs,baseline,bge-m3,39b00650-d091-4f58-8416-69809150275d,27,30,user,,,,,,,0,1
qwen32B-int4_telecom_50runs,baseline,bge-m3,39b00650-d091-4f58-8416-69809150275d,28,30,agent,0.6391598582267761,0.175,0.0,,,,0,1
qwen32B-int4_telecom_50runs,baseline,bge-m3,39b00650-d091-4f58-8416-69809150275d,29,30,user,,,,,,0.5804900527000427,0,1
qwen32B-int4_telecom_50runs,baseline,bge-m3,2e9dfebb-8d9f-4820-9cc8-90e653164f0e,0,48,agent,,,,,,,0,1
qwen32B-int4_telecom_50runs,baseline,bge-m3,2e9dfebb-8d9f-4820-9cc8-90e653164f0e,1,48,user,,,,,,0.4411715865135193,0,1
qwen32B-int4_telecom_50runs,baseline,bge-m3,2e9dfebb-8d9f-4820-9cc8-90e653164f0e,2,48,agent,0.5705975890159607,0.08333333333333333,0.0,0.2986369729042053,-0.1854112632572651,,0,1
qwen32B-int4_telecom_50runs,baseline,bge-m3,2e9dfebb-8d9f-4820-9cc8-90e653164f0e,3,48,user,,,,,,0.4089764356613159,0,1
qwen32B-int4_telecom_50runs,baseline,bge-m3,2e9dfebb-8d9f-4820-9cc8-90e653164f0e,4,48,tool,,,,,,,0,1
qwen32B-int4_telecom_50runs,baseline,bge-m3,2e9dfebb-8d9f-4820-9cc8-90e653164f0e,5,48,user,,,,,,,0,1
qwen32B-int4_telecom_50runs,baseline,bge-m3,2e9dfebb-8d9f-4820-9cc8-90e653164f0e,6,48,agent,0.7465431690216064,0.2,0.0,0.3415275812149048,-0.11913874372839928,,0,1
qwen32B-int4_telecom_50runs,baseline,bge-m3,2e9dfebb-8d9f-4820-9cc8-90e653164f0e,7,48,user,,,,,,0.5142481923103333,0,1
qwen32B-int4_telecom_50runs,baseline,bge-m3,2e9dfebb-8d9f-4820-9cc8-90e653164f0e,8,48,tool,,,,,,,0,1
qwen32B-int4_telecom_50runs,baseline,bge-m3,2e9dfebb-8d9f-4820-9cc8-90e653164f0e,9,48,user,,,,,,,0,1
qwen32B-int4_telecom_50runs,baseline,bge-m3,2e9dfebb-8d9f-4820-9cc8-90e653164f0e,10,48,tool,,,,,,,0,1
qwen32B-int4_telecom_50runs,baseline,bge-m3,2e9dfebb-8d9f-4820-9cc8-90e653164f0e,11,48,user,,,,,,,0,1
qwen32B-int4_telecom_50runs,baseline,bge-m3,2e9dfebb-8d9f-4820-9cc8-90e653164f0e,12,48,tool,,,,,,,0,1
qwen32B-int4_telecom_50runs,baseline,bge-m3,2e9dfebb-8d9f-4820-9cc8-90e653164f0e,13,48,user,,,,,,,0,1
qwen32B-int4_telecom_50runs,baseline,bge-m3,2e9dfebb-8d9f-4820-9cc8-90e653164f0e,14,48,agent,,,,0.5221400260925293,0.04626941308379173,,0,1
qwen32B-int4_telecom_50runs,baseline,bge-m3,2e9dfebb-8d9f-4820-9cc8-90e653164f0e,15,48,user,,,,,,0.4853147268295288,0,1
qwen32B-int4_telecom_50runs,baseline,bge-m3,2e9dfebb-8d9f-4820-9cc8-90e653164f0e,16,48,tool,,,,,,,0,1
qwen32B-int4_telecom_50runs,baseline,bge-m3,2e9dfebb-8d9f-4820-9cc8-90e653164f0e,17,48,user,,,,,,,0,1
qwen32B-int4_telecom_50runs,baseline,bge-m3,2e9dfebb-8d9f-4820-9cc8-90e653164f0e,18,48,tool,,,,,,,0,1
qwen32B-int4_telecom_50runs,baseline,bge-m3,2e9dfebb-8d9f-4820-9cc8-90e653164f0e,19,48,user,,,,,,,0,1
qwen32B-int4_telecom_50runs,baseline,bge-m3,2e9dfebb-8d9f-4820-9cc8-90e653164f0e,20,48,agent,,,,0.31354737281799316,-0.18466056883335114,,0,1
qwen32B-int4_telecom_50runs,baseline,bge-m3,2e9dfebb-8d9f-4820-9cc8-90e653164f0e,21,48,user,,,,,,0.5187011957168579,0,1
qwen32B-int4_telecom_50runs,baseline,bge-m3,2e9dfebb-8d9f-4820-9cc8-90e653164f0e,22,48,tool,,,,,,,0,1
qwen32B-int4_telecom_50runs,baseline,bge-m3,2e9dfebb-8d9f-4820-9cc8-90e653164f0e,23,48,user,,,,,,,0,1
qwen32B-int4_telecom_50runs,baseline,bge-m3,2e9dfebb-8d9f-4820-9cc8-90e653164f0e,24,48,tool,,,,,,,0,1
qwen32B-int4_telecom_50runs,baseline,bge-m3,2e9dfebb-8d9f-4820-9cc8-90e653164f0e,25,48,user,,,,,,,0,1
qwen32B-int4_telecom_50runs,baseline,bge-m3,2e9dfebb-8d9f-4820-9cc8-90e653164f0e,26,48,tool,,,,,,,0,1
qwen32B-int4_telecom_50runs,baseline,bge-m3,2e9dfebb-8d9f-4820-9cc8-90e653164f0e,27,48,user,,,,,,,0,1
qwen32B-int4_telecom_50runs,baseline,bge-m3,2e9dfebb-8d9f-4820-9cc8-90e653164f0e,28,48,agent,,,,,,,0,1
qwen32B-int4_telecom_50runs,baseline,bge-m3,2e9dfebb-8d9f-4820-9cc8-90e653164f0e,29,48,user,,,,,,0.36943262815475464,0,1
qwen32B-int4_telecom_50runs,baseline,bge-m3,2e9dfebb-8d9f-4820-9cc8-90e653164f0e,30,48,agent,0.5282613039016724,0.013333333333333334,0.0,0.41971540451049805,-0.1458292044699192,,0,1
qwen32B-int4_telecom_50runs,baseline,bge-m3,2e9dfebb-8d9f-4820-9cc8-90e653164f0e,31,48,tool,,,,,,,0,1
qwen32B-int4_telecom_50runs,baseline,bge-m3,2e9dfebb-8d9f-4820-9cc8-90e653164f0e,32,48,agent,0.6451388001441956,0.3548387096774194,0.0,,,,0,1
qwen32B-int4_telecom_50runs,baseline,bge-m3,2e9dfebb-8d9f-4820-9cc8-90e653164f0e,33,48,user,,,,,,0.3537074327468872,0,1
qwen32B-int4_telecom_50runs,baseline,bge-m3,2e9dfebb-8d9f-4820-9cc8-90e653164f0e,34,48,agent,0.9139691591262817,0.3048780487804878,0.0,,,,0,1
qwen32B-int4_telecom_50runs,baseline,bge-m3,2e9dfebb-8d9f-4820-9cc8-90e653164f0e,35,48,user,,,,,,0.29201823472976685,0,1
qwen32B-int4_telecom_50runs,baseline,bge-m3,2e9dfebb-8d9f-4820-9cc8-90e653164f0e,36,48,agent,0.5213881731033325,0.038461538461538464,0.0,0.44775116443634033,-0.12091309204697609,,0,1
qwen32B-int4_telecom_50runs,baseline,bge-m3,2e9dfebb-8d9f-4820-9cc8-90e653164f0e,37,48,tool,,,,,,,0,1
qwen32B-int4_telecom_50runs,baseline,bge-m3,2e9dfebb-8d9f-4820-9cc8-90e653164f0e,38,48,agent,0.8900499939918518,0.35,0.0,0.37560635805130005,-0.1458003669977188,,0,1
qwen32B-int4_telecom_50runs,baseline,bge-m3,2e9dfebb-8d9f-4820-9cc8-90e653164f0e,39,48,tool,,,,,,,0,1
qwen32B-int4_telecom_50runs,baseline,bge-m3,2e9dfebb-8d9f-4820-9cc8-90e653164f0e,40,48,agent,0.678420901298523,0.16346153846153846,0.0,0.42270946502685547,-0.022721700370311737,,0,1
qwen32B-int4_telecom_50runs,baseline,bge-m3,2e9dfebb-8d9f-4820-9cc8-90e653164f0e,41,48,user,,,,,,0.494729220867157,0,1
qwen32B-int4_telecom_50runs,baseline,bge-m3,2e9dfebb-8d9f-4820-9cc8-90e653164f0e,42,48,tool,,,,,,,0,1
qwen32B-int4_telecom_50runs,baseline,bge-m3,2e9dfebb-8d9f-4820-9cc8-90e653164f0e,43,48,user,,,,,,,0,1
qwen32B-int4_telecom_50runs,baseline,bge-m3,2e9dfebb-8d9f-4820-9cc8-90e653164f0e,44,48,agent,0.6515722870826721,0.22641509433962265,0.0,0.5425868034362793,0.05378810688853264,,0,1
qwen32B-int4_telecom_50runs,baseline,bge-m3,2e9dfebb-8d9f-4820-9cc8-90e653164f0e,45,48,tool,,,,,,,0,1
qwen32B-int4_telecom_50runs,baseline,bge-m3,2e9dfebb-8d9f-4820-9cc8-90e653164f0e,46,48,agent,0.575714111328125,0.11764705882352941,0.0,,,,0,1
qwen32B-int4_telecom_50runs,baseline,bge-m3,2e9dfebb-8d9f-4820-9cc8-90e653164f0e,47,48,user,,,,,,0.3656492233276367,0,1
qwen32B-int4_telecom_50runs,baseline,bge-m3,a5fd5a98-afec-46c2-b699-9bdb2c3cf6ed,0,65,agent,,,,,,,0,1
qwen32B-int4_telecom_50runs,baseline,bge-m3,a5fd5a98-afec-46c2-b699-9bdb2c3cf6ed,1,65,user,,,,,,0.4411715865135193,0,1
qwen32B-int4_telecom_50runs,baseline,bge-m3,a5fd5a98-afec-46c2-b699-9bdb2c3cf6ed,2,65,agent,0.5705976486206055,0.08333333333333333,0.0,0.3210275173187256,-0.12805254118783133,,0,1
qwen32B-int4_telecom_50runs,baseline,bge-m3,a5fd5a98-afec-46c2-b699-9bdb2c3cf6ed,3,65,user,,,,,,0.4016427993774414,0,1
qwen32B-int4_telecom_50runs,baseline,bge-m3,a5fd5a98-afec-46c2-b699-9bdb2c3cf6ed,4,65,tool,,,,,,,0,1
qwen32B-int4_telecom_50runs,baseline,bge-m3,a5fd5a98-afec-46c2-b699-9bdb2c3cf6ed,5,65,user,,,,,,,0,1
qwen32B-int4_telecom_50runs,baseline,bge-m3,a5fd5a98-afec-46c2-b699-9bdb2c3cf6ed,6,65,agent,0.7250375747680664,0.2191780821917808,0.0,0.2653939127922058,-0.15613882669380735,,0,1
qwen32B-int4_telecom_50runs,baseline,bge-m3,a5fd5a98-afec-46c2-b699-9bdb2c3cf6ed,7,65,user,,,,,,0.42156732082366943,0,1
qwen32B-int4_telecom_50runs,baseline,bge-m3,a5fd5a98-afec-46c2-b699-9bdb2c3cf6ed,8,65,tool,,,,,,,0,1
qwen32B-int4_telecom_50runs,baseline,bge-m3,a5fd5a98-afec-46c2-b699-9bdb2c3cf6ed,9,65,user,,,,,,,0,1
qwen32B-int4_telecom_50runs,baseline,bge-m3,a5fd5a98-afec-46c2-b699-9bdb2c3cf6ed,10,65,agent,0.7241129279136658,0.25,0.0,0.3071237802505493,-0.14163526041167124,,0,1
qwen32B-int4_telecom_50runs,baseline,bge-m3,a5fd5a98-afec-46c2-b699-9bdb2c3cf6ed,11,65,user,,,,,,0.35260510444641113,0,1
qwen32B-int4_telecom_50runs,baseline,bge-m3,a5fd5a98-afec-46c2-b699-9bdb2c3cf6ed,12,65,tool,,,,,,,0,1
qwen32B-int4_telecom_50runs,baseline,bge-m3,a5fd5a98-afec-46c2-b699-9bdb2c3cf6ed,13,65,user,,,,,,,0,1
qwen32B-int4_telecom_50runs,baseline,bge-m3,a5fd5a98-afec-46c2-b699-9bdb2c3cf6ed,14,65,agent,0.9139447808265686,0.425,0.0,0.24791455268859863,-0.2126772701740265,,0,1
qwen32B-int4_telecom_50runs,baseline,bge-m3,a5fd5a98-afec-46c2-b699-9bdb2c3cf6ed,15,65,user,,,,,,0.3253934383392334,0,1
qwen32B-int4_telecom_50runs,baseline,bge-m3,a5fd5a98-afec-46c2-b699-9bdb2c3cf6ed,16,65,tool,,,,,,,0,1
qwen32B-int4_telecom_50runs,baseline,bge-m3,a5fd5a98-afec-46c2-b699-9bdb2c3cf6ed,17,65,user,,,,,,,0,1
qwen32B-int4_telecom_50runs,baseline,bge-m3,a5fd5a98-afec-46c2-b699-9bdb2c3cf6ed,18,65,agent,0.6426131725311279,0.2,0.0,0.44595062732696533,-0.06026672678334377,,0,1
qwen32B-int4_telecom_50runs,baseline,bge-m3,a5fd5a98-afec-46c2-b699-9bdb2c3cf6ed,19,65,user,,,,,,0.3922378420829773,0,1
qwen32B-int4_telecom_50runs,baseline,bge-m3,a5fd5a98-afec-46c2-b699-9bdb2c3cf6ed,20,65,tool,,,,,,,0,1
qwen32B-int4_telecom_50runs,baseline,bge-m3,a5fd5a98-afec-46c2-b699-9bdb2c3cf6ed,21,65,user,,,,,,,0,1
qwen32B-int4_telecom_50runs,baseline,bge-m3,a5fd5a98-afec-46c2-b699-9bdb2c3cf6ed,22,65,agent,0.6432991027832031,0.19791666666666666,0.0,0.4464331865310669,-0.012068150298936042,,0,1
qwen32B-int4_telecom_50runs,baseline,bge-m3,a5fd5a98-afec-46c2-b699-9bdb2c3cf6ed,23,65,user,,,,,,0.30620402097702026,0,1
qwen32B-int4_telecom_50runs,baseline,bge-m3,a5fd5a98-afec-46c2-b699-9bdb2c3cf6ed,24,65,tool,,,,,,,0,1
qwen32B-int4_telecom_50runs,baseline,bge-m3,a5fd5a98-afec-46c2-b699-9bdb2c3cf6ed,25,65,user,,,,,,,0,1
qwen32B-int4_telecom_50runs,baseline,bge-m3,a5fd5a98-afec-46c2-b699-9bdb2c3cf6ed,26,65,tool,,,,,,,0,1
qwen32B-int4_telecom_50runs,baseline,bge-m3,a5fd5a98-afec-46c2-b699-9bdb2c3cf6ed,27,65,tool,,,,,,,0,1
qwen32B-int4_telecom_50runs,baseline,bge-m3,a5fd5a98-afec-46c2-b699-9bdb2c3cf6ed,28,65,user,,,,,,,0,1
qwen32B-int4_telecom_50runs,baseline,bge-m3,a5fd5a98-afec-46c2-b699-9bdb2c3cf6ed,29,65,agent,,,,0.3225359320640564,-0.15654837659427095,,0,1
qwen32B-int4_telecom_50runs,baseline,bge-m3,a5fd5a98-afec-46c2-b699-9bdb2c3cf6ed,30,65,user,,,,,,0.4778158664703369,0,1
qwen32B-int4_telecom_50runs,baseline,bge-m3,a5fd5a98-afec-46c2-b699-9bdb2c3cf6ed,31,65,tool,,,,,,,0,1
qwen32B-int4_telecom_50runs,baseline,bge-m3,a5fd5a98-afec-46c2-b699-9bdb2c3cf6ed,32,65,user,,,,,,,0,1
qwen32B-int4_telecom_50runs,baseline,bge-m3,a5fd5a98-afec-46c2-b699-9bdb2c3cf6ed,33,65,agent,0.8042752742767334,0.2891566265060241,0.0,0.46762776374816895,0.021445084895406474,,0,1
qwen32B-int4_telecom_50runs,baseline,bge-m3,a5fd5a98-afec-46c2-b699-9bdb2c3cf6ed,34,65,user,,,,,,0.3672330379486084,0,1
qwen32B-int4_telecom_50runs,baseline,bge-m3,a5fd5a98-afec-46c2-b699-9bdb2c3cf6ed,35,65,tool,,,,,,,0,1
qwen32B-int4_telecom_50runs,baseline,bge-m3,a5fd5a98-afec-46c2-b699-9bdb2c3cf6ed,36,65,user,,,,,,,0,1
qwen32B-int4_telecom_50runs,baseline,bge-m3,a5fd5a98-afec-46c2-b699-9bdb2c3cf6ed,37,65,tool,,,,,,,0,1
qwen32B-int4_telecom_50runs,baseline,bge-m3,a5fd5a98-afec-46c2-b699-9bdb2c3cf6ed,38,65,user,,,,,,,0,1
qwen32B-int4_telecom_50runs,baseline,bge-m3,a5fd5a98-afec-46c2-b699-9bdb2c3cf6ed,39,65,agent,,,,,,,0,1
qwen32B-int4_telecom_50runs,baseline,bge-m3,a5fd5a98-afec-46c2-b699-9bdb2c3cf6ed,40,65,user,,,,,,0.3285020589828491,0,1
qwen32B-int4_telecom_50runs,baseline,bge-m3,a5fd5a98-afec-46c2-b699-9bdb2c3cf6ed,41,65,agent,0.5510919094085693,0.015384615384615385,0.0,0.419039249420166,-0.13595937831061222,,0,1
qwen32B-int4_telecom_50runs,baseline,bge-m3,a5fd5a98-afec-46c2-b699-9bdb2c3cf6ed,42,65,tool,,,,,,,0,1
qwen32B-int4_telecom_50runs,baseline,bge-m3,a5fd5a98-afec-46c2-b699-9bdb2c3cf6ed,43,65,agent,0.8040299415588379,0.3783783783783784,0.0,,,,0,1
qwen32B-int4_telecom_50runs,baseline,bge-m3,a5fd5a98-afec-46c2-b699-9bdb2c3cf6ed,44,65,user,,,,,,0.3930729031562805,0,1
qwen32B-int4_telecom_50runs,baseline,bge-m3,a5fd5a98-afec-46c2-b699-9bdb2c3cf6ed,45,65,agent,0.8117653131484985,0.4375,0.0,0.48222625255584717,-0.09488177299499512,,0,1
qwen32B-int4_telecom_50runs,baseline,bge-m3,a5fd5a98-afec-46c2-b699-9bdb2c3cf6ed,46,65,tool,,,,,,,0,1
qwen32B-int4_telecom_50runs,baseline,bge-m3,a5fd5a98-afec-46c2-b699-9bdb2c3cf6ed,47,65,agent,0.9903304576873779,0.6666666666666666,0.0,0.4938502907752991,-0.08535516900675633,,0,1
qwen32B-int4_telecom_50runs,baseline,bge-m3,a5fd5a98-afec-46c2-b699-9bdb2c3cf6ed,48,65,tool,,,,,,,0,1
qwen32B-int4_telecom_50runs,baseline,bge-m3,a5fd5a98-afec-46c2-b699-9bdb2c3cf6ed,49,65,agent,0.9918955564498901,0.6666666666666666,0.0,0.4781572222709656,-0.10357067414692467,,0,1
qwen32B-int4_telecom_50runs,baseline,bge-m3,a5fd5a98-afec-46c2-b699-9bdb2c3cf6ed,50,65,tool,,,,,,,0,1
qwen32B-int4_telecom_50runs,baseline,bge-m3,a5fd5a98-afec-46c2-b699-9bdb2c3cf6ed,51,65,agent,0.3880045413970947,0.012658227848101266,0.0,0.4151323437690735,-0.03828398883342743,,0,1
qwen32B-int4_telecom_50runs,baseline,bge-m3,a5fd5a98-afec-46c2-b699-9bdb2c3cf6ed,52,65,user,,,,,,0.36653393507003784,0,1
qwen32B-int4_telecom_50runs,baseline,bge-m3,a5fd5a98-afec-46c2-b699-9bdb2c3cf6ed,53,65,tool,,,,,,,0,1
qwen32B-int4_telecom_50runs,baseline,bge-m3,a5fd5a98-afec-46c2-b699-9bdb2c3cf6ed,54,65,user,,,,,,,0,1
qwen32B-int4_telecom_50runs,baseline,bge-m3,a5fd5a98-afec-46c2-b699-9bdb2c3cf6ed,55,65,agent,0.8105108737945557,0.618421052631579,0.0,0.49856752157211304,0.06229130072253092,,0,1
qwen32B-int4_telecom_50runs,baseline,bge-m3,a5fd5a98-afec-46c2-b699-9bdb2c3cf6ed,56,65,user,,,,,,0.24859881401062012,0,1
qwen32B-int4_telecom_50runs,baseline,bge-m3,a5fd5a98-afec-46c2-b699-9bdb2c3cf6ed,57,65,tool,,,,,,,0,1
qwen32B-int4_telecom_50runs,baseline,bge-m3,a5fd5a98-afec-46c2-b699-9bdb2c3cf6ed,58,65,user,,,,,,,0,1
qwen32B-int4_telecom_50runs,baseline,bge-m3,a5fd5a98-afec-46c2-b699-9bdb2c3cf6ed,59,65,tool,,,,,,,0,1
qwen32B-int4_telecom_50runs,baseline,bge-m3,a5fd5a98-afec-46c2-b699-9bdb2c3cf6ed,60,65,user,,,,,,,0,1
qwen32B-int4_telecom_50runs,baseline,bge-m3,a5fd5a98-afec-46c2-b699-9bdb2c3cf6ed,61,65,agent,,,,0.4796696901321411,0.017568686178752346,,0,1
qwen32B-int4_telecom_50runs,baseline,bge-m3,a5fd5a98-afec-46c2-b699-9bdb2c3cf6ed,62,65,tool,,,,,,,0,1
qwen32B-int4_telecom_50runs,baseline,bge-m3,a5fd5a98-afec-46c2-b699-9bdb2c3cf6ed,63,65,agent,0.7853921055793762,0.125,0.0,,,,0,1
qwen32B-int4_telecom_50runs,baseline,bge-m3,a5fd5a98-afec-46c2-b699-9bdb2c3cf6ed,64,65,user,,,,,,0.4751461148262024,0,1
qwen32B-int4_telecom_50runs,baseline,bge-m3,e0185eb5-33bd-4243-a571-422031a5133a,0,80,agent,,,,,,,0,1
qwen32B-int4_telecom_50runs,baseline,bge-m3,e0185eb5-33bd-4243-a571-422031a5133a,1,80,user,,,,,,0.4411713480949402,0,1
qwen32B-int4_telecom_50runs,baseline,bge-m3,e0185eb5-33bd-4243-a571-422031a5133a,2,80,agent,0.5705976486206055,0.08333333333333333,0.0,0.29315507411956787,-0.18921116420200895,,0,1
qwen32B-int4_telecom_50runs,baseline,bge-m3,e0185eb5-33bd-4243-a571-422031a5133a,3,80,user,,,,,,0.41722631454467773,0,1
qwen32B-int4_telecom_50runs,baseline,bge-m3,e0185eb5-33bd-4243-a571-422031a5133a,4,80,tool,,,,,,,0,1
qwen32B-int4_telecom_50runs,baseline,bge-m3,e0185eb5-33bd-4243-a571-422031a5133a,5,80,user,,,,,,,0,1
qwen32B-int4_telecom_50runs,baseline,bge-m3,e0185eb5-33bd-4243-a571-422031a5133a,6,80,agent,0.6891139149665833,0.313953488372093,0.0,0.3618735671043396,-0.15485871263912743,,0,1
qwen32B-int4_telecom_50runs,baseline,bge-m3,e0185eb5-33bd-4243-a571-422031a5133a,7,80,user,,,,,,0.36675792932510376,0,1
qwen32B-int4_telecom_50runs,baseline,bge-m3,e0185eb5-33bd-4243-a571-422031a5133a,8,80,tool,,,,,,,0,1
qwen32B-int4_telecom_50runs,baseline,bge-m3,e0185eb5-33bd-4243-a571-422031a5133a,9,80,user,,,,,,,0,1
qwen32B-int4_telecom_50runs,baseline,bge-m3,e0185eb5-33bd-4243-a571-422031a5133a,10,80,tool,,,,,,,0,1
qwen32B-int4_telecom_50runs,baseline,bge-m3,e0185eb5-33bd-4243-a571-422031a5133a,11,80,user,,,,,,,0,1
qwen32B-int4_telecom_50runs,baseline,bge-m3,e0185eb5-33bd-4243-a571-422031a5133a,12,80,agent,,,,0.4374309778213501,-0.051948032208851413,,0,1
qwen32B-int4_telecom_50runs,baseline,bge-m3,e0185eb5-33bd-4243-a571-422031a5133a,13,80,user,,,,,,0.4068622589111328,0,1
qwen32B-int4_telecom_50runs,baseline,bge-m3,e0185eb5-33bd-4243-a571-422031a5133a,14,80,tool,,,,,,,0,1
qwen32B-int4_telecom_50runs,baseline,bge-m3,e0185eb5-33bd-4243-a571-422031a5133a,15,80,user,,,,,,,0,1
qwen32B-int4_telecom_50runs,baseline,bge-m3,e0185eb5-33bd-4243-a571-422031a5133a,16,80,agent,0.7137137651443481,0.25842696629213485,0.0,0.3943917155265808,-0.035894764321190986,,0,1
qwen32B-int4_telecom_50runs,baseline,bge-m3,e0185eb5-33bd-4243-a571-422031a5133a,17,80,user,,,,,,0.46808910369873047,0,1
qwen32B-int4_telecom_50runs,baseline,bge-m3,e0185eb5-33bd-4243-a571-422031a5133a,18,80,tool,,,,,,,0,1
qwen32B-int4_telecom_50runs,baseline,bge-m3,e0185eb5-33bd-4243-a571-422031a5133a,19,80,user,,,,,,,0,1
qwen32B-int4_telecom_50runs,baseline,bge-m3,e0185eb5-33bd-4243-a571-422031a5133a,20,80,agent,0.7925674319267273,0.2716049382716049,0.0,0.40965306758880615,-0.04169418556349619,,0,1
qwen32B-int4_telecom_50runs,baseline,bge-m3,e0185eb5-33bd-4243-a571-422031a5133a,21,80,user,,,,,,0.4715823531150818,0,1
qwen32B-int4_telecom_50runs,baseline,bge-m3,e0185eb5-33bd-4243-a571-422031a5133a,22,80,tool,,,,,,,0,1
qwen32B-int4_telecom_50runs,baseline,bge-m3,e0185eb5-33bd-4243-a571-422031a5133a,23,80,user,,,,,,,0,1
qwen32B-int4_telecom_50runs,baseline,bge-m3,e0185eb5-33bd-4243-a571-422031a5133a,24,80,tool,,,,,,,0,1
qwen32B-int4_telecom_50runs,baseline,bge-m3,e0185eb5-33bd-4243-a571-422031a5133a,25,80,user,,,,,,,0,1
qwen32B-int4_telecom_50runs,baseline,bge-m3,e0185eb5-33bd-4243-a571-422031a5133a,26,80,agent,,,,0.4224971532821655,-0.05606297084263395,,0,1
qwen32B-int4_telecom_50runs,baseline,bge-m3,e0185eb5-33bd-4243-a571-422031a5133a,27,80,user,,,,,,0.4567089080810547,0,1
qwen32B-int4_telecom_50runs,baseline,bge-m3,e0185eb5-33bd-4243-a571-422031a5133a,28,80,tool,,,,,,,0,1
qwen32B-int4_telecom_50runs,baseline,bge-m3,e0185eb5-33bd-4243-a571-422031a5133a,29,80,user,,,,,,,0,1
qwen32B-int4_telecom_50runs,baseline,bge-m3,e0185eb5-33bd-4243-a571-422031a5133a,30,80,tool,,,,,,,0,1
qwen32B-int4_telecom_50runs,baseline,bge-m3,e0185eb5-33bd-4243-a571-422031a5133a,31,80,user,,,,,,,0,1
qwen32B-int4_telecom_50runs,baseline,bge-m3,e0185eb5-33bd-4243-a571-422031a5133a,32,80,tool,,,,,,,0,1
qwen32B-int4_telecom_50runs,baseline,bge-m3,e0185eb5-33bd-4243-a571-422031a5133a,33,80,user,,,,,,,0,1
qwen32B-int4_telecom_50runs,baseline,bge-m3,e0185eb5-33bd-4243-a571-422031a5133a,34,80,agent,,,,,,,0,1
qwen32B-int4_telecom_50runs,baseline,bge-m3,e0185eb5-33bd-4243-a571-422031a5133a,35,80,user,,,,,,0.4002577066421509,0,1
qwen32B-int4_telecom_50runs,baseline,bge-m3,e0185eb5-33bd-4243-a571-422031a5133a,36,80,agent,0.5598559379577637,0.01639344262295082,0.0,0.4184083342552185,-0.15699735283851624,,0,1
qwen32B-int4_telecom_50runs,baseline,bge-m3,e0185eb5-33bd-4243-a571-422031a5133a,37,80,tool,,,,,,,0,1
qwen32B-int4_telecom_50runs,baseline,bge-m3,e0185eb5-33bd-4243-a571-422031a5133a,38,80,agent,0.7335335612297058,0.32098765432098764,0.0,,,,0,1
qwen32B-int4_telecom_50runs,baseline,bge-m3,e0185eb5-33bd-4243-a571-422031a5133a,39,80,user,,,,,,0.23864388465881348,0,1
qwen32B-int4_telecom_50runs,baseline,bge-m3,e0185eb5-33bd-4243-a571-422031a5133a,40,80,agent,0.8880465626716614,0.4084507042253521,0.0,,,,0,1
qwen32B-int4_telecom_50runs,baseline,bge-m3,e0185eb5-33bd-4243-a571-422031a5133a,41,80,user,,,,,,0.1354072093963623,0,1
qwen32B-int4_telecom_50runs,baseline,bge-m3,e0185eb5-33bd-4243-a571-422031a5133a,42,80,agent,0.5285019874572754,0.0196078431372549,0.0,0.482263445854187,-0.09818661000047413,,0,1
qwen32B-int4_telecom_50runs,baseline,bge-m3,e0185eb5-33bd-4243-a571-422031a5133a,43,80,tool,,,,,,,0,1
qwen32B-int4_telecom_50runs,baseline,bge-m3,e0185eb5-33bd-4243-a571-422031a5133a,44,80,agent,0.6901893019676208,0.22784810126582278,0.0,0.3887799382209778,-0.06834296243531363,,0,1
qwen32B-int4_telecom_50runs,baseline,bge-m3,e0185eb5-33bd-4243-a571-422031a5133a,45,80,tool,,,,,,,0,1
qwen32B-int4_telecom_50runs,baseline,bge-m3,e0185eb5-33bd-4243-a571-422031a5133a,46,80,agent,0.776507556438446,0.2073170731707317,0.0,0.41633015871047974,-0.01599143232618061,,0,1
qwen32B-int4_telecom_50runs,baseline,bge-m3,e0185eb5-33bd-4243-a571-422031a5133a,47,80,user,,,,,,0.4646475315093994,0,1
qwen32B-int4_telecom_50runs,baseline,bge-m3,e0185eb5-33bd-4243-a571-422031a5133a,48,80,tool,,,,,,,0,1
qwen32B-int4_telecom_50runs,baseline,bge-m3,e0185eb5-33bd-4243-a571-422031a5133a,49,80,user,,,,,,,0,1
qwen32B-int4_telecom_50runs,baseline,bge-m3,e0185eb5-33bd-4243-a571-422031a5133a,50,80,agent,0.7862454056739807,0.15853658536585366,0.0,,,,0,1
qwen32B-int4_telecom_50runs,baseline,bge-m3,e0185eb5-33bd-4243-a571-422031a5133a,51,80,user,,,,,,0.3063879609107971,0,1
qwen32B-int4_telecom_50runs,baseline,bge-m3,e0185eb5-33bd-4243-a571-422031a5133a,52,80,agent,0.5485930442810059,0.03333333333333333,0.0,0.43109220266342163,-0.134761746440615,,0,1
qwen32B-int4_telecom_50runs,baseline,bge-m3,e0185eb5-33bd-4243-a571-422031a5133a,53,80,tool,,,,,,,0,1
qwen32B-int4_telecom_50runs,baseline,bge-m3,e0185eb5-33bd-4243-a571-422031a5133a,54,80,agent,0.6480225324630737,0.15841584158415842,0.0,,,,0,1
qwen32B-int4_telecom_50runs,baseline,bge-m3,e0185eb5-33bd-4243-a571-422031a5133a,55,80,user,,,,,,0.20703136920928955,0,1
qwen32B-int4_telecom_50runs,baseline,bge-m3,e0185eb5-33bd-4243-a571-422031a5133a,56,80,agent,0.8976495862007141,0.6,0.0,0.325883150100708,-0.2392602030720029,,0,1
qwen32B-int4_telecom_50runs,baseline,bge-m3,e0185eb5-33bd-4243-a571-422031a5133a,57,80,tool,,,,,,,0,1
qwen32B-int4_telecom_50runs,baseline,bge-m3,e0185eb5-33bd-4243-a571-422031a5133a,58,80,agent,0.808564305305481,0.2976190476190476,0.0,0.5816004276275635,0.07774901390075684,,0,1
qwen32B-int4_telecom_50runs,baseline,bge-m3,e0185eb5-33bd-4243-a571-422031a5133a,59,80,user,,,,,,0.42519551515579224,0,1
qwen32B-int4_telecom_50runs,baseline,bge-m3,e0185eb5-33bd-4243-a571-422031a5133a,60,80,tool,,,,,,,0,1
qwen32B-int4_telecom_50runs,baseline,bge-m3,e0185eb5-33bd-4243-a571-422031a5133a,61,80,user,,,,,,,0,1
qwen32B-int4_telecom_50runs,baseline,bge-m3,e0185eb5-33bd-4243-a571-422031a5133a,62,80,tool,,,,,,,0,1
qwen32B-int4_telecom_50runs,baseline,bge-m3,e0185eb5-33bd-4243-a571-422031a5133a,63,80,user,,,,,,,0,1
qwen32B-int4_telecom_50runs,baseline,bge-m3,e0185eb5-33bd-4243-a571-422031a5133a,64,80,tool,,,,,,,0,1
qwen32B-int4_telecom_50runs,baseline,bge-m3,e0185eb5-33bd-4243-a571-422031a5133a,65,80,user,,,,,,,0,1
qwen32B-int4_telecom_50runs,baseline,bge-m3,e0185eb5-33bd-4243-a571-422031a5133a,66,80,agent,,,,0.4473406672477722,-0.006314701267651157,,0,1
qwen32B-int4_telecom_50runs,baseline,bge-m3,e0185eb5-33bd-4243-a571-422031a5133a,67,80,user,,,,,,0.36529284715652466,0,1
qwen32B-int4_telecom_50runs,baseline,bge-m3,e0185eb5-33bd-4243-a571-422031a5133a,68,80,tool,,,,,,,0,1
qwen32B-int4_telecom_50runs,baseline,bge-m3,e0185eb5-33bd-4243-a571-422031a5133a,69,80,user,,,,,,,0,1
qwen32B-int4_telecom_50runs,baseline,bge-m3,e0185eb5-33bd-4243-a571-422031a5133a,70,80,tool,,,,,,,0,1
qwen32B-int4_telecom_50runs,baseline,bge-m3,e0185eb5-33bd-4243-a571-422031a5133a,71,80,user,,,,,,,0,1
qwen32B-int4_telecom_50runs,baseline,bge-m3,e0185eb5-33bd-4243-a571-422031a5133a,72,80,tool,,,,,,,0,1
qwen32B-int4_telecom_50runs,baseline,bge-m3,e0185eb5-33bd-4243-a571-422031a5133a,73,80,user,,,,,,,0,1
qwen32B-int4_telecom_50runs,baseline,bge-m3,e0185eb5-33bd-4243-a571-422031a5133a,74,80,tool,,,,,,,0,1
qwen32B-int4_telecom_50runs,baseline,bge-m3,e0185eb5-33bd-4243-a571-422031a5133a,75,80,user,,,,,,,0,1
qwen32B-int4_telecom_50runs,baseline,bge-m3,e0185eb5-33bd-4243-a571-422031a5133a,76,80,agent,,,,0.44798707962036133,-0.12141189830643795,,0,1
qwen32B-int4_telecom_50runs,baseline,bge-m3,e0185eb5-33bd-4243-a571-422031a5133a,77,80,tool,,,,,,,0,1
qwen32B-int4_telecom_50runs,baseline,bge-m3,e0185eb5-33bd-4243-a571-422031a5133a,78,80,agent,0.7181252241134644,0.1702127659574468,0.0,,,,0,1
qwen32B-int4_telecom_50runs,baseline,bge-m3,e0185eb5-33bd-4243-a571-422031a5133a,79,80,user,,,,,,0.3656492829322815,0,1
qwen32B-int4_telecom_50runs,baseline,bge-m3,37c8fd6a-3b63-4620-946f-880ddcfe50c3,0,64,agent,,,,,,,0,1
qwen32B-int4_telecom_50runs,baseline,bge-m3,37c8fd6a-3b63-4620-946f-880ddcfe50c3,1,64,user,,,,,,0.4888468384742737,0,1
qwen32B-int4_telecom_50runs,baseline,bge-m3,37c8fd6a-3b63-4620-946f-880ddcfe50c3,2,64,agent,0.5016484260559082,0.0,0.0,0.34042298793792725,-0.23434254725774128,,0,1
qwen32B-int4_telecom_50runs,baseline,bge-m3,37c8fd6a-3b63-4620-946f-880ddcfe50c3,3,64,tool,,,,,,,0,1
qwen32B-int4_telecom_50runs,baseline,bge-m3,37c8fd6a-3b63-4620-946f-880ddcfe50c3,4,64,agent,0.5578091144561768,0.05,0.0,,,,0,1
qwen32B-int4_telecom_50runs,baseline,bge-m3,37c8fd6a-3b63-4620-946f-880ddcfe50c3,5,64,user,,,,,,0.36186379194259644,0,1
qwen32B-int4_telecom_50runs,baseline,bge-m3,37c8fd6a-3b63-4620-946f-880ddcfe50c3,6,64,agent,0.8107413053512573,0.35,0.0,0.551103413105011,-0.037906700372695945,,0,1
qwen32B-int4_telecom_50runs,baseline,bge-m3,37c8fd6a-3b63-4620-946f-880ddcfe50c3,7,64,tool,,,,,,,0,1
qwen32B-int4_telecom_50runs,baseline,bge-m3,37c8fd6a-3b63-4620-946f-880ddcfe50c3,8,64,agent,0.5969343185424805,0.2835820895522388,0.0,,,,0,1
qwen32B-int4_telecom_50runs,baseline,bge-m3,37c8fd6a-3b63-4620-946f-880ddcfe50c3,9,64,user,,,,,,0.24921631813049316,0,1
qwen32B-int4_telecom_50runs,baseline,bge-m3,37c8fd6a-3b63-4620-946f-880ddcfe50c3,10,64,agent,0.7874521017074585,0.3333333333333333,0.0,0.4207615852355957,-0.16615392565727238,,0,1
qwen32B-int4_telecom_50runs,baseline,bge-m3,37c8fd6a-3b63-4620-946f-880ddcfe50c3,11,64,tool,,,,,,,0,1
qwen32B-int4_telecom_50runs,baseline,bge-m3,37c8fd6a-3b63-4620-946f-880ddcfe50c3,12,64,agent,0.5209187269210815,0.21951219512195122,0.0,0.4908522367477417,0.01592878897984823,,0,1
qwen32B-int4_telecom_50runs,baseline,bge-m3,37c8fd6a-3b63-4620-946f-880ddcfe50c3,13,64,user,,,,,,0.43625617027282715,0,1
qwen32B-int4_telecom_50runs,baseline,bge-m3,37c8fd6a-3b63-4620-946f-880ddcfe50c3,14,64,tool,,,,,,,0,1
qwen32B-int4_telecom_50runs,baseline,bge-m3,37c8fd6a-3b63-4620-946f-880ddcfe50c3,15,64,user,,,,,,,0,1
qwen32B-int4_telecom_50runs,baseline,bge-m3,37c8fd6a-3b63-4620-946f-880ddcfe50c3,16,64,agent,0.7044541835784912,0.20270270270270271,0.0,0.2847796082496643,-0.1976951042811076,,0,1
qwen32B-int4_telecom_50runs,baseline,bge-m3,37c8fd6a-3b63-4620-946f-880ddcfe50c3,17,64,user,,,,,,0.45673537254333496,0,1
qwen32B-int4_telecom_50runs,baseline,bge-m3,37c8fd6a-3b63-4620-946f-880ddcfe50c3,18,64,tool,,,,,,,0,1
qwen32B-int4_telecom_50runs,baseline,bge-m3,37c8fd6a-3b63-4620-946f-880ddcfe50c3,19,64,user,,,,,,,0,1
qwen32B-int4_telecom_50runs,baseline,bge-m3,37c8fd6a-3b63-4620-946f-880ddcfe50c3,20,64,agent,0.7590144872665405,0.2711864406779661,0.0,0.32158583402633667,-0.12538334727287292,,0,1
qwen32B-int4_telecom_50runs,baseline,bge-m3,37c8fd6a-3b63-4620-946f-880ddcfe50c3,21,64,user,,,,,,0.46156394481658936,0,1
qwen32B-int4_telecom_50runs,baseline,bge-m3,37c8fd6a-3b63-4620-946f-880ddcfe50c3,22,64,tool,,,,,,,0,1
qwen32B-int4_telecom_50runs,baseline,bge-m3,37c8fd6a-3b63-4620-946f-880ddcfe50c3,23,64,user,,,,,,,0,1
qwen32B-int4_telecom_50runs,baseline,bge-m3,37c8fd6a-3b63-4620-946f-880ddcfe50c3,24,64,agent,0.6584072709083557,0.22807017543859648,0.0,0.3711623549461365,-0.19433559278647106,,0,1
qwen32B-int4_telecom_50runs,baseline,bge-m3,37c8fd6a-3b63-4620-946f-880ddcfe50c3,25,64,user,,,,,,0.4689210057258606,0,1
qwen32B-int4_telecom_50runs,baseline,bge-m3,37c8fd6a-3b63-4620-946f-880ddcfe50c3,26,64,tool,,,,,,,0,1
qwen32B-int4_telecom_50runs,baseline,bge-m3,37c8fd6a-3b63-4620-946f-880ddcfe50c3,27,64,user,,,,,,,0,1
qwen32B-int4_telecom_50runs,baseline,bge-m3,37c8fd6a-3b63-4620-946f-880ddcfe50c3,28,64,agent,0.6599388718605042,0.23636363636363636,0.0,0.4272579550743103,-0.09284932812054947,,0,1
qwen32B-int4_telecom_50runs,baseline,bge-m3,37c8fd6a-3b63-4620-946f-880ddcfe50c3,29,64,user,,,,,,0.40198737382888794,0,1
qwen32B-int4_telecom_50runs,baseline,bge-m3,37c8fd6a-3b63-4620-946f-880ddcfe50c3,30,64,tool,,,,,,,0,1
qwen32B-int4_telecom_50runs,baseline,bge-m3,37c8fd6a-3b63-4620-946f-880ddcfe50c3,31,64,user,,,,,,,0,1
qwen32B-int4_telecom_50runs,baseline,bge-m3,37c8fd6a-3b63-4620-946f-880ddcfe50c3,32,64,agent,0.6806980967521667,0.1917808219178082,0.0,0.3455379605293274,-0.11013402938842776,,0,1
qwen32B-int4_telecom_50runs,baseline,bge-m3,37c8fd6a-3b63-4620-946f-880ddcfe50c3,33,64,user,,,,,,0.3903290033340454,0,1
qwen32B-int4_telecom_50runs,baseline,bge-m3,37c8fd6a-3b63-4620-946f-880ddcfe50c3,34,64,tool,,,,,,,0,1
qwen32B-int4_telecom_50runs,baseline,bge-m3,37c8fd6a-3b63-4620-946f-880ddcfe50c3,35,64,user,,,,,,,0,1
qwen32B-int4_telecom_50runs,baseline,bge-m3,37c8fd6a-3b63-4620-946f-880ddcfe50c3,36,64,agent,0.7214384078979492,0.25396825396825395,0.0,0.4299737811088562,-0.06413230498631795,,0,1
qwen32B-int4_telecom_50runs,baseline,bge-m3,37c8fd6a-3b63-4620-946f-880ddcfe50c3,37,64,user,,,,,,0.44494545459747314,0,1
qwen32B-int4_telecom_50runs,baseline,bge-m3,37c8fd6a-3b63-4620-946f-880ddcfe50c3,38,64,tool,,,,,,,0,1
qwen32B-int4_telecom_50runs,baseline,bge-m3,37c8fd6a-3b63-4620-946f-880ddcfe50c3,39,64,user,,,,,,,0,1
qwen32B-int4_telecom_50runs,baseline,bge-m3,37c8fd6a-3b63-4620-946f-880ddcfe50c3,40,64,agent,0.7098919153213501,0.21875,0.0,0.36118435859680176,-0.1131138602892558,,0,1
qwen32B-int4_telecom_50runs,baseline,bge-m3,37c8fd6a-3b63-4620-946f-880ddcfe50c3,41,64,user,,,,,,0.513022243976593,0,1
qwen32B-int4_telecom_50runs,baseline,bge-m3,37c8fd6a-3b63-4620-946f-880ddcfe50c3,42,64,tool,,,,,,,0,1
qwen32B-int4_telecom_50runs,baseline,bge-m3,37c8fd6a-3b63-4620-946f-880ddcfe50c3,43,64,user,,,,,,,0,1
qwen32B-int4_telecom_50runs,baseline,bge-m3,37c8fd6a-3b63-4620-946f-880ddcfe50c3,44,64,agent,0.8683255314826965,0.3492063492063492,0.0,0.4353320002555847,-0.04316487113634743,,0,1
qwen32B-int4_telecom_50runs,baseline,bge-m3,37c8fd6a-3b63-4620-946f-880ddcfe50c3,45,64,user,,,,,,0.5144363939762115,0,1
qwen32B-int4_telecom_50runs,baseline,bge-m3,37c8fd6a-3b63-4620-946f-880ddcfe50c3,46,64,tool,,,,,,,0,1
qwen32B-int4_telecom_50runs,baseline,bge-m3,37c8fd6a-3b63-4620-946f-880ddcfe50c3,47,64,user,,,,,,,0,1
qwen32B-int4_telecom_50runs,baseline,bge-m3,37c8fd6a-3b63-4620-946f-880ddcfe50c3,48,64,agent,0.7750757336616516,0.46511627906976744,0.0,0.3866063952445984,-0.0950314144293467,,0,1
qwen32B-int4_telecom_50runs,baseline,bge-m3,37c8fd6a-3b63-4620-946f-880ddcfe50c3,49,64,user,,,,,,0.4108842611312866,0,1
qwen32B-int4_telecom_50runs,baseline,bge-m3,37c8fd6a-3b63-4620-946f-880ddcfe50c3,50,64,tool,,,,,,,0,1
qwen32B-int4_telecom_50runs,baseline,bge-m3,37c8fd6a-3b63-4620-946f-880ddcfe50c3,51,64,user,,,,,,,0,1
qwen32B-int4_telecom_50runs,baseline,bge-m3,37c8fd6a-3b63-4620-946f-880ddcfe50c3,52,64,agent,0.7471164464950562,0.234375,0.0,,,,0,1
qwen32B-int4_telecom_50runs,baseline,bge-m3,37c8fd6a-3b63-4620-946f-880ddcfe50c3,53,64,user,,,,,,0.3677898645401001,0,1
qwen32B-int4_telecom_50runs,baseline,bge-m3,37c8fd6a-3b63-4620-946f-880ddcfe50c3,54,64,agent,0.7004730105400085,0.1724137931034483,0.0,0.33327358961105347,-0.18105359474817917,,0,1
qwen32B-int4_telecom_50runs,baseline,bge-m3,37c8fd6a-3b63-4620-946f-880ddcfe50c3,55,64,tool,,,,,,,0,1
qwen32B-int4_telecom_50runs,baseline,bge-m3,37c8fd6a-3b63-4620-946f-880ddcfe50c3,56,64,agent,0.7819337248802185,0.3333333333333333,0.0,0.3766476511955261,-0.06419811050097146,,0,1
qwen32B-int4_telecom_50runs,baseline,bge-m3,37c8fd6a-3b63-4620-946f-880ddcfe50c3,57,64,user,,,,,,0.4119734764099121,0,1
qwen32B-int4_telecom_50runs,baseline,bge-m3,37c8fd6a-3b63-4620-946f-880ddcfe50c3,58,64,tool,,,,,,,0,1
qwen32B-int4_telecom_50runs,baseline,bge-m3,37c8fd6a-3b63-4620-946f-880ddcfe50c3,59,64,user,,,,,,,0,1
qwen32B-int4_telecom_50runs,baseline,bge-m3,37c8fd6a-3b63-4620-946f-880ddcfe50c3,60,64,agent,0.5707377791404724,0.0625,0.0,0.5120886564254761,-0.04297278920809433,,0,1
qwen32B-int4_telecom_50runs,baseline,bge-m3,37c8fd6a-3b63-4620-946f-880ddcfe50c3,61,64,tool,,,,,,,0,1
qwen32B-int4_telecom_50runs,baseline,bge-m3,37c8fd6a-3b63-4620-946f-880ddcfe50c3,62,64,agent,0.6340305805206299,0.0851063829787234,0.0,,,,0,1
qwen32B-int4_telecom_50runs,baseline,bge-m3,37c8fd6a-3b63-4620-946f-880ddcfe50c3,63,64,user,,,,,,0.36564910411834717,0,1
qwen32B-int4_telecom_50runs,baseline,bge-m3,08cbb451-8060-4b07-968f-73e90ecfc2e0,0,34,agent,,,,,,,0,1
qwen32B-int4_telecom_50runs,baseline,bge-m3,08cbb451-8060-4b07-968f-73e90ecfc2e0,1,34,user,,,,,,0.4618303179740906,0,1
qwen32B-int4_telecom_50runs,baseline,bge-m3,08cbb451-8060-4b07-968f-73e90ecfc2e0,2,34,agent,0.4757123589515686,0.0,0.0,0.34345686435699463,-0.21188291055815556,,0,1
qwen32B-int4_telecom_50runs,baseline,bge-m3,08cbb451-8060-4b07-968f-73e90ecfc2e0,3,34,tool,,,,,,,0,1
qwen32B-int4_telecom_50runs,baseline,bge-m3,08cbb451-8060-4b07-968f-73e90ecfc2e0,4,34,agent,0.5560822486877441,0.09375,0.0,,,,0,1
qwen32B-int4_telecom_50runs,baseline,bge-m3,08cbb451-8060-4b07-968f-73e90ecfc2e0,5,34,user,,,,,,0.4240298867225647,0,1
qwen32B-int4_telecom_50runs,baseline,bge-m3,08cbb451-8060-4b07-968f-73e90ecfc2e0,6,34,agent,0.8370694518089294,0.3684210526315789,0.0,0.5559399724006653,0.010001212358474731,,0,1
qwen32B-int4_telecom_50runs,baseline,bge-m3,08cbb451-8060-4b07-968f-73e90ecfc2e0,7,34,tool,,,,,,,0,1
qwen32B-int4_telecom_50runs,baseline,bge-m3,08cbb451-8060-4b07-968f-73e90ecfc2e0,8,34,agent,0.6344731450080872,0.2,0.0,,,,0,1
qwen32B-int4_telecom_50runs,baseline,bge-m3,08cbb451-8060-4b07-968f-73e90ecfc2e0,9,34,user,,,,,,0.46262818574905396,0,1
qwen32B-int4_telecom_50runs,baseline,bge-m3,08cbb451-8060-4b07-968f-73e90ecfc2e0,10,34,agent,0.8084234595298767,0.3333333333333333,0.0,0.4130480885505676,-0.1355494345937457,,0,1
qwen32B-int4_telecom_50runs,baseline,bge-m3,08cbb451-8060-4b07-968f-73e90ecfc2e0,11,34,tool,,,,,,,0,1
qwen32B-int4_telecom_50runs,baseline,bge-m3,08cbb451-8060-4b07-968f-73e90ecfc2e0,12,34,agent,0.5298948884010315,0.21951219512195122,0.0,0.4572772979736328,-0.04368328622409279,,0,1
qwen32B-int4_telecom_50runs,baseline,bge-m3,08cbb451-8060-4b07-968f-73e90ecfc2e0,13,34,user,,,,,,0.5025492012500763,0,1
qwen32B-int4_telecom_50runs,baseline,bge-m3,08cbb451-8060-4b07-968f-73e90ecfc2e0,14,34,tool,,,,,,,0,1
qwen32B-int4_telecom_50runs,baseline,bge-m3,08cbb451-8060-4b07-968f-73e90ecfc2e0,15,34,user,,,,,,,0,1
qwen32B-int4_telecom_50runs,baseline,bge-m3,08cbb451-8060-4b07-968f-73e90ecfc2e0,16,34,agent,0.6435723900794983,0.1702127659574468,0.0,0.2828085422515869,-0.21836881339550018,,0,1
qwen32B-int4_telecom_50runs,baseline,bge-m3,08cbb451-8060-4b07-968f-73e90ecfc2e0,17,34,user,,,,,,0.31781888008117676,0,1
qwen32B-int4_telecom_50runs,baseline,bge-m3,08cbb451-8060-4b07-968f-73e90ecfc2e0,18,34,tool,,,,,,,0,1
qwen32B-int4_telecom_50runs,baseline,bge-m3,08cbb451-8060-4b07-968f-73e90ecfc2e0,19,34,user,,,,,,,0,1
qwen32B-int4_telecom_50runs,baseline,bge-m3,08cbb451-8060-4b07-968f-73e90ecfc2e0,20,34,agent,0.8673437833786011,0.4146341463414634,0.0,0.33330559730529785,-0.16228862958295004,,0,1
qwen32B-int4_telecom_50runs,baseline,bge-m3,08cbb451-8060-4b07-968f-73e90ecfc2e0,21,34,user,,,,,,0.5177188217639923,0,1
qwen32B-int4_telecom_50runs,baseline,bge-m3,08cbb451-8060-4b07-968f-73e90ecfc2e0,22,34,tool,,,,,,,0,1
qwen32B-int4_telecom_50runs,baseline,bge-m3,08cbb451-8060-4b07-968f-73e90ecfc2e0,23,34,user,,,,,,,0,1
qwen32B-int4_telecom_50runs,baseline,bge-m3,08cbb451-8060-4b07-968f-73e90ecfc2e0,24,34,agent,0.8480727076530457,0.38961038961038963,0.0,0.3461185693740845,-0.1404060274362564,,0,1
qwen32B-int4_telecom_50runs,baseline,bge-m3,08cbb451-8060-4b07-968f-73e90ecfc2e0,25,34,user,,,,,,0.46293818950653076,0,1
qwen32B-int4_telecom_50runs,baseline,bge-m3,08cbb451-8060-4b07-968f-73e90ecfc2e0,26,34,tool,,,,,,,0,1
qwen32B-int4_telecom_50runs,baseline,bge-m3,08cbb451-8060-4b07-968f-73e90ecfc2e0,27,34,user,,,,,,,0,1
qwen32B-int4_telecom_50runs,baseline,bge-m3,08cbb451-8060-4b07-968f-73e90ecfc2e0,28,34,agent,0.7366093397140503,0.35714285714285715,0.0,0.2803778648376465,-0.22182276419230873,,0,1
qwen32B-int4_telecom_50runs,baseline,bge-m3,08cbb451-8060-4b07-968f-73e90ecfc2e0,29,34,user,,,,,,0.36995768547058105,0,1
qwen32B-int4_telecom_50runs,baseline,bge-m3,08cbb451-8060-4b07-968f-73e90ecfc2e0,30,34,tool,,,,,,,0,1
qwen32B-int4_telecom_50runs,baseline,bge-m3,08cbb451-8060-4b07-968f-73e90ecfc2e0,31,34,user,,,,,,,0,1
qwen32B-int4_telecom_50runs,baseline,bge-m3,08cbb451-8060-4b07-968f-73e90ecfc2e0,32,34,agent,0.6073509454727173,0.19047619047619047,0.0,,,,0,1
qwen32B-int4_telecom_50runs,baseline,bge-m3,08cbb451-8060-4b07-968f-73e90ecfc2e0,33,34,user,,,,,,0.3608129024505615,0,1
qwen32B-int4_telecom_50runs,baseline,bge-m3,2366ac66-c028-43b4-ba64-65083c9c38e5,0,66,agent,,,,,,,0,0
qwen32B-int4_telecom_50runs,baseline,bge-m3,2366ac66-c028-43b4-ba64-65083c9c38e5,1,66,user,,,,,,0.4888468384742737,0,0
qwen32B-int4_telecom_50runs,baseline,bge-m3,2366ac66-c028-43b4-ba64-65083c9c38e5,2,66,agent,0.507468044757843,0.0,0.0,0.3284262418746948,-0.225111940077373,,0,0
qwen32B-int4_telecom_50runs,baseline,bge-m3,2366ac66-c028-43b4-ba64-65083c9c38e5,3,66,tool,,,,,,,0,0
qwen32B-int4_telecom_50runs,baseline,bge-m3,2366ac66-c028-43b4-ba64-65083c9c38e5,4,66,agent,0.5672454237937927,0.05,0.0,,,,0,0
qwen32B-int4_telecom_50runs,baseline,bge-m3,2366ac66-c028-43b4-ba64-65083c9c38e5,5,66,user,,,,,,0.36186379194259644,0,0
qwen32B-int4_telecom_50runs,baseline,bge-m3,2366ac66-c028-43b4-ba64-65083c9c38e5,6,66,agent,0.798249363899231,0.35,0.0,0.548520565032959,-0.016124578458922234,,0,0
qwen32B-int4_telecom_50runs,baseline,bge-m3,2366ac66-c028-43b4-ba64-65083c9c38e5,7,66,tool,,,,,,,0,0
qwen32B-int4_telecom_50runs,baseline,bge-m3,2366ac66-c028-43b4-ba64-65083c9c38e5,8,66,agent,0.5969343185424805,0.2835820895522388,0.0,,,,0,0
qwen32B-int4_telecom_50runs,baseline,bge-m3,2366ac66-c028-43b4-ba64-65083c9c38e5,9,66,user,,,,,,0.24921631813049316,0,0
qwen32B-int4_telecom_50runs,baseline,bge-m3,2366ac66-c028-43b4-ba64-65083c9c38e5,10,66,agent,0.7906675338745117,0.3333333333333333,0.0,0.4179607629776001,-0.1500675252505711,,0,0
qwen32B-int4_telecom_50runs,baseline,bge-m3,2366ac66-c028-43b4-ba64-65083c9c38e5,11,66,tool,,,,,,,0,0
qwen32B-int4_telecom_50runs,baseline,bge-m3,2366ac66-c028-43b4-ba64-65083c9c38e5,12,66,agent,0.5066934823989868,0.2087912087912088,0.0,0.4889528155326843,0.012291471873010884,,0,0
qwen32B-int4_telecom_50runs,baseline,bge-m3,2366ac66-c028-43b4-ba64-65083c9c38e5,13,66,user,,,,,,0.45737719535827637,0,0
qwen32B-int4_telecom_50runs,baseline,bge-m3,2366ac66-c028-43b4-ba64-65083c9c38e5,14,66,tool,,,,,,,0,0
qwen32B-int4_telecom_50runs,baseline,bge-m3,2366ac66-c028-43b4-ba64-65083c9c38e5,15,66,user,,,,,,,0,0
qwen32B-int4_telecom_50runs,baseline,bge-m3,2366ac66-c028-43b4-ba64-65083c9c38e5,16,66,agent,0.6887497305870056,0.19047619047619047,0.0,0.42156970500946045,-0.11008346293653759,,0,0
qwen32B-int4_telecom_50runs,baseline,bge-m3,2366ac66-c028-43b4-ba64-65083c9c38e5,17,66,user,,,,,,0.41145575046539307,0,0
qwen32B-int4_telecom_50runs,baseline,bge-m3,2366ac66-c028-43b4-ba64-65083c9c38e5,18,66,tool,,,,,,,0,0
qwen32B-int4_telecom_50runs,baseline,bge-m3,2366ac66-c028-43b4-ba64-65083c9c38e5,19,66,tool,,,,,,,0,0
qwen32B-int4_telecom_50runs,baseline,bge-m3,2366ac66-c028-43b4-ba64-65083c9c38e5,20,66,user,,,,,,,0,0
qwen32B-int4_telecom_50runs,baseline,bge-m3,2366ac66-c028-43b4-ba64-65083c9c38e5,21,66,agent,0.6814137697219849,0.23376623376623376,0.0,,,,0,0
qwen32B-int4_telecom_50runs,baseline,bge-m3,2366ac66-c028-43b4-ba64-65083c9c38e5,22,66,user,,,,,,0.572302520275116,0,0
qwen32B-int4_telecom_50runs,baseline,bge-m3,2366ac66-c028-43b4-ba64-65083c9c38e5,23,66,agent,0.6739584803581238,0.19801980198019803,0.0,0.4295802712440491,-0.1330326593347958,,0,0
qwen32B-int4_telecom_50runs,baseline,bge-m3,2366ac66-c028-43b4-ba64-65083c9c38e5,24,66,user,,,,,,0.2873741388320923,0,0
qwen32B-int4_telecom_50runs,baseline,bge-m3,2366ac66-c028-43b4-ba64-65083c9c38e5,25,66,tool,,,,,,,0,0
qwen32B-int4_telecom_50runs,baseline,bge-m3,2366ac66-c028-43b4-ba64-65083c9c38e5,26,66,tool,,,,,,,0,0
qwen32B-int4_telecom_50runs,baseline,bge-m3,2366ac66-c028-43b4-ba64-65083c9c38e5,27,66,user,,,,,,,0,0
qwen32B-int4_telecom_50runs,baseline,bge-m3,2366ac66-c028-43b4-ba64-65083c9c38e5,28,66,agent,0.7777729034423828,0.24731182795698925,0.0,0.29033297300338745,-0.1777642858879907,,0,0
qwen32B-int4_telecom_50runs,baseline,bge-m3,2366ac66-c028-43b4-ba64-65083c9c38e5,29,66,user,,,,,,0.26596546173095703,0,0
qwen32B-int4_telecom_50runs,baseline,bge-m3,2366ac66-c028-43b4-ba64-65083c9c38e5,30,66,tool,,,,,,,0,0
qwen32B-int4_telecom_50runs,baseline,bge-m3,2366ac66-c028-43b4-ba64-65083c9c38e5,31,66,user,,,,,,,0,0
qwen32B-int4_telecom_50runs,baseline,bge-m3,2366ac66-c028-43b4-ba64-65083c9c38e5,32,66,agent,0.599456787109375,0.34782608695652173,0.0,0.3722274899482727,-0.1921023609382766,,0,0
qwen32B-int4_telecom_50runs,baseline,bge-m3,2366ac66-c028-43b4-ba64-65083c9c38e5,33,66,user,,,,,,0.4812202453613281,0,0
qwen32B-int4_telecom_50runs,baseline,bge-m3,2366ac66-c028-43b4-ba64-65083c9c38e5,34,66,tool,,,,,,,0,0
qwen32B-int4_telecom_50runs,baseline,bge-m3,2366ac66-c028-43b4-ba64-65083c9c38e5,35,66,user,,,,,,,0,0
qwen32B-int4_telecom_50runs,baseline,bge-m3,2366ac66-c028-43b4-ba64-65083c9c38e5,36,66,agent,0.6249343156814575,0.27692307692307694,0.0,0.46151912212371826,-0.06360626646450585,,0,0
qwen32B-int4_telecom_50runs,baseline,bge-m3,2366ac66-c028-43b4-ba64-65083c9c38e5,37,66,user,,,,,,0.4058130979537964,0,0
qwen32B-int4_telecom_50runs,baseline,bge-m3,2366ac66-c028-43b4-ba64-65083c9c38e5,38,66,tool,,,,,,,0,0
qwen32B-int4_telecom_50runs,baseline,bge-m3,2366ac66-c028-43b4-ba64-65083c9c38e5,39,66,user,,,,,,,0,0
qwen32B-int4_telecom_50runs,baseline,bge-m3,2366ac66-c028-43b4-ba64-65083c9c38e5,40,66,agent,0.6573210954666138,0.2597402597402597,0.0,0.49203139543533325,0.002219142658369866,,0,0
qwen32B-int4_telecom_50runs,baseline,bge-m3,2366ac66-c028-43b4-ba64-65083c9c38e5,41,66,user,,,,,,0.5016586780548096,0,0
qwen32B-int4_telecom_50runs,baseline,bge-m3,2366ac66-c028-43b4-ba64-65083c9c38e5,42,66,tool,,,,,,,0,0
qwen32B-int4_telecom_50runs,baseline,bge-m3,2366ac66-c028-43b4-ba64-65083c9c38e5,43,66,user,,,,,,,0,0
qwen32B-int4_telecom_50runs,baseline,bge-m3,2366ac66-c028-43b4-ba64-65083c9c38e5,44,66,agent,0.8442392945289612,0.3488372093023256,0.0,0.4042325019836426,-0.10539095423051292,,0,0
qwen32B-int4_telecom_50runs,baseline,bge-m3,2366ac66-c028-43b4-ba64-65083c9c38e5,45,66,user,,,,,,0.34118062257766724,0,0
qwen32B-int4_telecom_50runs,baseline,bge-m3,2366ac66-c028-43b4-ba64-65083c9c38e5,46,66,tool,,,,,,,0,0
qwen32B-int4_telecom_50runs,baseline,bge-m3,2366ac66-c028-43b4-ba64-65083c9c38e5,47,66,user,,,,,,,0,0
qwen32B-int4_telecom_50runs,baseline,bge-m3,2366ac66-c028-43b4-ba64-65083c9c38e5,48,66,agent,0.6609061360359192,0.3013698630136986,0.0,0.46650630235671997,-0.05492975030626568,,0,0
qwen32B-int4_telecom_50runs,baseline,bge-m3,2366ac66-c028-43b4-ba64-65083c9c38e5,49,66,user,,,,,,0.4081791639328003,0,0
qwen32B-int4_telecom_50runs,baseline,bge-m3,2366ac66-c028-43b4-ba64-65083c9c38e5,50,66,tool,,,,,,,0,0
qwen32B-int4_telecom_50runs,baseline,bge-m3,2366ac66-c028-43b4-ba64-65083c9c38e5,51,66,user,,,,,,,0,0
qwen32B-int4_telecom_50runs,baseline,bge-m3,2366ac66-c028-43b4-ba64-65083c9c38e5,52,66,agent,0.685107409954071,0.23595505617977527,0.0,,,,0,0
qwen32B-int4_telecom_50runs,baseline,bge-m3,2366ac66-c028-43b4-ba64-65083c9c38e5,53,66,user,,,,,,0.35248082876205444,0,0
qwen32B-int4_telecom_50runs,baseline,bge-m3,2366ac66-c028-43b4-ba64-65083c9c38e5,54,66,agent,0.44179677963256836,0.024691358024691357,0.0,0.4556238055229187,-0.12587308245045803,,0,0
qwen32B-int4_telecom_50runs,baseline,bge-m3,2366ac66-c028-43b4-ba64-65083c9c38e5,55,66,tool,,,,,,,0,0
qwen32B-int4_telecom_50runs,baseline,bge-m3,2366ac66-c028-43b4-ba64-65083c9c38e5,56,66,agent,0.7513868808746338,0.29347826086956524,0.0,,,,0,0
qwen32B-int4_telecom_50runs,baseline,bge-m3,2366ac66-c028-43b4-ba64-65083c9c38e5,57,66,user,,,,,,0.1767514944076538,0,0
qwen32B-int4_telecom_50runs,baseline,bge-m3,2366ac66-c028-43b4-ba64-65083c9c38e5,58,66,agent,0.8153764605522156,0.5333333333333333,0.0,0.3669425845146179,-0.14548296374934055,,0,0
qwen32B-int4_telecom_50runs,baseline,bge-m3,2366ac66-c028-43b4-ba64-65083c9c38e5,59,66,tool,,,,,,,0,0
qwen32B-int4_telecom_50runs,baseline,bge-m3,2366ac66-c028-43b4-ba64-65083c9c38e5,60,66,agent,0.7366733551025391,0.16455696202531644,0.0,0.34880703687667847,-0.11725037651402609,,0,0
qwen32B-int4_telecom_50runs,baseline,bge-m3,2366ac66-c028-43b4-ba64-65083c9c38e5,61,66,user,,,,,,0.5151908099651337,0,0
qwen32B-int4_telecom_50runs,baseline,bge-m3,2366ac66-c028-43b4-ba64-65083c9c38e5,62,66,tool,,,,,,,0,0
qwen32B-int4_telecom_50runs,baseline,bge-m3,2366ac66-c028-43b4-ba64-65083c9c38e5,63,66,user,,,,,,,0,0
qwen32B-int4_telecom_50runs,baseline,bge-m3,2366ac66-c028-43b4-ba64-65083c9c38e5,64,66,agent,0.7078297734260559,0.24675324675324675,0.0,,,,0,0
qwen32B-int4_telecom_50runs,baseline,bge-m3,2366ac66-c028-43b4-ba64-65083c9c38e5,65,66,user,,,,,,0.4744042754173279,0,0
qwen32B-int4_telecom_50runs,baseline,bge-m3,02ac42e7-7292-4a73-8902-a7a230856e30,0,38,agent,,,,,,,0,1
qwen32B-int4_telecom_50runs,baseline,bge-m3,02ac42e7-7292-4a73-8902-a7a230856e30,1,38,user,,,,,,0.4411715865135193,0,1
qwen32B-int4_telecom_50runs,baseline,bge-m3,02ac42e7-7292-4a73-8902-a7a230856e30,2,38,agent,0.5705975890159607,0.08333333333333333,0.0,0.3308665156364441,-0.1262671172618866,,0,1
qwen32B-int4_telecom_50runs,baseline,bge-m3,02ac42e7-7292-4a73-8902-a7a230856e30,3,38,user,,,,,,0.40855246782302856,0,1
qwen32B-int4_telecom_50runs,baseline,bge-m3,02ac42e7-7292-4a73-8902-a7a230856e30,4,38,tool,,,,,,,0,1
qwen32B-int4_telecom_50runs,baseline,bge-m3,02ac42e7-7292-4a73-8902-a7a230856e30,5,38,user,,,,,,,0,1
qwen32B-int4_telecom_50runs,baseline,bge-m3,02ac42e7-7292-4a73-8902-a7a230856e30,6,38,agent,0.7714160084724426,0.36231884057971014,0.0,0.27518516778945923,-0.09853096008300782,,0,1
qwen32B-int4_telecom_50runs,baseline,bge-m3,02ac42e7-7292-4a73-8902-a7a230856e30,7,38,user,,,,,,0.4243376851081848,0,1
qwen32B-int4_telecom_50runs,baseline,bge-m3,02ac42e7-7292-4a73-8902-a7a230856e30,8,38,tool,,,,,,,0,1
qwen32B-int4_telecom_50runs,baseline,bge-m3,02ac42e7-7292-4a73-8902-a7a230856e30,9,38,user,,,,,,,0,1
qwen32B-int4_telecom_50runs,baseline,bge-m3,02ac42e7-7292-4a73-8902-a7a230856e30,10,38,agent,0.8997927904129028,0.5964912280701754,0.0,0.31484782695770264,-0.12406286001205447,,0,1
qwen32B-int4_telecom_50runs,baseline,bge-m3,02ac42e7-7292-4a73-8902-a7a230856e30,11,38,user,,,,,,0.45674973726272583,0,1
qwen32B-int4_telecom_50runs,baseline,bge-m3,02ac42e7-7292-4a73-8902-a7a230856e30,12,38,tool,,,,,,,0,1
qwen32B-int4_telecom_50runs,baseline,bge-m3,02ac42e7-7292-4a73-8902-a7a230856e30,13,38,user,,,,,,,0,1
qwen32B-int4_telecom_50runs,baseline,bge-m3,02ac42e7-7292-4a73-8902-a7a230856e30,14,38,tool,,,,,,,0,1
qwen32B-int4_telecom_50runs,baseline,bge-m3,02ac42e7-7292-4a73-8902-a7a230856e30,15,38,user,,,,,,,0,1
qwen32B-int4_telecom_50runs,baseline,bge-m3,02ac42e7-7292-4a73-8902-a7a230856e30,16,38,agent,,,,0.4986397624015808,0.05722760558128359,,0,1
qwen32B-int4_telecom_50runs,baseline,bge-m3,02ac42e7-7292-4a73-8902-a7a230856e30,17,38,user,,,,,,0.3179219365119934,0,1
qwen32B-int4_telecom_50runs,baseline,bge-m3,02ac42e7-7292-4a73-8902-a7a230856e30,18,38,tool,,,,,,,0,1
qwen32B-int4_telecom_50runs,baseline,bge-m3,02ac42e7-7292-4a73-8902-a7a230856e30,19,38,user,,,,,,,0,1
qwen32B-int4_telecom_50runs,baseline,bge-m3,02ac42e7-7292-4a73-8902-a7a230856e30,20,38,tool,,,,,,,0,1
qwen32B-int4_telecom_50runs,baseline,bge-m3,02ac42e7-7292-4a73-8902-a7a230856e30,21,38,user,,,,,,,0,1
qwen32B-int4_telecom_50runs,baseline,bge-m3,02ac42e7-7292-4a73-8902-a7a230856e30,22,38,tool,,,,,,,0,1
qwen32B-int4_telecom_50runs,baseline,bge-m3,02ac42e7-7292-4a73-8902-a7a230856e30,23,38,user,,,,,,,0,1
qwen32B-int4_telecom_50runs,baseline,bge-m3,02ac42e7-7292-4a73-8902-a7a230856e30,24,38,agent,,,,0.36417722702026367,-0.04630424380302428,,0,1
qwen32B-int4_telecom_50runs,baseline,bge-m3,02ac42e7-7292-4a73-8902-a7a230856e30,25,38,user,,,,,,0.5479066967964172,0,1
qwen32B-int4_telecom_50runs,baseline,bge-m3,02ac42e7-7292-4a73-8902-a7a230856e30,26,38,tool,,,,,,,0,1
qwen32B-int4_telecom_50runs,baseline,bge-m3,02ac42e7-7292-4a73-8902-a7a230856e30,27,38,user,,,,,,,0,1
qwen32B-int4_telecom_50runs,baseline,bge-m3,02ac42e7-7292-4a73-8902-a7a230856e30,28,38,tool,,,,,,,0,1
qwen32B-int4_telecom_50runs,baseline,bge-m3,02ac42e7-7292-4a73-8902-a7a230856e30,29,38,user,,,,,,,0,1
qwen32B-int4_telecom_50runs,baseline,bge-m3,02ac42e7-7292-4a73-8902-a7a230856e30,30,38,tool,,,,,,,0,1
qwen32B-int4_telecom_50runs,baseline,bge-m3,02ac42e7-7292-4a73-8902-a7a230856e30,31,38,user,,,,,,,0,1
qwen32B-int4_telecom_50runs,baseline,bge-m3,02ac42e7-7292-4a73-8902-a7a230856e30,32,38,tool,,,,,,,0,1
qwen32B-int4_telecom_50runs,baseline,bge-m3,02ac42e7-7292-4a73-8902-a7a230856e30,33,38,user,,,,,,,0,1
qwen32B-int4_telecom_50runs,baseline,bge-m3,02ac42e7-7292-4a73-8902-a7a230856e30,34,38,agent,,,,0.5953399538993835,0.1824173927307129,,0,1
qwen32B-int4_telecom_50runs,baseline,bge-m3,02ac42e7-7292-4a73-8902-a7a230856e30,35,38,tool,,,,,,,0,1
qwen32B-int4_telecom_50runs,baseline,bge-m3,02ac42e7-7292-4a73-8902-a7a230856e30,36,38,agent,0.45625531673431396,0.07272727272727272,0.0,,,,0,1
qwen32B-int4_telecom_50runs,baseline,bge-m3,02ac42e7-7292-4a73-8902-a7a230856e30,37,38,user,,,,,,0.3656492233276367,0,1
qwen32B-int4_telecom_50runs,baseline,bge-m3,f2f20e69-1a92-42d9-b238-8777b8070bb7,0,53,agent,,,,,,,0,1
qwen32B-int4_telecom_50runs,baseline,bge-m3,f2f20e69-1a92-42d9-b238-8777b8070bb7,1,53,user,,,,,,0.4618303179740906,0,1
qwen32B-int4_telecom_50runs,baseline,bge-m3,f2f20e69-1a92-42d9-b238-8777b8070bb7,2,53,agent,0.4707297384738922,0.0,0.0,0.3445103168487549,-0.2347263558344408,,0,1
qwen32B-int4_telecom_50runs,baseline,bge-m3,f2f20e69-1a92-42d9-b238-8777b8070bb7,3,53,tool,,,,,,,0,1
qwen32B-int4_telecom_50runs,baseline,bge-m3,f2f20e69-1a92-42d9-b238-8777b8070bb7,4,53,agent,0.5560822486877441,0.09375,0.0,,,,0,1
qwen32B-int4_telecom_50runs,baseline,bge-m3,f2f20e69-1a92-42d9-b238-8777b8070bb7,5,53,user,,,,,,0.4240298867225647,0,1
qwen32B-int4_telecom_50runs,baseline,bge-m3,f2f20e69-1a92-42d9-b238-8777b8070bb7,6,53,agent,0.8306539058685303,0.3684210526315789,0.0,0.5447519421577454,-0.008727564053101933,,0,1
qwen32B-int4_telecom_50runs,baseline,bge-m3,f2f20e69-1a92-42d9-b238-8777b8070bb7,7,53,tool,,,,,,,0,1
qwen32B-int4_telecom_50runs,baseline,bge-m3,f2f20e69-1a92-42d9-b238-8777b8070bb7,8,53,agent,0.6388343572616577,0.2,0.0,,,,0,1
qwen32B-int4_telecom_50runs,baseline,bge-m3,f2f20e69-1a92-42d9-b238-8777b8070bb7,9,53,user,,,,,,0.46262818574905396,0,1
qwen32B-int4_telecom_50runs,baseline,bge-m3,f2f20e69-1a92-42d9-b238-8777b8070bb7,10,53,agent,0.7966286540031433,0.3333333333333333,0.0,0.4166940450668335,-0.1661741245876659,,0,1
qwen32B-int4_telecom_50runs,baseline,bge-m3,f2f20e69-1a92-42d9-b238-8777b8070bb7,11,53,tool,,,,,,,0,1
qwen32B-int4_telecom_50runs,baseline,bge-m3,f2f20e69-1a92-42d9-b238-8777b8070bb7,12,53,agent,0.5298948884010315,0.21951219512195122,0.0,0.48529869318008423,-0.05568570169535547,,0,1
qwen32B-int4_telecom_50runs,baseline,bge-m3,f2f20e69-1a92-42d9-b238-8777b8070bb7,13,53,user,,,,,,0.5041202008724213,0,1
qwen32B-int4_telecom_50runs,baseline,bge-m3,f2f20e69-1a92-42d9-b238-8777b8070bb7,14,53,tool,,,,,,,0,1
qwen32B-int4_telecom_50runs,baseline,bge-m3,f2f20e69-1a92-42d9-b238-8777b8070bb7,15,53,user,,,,,,,0,1
qwen32B-int4_telecom_50runs,baseline,bge-m3,f2f20e69-1a92-42d9-b238-8777b8070bb7,16,53,agent,0.5616645216941833,0.0,0.0,0.3649441599845886,-0.14808919483965088,,0,1
qwen32B-int4_telecom_50runs,baseline,bge-m3,f2f20e69-1a92-42d9-b238-8777b8070bb7,17,53,tool,,,,,,,0,1
qwen32B-int4_telecom_50runs,baseline,bge-m3,f2f20e69-1a92-42d9-b238-8777b8070bb7,18,53,agent,0.5386121869087219,0.0,0.0,0.485689640045166,-0.012733313170346372,,0,1
qwen32B-int4_telecom_50runs,baseline,bge-m3,f2f20e69-1a92-42d9-b238-8777b8070bb7,19,53,user,,,,,,0.4301990270614624,0,1
qwen32B-int4_telecom_50runs,baseline,bge-m3,f2f20e69-1a92-42d9-b238-8777b8070bb7,20,53,tool,,,,,,,0,1
qwen32B-int4_telecom_50runs,baseline,bge-m3,f2f20e69-1a92-42d9-b238-8777b8070bb7,21,53,tool,,,,,,,0,1
qwen32B-int4_telecom_50runs,baseline,bge-m3,f2f20e69-1a92-42d9-b238-8777b8070bb7,22,53,user,,,,,,,0,1
qwen32B-int4_telecom_50runs,baseline,bge-m3,f2f20e69-1a92-42d9-b238-8777b8070bb7,23,53,agent,0.7017393112182617,0.1875,0.0,0.31481820344924927,-0.15049007264050568,,0,1
qwen32B-int4_telecom_50runs,baseline,bge-m3,f2f20e69-1a92-42d9-b238-8777b8070bb7,24,53,user,,,,,,0.40993648767471313,0,1
qwen32B-int4_telecom_50runs,baseline,bge-m3,f2f20e69-1a92-42d9-b238-8777b8070bb7,25,53,tool,,,,,,,0,1
qwen32B-int4_telecom_50runs,baseline,bge-m3,f2f20e69-1a92-42d9-b238-8777b8070bb7,26,53,tool,,,,,,,0,1
qwen32B-int4_telecom_50runs,baseline,bge-m3,f2f20e69-1a92-42d9-b238-8777b8070bb7,27,53,user,,,,,,,0,1
qwen32B-int4_telecom_50runs,baseline,bge-m3,f2f20e69-1a92-42d9-b238-8777b8070bb7,28,53,agent,0.8536310195922852,0.3855421686746988,0.0,0.4019111394882202,-0.1117859889160503,,0,1
qwen32B-int4_telecom_50runs,baseline,bge-m3,f2f20e69-1a92-42d9-b238-8777b8070bb7,29,53,user,,,,,,0.34815794229507446,0,1
qwen32B-int4_telecom_50runs,baseline,bge-m3,f2f20e69-1a92-42d9-b238-8777b8070bb7,30,53,tool,,,,,,,0,1
qwen32B-int4_telecom_50runs,baseline,bge-m3,f2f20e69-1a92-42d9-b238-8777b8070bb7,31,53,tool,,,,,,,0,1
qwen32B-int4_telecom_50runs,baseline,bge-m3,f2f20e69-1a92-42d9-b238-8777b8070bb7,32,53,tool,,,,,,,0,1
qwen32B-int4_telecom_50runs,baseline,bge-m3,f2f20e69-1a92-42d9-b238-8777b8070bb7,33,53,user,,,,,,,0,1
qwen32B-int4_telecom_50runs,baseline,bge-m3,f2f20e69-1a92-42d9-b238-8777b8070bb7,34,53,agent,,,,0.45132869482040405,-0.07926648042418738,,0,1
qwen32B-int4_telecom_50runs,baseline,bge-m3,f2f20e69-1a92-42d9-b238-8777b8070bb7,35,53,user,,,,,,0.3543790578842163,0,1
qwen32B-int4_telecom_50runs,baseline,bge-m3,f2f20e69-1a92-42d9-b238-8777b8070bb7,36,53,tool,,,,,,,0,1
qwen32B-int4_telecom_50runs,baseline,bge-m3,f2f20e69-1a92-42d9-b238-8777b8070bb7,37,53,tool,,,,,,,0,1
qwen32B-int4_telecom_50runs,baseline,bge-m3,f2f20e69-1a92-42d9-b238-8777b8070bb7,38,53,user,,,,,,,0,1
qwen32B-int4_telecom_50runs,baseline,bge-m3,f2f20e69-1a92-42d9-b238-8777b8070bb7,39,53,agent,0.6855522394180298,0.38961038961038963,0.0,0.3899763822555542,-0.14715998552062293,,0,1
qwen32B-int4_telecom_50runs,baseline,bge-m3,f2f20e69-1a92-42d9-b238-8777b8070bb7,40,53,user,,,,,,0.410761296749115,0,1
qwen32B-int4_telecom_50runs,baseline,bge-m3,f2f20e69-1a92-42d9-b238-8777b8070bb7,41,53,tool,,,,,,,0,1
qwen32B-int4_telecom_50runs,baseline,bge-m3,f2f20e69-1a92-42d9-b238-8777b8070bb7,42,53,tool,,,,,,,0,1
qwen32B-int4_telecom_50runs,baseline,bge-m3,f2f20e69-1a92-42d9-b238-8777b8070bb7,43,53,tool,,,,,,,0,1
qwen32B-int4_telecom_50runs,baseline,bge-m3,f2f20e69-1a92-42d9-b238-8777b8070bb7,44,53,user,,,,,,,0,1
qwen32B-int4_telecom_50runs,baseline,bge-m3,f2f20e69-1a92-42d9-b238-8777b8070bb7,45,53,agent,,,,0.4885063171386719,-0.0321288948709314,,0,1
qwen32B-int4_telecom_50runs,baseline,bge-m3,f2f20e69-1a92-42d9-b238-8777b8070bb7,46,53,tool,,,,,,,0,1
qwen32B-int4_telecom_50runs,baseline,bge-m3,f2f20e69-1a92-42d9-b238-8777b8070bb7,47,53,agent,0.6955111026763916,0.21348314606741572,0.0,,,,0,1
qwen32B-int4_telecom_50runs,baseline,bge-m3,f2f20e69-1a92-42d9-b238-8777b8070bb7,48,53,user,,,,,,0.3725515604019165,0,1
qwen32B-int4_telecom_50runs,baseline,bge-m3,f2f20e69-1a92-42d9-b238-8777b8070bb7,49,53,agent,0.619234025478363,0.07446808510638298,0.0,0.4611457586288452,-0.03468938036398456,,0,1
qwen32B-int4_telecom_50runs,baseline,bge-m3,f2f20e69-1a92-42d9-b238-8777b8070bb7,50,53,tool,,,,,,,0,1
qwen32B-int4_telecom_50runs,baseline,bge-m3,f2f20e69-1a92-42d9-b238-8777b8070bb7,51,53,agent,0.6273972392082214,0.08695652173913043,0.0,,,,0,1
qwen32B-int4_telecom_50runs,baseline,bge-m3,f2f20e69-1a92-42d9-b238-8777b8070bb7,52,53,user,,,,,,0.3656492233276367,0,1
qwen32B-int4_telecom_50runs,baseline,bge-m3,f1233686-d278-4e4e-a0b8-9669c90ab0c1,0,51,agent,,,,,,,0,1
qwen32B-int4_telecom_50runs,baseline,bge-m3,f1233686-d278-4e4e-a0b8-9669c90ab0c1,1,51,user,,,,,,0.44117164611816406,0,1
qwen32B-int4_telecom_50runs,baseline,bge-m3,f1233686-d278-4e4e-a0b8-9669c90ab0c1,2,51,agent,0.5705977082252502,0.08333333333333333,0.0,0.2986369729042053,-0.1950214256842931,,0,1
qwen32B-int4_telecom_50runs,baseline,bge-m3,f1233686-d278-4e4e-a0b8-9669c90ab0c1,3,51,user,,,,,,0.4045882225036621,0,1
qwen32B-int4_telecom_50runs,baseline,bge-m3,f1233686-d278-4e4e-a0b8-9669c90ab0c1,4,51,tool,,,,,,,0,1
qwen32B-int4_telecom_50runs,baseline,bge-m3,f1233686-d278-4e4e-a0b8-9669c90ab0c1,5,51,user,,,,,,,0,1
qwen32B-int4_telecom_50runs,baseline,bge-m3,f1233686-d278-4e4e-a0b8-9669c90ab0c1,6,51,agent,0.7465431094169617,0.2,0.0,0.32906800508499146,-0.10809868574142456,,0,1
qwen32B-int4_telecom_50runs,baseline,bge-m3,f1233686-d278-4e4e-a0b8-9669c90ab0c1,7,51,user,,,,,,0.5303984880447388,0,1
qwen32B-int4_telecom_50runs,baseline,bge-m3,f1233686-d278-4e4e-a0b8-9669c90ab0c1,8,51,tool,,,,,,,0,1
qwen32B-int4_telecom_50runs,baseline,bge-m3,f1233686-d278-4e4e-a0b8-9669c90ab0c1,9,51,user,,,,,,,0,1
qwen32B-int4_telecom_50runs,baseline,bge-m3,f1233686-d278-4e4e-a0b8-9669c90ab0c1,10,51,tool,,,,,,,0,1
qwen32B-int4_telecom_50runs,baseline,bge-m3,f1233686-d278-4e4e-a0b8-9669c90ab0c1,11,51,user,,,,,,,0,1
qwen32B-int4_telecom_50runs,baseline,bge-m3,f1233686-d278-4e4e-a0b8-9669c90ab0c1,12,51,tool,,,,,,,0,1
qwen32B-int4_telecom_50runs,baseline,bge-m3,f1233686-d278-4e4e-a0b8-9669c90ab0c1,13,51,user,,,,,,,0,1
qwen32B-int4_telecom_50runs,baseline,bge-m3,f1233686-d278-4e4e-a0b8-9669c90ab0c1,14,51,agent,,,,0.515770435333252,0.007458125551541683,,0,1
qwen32B-int4_telecom_50runs,baseline,bge-m3,f1233686-d278-4e4e-a0b8-9669c90ab0c1,15,51,user,,,,,,0.4341832995414734,0,1
qwen32B-int4_telecom_50runs,baseline,bge-m3,f1233686-d278-4e4e-a0b8-9669c90ab0c1,16,51,tool,,,,,,,0,1
qwen32B-int4_telecom_50runs,baseline,bge-m3,f1233686-d278-4e4e-a0b8-9669c90ab0c1,17,51,user,,,,,,,0,1
qwen32B-int4_telecom_50runs,baseline,bge-m3,f1233686-d278-4e4e-a0b8-9669c90ab0c1,18,51,tool,,,,,,,0,1
qwen32B-int4_telecom_50runs,baseline,bge-m3,f1233686-d278-4e4e-a0b8-9669c90ab0c1,19,51,user,,,,,,,0,1
qwen32B-int4_telecom_50runs,baseline,bge-m3,f1233686-d278-4e4e-a0b8-9669c90ab0c1,20,51,agent,,,,0.39372968673706055,-0.040887792905171694,,0,1
qwen32B-int4_telecom_50runs,baseline,bge-m3,f1233686-d278-4e4e-a0b8-9669c90ab0c1,21,51,user,,,,,,0.49465739727020264,0,1
qwen32B-int4_telecom_50runs,baseline,bge-m3,f1233686-d278-4e4e-a0b8-9669c90ab0c1,22,51,tool,,,,,,,0,1
qwen32B-int4_telecom_50runs,baseline,bge-m3,f1233686-d278-4e4e-a0b8-9669c90ab0c1,23,51,user,,,,,,,0,1
qwen32B-int4_telecom_50runs,baseline,bge-m3,f1233686-d278-4e4e-a0b8-9669c90ab0c1,24,51,tool,,,,,,,0,1
qwen32B-int4_telecom_50runs,baseline,bge-m3,f1233686-d278-4e4e-a0b8-9669c90ab0c1,25,51,user,,,,,,,0,1
qwen32B-int4_telecom_50runs,baseline,bge-m3,f1233686-d278-4e4e-a0b8-9669c90ab0c1,26,51,tool,,,,,,,0,1
qwen32B-int4_telecom_50runs,baseline,bge-m3,f1233686-d278-4e4e-a0b8-9669c90ab0c1,27,51,user,,,,,,,0,1
qwen32B-int4_telecom_50runs,baseline,bge-m3,f1233686-d278-4e4e-a0b8-9669c90ab0c1,28,51,agent,,,,0.4114288091659546,-0.008365362882614136,,0,1
qwen32B-int4_telecom_50runs,baseline,bge-m3,f1233686-d278-4e4e-a0b8-9669c90ab0c1,29,51,user,,,,,,0.4442232847213745,0,1
qwen32B-int4_telecom_50runs,baseline,bge-m3,f1233686-d278-4e4e-a0b8-9669c90ab0c1,30,51,tool,,,,,,,0,1
qwen32B-int4_telecom_50runs,baseline,bge-m3,f1233686-d278-4e4e-a0b8-9669c90ab0c1,31,51,user,,,,,,,0,1
qwen32B-int4_telecom_50runs,baseline,bge-m3,f1233686-d278-4e4e-a0b8-9669c90ab0c1,32,51,tool,,,,,,,0,1
qwen32B-int4_telecom_50runs,baseline,bge-m3,f1233686-d278-4e4e-a0b8-9669c90ab0c1,33,51,user,,,,,,,0,1
qwen32B-int4_telecom_50runs,baseline,bge-m3,f1233686-d278-4e4e-a0b8-9669c90ab0c1,34,51,tool,,,,,,,0,1
qwen32B-int4_telecom_50runs,baseline,bge-m3,f1233686-d278-4e4e-a0b8-9669c90ab0c1,35,51,user,,,,,,,0,1
qwen32B-int4_telecom_50runs,baseline,bge-m3,f1233686-d278-4e4e-a0b8-9669c90ab0c1,36,51,agent,,,,0.401203989982605,-0.013294349114100157,,0,1
qwen32B-int4_telecom_50runs,baseline,bge-m3,f1233686-d278-4e4e-a0b8-9669c90ab0c1,37,51,user,,,,,,0.4111210107803345,0,1
qwen32B-int4_telecom_50runs,baseline,bge-m3,f1233686-d278-4e4e-a0b8-9669c90ab0c1,38,51,tool,,,,,,,0,1
qwen32B-int4_telecom_50runs,baseline,bge-m3,f1233686-d278-4e4e-a0b8-9669c90ab0c1,39,51,user,,,,,,,0,1
qwen32B-int4_telecom_50runs,baseline,bge-m3,f1233686-d278-4e4e-a0b8-9669c90ab0c1,40,51,tool,,,,,,,0,1
qwen32B-int4_telecom_50runs,baseline,bge-m3,f1233686-d278-4e4e-a0b8-9669c90ab0c1,41,51,user,,,,,,,0,1
qwen32B-int4_telecom_50runs,baseline,bge-m3,f1233686-d278-4e4e-a0b8-9669c90ab0c1,42,51,tool,,,,,,,0,1
qwen32B-int4_telecom_50runs,baseline,bge-m3,f1233686-d278-4e4e-a0b8-9669c90ab0c1,43,51,user,,,,,,,0,1
qwen32B-int4_telecom_50runs,baseline,bge-m3,f1233686-d278-4e4e-a0b8-9669c90ab0c1,44,51,tool,,,,,,,0,1
qwen32B-int4_telecom_50runs,baseline,bge-m3,f1233686-d278-4e4e-a0b8-9669c90ab0c1,45,51,tool,,,,,,,0,1
qwen32B-int4_telecom_50runs,baseline,bge-m3,f1233686-d278-4e4e-a0b8-9669c90ab0c1,46,51,user,,,,,,,0,1
qwen32B-int4_telecom_50runs,baseline,bge-m3,f1233686-d278-4e4e-a0b8-9669c90ab0c1,47,51,agent,,,,0.5032969117164612,0.011480271816253662,,0,1
qwen32B-int4_telecom_50runs,baseline,bge-m3,f1233686-d278-4e4e-a0b8-9669c90ab0c1,48,51,tool,,,,,,,0,1
qwen32B-int4_telecom_50runs,baseline,bge-m3,f1233686-d278-4e4e-a0b8-9669c90ab0c1,49,51,agent,0.609169602394104,0.11363636363636363,0.0,,,,0,1
qwen32B-int4_telecom_50runs,baseline,bge-m3,f1233686-d278-4e4e-a0b8-9669c90ab0c1,50,51,user,,,,,,0.3656492233276367,0,1
qwen32B-int4_telecom_50runs,baseline,bge-m3,83c94577-9219-4136-a119-1a162b5d55fc,0,66,agent,,,,,,,0,1
qwen32B-int4_telecom_50runs,baseline,bge-m3,83c94577-9219-4136-a119-1a162b5d55fc,1,66,user,,,,,,0.44117146730422974,0,1
qwen32B-int4_telecom_50runs,baseline,bge-m3,83c94577-9219-4136-a119-1a162b5d55fc,2,66,agent,0.5705976486206055,0.08333333333333333,0.0,0.3308665156364441,-0.12907503951679578,,0,1
qwen32B-int4_telecom_50runs,baseline,bge-m3,83c94577-9219-4136-a119-1a162b5d55fc,3,66,user,,,,,,0.41174811124801636,0,1
qwen32B-int4_telecom_50runs,baseline,bge-m3,83c94577-9219-4136-a119-1a162b5d55fc,4,66,tool,,,,,,,0,1
qwen32B-int4_telecom_50runs,baseline,bge-m3,83c94577-9219-4136-a119-1a162b5d55fc,5,66,user,,,,,,,0,1
qwen32B-int4_telecom_50runs,baseline,bge-m3,83c94577-9219-4136-a119-1a162b5d55fc,6,66,agent,0.7714160084724426,0.36231884057971014,0.0,0.27518516778945923,-0.1356983347372575,,0,1
qwen32B-int4_telecom_50runs,baseline,bge-m3,83c94577-9219-4136-a119-1a162b5d55fc,7,66,user,,,,,,0.4106980562210083,0,1
qwen32B-int4_telecom_50runs,baseline,bge-m3,83c94577-9219-4136-a119-1a162b5d55fc,8,66,tool,,,,,,,0,1
qwen32B-int4_telecom_50runs,baseline,bge-m3,83c94577-9219-4136-a119-1a162b5d55fc,9,66,user,,,,,,,0,1
qwen32B-int4_telecom_50runs,baseline,bge-m3,83c94577-9219-4136-a119-1a162b5d55fc,10,66,agent,0.9028773307800293,0.6981132075471698,0.0,0.31345075368881226,-0.11804490739648993,,0,1
qwen32B-int4_telecom_50runs,baseline,bge-m3,83c94577-9219-4136-a119-1a162b5d55fc,11,66,user,,,,,,0.4685567021369934,0,1
qwen32B-int4_telecom_50runs,baseline,bge-m3,83c94577-9219-4136-a119-1a162b5d55fc,12,66,tool,,,,,,,0,1
qwen32B-int4_telecom_50runs,baseline,bge-m3,83c94577-9219-4136-a119-1a162b5d55fc,13,66,user,,,,,,,0,1
qwen32B-int4_telecom_50runs,baseline,bge-m3,83c94577-9219-4136-a119-1a162b5d55fc,14,66,agent,0.7543387413024902,0.5303030303030303,0.0,0.4470342993736267,0.003222725608132082,,0,1
qwen32B-int4_telecom_50runs,baseline,bge-m3,83c94577-9219-4136-a119-1a162b5d55fc,15,66,user,,,,,,0.3614903688430786,0,1
qwen32B-int4_telecom_50runs,baseline,bge-m3,83c94577-9219-4136-a119-1a162b5d55fc,16,66,tool,,,,,,,0,1
qwen32B-int4_telecom_50runs,baseline,bge-m3,83c94577-9219-4136-a119-1a162b5d55fc,17,66,user,,,,,,,0,1
qwen32B-int4_telecom_50runs,baseline,bge-m3,83c94577-9219-4136-a119-1a162b5d55fc,18,66,tool,,,,,,,0,1
qwen32B-int4_telecom_50runs,baseline,bge-m3,83c94577-9219-4136-a119-1a162b5d55fc,19,66,user,,,,,,,0,1
qwen32B-int4_telecom_50runs,baseline,bge-m3,83c94577-9219-4136-a119-1a162b5d55fc,20,66,tool,,,,,,,0,1
qwen32B-int4_telecom_50runs,baseline,bge-m3,83c94577-9219-4136-a119-1a162b5d55fc,21,66,user,,,,,,,0,1
qwen32B-int4_telecom_50runs,baseline,bge-m3,83c94577-9219-4136-a119-1a162b5d55fc,22,66,agent,,,,0.2568312883377075,-0.17267709699544037,,0,1
qwen32B-int4_telecom_50runs,baseline,bge-m3,83c94577-9219-4136-a119-1a162b5d55fc,23,66,user,,,,,,0.5178638100624084,0,1
qwen32B-int4_telecom_50runs,baseline,bge-m3,83c94577-9219-4136-a119-1a162b5d55fc,24,66,tool,,,,,,,0,1
qwen32B-int4_telecom_50runs,baseline,bge-m3,83c94577-9219-4136-a119-1a162b5d55fc,25,66,user,,,,,,,0,1
qwen32B-int4_telecom_50runs,baseline,bge-m3,83c94577-9219-4136-a119-1a162b5d55fc,26,66,tool,,,,,,,0,1
qwen32B-int4_telecom_50runs,baseline,bge-m3,83c94577-9219-4136-a119-1a162b5d55fc,27,66,user,,,,,,,0,1
qwen32B-int4_telecom_50runs,baseline,bge-m3,83c94577-9219-4136-a119-1a162b5d55fc,28,66,tool,,,,,,,0,1
qwen32B-int4_telecom_50runs,baseline,bge-m3,83c94577-9219-4136-a119-1a162b5d55fc,29,66,user,,,,,,,0,1
qwen32B-int4_telecom_50runs,baseline,bge-m3,83c94577-9219-4136-a119-1a162b5d55fc,30,66,tool,,,,,,,0,1
qwen32B-int4_telecom_50runs,baseline,bge-m3,83c94577-9219-4136-a119-1a162b5d55fc,31,66,user,,,,,,,0,1
qwen32B-int4_telecom_50runs,baseline,bge-m3,83c94577-9219-4136-a119-1a162b5d55fc,32,66,agent,,,,,,,0,1
qwen32B-int4_telecom_50runs,baseline,bge-m3,83c94577-9219-4136-a119-1a162b5d55fc,33,66,user,,,,,,0.42039626836776733,0,1
qwen32B-int4_telecom_50runs,baseline,bge-m3,83c94577-9219-4136-a119-1a162b5d55fc,34,66,agent,0.5228517651557922,0.015384615384615385,0.0,0.42128443717956543,-0.1428063945336775,,0,1
qwen32B-int4_telecom_50runs,baseline,bge-m3,83c94577-9219-4136-a119-1a162b5d55fc,35,66,tool,,,,,,,0,1
qwen32B-int4_telecom_50runs,baseline,bge-m3,83c94577-9219-4136-a119-1a162b5d55fc,36,66,agent,0.7417627573013306,0.3333333333333333,0.0,,,,0,1
qwen32B-int4_telecom_50runs,baseline,bge-m3,83c94577-9219-4136-a119-1a162b5d55fc,37,66,user,,,,,,0.3130202889442444,0,1
qwen32B-int4_telecom_50runs,baseline,bge-m3,83c94577-9219-4136-a119-1a162b5d55fc,38,66,agent,0.804851233959198,0.4375,0.0,0.4674975275993347,-0.10427885976704687,,0,1
qwen32B-int4_telecom_50runs,baseline,bge-m3,83c94577-9219-4136-a119-1a162b5d55fc,39,66,tool,,,,,,,0,1
qwen32B-int4_telecom_50runs,baseline,bge-m3,83c94577-9219-4136-a119-1a162b5d55fc,40,66,agent,0.6541324853897095,0.2028985507246377,0.0,0.35328400135040283,-0.19152480905706237,,0,1
qwen32B-int4_telecom_50runs,baseline,bge-m3,83c94577-9219-4136-a119-1a162b5d55fc,41,66,tool,,,,,,,0,1
qwen32B-int4_telecom_50runs,baseline,bge-m3,83c94577-9219-4136-a119-1a162b5d55fc,42,66,agent,0.7745177745819092,0.24390243902439024,0.0,0.4551563262939453,-0.007972814820029539,,0,1
qwen32B-int4_telecom_50runs,baseline,bge-m3,83c94577-9219-4136-a119-1a162b5d55fc,43,66,user,,,,,,0.5127215683460236,0,1
qwen32B-int4_telecom_50runs,baseline,bge-m3,83c94577-9219-4136-a119-1a162b5d55fc,44,66,tool,,,,,,,0,1
qwen32B-int4_telecom_50runs,baseline,bge-m3,83c94577-9219-4136-a119-1a162b5d55fc,45,66,user,,,,,,,0,1
qwen32B-int4_telecom_50runs,baseline,bge-m3,83c94577-9219-4136-a119-1a162b5d55fc,46,66,agent,0.6661491990089417,0.38372093023255816,0.0,0.4363178014755249,-0.0032295205376364766,,0,1
qwen32B-int4_telecom_50runs,baseline,bge-m3,83c94577-9219-4136-a119-1a162b5d55fc,47,66,user,,,,,,0.4490596055984497,0,1
qwen32B-int4_telecom_50runs,baseline,bge-m3,83c94577-9219-4136-a119-1a162b5d55fc,48,66,tool,,,,,,,0,1
qwen32B-int4_telecom_50runs,baseline,bge-m3,83c94577-9219-4136-a119-1a162b5d55fc,49,66,user,,,,,,,0,1
qwen32B-int4_telecom_50runs,baseline,bge-m3,83c94577-9219-4136-a119-1a162b5d55fc,50,66,tool,,,,,,,0,1
qwen32B-int4_telecom_50runs,baseline,bge-m3,83c94577-9219-4136-a119-1a162b5d55fc,51,66,user,,,,,,,0,1
qwen32B-int4_telecom_50runs,baseline,bge-m3,83c94577-9219-4136-a119-1a162b5d55fc,52,66,tool,,,,,,,0,1
qwen32B-int4_telecom_50runs,baseline,bge-m3,83c94577-9219-4136-a119-1a162b5d55fc,53,66,user,,,,,,,0,1
qwen32B-int4_telecom_50runs,baseline,bge-m3,83c94577-9219-4136-a119-1a162b5d55fc,54,66,agent,,,,0.39295876026153564,-0.022420861504294676,,0,1
qwen32B-int4_telecom_50runs,baseline,bge-m3,83c94577-9219-4136-a119-1a162b5d55fc,55,66,user,,,,,,0.47046375274658203,0,1
qwen32B-int4_telecom_50runs,baseline,bge-m3,83c94577-9219-4136-a119-1a162b5d55fc,56,66,tool,,,,,,,0,1
qwen32B-int4_telecom_50runs,baseline,bge-m3,83c94577-9219-4136-a119-1a162b5d55fc,57,66,user,,,,,,,0,1
qwen32B-int4_telecom_50runs,baseline,bge-m3,83c94577-9219-4136-a119-1a162b5d55fc,58,66,tool,,,,,,,0,1
qwen32B-int4_telecom_50runs,baseline,bge-m3,83c94577-9219-4136-a119-1a162b5d55fc,59,66,user,,,,,,,0,1
qwen32B-int4_telecom_50runs,baseline,bge-m3,83c94577-9219-4136-a119-1a162b5d55fc,60,66,tool,,,,,,,0,1
qwen32B-int4_telecom_50runs,baseline,bge-m3,83c94577-9219-4136-a119-1a162b5d55fc,61,66,user,,,,,,,0,1
qwen32B-int4_telecom_50runs,baseline,bge-m3,83c94577-9219-4136-a119-1a162b5d55fc,62,66,agent,,,,0.4761103391647339,-0.10626725987954577,,0,1
qwen32B-int4_telecom_50runs,baseline,bge-m3,83c94577-9219-4136-a119-1a162b5d55fc,63,66,tool,,,,,,,0,1
qwen32B-int4_telecom_50runs,baseline,bge-m3,83c94577-9219-4136-a119-1a162b5d55fc,64,66,agent,0.7004595994949341,0.15384615384615385,0.0,,,,0,1
qwen32B-int4_telecom_50runs,baseline,bge-m3,83c94577-9219-4136-a119-1a162b5d55fc,65,66,user,,,,,,0.3656492233276367,0,1
qwen32B-int4_telecom_50runs,baseline,bge-m3,091c0113-be22-4f49-9d64-76d19f2109a1,0,53,agent,,,,,,,0,1
qwen32B-int4_telecom_50runs,baseline,bge-m3,091c0113-be22-4f49-9d64-76d19f2109a1,1,53,user,,,,,,0.4618303179740906,0,1
qwen32B-int4_telecom_50runs,baseline,bge-m3,091c0113-be22-4f49-9d64-76d19f2109a1,2,53,agent,0.47469091415405273,0.0,0.0,0.3437296748161316,-0.23597352884032508,,0,1
qwen32B-int4_telecom_50runs,baseline,bge-m3,091c0113-be22-4f49-9d64-76d19f2109a1,3,53,tool,,,,,,,0,1
qwen32B-int4_telecom_50runs,baseline,bge-m3,091c0113-be22-4f49-9d64-76d19f2109a1,4,53,agent,0.5560822486877441,0.09375,0.0,,,,0,1
qwen32B-int4_telecom_50runs,baseline,bge-m3,091c0113-be22-4f49-9d64-76d19f2109a1,5,53,user,,,,,,0.4240298867225647,0,1
qwen32B-int4_telecom_50runs,baseline,bge-m3,091c0113-be22-4f49-9d64-76d19f2109a1,6,53,agent,0.8331701755523682,0.3684210526315789,0.0,0.5443814396858215,-0.011246464469216066,,0,1
qwen32B-int4_telecom_50runs,baseline,bge-m3,091c0113-be22-4f49-9d64-76d19f2109a1,7,53,tool,,,,,,,0,1
qwen32B-int4_telecom_50runs,baseline,bge-m3,091c0113-be22-4f49-9d64-76d19f2109a1,8,53,agent,0.6442362070083618,0.2,0.0,,,,0,1
qwen32B-int4_telecom_50runs,baseline,bge-m3,091c0113-be22-4f49-9d64-76d19f2109a1,9,53,user,,,,,,0.46262818574905396,0,1
qwen32B-int4_telecom_50runs,baseline,bge-m3,091c0113-be22-4f49-9d64-76d19f2109a1,10,53,agent,0.7985556721687317,0.3333333333333333,0.0,0.41089528799057007,-0.15981209819967102,,0,1
qwen32B-int4_telecom_50runs,baseline,bge-m3,091c0113-be22-4f49-9d64-76d19f2109a1,11,53,tool,,,,,,,0,1
qwen32B-int4_telecom_50runs,baseline,bge-m3,091c0113-be22-4f49-9d64-76d19f2109a1,12,53,agent,0.5298948884010315,0.21951219512195122,0.0,0.47501593828201294,-0.056154619563709596,,0,1
qwen32B-int4_telecom_50runs,baseline,bge-m3,091c0113-be22-4f49-9d64-76d19f2109a1,13,53,user,,,,,,0.5034348666667938,0,1
qwen32B-int4_telecom_50runs,baseline,bge-m3,091c0113-be22-4f49-9d64-76d19f2109a1,14,53,tool,,,,,,,0,1
qwen32B-int4_telecom_50runs,baseline,bge-m3,091c0113-be22-4f49-9d64-76d19f2109a1,15,53,user,,,,,,,0,1
qwen32B-int4_telecom_50runs,baseline,bge-m3,091c0113-be22-4f49-9d64-76d19f2109a1,16,53,agent,0.5534296631813049,0.0,0.0,0.37030863761901855,-0.13862526416778564,,0,1
qwen32B-int4_telecom_50runs,baseline,bge-m3,091c0113-be22-4f49-9d64-76d19f2109a1,17,53,tool,,,,,,,0,1
qwen32B-int4_telecom_50runs,baseline,bge-m3,091c0113-be22-4f49-9d64-76d19f2109a1,18,53,agent,0.535590648651123,0.0,0.0,0.43906694650650024,-0.04203284057703888,,0,1
qwen32B-int4_telecom_50runs,baseline,bge-m3,091c0113-be22-4f49-9d64-76d19f2109a1,19,53,user,,,,,,0.42962485551834106,0,1
qwen32B-int4_telecom_50runs,baseline,bge-m3,091c0113-be22-4f49-9d64-76d19f2109a1,20,53,tool,,,,,,,0,1
qwen32B-int4_telecom_50runs,baseline,bge-m3,091c0113-be22-4f49-9d64-76d19f2109a1,21,53,tool,,,,,,,0,1
qwen32B-int4_telecom_50runs,baseline,bge-m3,091c0113-be22-4f49-9d64-76d19f2109a1,22,53,user,,,,,,,0,1
qwen32B-int4_telecom_50runs,baseline,bge-m3,091c0113-be22-4f49-9d64-76d19f2109a1,23,53,agent,0.6923592686653137,0.16666666666666666,0.0,0.43186110258102417,-0.08561258424412121,,0,1
qwen32B-int4_telecom_50runs,baseline,bge-m3,091c0113-be22-4f49-9d64-76d19f2109a1,24,53,user,,,,,,0.40365070104599,0,1
qwen32B-int4_telecom_50runs,baseline,bge-m3,091c0113-be22-4f49-9d64-76d19f2109a1,25,53,tool,,,,,,,0,1
qwen32B-int4_telecom_50runs,baseline,bge-m3,091c0113-be22-4f49-9d64-76d19f2109a1,26,53,tool,,,,,,,0,1
qwen32B-int4_telecom_50runs,baseline,bge-m3,091c0113-be22-4f49-9d64-76d19f2109a1,27,53,tool,,,,,,,0,1
qwen32B-int4_telecom_50runs,baseline,bge-m3,091c0113-be22-4f49-9d64-76d19f2109a1,28,53,user,,,,,,,0,1
qwen32B-int4_telecom_50runs,baseline,bge-m3,091c0113-be22-4f49-9d64-76d19f2109a1,29,53,agent,,,,0.3378528356552124,-0.1661300198598341,,0,1
qwen32B-int4_telecom_50runs,baseline,bge-m3,091c0113-be22-4f49-9d64-76d19f2109a1,30,53,user,,,,,,0.3861428499221802,0,1
qwen32B-int4_telecom_50runs,baseline,bge-m3,091c0113-be22-4f49-9d64-76d19f2109a1,31,53,tool,,,,,,,0,1
qwen32B-int4_telecom_50runs,baseline,bge-m3,091c0113-be22-4f49-9d64-76d19f2109a1,32,53,tool,,,,,,,0,1
qwen32B-int4_telecom_50runs,baseline,bge-m3,091c0113-be22-4f49-9d64-76d19f2109a1,33,53,user,,,,,,,0,1
qwen32B-int4_telecom_50runs,baseline,bge-m3,091c0113-be22-4f49-9d64-76d19f2109a1,34,53,agent,0.6021537780761719,0.20454545454545456,0.0,0.5114825069904327,-0.04123580049384723,,0,1
qwen32B-int4_telecom_50runs,baseline,bge-m3,091c0113-be22-4f49-9d64-76d19f2109a1,35,53,user,,,,,,0.36787718534469604,0,1
qwen32B-int4_telecom_50runs,baseline,bge-m3,091c0113-be22-4f49-9d64-76d19f2109a1,36,53,tool,,,,,,,0,1
qwen32B-int4_telecom_50runs,baseline,bge-m3,091c0113-be22-4f49-9d64-76d19f2109a1,37,53,tool,,,,,,,0,1
qwen32B-int4_telecom_50runs,baseline,bge-m3,091c0113-be22-4f49-9d64-76d19f2109a1,38,53,user,,,,,,,0,1
qwen32B-int4_telecom_50runs,baseline,bge-m3,091c0113-be22-4f49-9d64-76d19f2109a1,39,53,agent,0.5536727905273438,0.25842696629213485,0.0,0.43360430002212524,-0.13072305104949256,,0,1
qwen32B-int4_telecom_50runs,baseline,bge-m3,091c0113-be22-4f49-9d64-76d19f2109a1,40,53,user,,,,,,0.4965572953224182,0,1
qwen32B-int4_telecom_50runs,baseline,bge-m3,091c0113-be22-4f49-9d64-76d19f2109a1,41,53,tool,,,,,,,0,1
qwen32B-int4_telecom_50runs,baseline,bge-m3,091c0113-be22-4f49-9d64-76d19f2109a1,42,53,tool,,,,,,,0,1
qwen32B-int4_telecom_50runs,baseline,bge-m3,091c0113-be22-4f49-9d64-76d19f2109a1,43,53,tool,,,,,,,0,1
qwen32B-int4_telecom_50runs,baseline,bge-m3,091c0113-be22-4f49-9d64-76d19f2109a1,44,53,user,,,,,,,0,1
qwen32B-int4_telecom_50runs,baseline,bge-m3,091c0113-be22-4f49-9d64-76d19f2109a1,45,53,agent,,,,0.4903830885887146,-0.0505456057461825,,0,1
qwen32B-int4_telecom_50runs,baseline,bge-m3,091c0113-be22-4f49-9d64-76d19f2109a1,46,53,tool,,,,,,,0,1
qwen32B-int4_telecom_50runs,baseline,bge-m3,091c0113-be22-4f49-9d64-76d19f2109a1,47,53,agent,0.7142812013626099,0.2413793103448276,0.0,,,,0,1
qwen32B-int4_telecom_50runs,baseline,bge-m3,091c0113-be22-4f49-9d64-76d19f2109a1,48,53,user,,,,,,0.49939632415771484,0,1
qwen32B-int4_telecom_50runs,baseline,bge-m3,091c0113-be22-4f49-9d64-76d19f2109a1,49,53,agent,0.7050975561141968,0.10743801652892562,0.0,0.520544707775116,0.020748273892836122,,0,1
qwen32B-int4_telecom_50runs,baseline,bge-m3,091c0113-be22-4f49-9d64-76d19f2109a1,50,53,tool,,,,,,,0,1
qwen32B-int4_telecom_50runs,baseline,bge-m3,091c0113-be22-4f49-9d64-76d19f2109a1,51,53,agent,0.5789909958839417,0.07291666666666667,0.0,,,,0,1
qwen32B-int4_telecom_50runs,baseline,bge-m3,091c0113-be22-4f49-9d64-76d19f2109a1,52,53,user,,,,,,0.3656492233276367,0,1
qwen32B-int4_telecom_50runs,baseline,bge-m3,ce0d0f84-15f3-422b-9a04-a7ba19dc9610,0,74,agent,,,,,,,0,1
qwen32B-int4_telecom_50runs,baseline,bge-m3,ce0d0f84-15f3-422b-9a04-a7ba19dc9610,1,74,user,,,,,,0.4888468384742737,0,1
qwen32B-int4_telecom_50runs,baseline,bge-m3,ce0d0f84-15f3-422b-9a04-a7ba19dc9610,2,74,agent,0.4995576739311218,0.0,0.0,0.34383249282836914,-0.23151747323572636,,0,1
qwen32B-int4_telecom_50runs,baseline,bge-m3,ce0d0f84-15f3-422b-9a04-a7ba19dc9610,3,74,tool,,,,,,,0,1
qwen32B-int4_telecom_50runs,baseline,bge-m3,ce0d0f84-15f3-422b-9a04-a7ba19dc9610,4,74,agent,0.5572911500930786,0.05,0.0,,,,0,1
qwen32B-int4_telecom_50runs,baseline,bge-m3,ce0d0f84-15f3-422b-9a04-a7ba19dc9610,5,74,user,,,,,,0.36186379194259644,0,1
qwen32B-int4_telecom_50runs,baseline,bge-m3,ce0d0f84-15f3-422b-9a04-a7ba19dc9610,6,74,agent,0.8199574947357178,0.35,0.0,0.5447321236133575,-0.035231588408350945,,0,1
qwen32B-int4_telecom_50runs,baseline,bge-m3,ce0d0f84-15f3-422b-9a04-a7ba19dc9610,7,74,tool,,,,,,,0,1
qwen32B-int4_telecom_50runs,baseline,bge-m3,ce0d0f84-15f3-422b-9a04-a7ba19dc9610,8,74,agent,0.5969343185424805,0.2835820895522388,0.0,,,,0,1
qwen32B-int4_telecom_50runs,baseline,bge-m3,ce0d0f84-15f3-422b-9a04-a7ba19dc9610,9,74,user,,,,,,0.24921631813049316,0,1
qwen32B-int4_telecom_50runs,baseline,bge-m3,ce0d0f84-15f3-422b-9a04-a7ba19dc9610,10,74,agent,0.7980238199234009,0.3333333333333333,0.0,0.41242337226867676,-0.16531030647456646,,0,1
qwen32B-int4_telecom_50runs,baseline,bge-m3,ce0d0f84-15f3-422b-9a04-a7ba19dc9610,11,74,tool,,,,,,,0,1
qwen32B-int4_telecom_50runs,baseline,bge-m3,ce0d0f84-15f3-422b-9a04-a7ba19dc9610,12,74,agent,0.5269917845726013,0.21951219512195122,0.0,0.46857964992523193,-0.023865602910518646,,0,1
qwen32B-int4_telecom_50runs,baseline,bge-m3,ce0d0f84-15f3-422b-9a04-a7ba19dc9610,13,74,user,,,,,,0.43350422382354736,0,1
qwen32B-int4_telecom_50runs,baseline,bge-m3,ce0d0f84-15f3-422b-9a04-a7ba19dc9610,14,74,tool,,,,,,,0,1
qwen32B-int4_telecom_50runs,baseline,bge-m3,ce0d0f84-15f3-422b-9a04-a7ba19dc9610,15,74,user,,,,,,,0,1
qwen32B-int4_telecom_50runs,baseline,bge-m3,ce0d0f84-15f3-422b-9a04-a7ba19dc9610,16,74,agent,0.5967139005661011,0.22077922077922077,0.0,0.40688997507095337,-0.14504789002239704,,0,1
qwen32B-int4_telecom_50runs,baseline,bge-m3,ce0d0f84-15f3-422b-9a04-a7ba19dc9610,17,74,user,,,,,,0.41034185886383057,0,1
qwen32B-int4_telecom_50runs,baseline,bge-m3,ce0d0f84-15f3-422b-9a04-a7ba19dc9610,18,74,tool,,,,,,,0,1
qwen32B-int4_telecom_50runs,baseline,bge-m3,ce0d0f84-15f3-422b-9a04-a7ba19dc9610,19,74,tool,,,,,,,0,1
qwen32B-int4_telecom_50runs,baseline,bge-m3,ce0d0f84-15f3-422b-9a04-a7ba19dc9610,20,74,user,,,,,,,0,1
qwen32B-int4_telecom_50runs,baseline,bge-m3,ce0d0f84-15f3-422b-9a04-a7ba19dc9610,21,74,agent,0.6042452454566956,0.17894736842105263,0.0,0.325259268283844,-0.1601862981915474,,0,1
qwen32B-int4_telecom_50runs,baseline,bge-m3,ce0d0f84-15f3-422b-9a04-a7ba19dc9610,22,74,user,,,,,,0.37739044427871704,0,1
qwen32B-int4_telecom_50runs,baseline,bge-m3,ce0d0f84-15f3-422b-9a04-a7ba19dc9610,23,74,tool,,,,,,,0,1
qwen32B-int4_telecom_50runs,baseline,bge-m3,ce0d0f84-15f3-422b-9a04-a7ba19dc9610,24,74,user,,,,,,,0,1
qwen32B-int4_telecom_50runs,baseline,bge-m3,ce0d0f84-15f3-422b-9a04-a7ba19dc9610,25,74,agent,0.9020838737487793,0.3409090909090909,0.0,0.31968826055526733,-0.16341816447675228,,0,1
qwen32B-int4_telecom_50runs,baseline,bge-m3,ce0d0f84-15f3-422b-9a04-a7ba19dc9610,26,74,user,,,,,,0.48433786630630493,0,1
qwen32B-int4_telecom_50runs,baseline,bge-m3,ce0d0f84-15f3-422b-9a04-a7ba19dc9610,27,74,tool,,,,,,,0,1
qwen32B-int4_telecom_50runs,baseline,bge-m3,ce0d0f84-15f3-422b-9a04-a7ba19dc9610,28,74,user,,,,,,,0,1
qwen32B-int4_telecom_50runs,baseline,bge-m3,ce0d0f84-15f3-422b-9a04-a7ba19dc9610,29,74,agent,0.8248755931854248,0.2891566265060241,0.0,0.3288543224334717,-0.16730187088251114,,0,1
qwen32B-int4_telecom_50runs,baseline,bge-m3,ce0d0f84-15f3-422b-9a04-a7ba19dc9610,30,74,user,,,,,,0.2661656141281128,0,1
qwen32B-int4_telecom_50runs,baseline,bge-m3,ce0d0f84-15f3-422b-9a04-a7ba19dc9610,31,74,tool,,,,,,,0,1
qwen32B-int4_telecom_50runs,baseline,bge-m3,ce0d0f84-15f3-422b-9a04-a7ba19dc9610,32,74,user,,,,,,,0,1
qwen32B-int4_telecom_50runs,baseline,bge-m3,ce0d0f84-15f3-422b-9a04-a7ba19dc9610,33,74,agent,0.6434904336929321,0.27058823529411763,0.0,0.3468620181083679,-0.1999473087489605,,0,1
qwen32B-int4_telecom_50runs,baseline,bge-m3,ce0d0f84-15f3-422b-9a04-a7ba19dc9610,34,74,user,,,,,,0.4819294214248657,0,1
qwen32B-int4_telecom_50runs,baseline,bge-m3,ce0d0f84-15f3-422b-9a04-a7ba19dc9610,35,74,tool,,,,,,,0,1
qwen32B-int4_telecom_50runs,baseline,bge-m3,ce0d0f84-15f3-422b-9a04-a7ba19dc9610,36,74,user,,,,,,,0,1
qwen32B-int4_telecom_50runs,baseline,bge-m3,ce0d0f84-15f3-422b-9a04-a7ba19dc9610,37,74,agent,0.41824811697006226,0.0,0.0,0.38031548261642456,-0.16823137365281582,,0,1
qwen32B-int4_telecom_50runs,baseline,bge-m3,ce0d0f84-15f3-422b-9a04-a7ba19dc9610,38,74,tool,,,,,,,0,1
qwen32B-int4_telecom_50runs,baseline,bge-m3,ce0d0f84-15f3-422b-9a04-a7ba19dc9610,39,74,agent,0.49519744515419006,0.0,0.0,0.41107499599456787,-0.07719907537102699,,0,1
qwen32B-int4_telecom_50runs,baseline,bge-m3,ce0d0f84-15f3-422b-9a04-a7ba19dc9610,40,74,user,,,,,,0.4424830675125122,0,1
qwen32B-int4_telecom_50runs,baseline,bge-m3,ce0d0f84-15f3-422b-9a04-a7ba19dc9610,41,74,tool,,,,,,,0,1
qwen32B-int4_telecom_50runs,baseline,bge-m3,ce0d0f84-15f3-422b-9a04-a7ba19dc9610,42,74,user,,,,,,,0,1
qwen32B-int4_telecom_50runs,baseline,bge-m3,ce0d0f84-15f3-422b-9a04-a7ba19dc9610,43,74,agent,0.7028036713600159,0.2653061224489796,0.0,,,,0,1
qwen32B-int4_telecom_50runs,baseline,bge-m3,ce0d0f84-15f3-422b-9a04-a7ba19dc9610,44,74,user,,,,,,0.4566243886947632,0,1
qwen32B-int4_telecom_50runs,baseline,bge-m3,ce0d0f84-15f3-422b-9a04-a7ba19dc9610,45,74,agent,0.6617377996444702,0.25225225225225223,0.0,,,,0,1
qwen32B-int4_telecom_50runs,baseline,bge-m3,ce0d0f84-15f3-422b-9a04-a7ba19dc9610,46,74,user,,,,,,0.16467106342315674,0,1
qwen32B-int4_telecom_50runs,baseline,bge-m3,ce0d0f84-15f3-422b-9a04-a7ba19dc9610,47,74,agent,0.5607083439826965,0.0125,0.0,0.3641852140426636,-0.15378137305378914,,0,1
qwen32B-int4_telecom_50runs,baseline,bge-m3,ce0d0f84-15f3-422b-9a04-a7ba19dc9610,48,74,tool,,,,,,,0,1
qwen32B-int4_telecom_50runs,baseline,bge-m3,ce0d0f84-15f3-422b-9a04-a7ba19dc9610,49,74,agent,0.7440685033798218,0.25773195876288657,0.0,0.46205300092697144,-0.048017168417572975,,0,1
qwen32B-int4_telecom_50runs,baseline,bge-m3,ce0d0f84-15f3-422b-9a04-a7ba19dc9610,50,74,user,,,,,,0.5053478479385376,0,1
qwen32B-int4_telecom_50runs,baseline,bge-m3,ce0d0f84-15f3-422b-9a04-a7ba19dc9610,51,74,tool,,,,,,,0,1
qwen32B-int4_telecom_50runs,baseline,bge-m3,ce0d0f84-15f3-422b-9a04-a7ba19dc9610,52,74,user,,,,,,,0,1
qwen32B-int4_telecom_50runs,baseline,bge-m3,ce0d0f84-15f3-422b-9a04-a7ba19dc9610,53,74,agent,0.6775757670402527,0.23157894736842105,0.0,0.3070036768913269,-0.18509327806532383,,0,1
qwen32B-int4_telecom_50runs,baseline,bge-m3,ce0d0f84-15f3-422b-9a04-a7ba19dc9610,54,74,user,,,,,,0.20960533618927002,0,1
qwen32B-int4_telecom_50runs,baseline,bge-m3,ce0d0f84-15f3-422b-9a04-a7ba19dc9610,55,74,tool,,,,,,,0,1
qwen32B-int4_telecom_50runs,baseline,bge-m3,ce0d0f84-15f3-422b-9a04-a7ba19dc9610,56,74,tool,,,,,,,0,1
qwen32B-int4_telecom_50runs,baseline,bge-m3,ce0d0f84-15f3-422b-9a04-a7ba19dc9610,57,74,user,,,,,,,0,1
qwen32B-int4_telecom_50runs,baseline,bge-m3,ce0d0f84-15f3-422b-9a04-a7ba19dc9610,58,74,agent,0.8627186417579651,0.5285714285714286,0.0,0.4477255344390869,-0.05874810181558132,,0,1
qwen32B-int4_telecom_50runs,baseline,bge-m3,ce0d0f84-15f3-422b-9a04-a7ba19dc9610,59,74,user,,,,,,0.4642828702926636,0,1
qwen32B-int4_telecom_50runs,baseline,bge-m3,ce0d0f84-15f3-422b-9a04-a7ba19dc9610,60,74,tool,,,,,,,0,1
qwen32B-int4_telecom_50runs,baseline,bge-m3,ce0d0f84-15f3-422b-9a04-a7ba19dc9610,61,74,user,,,,,,,0,1
qwen32B-int4_telecom_50runs,baseline,bge-m3,ce0d0f84-15f3-422b-9a04-a7ba19dc9610,62,74,agent,0.8561665415763855,0.38596491228070173,0.0,0.3970344662666321,-0.09048838913440704,,0,1
qwen32B-int4_telecom_50runs,baseline,bge-m3,ce0d0f84-15f3-422b-9a04-a7ba19dc9610,63,74,user,,,,,,0.3422403335571289,0,1
qwen32B-int4_telecom_50runs,baseline,bge-m3,ce0d0f84-15f3-422b-9a04-a7ba19dc9610,64,74,tool,,,,,,,0,1
qwen32B-int4_telecom_50runs,baseline,bge-m3,ce0d0f84-15f3-422b-9a04-a7ba19dc9610,65,74,tool,,,,,,,0,1
qwen32B-int4_telecom_50runs,baseline,bge-m3,ce0d0f84-15f3-422b-9a04-a7ba19dc9610,66,74,tool,,,,,,,0,1
qwen32B-int4_telecom_50runs,baseline,bge-m3,ce0d0f84-15f3-422b-9a04-a7ba19dc9610,67,74,user,,,,,,,0,1
qwen32B-int4_telecom_50runs,baseline,bge-m3,ce0d0f84-15f3-422b-9a04-a7ba19dc9610,68,74,agent,,,,,,,0,1
qwen32B-int4_telecom_50runs,baseline,bge-m3,ce0d0f84-15f3-422b-9a04-a7ba19dc9610,69,74,user,,,,,,0.1845760941505432,0,1
qwen32B-int4_telecom_50runs,baseline,bge-m3,ce0d0f84-15f3-422b-9a04-a7ba19dc9610,70,74,agent,0.677460253238678,0.08235294117647059,0.0,0.49477797746658325,0.003855280578136444,,0,1
qwen32B-int4_telecom_50runs,baseline,bge-m3,ce0d0f84-15f3-422b-9a04-a7ba19dc9610,71,74,tool,,,,,,,0,1
qwen32B-int4_telecom_50runs,baseline,bge-m3,ce0d0f84-15f3-422b-9a04-a7ba19dc9610,72,74,agent,0.6657174825668335,0.0847457627118644,0.0,,,,0,1
qwen32B-int4_telecom_50runs,baseline,bge-m3,ce0d0f84-15f3-422b-9a04-a7ba19dc9610,73,74,user,,,,,,0.3656492233276367,0,1
qwen32B-int4_telecom_50runs,baseline,bge-m3,835c81a7-24b9-4d24-b974-a7687e46e803,0,22,agent,,,,,,,0,0
qwen32B-int4_telecom_50runs,baseline,bge-m3,835c81a7-24b9-4d24-b974-a7687e46e803,1,22,user,,,,,,0.40217792987823486,0,0
qwen32B-int4_telecom_50runs,baseline,bge-m3,835c81a7-24b9-4d24-b974-a7687e46e803,2,22,agent,0.5338686108589172,0.0784313725490196,0.0,0.37480735778808594,0.0016515056292216168,,0,0
qwen32B-int4_telecom_50runs,baseline,bge-m3,835c81a7-24b9-4d24-b974-a7687e46e803,3,22,user,,,,,,0.4352893829345703,0,0
qwen32B-int4_telecom_50runs,baseline,bge-m3,835c81a7-24b9-4d24-b974-a7687e46e803,4,22,tool,,,,,,,0,0
qwen32B-int4_telecom_50runs,baseline,bge-m3,835c81a7-24b9-4d24-b974-a7687e46e803,5,22,user,,,,,,,0,0
qwen32B-int4_telecom_50runs,baseline,bge-m3,835c81a7-24b9-4d24-b974-a7687e46e803,6,22,agent,0.7356798648834229,0.1566265060240964,0.0,0.27448606491088867,-0.1655185619990031,,0,0
qwen32B-int4_telecom_50runs,baseline,bge-m3,835c81a7-24b9-4d24-b974-a7687e46e803,7,22,user,,,,,,0.4459730386734009,0,0
qwen32B-int4_telecom_50runs,baseline,bge-m3,835c81a7-24b9-4d24-b974-a7687e46e803,8,22,tool,,,,,,,0,0
qwen32B-int4_telecom_50runs,baseline,bge-m3,835c81a7-24b9-4d24-b974-a7687e46e803,9,22,user,,,,,,,0,0
qwen32B-int4_telecom_50runs,baseline,bge-m3,835c81a7-24b9-4d24-b974-a7687e46e803,10,22,agent,0.6583988070487976,0.15789473684210525,0.0,0.3339776396751404,-0.10780776540438336,,0,0
qwen32B-int4_telecom_50runs,baseline,bge-m3,835c81a7-24b9-4d24-b974-a7687e46e803,11,22,user,,,,,,0.44590264558792114,0,0
qwen32B-int4_telecom_50runs,baseline,bge-m3,835c81a7-24b9-4d24-b974-a7687e46e803,12,22,tool,,,,,,,0,0
qwen32B-int4_telecom_50runs,baseline,bge-m3,835c81a7-24b9-4d24-b974-a7687e46e803,13,22,user,,,,,,,0,0
qwen32B-int4_telecom_50runs,baseline,bge-m3,835c81a7-24b9-4d24-b974-a7687e46e803,14,22,tool,,,,,,,0,0
qwen32B-int4_telecom_50runs,baseline,bge-m3,835c81a7-24b9-4d24-b974-a7687e46e803,15,22,user,,,,,,,0,0
qwen32B-int4_telecom_50runs,baseline,bge-m3,835c81a7-24b9-4d24-b974-a7687e46e803,16,22,agent,,,,0.420529842376709,0.006325751543045044,,0,0
qwen32B-int4_telecom_50runs,baseline,bge-m3,835c81a7-24b9-4d24-b974-a7687e46e803,17,22,user,,,,,,0.4272269606590271,0,0
qwen32B-int4_telecom_50runs,baseline,bge-m3,835c81a7-24b9-4d24-b974-a7687e46e803,18,22,tool,,,,,,,0,0
qwen32B-int4_telecom_50runs,baseline,bge-m3,835c81a7-24b9-4d24-b974-a7687e46e803,19,22,user,,,,,,,0,0
qwen32B-int4_telecom_50runs,baseline,bge-m3,835c81a7-24b9-4d24-b974-a7687e46e803,20,22,agent,0.43844741582870483,0.1111111111111111,0.0,,,,0,0
qwen32B-int4_telecom_50runs,baseline,bge-m3,835c81a7-24b9-4d24-b974-a7687e46e803,21,22,user,,,,,,0.3605306148529053,0,0
qwen32B-int4_telecom_50runs,baseline,bge-m3,4197bd3d-a4d3-4761-90cc-5e54c845bf93,0,28,agent,,,,,,,0,0
qwen32B-int4_telecom_50runs,baseline,bge-m3,4197bd3d-a4d3-4761-90cc-5e54c845bf93,1,28,user,,,,,,0.40217775106430054,0,0
qwen32B-int4_telecom_50runs,baseline,bge-m3,4197bd3d-a4d3-4761-90cc-5e54c845bf93,2,28,agent,0.5346722602844238,0.07272727272727272,0.0,0.4112338423728943,-0.02833019196987152,,0,0
qwen32B-int4_telecom_50runs,baseline,bge-m3,4197bd3d-a4d3-4761-90cc-5e54c845bf93,3,28,user,,,,,,0.47366464138031006,0,0
qwen32B-int4_telecom_50runs,baseline,bge-m3,4197bd3d-a4d3-4761-90cc-5e54c845bf93,4,28,tool,,,,,,,0,0
qwen32B-int4_telecom_50runs,baseline,bge-m3,4197bd3d-a4d3-4761-90cc-5e54c845bf93,5,28,user,,,,,,,0,0
qwen32B-int4_telecom_50runs,baseline,bge-m3,4197bd3d-a4d3-4761-90cc-5e54c845bf93,6,28,agent,0.7658597230911255,0.2073170731707317,0.0,0.32515066862106323,-0.08499281108379364,,0,0
qwen32B-int4_telecom_50runs,baseline,bge-m3,4197bd3d-a4d3-4761-90cc-5e54c845bf93,7,28,user,,,,,,0.42120862007141113,0,0
qwen32B-int4_telecom_50runs,baseline,bge-m3,4197bd3d-a4d3-4761-90cc-5e54c845bf93,8,28,tool,,,,,,,0,0
qwen32B-int4_telecom_50runs,baseline,bge-m3,4197bd3d-a4d3-4761-90cc-5e54c845bf93,9,28,user,,,,,,,0,0
qwen32B-int4_telecom_50runs,baseline,bge-m3,4197bd3d-a4d3-4761-90cc-5e54c845bf93,10,28,agent,0.8837264776229858,0.3728813559322034,0.0,0.2305142879486084,-0.21881455183029175,,0,0
qwen32B-int4_telecom_50runs,baseline,bge-m3,4197bd3d-a4d3-4761-90cc-5e54c845bf93,11,28,user,,,,,,0.412095308303833,0,0
qwen32B-int4_telecom_50runs,baseline,bge-m3,4197bd3d-a4d3-4761-90cc-5e54c845bf93,12,28,tool,,,,,,,0,0
qwen32B-int4_telecom_50runs,baseline,bge-m3,4197bd3d-a4d3-4761-90cc-5e54c845bf93,13,28,user,,,,,,,0,0
qwen32B-int4_telecom_50runs,baseline,bge-m3,4197bd3d-a4d3-4761-90cc-5e54c845bf93,14,28,agent,0.8041121959686279,0.25806451612903225,0.0,0.33371269702911377,-0.10669676214456558,,0,0
qwen32B-int4_telecom_50runs,baseline,bge-m3,4197bd3d-a4d3-4761-90cc-5e54c845bf93,15,28,user,,,,,,0.44233793020248413,0,0
qwen32B-int4_telecom_50runs,baseline,bge-m3,4197bd3d-a4d3-4761-90cc-5e54c845bf93,16,28,tool,,,,,,,0,0
qwen32B-int4_telecom_50runs,baseline,bge-m3,4197bd3d-a4d3-4761-90cc-5e54c845bf93,17,28,user,,,,,,,0,0
qwen32B-int4_telecom_50runs,baseline,bge-m3,4197bd3d-a4d3-4761-90cc-5e54c845bf93,18,28,agent,0.7308390140533447,0.15730337078651685,0.0,,,,0,0
qwen32B-int4_telecom_50runs,baseline,bge-m3,4197bd3d-a4d3-4761-90cc-5e54c845bf93,19,28,user,,,,,,0.23218387365341187,0,0
qwen32B-int4_telecom_50runs,baseline,bge-m3,4197bd3d-a4d3-4761-90cc-5e54c845bf93,20,28,agent,0.9345537424087524,0.5,0.0,,,,0,0
qwen32B-int4_telecom_50runs,baseline,bge-m3,4197bd3d-a4d3-4761-90cc-5e54c845bf93,21,28,user,,,,,,0.19738829135894775,0,0
qwen32B-int4_telecom_50runs,baseline,bge-m3,4197bd3d-a4d3-4761-90cc-5e54c845bf93,22,28,agent,0.9255619049072266,0.46987951807228917,0.0,,,,0,0
qwen32B-int4_telecom_50runs,baseline,bge-m3,4197bd3d-a4d3-4761-90cc-5e54c845bf93,23,28,user,,,,,,0.3010671138763428,0,0
qwen32B-int4_telecom_50runs,baseline,bge-m3,4197bd3d-a4d3-4761-90cc-5e54c845bf93,24,28,agent,0.716019868850708,0.23076923076923078,0.0,0.5425690710544586,0.009392216801643372,,0,0
qwen32B-int4_telecom_50runs,baseline,bge-m3,4197bd3d-a4d3-4761-90cc-5e54c845bf93,25,28,tool,,,,,,,0,0
qwen32B-int4_telecom_50runs,baseline,bge-m3,4197bd3d-a4d3-4761-90cc-5e54c845bf93,26,28,agent,0.5620774030685425,0.1282051282051282,0.0,,,,0,0
qwen32B-int4_telecom_50runs,baseline,bge-m3,4197bd3d-a4d3-4761-90cc-5e54c845bf93,27,28,user,,,,,,0.3656492233276367,0,0
qwen32B-int4_telecom_50runs,baseline,bge-m3,c72b1e17-d52e-47c7-893c-6cf76a2f54f3,0,30,agent,,,,,,,0,1
qwen32B-int4_telecom_50runs,baseline,bge-m3,c72b1e17-d52e-47c7-893c-6cf76a2f54f3,1,30,user,,,,,,0.40217792987823486,0,1
qwen32B-int4_telecom_50runs,baseline,bge-m3,c72b1e17-d52e-47c7-893c-6cf76a2f54f3,2,30,agent,0.5338687896728516,0.0784313725490196,0.0,0.37480759620666504,-0.03816989660263059,,0,1
qwen32B-int4_telecom_50runs,baseline,bge-m3,c72b1e17-d52e-47c7-893c-6cf76a2f54f3,3,30,user,,,,,,0.4281530976295471,0,1
qwen32B-int4_telecom_50runs,baseline,bge-m3,c72b1e17-d52e-47c7-893c-6cf76a2f54f3,4,30,tool,,,,,,,0,1
qwen32B-int4_telecom_50runs,baseline,bge-m3,c72b1e17-d52e-47c7-893c-6cf76a2f54f3,5,30,user,,,,,,,0,1
qwen32B-int4_telecom_50runs,baseline,bge-m3,c72b1e17-d52e-47c7-893c-6cf76a2f54f3,6,30,agent,0.7356798052787781,0.1566265060240964,0.0,0.274486243724823,-0.18922266364097595,,0,1
qwen32B-int4_telecom_50runs,baseline,bge-m3,c72b1e17-d52e-47c7-893c-6cf76a2f54f3,7,30,user,,,,,,0.4424058794975281,0,1
qwen32B-int4_telecom_50runs,baseline,bge-m3,c72b1e17-d52e-47c7-893c-6cf76a2f54f3,8,30,tool,,,,,,,0,1
qwen32B-int4_telecom_50runs,baseline,bge-m3,c72b1e17-d52e-47c7-893c-6cf76a2f54f3,9,30,user,,,,,,,0,1
qwen32B-int4_telecom_50runs,baseline,bge-m3,c72b1e17-d52e-47c7-893c-6cf76a2f54f3,10,30,agent,0.6583988070487976,0.15789473684210525,0.0,0.2885262370109558,-0.1744134843349457,,0,1
qwen32B-int4_telecom_50runs,baseline,bge-m3,c72b1e17-d52e-47c7-893c-6cf76a2f54f3,11,30,user,,,,,,0.43916451930999756,0,1
qwen32B-int4_telecom_50runs,baseline,bge-m3,c72b1e17-d52e-47c7-893c-6cf76a2f54f3,12,30,tool,,,,,,,0,1
qwen32B-int4_telecom_50runs,baseline,bge-m3,c72b1e17-d52e-47c7-893c-6cf76a2f54f3,13,30,user,,,,,,,0,1
qwen32B-int4_telecom_50runs,baseline,bge-m3,c72b1e17-d52e-47c7-893c-6cf76a2f54f3,14,30,tool,,,,,,,0,1
qwen32B-int4_telecom_50runs,baseline,bge-m3,c72b1e17-d52e-47c7-893c-6cf76a2f54f3,15,30,user,,,,,,,0,1
qwen32B-int4_telecom_50runs,baseline,bge-m3,c72b1e17-d52e-47c7-893c-6cf76a2f54f3,16,30,agent,,,,0.3051189184188843,-0.13589375615119936,,0,1
qwen32B-int4_telecom_50runs,baseline,bge-m3,c72b1e17-d52e-47c7-893c-6cf76a2f54f3,17,30,user,,,,,,0.5716939270496368,0,1
qwen32B-int4_telecom_50runs,baseline,bge-m3,c72b1e17-d52e-47c7-893c-6cf76a2f54f3,18,30,tool,,,,,,,0,1
qwen32B-int4_telecom_50runs,baseline,bge-m3,c72b1e17-d52e-47c7-893c-6cf76a2f54f3,19,30,user,,,,,,,0,1
qwen32B-int4_telecom_50runs,baseline,bge-m3,c72b1e17-d52e-47c7-893c-6cf76a2f54f3,20,30,tool,,,,,,,0,1
qwen32B-int4_telecom_50runs,baseline,bge-m3,c72b1e17-d52e-47c7-893c-6cf76a2f54f3,21,30,user,,,,,,,0,1
qwen32B-int4_telecom_50runs,baseline,bge-m3,c72b1e17-d52e-47c7-893c-6cf76a2f54f3,22,30,agent,,,,0.3370029926300049,-0.10243531465530398,,0,1
qwen32B-int4_telecom_50runs,baseline,bge-m3,c72b1e17-d52e-47c7-893c-6cf76a2f54f3,23,30,user,,,,,,0.361147403717041,0,1
qwen32B-int4_telecom_50runs,baseline,bge-m3,c72b1e17-d52e-47c7-893c-6cf76a2f54f3,24,30,tool,,,,,,,0,1
qwen32B-int4_telecom_50runs,baseline,bge-m3,c72b1e17-d52e-47c7-893c-6cf76a2f54f3,25,30,user,,,,,,,0,1
qwen32B-int4_telecom_50runs,baseline,bge-m3,c72b1e17-d52e-47c7-893c-6cf76a2f54f3,26,30,agent,0.7231597900390625,0.10975609756097561,0.0,0.5274363458156586,0.1708038032054901,,0,1
qwen32B-int4_telecom_50runs,baseline,bge-m3,c72b1e17-d52e-47c7-893c-6cf76a2f54f3,27,30,tool,,,,,,,0,1
qwen32B-int4_telecom_50runs,baseline,bge-m3,c72b1e17-d52e-47c7-893c-6cf76a2f54f3,28,30,agent,0.5825327634811401,0.0,0.0,,,,0,1
qwen32B-int4_telecom_50runs,baseline,bge-m3,c72b1e17-d52e-47c7-893c-6cf76a2f54f3,29,30,user,,,,,,0.36564916372299194,0,1
qwen32B-int4_telecom_50runs,baseline,bge-m3,34f8384f-bcbf-4b36-a8c6-a3e0ab4334aa,0,24,agent,,,,,,,0,0
qwen32B-int4_telecom_50runs,baseline,bge-m3,34f8384f-bcbf-4b36-a8c6-a3e0ab4334aa,1,24,user,,,,,,0.3975129723548889,0,0
qwen32B-int4_telecom_50runs,baseline,bge-m3,34f8384f-bcbf-4b36-a8c6-a3e0ab4334aa,2,24,agent,0.5346721410751343,0.07272727272727272,0.0,0.40052008628845215,-0.02039024978876114,,0,0
qwen32B-int4_telecom_50runs,baseline,bge-m3,34f8384f-bcbf-4b36-a8c6-a3e0ab4334aa,3,24,user,,,,,,0.48262715339660645,0,0
qwen32B-int4_telecom_50runs,baseline,bge-m3,34f8384f-bcbf-4b36-a8c6-a3e0ab4334aa,4,24,tool,,,,,,,0,0
qwen32B-int4_telecom_50runs,baseline,bge-m3,34f8384f-bcbf-4b36-a8c6-a3e0ab4334aa,5,24,user,,,,,,,0,0
qwen32B-int4_telecom_50runs,baseline,bge-m3,34f8384f-bcbf-4b36-a8c6-a3e0ab4334aa,6,24,agent,0.7736573815345764,0.18072289156626506,0.0,0.28877729177474976,-0.14665289968252182,,0,0
qwen32B-int4_telecom_50runs,baseline,bge-m3,34f8384f-bcbf-4b36-a8c6-a3e0ab4334aa,7,24,user,,,,,,0.46413707733154297,0,0
qwen32B-int4_telecom_50runs,baseline,bge-m3,34f8384f-bcbf-4b36-a8c6-a3e0ab4334aa,8,24,tool,,,,,,,0,0
qwen32B-int4_telecom_50runs,baseline,bge-m3,34f8384f-bcbf-4b36-a8c6-a3e0ab4334aa,9,24,user,,,,,,,0,0
qwen32B-int4_telecom_50runs,baseline,bge-m3,34f8384f-bcbf-4b36-a8c6-a3e0ab4334aa,10,24,agent,0.5964858531951904,0.15584415584415584,0.0,0.4529876708984375,-0.10677801817655563,,0,0
qwen32B-int4_telecom_50runs,baseline,bge-m3,34f8384f-bcbf-4b36-a8c6-a3e0ab4334aa,11,24,user,,,,,,0.38046616315841675,0,0
qwen32B-int4_telecom_50runs,baseline,bge-m3,34f8384f-bcbf-4b36-a8c6-a3e0ab4334aa,12,24,tool,,,,,,,0,0
qwen32B-int4_telecom_50runs,baseline,bge-m3,34f8384f-bcbf-4b36-a8c6-a3e0ab4334aa,13,24,user,,,,,,,0,0
qwen32B-int4_telecom_50runs,baseline,bge-m3,34f8384f-bcbf-4b36-a8c6-a3e0ab4334aa,14,24,agent,0.53507000207901,0.17105263157894737,0.0,0.2267569899559021,-0.310245618224144,,0,0
qwen32B-int4_telecom_50runs,baseline,bge-m3,34f8384f-bcbf-4b36-a8c6-a3e0ab4334aa,15,24,user,,,,,,0.1642182469367981,0,0
qwen32B-int4_telecom_50runs,baseline,bge-m3,34f8384f-bcbf-4b36-a8c6-a3e0ab4334aa,16,24,tool,,,,,,,0,0
qwen32B-int4_telecom_50runs,baseline,bge-m3,34f8384f-bcbf-4b36-a8c6-a3e0ab4334aa,17,24,user,,,,,,,0,0
qwen32B-int4_telecom_50runs,baseline,bge-m3,34f8384f-bcbf-4b36-a8c6-a3e0ab4334aa,18,24,agent,0.9176728129386902,0.25609756097560976,0.0,,,,0,0
qwen32B-int4_telecom_50runs,baseline,bge-m3,34f8384f-bcbf-4b36-a8c6-a3e0ab4334aa,19,24,user,,,,,,0.34976792335510254,0,0
qwen32B-int4_telecom_50runs,baseline,bge-m3,34f8384f-bcbf-4b36-a8c6-a3e0ab4334aa,20,24,agent,0.8027031421661377,0.2,0.0,0.5297416746616364,0.057291947305202484,,0,0
qwen32B-int4_telecom_50runs,baseline,bge-m3,34f8384f-bcbf-4b36-a8c6-a3e0ab4334aa,21,24,tool,,,,,,,0,0
qwen32B-int4_telecom_50runs,baseline,bge-m3,34f8384f-bcbf-4b36-a8c6-a3e0ab4334aa,22,24,agent,0.60897296667099,0.1,0.0,,,,0,0
qwen32B-int4_telecom_50runs,baseline,bge-m3,34f8384f-bcbf-4b36-a8c6-a3e0ab4334aa,23,24,user,,,,,,0.3656492233276367,0,0
qwen32B-int4_telecom_50runs,baseline,bge-m3,6bf35b88-2999-43fc-b122-7bd2bbda3013,0,30,agent,,,,,,,0,0
qwen32B-int4_telecom_50runs,baseline,bge-m3,6bf35b88-2999-43fc-b122-7bd2bbda3013,1,30,user,,,,,,0.3975129723548889,0,0
qwen32B-int4_telecom_50runs,baseline,bge-m3,6bf35b88-2999-43fc-b122-7bd2bbda3013,2,30,agent,0.5346721410751343,0.07272727272727272,0.0,0.4112340211868286,-0.03236370682716372,,0,0
qwen32B-int4_telecom_50runs,baseline,bge-m3,6bf35b88-2999-43fc-b122-7bd2bbda3013,3,30,user,,,,,,0.4764927625656128,0,0
qwen32B-int4_telecom_50runs,baseline,bge-m3,6bf35b88-2999-43fc-b122-7bd2bbda3013,4,30,tool,,,,,,,0,0
qwen32B-int4_telecom_50runs,baseline,bge-m3,6bf35b88-2999-43fc-b122-7bd2bbda3013,5,30,user,,,,,,,0,0
qwen32B-int4_telecom_50runs,baseline,bge-m3,6bf35b88-2999-43fc-b122-7bd2bbda3013,6,30,agent,0.7956424951553345,0.21176470588235294,0.0,0.30351006984710693,-0.10191465616226197,,0,0
qwen32B-int4_telecom_50runs,baseline,bge-m3,6bf35b88-2999-43fc-b122-7bd2bbda3013,7,30,user,,,,,,0.4329913854598999,0,0
qwen32B-int4_telecom_50runs,baseline,bge-m3,6bf35b88-2999-43fc-b122-7bd2bbda3013,8,30,tool,,,,,,,0,0
qwen32B-int4_telecom_50runs,baseline,bge-m3,6bf35b88-2999-43fc-b122-7bd2bbda3013,9,30,user,,,,,,,0,0
qwen32B-int4_telecom_50runs,baseline,bge-m3,6bf35b88-2999-43fc-b122-7bd2bbda3013,10,30,agent,0.8824231624603271,0.39705882352941174,0.0,0.24879425764083862,-0.18498908877372744,,0,0
qwen32B-int4_telecom_50runs,baseline,bge-m3,6bf35b88-2999-43fc-b122-7bd2bbda3013,11,30,user,,,,,,0.42860960960388184,0,0
qwen32B-int4_telecom_50runs,baseline,bge-m3,6bf35b88-2999-43fc-b122-7bd2bbda3013,12,30,tool,,,,,,,0,0
qwen32B-int4_telecom_50runs,baseline,bge-m3,6bf35b88-2999-43fc-b122-7bd2bbda3013,13,30,user,,,,,,,0,0
qwen32B-int4_telecom_50runs,baseline,bge-m3,6bf35b88-2999-43fc-b122-7bd2bbda3013,14,30,agent,0.8188761472702026,0.25333333333333335,0.0,0.33022207021713257,-0.08347978591918948,,0,0
qwen32B-int4_telecom_50runs,baseline,bge-m3,6bf35b88-2999-43fc-b122-7bd2bbda3013,15,30,user,,,,,,0.4317705035209656,0,0
qwen32B-int4_telecom_50runs,baseline,bge-m3,6bf35b88-2999-43fc-b122-7bd2bbda3013,16,30,tool,,,,,,,0,0
qwen32B-int4_telecom_50runs,baseline,bge-m3,6bf35b88-2999-43fc-b122-7bd2bbda3013,17,30,user,,,,,,,0,0
qwen32B-int4_telecom_50runs,baseline,bge-m3,6bf35b88-2999-43fc-b122-7bd2bbda3013,18,30,agent,0.701149582862854,0.14814814814814814,0.0,,,,0,0
qwen32B-int4_telecom_50runs,baseline,bge-m3,6bf35b88-2999-43fc-b122-7bd2bbda3013,19,30,user,,,,,,0.17515385150909424,0,0
qwen32B-int4_telecom_50runs,baseline,bge-m3,6bf35b88-2999-43fc-b122-7bd2bbda3013,20,30,agent,0.8298205733299255,0.1791044776119403,0.0,0.28267937898635864,-0.184903210401535,,0,0
qwen32B-int4_telecom_50runs,baseline,bge-m3,6bf35b88-2999-43fc-b122-7bd2bbda3013,21,30,user,,,,,,0.4651544690132141,0,0
qwen32B-int4_telecom_50runs,baseline,bge-m3,6bf35b88-2999-43fc-b122-7bd2bbda3013,22,30,tool,,,,,,,0,0
qwen32B-int4_telecom_50runs,baseline,bge-m3,6bf35b88-2999-43fc-b122-7bd2bbda3013,23,30,user,,,,,,,0,0
qwen32B-int4_telecom_50runs,baseline,bge-m3,6bf35b88-2999-43fc-b122-7bd2bbda3013,24,30,agent,0.8031419515609741,0.13846153846153847,0.0,,,,0,0
qwen32B-int4_telecom_50runs,baseline,bge-m3,6bf35b88-2999-43fc-b122-7bd2bbda3013,25,30,user,,,,,,0.3060700297355652,0,0
qwen32B-int4_telecom_50runs,baseline,bge-m3,6bf35b88-2999-43fc-b122-7bd2bbda3013,26,30,agent,0.7675197124481201,0.20689655172413793,0.0,0.5264053046703339,0.0888570725917816,,0,0
qwen32B-int4_telecom_50runs,baseline,bge-m3,6bf35b88-2999-43fc-b122-7bd2bbda3013,27,30,tool,,,,,,,0,0
qwen32B-int4_telecom_50runs,baseline,bge-m3,6bf35b88-2999-43fc-b122-7bd2bbda3013,28,30,agent,0.6063116192817688,0.10256410256410256,0.0,,,,0,0
qwen32B-int4_telecom_50runs,baseline,bge-m3,6bf35b88-2999-43fc-b122-7bd2bbda3013,29,30,user,,,,,,0.3656492233276367,0,0
qwen32B-int4_telecom_50runs,baseline,bge-m3,3b5147ed-104d-41a5-90d2-444b9850612d,0,62,agent,,,,,,,0,0
qwen32B-int4_telecom_50runs,baseline,bge-m3,3b5147ed-104d-41a5-90d2-444b9850612d,1,62,user,,,,,,0.39751291275024414,0,0
qwen32B-int4_telecom_50runs,baseline,bge-m3,3b5147ed-104d-41a5-90d2-444b9850612d,2,62,agent,0.5346720218658447,0.07272727272727272,0.0,0.41123390197753906,-0.031858039753777656,,0,0
qwen32B-int4_telecom_50runs,baseline,bge-m3,3b5147ed-104d-41a5-90d2-444b9850612d,3,62,user,,,,,,0.4704861640930176,0,0
qwen32B-int4_telecom_50runs,baseline,bge-m3,3b5147ed-104d-41a5-90d2-444b9850612d,4,62,tool,,,,,,,0,0
qwen32B-int4_telecom_50runs,baseline,bge-m3,3b5147ed-104d-41a5-90d2-444b9850612d,5,62,user,,,,,,,0,0
qwen32B-int4_telecom_50runs,baseline,bge-m3,3b5147ed-104d-41a5-90d2-444b9850612d,6,62,agent,0.7956427335739136,0.21176470588235294,0.0,0.30351001024246216,-0.11031029266970499,,0,0
qwen32B-int4_telecom_50runs,baseline,bge-m3,3b5147ed-104d-41a5-90d2-444b9850612d,7,62,user,,,,,,0.41881263256073,0,0
qwen32B-int4_telecom_50runs,baseline,bge-m3,3b5147ed-104d-41a5-90d2-444b9850612d,8,62,tool,,,,,,,0,0
qwen32B-int4_telecom_50runs,baseline,bge-m3,3b5147ed-104d-41a5-90d2-444b9850612d,9,62,user,,,,,,,0,0
qwen32B-int4_telecom_50runs,baseline,bge-m3,3b5147ed-104d-41a5-90d2-444b9850612d,10,62,agent,0.8824231624603271,0.39705882352941174,0.0,0.24879419803619385,-0.1935100108385086,,0,0
qwen32B-int4_telecom_50runs,baseline,bge-m3,3b5147ed-104d-41a5-90d2-444b9850612d,11,62,user,,,,,,0.4142751097679138,0,0
qwen32B-int4_telecom_50runs,baseline,bge-m3,3b5147ed-104d-41a5-90d2-444b9850612d,12,62,tool,,,,,,,0,0
qwen32B-int4_telecom_50runs,baseline,bge-m3,3b5147ed-104d-41a5-90d2-444b9850612d,13,62,user,,,,,,,0,0
qwen32B-int4_telecom_50runs,baseline,bge-m3,3b5147ed-104d-41a5-90d2-444b9850612d,14,62,agent,0.818875789642334,0.25333333333333335,0.0,0.3343731164932251,-0.12427334061690737,,0,0
qwen32B-int4_telecom_50runs,baseline,bge-m3,3b5147ed-104d-41a5-90d2-444b9850612d,15,62,user,,,,,,0.43296563625335693,0,0
qwen32B-int4_telecom_50runs,baseline,bge-m3,3b5147ed-104d-41a5-90d2-444b9850612d,16,62,tool,,,,,,,0,0
qwen32B-int4_telecom_50runs,baseline,bge-m3,3b5147ed-104d-41a5-90d2-444b9850612d,17,62,user,,,,,,,0,0
qwen32B-int4_telecom_50runs,baseline,bge-m3,3b5147ed-104d-41a5-90d2-444b9850612d,18,62,agent,0.7871689796447754,0.25,0.0,0.2874816060066223,-0.16541241322244915,,0,0
qwen32B-int4_telecom_50runs,baseline,bge-m3,3b5147ed-104d-41a5-90d2-444b9850612d,19,62,user,,,,,,0.4273707866668701,0,0
qwen32B-int4_telecom_50runs,baseline,bge-m3,3b5147ed-104d-41a5-90d2-444b9850612d,20,62,tool,,,,,,,0,0
qwen32B-int4_telecom_50runs,baseline,bge-m3,3b5147ed-104d-41a5-90d2-444b9850612d,21,62,user,,,,,,,0,0
qwen32B-int4_telecom_50runs,baseline,bge-m3,3b5147ed-104d-41a5-90d2-444b9850612d,22,62,agent,0.7925281524658203,0.25,0.0,0.4126858711242676,-0.04398487721170696,,0,0
qwen32B-int4_telecom_50runs,baseline,bge-m3,3b5147ed-104d-41a5-90d2-444b9850612d,23,62,user,,,,,,0.4566943049430847,0,0
qwen32B-int4_telecom_50runs,baseline,bge-m3,3b5147ed-104d-41a5-90d2-444b9850612d,24,62,tool,,,,,,,0,0
qwen32B-int4_telecom_50runs,baseline,bge-m3,3b5147ed-104d-41a5-90d2-444b9850612d,25,62,user,,,,,,,0,0
qwen32B-int4_telecom_50runs,baseline,bge-m3,3b5147ed-104d-41a5-90d2-444b9850612d,26,62,agent,0.8506965637207031,0.22666666666666666,0.0,0.3485094904899597,-0.15036067579473766,,0,0
qwen32B-int4_telecom_50runs,baseline,bge-m3,3b5147ed-104d-41a5-90d2-444b9850612d,27,62,user,,,,,,0.42399853467941284,0,0
qwen32B-int4_telecom_50runs,baseline,bge-m3,3b5147ed-104d-41a5-90d2-444b9850612d,28,62,tool,,,,,,,0,0
qwen32B-int4_telecom_50runs,baseline,bge-m3,3b5147ed-104d-41a5-90d2-444b9850612d,29,62,user,,,,,,,0,0
qwen32B-int4_telecom_50runs,baseline,bge-m3,3b5147ed-104d-41a5-90d2-444b9850612d,30,62,tool,,,,,,,0,0
qwen32B-int4_telecom_50runs,baseline,bge-m3,3b5147ed-104d-41a5-90d2-444b9850612d,31,62,user,,,,,,,0,0
qwen32B-int4_telecom_50runs,baseline,bge-m3,3b5147ed-104d-41a5-90d2-444b9850612d,32,62,agent,,,,,,,0,0
qwen32B-int4_telecom_50runs,baseline,bge-m3,3b5147ed-104d-41a5-90d2-444b9850612d,33,62,user,,,,,,0.3633617162704468,0,0
qwen32B-int4_telecom_50runs,baseline,bge-m3,3b5147ed-104d-41a5-90d2-444b9850612d,34,62,agent,0.5213910937309265,0.01639344262295082,0.0,0.42133212089538574,-0.10035893321037292,,0,0
qwen32B-int4_telecom_50runs,baseline,bge-m3,3b5147ed-104d-41a5-90d2-444b9850612d,35,62,tool,,,,,,,0,0
qwen32B-int4_telecom_50runs,baseline,bge-m3,3b5147ed-104d-41a5-90d2-444b9850612d,36,62,agent,0.690316915512085,0.2916666666666667,0.0,,,,0,0
qwen32B-int4_telecom_50runs,baseline,bge-m3,3b5147ed-104d-41a5-90d2-444b9850612d,37,62,user,,,,,,0.17383956909179688,0,0
qwen32B-int4_telecom_50runs,baseline,bge-m3,3b5147ed-104d-41a5-90d2-444b9850612d,38,62,agent,0.808924674987793,0.4375,0.0,0.4782784581184387,-0.07781309740883968,,0,0
qwen32B-int4_telecom_50runs,baseline,bge-m3,3b5147ed-104d-41a5-90d2-444b9850612d,39,62,tool,,,,,,,0,0
qwen32B-int4_telecom_50runs,baseline,bge-m3,3b5147ed-104d-41a5-90d2-444b9850612d,40,62,agent,0.9890207648277283,0.6666666666666666,0.0,0.46492481231689453,-0.07989159226417542,,0,0
qwen32B-int4_telecom_50runs,baseline,bge-m3,3b5147ed-104d-41a5-90d2-444b9850612d,41,62,tool,,,,,,,0,0
qwen32B-int4_telecom_50runs,baseline,bge-m3,3b5147ed-104d-41a5-90d2-444b9850612d,42,62,agent,0.4471833109855652,0.034482758620689655,0.0,,,,0,0
qwen32B-int4_telecom_50runs,baseline,bge-m3,3b5147ed-104d-41a5-90d2-444b9850612d,43,62,user,,,,,,0.48680514097213745,0,0
qwen32B-int4_telecom_50runs,baseline,bge-m3,3b5147ed-104d-41a5-90d2-444b9850612d,44,62,agent,0.8520516157150269,0.5,0.0,0.4251894950866699,-0.09553159560476032,,0,0
qwen32B-int4_telecom_50runs,baseline,bge-m3,3b5147ed-104d-41a5-90d2-444b9850612d,45,62,tool,,,,,,,0,0
qwen32B-int4_telecom_50runs,baseline,bge-m3,3b5147ed-104d-41a5-90d2-444b9850612d,46,62,agent,0.6717456579208374,0.3333333333333333,0.0,,,,0,0
qwen32B-int4_telecom_50runs,baseline,bge-m3,3b5147ed-104d-41a5-90d2-444b9850612d,47,62,user,,,,,,0.2738609313964844,0,0
qwen32B-int4_telecom_50runs,baseline,bge-m3,3b5147ed-104d-41a5-90d2-444b9850612d,48,62,agent,0.9045345187187195,0.6,0.0,0.31351953744888306,-0.2163156313555581,,0,0
qwen32B-int4_telecom_50runs,baseline,bge-m3,3b5147ed-104d-41a5-90d2-444b9850612d,49,62,tool,,,,,,,0,0
qwen32B-int4_telecom_50runs,baseline,bge-m3,3b5147ed-104d-41a5-90d2-444b9850612d,50,62,agent,0.8636398315429688,0.3888888888888889,0.0,0.32204335927963257,-0.19267699761050083,,0,0
qwen32B-int4_telecom_50runs,baseline,bge-m3,3b5147ed-104d-41a5-90d2-444b9850612d,51,62,user,,,,,,0.4390357732772827,0,0
qwen32B-int4_telecom_50runs,baseline,bge-m3,3b5147ed-104d-41a5-90d2-444b9850612d,52,62,tool,,,,,,,0,0
qwen32B-int4_telecom_50runs,baseline,bge-m3,3b5147ed-104d-41a5-90d2-444b9850612d,53,62,user,,,,,,,0,0
qwen32B-int4_telecom_50runs,baseline,bge-m3,3b5147ed-104d-41a5-90d2-444b9850612d,54,62,agent,0.5460195541381836,0.0,0.0,0.3724706172943115,-0.14952737092971802,,0,0
qwen32B-int4_telecom_50runs,baseline,bge-m3,3b5147ed-104d-41a5-90d2-444b9850612d,55,62,tool,,,,,,,0,0
qwen32B-int4_telecom_50runs,baseline,bge-m3,3b5147ed-104d-41a5-90d2-444b9850612d,56,62,agent,0.5204803347587585,0.0,0.0,0.2787638306617737,-0.14863930855478558,,0,0
qwen32B-int4_telecom_50runs,baseline,bge-m3,3b5147ed-104d-41a5-90d2-444b9850612d,57,62,user,,,,,,0.4851248264312744,0,0
qwen32B-int4_telecom_50runs,baseline,bge-m3,3b5147ed-104d-41a5-90d2-444b9850612d,58,62,tool,,,,,,,0,0
qwen32B-int4_telecom_50runs,baseline,bge-m3,3b5147ed-104d-41a5-90d2-444b9850612d,59,62,user,,,,,,,0,0
qwen32B-int4_telecom_50runs,baseline,bge-m3,3b5147ed-104d-41a5-90d2-444b9850612d,60,62,agent,0.6489790081977844,0.18461538461538463,0.0,,,,0,0
qwen32B-int4_telecom_50runs,baseline,bge-m3,3b5147ed-104d-41a5-90d2-444b9850612d,61,62,user,,,,,,0.5557072758674622,0,0
qwen32B-int4_telecom_50runs,baseline,bge-m3,4adf12e3-623c-48d3-ad7b-9a26aa835def,0,60,agent,,,,,,,0,1
qwen32B-int4_telecom_50runs,baseline,bge-m3,4adf12e3-623c-48d3-ad7b-9a26aa835def,1,60,user,,,,,,0.4073111414909363,0,1
qwen32B-int4_telecom_50runs,baseline,bge-m3,4adf12e3-623c-48d3-ad7b-9a26aa835def,2,60,agent,0.5338687300682068,0.0784313725490196,0.0,0.40082240104675293,-0.03722349496988148,,0,1
qwen32B-int4_telecom_50runs,baseline,bge-m3,4adf12e3-623c-48d3-ad7b-9a26aa835def,3,60,user,,,,,,0.43552863597869873,0,1
qwen32B-int4_telecom_50runs,baseline,bge-m3,4adf12e3-623c-48d3-ad7b-9a26aa835def,4,60,tool,,,,,,,0,1
qwen32B-int4_telecom_50runs,baseline,bge-m3,4adf12e3-623c-48d3-ad7b-9a26aa835def,5,60,user,,,,,,,0,1
qwen32B-int4_telecom_50runs,baseline,bge-m3,4adf12e3-623c-48d3-ad7b-9a26aa835def,6,60,agent,0.8247076272964478,0.2,0.0,0.3662416338920593,-0.09848479582713199,,0,1
qwen32B-int4_telecom_50runs,baseline,bge-m3,4adf12e3-623c-48d3-ad7b-9a26aa835def,7,60,user,,,,,,0.4175347685813904,0,1
qwen32B-int4_telecom_50runs,baseline,bge-m3,4adf12e3-623c-48d3-ad7b-9a26aa835def,8,60,tool,,,,,,,0,1
qwen32B-int4_telecom_50runs,baseline,bge-m3,4adf12e3-623c-48d3-ad7b-9a26aa835def,9,60,user,,,,,,,0,1
qwen32B-int4_telecom_50runs,baseline,bge-m3,4adf12e3-623c-48d3-ad7b-9a26aa835def,10,60,agent,0.8866196274757385,0.2361111111111111,0.0,0.3497055768966675,-0.1534927326899308,,0,1
qwen32B-int4_telecom_50runs,baseline,bge-m3,4adf12e3-623c-48d3-ad7b-9a26aa835def,11,60,user,,,,,,0.40650278329849243,0,1
qwen32B-int4_telecom_50runs,baseline,bge-m3,4adf12e3-623c-48d3-ad7b-9a26aa835def,12,60,tool,,,,,,,0,1
qwen32B-int4_telecom_50runs,baseline,bge-m3,4adf12e3-623c-48d3-ad7b-9a26aa835def,13,60,user,,,,,,,0,1
qwen32B-int4_telecom_50runs,baseline,bge-m3,4adf12e3-623c-48d3-ad7b-9a26aa835def,14,60,agent,0.764587938785553,0.22580645161290322,0.0,0.3071399927139282,-0.14873492259245652,,0,1
qwen32B-int4_telecom_50runs,baseline,bge-m3,4adf12e3-623c-48d3-ad7b-9a26aa835def,15,60,user,,,,,,0.3828510046005249,0,1
qwen32B-int4_telecom_50runs,baseline,bge-m3,4adf12e3-623c-48d3-ad7b-9a26aa835def,16,60,tool,,,,,,,0,1
qwen32B-int4_telecom_50runs,baseline,bge-m3,4adf12e3-623c-48d3-ad7b-9a26aa835def,17,60,user,,,,,,,0,1
qwen32B-int4_telecom_50runs,baseline,bge-m3,4adf12e3-623c-48d3-ad7b-9a26aa835def,18,60,agent,0.7702599763870239,0.26229508196721313,0.0,0.39642536640167236,-0.058995304199365495,,0,1
qwen32B-int4_telecom_50runs,baseline,bge-m3,4adf12e3-623c-48d3-ad7b-9a26aa835def,19,60,user,,,,,,0.42126190662384033,0,1
qwen32B-int4_telecom_50runs,baseline,bge-m3,4adf12e3-623c-48d3-ad7b-9a26aa835def,20,60,tool,,,,,,,0,1
qwen32B-int4_telecom_50runs,baseline,bge-m3,4adf12e3-623c-48d3-ad7b-9a26aa835def,21,60,user,,,,,,,0,1
qwen32B-int4_telecom_50runs,baseline,bge-m3,4adf12e3-623c-48d3-ad7b-9a26aa835def,22,60,agent,0.8458295464515686,0.234375,0.0,0.2878487706184387,-0.21715582334078276,,0,1
qwen32B-int4_telecom_50runs,baseline,bge-m3,4adf12e3-623c-48d3-ad7b-9a26aa835def,23,60,user,,,,,,0.3590562343597412,0,1
qwen32B-int4_telecom_50runs,baseline,bge-m3,4adf12e3-623c-48d3-ad7b-9a26aa835def,24,60,tool,,,,,,,0,1
qwen32B-int4_telecom_50runs,baseline,bge-m3,4adf12e3-623c-48d3-ad7b-9a26aa835def,25,60,user,,,,,,,0,1
qwen32B-int4_telecom_50runs,baseline,bge-m3,4adf12e3-623c-48d3-ad7b-9a26aa835def,26,60,agent,0.7629810571670532,0.23728813559322035,0.0,0.43793928623199463,-0.06912004259916449,,0,1
qwen32B-int4_telecom_50runs,baseline,bge-m3,4adf12e3-623c-48d3-ad7b-9a26aa835def,27,60,user,,,,,,0.45230603218078613,0,1
qwen32B-int4_telecom_50runs,baseline,bge-m3,4adf12e3-623c-48d3-ad7b-9a26aa835def,28,60,tool,,,,,,,0,1
qwen32B-int4_telecom_50runs,baseline,bge-m3,4adf12e3-623c-48d3-ad7b-9a26aa835def,29,60,user,,,,,,,0,1
qwen32B-int4_telecom_50runs,baseline,bge-m3,4adf12e3-623c-48d3-ad7b-9a26aa835def,30,60,agent,0.7200233936309814,0.17142857142857143,0.0,,,,0,1
qwen32B-int4_telecom_50runs,baseline,bge-m3,4adf12e3-623c-48d3-ad7b-9a26aa835def,31,60,user,,,,,,0.40956544876098633,0,1
qwen32B-int4_telecom_50runs,baseline,bge-m3,4adf12e3-623c-48d3-ad7b-9a26aa835def,32,60,agent,0.5252305269241333,0.015625,0.0,0.4174351096153259,-0.1230331086195432,,0,1
qwen32B-int4_telecom_50runs,baseline,bge-m3,4adf12e3-623c-48d3-ad7b-9a26aa835def,33,60,tool,,,,,,,0,1
qwen32B-int4_telecom_50runs,baseline,bge-m3,4adf12e3-623c-48d3-ad7b-9a26aa835def,34,60,agent,0.6866421699523926,0.3875,0.0,,,,0,1
qwen32B-int4_telecom_50runs,baseline,bge-m3,4adf12e3-623c-48d3-ad7b-9a26aa835def,35,60,user,,,,,,0.25327926874160767,0,1
qwen32B-int4_telecom_50runs,baseline,bge-m3,4adf12e3-623c-48d3-ad7b-9a26aa835def,36,60,agent,0.7761713266372681,0.35,0.0,0.4588587284088135,-0.09606222922985375,,0,1
qwen32B-int4_telecom_50runs,baseline,bge-m3,4adf12e3-623c-48d3-ad7b-9a26aa835def,37,60,tool,,,,,,,0,1
qwen32B-int4_telecom_50runs,baseline,bge-m3,4adf12e3-623c-48d3-ad7b-9a26aa835def,38,60,tool,,,,,,,0,1
qwen32B-int4_telecom_50runs,baseline,bge-m3,4adf12e3-623c-48d3-ad7b-9a26aa835def,39,60,tool,,,,,,,0,1
qwen32B-int4_telecom_50runs,baseline,bge-m3,4adf12e3-623c-48d3-ad7b-9a26aa835def,40,60,agent,0.4661141037940979,0.021739130434782608,0.0,,,,0,1
qwen32B-int4_telecom_50runs,baseline,bge-m3,4adf12e3-623c-48d3-ad7b-9a26aa835def,41,60,user,,,,,,0.4712386727333069,0,1
qwen32B-int4_telecom_50runs,baseline,bge-m3,4adf12e3-623c-48d3-ad7b-9a26aa835def,42,60,agent,0.48990800976753235,0.011111111111111112,0.0,0.42459559440612793,-0.10117595241619992,,0,1
qwen32B-int4_telecom_50runs,baseline,bge-m3,4adf12e3-623c-48d3-ad7b-9a26aa835def,43,60,tool,,,,,,,0,1
qwen32B-int4_telecom_50runs,baseline,bge-m3,4adf12e3-623c-48d3-ad7b-9a26aa835def,44,60,agent,0.8125349879264832,0.28431372549019607,0.0,,,,0,1
qwen32B-int4_telecom_50runs,baseline,bge-m3,4adf12e3-623c-48d3-ad7b-9a26aa835def,45,60,user,,,,,,0.33732932806015015,0,1
qwen32B-int4_telecom_50runs,baseline,bge-m3,4adf12e3-623c-48d3-ad7b-9a26aa835def,46,60,agent,0.8915591835975647,0.6,0.0,0.29376471042633057,-0.23105335694092966,,0,1
qwen32B-int4_telecom_50runs,baseline,bge-m3,4adf12e3-623c-48d3-ad7b-9a26aa835def,47,60,tool,,,,,,,0,1
qwen32B-int4_telecom_50runs,baseline,bge-m3,4adf12e3-623c-48d3-ad7b-9a26aa835def,48,60,agent,0.7665163278579712,0.2564102564102564,0.0,0.3480752110481262,-0.1577812158144437,,0,1
qwen32B-int4_telecom_50runs,baseline,bge-m3,4adf12e3-623c-48d3-ad7b-9a26aa835def,49,60,user,,,,,,0.44353824853897095,0,1
qwen32B-int4_telecom_50runs,baseline,bge-m3,4adf12e3-623c-48d3-ad7b-9a26aa835def,50,60,tool,,,,,,,0,1
qwen32B-int4_telecom_50runs,baseline,bge-m3,4adf12e3-623c-48d3-ad7b-9a26aa835def,51,60,user,,,,,,,0,1
qwen32B-int4_telecom_50runs,baseline,bge-m3,4adf12e3-623c-48d3-ad7b-9a26aa835def,52,60,agent,0.5159847736358643,0.0,0.0,0.39094263315200806,-0.14731126565199637,,0,1
qwen32B-int4_telecom_50runs,baseline,bge-m3,4adf12e3-623c-48d3-ad7b-9a26aa835def,53,60,tool,,,,,,,0,1
qwen32B-int4_telecom_50runs,baseline,bge-m3,4adf12e3-623c-48d3-ad7b-9a26aa835def,54,60,agent,0.5161648988723755,0.0,0.0,0.41137170791625977,-0.07039049038520229,,0,1
qwen32B-int4_telecom_50runs,baseline,bge-m3,4adf12e3-623c-48d3-ad7b-9a26aa835def,55,60,user,,,,,,0.4699263572692871,0,1
qwen32B-int4_telecom_50runs,baseline,bge-m3,4adf12e3-623c-48d3-ad7b-9a26aa835def,56,60,tool,,,,,,,0,1
qwen32B-int4_telecom_50runs,baseline,bge-m3,4adf12e3-623c-48d3-ad7b-9a26aa835def,57,60,user,,,,,,,0,1
qwen32B-int4_telecom_50runs,baseline,bge-m3,4adf12e3-623c-48d3-ad7b-9a26aa835def,58,60,agent,0.6349819898605347,0.14285714285714285,0.0,,,,0,1
qwen32B-int4_telecom_50runs,baseline,bge-m3,4adf12e3-623c-48d3-ad7b-9a26aa835def,59,60,user,,,,,,0.5375092625617981,0,1
qwen32B-int4_telecom_50runs,baseline,bge-m3,f1972f18-fde4-4951-8ef6-d576173fcc8a,0,32,agent,,,,,,,0,0
qwen32B-int4_telecom_50runs,baseline,bge-m3,f1972f18-fde4-4951-8ef6-d576173fcc8a,1,32,user,,,,,,0.40731126070022583,0,0
qwen32B-int4_telecom_50runs,baseline,bge-m3,f1972f18-fde4-4951-8ef6-d576173fcc8a,2,32,agent,0.5338687896728516,0.0784313725490196,0.0,0.37480759620666504,0.0002962231636047252,,0,0
qwen32B-int4_telecom_50runs,baseline,bge-m3,f1972f18-fde4-4951-8ef6-d576173fcc8a,3,32,user,,,,,,0.4436032772064209,0,0
qwen32B-int4_telecom_50runs,baseline,bge-m3,f1972f18-fde4-4951-8ef6-d576173fcc8a,4,32,tool,,,,,,,0,0
qwen32B-int4_telecom_50runs,baseline,bge-m3,f1972f18-fde4-4951-8ef6-d576173fcc8a,5,32,user,,,,,,,0,0
qwen32B-int4_telecom_50runs,baseline,bge-m3,f1972f18-fde4-4951-8ef6-d576173fcc8a,6,32,agent,0.7295957207679749,0.19480519480519481,0.0,0.28792983293533325,-0.15996556282043456,,0,0
qwen32B-int4_telecom_50runs,baseline,bge-m3,f1972f18-fde4-4951-8ef6-d576173fcc8a,7,32,user,,,,,,0.4606579542160034,0,0
qwen32B-int4_telecom_50runs,baseline,bge-m3,f1972f18-fde4-4951-8ef6-d576173fcc8a,8,32,tool,,,,,,,0,0
qwen32B-int4_telecom_50runs,baseline,bge-m3,f1972f18-fde4-4951-8ef6-d576173fcc8a,9,32,user,,,,,,,0,0
qwen32B-int4_telecom_50runs,baseline,bge-m3,f1972f18-fde4-4951-8ef6-d576173fcc8a,10,32,agent,0.6445497274398804,0.2,0.0,,,,0,0
qwen32B-int4_telecom_50runs,baseline,bge-m3,f1972f18-fde4-4951-8ef6-d576173fcc8a,11,32,user,,,,,,0.471707284450531,0,0
qwen32B-int4_telecom_50runs,baseline,bge-m3,f1972f18-fde4-4951-8ef6-d576173fcc8a,12,32,agent,0.7366653084754944,0.323943661971831,0.0,0.3266030550003052,-0.12733948826789854,,0,0
qwen32B-int4_telecom_50runs,baseline,bge-m3,f1972f18-fde4-4951-8ef6-d576173fcc8a,13,32,user,,,,,,0.5503262281417847,0,0
qwen32B-int4_telecom_50runs,baseline,bge-m3,f1972f18-fde4-4951-8ef6-d576173fcc8a,14,32,tool,,,,,,,0,0
qwen32B-int4_telecom_50runs,baseline,bge-m3,f1972f18-fde4-4951-8ef6-d576173fcc8a,15,32,user,,,,,,,0,0
qwen32B-int4_telecom_50runs,baseline,bge-m3,f1972f18-fde4-4951-8ef6-d576173fcc8a,16,32,agent,0.7066367268562317,0.22093023255813954,0.0,0.2885042428970337,-0.1625740587711334,,0,0
qwen32B-int4_telecom_50runs,baseline,bge-m3,f1972f18-fde4-4951-8ef6-d576173fcc8a,17,32,user,,,,,,0.43192732334136963,0,0
qwen32B-int4_telecom_50runs,baseline,bge-m3,f1972f18-fde4-4951-8ef6-d576173fcc8a,18,32,tool,,,,,,,0,0
qwen32B-int4_telecom_50runs,baseline,bge-m3,f1972f18-fde4-4951-8ef6-d576173fcc8a,19,32,user,,,,,,,0,0
qwen32B-int4_telecom_50runs,baseline,bge-m3,f1972f18-fde4-4951-8ef6-d576173fcc8a,20,32,agent,0.7339866757392883,0.3424657534246575,0.0,0.3616721034049988,-0.06406093239784239,,0,0
qwen32B-int4_telecom_50runs,baseline,bge-m3,f1972f18-fde4-4951-8ef6-d576173fcc8a,21,32,user,,,,,,0.4057247042655945,0,0
qwen32B-int4_telecom_50runs,baseline,bge-m3,f1972f18-fde4-4951-8ef6-d576173fcc8a,22,32,tool,,,,,,,0,0
qwen32B-int4_telecom_50runs,baseline,bge-m3,f1972f18-fde4-4951-8ef6-d576173fcc8a,23,32,user,,,,,,,0,0
qwen32B-int4_telecom_50runs,baseline,bge-m3,f1972f18-fde4-4951-8ef6-d576173fcc8a,24,32,agent,0.7764367461204529,0.2,0.0,0.33534926176071167,-0.12266220450401305,,0,0
qwen32B-int4_telecom_50runs,baseline,bge-m3,f1972f18-fde4-4951-8ef6-d576173fcc8a,25,32,user,,,,,,0.4441317319869995,0,0
qwen32B-int4_telecom_50runs,baseline,bge-m3,f1972f18-fde4-4951-8ef6-d576173fcc8a,26,32,tool,,,,,,,0,0
qwen32B-int4_telecom_50runs,baseline,bge-m3,f1972f18-fde4-4951-8ef6-d576173fcc8a,27,32,user,,,,,,,0,0
qwen32B-int4_telecom_50runs,baseline,bge-m3,f1972f18-fde4-4951-8ef6-d576173fcc8a,28,32,tool,,,,,,,0,0
qwen32B-int4_telecom_50runs,baseline,bge-m3,f1972f18-fde4-4951-8ef6-d576173fcc8a,29,32,user,,,,,,,0,0
qwen32B-int4_telecom_50runs,baseline,bge-m3,f1972f18-fde4-4951-8ef6-d576173fcc8a,30,32,agent,,,,,,,0,0
qwen32B-int4_telecom_50runs,baseline,bge-m3,f1972f18-fde4-4951-8ef6-d576173fcc8a,31,32,user,,,,,,0.36819642782211304,0,0
qwen32B-int4_telecom_50runs,baseline,bge-m3,ded09971-26a1-4368-a380-a0f9cc15ac9f,0,38,agent,,,,,,,0,1
qwen32B-int4_telecom_50runs,baseline,bge-m3,ded09971-26a1-4368-a380-a0f9cc15ac9f,1,38,user,,,,,,0.40731120109558105,0,1
qwen32B-int4_telecom_50runs,baseline,bge-m3,ded09971-26a1-4368-a380-a0f9cc15ac9f,2,38,agent,0.5338687300682068,0.0784313725490196,0.0,0.37480753660202026,-0.009127810597419739,,0,1
qwen32B-int4_telecom_50runs,baseline,bge-m3,ded09971-26a1-4368-a380-a0f9cc15ac9f,3,38,user,,,,,,0.4402569532394409,0,1
qwen32B-int4_telecom_50runs,baseline,bge-m3,ded09971-26a1-4368-a380-a0f9cc15ac9f,4,38,tool,,,,,,,0,1
qwen32B-int4_telecom_50runs,baseline,bge-m3,ded09971-26a1-4368-a380-a0f9cc15ac9f,5,38,user,,,,,,,0,1
qwen32B-int4_telecom_50runs,baseline,bge-m3,ded09971-26a1-4368-a380-a0f9cc15ac9f,6,38,agent,0.7295957803726196,0.19480519480519481,0.0,0.287929892539978,-0.15728193521499634,,0,1
qwen32B-int4_telecom_50runs,baseline,bge-m3,ded09971-26a1-4368-a380-a0f9cc15ac9f,7,38,user,,,,,,0.4433894157409668,0,1
qwen32B-int4_telecom_50runs,baseline,bge-m3,ded09971-26a1-4368-a380-a0f9cc15ac9f,8,38,tool,,,,,,,0,1
qwen32B-int4_telecom_50runs,baseline,bge-m3,ded09971-26a1-4368-a380-a0f9cc15ac9f,9,38,user,,,,,,,0,1
qwen32B-int4_telecom_50runs,baseline,bge-m3,ded09971-26a1-4368-a380-a0f9cc15ac9f,10,38,agent,0.6445496678352356,0.2,0.0,,,,0,1
qwen32B-int4_telecom_50runs,baseline,bge-m3,ded09971-26a1-4368-a380-a0f9cc15ac9f,11,38,user,,,,,,0.47170740365982056,0,1
qwen32B-int4_telecom_50runs,baseline,bge-m3,ded09971-26a1-4368-a380-a0f9cc15ac9f,12,38,agent,0.7366655468940735,0.323943661971831,0.0,0.3266029357910156,-0.1642584502696991,,0,1
qwen32B-int4_telecom_50runs,baseline,bge-m3,ded09971-26a1-4368-a380-a0f9cc15ac9f,13,38,user,,,,,,0.5428372919559479,0,1
qwen32B-int4_telecom_50runs,baseline,bge-m3,ded09971-26a1-4368-a380-a0f9cc15ac9f,14,38,tool,,,,,,,0,1
qwen32B-int4_telecom_50runs,baseline,bge-m3,ded09971-26a1-4368-a380-a0f9cc15ac9f,15,38,user,,,,,,,0,1
qwen32B-int4_telecom_50runs,baseline,bge-m3,ded09971-26a1-4368-a380-a0f9cc15ac9f,16,38,agent,0.706636905670166,0.22093023255813954,0.0,0.3190542459487915,-0.11774352192878723,,0,1
qwen32B-int4_telecom_50runs,baseline,bge-m3,ded09971-26a1-4368-a380-a0f9cc15ac9f,17,38,user,,,,,,0.45318448543548584,0,1
qwen32B-int4_telecom_50runs,baseline,bge-m3,ded09971-26a1-4368-a380-a0f9cc15ac9f,18,38,tool,,,,,,,0,1
qwen32B-int4_telecom_50runs,baseline,bge-m3,ded09971-26a1-4368-a380-a0f9cc15ac9f,19,38,user,,,,,,,0,1
qwen32B-int4_telecom_50runs,baseline,bge-m3,ded09971-26a1-4368-a380-a0f9cc15ac9f,20,38,agent,0.7831339240074158,0.2894736842105263,0.0,0.3795779347419739,-0.029128000140190125,,0,1
qwen32B-int4_telecom_50runs,baseline,bge-m3,ded09971-26a1-4368-a380-a0f9cc15ac9f,21,38,user,,,,,,0.4178222417831421,0,1
qwen32B-int4_telecom_50runs,baseline,bge-m3,ded09971-26a1-4368-a380-a0f9cc15ac9f,22,38,tool,,,,,,,0,1
qwen32B-int4_telecom_50runs,baseline,bge-m3,ded09971-26a1-4368-a380-a0f9cc15ac9f,23,38,user,,,,,,,0,1
qwen32B-int4_telecom_50runs,baseline,bge-m3,ded09971-26a1-4368-a380-a0f9cc15ac9f,24,38,tool,,,,,,,0,1
qwen32B-int4_telecom_50runs,baseline,bge-m3,ded09971-26a1-4368-a380-a0f9cc15ac9f,25,38,user,,,,,,,0,1
qwen32B-int4_telecom_50runs,baseline,bge-m3,ded09971-26a1-4368-a380-a0f9cc15ac9f,26,38,agent,,,,,,,0,1
qwen32B-int4_telecom_50runs,baseline,bge-m3,ded09971-26a1-4368-a380-a0f9cc15ac9f,27,38,user,,,,,,0.2618592381477356,0,1
qwen32B-int4_telecom_50runs,baseline,bge-m3,ded09971-26a1-4368-a380-a0f9cc15ac9f,28,38,agent,0.9491347074508667,0.5632183908045977,0.0,,,,0,1
qwen32B-int4_telecom_50runs,baseline,bge-m3,ded09971-26a1-4368-a380-a0f9cc15ac9f,29,38,user,,,,,,0.33550477027893066,0,1
qwen32B-int4_telecom_50runs,baseline,bge-m3,ded09971-26a1-4368-a380-a0f9cc15ac9f,30,38,agent,0.8615831136703491,0.5714285714285714,0.0,,,,0,1
qwen32B-int4_telecom_50runs,baseline,bge-m3,ded09971-26a1-4368-a380-a0f9cc15ac9f,31,38,user,,,,,,0.2710791826248169,0,1
qwen32B-int4_telecom_50runs,baseline,bge-m3,ded09971-26a1-4368-a380-a0f9cc15ac9f,32,38,agent,0.8760086297988892,0.2222222222222222,0.0,,,,0,1
qwen32B-int4_telecom_50runs,baseline,bge-m3,ded09971-26a1-4368-a380-a0f9cc15ac9f,33,38,user,,,,,,0.23697280883789062,0,1
qwen32B-int4_telecom_50runs,baseline,bge-m3,ded09971-26a1-4368-a380-a0f9cc15ac9f,34,38,agent,0.9101077318191528,0.4479166666666667,0.0,,,,0,1
qwen32B-int4_telecom_50runs,baseline,bge-m3,ded09971-26a1-4368-a380-a0f9cc15ac9f,35,38,user,,,,,,0.17294859886169434,0,1
qwen32B-int4_telecom_50runs,baseline,bge-m3,ded09971-26a1-4368-a380-a0f9cc15ac9f,36,38,agent,0.7350065112113953,0.2,0.0,,,,0,1
qwen32B-int4_telecom_50runs,baseline,bge-m3,ded09971-26a1-4368-a380-a0f9cc15ac9f,37,38,user,,,,,,0.35815370082855225,0,1
qwen32B-int4_telecom_50runs,baseline,bge-m3,8b17d49a-8df2-4610-92e7-030aff28068f,0,70,agent,,,,,,,0,0
qwen32B-int4_telecom_50runs,baseline,bge-m3,8b17d49a-8df2-4610-92e7-030aff28068f,1,70,user,,,,,,0.4073111414909363,0,0
qwen32B-int4_telecom_50runs,baseline,bge-m3,8b17d49a-8df2-4610-92e7-030aff28068f,2,70,agent,0.533868670463562,0.0784313725490196,0.0,0.4008222818374634,-0.032494647428393364,,0,0
qwen32B-int4_telecom_50runs,baseline,bge-m3,8b17d49a-8df2-4610-92e7-030aff28068f,3,70,user,,,,,,0.43985044956207275,0,0
qwen32B-int4_telecom_50runs,baseline,bge-m3,8b17d49a-8df2-4610-92e7-030aff28068f,4,70,tool,,,,,,,0,0
qwen32B-int4_telecom_50runs,baseline,bge-m3,8b17d49a-8df2-4610-92e7-030aff28068f,5,70,user,,,,,,,0,0
qwen32B-int4_telecom_50runs,baseline,bge-m3,8b17d49a-8df2-4610-92e7-030aff28068f,6,70,agent,0.8247076272964478,0.2,0.0,0.3662416934967041,-0.08701726980507374,,0,0
qwen32B-int4_telecom_50runs,baseline,bge-m3,8b17d49a-8df2-4610-92e7-030aff28068f,7,70,user,,,,,,0.41074204444885254,0,0
qwen32B-int4_telecom_50runs,baseline,bge-m3,8b17d49a-8df2-4610-92e7-030aff28068f,8,70,tool,,,,,,,0,0
qwen32B-int4_telecom_50runs,baseline,bge-m3,8b17d49a-8df2-4610-92e7-030aff28068f,9,70,user,,,,,,,0,0
qwen32B-int4_telecom_50runs,baseline,bge-m3,8b17d49a-8df2-4610-92e7-030aff28068f,10,70,agent,0.8866196274757385,0.2361111111111111,0.0,0.3497055768966675,-0.13948092237114906,,0,0
qwen32B-int4_telecom_50runs,baseline,bge-m3,8b17d49a-8df2-4610-92e7-030aff28068f,11,70,user,,,,,,0.4131435751914978,0,0
qwen32B-int4_telecom_50runs,baseline,bge-m3,8b17d49a-8df2-4610-92e7-030aff28068f,12,70,tool,,,,,,,0,0
qwen32B-int4_telecom_50runs,baseline,bge-m3,8b17d49a-8df2-4610-92e7-030aff28068f,13,70,user,,,,,,,0,0
qwen32B-int4_telecom_50runs,baseline,bge-m3,8b17d49a-8df2-4610-92e7-030aff28068f,14,70,agent,0.764587938785553,0.22580645161290322,0.0,0.3071399927139282,-0.13616240210831165,,0,0
qwen32B-int4_telecom_50runs,baseline,bge-m3,8b17d49a-8df2-4610-92e7-030aff28068f,15,70,user,,,,,,0.38690894842147827,0,0
qwen32B-int4_telecom_50runs,baseline,bge-m3,8b17d49a-8df2-4610-92e7-030aff28068f,16,70,tool,,,,,,,0,0
qwen32B-int4_telecom_50runs,baseline,bge-m3,8b17d49a-8df2-4610-92e7-030aff28068f,17,70,user,,,,,,,0,0
qwen32B-int4_telecom_50runs,baseline,bge-m3,8b17d49a-8df2-4610-92e7-030aff28068f,18,70,agent,0.7702599763870239,0.26229508196721313,0.0,0.3702331781387329,-0.08119439519941807,,0,0
qwen32B-int4_telecom_50runs,baseline,bge-m3,8b17d49a-8df2-4610-92e7-030aff28068f,19,70,user,,,,,,0.4293147325515747,0,0
qwen32B-int4_telecom_50runs,baseline,bge-m3,8b17d49a-8df2-4610-92e7-030aff28068f,20,70,tool,,,,,,,0,0
qwen32B-int4_telecom_50runs,baseline,bge-m3,8b17d49a-8df2-4610-92e7-030aff28068f,21,70,user,,,,,,,0,0
qwen32B-int4_telecom_50runs,baseline,bge-m3,8b17d49a-8df2-4610-92e7-030aff28068f,22,70,agent,0.8441940546035767,0.25,0.0,0.33312034606933594,-0.15211582370102406,,0,0
qwen32B-int4_telecom_50runs,baseline,bge-m3,8b17d49a-8df2-4610-92e7-030aff28068f,23,70,user,,,,,,0.42302215099334717,0,0
qwen32B-int4_telecom_50runs,baseline,bge-m3,8b17d49a-8df2-4610-92e7-030aff28068f,24,70,tool,,,,,,,0,0
qwen32B-int4_telecom_50runs,baseline,bge-m3,8b17d49a-8df2-4610-92e7-030aff28068f,25,70,user,,,,,,,0,0
qwen32B-int4_telecom_50runs,baseline,bge-m3,8b17d49a-8df2-4610-92e7-030aff28068f,26,70,agent,0.7764427661895752,0.35714285714285715,0.0,0.330696165561676,-0.13804846443235874,,0,0
qwen32B-int4_telecom_50runs,baseline,bge-m3,8b17d49a-8df2-4610-92e7-030aff28068f,27,70,user,,,,,,0.395732581615448,0,0
qwen32B-int4_telecom_50runs,baseline,bge-m3,8b17d49a-8df2-4610-92e7-030aff28068f,28,70,tool,,,,,,,0,0
qwen32B-int4_telecom_50runs,baseline,bge-m3,8b17d49a-8df2-4610-92e7-030aff28068f,29,70,user,,,,,,,0,0
qwen32B-int4_telecom_50runs,baseline,bge-m3,8b17d49a-8df2-4610-92e7-030aff28068f,30,70,agent,0.7644457817077637,0.11940298507462686,0.0,,,,0,0
qwen32B-int4_telecom_50runs,baseline,bge-m3,8b17d49a-8df2-4610-92e7-030aff28068f,31,70,user,,,,,,0.494401216506958,0,0
qwen32B-int4_telecom_50runs,baseline,bge-m3,8b17d49a-8df2-4610-92e7-030aff28068f,32,70,agent,0.5268905162811279,0.015625,0.0,0.42048555612564087,-0.1191138681024313,,0,0
qwen32B-int4_telecom_50runs,baseline,bge-m3,8b17d49a-8df2-4610-92e7-030aff28068f,33,70,tool,,,,,,,0,0
qwen32B-int4_telecom_50runs,baseline,bge-m3,8b17d49a-8df2-4610-92e7-030aff28068f,34,70,agent,0.6817147731781006,0.34177215189873417,0.0,,,,0,0
qwen32B-int4_telecom_50runs,baseline,bge-m3,8b17d49a-8df2-4610-92e7-030aff28068f,35,70,user,,,,,,0.2840501666069031,0,0
qwen32B-int4_telecom_50runs,baseline,bge-m3,8b17d49a-8df2-4610-92e7-030aff28068f,36,70,agent,0.8640536069869995,0.35135135135135137,0.0,0.3194965720176697,-0.20149110443890095,,0,0
qwen32B-int4_telecom_50runs,baseline,bge-m3,8b17d49a-8df2-4610-92e7-030aff28068f,37,70,tool,,,,,,,0,0
qwen32B-int4_telecom_50runs,baseline,bge-m3,8b17d49a-8df2-4610-92e7-030aff28068f,38,70,agent,0.868065595626831,0.509090909090909,0.0,0.32520997524261475,-0.20618776604533195,,0,0
qwen32B-int4_telecom_50runs,baseline,bge-m3,8b17d49a-8df2-4610-92e7-030aff28068f,39,70,tool,,,,,,,0,0
qwen32B-int4_telecom_50runs,baseline,bge-m3,8b17d49a-8df2-4610-92e7-030aff28068f,40,70,agent,0.797100305557251,0.3684210526315789,0.0,0.352994441986084,-0.1274971030652523,,0,0
qwen32B-int4_telecom_50runs,baseline,bge-m3,8b17d49a-8df2-4610-92e7-030aff28068f,41,70,tool,,,,,,,0,0
qwen32B-int4_telecom_50runs,baseline,bge-m3,8b17d49a-8df2-4610-92e7-030aff28068f,42,70,agent,0.7903912663459778,0.2967032967032967,0.0,,,,0,0
qwen32B-int4_telecom_50runs,baseline,bge-m3,8b17d49a-8df2-4610-92e7-030aff28068f,43,70,user,,,,,,0.4148635268211365,0,0
qwen32B-int4_telecom_50runs,baseline,bge-m3,8b17d49a-8df2-4610-92e7-030aff28068f,44,70,agent,0.8019985556602478,0.3333333333333333,0.0,0.21783483028411865,-0.3364844787865877,,0,0
qwen32B-int4_telecom_50runs,baseline,bge-m3,8b17d49a-8df2-4610-92e7-030aff28068f,45,70,tool,,,,,,,0,0
qwen32B-int4_telecom_50runs,baseline,bge-m3,8b17d49a-8df2-4610-92e7-030aff28068f,46,70,agent,0.9127579927444458,0.4186046511627907,0.0,0.32195425033569336,-0.21883445605635643,,0,0
qwen32B-int4_telecom_50runs,baseline,bge-m3,8b17d49a-8df2-4610-92e7-030aff28068f,47,70,user,,,,,,0.40767645835876465,0,0
qwen32B-int4_telecom_50runs,baseline,bge-m3,8b17d49a-8df2-4610-92e7-030aff28068f,48,70,tool,,,,,,,0,0
qwen32B-int4_telecom_50runs,baseline,bge-m3,8b17d49a-8df2-4610-92e7-030aff28068f,49,70,user,,,,,,,0,0
qwen32B-int4_telecom_50runs,baseline,bge-m3,8b17d49a-8df2-4610-92e7-030aff28068f,50,70,tool,,,,,,,0,0
qwen32B-int4_telecom_50runs,baseline,bge-m3,8b17d49a-8df2-4610-92e7-030aff28068f,51,70,user,,,,,,,0,0
qwen32B-int4_telecom_50runs,baseline,bge-m3,8b17d49a-8df2-4610-92e7-030aff28068f,52,70,agent,,,,0.280085027217865,-0.18949666433036327,,0,0
qwen32B-int4_telecom_50runs,baseline,bge-m3,8b17d49a-8df2-4610-92e7-030aff28068f,53,70,tool,,,,,,,0,0
qwen32B-int4_telecom_50runs,baseline,bge-m3,8b17d49a-8df2-4610-92e7-030aff28068f,54,70,agent,0.8256925344467163,0.35714285714285715,0.0,0.42947232723236084,-0.043088629841804504,,0,0
qwen32B-int4_telecom_50runs,baseline,bge-m3,8b17d49a-8df2-4610-92e7-030aff28068f,55,70,user,,,,,,0.4317852258682251,0,0
qwen32B-int4_telecom_50runs,baseline,bge-m3,8b17d49a-8df2-4610-92e7-030aff28068f,56,70,tool,,,,,,,0,0
qwen32B-int4_telecom_50runs,baseline,bge-m3,8b17d49a-8df2-4610-92e7-030aff28068f,57,70,user,,,,,,,0,0
qwen32B-int4_telecom_50runs,baseline,bge-m3,8b17d49a-8df2-4610-92e7-030aff28068f,58,70,agent,0.7204114198684692,0.2318840579710145,0.0,0.3044382333755493,-0.12632109597325325,,0,0
qwen32B-int4_telecom_50runs,baseline,bge-m3,8b17d49a-8df2-4610-92e7-030aff28068f,59,70,user,,,,,,0.45508456230163574,0,0
qwen32B-int4_telecom_50runs,baseline,bge-m3,8b17d49a-8df2-4610-92e7-030aff28068f,60,70,tool,,,,,,,0,0
qwen32B-int4_telecom_50runs,baseline,bge-m3,8b17d49a-8df2-4610-92e7-030aff28068f,61,70,user,,,,,,,0,0
qwen32B-int4_telecom_50runs,baseline,bge-m3,8b17d49a-8df2-4610-92e7-030aff28068f,62,70,agent,0.6158007979393005,0.16129032258064516,0.0,,,,0,0
qwen32B-int4_telecom_50runs,baseline,bge-m3,8b17d49a-8df2-4610-92e7-030aff28068f,63,70,user,,,,,,0.26381945610046387,0,0
qwen32B-int4_telecom_50runs,baseline,bge-m3,8b17d49a-8df2-4610-92e7-030aff28068f,64,70,agent,0.8628362417221069,0.3108108108108108,0.0,,,,0,0
qwen32B-int4_telecom_50runs,baseline,bge-m3,8b17d49a-8df2-4610-92e7-030aff28068f,65,70,user,,,,,,0.3057119846343994,0,0
qwen32B-int4_telecom_50runs,baseline,bge-m3,8b17d49a-8df2-4610-92e7-030aff28068f,66,70,agent,0.6875227689743042,0.20689655172413793,0.0,0.42998945713043213,-0.1331844050437212,,0,0
qwen32B-int4_telecom_50runs,baseline,bge-m3,8b17d49a-8df2-4610-92e7-030aff28068f,67,70,tool,,,,,,,0,0
qwen32B-int4_telecom_50runs,baseline,bge-m3,8b17d49a-8df2-4610-92e7-030aff28068f,68,70,agent,0.6384620070457458,0.18518518518518517,0.0,,,,0,0
qwen32B-int4_telecom_50runs,baseline,bge-m3,8b17d49a-8df2-4610-92e7-030aff28068f,69,70,user,,,,,,0.36564934253692627,0,0
qwen32B-int4_telecom_50runs,baseline,bge-m3,d1ed0f38-fcff-4935-a1c6-14f6bd93baab,0,102,agent,,,,,,,0,1
qwen32B-int4_telecom_50runs,baseline,bge-m3,d1ed0f38-fcff-4935-a1c6-14f6bd93baab,1,102,user,,,,,,0.40731126070022583,0,1
qwen32B-int4_telecom_50runs,baseline,bge-m3,d1ed0f38-fcff-4935-a1c6-14f6bd93baab,2,102,agent,0.5338687300682068,0.0784313725490196,0.0,0.4008222818374634,-0.028232565522193886,,0,1
qwen32B-int4_telecom_50runs,baseline,bge-m3,d1ed0f38-fcff-4935-a1c6-14f6bd93baab,3,102,user,,,,,,0.4379490613937378,0,1
qwen32B-int4_telecom_50runs,baseline,bge-m3,d1ed0f38-fcff-4935-a1c6-14f6bd93baab,4,102,tool,,,,,,,0,1
qwen32B-int4_telecom_50runs,baseline,bge-m3,d1ed0f38-fcff-4935-a1c6-14f6bd93baab,5,102,user,,,,,,,0,1
qwen32B-int4_telecom_50runs,baseline,bge-m3,d1ed0f38-fcff-4935-a1c6-14f6bd93baab,6,102,agent,0.8247076272964478,0.2,0.0,0.3662416934967041,-0.08271231949329377,,0,1
qwen32B-int4_telecom_50runs,baseline,bge-m3,d1ed0f38-fcff-4935-a1c6-14f6bd93baab,7,102,user,,,,,,0.41732847690582275,0,1
qwen32B-int4_telecom_50runs,baseline,bge-m3,d1ed0f38-fcff-4935-a1c6-14f6bd93baab,8,102,tool,,,,,,,0,1
qwen32B-int4_telecom_50runs,baseline,bge-m3,d1ed0f38-fcff-4935-a1c6-14f6bd93baab,9,102,user,,,,,,,0,1
qwen32B-int4_telecom_50runs,baseline,bge-m3,d1ed0f38-fcff-4935-a1c6-14f6bd93baab,10,102,agent,0.8866196274757385,0.2361111111111111,0.0,0.3497055768966675,-0.1409630239009857,,0,1
qwen32B-int4_telecom_50runs,baseline,bge-m3,d1ed0f38-fcff-4935-a1c6-14f6bd93baab,11,102,user,,,,,,0.4112209677696228,0,1
qwen32B-int4_telecom_50runs,baseline,bge-m3,d1ed0f38-fcff-4935-a1c6-14f6bd93baab,12,102,tool,,,,,,,0,1
qwen32B-int4_telecom_50runs,baseline,bge-m3,d1ed0f38-fcff-4935-a1c6-14f6bd93baab,13,102,user,,,,,,,0,1
qwen32B-int4_telecom_50runs,baseline,bge-m3,d1ed0f38-fcff-4935-a1c6-14f6bd93baab,14,102,agent,0.764587938785553,0.22580645161290322,0.0,0.30713993310928345,-0.13169502317905424,,0,1
qwen32B-int4_telecom_50runs,baseline,bge-m3,d1ed0f38-fcff-4935-a1c6-14f6bd93baab,15,102,user,,,,,,0.380104660987854,0,1
qwen32B-int4_telecom_50runs,baseline,bge-m3,d1ed0f38-fcff-4935-a1c6-14f6bd93baab,16,102,tool,,,,,,,0,1
qwen32B-int4_telecom_50runs,baseline,bge-m3,d1ed0f38-fcff-4935-a1c6-14f6bd93baab,17,102,user,,,,,,,0,1
qwen32B-int4_telecom_50runs,baseline,bge-m3,d1ed0f38-fcff-4935-a1c6-14f6bd93baab,18,102,agent,0.7702599763870239,0.26229508196721313,0.0,0.39642536640167236,-0.046299490332603443,,0,1
qwen32B-int4_telecom_50runs,baseline,bge-m3,d1ed0f38-fcff-4935-a1c6-14f6bd93baab,19,102,user,,,,,,0.4280046224594116,0,1
qwen32B-int4_telecom_50runs,baseline,bge-m3,d1ed0f38-fcff-4935-a1c6-14f6bd93baab,20,102,tool,,,,,,,0,1
qwen32B-int4_telecom_50runs,baseline,bge-m3,d1ed0f38-fcff-4935-a1c6-14f6bd93baab,21,102,user,,,,,,,0,1
qwen32B-int4_telecom_50runs,baseline,bge-m3,d1ed0f38-fcff-4935-a1c6-14f6bd93baab,22,102,agent,0.8458295464515686,0.234375,0.0,0.2878485918045044,-0.19646395891904833,,0,1
qwen32B-int4_telecom_50runs,baseline,bge-m3,d1ed0f38-fcff-4935-a1c6-14f6bd93baab,23,102,user,,,,,,0.36940598487854004,0,1
qwen32B-int4_telecom_50runs,baseline,bge-m3,d1ed0f38-fcff-4935-a1c6-14f6bd93baab,24,102,tool,,,,,,,0,1
qwen32B-int4_telecom_50runs,baseline,bge-m3,d1ed0f38-fcff-4935-a1c6-14f6bd93baab,25,102,user,,,,,,,0,1
qwen32B-int4_telecom_50runs,baseline,bge-m3,d1ed0f38-fcff-4935-a1c6-14f6bd93baab,26,102,agent,0.7629810571670532,0.23728813559322035,0.0,0.4379391670227051,-0.059677134454250325,,0,1
qwen32B-int4_telecom_50runs,baseline,bge-m3,d1ed0f38-fcff-4935-a1c6-14f6bd93baab,27,102,user,,,,,,0.45079708099365234,0,1
qwen32B-int4_telecom_50runs,baseline,bge-m3,d1ed0f38-fcff-4935-a1c6-14f6bd93baab,28,102,tool,,,,,,,0,1
qwen32B-int4_telecom_50runs,baseline,bge-m3,d1ed0f38-fcff-4935-a1c6-14f6bd93baab,29,102,user,,,,,,,0,1
qwen32B-int4_telecom_50runs,baseline,bge-m3,d1ed0f38-fcff-4935-a1c6-14f6bd93baab,30,102,agent,0.7200233936309814,0.17142857142857143,0.0,,,,0,1
qwen32B-int4_telecom_50runs,baseline,bge-m3,d1ed0f38-fcff-4935-a1c6-14f6bd93baab,31,102,user,,,,,,0.40956538915634155,0,1
qwen32B-int4_telecom_50runs,baseline,bge-m3,d1ed0f38-fcff-4935-a1c6-14f6bd93baab,32,102,agent,0.5266748666763306,0.015625,0.0,0.42146527767181396,-0.13523441851139073,,0,1
qwen32B-int4_telecom_50runs,baseline,bge-m3,d1ed0f38-fcff-4935-a1c6-14f6bd93baab,33,102,tool,,,,,,,0,1
qwen32B-int4_telecom_50runs,baseline,bge-m3,d1ed0f38-fcff-4935-a1c6-14f6bd93baab,34,102,agent,0.6866421699523926,0.3875,0.0,,,,0,1
qwen32B-int4_telecom_50runs,baseline,bge-m3,d1ed0f38-fcff-4935-a1c6-14f6bd93baab,35,102,user,,,,,,0.2532792091369629,0,1
qwen32B-int4_telecom_50runs,baseline,bge-m3,d1ed0f38-fcff-4935-a1c6-14f6bd93baab,36,102,agent,0.7815046310424805,0.35,0.0,0.47144055366516113,-0.10153734236955647,,0,1
qwen32B-int4_telecom_50runs,baseline,bge-m3,d1ed0f38-fcff-4935-a1c6-14f6bd93baab,37,102,tool,,,,,,,0,1
qwen32B-int4_telecom_50runs,baseline,bge-m3,d1ed0f38-fcff-4935-a1c6-14f6bd93baab,38,102,tool,,,,,,,0,1
qwen32B-int4_telecom_50runs,baseline,bge-m3,d1ed0f38-fcff-4935-a1c6-14f6bd93baab,39,102,tool,,,,,,,0,1
qwen32B-int4_telecom_50runs,baseline,bge-m3,d1ed0f38-fcff-4935-a1c6-14f6bd93baab,40,102,agent,0.45322614908218384,0.021739130434782608,0.0,,,,0,1
qwen32B-int4_telecom_50runs,baseline,bge-m3,d1ed0f38-fcff-4935-a1c6-14f6bd93baab,41,102,user,,,,,,0.4712386131286621,0,1
qwen32B-int4_telecom_50runs,baseline,bge-m3,d1ed0f38-fcff-4935-a1c6-14f6bd93baab,42,102,agent,0.48006007075309753,0.011111111111111112,0.0,0.42746859788894653,-0.1272686749696732,,0,1
qwen32B-int4_telecom_50runs,baseline,bge-m3,d1ed0f38-fcff-4935-a1c6-14f6bd93baab,43,102,tool,,,,,,,0,1
qwen32B-int4_telecom_50runs,baseline,bge-m3,d1ed0f38-fcff-4935-a1c6-14f6bd93baab,44,102,agent,0.8125349879264832,0.28431372549019607,0.0,,,,0,1
qwen32B-int4_telecom_50runs,baseline,bge-m3,d1ed0f38-fcff-4935-a1c6-14f6bd93baab,45,102,user,,,,,,0.3373293876647949,0,1
qwen32B-int4_telecom_50runs,baseline,bge-m3,d1ed0f38-fcff-4935-a1c6-14f6bd93baab,46,102,agent,0.8976508378982544,0.6,0.0,0.2939450740814209,-0.2561394438147545,,0,1
qwen32B-int4_telecom_50runs,baseline,bge-m3,d1ed0f38-fcff-4935-a1c6-14f6bd93baab,47,102,tool,,,,,,,0,1
qwen32B-int4_telecom_50runs,baseline,bge-m3,d1ed0f38-fcff-4935-a1c6-14f6bd93baab,48,102,agent,0.7665163278579712,0.2564102564102564,0.0,0.34807515144348145,-0.18699251115322113,,0,1
qwen32B-int4_telecom_50runs,baseline,bge-m3,d1ed0f38-fcff-4935-a1c6-14f6bd93baab,49,102,user,,,,,,0.43812090158462524,0,1
qwen32B-int4_telecom_50runs,baseline,bge-m3,d1ed0f38-fcff-4935-a1c6-14f6bd93baab,50,102,tool,,,,,,,0,1
qwen32B-int4_telecom_50runs,baseline,bge-m3,d1ed0f38-fcff-4935-a1c6-14f6bd93baab,51,102,user,,,,,,,0,1
qwen32B-int4_telecom_50runs,baseline,bge-m3,d1ed0f38-fcff-4935-a1c6-14f6bd93baab,52,102,agent,0.5020819306373596,0.0,0.0,0.4038572311401367,-0.1607185244560242,,0,1
qwen32B-int4_telecom_50runs,baseline,bge-m3,d1ed0f38-fcff-4935-a1c6-14f6bd93baab,53,102,tool,,,,,,,0,1
qwen32B-int4_telecom_50runs,baseline,bge-m3,d1ed0f38-fcff-4935-a1c6-14f6bd93baab,54,102,agent,0.509008526802063,0.0,0.0,0.47746598720550537,-0.014291492104530346,,0,1
qwen32B-int4_telecom_50runs,baseline,bge-m3,d1ed0f38-fcff-4935-a1c6-14f6bd93baab,55,102,user,,,,,,0.49413686990737915,0,1
qwen32B-int4_telecom_50runs,baseline,bge-m3,d1ed0f38-fcff-4935-a1c6-14f6bd93baab,56,102,tool,,,,,,,0,1
qwen32B-int4_telecom_50runs,baseline,bge-m3,d1ed0f38-fcff-4935-a1c6-14f6bd93baab,57,102,user,,,,,,,0,1
qwen32B-int4_telecom_50runs,baseline,bge-m3,d1ed0f38-fcff-4935-a1c6-14f6bd93baab,58,102,agent,0.7270931005477905,0.2549019607843137,0.0,0.41789644956588745,-0.01194169223308561,,0,1
qwen32B-int4_telecom_50runs,baseline,bge-m3,d1ed0f38-fcff-4935-a1c6-14f6bd93baab,59,102,user,,,,,,0.47958624362945557,0,1
qwen32B-int4_telecom_50runs,baseline,bge-m3,d1ed0f38-fcff-4935-a1c6-14f6bd93baab,60,102,tool,,,,,,,0,1
qwen32B-int4_telecom_50runs,baseline,bge-m3,d1ed0f38-fcff-4935-a1c6-14f6bd93baab,61,102,user,,,,,,,0,1
qwen32B-int4_telecom_50runs,baseline,bge-m3,d1ed0f38-fcff-4935-a1c6-14f6bd93baab,62,102,agent,0.8414337635040283,0.3076923076923077,0.0,0.36432451009750366,-0.08539511561393737,,0,1
qwen32B-int4_telecom_50runs,baseline,bge-m3,d1ed0f38-fcff-4935-a1c6-14f6bd93baab,63,102,user,,,,,,0.4783242344856262,0,1
qwen32B-int4_telecom_50runs,baseline,bge-m3,d1ed0f38-fcff-4935-a1c6-14f6bd93baab,64,102,tool,,,,,,,0,1
qwen32B-int4_telecom_50runs,baseline,bge-m3,d1ed0f38-fcff-4935-a1c6-14f6bd93baab,65,102,user,,,,,,,0,1
qwen32B-int4_telecom_50runs,baseline,bge-m3,d1ed0f38-fcff-4935-a1c6-14f6bd93baab,66,102,agent,0.8055061101913452,0.46938775510204084,0.0,0.36594629287719727,-0.1320857688784599,,0,1
qwen32B-int4_telecom_50runs,baseline,bge-m3,d1ed0f38-fcff-4935-a1c6-14f6bd93baab,67,102,user,,,,,,0.42388230562210083,0,1
qwen32B-int4_telecom_50runs,baseline,bge-m3,d1ed0f38-fcff-4935-a1c6-14f6bd93baab,68,102,tool,,,,,,,0,1
qwen32B-int4_telecom_50runs,baseline,bge-m3,d1ed0f38-fcff-4935-a1c6-14f6bd93baab,69,102,user,,,,,,,0,1
qwen32B-int4_telecom_50runs,baseline,bge-m3,d1ed0f38-fcff-4935-a1c6-14f6bd93baab,70,102,agent,0.5806807279586792,0.17857142857142858,0.0,0.3296358585357666,-0.13087868541479108,,0,1
qwen32B-int4_telecom_50runs,baseline,bge-m3,d1ed0f38-fcff-4935-a1c6-14f6bd93baab,71,102,user,,,,,,0.40336936712265015,0,1
qwen32B-int4_telecom_50runs,baseline,bge-m3,d1ed0f38-fcff-4935-a1c6-14f6bd93baab,72,102,tool,,,,,,,0,1
qwen32B-int4_telecom_50runs,baseline,bge-m3,d1ed0f38-fcff-4935-a1c6-14f6bd93baab,73,102,user,,,,,,,0,1
qwen32B-int4_telecom_50runs,baseline,bge-m3,d1ed0f38-fcff-4935-a1c6-14f6bd93baab,74,102,agent,0.7370448112487793,0.25925925925925924,0.0,0.4379391670227051,-0.059677134454250325,,0,1
qwen32B-int4_telecom_50runs,baseline,bge-m3,d1ed0f38-fcff-4935-a1c6-14f6bd93baab,75,102,user,,,,,,0.4415174722671509,0,1
qwen32B-int4_telecom_50runs,baseline,bge-m3,d1ed0f38-fcff-4935-a1c6-14f6bd93baab,76,102,tool,,,,,,,0,1
qwen32B-int4_telecom_50runs,baseline,bge-m3,d1ed0f38-fcff-4935-a1c6-14f6bd93baab,77,102,user,,,,,,,0,1
qwen32B-int4_telecom_50runs,baseline,bge-m3,d1ed0f38-fcff-4935-a1c6-14f6bd93baab,78,102,agent,0.720782995223999,0.13333333333333333,0.0,0.3746225833892822,-0.08615978658199308,,0,1
qwen32B-int4_telecom_50runs,baseline,bge-m3,d1ed0f38-fcff-4935-a1c6-14f6bd93baab,79,102,user,,,,,,0.4233691692352295,0,1
qwen32B-int4_telecom_50runs,baseline,bge-m3,d1ed0f38-fcff-4935-a1c6-14f6bd93baab,80,102,tool,,,,,,,0,1
qwen32B-int4_telecom_50runs,baseline,bge-m3,d1ed0f38-fcff-4935-a1c6-14f6bd93baab,81,102,user,,,,,,,0,1
qwen32B-int4_telecom_50runs,baseline,bge-m3,d1ed0f38-fcff-4935-a1c6-14f6bd93baab,82,102,agent,0.6619443297386169,0.19230769230769232,0.0,,,,0,1
qwen32B-int4_telecom_50runs,baseline,bge-m3,d1ed0f38-fcff-4935-a1c6-14f6bd93baab,83,102,user,,,,,,0.15580356121063232,0,1
qwen32B-int4_telecom_50runs,baseline,bge-m3,d1ed0f38-fcff-4935-a1c6-14f6bd93baab,84,102,agent,0.9460323452949524,0.6309523809523809,0.0,,,,0,1
qwen32B-int4_telecom_50runs,baseline,bge-m3,d1ed0f38-fcff-4935-a1c6-14f6bd93baab,85,102,user,,,,,,0.17647135257720947,0,1
qwen32B-int4_telecom_50runs,baseline,bge-m3,d1ed0f38-fcff-4935-a1c6-14f6bd93baab,86,102,agent,0.8391343355178833,0.1797752808988764,0.0,0.37704551219940186,-0.03524700850248336,,0,1
qwen32B-int4_telecom_50runs,baseline,bge-m3,d1ed0f38-fcff-4935-a1c6-14f6bd93baab,87,102,user,,,,,,0.49158358573913574,0,1
qwen32B-int4_telecom_50runs,baseline,bge-m3,d1ed0f38-fcff-4935-a1c6-14f6bd93baab,88,102,tool,,,,,,,0,1
qwen32B-int4_telecom_50runs,baseline,bge-m3,d1ed0f38-fcff-4935-a1c6-14f6bd93baab,89,102,user,,,,,,,0,1
qwen32B-int4_telecom_50runs,baseline,bge-m3,d1ed0f38-fcff-4935-a1c6-14f6bd93baab,90,102,agent,0.8833742141723633,0.24468085106382978,0.0,0.33455872535705566,-0.13462044447660448,,0,1
qwen32B-int4_telecom_50runs,baseline,bge-m3,d1ed0f38-fcff-4935-a1c6-14f6bd93baab,91,102,user,,,,,,0.5559569895267487,0,1
qwen32B-int4_telecom_50runs,baseline,bge-m3,d1ed0f38-fcff-4935-a1c6-14f6bd93baab,92,102,tool,,,,,,,0,1
qwen32B-int4_telecom_50runs,baseline,bge-m3,d1ed0f38-fcff-4935-a1c6-14f6bd93baab,93,102,user,,,,,,,0,1
qwen32B-int4_telecom_50runs,baseline,bge-m3,d1ed0f38-fcff-4935-a1c6-14f6bd93baab,94,102,agent,0.7477800250053406,0.1968503937007874,0.0,,,,0,1
qwen32B-int4_telecom_50runs,baseline,bge-m3,d1ed0f38-fcff-4935-a1c6-14f6bd93baab,95,102,user,,,,,,0.30357497930526733,0,1
qwen32B-int4_telecom_50runs,baseline,bge-m3,d1ed0f38-fcff-4935-a1c6-14f6bd93baab,96,102,agent,0.8972697854042053,0.3308270676691729,0.0,,,,0,1
qwen32B-int4_telecom_50runs,baseline,bge-m3,d1ed0f38-fcff-4935-a1c6-14f6bd93baab,97,102,user,,,,,,0.20020359754562378,0,1
qwen32B-int4_telecom_50runs,baseline,bge-m3,d1ed0f38-fcff-4935-a1c6-14f6bd93baab,98,102,agent,0.9339426159858704,0.2962962962962963,0.0,,,,0,1
qwen32B-int4_telecom_50runs,baseline,bge-m3,d1ed0f38-fcff-4935-a1c6-14f6bd93baab,99,102,user,,,,,,0.40392518043518066,0,1
qwen32B-int4_telecom_50runs,baseline,bge-m3,d1ed0f38-fcff-4935-a1c6-14f6bd93baab,100,102,agent,0.6856001615524292,0.2987012987012987,0.0,,,,0,1
qwen32B-int4_telecom_50runs,baseline,bge-m3,d1ed0f38-fcff-4935-a1c6-14f6bd93baab,101,102,user,,,,,,0.5533055663108826,0,1
qwen32B-int4_telecom_50runs,baseline,bge-m3,7e811871-d44f-4c42-9522-b3a428889e76,0,30,agent,,,,,,,0,1
qwen32B-int4_telecom_50runs,baseline,bge-m3,7e811871-d44f-4c42-9522-b3a428889e76,1,30,user,,,,,,0.40217792987823486,0,1
qwen32B-int4_telecom_50runs,baseline,bge-m3,7e811871-d44f-4c42-9522-b3a428889e76,2,30,agent,0.5338687896728516,0.0784313725490196,0.0,0.37480759620666504,-0.03816989660263059,,0,1
qwen32B-int4_telecom_50runs,baseline,bge-m3,7e811871-d44f-4c42-9522-b3a428889e76,3,30,user,,,,,,0.4381253719329834,0,1
qwen32B-int4_telecom_50runs,baseline,bge-m3,7e811871-d44f-4c42-9522-b3a428889e76,4,30,tool,,,,,,,0,1
qwen32B-int4_telecom_50runs,baseline,bge-m3,7e811871-d44f-4c42-9522-b3a428889e76,5,30,user,,,,,,,0,1
qwen32B-int4_telecom_50runs,baseline,bge-m3,7e811871-d44f-4c42-9522-b3a428889e76,6,30,agent,0.7356798052787781,0.1566265060240964,0.0,0.274486243724823,-0.18922266364097595,,0,1
qwen32B-int4_telecom_50runs,baseline,bge-m3,7e811871-d44f-4c42-9522-b3a428889e76,7,30,user,,,,,,0.44748663902282715,0,1
qwen32B-int4_telecom_50runs,baseline,bge-m3,7e811871-d44f-4c42-9522-b3a428889e76,8,30,tool,,,,,,,0,1
qwen32B-int4_telecom_50runs,baseline,bge-m3,7e811871-d44f-4c42-9522-b3a428889e76,9,30,user,,,,,,,0,1
qwen32B-int4_telecom_50runs,baseline,bge-m3,7e811871-d44f-4c42-9522-b3a428889e76,10,30,agent,0.6583988070487976,0.15789473684210525,0.0,0.2885262370109558,-0.1744134843349457,,0,1
qwen32B-int4_telecom_50runs,baseline,bge-m3,7e811871-d44f-4c42-9522-b3a428889e76,11,30,user,,,,,,0.43918293714523315,0,1
qwen32B-int4_telecom_50runs,baseline,bge-m3,7e811871-d44f-4c42-9522-b3a428889e76,12,30,tool,,,,,,,0,1
qwen32B-int4_telecom_50runs,baseline,bge-m3,7e811871-d44f-4c42-9522-b3a428889e76,13,30,user,,,,,,,0,1
qwen32B-int4_telecom_50runs,baseline,bge-m3,7e811871-d44f-4c42-9522-b3a428889e76,14,30,tool,,,,,,,0,1
qwen32B-int4_telecom_50runs,baseline,bge-m3,7e811871-d44f-4c42-9522-b3a428889e76,15,30,user,,,,,,,0,1
qwen32B-int4_telecom_50runs,baseline,bge-m3,7e811871-d44f-4c42-9522-b3a428889e76,16,30,agent,,,,0.3051189184188843,-0.13589375615119936,,0,1
qwen32B-int4_telecom_50runs,baseline,bge-m3,7e811871-d44f-4c42-9522-b3a428889e76,17,30,user,,,,,,0.5671183466911316,0,1
qwen32B-int4_telecom_50runs,baseline,bge-m3,7e811871-d44f-4c42-9522-b3a428889e76,18,30,tool,,,,,,,0,1
qwen32B-int4_telecom_50runs,baseline,bge-m3,7e811871-d44f-4c42-9522-b3a428889e76,19,30,user,,,,,,,0,1
qwen32B-int4_telecom_50runs,baseline,bge-m3,7e811871-d44f-4c42-9522-b3a428889e76,20,30,tool,,,,,,,0,1
qwen32B-int4_telecom_50runs,baseline,bge-m3,7e811871-d44f-4c42-9522-b3a428889e76,21,30,user,,,,,,,0,1
qwen32B-int4_telecom_50runs,baseline,bge-m3,7e811871-d44f-4c42-9522-b3a428889e76,22,30,agent,,,,0.3370029926300049,-0.10243531465530398,,0,1
qwen32B-int4_telecom_50runs,baseline,bge-m3,7e811871-d44f-4c42-9522-b3a428889e76,23,30,user,,,,,,0.37187767028808594,0,1
qwen32B-int4_telecom_50runs,baseline,bge-m3,7e811871-d44f-4c42-9522-b3a428889e76,24,30,tool,,,,,,,0,1
qwen32B-int4_telecom_50runs,baseline,bge-m3,7e811871-d44f-4c42-9522-b3a428889e76,25,30,user,,,,,,,0,1
qwen32B-int4_telecom_50runs,baseline,bge-m3,7e811871-d44f-4c42-9522-b3a428889e76,26,30,agent,0.7211781740188599,0.10975609756097561,0.0,0.5283704400062561,0.17464131116867065,,0,1
qwen32B-int4_telecom_50runs,baseline,bge-m3,7e811871-d44f-4c42-9522-b3a428889e76,27,30,tool,,,,,,,0,1
qwen32B-int4_telecom_50runs,baseline,bge-m3,7e811871-d44f-4c42-9522-b3a428889e76,28,30,agent,0.5843391418457031,0.0,0.0,,,,0,1
qwen32B-int4_telecom_50runs,baseline,bge-m3,7e811871-d44f-4c42-9522-b3a428889e76,29,30,user,,,,,,0.36564916372299194,0,1
qwen32B-int4_telecom_50runs,baseline,bge-m3,e2375b19-abad-4092-b340-e58797a1b83e,0,60,agent,,,,,,,0,0
qwen32B-int4_telecom_50runs,baseline,bge-m3,e2375b19-abad-4092-b340-e58797a1b83e,1,60,user,,,,,,0.4073111414909363,0,0
qwen32B-int4_telecom_50runs,baseline,bge-m3,e2375b19-abad-4092-b340-e58797a1b83e,2,60,agent,0.5338687300682068,0.0784313725490196,0.0,0.40082240104675293,-0.030921557119914456,,0,0
qwen32B-int4_telecom_50runs,baseline,bge-m3,e2375b19-abad-4092-b340-e58797a1b83e,3,60,user,,,,,,0.4465031027793884,0,0
qwen32B-int4_telecom_50runs,baseline,bge-m3,e2375b19-abad-4092-b340-e58797a1b83e,4,60,tool,,,,,,,0,0
qwen32B-int4_telecom_50runs,baseline,bge-m3,e2375b19-abad-4092-b340-e58797a1b83e,5,60,user,,,,,,,0,0
qwen32B-int4_telecom_50runs,baseline,bge-m3,e2375b19-abad-4092-b340-e58797a1b83e,6,60,agent,0.8247076272964478,0.2,0.0,0.3662416338920593,-0.09406805464199613,,0,0
qwen32B-int4_telecom_50runs,baseline,bge-m3,e2375b19-abad-4092-b340-e58797a1b83e,7,60,user,,,,,,0.4077296257019043,0,0
qwen32B-int4_telecom_50runs,baseline,bge-m3,e2375b19-abad-4092-b340-e58797a1b83e,8,60,tool,,,,,,,0,0
qwen32B-int4_telecom_50runs,baseline,bge-m3,e2375b19-abad-4092-b340-e58797a1b83e,9,60,user,,,,,,,0,0
qwen32B-int4_telecom_50runs,baseline,bge-m3,e2375b19-abad-4092-b340-e58797a1b83e,10,60,agent,0.8866196274757385,0.2361111111111111,0.0,0.3497055768966675,-0.14667644671031405,,0,0
qwen32B-int4_telecom_50runs,baseline,bge-m3,e2375b19-abad-4092-b340-e58797a1b83e,11,60,user,,,,,,0.4043766260147095,0,0
qwen32B-int4_telecom_50runs,baseline,bge-m3,e2375b19-abad-4092-b340-e58797a1b83e,12,60,tool,,,,,,,0,0
qwen32B-int4_telecom_50runs,baseline,bge-m3,e2375b19-abad-4092-b340-e58797a1b83e,13,60,user,,,,,,,0,0
qwen32B-int4_telecom_50runs,baseline,bge-m3,e2375b19-abad-4092-b340-e58797a1b83e,14,60,agent,0.764587938785553,0.22580645161290322,0.0,0.3071399927139282,-0.1435560371194567,,0,0
qwen32B-int4_telecom_50runs,baseline,bge-m3,e2375b19-abad-4092-b340-e58797a1b83e,15,60,user,,,,,,0.3849201202392578,0,0
qwen32B-int4_telecom_50runs,baseline,bge-m3,e2375b19-abad-4092-b340-e58797a1b83e,16,60,tool,,,,,,,0,0
qwen32B-int4_telecom_50runs,baseline,bge-m3,e2375b19-abad-4092-b340-e58797a1b83e,17,60,user,,,,,,,0,0
qwen32B-int4_telecom_50runs,baseline,bge-m3,e2375b19-abad-4092-b340-e58797a1b83e,18,60,agent,0.7702599763870239,0.26229508196721313,0.0,0.3702331781387329,-0.07989530265331268,,0,0
qwen32B-int4_telecom_50runs,baseline,bge-m3,e2375b19-abad-4092-b340-e58797a1b83e,19,60,user,,,,,,0.43510937690734863,0,0
qwen32B-int4_telecom_50runs,baseline,bge-m3,e2375b19-abad-4092-b340-e58797a1b83e,20,60,tool,,,,,,,0,0
qwen32B-int4_telecom_50runs,baseline,bge-m3,e2375b19-abad-4092-b340-e58797a1b83e,21,60,user,,,,,,,0,0
qwen32B-int4_telecom_50runs,baseline,bge-m3,e2375b19-abad-4092-b340-e58797a1b83e,22,60,agent,0.8441940546035767,0.25,0.0,0.33312034606933594,-0.15152283864361898,,0,0
qwen32B-int4_telecom_50runs,baseline,bge-m3,e2375b19-abad-4092-b340-e58797a1b83e,23,60,user,,,,,,0.42578136920928955,0,0
qwen32B-int4_telecom_50runs,baseline,bge-m3,e2375b19-abad-4092-b340-e58797a1b83e,24,60,tool,,,,,,,0,0
qwen32B-int4_telecom_50runs,baseline,bge-m3,e2375b19-abad-4092-b340-e58797a1b83e,25,60,user,,,,,,,0,0
qwen32B-int4_telecom_50runs,baseline,bge-m3,e2375b19-abad-4092-b340-e58797a1b83e,26,60,agent,0.7764427661895752,0.35714285714285715,0.0,0.330696165561676,-0.13437527843884062,,0,0
qwen32B-int4_telecom_50runs,baseline,bge-m3,e2375b19-abad-4092-b340-e58797a1b83e,27,60,user,,,,,,0.3863835334777832,0,0
qwen32B-int4_telecom_50runs,baseline,bge-m3,e2375b19-abad-4092-b340-e58797a1b83e,28,60,tool,,,,,,,0,0
qwen32B-int4_telecom_50runs,baseline,bge-m3,e2375b19-abad-4092-b340-e58797a1b83e,29,60,user,,,,,,,0,0
qwen32B-int4_telecom_50runs,baseline,bge-m3,e2375b19-abad-4092-b340-e58797a1b83e,30,60,agent,0.7644457817077637,0.11940298507462686,0.0,,,,0,0
qwen32B-int4_telecom_50runs,baseline,bge-m3,e2375b19-abad-4092-b340-e58797a1b83e,31,60,user,,,,,,0.494401216506958,0,0
qwen32B-int4_telecom_50runs,baseline,bge-m3,e2375b19-abad-4092-b340-e58797a1b83e,32,60,agent,0.5209361910820007,0.015625,0.0,0.41972339153289795,-0.10888555858816418,,0,0
qwen32B-int4_telecom_50runs,baseline,bge-m3,e2375b19-abad-4092-b340-e58797a1b83e,33,60,tool,,,,,,,0,0
qwen32B-int4_telecom_50runs,baseline,bge-m3,e2375b19-abad-4092-b340-e58797a1b83e,34,60,agent,0.6817147731781006,0.34177215189873417,0.0,,,,0,0
qwen32B-int4_telecom_50runs,baseline,bge-m3,e2375b19-abad-4092-b340-e58797a1b83e,35,60,user,,,,,,0.2840501666069031,0,0
qwen32B-int4_telecom_50runs,baseline,bge-m3,e2375b19-abad-4092-b340-e58797a1b83e,36,60,agent,0.8640536069869995,0.35135135135135137,0.0,0.3194965720176697,-0.193692854472569,,0,0
qwen32B-int4_telecom_50runs,baseline,bge-m3,e2375b19-abad-4092-b340-e58797a1b83e,37,60,tool,,,,,,,0,0
qwen32B-int4_telecom_50runs,baseline,bge-m3,e2375b19-abad-4092-b340-e58797a1b83e,38,60,agent,0.868065595626831,0.509090909090909,0.0,0.32813048362731934,-0.19659818283149177,,0,0
qwen32B-int4_telecom_50runs,baseline,bge-m3,e2375b19-abad-4092-b340-e58797a1b83e,39,60,tool,,,,,,,0,0
qwen32B-int4_telecom_50runs,baseline,bge-m3,e2375b19-abad-4092-b340-e58797a1b83e,40,60,agent,0.8174562454223633,0.45161290322580644,0.0,0.3706241250038147,-0.0944104790687561,,0,0
qwen32B-int4_telecom_50runs,baseline,bge-m3,e2375b19-abad-4092-b340-e58797a1b83e,41,60,tool,,,,,,,0,0
qwen32B-int4_telecom_50runs,baseline,bge-m3,e2375b19-abad-4092-b340-e58797a1b83e,42,60,agent,0.8924695253372192,0.2839506172839506,0.0,,,,0,0
qwen32B-int4_telecom_50runs,baseline,bge-m3,e2375b19-abad-4092-b340-e58797a1b83e,43,60,user,,,,,,0.29095035791397095,0,0
qwen32B-int4_telecom_50runs,baseline,bge-m3,e2375b19-abad-4092-b340-e58797a1b83e,44,60,agent,0.7393579483032227,0.2676056338028169,0.0,0.29953432083129883,-0.2605028578213283,,0,0
qwen32B-int4_telecom_50runs,baseline,bge-m3,e2375b19-abad-4092-b340-e58797a1b83e,45,60,tool,,,,,,,0,0
qwen32B-int4_telecom_50runs,baseline,bge-m3,e2375b19-abad-4092-b340-e58797a1b83e,46,60,agent,0.8772380352020264,0.3333333333333333,0.0,0.3640648126602173,-0.15060842037200928,,0,0
qwen32B-int4_telecom_50runs,baseline,bge-m3,e2375b19-abad-4092-b340-e58797a1b83e,47,60,user,,,,,,0.42604291439056396,0,0
qwen32B-int4_telecom_50runs,baseline,bge-m3,e2375b19-abad-4092-b340-e58797a1b83e,48,60,tool,,,,,,,0,0
qwen32B-int4_telecom_50runs,baseline,bge-m3,e2375b19-abad-4092-b340-e58797a1b83e,49,60,user,,,,,,,0,0
qwen32B-int4_telecom_50runs,baseline,bge-m3,e2375b19-abad-4092-b340-e58797a1b83e,50,60,tool,,,,,,,0,0
qwen32B-int4_telecom_50runs,baseline,bge-m3,e2375b19-abad-4092-b340-e58797a1b83e,51,60,user,,,,,,,0,0
qwen32B-int4_telecom_50runs,baseline,bge-m3,e2375b19-abad-4092-b340-e58797a1b83e,52,60,agent,,,,0.347501277923584,-0.16262740961142952,,0,0
qwen32B-int4_telecom_50runs,baseline,bge-m3,e2375b19-abad-4092-b340-e58797a1b83e,53,60,tool,,,,,,,0,0
qwen32B-int4_telecom_50runs,baseline,bge-m3,e2375b19-abad-4092-b340-e58797a1b83e,54,60,agent,0.7531765103340149,0.2727272727272727,0.0,0.3743875026702881,-0.08879262208938599,,0,0
qwen32B-int4_telecom_50runs,baseline,bge-m3,e2375b19-abad-4092-b340-e58797a1b83e,55,60,user,,,,,,0.41989725828170776,0,0
qwen32B-int4_telecom_50runs,baseline,bge-m3,e2375b19-abad-4092-b340-e58797a1b83e,56,60,tool,,,,,,,0,0
qwen32B-int4_telecom_50runs,baseline,bge-m3,e2375b19-abad-4092-b340-e58797a1b83e,57,60,user,,,,,,,0,0
qwen32B-int4_telecom_50runs,baseline,bge-m3,e2375b19-abad-4092-b340-e58797a1b83e,58,60,agent,0.6622019410133362,0.18181818181818182,0.0,,,,0,0
qwen32B-int4_telecom_50runs,baseline,bge-m3,e2375b19-abad-4092-b340-e58797a1b83e,59,60,user,,,,,,0.5181150734424591,0,0
qwen32B-int4_telecom_50runs,baseline,bge-m3,6bd1bd58-e12b-4163-a5f1-9ac1c0d9a03d,0,40,agent,,,,,,,0,1
qwen32B-int4_telecom_50runs,baseline,bge-m3,6bd1bd58-e12b-4163-a5f1-9ac1c0d9a03d,1,40,user,,,,,,0.40217775106430054,0,1
qwen32B-int4_telecom_50runs,baseline,bge-m3,6bd1bd58-e12b-4163-a5f1-9ac1c0d9a03d,2,40,agent,0.5338687300682068,0.0784313725490196,0.0,0.37480753660202026,0.038721248507499695,,0,1
qwen32B-int4_telecom_50runs,baseline,bge-m3,6bd1bd58-e12b-4163-a5f1-9ac1c0d9a03d,3,40,user,,,,,,0.4353746175765991,0,1
qwen32B-int4_telecom_50runs,baseline,bge-m3,6bd1bd58-e12b-4163-a5f1-9ac1c0d9a03d,4,40,tool,,,,,,,0,1
qwen32B-int4_telecom_50runs,baseline,bge-m3,6bd1bd58-e12b-4163-a5f1-9ac1c0d9a03d,5,40,user,,,,,,,0,1
qwen32B-int4_telecom_50runs,baseline,bge-m3,6bd1bd58-e12b-4163-a5f1-9ac1c0d9a03d,6,40,agent,0.7356799244880676,0.1566265060240964,0.0,0.2744863033294678,-0.07889749854803085,,0,1
qwen32B-int4_telecom_50runs,baseline,bge-m3,6bd1bd58-e12b-4163-a5f1-9ac1c0d9a03d,7,40,user,,,,,,0.45417654514312744,0,1
qwen32B-int4_telecom_50runs,baseline,bge-m3,6bd1bd58-e12b-4163-a5f1-9ac1c0d9a03d,8,40,tool,,,,,,,0,1
qwen32B-int4_telecom_50runs,baseline,bge-m3,6bd1bd58-e12b-4163-a5f1-9ac1c0d9a03d,9,40,user,,,,,,,0,1
qwen32B-int4_telecom_50runs,baseline,bge-m3,6bd1bd58-e12b-4163-a5f1-9ac1c0d9a03d,10,40,agent,0.6583987474441528,0.15789473684210525,0.0,0.3693286180496216,-0.024107858538627625,,0,1
qwen32B-int4_telecom_50runs,baseline,bge-m3,6bd1bd58-e12b-4163-a5f1-9ac1c0d9a03d,11,40,user,,,,,,0.4539088010787964,0,1
qwen32B-int4_telecom_50runs,baseline,bge-m3,6bd1bd58-e12b-4163-a5f1-9ac1c0d9a03d,12,40,tool,,,,,,,0,1
qwen32B-int4_telecom_50runs,baseline,bge-m3,6bd1bd58-e12b-4163-a5f1-9ac1c0d9a03d,13,40,user,,,,,,,0,1
qwen32B-int4_telecom_50runs,baseline,bge-m3,6bd1bd58-e12b-4163-a5f1-9ac1c0d9a03d,14,40,tool,,,,,,,0,1
qwen32B-int4_telecom_50runs,baseline,bge-m3,6bd1bd58-e12b-4163-a5f1-9ac1c0d9a03d,15,40,user,,,,,,,0,1
qwen32B-int4_telecom_50runs,baseline,bge-m3,6bd1bd58-e12b-4163-a5f1-9ac1c0d9a03d,16,40,agent,,,,,,,0,1
qwen32B-int4_telecom_50runs,baseline,bge-m3,6bd1bd58-e12b-4163-a5f1-9ac1c0d9a03d,17,40,user,,,,,,0.2360386848449707,0,1
qwen32B-int4_telecom_50runs,baseline,bge-m3,6bd1bd58-e12b-4163-a5f1-9ac1c0d9a03d,18,40,agent,0.8562617301940918,0.1794871794871795,0.0,,,,0,1
qwen32B-int4_telecom_50runs,baseline,bge-m3,6bd1bd58-e12b-4163-a5f1-9ac1c0d9a03d,19,40,user,,,,,,0.22302603721618652,0,1
qwen32B-int4_telecom_50runs,baseline,bge-m3,6bd1bd58-e12b-4163-a5f1-9ac1c0d9a03d,20,40,agent,0.7727787494659424,0.19101123595505617,0.0,0.29826807975769043,-0.09866698086261749,,0,1
qwen32B-int4_telecom_50runs,baseline,bge-m3,6bd1bd58-e12b-4163-a5f1-9ac1c0d9a03d,21,40,user,,,,,,0.37219172716140747,0,1
qwen32B-int4_telecom_50runs,baseline,bge-m3,6bd1bd58-e12b-4163-a5f1-9ac1c0d9a03d,22,40,tool,,,,,,,0,1
qwen32B-int4_telecom_50runs,baseline,bge-m3,6bd1bd58-e12b-4163-a5f1-9ac1c0d9a03d,23,40,user,,,,,,,0,1
qwen32B-int4_telecom_50runs,baseline,bge-m3,6bd1bd58-e12b-4163-a5f1-9ac1c0d9a03d,24,40,tool,,,,,,,0,1
qwen32B-int4_telecom_50runs,baseline,bge-m3,6bd1bd58-e12b-4163-a5f1-9ac1c0d9a03d,25,40,user,,,,,,,0,1
qwen32B-int4_telecom_50runs,baseline,bge-m3,6bd1bd58-e12b-4163-a5f1-9ac1c0d9a03d,26,40,agent,,,,,,,0,1
qwen32B-int4_telecom_50runs,baseline,bge-m3,6bd1bd58-e12b-4163-a5f1-9ac1c0d9a03d,27,40,user,,,,,,0.17280566692352295,0,1
qwen32B-int4_telecom_50runs,baseline,bge-m3,6bd1bd58-e12b-4163-a5f1-9ac1c0d9a03d,28,40,agent,0.9014835357666016,0.32673267326732675,0.0,,,,0,1
qwen32B-int4_telecom_50runs,baseline,bge-m3,6bd1bd58-e12b-4163-a5f1-9ac1c0d9a03d,29,40,user,,,,,,0.20881259441375732,0,1
qwen32B-int4_telecom_50runs,baseline,bge-m3,6bd1bd58-e12b-4163-a5f1-9ac1c0d9a03d,30,40,agent,0.9447567462921143,0.5,0.0,,,,0,1
qwen32B-int4_telecom_50runs,baseline,bge-m3,6bd1bd58-e12b-4163-a5f1-9ac1c0d9a03d,31,40,user,,,,,,0.19323015213012695,0,1
qwen32B-int4_telecom_50runs,baseline,bge-m3,6bd1bd58-e12b-4163-a5f1-9ac1c0d9a03d,32,40,agent,0.7756701111793518,0.20833333333333334,0.0,0.3166343569755554,-0.07603804767131805,,0,1
qwen32B-int4_telecom_50runs,baseline,bge-m3,6bd1bd58-e12b-4163-a5f1-9ac1c0d9a03d,33,40,user,,,,,,0.4295980930328369,0,1
qwen32B-int4_telecom_50runs,baseline,bge-m3,6bd1bd58-e12b-4163-a5f1-9ac1c0d9a03d,34,40,tool,,,,,,,0,1
qwen32B-int4_telecom_50runs,baseline,bge-m3,6bd1bd58-e12b-4163-a5f1-9ac1c0d9a03d,35,40,user,,,,,,,0,1
qwen32B-int4_telecom_50runs,baseline,bge-m3,6bd1bd58-e12b-4163-a5f1-9ac1c0d9a03d,36,40,tool,,,,,,,0,1
qwen32B-int4_telecom_50runs,baseline,bge-m3,6bd1bd58-e12b-4163-a5f1-9ac1c0d9a03d,37,40,user,,,,,,,0,1
qwen32B-int4_telecom_50runs,baseline,bge-m3,6bd1bd58-e12b-4163-a5f1-9ac1c0d9a03d,38,40,agent,,,,,,,0,1
qwen32B-int4_telecom_50runs,baseline,bge-m3,6bd1bd58-e12b-4163-a5f1-9ac1c0d9a03d,39,40,user,,,,,,0.568409651517868,0,1
