cell,variant,embedder,traj_id,step_idx,n_steps,actor,d_a_sem,d_a_lex,d_a_gated,d_oA,d_oA_calibrated,d_oU,user_is_tool_turn,label_fail
qwen32B-int4_telecom_50runs,verbalized,bge-m3,3754b5ae-add7-441c-af2a-ad5ba926920c,0,17,agent,,,,,,,0,0
qwen32B-int4_telecom_50runs,verbalized,bge-m3,3754b5ae-add7-441c-af2a-ad5ba926920c,1,17,user,,,,,,0.4389774799346924,0,0
qwen32B-int4_telecom_50runs,verbalized,bge-m3,3754b5ae-add7-441c-af2a-ad5ba926920c,2,17,agent,0.5266148447990417,0.06153846153846154,0.0,0.40792709589004517,0.0554279088973999,,0,0
qwen32B-int4_telecom_50runs,verbalized,bge-m3,3754b5ae-add7-441c-af2a-ad5ba926920c,3,17,user,,,,,,0.37270963191986084,0,0
qwen32B-int4_telecom_50runs,verbalized,bge-m3,3754b5ae-add7-441c-af2a-ad5ba926920c,4,17,tool,,,,,,,0,0
qwen32B-int4_telecom_50runs,verbalized,bge-m3,3754b5ae-add7-441c-af2a-ad5ba926920c,5,17,tool,,,,,,,0,0
qwen32B-int4_telecom_50runs,verbalized,bge-m3,3754b5ae-add7-441c-af2a-ad5ba926920c,6,17,tool,,,,,,,0,0
qwen32B-int4_telecom_50runs,verbalized,bge-m3,3754b5ae-add7-441c-af2a-ad5ba926920c,7,17,user,,,,,,,0,0
qwen32B-int4_telecom_50runs,verbalized,bge-m3,3754b5ae-add7-441c-af2a-ad5ba926920c,8,17,agent,,,,0.4679793119430542,0.03497135639190674,,0,0
qwen32B-int4_telecom_50runs,verbalized,bge-m3,3754b5ae-add7-441c-af2a-ad5ba926920c,9,17,user,,,,,,0.3173927664756775,0,0
qwen32B-int4_telecom_50runs,verbalized,bge-m3,3754b5ae-add7-441c-af2a-ad5ba926920c,10,17,tool,,,,,,,0,0
qwen32B-int4_telecom_50runs,verbalized,bge-m3,3754b5ae-add7-441c-af2a-ad5ba926920c,11,17,tool,,,,,,,0,0
qwen32B-int4_telecom_50runs,verbalized,bge-m3,3754b5ae-add7-441c-af2a-ad5ba926920c,12,17,tool,,,,,,,0,0
qwen32B-int4_telecom_50runs,verbalized,bge-m3,3754b5ae-add7-441c-af2a-ad5ba926920c,13,17,tool,,,,,,,0,0
qwen32B-int4_telecom_50runs,verbalized,bge-m3,3754b5ae-add7-441c-af2a-ad5ba926920c,14,17,user,,,,,,,0,0
qwen32B-int4_telecom_50runs,verbalized,bge-m3,3754b5ae-add7-441c-af2a-ad5ba926920c,15,17,agent,,,,,,,0,0
qwen32B-int4_telecom_50runs,verbalized,bge-m3,3754b5ae-add7-441c-af2a-ad5ba926920c,16,17,user,,,,,,0.5651473999023438,0,0
qwen32B-int4_telecom_50runs,verbalized,bge-m3,e75caaf1-f9ee-4f27-81d6-9c73a4adec3d,0,26,agent,,,,,,,0,0
qwen32B-int4_telecom_50runs,verbalized,bge-m3,e75caaf1-f9ee-4f27-81d6-9c73a4adec3d,1,26,user,,,,,,0.46183037757873535,0,0
qwen32B-int4_telecom_50runs,verbalized,bge-m3,e75caaf1-f9ee-4f27-81d6-9c73a4adec3d,2,26,agent,0.4827752113342285,0.0,0.0,0.34353935718536377,-0.18762500882148747,,0,0
qwen32B-int4_telecom_50runs,verbalized,bge-m3,e75caaf1-f9ee-4f27-81d6-9c73a4adec3d,3,26,tool,,,,,,,0,0
qwen32B-int4_telecom_50runs,verbalized,bge-m3,e75caaf1-f9ee-4f27-81d6-9c73a4adec3d,4,26,agent,0.5560819506645203,0.09375,0.0,,,,0,0
qwen32B-int4_telecom_50runs,verbalized,bge-m3,e75caaf1-f9ee-4f27-81d6-9c73a4adec3d,5,26,user,,,,,,0.4240296483039856,0,0
qwen32B-int4_telecom_50runs,verbalized,bge-m3,e75caaf1-f9ee-4f27-81d6-9c73a4adec3d,6,26,agent,0.8213000893592834,0.3684210526315789,0.0,0.5615017414093018,0.04525663256645207,,0,0
qwen32B-int4_telecom_50runs,verbalized,bge-m3,e75caaf1-f9ee-4f27-81d6-9c73a4adec3d,7,26,tool,,,,,,,0,0
qwen32B-int4_telecom_50runs,verbalized,bge-m3,e75caaf1-f9ee-4f27-81d6-9c73a4adec3d,8,26,agent,0.6445296406745911,0.2,0.0,,,,0,0
qwen32B-int4_telecom_50runs,verbalized,bge-m3,e75caaf1-f9ee-4f27-81d6-9c73a4adec3d,9,26,user,,,,,,0.46262824535369873,0,0
qwen32B-int4_telecom_50runs,verbalized,bge-m3,e75caaf1-f9ee-4f27-81d6-9c73a4adec3d,10,26,agent,0.7886882424354553,0.3333333333333333,0.0,0.3865346312522888,-0.15153844952583317,,0,0
qwen32B-int4_telecom_50runs,verbalized,bge-m3,e75caaf1-f9ee-4f27-81d6-9c73a4adec3d,11,26,tool,,,,,,,0,0
qwen32B-int4_telecom_50runs,verbalized,bge-m3,e75caaf1-f9ee-4f27-81d6-9c73a4adec3d,12,26,agent,0.5298947095870972,0.21951219512195122,0.0,0.45734912157058716,-0.06954138875007632,,0,0
qwen32B-int4_telecom_50runs,verbalized,bge-m3,e75caaf1-f9ee-4f27-81d6-9c73a4adec3d,13,26,user,,,,,,0.4957160949707031,0,0
qwen32B-int4_telecom_50runs,verbalized,bge-m3,e75caaf1-f9ee-4f27-81d6-9c73a4adec3d,14,26,tool,,,,,,,0,0
qwen32B-int4_telecom_50runs,verbalized,bge-m3,e75caaf1-f9ee-4f27-81d6-9c73a4adec3d,15,26,user,,,,,,,0,0
qwen32B-int4_telecom_50runs,verbalized,bge-m3,e75caaf1-f9ee-4f27-81d6-9c73a4adec3d,16,26,agent,0.6331390738487244,0.2345679012345679,0.0,0.28400421142578125,-0.2719054907560349,,0,0
qwen32B-int4_telecom_50runs,verbalized,bge-m3,e75caaf1-f9ee-4f27-81d6-9c73a4adec3d,17,26,user,,,,,,0.4370273947715759,0,0
qwen32B-int4_telecom_50runs,verbalized,bge-m3,e75caaf1-f9ee-4f27-81d6-9c73a4adec3d,18,26,tool,,,,,,,0,0
qwen32B-int4_telecom_50runs,verbalized,bge-m3,e75caaf1-f9ee-4f27-81d6-9c73a4adec3d,19,26,user,,,,,,,0,0
qwen32B-int4_telecom_50runs,verbalized,bge-m3,e75caaf1-f9ee-4f27-81d6-9c73a4adec3d,20,26,agent,0.5098421573638916,0.22535211267605634,0.0,0.33314257860183716,-0.26444798707962036,,0,0
qwen32B-int4_telecom_50runs,verbalized,bge-m3,e75caaf1-f9ee-4f27-81d6-9c73a4adec3d,21,26,user,,,,,,0.37243545055389404,0,0
qwen32B-int4_telecom_50runs,verbalized,bge-m3,e75caaf1-f9ee-4f27-81d6-9c73a4adec3d,22,26,tool,,,,,,,0,0
qwen32B-int4_telecom_50runs,verbalized,bge-m3,e75caaf1-f9ee-4f27-81d6-9c73a4adec3d,23,26,user,,,,,,,0,0
qwen32B-int4_telecom_50runs,verbalized,bge-m3,e75caaf1-f9ee-4f27-81d6-9c73a4adec3d,24,26,agent,0.7084652781486511,0.11965811965811966,0.0,,,,0,0
qwen32B-int4_telecom_50runs,verbalized,bge-m3,e75caaf1-f9ee-4f27-81d6-9c73a4adec3d,25,26,user,,,,,,0.22892355918884277,0,0
qwen32B-int4_telecom_50runs,verbalized,bge-m3,4207d4e9-ce60-42db-9d99-1332cb36dbc5,0,44,agent,,,,,,,0,0
qwen32B-int4_telecom_50runs,verbalized,bge-m3,4207d4e9-ce60-42db-9d99-1332cb36dbc5,1,44,user,,,,,,0.4389774799346924,0,0
qwen32B-int4_telecom_50runs,verbalized,bge-m3,4207d4e9-ce60-42db-9d99-1332cb36dbc5,2,44,agent,0.5266149044036865,0.06153846153846154,0.0,0.40792691707611084,-0.019496049731969833,,0,0
qwen32B-int4_telecom_50runs,verbalized,bge-m3,4207d4e9-ce60-42db-9d99-1332cb36dbc5,3,44,user,,,,,,0.3766343593597412,0,0
qwen32B-int4_telecom_50runs,verbalized,bge-m3,4207d4e9-ce60-42db-9d99-1332cb36dbc5,4,44,tool,,,,,,,0,0
qwen32B-int4_telecom_50runs,verbalized,bge-m3,4207d4e9-ce60-42db-9d99-1332cb36dbc5,5,44,tool,,,,,,,0,0
qwen32B-int4_telecom_50runs,verbalized,bge-m3,4207d4e9-ce60-42db-9d99-1332cb36dbc5,6,44,tool,,,,,,,0,0
qwen32B-int4_telecom_50runs,verbalized,bge-m3,4207d4e9-ce60-42db-9d99-1332cb36dbc5,7,44,user,,,,,,,0,0
qwen32B-int4_telecom_50runs,verbalized,bge-m3,4207d4e9-ce60-42db-9d99-1332cb36dbc5,8,44,agent,,,,0.33853083848953247,-0.0825473852455616,,0,0
qwen32B-int4_telecom_50runs,verbalized,bge-m3,4207d4e9-ce60-42db-9d99-1332cb36dbc5,9,44,user,,,,,,0.39926064014434814,0,0
qwen32B-int4_telecom_50runs,verbalized,bge-m3,4207d4e9-ce60-42db-9d99-1332cb36dbc5,10,44,tool,,,,,,,0,0
qwen32B-int4_telecom_50runs,verbalized,bge-m3,4207d4e9-ce60-42db-9d99-1332cb36dbc5,11,44,tool,,,,,,,0,0
qwen32B-int4_telecom_50runs,verbalized,bge-m3,4207d4e9-ce60-42db-9d99-1332cb36dbc5,12,44,user,,,,,,,0,0
qwen32B-int4_telecom_50runs,verbalized,bge-m3,4207d4e9-ce60-42db-9d99-1332cb36dbc5,13,44,agent,0.78803551197052,0.18446601941747573,0.0,0.32707756757736206,-0.1572965458035469,,0,0
qwen32B-int4_telecom_50runs,verbalized,bge-m3,4207d4e9-ce60-42db-9d99-1332cb36dbc5,14,44,user,,,,,,0.40765058994293213,0,0
qwen32B-int4_telecom_50runs,verbalized,bge-m3,4207d4e9-ce60-42db-9d99-1332cb36dbc5,15,44,tool,,,,,,,0,0
qwen32B-int4_telecom_50runs,verbalized,bge-m3,4207d4e9-ce60-42db-9d99-1332cb36dbc5,16,44,tool,,,,,,,0,0
qwen32B-int4_telecom_50runs,verbalized,bge-m3,4207d4e9-ce60-42db-9d99-1332cb36dbc5,17,44,user,,,,,,,0,0
qwen32B-int4_telecom_50runs,verbalized,bge-m3,4207d4e9-ce60-42db-9d99-1332cb36dbc5,18,44,agent,0.8664053678512573,0.3055555555555556,0.0,0.39864951372146606,-0.039775550365448,,0,0
qwen32B-int4_telecom_50runs,verbalized,bge-m3,4207d4e9-ce60-42db-9d99-1332cb36dbc5,19,44,user,,,,,,0.3834274411201477,0,0
qwen32B-int4_telecom_50runs,verbalized,bge-m3,4207d4e9-ce60-42db-9d99-1332cb36dbc5,20,44,tool,,,,,,,0,0
qwen32B-int4_telecom_50runs,verbalized,bge-m3,4207d4e9-ce60-42db-9d99-1332cb36dbc5,21,44,tool,,,,,,,0,0
qwen32B-int4_telecom_50runs,verbalized,bge-m3,4207d4e9-ce60-42db-9d99-1332cb36dbc5,22,44,tool,,,,,,,0,0
qwen32B-int4_telecom_50runs,verbalized,bge-m3,4207d4e9-ce60-42db-9d99-1332cb36dbc5,23,44,user,,,,,,,0,0
qwen32B-int4_telecom_50runs,verbalized,bge-m3,4207d4e9-ce60-42db-9d99-1332cb36dbc5,24,44,agent,,,,,,,0,0
qwen32B-int4_telecom_50runs,verbalized,bge-m3,4207d4e9-ce60-42db-9d99-1332cb36dbc5,25,44,user,,,,,,0.3235112428665161,0,0
qwen32B-int4_telecom_50runs,verbalized,bge-m3,4207d4e9-ce60-42db-9d99-1332cb36dbc5,26,44,agent,0.5715256333351135,0.015625,0.0,0.38159799575805664,-0.15426494181156158,,0,0
qwen32B-int4_telecom_50runs,verbalized,bge-m3,4207d4e9-ce60-42db-9d99-1332cb36dbc5,27,44,tool,,,,,,,0,0
qwen32B-int4_telecom_50runs,verbalized,bge-m3,4207d4e9-ce60-42db-9d99-1332cb36dbc5,28,44,agent,0.7346562743186951,0.2926829268292683,0.0,,,,0,0
qwen32B-int4_telecom_50runs,verbalized,bge-m3,4207d4e9-ce60-42db-9d99-1332cb36dbc5,29,44,user,,,,,,0.2847938537597656,0,0
qwen32B-int4_telecom_50runs,verbalized,bge-m3,4207d4e9-ce60-42db-9d99-1332cb36dbc5,30,44,agent,0.7976392507553101,0.4375,0.0,0.4518166780471802,-0.09523353353142738,,0,0
qwen32B-int4_telecom_50runs,verbalized,bge-m3,4207d4e9-ce60-42db-9d99-1332cb36dbc5,31,44,tool,,,,,,,0,0
qwen32B-int4_telecom_50runs,verbalized,bge-m3,4207d4e9-ce60-42db-9d99-1332cb36dbc5,32,44,agent,0.6932637691497803,0.23684210526315788,0.0,0.31241774559020996,-0.22768351808190346,,0,0
qwen32B-int4_telecom_50runs,verbalized,bge-m3,4207d4e9-ce60-42db-9d99-1332cb36dbc5,33,44,tool,,,,,,,0,0
qwen32B-int4_telecom_50runs,verbalized,bge-m3,4207d4e9-ce60-42db-9d99-1332cb36dbc5,34,44,agent,0.7552585005760193,0.25,0.0,,,,0,0
qwen32B-int4_telecom_50runs,verbalized,bge-m3,4207d4e9-ce60-42db-9d99-1332cb36dbc5,35,44,user,,,,,,0.3390902876853943,0,0
qwen32B-int4_telecom_50runs,verbalized,bge-m3,4207d4e9-ce60-42db-9d99-1332cb36dbc5,36,44,agent,0.5256009101867676,0.01818181818181818,0.0,0.3457533121109009,-0.14876911789178848,,0,0
qwen32B-int4_telecom_50runs,verbalized,bge-m3,4207d4e9-ce60-42db-9d99-1332cb36dbc5,37,44,tool,,,,,,,0,0
qwen32B-int4_telecom_50runs,verbalized,bge-m3,4207d4e9-ce60-42db-9d99-1332cb36dbc5,38,44,agent,0.6493316292762756,0.21052631578947367,0.0,0.36676347255706787,-0.01746533066034317,,0,0
qwen32B-int4_telecom_50runs,verbalized,bge-m3,4207d4e9-ce60-42db-9d99-1332cb36dbc5,39,44,user,,,,,,0.4826804995536804,0,0
qwen32B-int4_telecom_50runs,verbalized,bge-m3,4207d4e9-ce60-42db-9d99-1332cb36dbc5,40,44,tool,,,,,,,0,0
qwen32B-int4_telecom_50runs,verbalized,bge-m3,4207d4e9-ce60-42db-9d99-1332cb36dbc5,41,44,user,,,,,,,0,0
qwen32B-int4_telecom_50runs,verbalized,bge-m3,4207d4e9-ce60-42db-9d99-1332cb36dbc5,42,44,agent,0.682806134223938,0.18840579710144928,0.0,,,,0,0
qwen32B-int4_telecom_50runs,verbalized,bge-m3,4207d4e9-ce60-42db-9d99-1332cb36dbc5,43,44,user,,,,,,0.5308954119682312,0,0
qwen32B-int4_telecom_50runs,verbalized,bge-m3,a1e98920-f713-4daa-99e1-e25630a6c8c7,0,42,agent,,,,,,,0,1
qwen32B-int4_telecom_50runs,verbalized,bge-m3,a1e98920-f713-4daa-99e1-e25630a6c8c7,1,42,user,,,,,,0.437719464302063,0,1
qwen32B-int4_telecom_50runs,verbalized,bge-m3,a1e98920-f713-4daa-99e1-e25630a6c8c7,2,42,agent,0.5663248896598816,0.07142857142857142,0.0,0.43134433031082153,-0.011374350637197495,,0,1
qwen32B-int4_telecom_50runs,verbalized,bge-m3,a1e98920-f713-4daa-99e1-e25630a6c8c7,3,42,user,,,,,,0.344186007976532,0,1
qwen32B-int4_telecom_50runs,verbalized,bge-m3,a1e98920-f713-4daa-99e1-e25630a6c8c7,4,42,tool,,,,,,,0,1
qwen32B-int4_telecom_50runs,verbalized,bge-m3,a1e98920-f713-4daa-99e1-e25630a6c8c7,5,42,tool,,,,,,,0,1
qwen32B-int4_telecom_50runs,verbalized,bge-m3,a1e98920-f713-4daa-99e1-e25630a6c8c7,6,42,user,,,,,,,0,1
qwen32B-int4_telecom_50runs,verbalized,bge-m3,a1e98920-f713-4daa-99e1-e25630a6c8c7,7,42,agent,0.7846764326095581,0.3246753246753247,0.0,0.40396738052368164,-0.03672678396105766,,0,1
qwen32B-int4_telecom_50runs,verbalized,bge-m3,a1e98920-f713-4daa-99e1-e25630a6c8c7,8,42,user,,,,,,0.5386722683906555,0,1
qwen32B-int4_telecom_50runs,verbalized,bge-m3,a1e98920-f713-4daa-99e1-e25630a6c8c7,9,42,tool,,,,,,,0,1
qwen32B-int4_telecom_50runs,verbalized,bge-m3,a1e98920-f713-4daa-99e1-e25630a6c8c7,10,42,user,,,,,,,0,1
qwen32B-int4_telecom_50runs,verbalized,bge-m3,a1e98920-f713-4daa-99e1-e25630a6c8c7,11,42,agent,0.7014794945716858,0.25675675675675674,0.0,0.47123849391937256,-0.03744526579976082,,0,1
qwen32B-int4_telecom_50runs,verbalized,bge-m3,a1e98920-f713-4daa-99e1-e25630a6c8c7,12,42,user,,,,,,0.3923032879829407,0,1
qwen32B-int4_telecom_50runs,verbalized,bge-m3,a1e98920-f713-4daa-99e1-e25630a6c8c7,13,42,tool,,,,,,,0,1
qwen32B-int4_telecom_50runs,verbalized,bge-m3,a1e98920-f713-4daa-99e1-e25630a6c8c7,14,42,tool,,,,,,,0,1
qwen32B-int4_telecom_50runs,verbalized,bge-m3,a1e98920-f713-4daa-99e1-e25630a6c8c7,15,42,user,,,,,,,0,1
qwen32B-int4_telecom_50runs,verbalized,bge-m3,a1e98920-f713-4daa-99e1-e25630a6c8c7,16,42,agent,0.8272675275802612,0.3333333333333333,0.0,0.45751094818115234,-0.029356367886066437,,0,1
qwen32B-int4_telecom_50runs,verbalized,bge-m3,a1e98920-f713-4daa-99e1-e25630a6c8c7,17,42,user,,,,,,0.48291945457458496,0,1
qwen32B-int4_telecom_50runs,verbalized,bge-m3,a1e98920-f713-4daa-99e1-e25630a6c8c7,18,42,tool,,,,,,,0,1
qwen32B-int4_telecom_50runs,verbalized,bge-m3,a1e98920-f713-4daa-99e1-e25630a6c8c7,19,42,user,,,,,,,0,1
qwen32B-int4_telecom_50runs,verbalized,bge-m3,a1e98920-f713-4daa-99e1-e25630a6c8c7,20,42,agent,0.8115372657775879,0.2972972972972973,0.0,0.3778190612792969,-0.07259418442845345,,0,1
qwen32B-int4_telecom_50runs,verbalized,bge-m3,a1e98920-f713-4daa-99e1-e25630a6c8c7,21,42,user,,,,,,0.36685895919799805,0,1
qwen32B-int4_telecom_50runs,verbalized,bge-m3,a1e98920-f713-4daa-99e1-e25630a6c8c7,22,42,tool,,,,,,,0,1
qwen32B-int4_telecom_50runs,verbalized,bge-m3,a1e98920-f713-4daa-99e1-e25630a6c8c7,23,42,tool,,,,,,,0,1
qwen32B-int4_telecom_50runs,verbalized,bge-m3,a1e98920-f713-4daa-99e1-e25630a6c8c7,24,42,tool,,,,,,,0,1
qwen32B-int4_telecom_50runs,verbalized,bge-m3,a1e98920-f713-4daa-99e1-e25630a6c8c7,25,42,user,,,,,,,0,1
qwen32B-int4_telecom_50runs,verbalized,bge-m3,a1e98920-f713-4daa-99e1-e25630a6c8c7,26,42,agent,,,,,,,0,1
qwen32B-int4_telecom_50runs,verbalized,bge-m3,a1e98920-f713-4daa-99e1-e25630a6c8c7,27,42,user,,,,,,0.34836024045944214,0,1
qwen32B-int4_telecom_50runs,verbalized,bge-m3,a1e98920-f713-4daa-99e1-e25630a6c8c7,28,42,agent,0.5229576826095581,0.015873015873015872,0.0,0.3867543339729309,-0.18534676730632782,,0,1
qwen32B-int4_telecom_50runs,verbalized,bge-m3,a1e98920-f713-4daa-99e1-e25630a6c8c7,29,42,tool,,,,,,,0,1
qwen32B-int4_telecom_50runs,verbalized,bge-m3,a1e98920-f713-4daa-99e1-e25630a6c8c7,30,42,agent,0.6755011081695557,0.2235294117647059,0.0,,,,0,1
qwen32B-int4_telecom_50runs,verbalized,bge-m3,a1e98920-f713-4daa-99e1-e25630a6c8c7,31,42,user,,,,,,0.24933087825775146,0,1
qwen32B-int4_telecom_50runs,verbalized,bge-m3,a1e98920-f713-4daa-99e1-e25630a6c8c7,32,42,agent,0.805732250213623,0.4375,0.0,0.4525493383407593,-0.11486873403191566,,0,1
qwen32B-int4_telecom_50runs,verbalized,bge-m3,a1e98920-f713-4daa-99e1-e25630a6c8c7,33,42,tool,,,,,,,0,1
qwen32B-int4_telecom_50runs,verbalized,bge-m3,a1e98920-f713-4daa-99e1-e25630a6c8c7,34,42,agent,0.7904852628707886,0.24691358024691357,0.0,0.39649564027786255,-0.052466437220573425,,0,1
qwen32B-int4_telecom_50runs,verbalized,bge-m3,a1e98920-f713-4daa-99e1-e25630a6c8c7,35,42,tool,,,,,,,0,1
qwen32B-int4_telecom_50runs,verbalized,bge-m3,a1e98920-f713-4daa-99e1-e25630a6c8c7,36,42,agent,0.8384369015693665,0.2727272727272727,0.0,0.4505573511123657,0.011031467467546463,,0,1
qwen32B-int4_telecom_50runs,verbalized,bge-m3,a1e98920-f713-4daa-99e1-e25630a6c8c7,37,42,user,,,,,,0.5092029273509979,0,1
qwen32B-int4_telecom_50runs,verbalized,bge-m3,a1e98920-f713-4daa-99e1-e25630a6c8c7,38,42,tool,,,,,,,0,1
qwen32B-int4_telecom_50runs,verbalized,bge-m3,a1e98920-f713-4daa-99e1-e25630a6c8c7,39,42,user,,,,,,,0,1
qwen32B-int4_telecom_50runs,verbalized,bge-m3,a1e98920-f713-4daa-99e1-e25630a6c8c7,40,42,agent,0.5244774222373962,0.14285714285714285,0.0,,,,0,1
qwen32B-int4_telecom_50runs,verbalized,bge-m3,a1e98920-f713-4daa-99e1-e25630a6c8c7,41,42,user,,,,,,0.5761216282844543,0,1
qwen32B-int4_telecom_50runs,verbalized,bge-m3,6a6e2377-7448-482a-a9f6-213706c8c81b,0,44,agent,,,,,,,0,0
qwen32B-int4_telecom_50runs,verbalized,bge-m3,6a6e2377-7448-482a-a9f6-213706c8c81b,1,44,user,,,,,,0.44117164611816406,0,0
qwen32B-int4_telecom_50runs,verbalized,bge-m3,6a6e2377-7448-482a-a9f6-213706c8c81b,2,44,agent,0.5705975294113159,0.08333333333333333,0.0,0.31047797203063965,-0.16157959898312885,,0,0
qwen32B-int4_telecom_50runs,verbalized,bge-m3,6a6e2377-7448-482a-a9f6-213706c8c81b,3,44,user,,,,,,0.41278529167175293,0,0
qwen32B-int4_telecom_50runs,verbalized,bge-m3,6a6e2377-7448-482a-a9f6-213706c8c81b,4,44,tool,,,,,,,0,0
qwen32B-int4_telecom_50runs,verbalized,bge-m3,6a6e2377-7448-482a-a9f6-213706c8c81b,5,44,user,,,,,,,0,0
qwen32B-int4_telecom_50runs,verbalized,bge-m3,6a6e2377-7448-482a-a9f6-213706c8c81b,6,44,agent,0.7510331273078918,0.3466666666666667,0.0,0.32391268014907837,-0.0773259699344635,,0,0
qwen32B-int4_telecom_50runs,verbalized,bge-m3,6a6e2377-7448-482a-a9f6-213706c8c81b,7,44,user,,,,,,0.4036489725112915,0,0
qwen32B-int4_telecom_50runs,verbalized,bge-m3,6a6e2377-7448-482a-a9f6-213706c8c81b,8,44,tool,,,,,,,0,0
qwen32B-int4_telecom_50runs,verbalized,bge-m3,6a6e2377-7448-482a-a9f6-213706c8c81b,9,44,user,,,,,,,0,0
qwen32B-int4_telecom_50runs,verbalized,bge-m3,6a6e2377-7448-482a-a9f6-213706c8c81b,10,44,agent,0.6881598830223083,0.23529411764705882,0.0,0.28950875997543335,-0.14465610186258954,,0,0
qwen32B-int4_telecom_50runs,verbalized,bge-m3,6a6e2377-7448-482a-a9f6-213706c8c81b,11,44,user,,,,,,0.45611846446990967,0,0
qwen32B-int4_telecom_50runs,verbalized,bge-m3,6a6e2377-7448-482a-a9f6-213706c8c81b,12,44,tool,,,,,,,0,0
qwen32B-int4_telecom_50runs,verbalized,bge-m3,6a6e2377-7448-482a-a9f6-213706c8c81b,13,44,user,,,,,,,0,0
qwen32B-int4_telecom_50runs,verbalized,bge-m3,6a6e2377-7448-482a-a9f6-213706c8c81b,14,44,agent,0.834186851978302,0.25609756097560976,0.0,0.34700220823287964,-0.03207822640736896,,0,0
qwen32B-int4_telecom_50runs,verbalized,bge-m3,6a6e2377-7448-482a-a9f6-213706c8c81b,15,44,user,,,,,,0.4722597599029541,0,0
qwen32B-int4_telecom_50runs,verbalized,bge-m3,6a6e2377-7448-482a-a9f6-213706c8c81b,16,44,tool,,,,,,,0,0
qwen32B-int4_telecom_50runs,verbalized,bge-m3,6a6e2377-7448-482a-a9f6-213706c8c81b,17,44,user,,,,,,,0,0
qwen32B-int4_telecom_50runs,verbalized,bge-m3,6a6e2377-7448-482a-a9f6-213706c8c81b,18,44,agent,0.8062795400619507,0.3614457831325301,0.0,0.43709856271743774,0.026327520608901978,,0,0
qwen32B-int4_telecom_50runs,verbalized,bge-m3,6a6e2377-7448-482a-a9f6-213706c8c81b,19,44,user,,,,,,0.5169833898544312,0,0
qwen32B-int4_telecom_50runs,verbalized,bge-m3,6a6e2377-7448-482a-a9f6-213706c8c81b,20,44,tool,,,,,,,0,0
qwen32B-int4_telecom_50runs,verbalized,bge-m3,6a6e2377-7448-482a-a9f6-213706c8c81b,21,44,user,,,,,,,0,0
qwen32B-int4_telecom_50runs,verbalized,bge-m3,6a6e2377-7448-482a-a9f6-213706c8c81b,22,44,tool,,,,,,,0,0
qwen32B-int4_telecom_50runs,verbalized,bge-m3,6a6e2377-7448-482a-a9f6-213706c8c81b,23,44,user,,,,,,,0,0
qwen32B-int4_telecom_50runs,verbalized,bge-m3,6a6e2377-7448-482a-a9f6-213706c8c81b,24,44,tool,,,,,,,0,0
qwen32B-int4_telecom_50runs,verbalized,bge-m3,6a6e2377-7448-482a-a9f6-213706c8c81b,25,44,user,,,,,,,0,0
qwen32B-int4_telecom_50runs,verbalized,bge-m3,6a6e2377-7448-482a-a9f6-213706c8c81b,26,44,agent,,,,0.360931396484375,-0.05542328953742981,,0,0
qwen32B-int4_telecom_50runs,verbalized,bge-m3,6a6e2377-7448-482a-a9f6-213706c8c81b,27,44,user,,,,,,0.5233461856842041,0,0
qwen32B-int4_telecom_50runs,verbalized,bge-m3,6a6e2377-7448-482a-a9f6-213706c8c81b,28,44,tool,,,,,,,0,0
qwen32B-int4_telecom_50runs,verbalized,bge-m3,6a6e2377-7448-482a-a9f6-213706c8c81b,29,44,user,,,,,,,0,0
qwen32B-int4_telecom_50runs,verbalized,bge-m3,6a6e2377-7448-482a-a9f6-213706c8c81b,30,44,tool,,,,,,,0,0
qwen32B-int4_telecom_50runs,verbalized,bge-m3,6a6e2377-7448-482a-a9f6-213706c8c81b,31,44,user,,,,,,,0,0
qwen32B-int4_telecom_50runs,verbalized,bge-m3,6a6e2377-7448-482a-a9f6-213706c8c81b,32,44,tool,,,,,,,0,0
qwen32B-int4_telecom_50runs,verbalized,bge-m3,6a6e2377-7448-482a-a9f6-213706c8c81b,33,44,user,,,,,,,0,0
qwen32B-int4_telecom_50runs,verbalized,bge-m3,6a6e2377-7448-482a-a9f6-213706c8c81b,34,44,agent,,,,0.3436357378959656,-0.06785978873570758,,0,0
qwen32B-int4_telecom_50runs,verbalized,bge-m3,6a6e2377-7448-482a-a9f6-213706c8c81b,35,44,user,,,,,,0.5029390454292297,0,0
qwen32B-int4_telecom_50runs,verbalized,bge-m3,6a6e2377-7448-482a-a9f6-213706c8c81b,36,44,tool,,,,,,,0,0
qwen32B-int4_telecom_50runs,verbalized,bge-m3,6a6e2377-7448-482a-a9f6-213706c8c81b,37,44,user,,,,,,,0,0
qwen32B-int4_telecom_50runs,verbalized,bge-m3,6a6e2377-7448-482a-a9f6-213706c8c81b,38,44,tool,,,,,,,0,0
qwen32B-int4_telecom_50runs,verbalized,bge-m3,6a6e2377-7448-482a-a9f6-213706c8c81b,39,44,user,,,,,,,0,0
qwen32B-int4_telecom_50runs,verbalized,bge-m3,6a6e2377-7448-482a-a9f6-213706c8c81b,40,44,tool,,,,,,,0,0
qwen32B-int4_telecom_50runs,verbalized,bge-m3,6a6e2377-7448-482a-a9f6-213706c8c81b,41,44,user,,,,,,,0,0
qwen32B-int4_telecom_50runs,verbalized,bge-m3,6a6e2377-7448-482a-a9f6-213706c8c81b,42,44,agent,,,,,,,0,0
qwen32B-int4_telecom_50runs,verbalized,bge-m3,6a6e2377-7448-482a-a9f6-213706c8c81b,43,44,user,,,,,,0.3401072025299072,0,0
qwen32B-int4_telecom_50runs,verbalized,bge-m3,a2303c65-5c35-4da6-b1ee-9a058ca49785,0,38,agent,,,,,,,0,0
qwen32B-int4_telecom_50runs,verbalized,bge-m3,a2303c65-5c35-4da6-b1ee-9a058ca49785,1,38,user,,,,,,0.4888468384742737,0,0
qwen32B-int4_telecom_50runs,verbalized,bge-m3,a2303c65-5c35-4da6-b1ee-9a058ca49785,2,38,agent,0.49947062134742737,0.0,0.0,0.3417152762413025,-0.20063017947333195,,0,0
qwen32B-int4_telecom_50runs,verbalized,bge-m3,a2303c65-5c35-4da6-b1ee-9a058ca49785,3,38,tool,,,,,,,0,0
qwen32B-int4_telecom_50runs,verbalized,bge-m3,a2303c65-5c35-4da6-b1ee-9a058ca49785,4,38,agent,0.5624768733978271,0.05,0.0,,,,0,0
qwen32B-int4_telecom_50runs,verbalized,bge-m3,a2303c65-5c35-4da6-b1ee-9a058ca49785,5,38,user,,,,,,0.36186379194259644,0,0
qwen32B-int4_telecom_50runs,verbalized,bge-m3,a2303c65-5c35-4da6-b1ee-9a058ca49785,6,38,agent,0.8074858784675598,0.35,0.0,0.5420318841934204,-0.014408652271543199,,0,0
qwen32B-int4_telecom_50runs,verbalized,bge-m3,a2303c65-5c35-4da6-b1ee-9a058ca49785,7,38,tool,,,,,,,0,0
qwen32B-int4_telecom_50runs,verbalized,bge-m3,a2303c65-5c35-4da6-b1ee-9a058ca49785,8,38,agent,0.5969343185424805,0.2835820895522388,0.0,,,,0,0
qwen32B-int4_telecom_50runs,verbalized,bge-m3,a2303c65-5c35-4da6-b1ee-9a058ca49785,9,38,user,,,,,,0.24921631813049316,0,0
qwen32B-int4_telecom_50runs,verbalized,bge-m3,a2303c65-5c35-4da6-b1ee-9a058ca49785,10,38,agent,0.7856285572052002,0.3333333333333333,0.0,0.385140061378479,-0.16010026420865742,,0,0
qwen32B-int4_telecom_50runs,verbalized,bge-m3,a2303c65-5c35-4da6-b1ee-9a058ca49785,11,38,tool,,,,,,,0,0
qwen32B-int4_telecom_50runs,verbalized,bge-m3,a2303c65-5c35-4da6-b1ee-9a058ca49785,12,38,agent,0.5066934823989868,0.2087912087912088,0.0,0.33930742740631104,-0.16943301899092533,,0,0
qwen32B-int4_telecom_50runs,verbalized,bge-m3,a2303c65-5c35-4da6-b1ee-9a058ca49785,13,38,user,,,,,,0.43672633171081543,0,0
qwen32B-int4_telecom_50runs,verbalized,bge-m3,a2303c65-5c35-4da6-b1ee-9a058ca49785,14,38,tool,,,,,,,0,0
qwen32B-int4_telecom_50runs,verbalized,bge-m3,a2303c65-5c35-4da6-b1ee-9a058ca49785,15,38,user,,,,,,,0,0
qwen32B-int4_telecom_50runs,verbalized,bge-m3,a2303c65-5c35-4da6-b1ee-9a058ca49785,16,38,agent,0.6711782813072205,0.22018348623853212,0.0,0.3824566602706909,-0.09257357886859346,,0,0
qwen32B-int4_telecom_50runs,verbalized,bge-m3,a2303c65-5c35-4da6-b1ee-9a058ca49785,17,38,user,,,,,,0.5173926651477814,0,0
qwen32B-int4_telecom_50runs,verbalized,bge-m3,a2303c65-5c35-4da6-b1ee-9a058ca49785,18,38,tool,,,,,,,0,0
qwen32B-int4_telecom_50runs,verbalized,bge-m3,a2303c65-5c35-4da6-b1ee-9a058ca49785,19,38,user,,,,,,,0,0
qwen32B-int4_telecom_50runs,verbalized,bge-m3,a2303c65-5c35-4da6-b1ee-9a058ca49785,20,38,tool,,,,,,,0,0
qwen32B-int4_telecom_50runs,verbalized,bge-m3,a2303c65-5c35-4da6-b1ee-9a058ca49785,21,38,user,,,,,,,0,0
qwen32B-int4_telecom_50runs,verbalized,bge-m3,a2303c65-5c35-4da6-b1ee-9a058ca49785,22,38,agent,,,,0.326668381690979,-0.15177728448595318,,0,0
qwen32B-int4_telecom_50runs,verbalized,bge-m3,a2303c65-5c35-4da6-b1ee-9a058ca49785,23,38,user,,,,,,0.49724578857421875,0,0
qwen32B-int4_telecom_50runs,verbalized,bge-m3,a2303c65-5c35-4da6-b1ee-9a058ca49785,24,38,tool,,,,,,,0,0
qwen32B-int4_telecom_50runs,verbalized,bge-m3,a2303c65-5c35-4da6-b1ee-9a058ca49785,25,38,user,,,,,,,0,0
qwen32B-int4_telecom_50runs,verbalized,bge-m3,a2303c65-5c35-4da6-b1ee-9a058ca49785,26,38,agent,0.8390821218490601,0.38235294117647056,0.0,0.22665786743164062,-0.31464682306562153,,0,0
qwen32B-int4_telecom_50runs,verbalized,bge-m3,a2303c65-5c35-4da6-b1ee-9a058ca49785,27,38,user,,,,,,0.29223865270614624,0,0
qwen32B-int4_telecom_50runs,verbalized,bge-m3,a2303c65-5c35-4da6-b1ee-9a058ca49785,28,38,tool,,,,,,,0,0
qwen32B-int4_telecom_50runs,verbalized,bge-m3,a2303c65-5c35-4da6-b1ee-9a058ca49785,29,38,user,,,,,,,0,0
qwen32B-int4_telecom_50runs,verbalized,bge-m3,a2303c65-5c35-4da6-b1ee-9a058ca49785,30,38,agent,0.6794936060905457,0.2191780821917808,0.0,0.30310356616973877,-0.22530997225216454,,0,0
qwen32B-int4_telecom_50runs,verbalized,bge-m3,a2303c65-5c35-4da6-b1ee-9a058ca49785,31,38,user,,,,,,0.4259381890296936,0,0
qwen32B-int4_telecom_50runs,verbalized,bge-m3,a2303c65-5c35-4da6-b1ee-9a058ca49785,32,38,tool,,,,,,,0,0
qwen32B-int4_telecom_50runs,verbalized,bge-m3,a2303c65-5c35-4da6-b1ee-9a058ca49785,33,38,user,,,,,,,0,0
qwen32B-int4_telecom_50runs,verbalized,bge-m3,a2303c65-5c35-4da6-b1ee-9a058ca49785,34,38,agent,0.7301820516586304,0.15671641791044777,0.0,,,,0,0
qwen32B-int4_telecom_50runs,verbalized,bge-m3,a2303c65-5c35-4da6-b1ee-9a058ca49785,35,38,user,,,,,,0.38839125633239746,0,0
qwen32B-int4_telecom_50runs,verbalized,bge-m3,a2303c65-5c35-4da6-b1ee-9a058ca49785,36,38,agent,0.6261632442474365,0.21875,0.0,,,,0,0
qwen32B-int4_telecom_50runs,verbalized,bge-m3,a2303c65-5c35-4da6-b1ee-9a058ca49785,37,38,user,,,,,,0.36706262826919556,0,0
qwen32B-int4_telecom_50runs,verbalized,bge-m3,f9f5a1f8-f133-4bea-9638-5ae07182d154,0,78,agent,,,,,,,0,1
qwen32B-int4_telecom_50runs,verbalized,bge-m3,f9f5a1f8-f133-4bea-9638-5ae07182d154,1,78,user,,,,,,0.44117146730422974,0,1
qwen32B-int4_telecom_50runs,verbalized,bge-m3,f9f5a1f8-f133-4bea-9638-5ae07182d154,2,78,agent,0.5705976486206055,0.08333333333333333,0.0,0.3104780912399292,-0.1891316806568819,,0,1
qwen32B-int4_telecom_50runs,verbalized,bge-m3,f9f5a1f8-f133-4bea-9638-5ae07182d154,3,78,user,,,,,,0.40180420875549316,0,1
qwen32B-int4_telecom_50runs,verbalized,bge-m3,f9f5a1f8-f133-4bea-9638-5ae07182d154,4,78,tool,,,,,,,0,1
qwen32B-int4_telecom_50runs,verbalized,bge-m3,f9f5a1f8-f133-4bea-9638-5ae07182d154,5,78,user,,,,,,,0,1
qwen32B-int4_telecom_50runs,verbalized,bge-m3,f9f5a1f8-f133-4bea-9638-5ae07182d154,6,78,agent,0.7510331273078918,0.3466666666666667,0.0,0.40075385570526123,-0.09479525510002584,,0,1
qwen32B-int4_telecom_50runs,verbalized,bge-m3,f9f5a1f8-f133-4bea-9638-5ae07182d154,7,78,user,,,,,,0.4018990397453308,0,1
qwen32B-int4_telecom_50runs,verbalized,bge-m3,f9f5a1f8-f133-4bea-9638-5ae07182d154,8,78,tool,,,,,,,0,1
qwen32B-int4_telecom_50runs,verbalized,bge-m3,f9f5a1f8-f133-4bea-9638-5ae07182d154,9,78,user,,,,,,,0,1
qwen32B-int4_telecom_50runs,verbalized,bge-m3,f9f5a1f8-f133-4bea-9638-5ae07182d154,10,78,agent,0.7799947261810303,0.32051282051282054,0.0,0.3843010663986206,-0.11072979604496674,,0,1
qwen32B-int4_telecom_50runs,verbalized,bge-m3,f9f5a1f8-f133-4bea-9638-5ae07182d154,11,78,user,,,,,,0.4633733034133911,0,1
qwen32B-int4_telecom_50runs,verbalized,bge-m3,f9f5a1f8-f133-4bea-9638-5ae07182d154,12,78,tool,,,,,,,0,1
qwen32B-int4_telecom_50runs,verbalized,bge-m3,f9f5a1f8-f133-4bea-9638-5ae07182d154,13,78,user,,,,,,,0,1
qwen32B-int4_telecom_50runs,verbalized,bge-m3,f9f5a1f8-f133-4bea-9638-5ae07182d154,14,78,agent,0.7375399470329285,0.3783783783783784,0.0,0.4974325895309448,-0.003911041161593243,,0,1
qwen32B-int4_telecom_50runs,verbalized,bge-m3,f9f5a1f8-f133-4bea-9638-5ae07182d154,15,78,user,,,,,,0.5338296890258789,0,1
qwen32B-int4_telecom_50runs,verbalized,bge-m3,f9f5a1f8-f133-4bea-9638-5ae07182d154,16,78,tool,,,,,,,0,1
qwen32B-int4_telecom_50runs,verbalized,bge-m3,f9f5a1f8-f133-4bea-9638-5ae07182d154,17,78,user,,,,,,,0,1
qwen32B-int4_telecom_50runs,verbalized,bge-m3,f9f5a1f8-f133-4bea-9638-5ae07182d154,18,78,agent,0.6891855001449585,0.2,0.0,0.3703470230102539,-0.07111918049700122,,0,1
qwen32B-int4_telecom_50runs,verbalized,bge-m3,f9f5a1f8-f133-4bea-9638-5ae07182d154,19,78,user,,,,,,0.515211820602417,0,1
qwen32B-int4_telecom_50runs,verbalized,bge-m3,f9f5a1f8-f133-4bea-9638-5ae07182d154,20,78,tool,,,,,,,0,1
qwen32B-int4_telecom_50runs,verbalized,bge-m3,f9f5a1f8-f133-4bea-9638-5ae07182d154,21,78,user,,,,,,,0,1
qwen32B-int4_telecom_50runs,verbalized,bge-m3,f9f5a1f8-f133-4bea-9638-5ae07182d154,22,78,agent,0.8435300588607788,0.16455696202531644,0.0,0.41663074493408203,-0.05032723440843467,,0,1
qwen32B-int4_telecom_50runs,verbalized,bge-m3,f9f5a1f8-f133-4bea-9638-5ae07182d154,23,78,user,,,,,,0.508603423833847,0,1
qwen32B-int4_telecom_50runs,verbalized,bge-m3,f9f5a1f8-f133-4bea-9638-5ae07182d154,24,78,tool,,,,,,,0,1
qwen32B-int4_telecom_50runs,verbalized,bge-m3,f9f5a1f8-f133-4bea-9638-5ae07182d154,25,78,user,,,,,,,0,1
qwen32B-int4_telecom_50runs,verbalized,bge-m3,f9f5a1f8-f133-4bea-9638-5ae07182d154,26,78,tool,,,,,,,0,1
qwen32B-int4_telecom_50runs,verbalized,bge-m3,f9f5a1f8-f133-4bea-9638-5ae07182d154,27,78,user,,,,,,,0,1
qwen32B-int4_telecom_50runs,verbalized,bge-m3,f9f5a1f8-f133-4bea-9638-5ae07182d154,28,78,agent,,,,0.33795738220214844,-0.14193756089491005,,0,1
qwen32B-int4_telecom_50runs,verbalized,bge-m3,f9f5a1f8-f133-4bea-9638-5ae07182d154,29,78,user,,,,,,0.5910448133945465,0,1
qwen32B-int4_telecom_50runs,verbalized,bge-m3,f9f5a1f8-f133-4bea-9638-5ae07182d154,30,78,tool,,,,,,,0,1
qwen32B-int4_telecom_50runs,verbalized,bge-m3,f9f5a1f8-f133-4bea-9638-5ae07182d154,31,78,user,,,,,,,0,1
qwen32B-int4_telecom_50runs,verbalized,bge-m3,f9f5a1f8-f133-4bea-9638-5ae07182d154,32,78,tool,,,,,,,0,1
qwen32B-int4_telecom_50runs,verbalized,bge-m3,f9f5a1f8-f133-4bea-9638-5ae07182d154,33,78,user,,,,,,,0,1
qwen32B-int4_telecom_50runs,verbalized,bge-m3,f9f5a1f8-f133-4bea-9638-5ae07182d154,34,78,tool,,,,,,,0,1
qwen32B-int4_telecom_50runs,verbalized,bge-m3,f9f5a1f8-f133-4bea-9638-5ae07182d154,35,78,user,,,,,,,0,1
qwen32B-int4_telecom_50runs,verbalized,bge-m3,f9f5a1f8-f133-4bea-9638-5ae07182d154,36,78,agent,,,,0.3452032804489136,-0.10098203140146594,,0,1
qwen32B-int4_telecom_50runs,verbalized,bge-m3,f9f5a1f8-f133-4bea-9638-5ae07182d154,37,78,user,,,,,,0.4774458408355713,0,1
qwen32B-int4_telecom_50runs,verbalized,bge-m3,f9f5a1f8-f133-4bea-9638-5ae07182d154,38,78,tool,,,,,,,0,1
qwen32B-int4_telecom_50runs,verbalized,bge-m3,f9f5a1f8-f133-4bea-9638-5ae07182d154,39,78,user,,,,,,,0,1
qwen32B-int4_telecom_50runs,verbalized,bge-m3,f9f5a1f8-f133-4bea-9638-5ae07182d154,40,78,tool,,,,,,,0,1
qwen32B-int4_telecom_50runs,verbalized,bge-m3,f9f5a1f8-f133-4bea-9638-5ae07182d154,41,78,user,,,,,,,0,1
qwen32B-int4_telecom_50runs,verbalized,bge-m3,f9f5a1f8-f133-4bea-9638-5ae07182d154,42,78,agent,,,,,,,0,1
qwen32B-int4_telecom_50runs,verbalized,bge-m3,f9f5a1f8-f133-4bea-9638-5ae07182d154,43,78,user,,,,,,0.2686060667037964,0,1
qwen32B-int4_telecom_50runs,verbalized,bge-m3,f9f5a1f8-f133-4bea-9638-5ae07182d154,44,78,agent,0.5453652739524841,0.015151515151515152,0.0,0.37917959690093994,-0.1887054145336151,,0,1
qwen32B-int4_telecom_50runs,verbalized,bge-m3,f9f5a1f8-f133-4bea-9638-5ae07182d154,45,78,tool,,,,,,,0,1
qwen32B-int4_telecom_50runs,verbalized,bge-m3,f9f5a1f8-f133-4bea-9638-5ae07182d154,46,78,agent,0.7618831396102905,0.2988505747126437,0.0,,,,0,1
qwen32B-int4_telecom_50runs,verbalized,bge-m3,f9f5a1f8-f133-4bea-9638-5ae07182d154,47,78,user,,,,,,0.2558053135871887,0,1
qwen32B-int4_telecom_50runs,verbalized,bge-m3,f9f5a1f8-f133-4bea-9638-5ae07182d154,48,78,agent,0.7966638207435608,0.4375,0.0,0.45214247703552246,-0.10940329818164596,,0,1
qwen32B-int4_telecom_50runs,verbalized,bge-m3,f9f5a1f8-f133-4bea-9638-5ae07182d154,49,78,tool,,,,,,,0,1
qwen32B-int4_telecom_50runs,verbalized,bge-m3,f9f5a1f8-f133-4bea-9638-5ae07182d154,50,78,agent,0.7857370972633362,0.27848101265822783,0.0,0.39883726835250854,-0.0657418545554666,,0,1
qwen32B-int4_telecom_50runs,verbalized,bge-m3,f9f5a1f8-f133-4bea-9638-5ae07182d154,51,78,tool,,,,,,,0,1
qwen32B-int4_telecom_50runs,verbalized,bge-m3,f9f5a1f8-f133-4bea-9638-5ae07182d154,52,78,agent,0.855742335319519,0.18181818181818182,0.0,0.37002259492874146,-0.043306941495222184,,0,1
qwen32B-int4_telecom_50runs,verbalized,bge-m3,f9f5a1f8-f133-4bea-9638-5ae07182d154,53,78,user,,,,,,0.44955044984817505,0,1
qwen32B-int4_telecom_50runs,verbalized,bge-m3,f9f5a1f8-f133-4bea-9638-5ae07182d154,54,78,tool,,,,,,,0,1
qwen32B-int4_telecom_50runs,verbalized,bge-m3,f9f5a1f8-f133-4bea-9638-5ae07182d154,55,78,user,,,,,,,0,1
qwen32B-int4_telecom_50runs,verbalized,bge-m3,f9f5a1f8-f133-4bea-9638-5ae07182d154,56,78,agent,0.7497071027755737,0.10810810810810811,0.0,0.5033307373523712,0.0341988205909729,,0,1
qwen32B-int4_telecom_50runs,verbalized,bge-m3,f9f5a1f8-f133-4bea-9638-5ae07182d154,57,78,tool,,,,,,,0,1
qwen32B-int4_telecom_50runs,verbalized,bge-m3,f9f5a1f8-f133-4bea-9638-5ae07182d154,58,78,agent,0.7586802244186401,0.225,0.0,,,,0,1
qwen32B-int4_telecom_50runs,verbalized,bge-m3,f9f5a1f8-f133-4bea-9638-5ae07182d154,59,78,user,,,,,,0.24246984720230103,0,1
qwen32B-int4_telecom_50runs,verbalized,bge-m3,f9f5a1f8-f133-4bea-9638-5ae07182d154,60,78,agent,0.5434647798538208,0.015625,0.0,0.34392786026000977,-0.2072852639590993,,0,1
qwen32B-int4_telecom_50runs,verbalized,bge-m3,f9f5a1f8-f133-4bea-9638-5ae07182d154,61,78,tool,,,,,,,0,1
qwen32B-int4_telecom_50runs,verbalized,bge-m3,f9f5a1f8-f133-4bea-9638-5ae07182d154,62,78,agent,0.885776698589325,0.2898550724637681,0.0,0.32608872652053833,-0.18459339352215043,,0,1
qwen32B-int4_telecom_50runs,verbalized,bge-m3,f9f5a1f8-f133-4bea-9638-5ae07182d154,63,78,user,,,,,,0.46302783489227295,0,1
qwen32B-int4_telecom_50runs,verbalized,bge-m3,f9f5a1f8-f133-4bea-9638-5ae07182d154,64,78,tool,,,,,,,0,1
qwen32B-int4_telecom_50runs,verbalized,bge-m3,f9f5a1f8-f133-4bea-9638-5ae07182d154,65,78,user,,,,,,,0,1
qwen32B-int4_telecom_50runs,verbalized,bge-m3,f9f5a1f8-f133-4bea-9638-5ae07182d154,66,78,tool,,,,,,,0,1
qwen32B-int4_telecom_50runs,verbalized,bge-m3,f9f5a1f8-f133-4bea-9638-5ae07182d154,67,78,user,,,,,,,0,1
qwen32B-int4_telecom_50runs,verbalized,bge-m3,f9f5a1f8-f133-4bea-9638-5ae07182d154,68,78,agent,,,,0.34502583742141724,-0.09976698019925284,,0,1
qwen32B-int4_telecom_50runs,verbalized,bge-m3,f9f5a1f8-f133-4bea-9638-5ae07182d154,69,78,tool,,,,,,,0,1
qwen32B-int4_telecom_50runs,verbalized,bge-m3,f9f5a1f8-f133-4bea-9638-5ae07182d154,70,78,agent,0.856250524520874,0.30985915492957744,0.0,0.4270196557044983,-0.0057964535320506605,,0,1
qwen32B-int4_telecom_50runs,verbalized,bge-m3,f9f5a1f8-f133-4bea-9638-5ae07182d154,71,78,user,,,,,,0.45896852016448975,0,1
qwen32B-int4_telecom_50runs,verbalized,bge-m3,f9f5a1f8-f133-4bea-9638-5ae07182d154,72,78,tool,,,,,,,0,1
qwen32B-int4_telecom_50runs,verbalized,bge-m3,f9f5a1f8-f133-4bea-9638-5ae07182d154,73,78,user,,,,,,,0,1
qwen32B-int4_telecom_50runs,verbalized,bge-m3,f9f5a1f8-f133-4bea-9638-5ae07182d154,74,78,agent,0.6834627389907837,0.12658227848101267,0.0,0.44664061069488525,-0.04218926324563865,,0,1
qwen32B-int4_telecom_50runs,verbalized,bge-m3,f9f5a1f8-f133-4bea-9638-5ae07182d154,75,78,tool,,,,,,,0,1
qwen32B-int4_telecom_50runs,verbalized,bge-m3,f9f5a1f8-f133-4bea-9638-5ae07182d154,76,78,agent,0.6170816421508789,0.1,0.0,,,,0,1
qwen32B-int4_telecom_50runs,verbalized,bge-m3,f9f5a1f8-f133-4bea-9638-5ae07182d154,77,78,user,,,,,,0.3656492233276367,0,1
qwen32B-int4_telecom_50runs,verbalized,bge-m3,68c6a971-18b2-450b-8c4a-0011b8812143,0,31,agent,,,,,,,0,0
qwen32B-int4_telecom_50runs,verbalized,bge-m3,68c6a971-18b2-450b-8c4a-0011b8812143,1,31,user,,,,,,0.4407927989959717,0,0
qwen32B-int4_telecom_50runs,verbalized,bge-m3,68c6a971-18b2-450b-8c4a-0011b8812143,2,31,agent,0.5314024090766907,0.10526315789473684,0.0,,,,0,0
qwen32B-int4_telecom_50runs,verbalized,bge-m3,68c6a971-18b2-450b-8c4a-0011b8812143,3,31,user,,,,,,0.28704923391342163,0,0
qwen32B-int4_telecom_50runs,verbalized,bge-m3,68c6a971-18b2-450b-8c4a-0011b8812143,4,31,agent,0.5243387818336487,0.0,0.0,0.5440190434455872,0.0019737258553504944,,0,0
qwen32B-int4_telecom_50runs,verbalized,bge-m3,68c6a971-18b2-450b-8c4a-0011b8812143,5,31,tool,,,,,,,0,0
qwen32B-int4_telecom_50runs,verbalized,bge-m3,68c6a971-18b2-450b-8c4a-0011b8812143,6,31,agent,0.7606897354125977,0.25,0.0,,,,0,0
qwen32B-int4_telecom_50runs,verbalized,bge-m3,68c6a971-18b2-450b-8c4a-0011b8812143,7,31,user,,,,,,0.31691795587539673,0,0
qwen32B-int4_telecom_50runs,verbalized,bge-m3,68c6a971-18b2-450b-8c4a-0011b8812143,8,31,agent,0.7844076156616211,0.3333333333333333,0.0,0.3823263645172119,-0.20090723037719727,,0,0
qwen32B-int4_telecom_50runs,verbalized,bge-m3,68c6a971-18b2-450b-8c4a-0011b8812143,9,31,tool,,,,,,,0,0
qwen32B-int4_telecom_50runs,verbalized,bge-m3,68c6a971-18b2-450b-8c4a-0011b8812143,10,31,agent,0.5927557945251465,0.14563106796116504,0.0,0.4474506378173828,-0.04598678648471832,,0,0
qwen32B-int4_telecom_50runs,verbalized,bge-m3,68c6a971-18b2-450b-8c4a-0011b8812143,11,31,user,,,,,,0.4106721878051758,0,0
qwen32B-int4_telecom_50runs,verbalized,bge-m3,68c6a971-18b2-450b-8c4a-0011b8812143,12,31,tool,,,,,,,0,0
qwen32B-int4_telecom_50runs,verbalized,bge-m3,68c6a971-18b2-450b-8c4a-0011b8812143,13,31,tool,,,,,,,0,0
qwen32B-int4_telecom_50runs,verbalized,bge-m3,68c6a971-18b2-450b-8c4a-0011b8812143,14,31,tool,,,,,,,0,0
qwen32B-int4_telecom_50runs,verbalized,bge-m3,68c6a971-18b2-450b-8c4a-0011b8812143,15,31,user,,,,,,,0,0
qwen32B-int4_telecom_50runs,verbalized,bge-m3,68c6a971-18b2-450b-8c4a-0011b8812143,16,31,agent,,,,0.4932594299316406,-0.11202800273895264,,0,0
qwen32B-int4_telecom_50runs,verbalized,bge-m3,68c6a971-18b2-450b-8c4a-0011b8812143,17,31,user,,,,,,0.3574320077896118,0,0
qwen32B-int4_telecom_50runs,verbalized,bge-m3,68c6a971-18b2-450b-8c4a-0011b8812143,18,31,tool,,,,,,,0,0
qwen32B-int4_telecom_50runs,verbalized,bge-m3,68c6a971-18b2-450b-8c4a-0011b8812143,19,31,tool,,,,,,,0,0
qwen32B-int4_telecom_50runs,verbalized,bge-m3,68c6a971-18b2-450b-8c4a-0011b8812143,20,31,tool,,,,,,,0,0
qwen32B-int4_telecom_50runs,verbalized,bge-m3,68c6a971-18b2-450b-8c4a-0011b8812143,21,31,tool,,,,,,,0,0
qwen32B-int4_telecom_50runs,verbalized,bge-m3,68c6a971-18b2-450b-8c4a-0011b8812143,22,31,user,,,,,,,0,0
qwen32B-int4_telecom_50runs,verbalized,bge-m3,68c6a971-18b2-450b-8c4a-0011b8812143,23,31,agent,,,,0.3870422840118408,-0.186945840716362,,0,0
qwen32B-int4_telecom_50runs,verbalized,bge-m3,68c6a971-18b2-450b-8c4a-0011b8812143,24,31,user,,,,,,0.283061683177948,0,0
qwen32B-int4_telecom_50runs,verbalized,bge-m3,68c6a971-18b2-450b-8c4a-0011b8812143,25,31,tool,,,,,,,0,0
qwen32B-int4_telecom_50runs,verbalized,bge-m3,68c6a971-18b2-450b-8c4a-0011b8812143,26,31,tool,,,,,,,0,0
qwen32B-int4_telecom_50runs,verbalized,bge-m3,68c6a971-18b2-450b-8c4a-0011b8812143,27,31,tool,,,,,,,0,0
qwen32B-int4_telecom_50runs,verbalized,bge-m3,68c6a971-18b2-450b-8c4a-0011b8812143,28,31,user,,,,,,,0,0
qwen32B-int4_telecom_50runs,verbalized,bge-m3,68c6a971-18b2-450b-8c4a-0011b8812143,29,31,agent,,,,,,,0,0
qwen32B-int4_telecom_50runs,verbalized,bge-m3,68c6a971-18b2-450b-8c4a-0011b8812143,30,31,user,,,,,,0.3948018550872803,0,0
qwen32B-int4_telecom_50runs,verbalized,bge-m3,fd65371a-5bdb-4249-9582-28ef31dd9dd5,0,66,agent,,,,,,,0,1
qwen32B-int4_telecom_50runs,verbalized,bge-m3,fd65371a-5bdb-4249-9582-28ef31dd9dd5,1,66,user,,,,,,0.4888468384742737,0,1
qwen32B-int4_telecom_50runs,verbalized,bge-m3,fd65371a-5bdb-4249-9582-28ef31dd9dd5,2,66,agent,0.4994075298309326,0.0,0.0,0.33708786964416504,-0.22987884680430093,,0,1
qwen32B-int4_telecom_50runs,verbalized,bge-m3,fd65371a-5bdb-4249-9582-28ef31dd9dd5,3,66,tool,,,,,,,0,1
qwen32B-int4_telecom_50runs,verbalized,bge-m3,fd65371a-5bdb-4249-9582-28ef31dd9dd5,4,66,agent,0.562562108039856,0.05,0.0,,,,0,1
qwen32B-int4_telecom_50runs,verbalized,bge-m3,fd65371a-5bdb-4249-9582-28ef31dd9dd5,5,66,user,,,,,,0.36186379194259644,0,1
qwen32B-int4_telecom_50runs,verbalized,bge-m3,fd65371a-5bdb-4249-9582-28ef31dd9dd5,6,66,agent,0.8008396625518799,0.35,0.0,0.5528226494789124,-0.04256585240364075,,0,1
qwen32B-int4_telecom_50runs,verbalized,bge-m3,fd65371a-5bdb-4249-9582-28ef31dd9dd5,7,66,tool,,,,,,,0,1
qwen32B-int4_telecom_50runs,verbalized,bge-m3,fd65371a-5bdb-4249-9582-28ef31dd9dd5,8,66,agent,0.5969343185424805,0.2835820895522388,0.0,,,,0,1
qwen32B-int4_telecom_50runs,verbalized,bge-m3,fd65371a-5bdb-4249-9582-28ef31dd9dd5,9,66,user,,,,,,0.24921631813049316,0,1
qwen32B-int4_telecom_50runs,verbalized,bge-m3,fd65371a-5bdb-4249-9582-28ef31dd9dd5,10,66,agent,0.7844781875610352,0.3333333333333333,0.0,0.3767651915550232,-0.2016572634379069,,0,1
qwen32B-int4_telecom_50runs,verbalized,bge-m3,fd65371a-5bdb-4249-9582-28ef31dd9dd5,11,66,tool,,,,,,,0,1
qwen32B-int4_telecom_50runs,verbalized,bge-m3,fd65371a-5bdb-4249-9582-28ef31dd9dd5,12,66,agent,0.5066934823989868,0.2087912087912088,0.0,0.4052658677101135,-0.06203270951906842,,0,1
qwen32B-int4_telecom_50runs,verbalized,bge-m3,fd65371a-5bdb-4249-9582-28ef31dd9dd5,13,66,user,,,,,,0.4502395987510681,0,1
qwen32B-int4_telecom_50runs,verbalized,bge-m3,fd65371a-5bdb-4249-9582-28ef31dd9dd5,14,66,tool,,,,,,,0,1
qwen32B-int4_telecom_50runs,verbalized,bge-m3,fd65371a-5bdb-4249-9582-28ef31dd9dd5,15,66,user,,,,,,,0,1
qwen32B-int4_telecom_50runs,verbalized,bge-m3,fd65371a-5bdb-4249-9582-28ef31dd9dd5,16,66,agent,0.741845965385437,0.2,0.0,0.3909701108932495,-0.07285235126813255,,0,1
qwen32B-int4_telecom_50runs,verbalized,bge-m3,fd65371a-5bdb-4249-9582-28ef31dd9dd5,17,66,user,,,,,,0.5487612187862396,0,1
qwen32B-int4_telecom_50runs,verbalized,bge-m3,fd65371a-5bdb-4249-9582-28ef31dd9dd5,18,66,tool,,,,,,,0,1
qwen32B-int4_telecom_50runs,verbalized,bge-m3,fd65371a-5bdb-4249-9582-28ef31dd9dd5,19,66,user,,,,,,,0,1
qwen32B-int4_telecom_50runs,verbalized,bge-m3,fd65371a-5bdb-4249-9582-28ef31dd9dd5,20,66,agent,0.676133394241333,0.323943661971831,0.0,0.33724939823150635,-0.170046063264211,,0,1
qwen32B-int4_telecom_50runs,verbalized,bge-m3,fd65371a-5bdb-4249-9582-28ef31dd9dd5,21,66,user,,,,,,0.49994176626205444,0,1
qwen32B-int4_telecom_50runs,verbalized,bge-m3,fd65371a-5bdb-4249-9582-28ef31dd9dd5,22,66,tool,,,,,,,0,1
qwen32B-int4_telecom_50runs,verbalized,bge-m3,fd65371a-5bdb-4249-9582-28ef31dd9dd5,23,66,user,,,,,,,0,1
qwen32B-int4_telecom_50runs,verbalized,bge-m3,fd65371a-5bdb-4249-9582-28ef31dd9dd5,24,66,agent,0.6274568438529968,0.20833333333333334,0.0,0.43982595205307007,-0.09963181416193645,,0,1
qwen32B-int4_telecom_50runs,verbalized,bge-m3,fd65371a-5bdb-4249-9582-28ef31dd9dd5,25,66,user,,,,,,0.3954086899757385,0,1
qwen32B-int4_telecom_50runs,verbalized,bge-m3,fd65371a-5bdb-4249-9582-28ef31dd9dd5,26,66,tool,,,,,,,0,1
qwen32B-int4_telecom_50runs,verbalized,bge-m3,fd65371a-5bdb-4249-9582-28ef31dd9dd5,27,66,user,,,,,,,0,1
qwen32B-int4_telecom_50runs,verbalized,bge-m3,fd65371a-5bdb-4249-9582-28ef31dd9dd5,28,66,agent,0.6770809292793274,0.15584415584415584,0.0,0.3570665121078491,-0.09406081636746727,,0,1
qwen32B-int4_telecom_50runs,verbalized,bge-m3,fd65371a-5bdb-4249-9582-28ef31dd9dd5,29,66,user,,,,,,0.4707965850830078,0,1
qwen32B-int4_telecom_50runs,verbalized,bge-m3,fd65371a-5bdb-4249-9582-28ef31dd9dd5,30,66,tool,,,,,,,0,1
qwen32B-int4_telecom_50runs,verbalized,bge-m3,fd65371a-5bdb-4249-9582-28ef31dd9dd5,31,66,user,,,,,,,0,1
qwen32B-int4_telecom_50runs,verbalized,bge-m3,fd65371a-5bdb-4249-9582-28ef31dd9dd5,32,66,agent,0.8145581483840942,0.2159090909090909,0.0,0.3413475751876831,-0.15615163346131644,,0,1
qwen32B-int4_telecom_50runs,verbalized,bge-m3,fd65371a-5bdb-4249-9582-28ef31dd9dd5,33,66,user,,,,,,0.495137095451355,0,1
qwen32B-int4_telecom_50runs,verbalized,bge-m3,fd65371a-5bdb-4249-9582-28ef31dd9dd5,34,66,tool,,,,,,,0,1
qwen32B-int4_telecom_50runs,verbalized,bge-m3,fd65371a-5bdb-4249-9582-28ef31dd9dd5,35,66,user,,,,,,,0,1
qwen32B-int4_telecom_50runs,verbalized,bge-m3,fd65371a-5bdb-4249-9582-28ef31dd9dd5,36,66,agent,0.8316426277160645,0.2857142857142857,0.0,0.31570637226104736,-0.14291944503784182,,0,1
qwen32B-int4_telecom_50runs,verbalized,bge-m3,fd65371a-5bdb-4249-9582-28ef31dd9dd5,37,66,user,,,,,,0.5391861498355865,0,1
qwen32B-int4_telecom_50runs,verbalized,bge-m3,fd65371a-5bdb-4249-9582-28ef31dd9dd5,38,66,tool,,,,,,,0,1
qwen32B-int4_telecom_50runs,verbalized,bge-m3,fd65371a-5bdb-4249-9582-28ef31dd9dd5,39,66,user,,,,,,,0,1
qwen32B-int4_telecom_50runs,verbalized,bge-m3,fd65371a-5bdb-4249-9582-28ef31dd9dd5,40,66,agent,0.6683458089828491,0.21428571428571427,0.0,0.42303961515426636,-0.08057619929313664,,0,1
qwen32B-int4_telecom_50runs,verbalized,bge-m3,fd65371a-5bdb-4249-9582-28ef31dd9dd5,41,66,user,,,,,,0.40334606170654297,0,1
qwen32B-int4_telecom_50runs,verbalized,bge-m3,fd65371a-5bdb-4249-9582-28ef31dd9dd5,42,66,tool,,,,,,,0,1
qwen32B-int4_telecom_50runs,verbalized,bge-m3,fd65371a-5bdb-4249-9582-28ef31dd9dd5,43,66,user,,,,,,,0,1
qwen32B-int4_telecom_50runs,verbalized,bge-m3,fd65371a-5bdb-4249-9582-28ef31dd9dd5,44,66,agent,0.7711467146873474,0.2463768115942029,0.0,0.3595663905143738,-0.10729883710543314,,0,1
qwen32B-int4_telecom_50runs,verbalized,bge-m3,fd65371a-5bdb-4249-9582-28ef31dd9dd5,45,66,user,,,,,,0.46045345067977905,0,1
qwen32B-int4_telecom_50runs,verbalized,bge-m3,fd65371a-5bdb-4249-9582-28ef31dd9dd5,46,66,tool,,,,,,,0,1
qwen32B-int4_telecom_50runs,verbalized,bge-m3,fd65371a-5bdb-4249-9582-28ef31dd9dd5,47,66,user,,,,,,,0,1
qwen32B-int4_telecom_50runs,verbalized,bge-m3,fd65371a-5bdb-4249-9582-28ef31dd9dd5,48,66,agent,0.6915088891983032,0.25252525252525254,0.0,0.35464274883270264,-0.11439223488171896,,0,1
qwen32B-int4_telecom_50runs,verbalized,bge-m3,fd65371a-5bdb-4249-9582-28ef31dd9dd5,49,66,user,,,,,,0.38661324977874756,0,1
qwen32B-int4_telecom_50runs,verbalized,bge-m3,fd65371a-5bdb-4249-9582-28ef31dd9dd5,50,66,tool,,,,,,,0,1
qwen32B-int4_telecom_50runs,verbalized,bge-m3,fd65371a-5bdb-4249-9582-28ef31dd9dd5,51,66,user,,,,,,,0,1
qwen32B-int4_telecom_50runs,verbalized,bge-m3,fd65371a-5bdb-4249-9582-28ef31dd9dd5,52,66,agent,0.7474382519721985,0.2,0.0,0.3790501356124878,-0.08624127904574075,,0,1
qwen32B-int4_telecom_50runs,verbalized,bge-m3,fd65371a-5bdb-4249-9582-28ef31dd9dd5,53,66,user,,,,,,0.5267294049263,0,1
qwen32B-int4_telecom_50runs,verbalized,bge-m3,fd65371a-5bdb-4249-9582-28ef31dd9dd5,54,66,tool,,,,,,,0,1
qwen32B-int4_telecom_50runs,verbalized,bge-m3,fd65371a-5bdb-4249-9582-28ef31dd9dd5,55,66,user,,,,,,,0,1
qwen32B-int4_telecom_50runs,verbalized,bge-m3,fd65371a-5bdb-4249-9582-28ef31dd9dd5,56,66,agent,0.7862854599952698,0.3269230769230769,0.0,0.43868207931518555,-0.07380715012550354,,0,1
qwen32B-int4_telecom_50runs,verbalized,bge-m3,fd65371a-5bdb-4249-9582-28ef31dd9dd5,57,66,user,,,,,,0.3819221258163452,0,1
qwen32B-int4_telecom_50runs,verbalized,bge-m3,fd65371a-5bdb-4249-9582-28ef31dd9dd5,58,66,tool,,,,,,,0,1
qwen32B-int4_telecom_50runs,verbalized,bge-m3,fd65371a-5bdb-4249-9582-28ef31dd9dd5,59,66,user,,,,,,,0,1
qwen32B-int4_telecom_50runs,verbalized,bge-m3,fd65371a-5bdb-4249-9582-28ef31dd9dd5,60,66,agent,0.722083330154419,0.10975609756097561,0.0,,,,0,1
qwen32B-int4_telecom_50runs,verbalized,bge-m3,fd65371a-5bdb-4249-9582-28ef31dd9dd5,61,66,user,,,,,,0.2819144129753113,0,1
qwen32B-int4_telecom_50runs,verbalized,bge-m3,fd65371a-5bdb-4249-9582-28ef31dd9dd5,62,66,agent,0.6365395784378052,0.09411764705882353,0.0,0.4742776155471802,-0.026700423161188813,,0,1
qwen32B-int4_telecom_50runs,verbalized,bge-m3,fd65371a-5bdb-4249-9582-28ef31dd9dd5,63,66,tool,,,,,,,0,1
qwen32B-int4_telecom_50runs,verbalized,bge-m3,fd65371a-5bdb-4249-9582-28ef31dd9dd5,64,66,agent,0.6223160624504089,0.109375,0.0,,,,0,1
qwen32B-int4_telecom_50runs,verbalized,bge-m3,fd65371a-5bdb-4249-9582-28ef31dd9dd5,65,66,user,,,,,,0.36564934253692627,0,1
qwen32B-int4_telecom_50runs,verbalized,bge-m3,d11bcd2a-db5d-44ad-8956-0a24aedf56c8,0,65,agent,,,,,,,0,1
qwen32B-int4_telecom_50runs,verbalized,bge-m3,d11bcd2a-db5d-44ad-8956-0a24aedf56c8,1,65,user,,,,,,0.4888468384742737,0,1
qwen32B-int4_telecom_50runs,verbalized,bge-m3,d11bcd2a-db5d-44ad-8956-0a24aedf56c8,2,65,agent,0.5009679794311523,0.0,0.0,0.3443225026130676,-0.22625114971941163,,0,1
qwen32B-int4_telecom_50runs,verbalized,bge-m3,d11bcd2a-db5d-44ad-8956-0a24aedf56c8,3,65,tool,,,,,,,0,1
qwen32B-int4_telecom_50runs,verbalized,bge-m3,d11bcd2a-db5d-44ad-8956-0a24aedf56c8,4,65,agent,0.5598965883255005,0.05,0.0,,,,0,1
qwen32B-int4_telecom_50runs,verbalized,bge-m3,d11bcd2a-db5d-44ad-8956-0a24aedf56c8,5,65,user,,,,,,0.36186379194259644,0,1
qwen32B-int4_telecom_50runs,verbalized,bge-m3,d11bcd2a-db5d-44ad-8956-0a24aedf56c8,6,65,agent,0.8028547763824463,0.35,0.0,0.54575115442276,-0.02723219177939673,,0,1
qwen32B-int4_telecom_50runs,verbalized,bge-m3,d11bcd2a-db5d-44ad-8956-0a24aedf56c8,7,65,tool,,,,,,,0,1
qwen32B-int4_telecom_50runs,verbalized,bge-m3,d11bcd2a-db5d-44ad-8956-0a24aedf56c8,8,65,agent,0.5969343185424805,0.2835820895522388,0.0,,,,0,1
qwen32B-int4_telecom_50runs,verbalized,bge-m3,d11bcd2a-db5d-44ad-8956-0a24aedf56c8,9,65,user,,,,,,0.24921631813049316,0,1
qwen32B-int4_telecom_50runs,verbalized,bge-m3,d11bcd2a-db5d-44ad-8956-0a24aedf56c8,10,65,agent,0.7856007218360901,0.3333333333333333,0.0,0.37681519985198975,-0.2070510279048573,,0,1
qwen32B-int4_telecom_50runs,verbalized,bge-m3,d11bcd2a-db5d-44ad-8956-0a24aedf56c8,11,65,tool,,,,,,,0,1
qwen32B-int4_telecom_50runs,verbalized,bge-m3,d11bcd2a-db5d-44ad-8956-0a24aedf56c8,12,65,agent,0.5066934823989868,0.2087912087912088,0.0,0.36647868156433105,-0.14104431054808875,,0,1
qwen32B-int4_telecom_50runs,verbalized,bge-m3,d11bcd2a-db5d-44ad-8956-0a24aedf56c8,13,65,user,,,,,,0.43816685676574707,0,1
qwen32B-int4_telecom_50runs,verbalized,bge-m3,d11bcd2a-db5d-44ad-8956-0a24aedf56c8,14,65,tool,,,,,,,0,1
qwen32B-int4_telecom_50runs,verbalized,bge-m3,d11bcd2a-db5d-44ad-8956-0a24aedf56c8,15,65,user,,,,,,,0,1
qwen32B-int4_telecom_50runs,verbalized,bge-m3,d11bcd2a-db5d-44ad-8956-0a24aedf56c8,16,65,agent,0.6917333006858826,0.18421052631578946,0.0,0.33044373989105225,-0.1679644151167436,,0,1
qwen32B-int4_telecom_50runs,verbalized,bge-m3,d11bcd2a-db5d-44ad-8956-0a24aedf56c8,17,65,user,,,,,,0.3959643840789795,0,1
qwen32B-int4_telecom_50runs,verbalized,bge-m3,d11bcd2a-db5d-44ad-8956-0a24aedf56c8,18,65,tool,,,,,,,0,1
qwen32B-int4_telecom_50runs,verbalized,bge-m3,d11bcd2a-db5d-44ad-8956-0a24aedf56c8,19,65,user,,,,,,,0,1
qwen32B-int4_telecom_50runs,verbalized,bge-m3,d11bcd2a-db5d-44ad-8956-0a24aedf56c8,20,65,tool,,,,,,,0,1
qwen32B-int4_telecom_50runs,verbalized,bge-m3,d11bcd2a-db5d-44ad-8956-0a24aedf56c8,21,65,user,,,,,,,0,1
qwen32B-int4_telecom_50runs,verbalized,bge-m3,d11bcd2a-db5d-44ad-8956-0a24aedf56c8,22,65,agent,,,,0.30092281103134155,-0.21660784970630298,,0,1
qwen32B-int4_telecom_50runs,verbalized,bge-m3,d11bcd2a-db5d-44ad-8956-0a24aedf56c8,23,65,tool,,,,,,,0,1
qwen32B-int4_telecom_50runs,verbalized,bge-m3,d11bcd2a-db5d-44ad-8956-0a24aedf56c8,24,65,agent,0.48668819665908813,0.010869565217391304,0.0,0.4418370723724365,-0.024664019996469666,,0,1
qwen32B-int4_telecom_50runs,verbalized,bge-m3,d11bcd2a-db5d-44ad-8956-0a24aedf56c8,25,65,user,,,,,,0.41346490383148193,0,1
qwen32B-int4_telecom_50runs,verbalized,bge-m3,d11bcd2a-db5d-44ad-8956-0a24aedf56c8,26,65,tool,,,,,,,0,1
qwen32B-int4_telecom_50runs,verbalized,bge-m3,d11bcd2a-db5d-44ad-8956-0a24aedf56c8,27,65,user,,,,,,,0,1
qwen32B-int4_telecom_50runs,verbalized,bge-m3,d11bcd2a-db5d-44ad-8956-0a24aedf56c8,28,65,agent,0.7187643051147461,0.2152777777777778,0.0,0.3353919982910156,-0.15130482749505475,,0,1
qwen32B-int4_telecom_50runs,verbalized,bge-m3,d11bcd2a-db5d-44ad-8956-0a24aedf56c8,29,65,user,,,,,,0.5039955973625183,0,1
qwen32B-int4_telecom_50runs,verbalized,bge-m3,d11bcd2a-db5d-44ad-8956-0a24aedf56c8,30,65,tool,,,,,,,0,1
qwen32B-int4_telecom_50runs,verbalized,bge-m3,d11bcd2a-db5d-44ad-8956-0a24aedf56c8,31,65,user,,,,,,,0,1
qwen32B-int4_telecom_50runs,verbalized,bge-m3,d11bcd2a-db5d-44ad-8956-0a24aedf56c8,32,65,tool,,,,,,,0,1
qwen32B-int4_telecom_50runs,verbalized,bge-m3,d11bcd2a-db5d-44ad-8956-0a24aedf56c8,33,65,user,,,,,,,0,1
qwen32B-int4_telecom_50runs,verbalized,bge-m3,d11bcd2a-db5d-44ad-8956-0a24aedf56c8,34,65,tool,,,,,,,0,1
qwen32B-int4_telecom_50runs,verbalized,bge-m3,d11bcd2a-db5d-44ad-8956-0a24aedf56c8,35,65,user,,,,,,,0,1
qwen32B-int4_telecom_50runs,verbalized,bge-m3,d11bcd2a-db5d-44ad-8956-0a24aedf56c8,36,65,tool,,,,,,,0,1
qwen32B-int4_telecom_50runs,verbalized,bge-m3,d11bcd2a-db5d-44ad-8956-0a24aedf56c8,37,65,user,,,,,,,0,1
qwen32B-int4_telecom_50runs,verbalized,bge-m3,d11bcd2a-db5d-44ad-8956-0a24aedf56c8,38,65,agent,,,,0.45823174715042114,-0.03946948864243249,,0,1
qwen32B-int4_telecom_50runs,verbalized,bge-m3,d11bcd2a-db5d-44ad-8956-0a24aedf56c8,39,65,user,,,,,,0.4980747699737549,0,1
qwen32B-int4_telecom_50runs,verbalized,bge-m3,d11bcd2a-db5d-44ad-8956-0a24aedf56c8,40,65,tool,,,,,,,0,1
qwen32B-int4_telecom_50runs,verbalized,bge-m3,d11bcd2a-db5d-44ad-8956-0a24aedf56c8,41,65,user,,,,,,,0,1
qwen32B-int4_telecom_50runs,verbalized,bge-m3,d11bcd2a-db5d-44ad-8956-0a24aedf56c8,42,65,tool,,,,,,,0,1
qwen32B-int4_telecom_50runs,verbalized,bge-m3,d11bcd2a-db5d-44ad-8956-0a24aedf56c8,43,65,user,,,,,,,0,1
qwen32B-int4_telecom_50runs,verbalized,bge-m3,d11bcd2a-db5d-44ad-8956-0a24aedf56c8,44,65,agent,,,,0.39852017164230347,-0.09609039263291791,,0,1
qwen32B-int4_telecom_50runs,verbalized,bge-m3,d11bcd2a-db5d-44ad-8956-0a24aedf56c8,45,65,user,,,,,,0.44252628087997437,0,1
qwen32B-int4_telecom_50runs,verbalized,bge-m3,d11bcd2a-db5d-44ad-8956-0a24aedf56c8,46,65,tool,,,,,,,0,1
qwen32B-int4_telecom_50runs,verbalized,bge-m3,d11bcd2a-db5d-44ad-8956-0a24aedf56c8,47,65,user,,,,,,,0,1
qwen32B-int4_telecom_50runs,verbalized,bge-m3,d11bcd2a-db5d-44ad-8956-0a24aedf56c8,48,65,tool,,,,,,,0,1
qwen32B-int4_telecom_50runs,verbalized,bge-m3,d11bcd2a-db5d-44ad-8956-0a24aedf56c8,49,65,tool,,,,,,,0,1
qwen32B-int4_telecom_50runs,verbalized,bge-m3,d11bcd2a-db5d-44ad-8956-0a24aedf56c8,50,65,user,,,,,,,0,1
qwen32B-int4_telecom_50runs,verbalized,bge-m3,d11bcd2a-db5d-44ad-8956-0a24aedf56c8,51,65,agent,,,,0.47683006525039673,-0.016749479553916258,,0,1
qwen32B-int4_telecom_50runs,verbalized,bge-m3,d11bcd2a-db5d-44ad-8956-0a24aedf56c8,52,65,user,,,,,,0.4197404980659485,0,1
qwen32B-int4_telecom_50runs,verbalized,bge-m3,d11bcd2a-db5d-44ad-8956-0a24aedf56c8,53,65,tool,,,,,,,0,1
qwen32B-int4_telecom_50runs,verbalized,bge-m3,d11bcd2a-db5d-44ad-8956-0a24aedf56c8,54,65,user,,,,,,,0,1
qwen32B-int4_telecom_50runs,verbalized,bge-m3,d11bcd2a-db5d-44ad-8956-0a24aedf56c8,55,65,tool,,,,,,,0,1
qwen32B-int4_telecom_50runs,verbalized,bge-m3,d11bcd2a-db5d-44ad-8956-0a24aedf56c8,56,65,user,,,,,,,0,1
qwen32B-int4_telecom_50runs,verbalized,bge-m3,d11bcd2a-db5d-44ad-8956-0a24aedf56c8,57,65,tool,,,,,,,0,1
qwen32B-int4_telecom_50runs,verbalized,bge-m3,d11bcd2a-db5d-44ad-8956-0a24aedf56c8,58,65,user,,,,,,,0,1
qwen32B-int4_telecom_50runs,verbalized,bge-m3,d11bcd2a-db5d-44ad-8956-0a24aedf56c8,59,65,tool,,,,,,,0,1
qwen32B-int4_telecom_50runs,verbalized,bge-m3,d11bcd2a-db5d-44ad-8956-0a24aedf56c8,60,65,user,,,,,,,0,1
qwen32B-int4_telecom_50runs,verbalized,bge-m3,d11bcd2a-db5d-44ad-8956-0a24aedf56c8,61,65,agent,,,,0.4985466003417969,-0.036475254730744755,,0,1
qwen32B-int4_telecom_50runs,verbalized,bge-m3,d11bcd2a-db5d-44ad-8956-0a24aedf56c8,62,65,tool,,,,,,,0,1
qwen32B-int4_telecom_50runs,verbalized,bge-m3,d11bcd2a-db5d-44ad-8956-0a24aedf56c8,63,65,agent,0.6409506797790527,0.10810810810810811,0.0,,,,0,1
qwen32B-int4_telecom_50runs,verbalized,bge-m3,d11bcd2a-db5d-44ad-8956-0a24aedf56c8,64,65,user,,,,,,0.36564910411834717,0,1
qwen32B-int4_telecom_50runs,verbalized,bge-m3,05e4839d-c565-468e-8b89-b940dde5ef2f,0,58,agent,,,,,,,0,1
qwen32B-int4_telecom_50runs,verbalized,bge-m3,05e4839d-c565-468e-8b89-b940dde5ef2f,1,58,user,,,,,,0.4407927393913269,0,1
qwen32B-int4_telecom_50runs,verbalized,bge-m3,05e4839d-c565-468e-8b89-b940dde5ef2f,2,58,agent,0.5314024090766907,0.10526315789473684,0.0,,,,0,1
qwen32B-int4_telecom_50runs,verbalized,bge-m3,05e4839d-c565-468e-8b89-b940dde5ef2f,3,58,user,,,,,,0.28704923391342163,0,1
qwen32B-int4_telecom_50runs,verbalized,bge-m3,05e4839d-c565-468e-8b89-b940dde5ef2f,4,58,agent,0.5237234830856323,0.0,0.0,0.5482547581195831,-0.034366246726777794,,0,1
qwen32B-int4_telecom_50runs,verbalized,bge-m3,05e4839d-c565-468e-8b89-b940dde5ef2f,5,58,tool,,,,,,,0,1
qwen32B-int4_telecom_50runs,verbalized,bge-m3,05e4839d-c565-468e-8b89-b940dde5ef2f,6,58,agent,0.7606896758079529,0.25,0.0,,,,0,1
qwen32B-int4_telecom_50runs,verbalized,bge-m3,05e4839d-c565-468e-8b89-b940dde5ef2f,7,58,user,,,,,,0.3169180750846863,0,1
qwen32B-int4_telecom_50runs,verbalized,bge-m3,05e4839d-c565-468e-8b89-b940dde5ef2f,8,58,agent,0.8008477687835693,0.3333333333333333,0.0,0.3733709454536438,-0.24266461200184297,,0,1
qwen32B-int4_telecom_50runs,verbalized,bge-m3,05e4839d-c565-468e-8b89-b940dde5ef2f,9,58,tool,,,,,,,0,1
qwen32B-int4_telecom_50runs,verbalized,bge-m3,05e4839d-c565-468e-8b89-b940dde5ef2f,10,58,agent,0.5927556753158569,0.14563106796116504,0.0,0.4474506378173828,-0.039319127798080444,,0,1
qwen32B-int4_telecom_50runs,verbalized,bge-m3,05e4839d-c565-468e-8b89-b940dde5ef2f,11,58,user,,,,,,0.39328157901763916,0,1
qwen32B-int4_telecom_50runs,verbalized,bge-m3,05e4839d-c565-468e-8b89-b940dde5ef2f,12,58,tool,,,,,,,0,1
qwen32B-int4_telecom_50runs,verbalized,bge-m3,05e4839d-c565-468e-8b89-b940dde5ef2f,13,58,tool,,,,,,,0,1
qwen32B-int4_telecom_50runs,verbalized,bge-m3,05e4839d-c565-468e-8b89-b940dde5ef2f,14,58,tool,,,,,,,0,1
qwen32B-int4_telecom_50runs,verbalized,bge-m3,05e4839d-c565-468e-8b89-b940dde5ef2f,15,58,user,,,,,,,0,1
qwen32B-int4_telecom_50runs,verbalized,bge-m3,05e4839d-c565-468e-8b89-b940dde5ef2f,16,58,agent,,,,0.40436142683029175,-0.07924634880489773,,0,1
qwen32B-int4_telecom_50runs,verbalized,bge-m3,05e4839d-c565-468e-8b89-b940dde5ef2f,17,58,user,,,,,,0.40215474367141724,0,1
qwen32B-int4_telecom_50runs,verbalized,bge-m3,05e4839d-c565-468e-8b89-b940dde5ef2f,18,58,tool,,,,,,,0,1
qwen32B-int4_telecom_50runs,verbalized,bge-m3,05e4839d-c565-468e-8b89-b940dde5ef2f,19,58,tool,,,,,,,0,1
qwen32B-int4_telecom_50runs,verbalized,bge-m3,05e4839d-c565-468e-8b89-b940dde5ef2f,20,58,tool,,,,,,,0,1
qwen32B-int4_telecom_50runs,verbalized,bge-m3,05e4839d-c565-468e-8b89-b940dde5ef2f,21,58,user,,,,,,,0,1
qwen32B-int4_telecom_50runs,verbalized,bge-m3,05e4839d-c565-468e-8b89-b940dde5ef2f,22,58,agent,,,,,,,0,1
qwen32B-int4_telecom_50runs,verbalized,bge-m3,05e4839d-c565-468e-8b89-b940dde5ef2f,23,58,user,,,,,,0.3813510537147522,0,1
qwen32B-int4_telecom_50runs,verbalized,bge-m3,05e4839d-c565-468e-8b89-b940dde5ef2f,24,58,agent,0.7535431385040283,0.3368421052631579,0.0,0.42527318000793457,-0.055349303616417767,,0,1
qwen32B-int4_telecom_50runs,verbalized,bge-m3,05e4839d-c565-468e-8b89-b940dde5ef2f,25,58,user,,,,,,0.33309614658355713,0,1
qwen32B-int4_telecom_50runs,verbalized,bge-m3,05e4839d-c565-468e-8b89-b940dde5ef2f,26,58,tool,,,,,,,0,1
qwen32B-int4_telecom_50runs,verbalized,bge-m3,05e4839d-c565-468e-8b89-b940dde5ef2f,27,58,tool,,,,,,,0,1
qwen32B-int4_telecom_50runs,verbalized,bge-m3,05e4839d-c565-468e-8b89-b940dde5ef2f,28,58,tool,,,,,,,0,1
qwen32B-int4_telecom_50runs,verbalized,bge-m3,05e4839d-c565-468e-8b89-b940dde5ef2f,29,58,user,,,,,,,0,1
qwen32B-int4_telecom_50runs,verbalized,bge-m3,05e4839d-c565-468e-8b89-b940dde5ef2f,30,58,agent,,,,0.35389983654022217,-0.08219848738776314,,0,1
qwen32B-int4_telecom_50runs,verbalized,bge-m3,05e4839d-c565-468e-8b89-b940dde5ef2f,31,58,user,,,,,,0.3600321412086487,0,1
qwen32B-int4_telecom_50runs,verbalized,bge-m3,05e4839d-c565-468e-8b89-b940dde5ef2f,32,58,tool,,,,,,,0,1
qwen32B-int4_telecom_50runs,verbalized,bge-m3,05e4839d-c565-468e-8b89-b940dde5ef2f,33,58,tool,,,,,,,0,1
qwen32B-int4_telecom_50runs,verbalized,bge-m3,05e4839d-c565-468e-8b89-b940dde5ef2f,34,58,tool,,,,,,,0,1
qwen32B-int4_telecom_50runs,verbalized,bge-m3,05e4839d-c565-468e-8b89-b940dde5ef2f,35,58,user,,,,,,,0,1
qwen32B-int4_telecom_50runs,verbalized,bge-m3,05e4839d-c565-468e-8b89-b940dde5ef2f,36,58,agent,,,,0.3339211940765381,-0.22893353303273523,,0,1
qwen32B-int4_telecom_50runs,verbalized,bge-m3,05e4839d-c565-468e-8b89-b940dde5ef2f,37,58,user,,,,,,0.48171526193618774,0,1
qwen32B-int4_telecom_50runs,verbalized,bge-m3,05e4839d-c565-468e-8b89-b940dde5ef2f,38,58,tool,,,,,,,0,1
qwen32B-int4_telecom_50runs,verbalized,bge-m3,05e4839d-c565-468e-8b89-b940dde5ef2f,39,58,user,,,,,,,0,1
qwen32B-int4_telecom_50runs,verbalized,bge-m3,05e4839d-c565-468e-8b89-b940dde5ef2f,40,58,agent,0.7004932761192322,0.49056603773584906,0.0,0.41697025299072266,-0.06257851587401497,,0,1
qwen32B-int4_telecom_50runs,verbalized,bge-m3,05e4839d-c565-468e-8b89-b940dde5ef2f,41,58,user,,,,,,0.33135759830474854,0,1
qwen32B-int4_telecom_50runs,verbalized,bge-m3,05e4839d-c565-468e-8b89-b940dde5ef2f,42,58,tool,,,,,,,0,1
qwen32B-int4_telecom_50runs,verbalized,bge-m3,05e4839d-c565-468e-8b89-b940dde5ef2f,43,58,tool,,,,,,,0,1
qwen32B-int4_telecom_50runs,verbalized,bge-m3,05e4839d-c565-468e-8b89-b940dde5ef2f,44,58,tool,,,,,,,0,1
qwen32B-int4_telecom_50runs,verbalized,bge-m3,05e4839d-c565-468e-8b89-b940dde5ef2f,45,58,user,,,,,,,0,1
qwen32B-int4_telecom_50runs,verbalized,bge-m3,05e4839d-c565-468e-8b89-b940dde5ef2f,46,58,agent,,,,0.3851583003997803,-0.07422923710611129,,0,1
qwen32B-int4_telecom_50runs,verbalized,bge-m3,05e4839d-c565-468e-8b89-b940dde5ef2f,47,58,user,,,,,,0.4092440605163574,0,1
qwen32B-int4_telecom_50runs,verbalized,bge-m3,05e4839d-c565-468e-8b89-b940dde5ef2f,48,58,tool,,,,,,,0,1
qwen32B-int4_telecom_50runs,verbalized,bge-m3,05e4839d-c565-468e-8b89-b940dde5ef2f,49,58,tool,,,,,,,0,1
qwen32B-int4_telecom_50runs,verbalized,bge-m3,05e4839d-c565-468e-8b89-b940dde5ef2f,50,58,tool,,,,,,,0,1
qwen32B-int4_telecom_50runs,verbalized,bge-m3,05e4839d-c565-468e-8b89-b940dde5ef2f,51,58,user,,,,,,,0,1
qwen32B-int4_telecom_50runs,verbalized,bge-m3,05e4839d-c565-468e-8b89-b940dde5ef2f,52,58,agent,,,,,,,0,1
qwen32B-int4_telecom_50runs,verbalized,bge-m3,05e4839d-c565-468e-8b89-b940dde5ef2f,53,58,user,,,,,,0.20160937309265137,0,1
qwen32B-int4_telecom_50runs,verbalized,bge-m3,05e4839d-c565-468e-8b89-b940dde5ef2f,54,58,agent,0.6163387894630432,0.04938271604938271,0.0,0.5181678235530853,0.058937135669920204,,0,1
qwen32B-int4_telecom_50runs,verbalized,bge-m3,05e4839d-c565-468e-8b89-b940dde5ef2f,55,58,tool,,,,,,,0,1
qwen32B-int4_telecom_50runs,verbalized,bge-m3,05e4839d-c565-468e-8b89-b940dde5ef2f,56,58,agent,0.7300916314125061,0.11475409836065574,0.0,,,,0,1
qwen32B-int4_telecom_50runs,verbalized,bge-m3,05e4839d-c565-468e-8b89-b940dde5ef2f,57,58,user,,,,,,0.47593802213668823,0,1
qwen32B-int4_telecom_50runs,verbalized,bge-m3,c8da8cae-3411-4a98-808c-8a02e3f1df0f,0,68,agent,,,,,,,0,1
qwen32B-int4_telecom_50runs,verbalized,bge-m3,c8da8cae-3411-4a98-808c-8a02e3f1df0f,1,68,user,,,,,,0.4618303179740906,0,1
qwen32B-int4_telecom_50runs,verbalized,bge-m3,c8da8cae-3411-4a98-808c-8a02e3f1df0f,2,68,agent,0.47321438789367676,0.0,0.0,0.3524479269981384,-0.22899345358212786,,0,1
qwen32B-int4_telecom_50runs,verbalized,bge-m3,c8da8cae-3411-4a98-808c-8a02e3f1df0f,3,68,tool,,,,,,,0,1
qwen32B-int4_telecom_50runs,verbalized,bge-m3,c8da8cae-3411-4a98-808c-8a02e3f1df0f,4,68,agent,0.5560823082923889,0.09375,0.0,,,,0,1
qwen32B-int4_telecom_50runs,verbalized,bge-m3,c8da8cae-3411-4a98-808c-8a02e3f1df0f,5,68,user,,,,,,0.31756681203842163,0,1
qwen32B-int4_telecom_50runs,verbalized,bge-m3,c8da8cae-3411-4a98-808c-8a02e3f1df0f,6,68,agent,0.8266523480415344,0.3684210526315789,0.0,0.5480332374572754,-0.03458290100097661,,0,1
qwen32B-int4_telecom_50runs,verbalized,bge-m3,c8da8cae-3411-4a98-808c-8a02e3f1df0f,7,68,tool,,,,,,,0,1
qwen32B-int4_telecom_50runs,verbalized,bge-m3,c8da8cae-3411-4a98-808c-8a02e3f1df0f,8,68,agent,0.6340588927268982,0.2,0.0,,,,0,1
qwen32B-int4_telecom_50runs,verbalized,bge-m3,c8da8cae-3411-4a98-808c-8a02e3f1df0f,9,68,user,,,,,,0.46262818574905396,0,1
qwen32B-int4_telecom_50runs,verbalized,bge-m3,c8da8cae-3411-4a98-808c-8a02e3f1df0f,10,68,agent,0.7923152446746826,0.3333333333333333,0.0,0.38523370027542114,-0.1964494268099467,,0,1
qwen32B-int4_telecom_50runs,verbalized,bge-m3,c8da8cae-3411-4a98-808c-8a02e3f1df0f,11,68,tool,,,,,,,0,1
qwen32B-int4_telecom_50runs,verbalized,bge-m3,c8da8cae-3411-4a98-808c-8a02e3f1df0f,12,68,agent,0.5033204555511475,0.2111111111111111,0.0,0.411468505859375,-0.11269776026407874,,0,1
qwen32B-int4_telecom_50runs,verbalized,bge-m3,c8da8cae-3411-4a98-808c-8a02e3f1df0f,13,68,user,,,,,,0.5066946446895599,0,1
qwen32B-int4_telecom_50runs,verbalized,bge-m3,c8da8cae-3411-4a98-808c-8a02e3f1df0f,14,68,tool,,,,,,,0,1
qwen32B-int4_telecom_50runs,verbalized,bge-m3,c8da8cae-3411-4a98-808c-8a02e3f1df0f,15,68,user,,,,,,,0,1
qwen32B-int4_telecom_50runs,verbalized,bge-m3,c8da8cae-3411-4a98-808c-8a02e3f1df0f,16,68,agent,0.5434457063674927,0.014084507042253521,0.0,0.36510026454925537,-0.1426365077495575,,0,1
qwen32B-int4_telecom_50runs,verbalized,bge-m3,c8da8cae-3411-4a98-808c-8a02e3f1df0f,17,68,tool,,,,,,,0,1
qwen32B-int4_telecom_50runs,verbalized,bge-m3,c8da8cae-3411-4a98-808c-8a02e3f1df0f,18,68,agent,0.5337600111961365,0.0,0.0,,,,0,1
qwen32B-int4_telecom_50runs,verbalized,bge-m3,c8da8cae-3411-4a98-808c-8a02e3f1df0f,19,68,user,,,,,,0.24062061309814453,0,1
qwen32B-int4_telecom_50runs,verbalized,bge-m3,c8da8cae-3411-4a98-808c-8a02e3f1df0f,20,68,agent,0.988350510597229,0.8571428571428571,0.8571428571428571,0.36502206325531006,-0.14393814603487654,,0,1
qwen32B-int4_telecom_50runs,verbalized,bge-m3,c8da8cae-3411-4a98-808c-8a02e3f1df0f,21,68,tool,,,,,,,0,1
qwen32B-int4_telecom_50runs,verbalized,bge-m3,c8da8cae-3411-4a98-808c-8a02e3f1df0f,22,68,agent,0.8796855211257935,0.5,0.0,,,,0,1
qwen32B-int4_telecom_50runs,verbalized,bge-m3,c8da8cae-3411-4a98-808c-8a02e3f1df0f,23,68,user,,,,,,0.29647183418273926,0,1
qwen32B-int4_telecom_50runs,verbalized,bge-m3,c8da8cae-3411-4a98-808c-8a02e3f1df0f,24,68,agent,0.8341084122657776,0.3488372093023256,0.0,0.3539809584617615,-0.14121196269989011,,0,1
qwen32B-int4_telecom_50runs,verbalized,bge-m3,c8da8cae-3411-4a98-808c-8a02e3f1df0f,25,68,user,,,,,,0.42296266555786133,0,1
qwen32B-int4_telecom_50runs,verbalized,bge-m3,c8da8cae-3411-4a98-808c-8a02e3f1df0f,26,68,tool,,,,,,,0,1
qwen32B-int4_telecom_50runs,verbalized,bge-m3,c8da8cae-3411-4a98-808c-8a02e3f1df0f,27,68,user,,,,,,,0,1
qwen32B-int4_telecom_50runs,verbalized,bge-m3,c8da8cae-3411-4a98-808c-8a02e3f1df0f,28,68,agent,0.9160455465316772,0.48717948717948717,0.0,0.2331991195678711,-0.2682837466398875,,0,1
qwen32B-int4_telecom_50runs,verbalized,bge-m3,c8da8cae-3411-4a98-808c-8a02e3f1df0f,29,68,user,,,,,,0.3049345016479492,0,1
qwen32B-int4_telecom_50runs,verbalized,bge-m3,c8da8cae-3411-4a98-808c-8a02e3f1df0f,30,68,tool,,,,,,,0,1
qwen32B-int4_telecom_50runs,verbalized,bge-m3,c8da8cae-3411-4a98-808c-8a02e3f1df0f,31,68,user,,,,,,,0,1
qwen32B-int4_telecom_50runs,verbalized,bge-m3,c8da8cae-3411-4a98-808c-8a02e3f1df0f,32,68,agent,0.8057585954666138,0.46835443037974683,0.0,0.2563095688819885,-0.19944948156674702,,0,1
qwen32B-int4_telecom_50runs,verbalized,bge-m3,c8da8cae-3411-4a98-808c-8a02e3f1df0f,33,68,user,,,,,,0.4903457760810852,0,1
qwen32B-int4_telecom_50runs,verbalized,bge-m3,c8da8cae-3411-4a98-808c-8a02e3f1df0f,34,68,tool,,,,,,,0,1
qwen32B-int4_telecom_50runs,verbalized,bge-m3,c8da8cae-3411-4a98-808c-8a02e3f1df0f,35,68,user,,,,,,,0,1
qwen32B-int4_telecom_50runs,verbalized,bge-m3,c8da8cae-3411-4a98-808c-8a02e3f1df0f,36,68,agent,0.7941088676452637,0.38666666666666666,0.0,0.41220659017562866,-0.07968045671780905,,0,1
qwen32B-int4_telecom_50runs,verbalized,bge-m3,c8da8cae-3411-4a98-808c-8a02e3f1df0f,37,68,user,,,,,,0.43025243282318115,0,1
qwen32B-int4_telecom_50runs,verbalized,bge-m3,c8da8cae-3411-4a98-808c-8a02e3f1df0f,38,68,tool,,,,,,,0,1
qwen32B-int4_telecom_50runs,verbalized,bge-m3,c8da8cae-3411-4a98-808c-8a02e3f1df0f,39,68,user,,,,,,,0,1
qwen32B-int4_telecom_50runs,verbalized,bge-m3,c8da8cae-3411-4a98-808c-8a02e3f1df0f,40,68,agent,0.6966955661773682,0.22330097087378642,0.0,,,,0,1
qwen32B-int4_telecom_50runs,verbalized,bge-m3,c8da8cae-3411-4a98-808c-8a02e3f1df0f,41,68,user,,,,,,0.41673898696899414,0,1
qwen32B-int4_telecom_50runs,verbalized,bge-m3,c8da8cae-3411-4a98-808c-8a02e3f1df0f,42,68,agent,0.7600452899932861,0.24528301886792453,0.0,0.37659406661987305,-0.11111216743787128,,0,1
qwen32B-int4_telecom_50runs,verbalized,bge-m3,c8da8cae-3411-4a98-808c-8a02e3f1df0f,43,68,user,,,,,,0.42386364936828613,0,1
qwen32B-int4_telecom_50runs,verbalized,bge-m3,c8da8cae-3411-4a98-808c-8a02e3f1df0f,44,68,tool,,,,,,,0,1
qwen32B-int4_telecom_50runs,verbalized,bge-m3,c8da8cae-3411-4a98-808c-8a02e3f1df0f,45,68,user,,,,,,,0,1
qwen32B-int4_telecom_50runs,verbalized,bge-m3,c8da8cae-3411-4a98-808c-8a02e3f1df0f,46,68,agent,0.7221707105636597,0.23469387755102042,0.0,0.3490610718727112,-0.10669479767481488,,0,1
qwen32B-int4_telecom_50runs,verbalized,bge-m3,c8da8cae-3411-4a98-808c-8a02e3f1df0f,47,68,user,,,,,,0.499472439289093,0,1
qwen32B-int4_telecom_50runs,verbalized,bge-m3,c8da8cae-3411-4a98-808c-8a02e3f1df0f,48,68,tool,,,,,,,0,1
qwen32B-int4_telecom_50runs,verbalized,bge-m3,c8da8cae-3411-4a98-808c-8a02e3f1df0f,49,68,user,,,,,,,0,1
qwen32B-int4_telecom_50runs,verbalized,bge-m3,c8da8cae-3411-4a98-808c-8a02e3f1df0f,50,68,tool,,,,,,,0,1
qwen32B-int4_telecom_50runs,verbalized,bge-m3,c8da8cae-3411-4a98-808c-8a02e3f1df0f,51,68,user,,,,,,,0,1
qwen32B-int4_telecom_50runs,verbalized,bge-m3,c8da8cae-3411-4a98-808c-8a02e3f1df0f,52,68,agent,,,,0.4287576675415039,-0.09471500317255654,,0,1
qwen32B-int4_telecom_50runs,verbalized,bge-m3,c8da8cae-3411-4a98-808c-8a02e3f1df0f,53,68,user,,,,,,0.3737901449203491,0,1
qwen32B-int4_telecom_50runs,verbalized,bge-m3,c8da8cae-3411-4a98-808c-8a02e3f1df0f,54,68,tool,,,,,,,0,1
qwen32B-int4_telecom_50runs,verbalized,bge-m3,c8da8cae-3411-4a98-808c-8a02e3f1df0f,55,68,user,,,,,,,0,1
qwen32B-int4_telecom_50runs,verbalized,bge-m3,c8da8cae-3411-4a98-808c-8a02e3f1df0f,56,68,agent,0.7588632702827454,0.3684210526315789,0.0,0.43601226806640625,-0.047475079695383726,,0,1
qwen32B-int4_telecom_50runs,verbalized,bge-m3,c8da8cae-3411-4a98-808c-8a02e3f1df0f,57,68,user,,,,,,0.5629639625549316,0,1
qwen32B-int4_telecom_50runs,verbalized,bge-m3,c8da8cae-3411-4a98-808c-8a02e3f1df0f,58,68,tool,,,,,,,0,1
qwen32B-int4_telecom_50runs,verbalized,bge-m3,c8da8cae-3411-4a98-808c-8a02e3f1df0f,59,68,user,,,,,,,0,1
qwen32B-int4_telecom_50runs,verbalized,bge-m3,c8da8cae-3411-4a98-808c-8a02e3f1df0f,60,68,agent,0.7554846405982971,0.3684210526315789,0.0,0.4149521589279175,-0.10672583580017092,,0,1
qwen32B-int4_telecom_50runs,verbalized,bge-m3,c8da8cae-3411-4a98-808c-8a02e3f1df0f,61,68,user,,,,,,0.35711443424224854,0,1
qwen32B-int4_telecom_50runs,verbalized,bge-m3,c8da8cae-3411-4a98-808c-8a02e3f1df0f,62,68,tool,,,,,,,0,1
qwen32B-int4_telecom_50runs,verbalized,bge-m3,c8da8cae-3411-4a98-808c-8a02e3f1df0f,63,68,user,,,,,,,0,1
qwen32B-int4_telecom_50runs,verbalized,bge-m3,c8da8cae-3411-4a98-808c-8a02e3f1df0f,64,68,agent,0.6890313625335693,0.12,0.0,0.5448600947856903,0.03103654185930893,,0,1
qwen32B-int4_telecom_50runs,verbalized,bge-m3,c8da8cae-3411-4a98-808c-8a02e3f1df0f,65,68,tool,,,,,,,0,1
qwen32B-int4_telecom_50runs,verbalized,bge-m3,c8da8cae-3411-4a98-808c-8a02e3f1df0f,66,68,agent,0.5827782154083252,0.09803921568627451,0.0,,,,0,1
qwen32B-int4_telecom_50runs,verbalized,bge-m3,c8da8cae-3411-4a98-808c-8a02e3f1df0f,67,68,user,,,,,,0.36564934253692627,0,1
qwen32B-int4_telecom_50runs,verbalized,bge-m3,43ba9603-4494-4a4c-9f1a-05f1a8d5d249,0,91,agent,,,,,,,0,1
qwen32B-int4_telecom_50runs,verbalized,bge-m3,43ba9603-4494-4a4c-9f1a-05f1a8d5d249,1,91,user,,,,,,0.4618304967880249,0,1
qwen32B-int4_telecom_50runs,verbalized,bge-m3,43ba9603-4494-4a4c-9f1a-05f1a8d5d249,2,91,agent,0.4793795347213745,0.0,0.0,0.3498932123184204,-0.20718748308718204,,0,1
qwen32B-int4_telecom_50runs,verbalized,bge-m3,43ba9603-4494-4a4c-9f1a-05f1a8d5d249,3,91,tool,,,,,,,0,1
qwen32B-int4_telecom_50runs,verbalized,bge-m3,43ba9603-4494-4a4c-9f1a-05f1a8d5d249,4,91,agent,0.5560819506645203,0.09375,0.0,,,,0,1
qwen32B-int4_telecom_50runs,verbalized,bge-m3,43ba9603-4494-4a4c-9f1a-05f1a8d5d249,5,91,user,,,,,,0.4240295886993408,0,1
qwen32B-int4_telecom_50runs,verbalized,bge-m3,43ba9603-4494-4a4c-9f1a-05f1a8d5d249,6,91,agent,0.8399641513824463,0.3684210526315789,0.0,0.5547319948673248,-0.005774529650807381,,0,1
qwen32B-int4_telecom_50runs,verbalized,bge-m3,43ba9603-4494-4a4c-9f1a-05f1a8d5d249,7,91,tool,,,,,,,0,1
qwen32B-int4_telecom_50runs,verbalized,bge-m3,43ba9603-4494-4a4c-9f1a-05f1a8d5d249,8,91,agent,0.6203922033309937,0.2,0.0,,,,0,1
qwen32B-int4_telecom_50runs,verbalized,bge-m3,43ba9603-4494-4a4c-9f1a-05f1a8d5d249,9,91,user,,,,,,0.46262800693511963,0,1
qwen32B-int4_telecom_50runs,verbalized,bge-m3,43ba9603-4494-4a4c-9f1a-05f1a8d5d249,10,91,agent,0.8017657399177551,0.3333333333333333,0.0,0.3810645341873169,-0.18791476264595985,,0,1
qwen32B-int4_telecom_50runs,verbalized,bge-m3,43ba9603-4494-4a4c-9f1a-05f1a8d5d249,11,91,tool,,,,,,,0,1
qwen32B-int4_telecom_50runs,verbalized,bge-m3,43ba9603-4494-4a4c-9f1a-05f1a8d5d249,12,91,agent,0.529895007610321,0.21951219512195122,0.0,0.4229421019554138,-0.10223564319312572,,0,1
qwen32B-int4_telecom_50runs,verbalized,bge-m3,43ba9603-4494-4a4c-9f1a-05f1a8d5d249,13,91,user,,,,,,0.49619925022125244,0,1
qwen32B-int4_telecom_50runs,verbalized,bge-m3,43ba9603-4494-4a4c-9f1a-05f1a8d5d249,14,91,tool,,,,,,,0,1
qwen32B-int4_telecom_50runs,verbalized,bge-m3,43ba9603-4494-4a4c-9f1a-05f1a8d5d249,15,91,user,,,,,,,0,1
qwen32B-int4_telecom_50runs,verbalized,bge-m3,43ba9603-4494-4a4c-9f1a-05f1a8d5d249,16,91,agent,0.5553593635559082,0.0,0.0,0.3648952841758728,-0.15860319696366787,,0,1
qwen32B-int4_telecom_50runs,verbalized,bge-m3,43ba9603-4494-4a4c-9f1a-05f1a8d5d249,17,91,tool,,,,,,,0,1
qwen32B-int4_telecom_50runs,verbalized,bge-m3,43ba9603-4494-4a4c-9f1a-05f1a8d5d249,18,91,agent,0.5363339185714722,0.0,0.0,0.4699017405509949,-0.035726914182305336,,0,1
qwen32B-int4_telecom_50runs,verbalized,bge-m3,43ba9603-4494-4a4c-9f1a-05f1a8d5d249,19,91,user,,,,,,0.48576778173446655,0,1
qwen32B-int4_telecom_50runs,verbalized,bge-m3,43ba9603-4494-4a4c-9f1a-05f1a8d5d249,20,91,tool,,,,,,,0,1
qwen32B-int4_telecom_50runs,verbalized,bge-m3,43ba9603-4494-4a4c-9f1a-05f1a8d5d249,21,91,user,,,,,,,0,1
qwen32B-int4_telecom_50runs,verbalized,bge-m3,43ba9603-4494-4a4c-9f1a-05f1a8d5d249,22,91,agent,0.7494734525680542,0.20588235294117646,0.0,0.3684506416320801,-0.09822438657283783,,0,1
qwen32B-int4_telecom_50runs,verbalized,bge-m3,43ba9603-4494-4a4c-9f1a-05f1a8d5d249,23,91,user,,,,,,0.5136712193489075,0,1
qwen32B-int4_telecom_50runs,verbalized,bge-m3,43ba9603-4494-4a4c-9f1a-05f1a8d5d249,24,91,tool,,,,,,,0,1
qwen32B-int4_telecom_50runs,verbalized,bge-m3,43ba9603-4494-4a4c-9f1a-05f1a8d5d249,25,91,user,,,,,,,0,1
qwen32B-int4_telecom_50runs,verbalized,bge-m3,43ba9603-4494-4a4c-9f1a-05f1a8d5d249,26,91,tool,,,,,,,0,1
qwen32B-int4_telecom_50runs,verbalized,bge-m3,43ba9603-4494-4a4c-9f1a-05f1a8d5d249,27,91,user,,,,,,,0,1
qwen32B-int4_telecom_50runs,verbalized,bge-m3,43ba9603-4494-4a4c-9f1a-05f1a8d5d249,28,91,agent,,,,0.42745959758758545,-0.09321032837033272,,0,1
qwen32B-int4_telecom_50runs,verbalized,bge-m3,43ba9603-4494-4a4c-9f1a-05f1a8d5d249,29,91,user,,,,,,0.4900898337364197,0,1
qwen32B-int4_telecom_50runs,verbalized,bge-m3,43ba9603-4494-4a4c-9f1a-05f1a8d5d249,30,91,tool,,,,,,,0,1
qwen32B-int4_telecom_50runs,verbalized,bge-m3,43ba9603-4494-4a4c-9f1a-05f1a8d5d249,31,91,user,,,,,,,0,1
qwen32B-int4_telecom_50runs,verbalized,bge-m3,43ba9603-4494-4a4c-9f1a-05f1a8d5d249,32,91,tool,,,,,,,0,1
qwen32B-int4_telecom_50runs,verbalized,bge-m3,43ba9603-4494-4a4c-9f1a-05f1a8d5d249,33,91,user,,,,,,,0,1
qwen32B-int4_telecom_50runs,verbalized,bge-m3,43ba9603-4494-4a4c-9f1a-05f1a8d5d249,34,91,agent,,,,,,,0,1
qwen32B-int4_telecom_50runs,verbalized,bge-m3,43ba9603-4494-4a4c-9f1a-05f1a8d5d249,35,91,user,,,,,,0.3432140350341797,0,1
qwen32B-int4_telecom_50runs,verbalized,bge-m3,43ba9603-4494-4a4c-9f1a-05f1a8d5d249,36,91,agent,0.7555187344551086,0.1875,0.0,0.5114345550537109,-0.05381430499255657,,0,1
qwen32B-int4_telecom_50runs,verbalized,bge-m3,43ba9603-4494-4a4c-9f1a-05f1a8d5d249,37,91,user,,,,,,0.4310223460197449,0,1
qwen32B-int4_telecom_50runs,verbalized,bge-m3,43ba9603-4494-4a4c-9f1a-05f1a8d5d249,38,91,tool,,,,,,,0,1
qwen32B-int4_telecom_50runs,verbalized,bge-m3,43ba9603-4494-4a4c-9f1a-05f1a8d5d249,39,91,user,,,,,,,0,1
qwen32B-int4_telecom_50runs,verbalized,bge-m3,43ba9603-4494-4a4c-9f1a-05f1a8d5d249,40,91,tool,,,,,,,0,1
qwen32B-int4_telecom_50runs,verbalized,bge-m3,43ba9603-4494-4a4c-9f1a-05f1a8d5d249,41,91,tool,,,,,,,0,1
qwen32B-int4_telecom_50runs,verbalized,bge-m3,43ba9603-4494-4a4c-9f1a-05f1a8d5d249,42,91,user,,,,,,,0,1
qwen32B-int4_telecom_50runs,verbalized,bge-m3,43ba9603-4494-4a4c-9f1a-05f1a8d5d249,43,91,agent,,,,0.31830787658691406,-0.14683543890714645,,0,1
qwen32B-int4_telecom_50runs,verbalized,bge-m3,43ba9603-4494-4a4c-9f1a-05f1a8d5d249,44,91,user,,,,,,0.2538304924964905,0,1
qwen32B-int4_telecom_50runs,verbalized,bge-m3,43ba9603-4494-4a4c-9f1a-05f1a8d5d249,45,91,tool,,,,,,,0,1
qwen32B-int4_telecom_50runs,verbalized,bge-m3,43ba9603-4494-4a4c-9f1a-05f1a8d5d249,46,91,user,,,,,,,0,1
qwen32B-int4_telecom_50runs,verbalized,bge-m3,43ba9603-4494-4a4c-9f1a-05f1a8d5d249,47,91,agent,0.8053194284439087,0.3106796116504854,0.0,0.30859875679016113,-0.19250505603849888,,0,1
qwen32B-int4_telecom_50runs,verbalized,bge-m3,43ba9603-4494-4a4c-9f1a-05f1a8d5d249,48,91,user,,,,,,0.19486773014068604,0,1
qwen32B-int4_telecom_50runs,verbalized,bge-m3,43ba9603-4494-4a4c-9f1a-05f1a8d5d249,49,91,tool,,,,,,,0,1
qwen32B-int4_telecom_50runs,verbalized,bge-m3,43ba9603-4494-4a4c-9f1a-05f1a8d5d249,50,91,user,,,,,,,0,1
qwen32B-int4_telecom_50runs,verbalized,bge-m3,43ba9603-4494-4a4c-9f1a-05f1a8d5d249,51,91,agent,0.8468338251113892,0.44954128440366975,0.0,0.2791163921356201,-0.2469208762049675,,0,1
qwen32B-int4_telecom_50runs,verbalized,bge-m3,43ba9603-4494-4a4c-9f1a-05f1a8d5d249,52,91,user,,,,,,0.37696516513824463,0,1
qwen32B-int4_telecom_50runs,verbalized,bge-m3,43ba9603-4494-4a4c-9f1a-05f1a8d5d249,53,91,tool,,,,,,,0,1
qwen32B-int4_telecom_50runs,verbalized,bge-m3,43ba9603-4494-4a4c-9f1a-05f1a8d5d249,54,91,user,,,,,,,0,1
qwen32B-int4_telecom_50runs,verbalized,bge-m3,43ba9603-4494-4a4c-9f1a-05f1a8d5d249,55,91,agent,0.6536277532577515,0.1792452830188679,0.0,,,,0,1
qwen32B-int4_telecom_50runs,verbalized,bge-m3,43ba9603-4494-4a4c-9f1a-05f1a8d5d249,56,91,user,,,,,,0.4585592746734619,0,1
qwen32B-int4_telecom_50runs,verbalized,bge-m3,43ba9603-4494-4a4c-9f1a-05f1a8d5d249,57,91,agent,0.6669177412986755,0.1834862385321101,0.0,0.37453991174697876,-0.1471200156956911,,0,1
qwen32B-int4_telecom_50runs,verbalized,bge-m3,43ba9603-4494-4a4c-9f1a-05f1a8d5d249,58,91,user,,,,,,0.30443549156188965,0,1
qwen32B-int4_telecom_50runs,verbalized,bge-m3,43ba9603-4494-4a4c-9f1a-05f1a8d5d249,59,91,tool,,,,,,,0,1
qwen32B-int4_telecom_50runs,verbalized,bge-m3,43ba9603-4494-4a4c-9f1a-05f1a8d5d249,60,91,user,,,,,,,0,1
qwen32B-int4_telecom_50runs,verbalized,bge-m3,43ba9603-4494-4a4c-9f1a-05f1a8d5d249,61,91,tool,,,,,,,0,1
qwen32B-int4_telecom_50runs,verbalized,bge-m3,43ba9603-4494-4a4c-9f1a-05f1a8d5d249,62,91,user,,,,,,,0,1
qwen32B-int4_telecom_50runs,verbalized,bge-m3,43ba9603-4494-4a4c-9f1a-05f1a8d5d249,63,91,agent,,,,0.28144174814224243,-0.2399091962724924,,0,1
qwen32B-int4_telecom_50runs,verbalized,bge-m3,43ba9603-4494-4a4c-9f1a-05f1a8d5d249,64,91,user,,,,,,0.30394911766052246,0,1
qwen32B-int4_telecom_50runs,verbalized,bge-m3,43ba9603-4494-4a4c-9f1a-05f1a8d5d249,65,91,tool,,,,,,,0,1
qwen32B-int4_telecom_50runs,verbalized,bge-m3,43ba9603-4494-4a4c-9f1a-05f1a8d5d249,66,91,user,,,,,,,0,1
qwen32B-int4_telecom_50runs,verbalized,bge-m3,43ba9603-4494-4a4c-9f1a-05f1a8d5d249,67,91,agent,0.6301229000091553,0.4962962962962963,0.0,0.3704948425292969,-0.10042697004973888,,0,1
qwen32B-int4_telecom_50runs,verbalized,bge-m3,43ba9603-4494-4a4c-9f1a-05f1a8d5d249,68,91,user,,,,,,0.18463671207427979,0,1
qwen32B-int4_telecom_50runs,verbalized,bge-m3,43ba9603-4494-4a4c-9f1a-05f1a8d5d249,69,91,tool,,,,,,,0,1
qwen32B-int4_telecom_50runs,verbalized,bge-m3,43ba9603-4494-4a4c-9f1a-05f1a8d5d249,70,91,user,,,,,,,0,1
qwen32B-int4_telecom_50runs,verbalized,bge-m3,43ba9603-4494-4a4c-9f1a-05f1a8d5d249,71,91,tool,,,,,,,0,1
qwen32B-int4_telecom_50runs,verbalized,bge-m3,43ba9603-4494-4a4c-9f1a-05f1a8d5d249,72,91,user,,,,,,,0,1
qwen32B-int4_telecom_50runs,verbalized,bge-m3,43ba9603-4494-4a4c-9f1a-05f1a8d5d249,73,91,tool,,,,,,,0,1
qwen32B-int4_telecom_50runs,verbalized,bge-m3,43ba9603-4494-4a4c-9f1a-05f1a8d5d249,74,91,user,,,,,,,0,1
qwen32B-int4_telecom_50runs,verbalized,bge-m3,43ba9603-4494-4a4c-9f1a-05f1a8d5d249,75,91,tool,,,,,,,0,1
qwen32B-int4_telecom_50runs,verbalized,bge-m3,43ba9603-4494-4a4c-9f1a-05f1a8d5d249,76,91,user,,,,,,,0,1
qwen32B-int4_telecom_50runs,verbalized,bge-m3,43ba9603-4494-4a4c-9f1a-05f1a8d5d249,77,91,tool,,,,,,,0,1
qwen32B-int4_telecom_50runs,verbalized,bge-m3,43ba9603-4494-4a4c-9f1a-05f1a8d5d249,78,91,user,,,,,,,0,1
qwen32B-int4_telecom_50runs,verbalized,bge-m3,43ba9603-4494-4a4c-9f1a-05f1a8d5d249,79,91,agent,,,,0.46419239044189453,-0.014175297692418098,,0,1
qwen32B-int4_telecom_50runs,verbalized,bge-m3,43ba9603-4494-4a4c-9f1a-05f1a8d5d249,80,91,user,,,,,,0.17426490783691406,0,1
qwen32B-int4_telecom_50runs,verbalized,bge-m3,43ba9603-4494-4a4c-9f1a-05f1a8d5d249,81,91,tool,,,,,,,0,1
qwen32B-int4_telecom_50runs,verbalized,bge-m3,43ba9603-4494-4a4c-9f1a-05f1a8d5d249,82,91,user,,,,,,,0,1
qwen32B-int4_telecom_50runs,verbalized,bge-m3,43ba9603-4494-4a4c-9f1a-05f1a8d5d249,83,91,tool,,,,,,,0,1
qwen32B-int4_telecom_50runs,verbalized,bge-m3,43ba9603-4494-4a4c-9f1a-05f1a8d5d249,84,91,user,,,,,,,0,1
qwen32B-int4_telecom_50runs,verbalized,bge-m3,43ba9603-4494-4a4c-9f1a-05f1a8d5d249,85,91,agent,,,,,,,0,1
qwen32B-int4_telecom_50runs,verbalized,bge-m3,43ba9603-4494-4a4c-9f1a-05f1a8d5d249,86,91,user,,,,,,0.25434815883636475,0,1
qwen32B-int4_telecom_50runs,verbalized,bge-m3,43ba9603-4494-4a4c-9f1a-05f1a8d5d249,87,91,agent,0.7964401245117188,0.2717391304347826,0.0,0.46688854694366455,-0.006952928379178047,,0,1
qwen32B-int4_telecom_50runs,verbalized,bge-m3,43ba9603-4494-4a4c-9f1a-05f1a8d5d249,88,91,tool,,,,,,,0,1
qwen32B-int4_telecom_50runs,verbalized,bge-m3,43ba9603-4494-4a4c-9f1a-05f1a8d5d249,89,91,agent,0.6209073066711426,0.125,0.0,,,,0,1
qwen32B-int4_telecom_50runs,verbalized,bge-m3,43ba9603-4494-4a4c-9f1a-05f1a8d5d249,90,91,user,,,,,,0.3656492829322815,0,1
qwen32B-int4_telecom_50runs,verbalized,bge-m3,54a0ad1d-3f35-4ea1-b88b-e33f69cafbe5,0,106,agent,,,,,,,0,1
qwen32B-int4_telecom_50runs,verbalized,bge-m3,54a0ad1d-3f35-4ea1-b88b-e33f69cafbe5,1,106,user,,,,,,0.46183037757873535,0,1
qwen32B-int4_telecom_50runs,verbalized,bge-m3,54a0ad1d-3f35-4ea1-b88b-e33f69cafbe5,2,106,agent,0.47141486406326294,0.0,0.0,0.35112881660461426,-0.2248792598644892,,0,1
qwen32B-int4_telecom_50runs,verbalized,bge-m3,54a0ad1d-3f35-4ea1-b88b-e33f69cafbe5,3,106,tool,,,,,,,0,1
qwen32B-int4_telecom_50runs,verbalized,bge-m3,54a0ad1d-3f35-4ea1-b88b-e33f69cafbe5,4,106,agent,0.556082010269165,0.09375,0.0,,,,0,1
qwen32B-int4_telecom_50runs,verbalized,bge-m3,54a0ad1d-3f35-4ea1-b88b-e33f69cafbe5,5,106,user,,,,,,0.31756675243377686,0,1
qwen32B-int4_telecom_50runs,verbalized,bge-m3,54a0ad1d-3f35-4ea1-b88b-e33f69cafbe5,6,106,agent,0.8268398642539978,0.3684210526315789,0.0,0.5509461760520935,-0.0319621645741992,,0,1
qwen32B-int4_telecom_50runs,verbalized,bge-m3,54a0ad1d-3f35-4ea1-b88b-e33f69cafbe5,7,106,tool,,,,,,,0,1
qwen32B-int4_telecom_50runs,verbalized,bge-m3,54a0ad1d-3f35-4ea1-b88b-e33f69cafbe5,8,106,agent,0.6414985060691833,0.2,0.0,,,,0,1
qwen32B-int4_telecom_50runs,verbalized,bge-m3,54a0ad1d-3f35-4ea1-b88b-e33f69cafbe5,9,106,user,,,,,,0.46262818574905396,0,1
qwen32B-int4_telecom_50runs,verbalized,bge-m3,54a0ad1d-3f35-4ea1-b88b-e33f69cafbe5,10,106,agent,0.7977425456047058,0.3333333333333333,0.0,0.3810364007949829,-0.20235232843293083,,0,1
qwen32B-int4_telecom_50runs,verbalized,bge-m3,54a0ad1d-3f35-4ea1-b88b-e33f69cafbe5,11,106,tool,,,,,,,0,1
qwen32B-int4_telecom_50runs,verbalized,bge-m3,54a0ad1d-3f35-4ea1-b88b-e33f69cafbe5,12,106,agent,0.503320574760437,0.2111111111111111,0.0,0.4880148768424988,-0.0456447518534131,,0,1
qwen32B-int4_telecom_50runs,verbalized,bge-m3,54a0ad1d-3f35-4ea1-b88b-e33f69cafbe5,13,106,user,,,,,,0.5038018226623535,0,1
qwen32B-int4_telecom_50runs,verbalized,bge-m3,54a0ad1d-3f35-4ea1-b88b-e33f69cafbe5,14,106,tool,,,,,,,0,1
qwen32B-int4_telecom_50runs,verbalized,bge-m3,54a0ad1d-3f35-4ea1-b88b-e33f69cafbe5,15,106,user,,,,,,,0,1
qwen32B-int4_telecom_50runs,verbalized,bge-m3,54a0ad1d-3f35-4ea1-b88b-e33f69cafbe5,16,106,agent,0.5480820536613464,0.014084507042253521,0.0,0.3648277521133423,-0.15252994994322455,,0,1
qwen32B-int4_telecom_50runs,verbalized,bge-m3,54a0ad1d-3f35-4ea1-b88b-e33f69cafbe5,17,106,tool,,,,,,,0,1
qwen32B-int4_telecom_50runs,verbalized,bge-m3,54a0ad1d-3f35-4ea1-b88b-e33f69cafbe5,18,106,agent,0.5547114610671997,0.0,0.0,0.2816588282585144,-0.18141350315676796,,0,1
qwen32B-int4_telecom_50runs,verbalized,bge-m3,54a0ad1d-3f35-4ea1-b88b-e33f69cafbe5,19,106,user,,,,,,0.46098077297210693,0,1
qwen32B-int4_telecom_50runs,verbalized,bge-m3,54a0ad1d-3f35-4ea1-b88b-e33f69cafbe5,20,106,tool,,,,,,,0,1
qwen32B-int4_telecom_50runs,verbalized,bge-m3,54a0ad1d-3f35-4ea1-b88b-e33f69cafbe5,21,106,user,,,,,,,0,1
qwen32B-int4_telecom_50runs,verbalized,bge-m3,54a0ad1d-3f35-4ea1-b88b-e33f69cafbe5,22,106,agent,0.7148964405059814,0.18446601941747573,0.0,0.35513120889663696,-0.1653790672620138,,0,1
qwen32B-int4_telecom_50runs,verbalized,bge-m3,54a0ad1d-3f35-4ea1-b88b-e33f69cafbe5,23,106,user,,,,,,0.465986967086792,0,1
qwen32B-int4_telecom_50runs,verbalized,bge-m3,54a0ad1d-3f35-4ea1-b88b-e33f69cafbe5,24,106,tool,,,,,,,0,1
qwen32B-int4_telecom_50runs,verbalized,bge-m3,54a0ad1d-3f35-4ea1-b88b-e33f69cafbe5,25,106,user,,,,,,,0,1
qwen32B-int4_telecom_50runs,verbalized,bge-m3,54a0ad1d-3f35-4ea1-b88b-e33f69cafbe5,26,106,agent,0.4187248945236206,0.0,0.0,0.2953569293022156,-0.21942180395126343,,0,1
qwen32B-int4_telecom_50runs,verbalized,bge-m3,54a0ad1d-3f35-4ea1-b88b-e33f69cafbe5,27,106,tool,,,,,,,0,1
qwen32B-int4_telecom_50runs,verbalized,bge-m3,54a0ad1d-3f35-4ea1-b88b-e33f69cafbe5,28,106,agent,0.5979535579681396,0.0,0.0,0.37204134464263916,-0.13464738428592682,,0,1
qwen32B-int4_telecom_50runs,verbalized,bge-m3,54a0ad1d-3f35-4ea1-b88b-e33f69cafbe5,29,106,user,,,,,,0.41328155994415283,0,1
qwen32B-int4_telecom_50runs,verbalized,bge-m3,54a0ad1d-3f35-4ea1-b88b-e33f69cafbe5,30,106,tool,,,,,,,0,1
qwen32B-int4_telecom_50runs,verbalized,bge-m3,54a0ad1d-3f35-4ea1-b88b-e33f69cafbe5,31,106,user,,,,,,,0,1
qwen32B-int4_telecom_50runs,verbalized,bge-m3,54a0ad1d-3f35-4ea1-b88b-e33f69cafbe5,32,106,agent,0.6207951307296753,0.13934426229508196,0.0,,,,0,1
qwen32B-int4_telecom_50runs,verbalized,bge-m3,54a0ad1d-3f35-4ea1-b88b-e33f69cafbe5,33,106,user,,,,,,0.4022368788719177,0,1
qwen32B-int4_telecom_50runs,verbalized,bge-m3,54a0ad1d-3f35-4ea1-b88b-e33f69cafbe5,34,106,agent,0.7332121729850769,0.29310344827586204,0.0,0.27442800998687744,-0.2706037337581316,,0,1
qwen32B-int4_telecom_50runs,verbalized,bge-m3,54a0ad1d-3f35-4ea1-b88b-e33f69cafbe5,35,106,user,,,,,,0.41359269618988037,0,1
qwen32B-int4_telecom_50runs,verbalized,bge-m3,54a0ad1d-3f35-4ea1-b88b-e33f69cafbe5,36,106,tool,,,,,,,0,1
qwen32B-int4_telecom_50runs,verbalized,bge-m3,54a0ad1d-3f35-4ea1-b88b-e33f69cafbe5,37,106,user,,,,,,,0,1
qwen32B-int4_telecom_50runs,verbalized,bge-m3,54a0ad1d-3f35-4ea1-b88b-e33f69cafbe5,38,106,agent,0.8116172552108765,0.25,0.0,,,,0,1
qwen32B-int4_telecom_50runs,verbalized,bge-m3,54a0ad1d-3f35-4ea1-b88b-e33f69cafbe5,39,106,user,,,,,,0.2848024368286133,0,1
qwen32B-int4_telecom_50runs,verbalized,bge-m3,54a0ad1d-3f35-4ea1-b88b-e33f69cafbe5,40,106,agent,0.7098720669746399,0.21818181818181817,0.0,0.2857081890106201,-0.3028463820616404,,0,1
qwen32B-int4_telecom_50runs,verbalized,bge-m3,54a0ad1d-3f35-4ea1-b88b-e33f69cafbe5,41,106,user,,,,,,0.41081857681274414,0,1
qwen32B-int4_telecom_50runs,verbalized,bge-m3,54a0ad1d-3f35-4ea1-b88b-e33f69cafbe5,42,106,tool,,,,,,,0,1
qwen32B-int4_telecom_50runs,verbalized,bge-m3,54a0ad1d-3f35-4ea1-b88b-e33f69cafbe5,43,106,user,,,,,,,0,1
qwen32B-int4_telecom_50runs,verbalized,bge-m3,54a0ad1d-3f35-4ea1-b88b-e33f69cafbe5,44,106,agent,0.8080474734306335,0.23478260869565218,0.0,0.3470653295516968,-0.19531381792492342,,0,1
qwen32B-int4_telecom_50runs,verbalized,bge-m3,54a0ad1d-3f35-4ea1-b88b-e33f69cafbe5,45,106,user,,,,,,0.42798447608947754,0,1
qwen32B-int4_telecom_50runs,verbalized,bge-m3,54a0ad1d-3f35-4ea1-b88b-e33f69cafbe5,46,106,tool,,,,,,,0,1
qwen32B-int4_telecom_50runs,verbalized,bge-m3,54a0ad1d-3f35-4ea1-b88b-e33f69cafbe5,47,106,user,,,,,,,0,1
qwen32B-int4_telecom_50runs,verbalized,bge-m3,54a0ad1d-3f35-4ea1-b88b-e33f69cafbe5,48,106,agent,0.8122562170028687,0.308411214953271,0.0,0.4045279026031494,-0.07616435488065082,,0,1
qwen32B-int4_telecom_50runs,verbalized,bge-m3,54a0ad1d-3f35-4ea1-b88b-e33f69cafbe5,49,106,user,,,,,,0.416301965713501,0,1
qwen32B-int4_telecom_50runs,verbalized,bge-m3,54a0ad1d-3f35-4ea1-b88b-e33f69cafbe5,50,106,tool,,,,,,,0,1
qwen32B-int4_telecom_50runs,verbalized,bge-m3,54a0ad1d-3f35-4ea1-b88b-e33f69cafbe5,51,106,user,,,,,,,0,1
qwen32B-int4_telecom_50runs,verbalized,bge-m3,54a0ad1d-3f35-4ea1-b88b-e33f69cafbe5,52,106,agent,0.6419216990470886,0.17424242424242425,0.0,,,,0,1
qwen32B-int4_telecom_50runs,verbalized,bge-m3,54a0ad1d-3f35-4ea1-b88b-e33f69cafbe5,53,106,user,,,,,,0.23911601305007935,0,1
qwen32B-int4_telecom_50runs,verbalized,bge-m3,54a0ad1d-3f35-4ea1-b88b-e33f69cafbe5,54,106,agent,0.8795468807220459,0.3125,0.0,0.38136982917785645,-0.12022092110580873,,0,1
qwen32B-int4_telecom_50runs,verbalized,bge-m3,54a0ad1d-3f35-4ea1-b88b-e33f69cafbe5,55,106,user,,,,,,0.44726985692977905,0,1
qwen32B-int4_telecom_50runs,verbalized,bge-m3,54a0ad1d-3f35-4ea1-b88b-e33f69cafbe5,56,106,tool,,,,,,,0,1
qwen32B-int4_telecom_50runs,verbalized,bge-m3,54a0ad1d-3f35-4ea1-b88b-e33f69cafbe5,57,106,user,,,,,,,0,1
qwen32B-int4_telecom_50runs,verbalized,bge-m3,54a0ad1d-3f35-4ea1-b88b-e33f69cafbe5,58,106,agent,0.9235799312591553,0.5193798449612403,0.0,0.3598684072494507,-0.11556402345498401,,0,1
qwen32B-int4_telecom_50runs,verbalized,bge-m3,54a0ad1d-3f35-4ea1-b88b-e33f69cafbe5,59,106,user,,,,,,0.4414277672767639,0,1
qwen32B-int4_telecom_50runs,verbalized,bge-m3,54a0ad1d-3f35-4ea1-b88b-e33f69cafbe5,60,106,tool,,,,,,,0,1
qwen32B-int4_telecom_50runs,verbalized,bge-m3,54a0ad1d-3f35-4ea1-b88b-e33f69cafbe5,61,106,user,,,,,,,0,1
qwen32B-int4_telecom_50runs,verbalized,bge-m3,54a0ad1d-3f35-4ea1-b88b-e33f69cafbe5,62,106,agent,0.8085529804229736,0.49523809523809526,0.0,0.4145829677581787,-0.07979704439640045,,0,1
qwen32B-int4_telecom_50runs,verbalized,bge-m3,54a0ad1d-3f35-4ea1-b88b-e33f69cafbe5,63,106,user,,,,,,0.40573650598526,0,1
qwen32B-int4_telecom_50runs,verbalized,bge-m3,54a0ad1d-3f35-4ea1-b88b-e33f69cafbe5,64,106,tool,,,,,,,0,1
qwen32B-int4_telecom_50runs,verbalized,bge-m3,54a0ad1d-3f35-4ea1-b88b-e33f69cafbe5,65,106,user,,,,,,,0,1
qwen32B-int4_telecom_50runs,verbalized,bge-m3,54a0ad1d-3f35-4ea1-b88b-e33f69cafbe5,66,106,agent,0.6481391787528992,0.2109375,0.0,,,,0,1
qwen32B-int4_telecom_50runs,verbalized,bge-m3,54a0ad1d-3f35-4ea1-b88b-e33f69cafbe5,67,106,user,,,,,,0.4382206201553345,0,1
qwen32B-int4_telecom_50runs,verbalized,bge-m3,54a0ad1d-3f35-4ea1-b88b-e33f69cafbe5,68,106,agent,0.7465221881866455,0.2446043165467626,0.0,0.4317435622215271,-0.11079208552837372,,0,1
qwen32B-int4_telecom_50runs,verbalized,bge-m3,54a0ad1d-3f35-4ea1-b88b-e33f69cafbe5,69,106,user,,,,,,0.47605401277542114,0,1
qwen32B-int4_telecom_50runs,verbalized,bge-m3,54a0ad1d-3f35-4ea1-b88b-e33f69cafbe5,70,106,tool,,,,,,,0,1
qwen32B-int4_telecom_50runs,verbalized,bge-m3,54a0ad1d-3f35-4ea1-b88b-e33f69cafbe5,71,106,user,,,,,,,0,1
qwen32B-int4_telecom_50runs,verbalized,bge-m3,54a0ad1d-3f35-4ea1-b88b-e33f69cafbe5,72,106,agent,0.9587181806564331,0.6938775510204082,0.0,,,,0,1
qwen32B-int4_telecom_50runs,verbalized,bge-m3,54a0ad1d-3f35-4ea1-b88b-e33f69cafbe5,73,106,user,,,,,,0.09393489360809326,0,1
qwen32B-int4_telecom_50runs,verbalized,bge-m3,54a0ad1d-3f35-4ea1-b88b-e33f69cafbe5,74,106,agent,0.8640182614326477,0.3333333333333333,0.0,,,,0,1
qwen32B-int4_telecom_50runs,verbalized,bge-m3,54a0ad1d-3f35-4ea1-b88b-e33f69cafbe5,75,106,user,,,,,,0.1941673755645752,0,1
qwen32B-int4_telecom_50runs,verbalized,bge-m3,54a0ad1d-3f35-4ea1-b88b-e33f69cafbe5,76,106,agent,0.7733445763587952,0.39090909090909093,0.0,0.3472667932510376,-0.13835660450988346,,0,1
qwen32B-int4_telecom_50runs,verbalized,bge-m3,54a0ad1d-3f35-4ea1-b88b-e33f69cafbe5,77,106,user,,,,,,0.3985639214515686,0,1
qwen32B-int4_telecom_50runs,verbalized,bge-m3,54a0ad1d-3f35-4ea1-b88b-e33f69cafbe5,78,106,tool,,,,,,,0,1
qwen32B-int4_telecom_50runs,verbalized,bge-m3,54a0ad1d-3f35-4ea1-b88b-e33f69cafbe5,79,106,user,,,,,,,0,1
qwen32B-int4_telecom_50runs,verbalized,bge-m3,54a0ad1d-3f35-4ea1-b88b-e33f69cafbe5,80,106,agent,0.7483434081077576,0.24193548387096775,0.0,,,,0,1
qwen32B-int4_telecom_50runs,verbalized,bge-m3,54a0ad1d-3f35-4ea1-b88b-e33f69cafbe5,81,106,user,,,,,,0.4679408669471741,0,1
qwen32B-int4_telecom_50runs,verbalized,bge-m3,54a0ad1d-3f35-4ea1-b88b-e33f69cafbe5,82,106,agent,0.6200698614120483,0.3140495867768595,0.0,,,,0,1
qwen32B-int4_telecom_50runs,verbalized,bge-m3,54a0ad1d-3f35-4ea1-b88b-e33f69cafbe5,83,106,user,,,,,,0.14629077911376953,0,1
qwen32B-int4_telecom_50runs,verbalized,bge-m3,54a0ad1d-3f35-4ea1-b88b-e33f69cafbe5,84,106,agent,0.9036277532577515,0.3333333333333333,0.0,,,,0,1
qwen32B-int4_telecom_50runs,verbalized,bge-m3,54a0ad1d-3f35-4ea1-b88b-e33f69cafbe5,85,106,user,,,,,,0.28562724590301514,0,1
qwen32B-int4_telecom_50runs,verbalized,bge-m3,54a0ad1d-3f35-4ea1-b88b-e33f69cafbe5,86,106,agent,0.8378278017044067,0.4205607476635514,0.0,,,,0,1
qwen32B-int4_telecom_50runs,verbalized,bge-m3,54a0ad1d-3f35-4ea1-b88b-e33f69cafbe5,87,106,user,,,,,,0.2766039967536926,0,1
qwen32B-int4_telecom_50runs,verbalized,bge-m3,54a0ad1d-3f35-4ea1-b88b-e33f69cafbe5,88,106,agent,0.8148877024650574,0.3277310924369748,0.0,,,,0,1
qwen32B-int4_telecom_50runs,verbalized,bge-m3,54a0ad1d-3f35-4ea1-b88b-e33f69cafbe5,89,106,user,,,,,,0.3546949625015259,0,1
qwen32B-int4_telecom_50runs,verbalized,bge-m3,54a0ad1d-3f35-4ea1-b88b-e33f69cafbe5,90,106,agent,0.7900020480155945,0.35,0.0,,,,0,1
qwen32B-int4_telecom_50runs,verbalized,bge-m3,54a0ad1d-3f35-4ea1-b88b-e33f69cafbe5,91,106,user,,,,,,0.17005568742752075,0,1
qwen32B-int4_telecom_50runs,verbalized,bge-m3,54a0ad1d-3f35-4ea1-b88b-e33f69cafbe5,92,106,agent,0.8790709376335144,0.4274193548387097,0.0,,,,0,1
qwen32B-int4_telecom_50runs,verbalized,bge-m3,54a0ad1d-3f35-4ea1-b88b-e33f69cafbe5,93,106,user,,,,,,0.37629562616348267,0,1
qwen32B-int4_telecom_50runs,verbalized,bge-m3,54a0ad1d-3f35-4ea1-b88b-e33f69cafbe5,94,106,agent,0.6068941950798035,0.2857142857142857,0.0,,,,0,1
qwen32B-int4_telecom_50runs,verbalized,bge-m3,54a0ad1d-3f35-4ea1-b88b-e33f69cafbe5,95,106,user,,,,,,0.33724087476730347,0,1
qwen32B-int4_telecom_50runs,verbalized,bge-m3,54a0ad1d-3f35-4ea1-b88b-e33f69cafbe5,96,106,agent,0.7110427021980286,0.31297709923664124,0.0,0.3823288679122925,-0.1040843344397015,,0,1
qwen32B-int4_telecom_50runs,verbalized,bge-m3,54a0ad1d-3f35-4ea1-b88b-e33f69cafbe5,97,106,user,,,,,,0.4229516386985779,0,1
qwen32B-int4_telecom_50runs,verbalized,bge-m3,54a0ad1d-3f35-4ea1-b88b-e33f69cafbe5,98,106,tool,,,,,,,0,1
qwen32B-int4_telecom_50runs,verbalized,bge-m3,54a0ad1d-3f35-4ea1-b88b-e33f69cafbe5,99,106,user,,,,,,,0,1
qwen32B-int4_telecom_50runs,verbalized,bge-m3,54a0ad1d-3f35-4ea1-b88b-e33f69cafbe5,100,106,agent,0.6625537872314453,0.23140495867768596,0.0,,,,0,1
qwen32B-int4_telecom_50runs,verbalized,bge-m3,54a0ad1d-3f35-4ea1-b88b-e33f69cafbe5,101,106,user,,,,,,0.39154064655303955,0,1
qwen32B-int4_telecom_50runs,verbalized,bge-m3,54a0ad1d-3f35-4ea1-b88b-e33f69cafbe5,102,106,agent,0.6513027548789978,0.29838709677419356,0.0,,,,0,1
qwen32B-int4_telecom_50runs,verbalized,bge-m3,54a0ad1d-3f35-4ea1-b88b-e33f69cafbe5,103,106,user,,,,,,0.11011093854904175,0,1
qwen32B-int4_telecom_50runs,verbalized,bge-m3,54a0ad1d-3f35-4ea1-b88b-e33f69cafbe5,104,106,agent,0.729716956615448,0.19101123595505617,0.0,,,,0,1
qwen32B-int4_telecom_50runs,verbalized,bge-m3,54a0ad1d-3f35-4ea1-b88b-e33f69cafbe5,105,106,user,,,,,,0.5468020439147949,0,1
qwen32B-int4_telecom_50runs,verbalized,bge-m3,d6d9d1c4-c6f5-45e8-980f-a36f796f2480,0,58,agent,,,,,,,0,0
qwen32B-int4_telecom_50runs,verbalized,bge-m3,d6d9d1c4-c6f5-45e8-980f-a36f796f2480,1,58,user,,,,,,0.44117170572280884,0,0
qwen32B-int4_telecom_50runs,verbalized,bge-m3,d6d9d1c4-c6f5-45e8-980f-a36f796f2480,2,58,agent,0.5705976486206055,0.08333333333333333,0.0,0.32273632287979126,-0.10925963024298352,,0,0
qwen32B-int4_telecom_50runs,verbalized,bge-m3,d6d9d1c4-c6f5-45e8-980f-a36f796f2480,3,58,user,,,,,,0.40333807468414307,0,0
qwen32B-int4_telecom_50runs,verbalized,bge-m3,d6d9d1c4-c6f5-45e8-980f-a36f796f2480,4,58,tool,,,,,,,0,0
qwen32B-int4_telecom_50runs,verbalized,bge-m3,d6d9d1c4-c6f5-45e8-980f-a36f796f2480,5,58,user,,,,,,,0,0
qwen32B-int4_telecom_50runs,verbalized,bge-m3,d6d9d1c4-c6f5-45e8-980f-a36f796f2480,6,58,agent,0.7250375747680664,0.2191780821917808,0.0,0.23989516496658325,-0.150078480442365,,0,0
qwen32B-int4_telecom_50runs,verbalized,bge-m3,d6d9d1c4-c6f5-45e8-980f-a36f796f2480,7,58,user,,,,,,0.41501158475875854,0,0
qwen32B-int4_telecom_50runs,verbalized,bge-m3,d6d9d1c4-c6f5-45e8-980f-a36f796f2480,8,58,tool,,,,,,,0,0
qwen32B-int4_telecom_50runs,verbalized,bge-m3,d6d9d1c4-c6f5-45e8-980f-a36f796f2480,9,58,user,,,,,,,0,0
qwen32B-int4_telecom_50runs,verbalized,bge-m3,d6d9d1c4-c6f5-45e8-980f-a36f796f2480,10,58,agent,0.5357130765914917,0.15942028985507245,0.0,0.4293110966682434,-0.03246163080135983,,0,0
qwen32B-int4_telecom_50runs,verbalized,bge-m3,d6d9d1c4-c6f5-45e8-980f-a36f796f2480,11,58,user,,,,,,0.4125041961669922,0,0
qwen32B-int4_telecom_50runs,verbalized,bge-m3,d6d9d1c4-c6f5-45e8-980f-a36f796f2480,12,58,tool,,,,,,,0,0
qwen32B-int4_telecom_50runs,verbalized,bge-m3,d6d9d1c4-c6f5-45e8-980f-a36f796f2480,13,58,user,,,,,,,0,0
qwen32B-int4_telecom_50runs,verbalized,bge-m3,d6d9d1c4-c6f5-45e8-980f-a36f796f2480,14,58,agent,0.6736634969711304,0.2564102564102564,0.0,0.31677234172821045,-0.08619431157906848,,0,0
qwen32B-int4_telecom_50runs,verbalized,bge-m3,d6d9d1c4-c6f5-45e8-980f-a36f796f2480,15,58,user,,,,,,0.39420753717422485,0,0
qwen32B-int4_telecom_50runs,verbalized,bge-m3,d6d9d1c4-c6f5-45e8-980f-a36f796f2480,16,58,tool,,,,,,,0,0
qwen32B-int4_telecom_50runs,verbalized,bge-m3,d6d9d1c4-c6f5-45e8-980f-a36f796f2480,17,58,user,,,,,,,0,0
qwen32B-int4_telecom_50runs,verbalized,bge-m3,d6d9d1c4-c6f5-45e8-980f-a36f796f2480,18,58,agent,0.6856549382209778,0.21951219512195122,0.0,0.42830657958984375,-0.034962743520736694,,0,0
qwen32B-int4_telecom_50runs,verbalized,bge-m3,d6d9d1c4-c6f5-45e8-980f-a36f796f2480,19,58,user,,,,,,0.3961493968963623,0,0
qwen32B-int4_telecom_50runs,verbalized,bge-m3,d6d9d1c4-c6f5-45e8-980f-a36f796f2480,20,58,tool,,,,,,,0,0
qwen32B-int4_telecom_50runs,verbalized,bge-m3,d6d9d1c4-c6f5-45e8-980f-a36f796f2480,21,58,user,,,,,,,0,0
qwen32B-int4_telecom_50runs,verbalized,bge-m3,d6d9d1c4-c6f5-45e8-980f-a36f796f2480,22,58,agent,0.7348113059997559,0.17105263157894737,0.0,0.3700938820838928,-0.058631050089995085,,0,0
qwen32B-int4_telecom_50runs,verbalized,bge-m3,d6d9d1c4-c6f5-45e8-980f-a36f796f2480,23,58,user,,,,,,0.48823726177215576,0,0
qwen32B-int4_telecom_50runs,verbalized,bge-m3,d6d9d1c4-c6f5-45e8-980f-a36f796f2480,24,58,tool,,,,,,,0,0
qwen32B-int4_telecom_50runs,verbalized,bge-m3,d6d9d1c4-c6f5-45e8-980f-a36f796f2480,25,58,user,,,,,,,0,0
qwen32B-int4_telecom_50runs,verbalized,bge-m3,d6d9d1c4-c6f5-45e8-980f-a36f796f2480,26,58,agent,0.674736499786377,0.3076923076923077,0.0,0.45113712549209595,0.03487174709637958,,0,0
qwen32B-int4_telecom_50runs,verbalized,bge-m3,d6d9d1c4-c6f5-45e8-980f-a36f796f2480,27,58,user,,,,,,0.4867106080055237,0,0
qwen32B-int4_telecom_50runs,verbalized,bge-m3,d6d9d1c4-c6f5-45e8-980f-a36f796f2480,28,58,tool,,,,,,,0,0
qwen32B-int4_telecom_50runs,verbalized,bge-m3,d6d9d1c4-c6f5-45e8-980f-a36f796f2480,29,58,user,,,,,,,0,0
qwen32B-int4_telecom_50runs,verbalized,bge-m3,d6d9d1c4-c6f5-45e8-980f-a36f796f2480,30,58,agent,0.7621169090270996,0.27058823529411763,0.0,0.31483930349349976,-0.1607033833861351,,0,0
qwen32B-int4_telecom_50runs,verbalized,bge-m3,d6d9d1c4-c6f5-45e8-980f-a36f796f2480,31,58,user,,,,,,0.4244251847267151,0,0
qwen32B-int4_telecom_50runs,verbalized,bge-m3,d6d9d1c4-c6f5-45e8-980f-a36f796f2480,32,58,tool,,,,,,,0,0
qwen32B-int4_telecom_50runs,verbalized,bge-m3,d6d9d1c4-c6f5-45e8-980f-a36f796f2480,33,58,user,,,,,,,0,0
qwen32B-int4_telecom_50runs,verbalized,bge-m3,d6d9d1c4-c6f5-45e8-980f-a36f796f2480,34,58,tool,,,,,,,0,0
qwen32B-int4_telecom_50runs,verbalized,bge-m3,d6d9d1c4-c6f5-45e8-980f-a36f796f2480,35,58,user,,,,,,,0,0
qwen32B-int4_telecom_50runs,verbalized,bge-m3,d6d9d1c4-c6f5-45e8-980f-a36f796f2480,36,58,agent,,,,0.34354186058044434,-0.07608720660209656,,0,0
qwen32B-int4_telecom_50runs,verbalized,bge-m3,d6d9d1c4-c6f5-45e8-980f-a36f796f2480,37,58,user,,,,,,0.41611409187316895,0,0
qwen32B-int4_telecom_50runs,verbalized,bge-m3,d6d9d1c4-c6f5-45e8-980f-a36f796f2480,38,58,tool,,,,,,,0,0
qwen32B-int4_telecom_50runs,verbalized,bge-m3,d6d9d1c4-c6f5-45e8-980f-a36f796f2480,39,58,user,,,,,,,0,0
qwen32B-int4_telecom_50runs,verbalized,bge-m3,d6d9d1c4-c6f5-45e8-980f-a36f796f2480,40,58,agent,0.6630607843399048,0.22727272727272727,0.0,0.26155930757522583,-0.17958327382802963,,0,0
qwen32B-int4_telecom_50runs,verbalized,bge-m3,d6d9d1c4-c6f5-45e8-980f-a36f796f2480,41,58,user,,,,,,0.43216466903686523,0,0
qwen32B-int4_telecom_50runs,verbalized,bge-m3,d6d9d1c4-c6f5-45e8-980f-a36f796f2480,42,58,tool,,,,,,,0,0
qwen32B-int4_telecom_50runs,verbalized,bge-m3,d6d9d1c4-c6f5-45e8-980f-a36f796f2480,43,58,user,,,,,,,0,0
qwen32B-int4_telecom_50runs,verbalized,bge-m3,d6d9d1c4-c6f5-45e8-980f-a36f796f2480,44,58,agent,0.8747629523277283,0.4647887323943662,0.4647887323943662,0.3039189577102661,-0.10505450765291852,,0,0
qwen32B-int4_telecom_50runs,verbalized,bge-m3,d6d9d1c4-c6f5-45e8-980f-a36f796f2480,45,58,user,,,,,,0.4942774772644043,0,0
qwen32B-int4_telecom_50runs,verbalized,bge-m3,d6d9d1c4-c6f5-45e8-980f-a36f796f2480,46,58,tool,,,,,,,0,0
qwen32B-int4_telecom_50runs,verbalized,bge-m3,d6d9d1c4-c6f5-45e8-980f-a36f796f2480,47,58,user,,,,,,,0,0
qwen32B-int4_telecom_50runs,verbalized,bge-m3,d6d9d1c4-c6f5-45e8-980f-a36f796f2480,48,58,agent,0.8195702433586121,0.36764705882352944,0.0,0.3524133563041687,-0.08295592665672302,,0,0
qwen32B-int4_telecom_50runs,verbalized,bge-m3,d6d9d1c4-c6f5-45e8-980f-a36f796f2480,49,58,user,,,,,,0.4902380108833313,0,0
qwen32B-int4_telecom_50runs,verbalized,bge-m3,d6d9d1c4-c6f5-45e8-980f-a36f796f2480,50,58,tool,,,,,,,0,0
qwen32B-int4_telecom_50runs,verbalized,bge-m3,d6d9d1c4-c6f5-45e8-980f-a36f796f2480,51,58,user,,,,,,,0,0
qwen32B-int4_telecom_50runs,verbalized,bge-m3,d6d9d1c4-c6f5-45e8-980f-a36f796f2480,52,58,agent,0.8805818557739258,0.4230769230769231,0.0,0.3301430940628052,-0.07222546140352887,,0,0
qwen32B-int4_telecom_50runs,verbalized,bge-m3,d6d9d1c4-c6f5-45e8-980f-a36f796f2480,53,58,user,,,,,,0.4300568103790283,0,0
qwen32B-int4_telecom_50runs,verbalized,bge-m3,d6d9d1c4-c6f5-45e8-980f-a36f796f2480,54,58,tool,,,,,,,0,0
qwen32B-int4_telecom_50runs,verbalized,bge-m3,d6d9d1c4-c6f5-45e8-980f-a36f796f2480,55,58,user,,,,,,,0,0
qwen32B-int4_telecom_50runs,verbalized,bge-m3,d6d9d1c4-c6f5-45e8-980f-a36f796f2480,56,58,agent,0.8280587792396545,0.16176470588235295,0.0,,,,0,0
qwen32B-int4_telecom_50runs,verbalized,bge-m3,d6d9d1c4-c6f5-45e8-980f-a36f796f2480,57,58,user,,,,,,0.434855580329895,0,0
qwen32B-int4_telecom_50runs,verbalized,bge-m3,f5fc3a0d-6755-47a9-87a6-370d6eeb8b1b,0,78,agent,,,,,,,0,1
qwen32B-int4_telecom_50runs,verbalized,bge-m3,f5fc3a0d-6755-47a9-87a6-370d6eeb8b1b,1,78,user,,,,,,0.4411715865135193,0,1
qwen32B-int4_telecom_50runs,verbalized,bge-m3,f5fc3a0d-6755-47a9-87a6-370d6eeb8b1b,2,78,agent,0.5705976486206055,0.08333333333333333,0.0,0.29315513372421265,-0.16481133607717663,,0,1
qwen32B-int4_telecom_50runs,verbalized,bge-m3,f5fc3a0d-6755-47a9-87a6-370d6eeb8b1b,3,78,user,,,,,,0.4134673476219177,0,1
qwen32B-int4_telecom_50runs,verbalized,bge-m3,f5fc3a0d-6755-47a9-87a6-370d6eeb8b1b,4,78,tool,,,,,,,0,1
qwen32B-int4_telecom_50runs,verbalized,bge-m3,f5fc3a0d-6755-47a9-87a6-370d6eeb8b1b,5,78,user,,,,,,,0,1
qwen32B-int4_telecom_50runs,verbalized,bge-m3,f5fc3a0d-6755-47a9-87a6-370d6eeb8b1b,6,78,agent,0.6891140937805176,0.313953488372093,0.0,0.3618735074996948,-0.1253795944727384,,0,1
qwen32B-int4_telecom_50runs,verbalized,bge-m3,f5fc3a0d-6755-47a9-87a6-370d6eeb8b1b,7,78,user,,,,,,0.3550788164138794,0,1
qwen32B-int4_telecom_50runs,verbalized,bge-m3,f5fc3a0d-6755-47a9-87a6-370d6eeb8b1b,8,78,tool,,,,,,,0,1
qwen32B-int4_telecom_50runs,verbalized,bge-m3,f5fc3a0d-6755-47a9-87a6-370d6eeb8b1b,9,78,user,,,,,,,0,1
qwen32B-int4_telecom_50runs,verbalized,bge-m3,f5fc3a0d-6755-47a9-87a6-370d6eeb8b1b,10,78,tool,,,,,,,0,1
qwen32B-int4_telecom_50runs,verbalized,bge-m3,f5fc3a0d-6755-47a9-87a6-370d6eeb8b1b,11,78,user,,,,,,,0,1
qwen32B-int4_telecom_50runs,verbalized,bge-m3,f5fc3a0d-6755-47a9-87a6-370d6eeb8b1b,12,78,agent,,,,0.4374309182167053,-0.029678940773010254,,0,1
qwen32B-int4_telecom_50runs,verbalized,bge-m3,f5fc3a0d-6755-47a9-87a6-370d6eeb8b1b,13,78,user,,,,,,0.4030369520187378,0,1
qwen32B-int4_telecom_50runs,verbalized,bge-m3,f5fc3a0d-6755-47a9-87a6-370d6eeb8b1b,14,78,tool,,,,,,,0,1
qwen32B-int4_telecom_50runs,verbalized,bge-m3,f5fc3a0d-6755-47a9-87a6-370d6eeb8b1b,15,78,user,,,,,,,0,1
qwen32B-int4_telecom_50runs,verbalized,bge-m3,f5fc3a0d-6755-47a9-87a6-370d6eeb8b1b,16,78,agent,0.7137136459350586,0.25842696629213485,0.0,0.3943917155265808,-0.01954986269657427,,0,1
qwen32B-int4_telecom_50runs,verbalized,bge-m3,f5fc3a0d-6755-47a9-87a6-370d6eeb8b1b,17,78,user,,,,,,0.4680888056755066,0,1
qwen32B-int4_telecom_50runs,verbalized,bge-m3,f5fc3a0d-6755-47a9-87a6-370d6eeb8b1b,18,78,tool,,,,,,,0,1
qwen32B-int4_telecom_50runs,verbalized,bge-m3,f5fc3a0d-6755-47a9-87a6-370d6eeb8b1b,19,78,user,,,,,,,0,1
qwen32B-int4_telecom_50runs,verbalized,bge-m3,f5fc3a0d-6755-47a9-87a6-370d6eeb8b1b,20,78,agent,0.7925676703453064,0.2716049382716049,0.0,0.40965282917022705,-0.019110026267858626,,0,1
qwen32B-int4_telecom_50runs,verbalized,bge-m3,f5fc3a0d-6755-47a9-87a6-370d6eeb8b1b,21,78,user,,,,,,0.4650654196739197,0,1
qwen32B-int4_telecom_50runs,verbalized,bge-m3,f5fc3a0d-6755-47a9-87a6-370d6eeb8b1b,22,78,tool,,,,,,,0,1
qwen32B-int4_telecom_50runs,verbalized,bge-m3,f5fc3a0d-6755-47a9-87a6-370d6eeb8b1b,23,78,user,,,,,,,0,1
qwen32B-int4_telecom_50runs,verbalized,bge-m3,f5fc3a0d-6755-47a9-87a6-370d6eeb8b1b,24,78,tool,,,,,,,0,1
qwen32B-int4_telecom_50runs,verbalized,bge-m3,f5fc3a0d-6755-47a9-87a6-370d6eeb8b1b,25,78,user,,,,,,,0,1
qwen32B-int4_telecom_50runs,verbalized,bge-m3,f5fc3a0d-6755-47a9-87a6-370d6eeb8b1b,26,78,agent,,,,0.422497034072876,-0.032480696072945237,,0,1
qwen32B-int4_telecom_50runs,verbalized,bge-m3,f5fc3a0d-6755-47a9-87a6-370d6eeb8b1b,27,78,user,,,,,,0.30479758977890015,0,1
qwen32B-int4_telecom_50runs,verbalized,bge-m3,f5fc3a0d-6755-47a9-87a6-370d6eeb8b1b,28,78,tool,,,,,,,0,1
qwen32B-int4_telecom_50runs,verbalized,bge-m3,f5fc3a0d-6755-47a9-87a6-370d6eeb8b1b,29,78,user,,,,,,,0,1
qwen32B-int4_telecom_50runs,verbalized,bge-m3,f5fc3a0d-6755-47a9-87a6-370d6eeb8b1b,30,78,tool,,,,,,,0,1
qwen32B-int4_telecom_50runs,verbalized,bge-m3,f5fc3a0d-6755-47a9-87a6-370d6eeb8b1b,31,78,user,,,,,,,0,1
qwen32B-int4_telecom_50runs,verbalized,bge-m3,f5fc3a0d-6755-47a9-87a6-370d6eeb8b1b,32,78,tool,,,,,,,0,1
qwen32B-int4_telecom_50runs,verbalized,bge-m3,f5fc3a0d-6755-47a9-87a6-370d6eeb8b1b,33,78,user,,,,,,,0,1
qwen32B-int4_telecom_50runs,verbalized,bge-m3,f5fc3a0d-6755-47a9-87a6-370d6eeb8b1b,34,78,agent,,,,,,,0,1
qwen32B-int4_telecom_50runs,verbalized,bge-m3,f5fc3a0d-6755-47a9-87a6-370d6eeb8b1b,35,78,user,,,,,,0.4002577066421509,0,1
qwen32B-int4_telecom_50runs,verbalized,bge-m3,f5fc3a0d-6755-47a9-87a6-370d6eeb8b1b,36,78,agent,0.5545825958251953,0.01639344262295082,0.0,0.37648600339889526,-0.18829908967018127,,0,1
qwen32B-int4_telecom_50runs,verbalized,bge-m3,f5fc3a0d-6755-47a9-87a6-370d6eeb8b1b,37,78,tool,,,,,,,0,1
qwen32B-int4_telecom_50runs,verbalized,bge-m3,f5fc3a0d-6755-47a9-87a6-370d6eeb8b1b,38,78,agent,0.7335336208343506,0.32098765432098764,0.0,,,,0,1
qwen32B-int4_telecom_50runs,verbalized,bge-m3,f5fc3a0d-6755-47a9-87a6-370d6eeb8b1b,39,78,user,,,,,,0.2601792812347412,0,1
qwen32B-int4_telecom_50runs,verbalized,bge-m3,f5fc3a0d-6755-47a9-87a6-370d6eeb8b1b,40,78,agent,0.8679898381233215,0.391304347826087,0.0,,,,0,1
qwen32B-int4_telecom_50runs,verbalized,bge-m3,f5fc3a0d-6755-47a9-87a6-370d6eeb8b1b,41,78,user,,,,,,0.14323770999908447,0,1
qwen32B-int4_telecom_50runs,verbalized,bge-m3,f5fc3a0d-6755-47a9-87a6-370d6eeb8b1b,42,78,agent,0.5170428156852722,0.02127659574468085,0.0,0.4702531099319458,-0.11173493128556466,,0,1
qwen32B-int4_telecom_50runs,verbalized,bge-m3,f5fc3a0d-6755-47a9-87a6-370d6eeb8b1b,43,78,tool,,,,,,,0,1
qwen32B-int4_telecom_50runs,verbalized,bge-m3,f5fc3a0d-6755-47a9-87a6-370d6eeb8b1b,44,78,agent,0.6950825452804565,0.18947368421052632,0.0,,,,0,1
qwen32B-int4_telecom_50runs,verbalized,bge-m3,f5fc3a0d-6755-47a9-87a6-370d6eeb8b1b,45,78,user,,,,,,0.43144774436950684,0,1
qwen32B-int4_telecom_50runs,verbalized,bge-m3,f5fc3a0d-6755-47a9-87a6-370d6eeb8b1b,46,78,agent,0.7157074213027954,0.19753086419753085,0.0,0.3312388062477112,-0.17687035065430856,,0,1
qwen32B-int4_telecom_50runs,verbalized,bge-m3,f5fc3a0d-6755-47a9-87a6-370d6eeb8b1b,47,78,tool,,,,,,,0,1
qwen32B-int4_telecom_50runs,verbalized,bge-m3,f5fc3a0d-6755-47a9-87a6-370d6eeb8b1b,48,78,agent,0.7932721376419067,0.4318181818181818,0.0,,,,0,1
qwen32B-int4_telecom_50runs,verbalized,bge-m3,f5fc3a0d-6755-47a9-87a6-370d6eeb8b1b,49,78,user,,,,,,0.25648802518844604,0,1
qwen32B-int4_telecom_50runs,verbalized,bge-m3,f5fc3a0d-6755-47a9-87a6-370d6eeb8b1b,50,78,agent,0.6840309500694275,0.42105263157894735,0.0,0.3939638137817383,-0.09292372602682847,,0,1
qwen32B-int4_telecom_50runs,verbalized,bge-m3,f5fc3a0d-6755-47a9-87a6-370d6eeb8b1b,51,78,tool,,,,,,,0,1
qwen32B-int4_telecom_50runs,verbalized,bge-m3,f5fc3a0d-6755-47a9-87a6-370d6eeb8b1b,52,78,agent,0.8347644209861755,0.1836734693877551,0.0,0.4461643695831299,0.01991515893202561,,0,1
qwen32B-int4_telecom_50runs,verbalized,bge-m3,f5fc3a0d-6755-47a9-87a6-370d6eeb8b1b,53,78,user,,,,,,0.443572998046875,0,1
qwen32B-int4_telecom_50runs,verbalized,bge-m3,f5fc3a0d-6755-47a9-87a6-370d6eeb8b1b,54,78,tool,,,,,,,0,1
qwen32B-int4_telecom_50runs,verbalized,bge-m3,f5fc3a0d-6755-47a9-87a6-370d6eeb8b1b,55,78,user,,,,,,,0,1
qwen32B-int4_telecom_50runs,verbalized,bge-m3,f5fc3a0d-6755-47a9-87a6-370d6eeb8b1b,56,78,tool,,,,,,,0,1
qwen32B-int4_telecom_50runs,verbalized,bge-m3,f5fc3a0d-6755-47a9-87a6-370d6eeb8b1b,57,78,user,,,,,,,0,1
qwen32B-int4_telecom_50runs,verbalized,bge-m3,f5fc3a0d-6755-47a9-87a6-370d6eeb8b1b,58,78,agent,,,,0.4457823634147644,-0.03768707009462208,,0,1
qwen32B-int4_telecom_50runs,verbalized,bge-m3,f5fc3a0d-6755-47a9-87a6-370d6eeb8b1b,59,78,user,,,,,,0.4336235523223877,0,1
qwen32B-int4_telecom_50runs,verbalized,bge-m3,f5fc3a0d-6755-47a9-87a6-370d6eeb8b1b,60,78,tool,,,,,,,0,1
qwen32B-int4_telecom_50runs,verbalized,bge-m3,f5fc3a0d-6755-47a9-87a6-370d6eeb8b1b,61,78,user,,,,,,,0,1
qwen32B-int4_telecom_50runs,verbalized,bge-m3,f5fc3a0d-6755-47a9-87a6-370d6eeb8b1b,62,78,tool,,,,,,,0,1
qwen32B-int4_telecom_50runs,verbalized,bge-m3,f5fc3a0d-6755-47a9-87a6-370d6eeb8b1b,63,78,user,,,,,,,0,1
qwen32B-int4_telecom_50runs,verbalized,bge-m3,f5fc3a0d-6755-47a9-87a6-370d6eeb8b1b,64,78,agent,,,,0.48207706212997437,0.050252325259722175,,0,1
qwen32B-int4_telecom_50runs,verbalized,bge-m3,f5fc3a0d-6755-47a9-87a6-370d6eeb8b1b,65,78,user,,,,,,0.38403594493865967,0,1
qwen32B-int4_telecom_50runs,verbalized,bge-m3,f5fc3a0d-6755-47a9-87a6-370d6eeb8b1b,66,78,tool,,,,,,,0,1
qwen32B-int4_telecom_50runs,verbalized,bge-m3,f5fc3a0d-6755-47a9-87a6-370d6eeb8b1b,67,78,user,,,,,,,0,1
qwen32B-int4_telecom_50runs,verbalized,bge-m3,f5fc3a0d-6755-47a9-87a6-370d6eeb8b1b,68,78,tool,,,,,,,0,1
qwen32B-int4_telecom_50runs,verbalized,bge-m3,f5fc3a0d-6755-47a9-87a6-370d6eeb8b1b,69,78,user,,,,,,,0,1
qwen32B-int4_telecom_50runs,verbalized,bge-m3,f5fc3a0d-6755-47a9-87a6-370d6eeb8b1b,70,78,tool,,,,,,,0,1
qwen32B-int4_telecom_50runs,verbalized,bge-m3,f5fc3a0d-6755-47a9-87a6-370d6eeb8b1b,71,78,user,,,,,,,0,1
qwen32B-int4_telecom_50runs,verbalized,bge-m3,f5fc3a0d-6755-47a9-87a6-370d6eeb8b1b,72,78,tool,,,,,,,0,1
qwen32B-int4_telecom_50runs,verbalized,bge-m3,f5fc3a0d-6755-47a9-87a6-370d6eeb8b1b,73,78,user,,,,,,,0,1
qwen32B-int4_telecom_50runs,verbalized,bge-m3,f5fc3a0d-6755-47a9-87a6-370d6eeb8b1b,74,78,agent,,,,0.4623740315437317,-0.12560878350184512,,0,1
qwen32B-int4_telecom_50runs,verbalized,bge-m3,f5fc3a0d-6755-47a9-87a6-370d6eeb8b1b,75,78,tool,,,,,,,0,1
qwen32B-int4_telecom_50runs,verbalized,bge-m3,f5fc3a0d-6755-47a9-87a6-370d6eeb8b1b,76,78,agent,0.7175459861755371,0.1568627450980392,0.0,,,,0,1
qwen32B-int4_telecom_50runs,verbalized,bge-m3,f5fc3a0d-6755-47a9-87a6-370d6eeb8b1b,77,78,user,,,,,,0.3656492233276367,0,1
qwen32B-int4_telecom_50runs,verbalized,bge-m3,0b3e6973-ac91-46cb-a2f8-ff436171cebb,0,46,agent,,,,,,,0,1
qwen32B-int4_telecom_50runs,verbalized,bge-m3,0b3e6973-ac91-46cb-a2f8-ff436171cebb,1,46,user,,,,,,0.4888468384742737,0,1
qwen32B-int4_telecom_50runs,verbalized,bge-m3,0b3e6973-ac91-46cb-a2f8-ff436171cebb,2,46,agent,0.505671501159668,0.0,0.0,0.33345913887023926,-0.2321203015744686,,0,1
qwen32B-int4_telecom_50runs,verbalized,bge-m3,0b3e6973-ac91-46cb-a2f8-ff436171cebb,3,46,tool,,,,,,,0,1
qwen32B-int4_telecom_50runs,verbalized,bge-m3,0b3e6973-ac91-46cb-a2f8-ff436171cebb,4,46,agent,0.5677403807640076,0.05,0.0,,,,0,1
qwen32B-int4_telecom_50runs,verbalized,bge-m3,0b3e6973-ac91-46cb-a2f8-ff436171cebb,5,46,user,,,,,,0.36186379194259644,0,1
qwen32B-int4_telecom_50runs,verbalized,bge-m3,0b3e6973-ac91-46cb-a2f8-ff436171cebb,6,46,agent,0.8099262714385986,0.35,0.0,0.5492272078990936,-0.016189202666282654,,0,1
qwen32B-int4_telecom_50runs,verbalized,bge-m3,0b3e6973-ac91-46cb-a2f8-ff436171cebb,7,46,tool,,,,,,,0,1
qwen32B-int4_telecom_50runs,verbalized,bge-m3,0b3e6973-ac91-46cb-a2f8-ff436171cebb,8,46,agent,0.5969343185424805,0.2835820895522388,0.0,,,,0,1
qwen32B-int4_telecom_50runs,verbalized,bge-m3,0b3e6973-ac91-46cb-a2f8-ff436171cebb,9,46,user,,,,,,0.24921631813049316,0,1
qwen32B-int4_telecom_50runs,verbalized,bge-m3,0b3e6973-ac91-46cb-a2f8-ff436171cebb,10,46,agent,0.8050548434257507,0.3333333333333333,0.0,0.37375640869140625,-0.2008105218410492,,0,1
qwen32B-int4_telecom_50runs,verbalized,bge-m3,0b3e6973-ac91-46cb-a2f8-ff436171cebb,11,46,tool,,,,,,,0,1
qwen32B-int4_telecom_50runs,verbalized,bge-m3,0b3e6973-ac91-46cb-a2f8-ff436171cebb,12,46,agent,0.5224097967147827,0.21951219512195122,0.0,0.4908522367477417,-0.008089538663625717,,0,1
qwen32B-int4_telecom_50runs,verbalized,bge-m3,0b3e6973-ac91-46cb-a2f8-ff436171cebb,13,46,user,,,,,,0.4395570158958435,0,1
qwen32B-int4_telecom_50runs,verbalized,bge-m3,0b3e6973-ac91-46cb-a2f8-ff436171cebb,14,46,tool,,,,,,,0,1
qwen32B-int4_telecom_50runs,verbalized,bge-m3,0b3e6973-ac91-46cb-a2f8-ff436171cebb,15,46,user,,,,,,,0,1
qwen32B-int4_telecom_50runs,verbalized,bge-m3,0b3e6973-ac91-46cb-a2f8-ff436171cebb,16,46,agent,0.7044541835784912,0.20270270270270271,0.0,0.2642212510108948,-0.24066657200455666,,0,1
qwen32B-int4_telecom_50runs,verbalized,bge-m3,0b3e6973-ac91-46cb-a2f8-ff436171cebb,17,46,user,,,,,,0.44787728786468506,0,1
qwen32B-int4_telecom_50runs,verbalized,bge-m3,0b3e6973-ac91-46cb-a2f8-ff436171cebb,18,46,tool,,,,,,,0,1
qwen32B-int4_telecom_50runs,verbalized,bge-m3,0b3e6973-ac91-46cb-a2f8-ff436171cebb,19,46,user,,,,,,,0,1
qwen32B-int4_telecom_50runs,verbalized,bge-m3,0b3e6973-ac91-46cb-a2f8-ff436171cebb,20,46,agent,0.7539663314819336,0.2571428571428571,0.0,0.27563291788101196,-0.2459307760000229,,0,1
qwen32B-int4_telecom_50runs,verbalized,bge-m3,0b3e6973-ac91-46cb-a2f8-ff436171cebb,21,46,user,,,,,,0.13637661933898926,0,1
qwen32B-int4_telecom_50runs,verbalized,bge-m3,0b3e6973-ac91-46cb-a2f8-ff436171cebb,22,46,tool,,,,,,,0,1
qwen32B-int4_telecom_50runs,verbalized,bge-m3,0b3e6973-ac91-46cb-a2f8-ff436171cebb,23,46,user,,,,,,,0,1
qwen32B-int4_telecom_50runs,verbalized,bge-m3,0b3e6973-ac91-46cb-a2f8-ff436171cebb,24,46,tool,,,,,,,0,1
qwen32B-int4_telecom_50runs,verbalized,bge-m3,0b3e6973-ac91-46cb-a2f8-ff436171cebb,25,46,user,,,,,,,0,1
qwen32B-int4_telecom_50runs,verbalized,bge-m3,0b3e6973-ac91-46cb-a2f8-ff436171cebb,26,46,agent,,,,0.47665488719940186,-0.05386778712272644,,0,1
qwen32B-int4_telecom_50runs,verbalized,bge-m3,0b3e6973-ac91-46cb-a2f8-ff436171cebb,27,46,user,,,,,,0.34698134660720825,0,1
qwen32B-int4_telecom_50runs,verbalized,bge-m3,0b3e6973-ac91-46cb-a2f8-ff436171cebb,28,46,tool,,,,,,,0,1
qwen32B-int4_telecom_50runs,verbalized,bge-m3,0b3e6973-ac91-46cb-a2f8-ff436171cebb,29,46,user,,,,,,,0,1
qwen32B-int4_telecom_50runs,verbalized,bge-m3,0b3e6973-ac91-46cb-a2f8-ff436171cebb,30,46,tool,,,,,,,0,1
qwen32B-int4_telecom_50runs,verbalized,bge-m3,0b3e6973-ac91-46cb-a2f8-ff436171cebb,31,46,user,,,,,,,0,1
qwen32B-int4_telecom_50runs,verbalized,bge-m3,0b3e6973-ac91-46cb-a2f8-ff436171cebb,32,46,agent,,,,0.24619615077972412,-0.2546488493680954,,0,1
qwen32B-int4_telecom_50runs,verbalized,bge-m3,0b3e6973-ac91-46cb-a2f8-ff436171cebb,33,46,user,,,,,,0.3066678047180176,0,1
qwen32B-int4_telecom_50runs,verbalized,bge-m3,0b3e6973-ac91-46cb-a2f8-ff436171cebb,34,46,tool,,,,,,,0,1
qwen32B-int4_telecom_50runs,verbalized,bge-m3,0b3e6973-ac91-46cb-a2f8-ff436171cebb,35,46,user,,,,,,,0,1
qwen32B-int4_telecom_50runs,verbalized,bge-m3,0b3e6973-ac91-46cb-a2f8-ff436171cebb,36,46,tool,,,,,,,0,1
qwen32B-int4_telecom_50runs,verbalized,bge-m3,0b3e6973-ac91-46cb-a2f8-ff436171cebb,37,46,user,,,,,,,0,1
qwen32B-int4_telecom_50runs,verbalized,bge-m3,0b3e6973-ac91-46cb-a2f8-ff436171cebb,38,46,tool,,,,,,,0,1
qwen32B-int4_telecom_50runs,verbalized,bge-m3,0b3e6973-ac91-46cb-a2f8-ff436171cebb,39,46,user,,,,,,,0,1
qwen32B-int4_telecom_50runs,verbalized,bge-m3,0b3e6973-ac91-46cb-a2f8-ff436171cebb,40,46,agent,,,,,,,0,1
qwen32B-int4_telecom_50runs,verbalized,bge-m3,0b3e6973-ac91-46cb-a2f8-ff436171cebb,41,46,user,,,,,,0.19229167699813843,0,1
qwen32B-int4_telecom_50runs,verbalized,bge-m3,0b3e6973-ac91-46cb-a2f8-ff436171cebb,42,46,agent,0.679905354976654,0.08235294117647059,0.0,0.5020942091941833,0.02754884585738182,,0,1
qwen32B-int4_telecom_50runs,verbalized,bge-m3,0b3e6973-ac91-46cb-a2f8-ff436171cebb,43,46,tool,,,,,,,0,1
qwen32B-int4_telecom_50runs,verbalized,bge-m3,0b3e6973-ac91-46cb-a2f8-ff436171cebb,44,46,agent,0.6867939233779907,0.09615384615384616,0.0,,,,0,1
qwen32B-int4_telecom_50runs,verbalized,bge-m3,0b3e6973-ac91-46cb-a2f8-ff436171cebb,45,46,user,,,,,,0.3656492233276367,0,1
qwen32B-int4_telecom_50runs,verbalized,bge-m3,c3bf7ad1-5fd1-47e3-a16a-a2d6b21fef85,0,41,agent,,,,,,,0,0
qwen32B-int4_telecom_50runs,verbalized,bge-m3,c3bf7ad1-5fd1-47e3-a16a-a2d6b21fef85,1,41,user,,,,,,0.44079285860061646,0,0
qwen32B-int4_telecom_50runs,verbalized,bge-m3,c3bf7ad1-5fd1-47e3-a16a-a2d6b21fef85,2,41,agent,0.5314024686813354,0.10526315789473684,0.0,,,,0,0
qwen32B-int4_telecom_50runs,verbalized,bge-m3,c3bf7ad1-5fd1-47e3-a16a-a2d6b21fef85,3,41,user,,,,,,0.28704917430877686,0,0
qwen32B-int4_telecom_50runs,verbalized,bge-m3,c3bf7ad1-5fd1-47e3-a16a-a2d6b21fef85,4,41,agent,0.5236649513244629,0.0,0.0,0.5513072311878204,-0.010672128200530984,,0,0
qwen32B-int4_telecom_50runs,verbalized,bge-m3,c3bf7ad1-5fd1-47e3-a16a-a2d6b21fef85,5,41,tool,,,,,,,0,0
qwen32B-int4_telecom_50runs,verbalized,bge-m3,c3bf7ad1-5fd1-47e3-a16a-a2d6b21fef85,6,41,agent,0.7606899738311768,0.25,0.0,,,,0,0
qwen32B-int4_telecom_50runs,verbalized,bge-m3,c3bf7ad1-5fd1-47e3-a16a-a2d6b21fef85,7,41,user,,,,,,0.3169177770614624,0,0
qwen32B-int4_telecom_50runs,verbalized,bge-m3,c3bf7ad1-5fd1-47e3-a16a-a2d6b21fef85,8,41,agent,0.7822217345237732,0.3333333333333333,0.0,0.3839842677116394,-0.21775246858596797,,0,0
qwen32B-int4_telecom_50runs,verbalized,bge-m3,c3bf7ad1-5fd1-47e3-a16a-a2d6b21fef85,9,41,tool,,,,,,,0,0
qwen32B-int4_telecom_50runs,verbalized,bge-m3,c3bf7ad1-5fd1-47e3-a16a-a2d6b21fef85,10,41,agent,0.5927558541297913,0.14563106796116504,0.0,0.44745081663131714,-0.03673417568206788,,0,0
qwen32B-int4_telecom_50runs,verbalized,bge-m3,c3bf7ad1-5fd1-47e3-a16a-a2d6b21fef85,11,41,user,,,,,,0.4108397364616394,0,0
qwen32B-int4_telecom_50runs,verbalized,bge-m3,c3bf7ad1-5fd1-47e3-a16a-a2d6b21fef85,12,41,tool,,,,,,,0,0
qwen32B-int4_telecom_50runs,verbalized,bge-m3,c3bf7ad1-5fd1-47e3-a16a-a2d6b21fef85,13,41,tool,,,,,,,0,0
qwen32B-int4_telecom_50runs,verbalized,bge-m3,c3bf7ad1-5fd1-47e3-a16a-a2d6b21fef85,14,41,tool,,,,,,,0,0
qwen32B-int4_telecom_50runs,verbalized,bge-m3,c3bf7ad1-5fd1-47e3-a16a-a2d6b21fef85,15,41,user,,,,,,,0,0
qwen32B-int4_telecom_50runs,verbalized,bge-m3,c3bf7ad1-5fd1-47e3-a16a-a2d6b21fef85,16,41,agent,,,,0.3759937286376953,-0.12134780287742614,,0,0
qwen32B-int4_telecom_50runs,verbalized,bge-m3,c3bf7ad1-5fd1-47e3-a16a-a2d6b21fef85,17,41,user,,,,,,0.36649900674819946,0,0
qwen32B-int4_telecom_50runs,verbalized,bge-m3,c3bf7ad1-5fd1-47e3-a16a-a2d6b21fef85,18,41,tool,,,,,,,0,0
qwen32B-int4_telecom_50runs,verbalized,bge-m3,c3bf7ad1-5fd1-47e3-a16a-a2d6b21fef85,19,41,tool,,,,,,,0,0
qwen32B-int4_telecom_50runs,verbalized,bge-m3,c3bf7ad1-5fd1-47e3-a16a-a2d6b21fef85,20,41,tool,,,,,,,0,0
qwen32B-int4_telecom_50runs,verbalized,bge-m3,c3bf7ad1-5fd1-47e3-a16a-a2d6b21fef85,21,41,user,,,,,,,0,0
qwen32B-int4_telecom_50runs,verbalized,bge-m3,c3bf7ad1-5fd1-47e3-a16a-a2d6b21fef85,22,41,agent,,,,0.4400619864463806,-0.09202831983566284,,0,0
qwen32B-int4_telecom_50runs,verbalized,bge-m3,c3bf7ad1-5fd1-47e3-a16a-a2d6b21fef85,23,41,user,,,,,,0.40859633684158325,0,0
qwen32B-int4_telecom_50runs,verbalized,bge-m3,c3bf7ad1-5fd1-47e3-a16a-a2d6b21fef85,24,41,tool,,,,,,,0,0
qwen32B-int4_telecom_50runs,verbalized,bge-m3,c3bf7ad1-5fd1-47e3-a16a-a2d6b21fef85,25,41,tool,,,,,,,0,0
qwen32B-int4_telecom_50runs,verbalized,bge-m3,c3bf7ad1-5fd1-47e3-a16a-a2d6b21fef85,26,41,tool,,,,,,,0,0
qwen32B-int4_telecom_50runs,verbalized,bge-m3,c3bf7ad1-5fd1-47e3-a16a-a2d6b21fef85,27,41,tool,,,,,,,0,0
qwen32B-int4_telecom_50runs,verbalized,bge-m3,c3bf7ad1-5fd1-47e3-a16a-a2d6b21fef85,28,41,tool,,,,,,,0,0
qwen32B-int4_telecom_50runs,verbalized,bge-m3,c3bf7ad1-5fd1-47e3-a16a-a2d6b21fef85,29,41,user,,,,,,,0,0
qwen32B-int4_telecom_50runs,verbalized,bge-m3,c3bf7ad1-5fd1-47e3-a16a-a2d6b21fef85,30,41,agent,,,,0.3464769721031189,-0.1570895433425903,,0,0
qwen32B-int4_telecom_50runs,verbalized,bge-m3,c3bf7ad1-5fd1-47e3-a16a-a2d6b21fef85,31,41,user,,,,,,0.40764451026916504,0,0
qwen32B-int4_telecom_50runs,verbalized,bge-m3,c3bf7ad1-5fd1-47e3-a16a-a2d6b21fef85,32,41,tool,,,,,,,0,0
qwen32B-int4_telecom_50runs,verbalized,bge-m3,c3bf7ad1-5fd1-47e3-a16a-a2d6b21fef85,33,41,tool,,,,,,,0,0
qwen32B-int4_telecom_50runs,verbalized,bge-m3,c3bf7ad1-5fd1-47e3-a16a-a2d6b21fef85,34,41,tool,,,,,,,0,0
qwen32B-int4_telecom_50runs,verbalized,bge-m3,c3bf7ad1-5fd1-47e3-a16a-a2d6b21fef85,35,41,user,,,,,,,0,0
qwen32B-int4_telecom_50runs,verbalized,bge-m3,c3bf7ad1-5fd1-47e3-a16a-a2d6b21fef85,36,41,tool,,,,,,,0,0
qwen32B-int4_telecom_50runs,verbalized,bge-m3,c3bf7ad1-5fd1-47e3-a16a-a2d6b21fef85,37,41,tool,,,,,,,0,0
qwen32B-int4_telecom_50runs,verbalized,bge-m3,c3bf7ad1-5fd1-47e3-a16a-a2d6b21fef85,38,41,user,,,,,,,0,0
qwen32B-int4_telecom_50runs,verbalized,bge-m3,c3bf7ad1-5fd1-47e3-a16a-a2d6b21fef85,39,41,agent,,,,,,,0,0
qwen32B-int4_telecom_50runs,verbalized,bge-m3,c3bf7ad1-5fd1-47e3-a16a-a2d6b21fef85,40,41,user,,,,,,0.4210583567619324,0,0
qwen32B-int4_telecom_50runs,verbalized,bge-m3,62264cd9-2b7e-4d20-80e9-c5039421f201,0,72,agent,,,,,,,0,1
qwen32B-int4_telecom_50runs,verbalized,bge-m3,62264cd9-2b7e-4d20-80e9-c5039421f201,1,72,user,,,,,,0.4618303179740906,0,1
qwen32B-int4_telecom_50runs,verbalized,bge-m3,62264cd9-2b7e-4d20-80e9-c5039421f201,2,72,agent,0.4796146750450134,0.0,0.0,0.34662067890167236,-0.22679752111434937,,0,1
qwen32B-int4_telecom_50runs,verbalized,bge-m3,62264cd9-2b7e-4d20-80e9-c5039421f201,3,72,tool,,,,,,,0,1
qwen32B-int4_telecom_50runs,verbalized,bge-m3,62264cd9-2b7e-4d20-80e9-c5039421f201,4,72,agent,0.5560823082923889,0.09375,0.0,,,,0,1
qwen32B-int4_telecom_50runs,verbalized,bge-m3,62264cd9-2b7e-4d20-80e9-c5039421f201,5,72,user,,,,,,0.4240298867225647,0,1
qwen32B-int4_telecom_50runs,verbalized,bge-m3,62264cd9-2b7e-4d20-80e9-c5039421f201,6,72,agent,0.8200238943099976,0.3684210526315789,0.0,0.556335985660553,-0.028846400625565427,,0,1
qwen32B-int4_telecom_50runs,verbalized,bge-m3,62264cd9-2b7e-4d20-80e9-c5039421f201,7,72,tool,,,,,,,0,1
qwen32B-int4_telecom_50runs,verbalized,bge-m3,62264cd9-2b7e-4d20-80e9-c5039421f201,8,72,agent,0.6371827721595764,0.2,0.0,,,,0,1
qwen32B-int4_telecom_50runs,verbalized,bge-m3,62264cd9-2b7e-4d20-80e9-c5039421f201,9,72,user,,,,,,0.46262818574905396,0,1
qwen32B-int4_telecom_50runs,verbalized,bge-m3,62264cd9-2b7e-4d20-80e9-c5039421f201,10,72,agent,0.7902265787124634,0.3333333333333333,0.0,0.382482647895813,-0.20063149578431072,,0,1
qwen32B-int4_telecom_50runs,verbalized,bge-m3,62264cd9-2b7e-4d20-80e9-c5039421f201,11,72,tool,,,,,,,0,1
qwen32B-int4_telecom_50runs,verbalized,bge-m3,62264cd9-2b7e-4d20-80e9-c5039421f201,12,72,agent,0.5298948884010315,0.21951219512195122,0.0,0.4282214045524597,-0.07636035189909096,,0,1
qwen32B-int4_telecom_50runs,verbalized,bge-m3,62264cd9-2b7e-4d20-80e9-c5039421f201,13,72,user,,,,,,0.4941249489784241,0,1
qwen32B-int4_telecom_50runs,verbalized,bge-m3,62264cd9-2b7e-4d20-80e9-c5039421f201,14,72,tool,,,,,,,0,1
qwen32B-int4_telecom_50runs,verbalized,bge-m3,62264cd9-2b7e-4d20-80e9-c5039421f201,15,72,user,,,,,,,0,1
qwen32B-int4_telecom_50runs,verbalized,bge-m3,62264cd9-2b7e-4d20-80e9-c5039421f201,16,72,agent,0.6693239808082581,0.14666666666666667,0.0,0.3059977889060974,-0.15188419994185953,,0,1
qwen32B-int4_telecom_50runs,verbalized,bge-m3,62264cd9-2b7e-4d20-80e9-c5039421f201,17,72,user,,,,,,0.48747915029525757,0,1
qwen32B-int4_telecom_50runs,verbalized,bge-m3,62264cd9-2b7e-4d20-80e9-c5039421f201,18,72,tool,,,,,,,0,1
qwen32B-int4_telecom_50runs,verbalized,bge-m3,62264cd9-2b7e-4d20-80e9-c5039421f201,19,72,user,,,,,,,0,1
qwen32B-int4_telecom_50runs,verbalized,bge-m3,62264cd9-2b7e-4d20-80e9-c5039421f201,20,72,agent,0.7020636200904846,0.19480519480519481,0.0,0.35189616680145264,-0.14059604792033925,,0,1
qwen32B-int4_telecom_50runs,verbalized,bge-m3,62264cd9-2b7e-4d20-80e9-c5039421f201,21,72,tool,,,,,,,0,1
qwen32B-int4_telecom_50runs,verbalized,bge-m3,62264cd9-2b7e-4d20-80e9-c5039421f201,22,72,agent,0.7918978929519653,0.26436781609195403,0.0,0.2793099284172058,-0.1881699299111086,,0,1
qwen32B-int4_telecom_50runs,verbalized,bge-m3,62264cd9-2b7e-4d20-80e9-c5039421f201,23,72,user,,,,,,0.4325970411300659,0,1
qwen32B-int4_telecom_50runs,verbalized,bge-m3,62264cd9-2b7e-4d20-80e9-c5039421f201,24,72,tool,,,,,,,0,1
qwen32B-int4_telecom_50runs,verbalized,bge-m3,62264cd9-2b7e-4d20-80e9-c5039421f201,25,72,user,,,,,,,0,1
qwen32B-int4_telecom_50runs,verbalized,bge-m3,62264cd9-2b7e-4d20-80e9-c5039421f201,26,72,agent,0.8154003620147705,0.3258426966292135,0.0,0.4034692049026489,-0.0809771716594696,,0,1
qwen32B-int4_telecom_50runs,verbalized,bge-m3,62264cd9-2b7e-4d20-80e9-c5039421f201,27,72,user,,,,,,0.5403859317302704,0,1
qwen32B-int4_telecom_50runs,verbalized,bge-m3,62264cd9-2b7e-4d20-80e9-c5039421f201,28,72,tool,,,,,,,0,1
qwen32B-int4_telecom_50runs,verbalized,bge-m3,62264cd9-2b7e-4d20-80e9-c5039421f201,29,72,user,,,,,,,0,1
qwen32B-int4_telecom_50runs,verbalized,bge-m3,62264cd9-2b7e-4d20-80e9-c5039421f201,30,72,agent,0.7647997140884399,0.3614457831325301,0.0,0.45900046825408936,-0.02820222342715545,,0,1
qwen32B-int4_telecom_50runs,verbalized,bge-m3,62264cd9-2b7e-4d20-80e9-c5039421f201,31,72,user,,,,,,0.4657028317451477,0,1
qwen32B-int4_telecom_50runs,verbalized,bge-m3,62264cd9-2b7e-4d20-80e9-c5039421f201,32,72,tool,,,,,,,0,1
qwen32B-int4_telecom_50runs,verbalized,bge-m3,62264cd9-2b7e-4d20-80e9-c5039421f201,33,72,user,,,,,,,0,1
qwen32B-int4_telecom_50runs,verbalized,bge-m3,62264cd9-2b7e-4d20-80e9-c5039421f201,34,72,agent,0.6817469596862793,0.20952380952380953,0.0,0.4680784344673157,0.003090553423937603,,0,1
qwen32B-int4_telecom_50runs,verbalized,bge-m3,62264cd9-2b7e-4d20-80e9-c5039421f201,35,72,user,,,,,,0.552431046962738,0,1
qwen32B-int4_telecom_50runs,verbalized,bge-m3,62264cd9-2b7e-4d20-80e9-c5039421f201,36,72,tool,,,,,,,0,1
qwen32B-int4_telecom_50runs,verbalized,bge-m3,62264cd9-2b7e-4d20-80e9-c5039421f201,37,72,user,,,,,,,0,1
qwen32B-int4_telecom_50runs,verbalized,bge-m3,62264cd9-2b7e-4d20-80e9-c5039421f201,38,72,agent,0.8120575547218323,0.26373626373626374,0.0,0.3435083031654358,-0.12231339075986075,,0,1
qwen32B-int4_telecom_50runs,verbalized,bge-m3,62264cd9-2b7e-4d20-80e9-c5039421f201,39,72,user,,,,,,0.49101507663726807,0,1
qwen32B-int4_telecom_50runs,verbalized,bge-m3,62264cd9-2b7e-4d20-80e9-c5039421f201,40,72,tool,,,,,,,0,1
qwen32B-int4_telecom_50runs,verbalized,bge-m3,62264cd9-2b7e-4d20-80e9-c5039421f201,41,72,user,,,,,,,0,1
qwen32B-int4_telecom_50runs,verbalized,bge-m3,62264cd9-2b7e-4d20-80e9-c5039421f201,42,72,agent,0.7379409670829773,0.30303030303030304,0.0,0.2907053232192993,-0.2164878512130064,,0,1
qwen32B-int4_telecom_50runs,verbalized,bge-m3,62264cd9-2b7e-4d20-80e9-c5039421f201,43,72,user,,,,,,0.4541190266609192,0,1
qwen32B-int4_telecom_50runs,verbalized,bge-m3,62264cd9-2b7e-4d20-80e9-c5039421f201,44,72,tool,,,,,,,0,1
qwen32B-int4_telecom_50runs,verbalized,bge-m3,62264cd9-2b7e-4d20-80e9-c5039421f201,45,72,user,,,,,,,0,1
qwen32B-int4_telecom_50runs,verbalized,bge-m3,62264cd9-2b7e-4d20-80e9-c5039421f201,46,72,agent,0.8549129366874695,0.3194444444444444,0.0,0.30116140842437744,-0.19968246186480798,,0,1
qwen32B-int4_telecom_50runs,verbalized,bge-m3,62264cd9-2b7e-4d20-80e9-c5039421f201,47,72,user,,,,,,0.4831317067146301,0,1
qwen32B-int4_telecom_50runs,verbalized,bge-m3,62264cd9-2b7e-4d20-80e9-c5039421f201,48,72,tool,,,,,,,0,1
qwen32B-int4_telecom_50runs,verbalized,bge-m3,62264cd9-2b7e-4d20-80e9-c5039421f201,49,72,user,,,,,,,0,1
qwen32B-int4_telecom_50runs,verbalized,bge-m3,62264cd9-2b7e-4d20-80e9-c5039421f201,50,72,agent,0.6253782510757446,0.1794871794871795,0.0,0.38910675048828125,-0.11256118206416854,,0,1
qwen32B-int4_telecom_50runs,verbalized,bge-m3,62264cd9-2b7e-4d20-80e9-c5039421f201,51,72,user,,,,,,0.4304696321487427,0,1
qwen32B-int4_telecom_50runs,verbalized,bge-m3,62264cd9-2b7e-4d20-80e9-c5039421f201,52,72,tool,,,,,,,0,1
qwen32B-int4_telecom_50runs,verbalized,bge-m3,62264cd9-2b7e-4d20-80e9-c5039421f201,53,72,user,,,,,,,0,1
qwen32B-int4_telecom_50runs,verbalized,bge-m3,62264cd9-2b7e-4d20-80e9-c5039421f201,54,72,agent,0.7419173121452332,0.20454545454545456,0.0,0.34889572858810425,-0.12620017107795267,,0,1
qwen32B-int4_telecom_50runs,verbalized,bge-m3,62264cd9-2b7e-4d20-80e9-c5039421f201,55,72,user,,,,,,0.45703035593032837,0,1
qwen32B-int4_telecom_50runs,verbalized,bge-m3,62264cd9-2b7e-4d20-80e9-c5039421f201,56,72,tool,,,,,,,0,1
qwen32B-int4_telecom_50runs,verbalized,bge-m3,62264cd9-2b7e-4d20-80e9-c5039421f201,57,72,user,,,,,,,0,1
qwen32B-int4_telecom_50runs,verbalized,bge-m3,62264cd9-2b7e-4d20-80e9-c5039421f201,58,72,agent,0.7821570038795471,0.3037974683544304,0.0,0.3127022385597229,-0.18024985053960013,,0,1
qwen32B-int4_telecom_50runs,verbalized,bge-m3,62264cd9-2b7e-4d20-80e9-c5039421f201,59,72,user,,,,,,0.3651111125946045,0,1
qwen32B-int4_telecom_50runs,verbalized,bge-m3,62264cd9-2b7e-4d20-80e9-c5039421f201,60,72,tool,,,,,,,0,1
qwen32B-int4_telecom_50runs,verbalized,bge-m3,62264cd9-2b7e-4d20-80e9-c5039421f201,61,72,user,,,,,,,0,1
qwen32B-int4_telecom_50runs,verbalized,bge-m3,62264cd9-2b7e-4d20-80e9-c5039421f201,62,72,agent,0.794887125492096,0.273972602739726,0.0,0.41374361515045166,-0.05903731900102954,,0,1
qwen32B-int4_telecom_50runs,verbalized,bge-m3,62264cd9-2b7e-4d20-80e9-c5039421f201,63,72,user,,,,,,0.4341096878051758,0,1
qwen32B-int4_telecom_50runs,verbalized,bge-m3,62264cd9-2b7e-4d20-80e9-c5039421f201,64,72,tool,,,,,,,0,1
qwen32B-int4_telecom_50runs,verbalized,bge-m3,62264cd9-2b7e-4d20-80e9-c5039421f201,65,72,user,,,,,,,0,1
qwen32B-int4_telecom_50runs,verbalized,bge-m3,62264cd9-2b7e-4d20-80e9-c5039421f201,66,72,agent,0.7277412414550781,0.1619047619047619,0.0,,,,0,1
qwen32B-int4_telecom_50runs,verbalized,bge-m3,62264cd9-2b7e-4d20-80e9-c5039421f201,67,72,user,,,,,,0.32322192192077637,0,1
qwen32B-int4_telecom_50runs,verbalized,bge-m3,62264cd9-2b7e-4d20-80e9-c5039421f201,68,72,agent,0.6322574019432068,0.06796116504854369,0.0,0.5004568099975586,0.02129061783061309,,0,1
qwen32B-int4_telecom_50runs,verbalized,bge-m3,62264cd9-2b7e-4d20-80e9-c5039421f201,69,72,tool,,,,,,,0,1
qwen32B-int4_telecom_50runs,verbalized,bge-m3,62264cd9-2b7e-4d20-80e9-c5039421f201,70,72,agent,0.602586030960083,0.09210526315789473,0.0,,,,0,1
qwen32B-int4_telecom_50runs,verbalized,bge-m3,62264cd9-2b7e-4d20-80e9-c5039421f201,71,72,user,,,,,,0.3656492829322815,0,1
qwen32B-int4_telecom_50runs,verbalized,bge-m3,101adb64-3e09-421a-8791-eb74efd73b72,0,51,agent,,,,,,,0,1
qwen32B-int4_telecom_50runs,verbalized,bge-m3,101adb64-3e09-421a-8791-eb74efd73b72,1,51,user,,,,,,0.4389774799346924,0,1
qwen32B-int4_telecom_50runs,verbalized,bge-m3,101adb64-3e09-421a-8791-eb74efd73b72,2,51,agent,0.5266148447990417,0.06153846153846154,0.0,0.4079269766807556,0.07208420832951862,,0,1
qwen32B-int4_telecom_50runs,verbalized,bge-m3,101adb64-3e09-421a-8791-eb74efd73b72,3,51,user,,,,,,0.3790885806083679,0,1
qwen32B-int4_telecom_50runs,verbalized,bge-m3,101adb64-3e09-421a-8791-eb74efd73b72,4,51,tool,,,,,,,0,1
qwen32B-int4_telecom_50runs,verbalized,bge-m3,101adb64-3e09-421a-8791-eb74efd73b72,5,51,tool,,,,,,,0,1
qwen32B-int4_telecom_50runs,verbalized,bge-m3,101adb64-3e09-421a-8791-eb74efd73b72,6,51,tool,,,,,,,0,1
qwen32B-int4_telecom_50runs,verbalized,bge-m3,101adb64-3e09-421a-8791-eb74efd73b72,7,51,user,,,,,,,0,1
qwen32B-int4_telecom_50runs,verbalized,bge-m3,101adb64-3e09-421a-8791-eb74efd73b72,8,51,agent,,,,0.41827183961868286,0.015787273645401,,0,1
qwen32B-int4_telecom_50runs,verbalized,bge-m3,101adb64-3e09-421a-8791-eb74efd73b72,9,51,user,,,,,,0.3326932191848755,0,1
qwen32B-int4_telecom_50runs,verbalized,bge-m3,101adb64-3e09-421a-8791-eb74efd73b72,10,51,tool,,,,,,,0,1
qwen32B-int4_telecom_50runs,verbalized,bge-m3,101adb64-3e09-421a-8791-eb74efd73b72,11,51,tool,,,,,,,0,1
qwen32B-int4_telecom_50runs,verbalized,bge-m3,101adb64-3e09-421a-8791-eb74efd73b72,12,51,tool,,,,,,,0,1
qwen32B-int4_telecom_50runs,verbalized,bge-m3,101adb64-3e09-421a-8791-eb74efd73b72,13,51,user,,,,,,,0,1
qwen32B-int4_telecom_50runs,verbalized,bge-m3,101adb64-3e09-421a-8791-eb74efd73b72,14,51,agent,,,,0.39219439029693604,-0.0002812643845875873,,0,1
qwen32B-int4_telecom_50runs,verbalized,bge-m3,101adb64-3e09-421a-8791-eb74efd73b72,15,51,user,,,,,,0.5030490458011627,0,1
qwen32B-int4_telecom_50runs,verbalized,bge-m3,101adb64-3e09-421a-8791-eb74efd73b72,16,51,tool,,,,,,,0,1
qwen32B-int4_telecom_50runs,verbalized,bge-m3,101adb64-3e09-421a-8791-eb74efd73b72,17,51,user,,,,,,,0,1
qwen32B-int4_telecom_50runs,verbalized,bge-m3,101adb64-3e09-421a-8791-eb74efd73b72,18,51,tool,,,,,,,0,1
qwen32B-int4_telecom_50runs,verbalized,bge-m3,101adb64-3e09-421a-8791-eb74efd73b72,19,51,tool,,,,,,,0,1
qwen32B-int4_telecom_50runs,verbalized,bge-m3,101adb64-3e09-421a-8791-eb74efd73b72,20,51,user,,,,,,,0,1
qwen32B-int4_telecom_50runs,verbalized,bge-m3,101adb64-3e09-421a-8791-eb74efd73b72,21,51,agent,,,,0.3439410924911499,-0.035654579599698366,,0,1
qwen32B-int4_telecom_50runs,verbalized,bge-m3,101adb64-3e09-421a-8791-eb74efd73b72,22,51,user,,,,,,0.5175253748893738,0,1
qwen32B-int4_telecom_50runs,verbalized,bge-m3,101adb64-3e09-421a-8791-eb74efd73b72,23,51,tool,,,,,,,0,1
qwen32B-int4_telecom_50runs,verbalized,bge-m3,101adb64-3e09-421a-8791-eb74efd73b72,24,51,user,,,,,,,0,1
qwen32B-int4_telecom_50runs,verbalized,bge-m3,101adb64-3e09-421a-8791-eb74efd73b72,25,51,tool,,,,,,,0,1
qwen32B-int4_telecom_50runs,verbalized,bge-m3,101adb64-3e09-421a-8791-eb74efd73b72,26,51,tool,,,,,,,0,1
qwen32B-int4_telecom_50runs,verbalized,bge-m3,101adb64-3e09-421a-8791-eb74efd73b72,27,51,user,,,,,,,0,1
qwen32B-int4_telecom_50runs,verbalized,bge-m3,101adb64-3e09-421a-8791-eb74efd73b72,28,51,agent,,,,0.3781352639198303,-0.012046883503596006,,0,1
qwen32B-int4_telecom_50runs,verbalized,bge-m3,101adb64-3e09-421a-8791-eb74efd73b72,29,51,user,,,,,,0.5401729047298431,0,1
qwen32B-int4_telecom_50runs,verbalized,bge-m3,101adb64-3e09-421a-8791-eb74efd73b72,30,51,tool,,,,,,,0,1
qwen32B-int4_telecom_50runs,verbalized,bge-m3,101adb64-3e09-421a-8791-eb74efd73b72,31,51,user,,,,,,,0,1
qwen32B-int4_telecom_50runs,verbalized,bge-m3,101adb64-3e09-421a-8791-eb74efd73b72,32,51,tool,,,,,,,0,1
qwen32B-int4_telecom_50runs,verbalized,bge-m3,101adb64-3e09-421a-8791-eb74efd73b72,33,51,user,,,,,,,0,1
qwen32B-int4_telecom_50runs,verbalized,bge-m3,101adb64-3e09-421a-8791-eb74efd73b72,34,51,agent,,,,,,,0,1
qwen32B-int4_telecom_50runs,verbalized,bge-m3,101adb64-3e09-421a-8791-eb74efd73b72,35,51,user,,,,,,0.2761384844779968,0,1
qwen32B-int4_telecom_50runs,verbalized,bge-m3,101adb64-3e09-421a-8791-eb74efd73b72,36,51,agent,0.8569968938827515,0.39669421487603307,0.0,0.38160526752471924,-0.011497676372528076,,0,1
qwen32B-int4_telecom_50runs,verbalized,bge-m3,101adb64-3e09-421a-8791-eb74efd73b72,37,51,user,,,,,,0.349590539932251,0,1
qwen32B-int4_telecom_50runs,verbalized,bge-m3,101adb64-3e09-421a-8791-eb74efd73b72,38,51,tool,,,,,,,0,1
qwen32B-int4_telecom_50runs,verbalized,bge-m3,101adb64-3e09-421a-8791-eb74efd73b72,39,51,tool,,,,,,,0,1
qwen32B-int4_telecom_50runs,verbalized,bge-m3,101adb64-3e09-421a-8791-eb74efd73b72,40,51,tool,,,,,,,0,1
qwen32B-int4_telecom_50runs,verbalized,bge-m3,101adb64-3e09-421a-8791-eb74efd73b72,41,51,tool,,,,,,,0,1
qwen32B-int4_telecom_50runs,verbalized,bge-m3,101adb64-3e09-421a-8791-eb74efd73b72,42,51,user,,,,,,,0,1
qwen32B-int4_telecom_50runs,verbalized,bge-m3,101adb64-3e09-421a-8791-eb74efd73b72,43,51,agent,,,,,,,0,1
qwen32B-int4_telecom_50runs,verbalized,bge-m3,101adb64-3e09-421a-8791-eb74efd73b72,44,51,user,,,,,,0.32751357555389404,0,1
qwen32B-int4_telecom_50runs,verbalized,bge-m3,101adb64-3e09-421a-8791-eb74efd73b72,45,51,agent,0.7846900820732117,0.3939393939393939,0.0,0.46025538444519043,-0.007622450590133667,,0,1
qwen32B-int4_telecom_50runs,verbalized,bge-m3,101adb64-3e09-421a-8791-eb74efd73b72,46,51,user,,,,,,0.18536454439163208,0,1
qwen32B-int4_telecom_50runs,verbalized,bge-m3,101adb64-3e09-421a-8791-eb74efd73b72,47,51,tool,,,,,,,0,1
qwen32B-int4_telecom_50runs,verbalized,bge-m3,101adb64-3e09-421a-8791-eb74efd73b72,48,51,user,,,,,,,0,1
qwen32B-int4_telecom_50runs,verbalized,bge-m3,101adb64-3e09-421a-8791-eb74efd73b72,49,51,agent,0.5340671539306641,0.2540983606557377,0.0,,,,0,1
qwen32B-int4_telecom_50runs,verbalized,bge-m3,101adb64-3e09-421a-8791-eb74efd73b72,50,51,user,,,,,,0.5283983647823334,0,1
qwen32B-int4_telecom_50runs,verbalized,bge-m3,c256d11c-3588-457e-bfed-9d8cea2c5bce,0,55,agent,,,,,,,0,1
qwen32B-int4_telecom_50runs,verbalized,bge-m3,c256d11c-3588-457e-bfed-9d8cea2c5bce,1,55,user,,,,,,0.4618304371833801,0,1
qwen32B-int4_telecom_50runs,verbalized,bge-m3,c256d11c-3588-457e-bfed-9d8cea2c5bce,2,55,agent,0.47213372588157654,0.0,0.0,0.35310524702072144,-0.22131173177198926,,0,1
qwen32B-int4_telecom_50runs,verbalized,bge-m3,c256d11c-3588-457e-bfed-9d8cea2c5bce,3,55,tool,,,,,,,0,1
qwen32B-int4_telecom_50runs,verbalized,bge-m3,c256d11c-3588-457e-bfed-9d8cea2c5bce,4,55,agent,0.5560819506645203,0.09375,0.0,,,,0,1
qwen32B-int4_telecom_50runs,verbalized,bge-m3,c256d11c-3588-457e-bfed-9d8cea2c5bce,5,55,user,,,,,,0.31756627559661865,0,1
qwen32B-int4_telecom_50runs,verbalized,bge-m3,c256d11c-3588-457e-bfed-9d8cea2c5bce,6,55,agent,0.832977831363678,0.3684210526315789,0.0,0.553706705570221,-0.016003031622279784,,0,1
qwen32B-int4_telecom_50runs,verbalized,bge-m3,c256d11c-3588-457e-bfed-9d8cea2c5bce,7,55,tool,,,,,,,0,1
qwen32B-int4_telecom_50runs,verbalized,bge-m3,c256d11c-3588-457e-bfed-9d8cea2c5bce,8,55,agent,0.6260328888893127,0.2,0.0,,,,0,1
qwen32B-int4_telecom_50runs,verbalized,bge-m3,c256d11c-3588-457e-bfed-9d8cea2c5bce,9,55,user,,,,,,0.46262818574905396,0,1
qwen32B-int4_telecom_50runs,verbalized,bge-m3,c256d11c-3588-457e-bfed-9d8cea2c5bce,10,55,agent,0.800159215927124,0.3333333333333333,0.0,0.3818845748901367,-0.19213999130509118,,0,1
qwen32B-int4_telecom_50runs,verbalized,bge-m3,c256d11c-3588-457e-bfed-9d8cea2c5bce,11,55,tool,,,,,,,0,1
qwen32B-int4_telecom_50runs,verbalized,bge-m3,c256d11c-3588-457e-bfed-9d8cea2c5bce,12,55,agent,0.5013875961303711,0.2087912087912088,0.0,0.4853917360305786,-0.04192627018148254,,0,1
qwen32B-int4_telecom_50runs,verbalized,bge-m3,c256d11c-3588-457e-bfed-9d8cea2c5bce,13,55,user,,,,,,0.5052793622016907,0,1
qwen32B-int4_telecom_50runs,verbalized,bge-m3,c256d11c-3588-457e-bfed-9d8cea2c5bce,14,55,tool,,,,,,,0,1
qwen32B-int4_telecom_50runs,verbalized,bge-m3,c256d11c-3588-457e-bfed-9d8cea2c5bce,15,55,user,,,,,,,0,1
qwen32B-int4_telecom_50runs,verbalized,bge-m3,c256d11c-3588-457e-bfed-9d8cea2c5bce,16,55,agent,0.5365439057350159,0.013888888888888888,0.0,0.3616393804550171,-0.15311894362623046,,0,1
qwen32B-int4_telecom_50runs,verbalized,bge-m3,c256d11c-3588-457e-bfed-9d8cea2c5bce,17,55,tool,,,,,,,0,1
qwen32B-int4_telecom_50runs,verbalized,bge-m3,c256d11c-3588-457e-bfed-9d8cea2c5bce,18,55,agent,0.5403639674186707,0.0,0.0,0.24534523487091064,-0.20246340198950336,,0,1
qwen32B-int4_telecom_50runs,verbalized,bge-m3,c256d11c-3588-457e-bfed-9d8cea2c5bce,19,55,user,,,,,,0.4583808183670044,0,1
qwen32B-int4_telecom_50runs,verbalized,bge-m3,c256d11c-3588-457e-bfed-9d8cea2c5bce,20,55,tool,,,,,,,0,1
qwen32B-int4_telecom_50runs,verbalized,bge-m3,c256d11c-3588-457e-bfed-9d8cea2c5bce,21,55,user,,,,,,,0,1
qwen32B-int4_telecom_50runs,verbalized,bge-m3,c256d11c-3588-457e-bfed-9d8cea2c5bce,22,55,agent,0.6593692302703857,0.18584070796460178,0.0,0.2807788848876953,-0.24615691737695178,,0,1
qwen32B-int4_telecom_50runs,verbalized,bge-m3,c256d11c-3588-457e-bfed-9d8cea2c5bce,23,55,user,,,,,,0.36562126874923706,0,1
qwen32B-int4_telecom_50runs,verbalized,bge-m3,c256d11c-3588-457e-bfed-9d8cea2c5bce,24,55,tool,,,,,,,0,1
qwen32B-int4_telecom_50runs,verbalized,bge-m3,c256d11c-3588-457e-bfed-9d8cea2c5bce,25,55,user,,,,,,,0,1
qwen32B-int4_telecom_50runs,verbalized,bge-m3,c256d11c-3588-457e-bfed-9d8cea2c5bce,26,55,agent,0.8372756838798523,0.24271844660194175,0.0,0.5350573360919952,0.07134959914467554,,0,1
qwen32B-int4_telecom_50runs,verbalized,bge-m3,c256d11c-3588-457e-bfed-9d8cea2c5bce,27,55,user,,,,,,0.5666041374206543,0,1
qwen32B-int4_telecom_50runs,verbalized,bge-m3,c256d11c-3588-457e-bfed-9d8cea2c5bce,28,55,tool,,,,,,,0,1
qwen32B-int4_telecom_50runs,verbalized,bge-m3,c256d11c-3588-457e-bfed-9d8cea2c5bce,29,55,user,,,,,,,0,1
qwen32B-int4_telecom_50runs,verbalized,bge-m3,c256d11c-3588-457e-bfed-9d8cea2c5bce,30,55,tool,,,,,,,0,1
qwen32B-int4_telecom_50runs,verbalized,bge-m3,c256d11c-3588-457e-bfed-9d8cea2c5bce,31,55,user,,,,,,,0,1
qwen32B-int4_telecom_50runs,verbalized,bge-m3,c256d11c-3588-457e-bfed-9d8cea2c5bce,32,55,agent,,,,0.3347892761230469,-0.18028705770319153,,0,1
qwen32B-int4_telecom_50runs,verbalized,bge-m3,c256d11c-3588-457e-bfed-9d8cea2c5bce,33,55,user,,,,,,0.5218476057052612,0,1
qwen32B-int4_telecom_50runs,verbalized,bge-m3,c256d11c-3588-457e-bfed-9d8cea2c5bce,34,55,tool,,,,,,,0,1
qwen32B-int4_telecom_50runs,verbalized,bge-m3,c256d11c-3588-457e-bfed-9d8cea2c5bce,35,55,user,,,,,,,0,1
qwen32B-int4_telecom_50runs,verbalized,bge-m3,c256d11c-3588-457e-bfed-9d8cea2c5bce,36,55,tool,,,,,,,0,1
qwen32B-int4_telecom_50runs,verbalized,bge-m3,c256d11c-3588-457e-bfed-9d8cea2c5bce,37,55,tool,,,,,,,0,1
qwen32B-int4_telecom_50runs,verbalized,bge-m3,c256d11c-3588-457e-bfed-9d8cea2c5bce,38,55,user,,,,,,,0,1
qwen32B-int4_telecom_50runs,verbalized,bge-m3,c256d11c-3588-457e-bfed-9d8cea2c5bce,39,55,agent,,,,,,,0,1
qwen32B-int4_telecom_50runs,verbalized,bge-m3,c256d11c-3588-457e-bfed-9d8cea2c5bce,40,55,user,,,,,,0.24585670232772827,0,1
qwen32B-int4_telecom_50runs,verbalized,bge-m3,c256d11c-3588-457e-bfed-9d8cea2c5bce,41,55,agent,0.8009438514709473,0.27049180327868855,0.0,0.380351185798645,-0.12252625552090735,,0,1
qwen32B-int4_telecom_50runs,verbalized,bge-m3,c256d11c-3588-457e-bfed-9d8cea2c5bce,42,55,user,,,,,,0.47798705101013184,0,1
qwen32B-int4_telecom_50runs,verbalized,bge-m3,c256d11c-3588-457e-bfed-9d8cea2c5bce,43,55,tool,,,,,,,0,1
qwen32B-int4_telecom_50runs,verbalized,bge-m3,c256d11c-3588-457e-bfed-9d8cea2c5bce,44,55,user,,,,,,,0,1
qwen32B-int4_telecom_50runs,verbalized,bge-m3,c256d11c-3588-457e-bfed-9d8cea2c5bce,45,55,agent,0.9464638829231262,0.6808510638297872,0.0,0.23771178722381592,-0.27370126409964124,,0,1
qwen32B-int4_telecom_50runs,verbalized,bge-m3,c256d11c-3588-457e-bfed-9d8cea2c5bce,46,55,user,,,,,,0.34323740005493164,0,1
qwen32B-int4_telecom_50runs,verbalized,bge-m3,c256d11c-3588-457e-bfed-9d8cea2c5bce,47,55,tool,,,,,,,0,1
qwen32B-int4_telecom_50runs,verbalized,bge-m3,c256d11c-3588-457e-bfed-9d8cea2c5bce,48,55,user,,,,,,,0,1
qwen32B-int4_telecom_50runs,verbalized,bge-m3,c256d11c-3588-457e-bfed-9d8cea2c5bce,49,55,agent,0.7788170576095581,0.22935779816513763,0.0,0.40045905113220215,-0.08189705556089227,,0,1
qwen32B-int4_telecom_50runs,verbalized,bge-m3,c256d11c-3588-457e-bfed-9d8cea2c5bce,50,55,user,,,,,,0.4650256037712097,0,1
qwen32B-int4_telecom_50runs,verbalized,bge-m3,c256d11c-3588-457e-bfed-9d8cea2c5bce,51,55,tool,,,,,,,0,1
qwen32B-int4_telecom_50runs,verbalized,bge-m3,c256d11c-3588-457e-bfed-9d8cea2c5bce,52,55,user,,,,,,,0,1
qwen32B-int4_telecom_50runs,verbalized,bge-m3,c256d11c-3588-457e-bfed-9d8cea2c5bce,53,55,agent,0.6143129467964172,0.24550898203592814,0.0,,,,0,1
qwen32B-int4_telecom_50runs,verbalized,bge-m3,c256d11c-3588-457e-bfed-9d8cea2c5bce,54,55,user,,,,,,0.29438984394073486,0,1
qwen32B-int4_telecom_50runs,verbalized,bge-m3,6b5e43a4-928a-4a00-bcaf-2cd24e541021,0,96,agent,,,,,,,0,1
qwen32B-int4_telecom_50runs,verbalized,bge-m3,6b5e43a4-928a-4a00-bcaf-2cd24e541021,1,96,user,,,,,,0.44117146730422974,0,1
qwen32B-int4_telecom_50runs,verbalized,bge-m3,6b5e43a4-928a-4a00-bcaf-2cd24e541021,2,96,agent,0.5705976486206055,0.08333333333333333,0.0,0.29315507411956787,-0.19597803387377,,0,1
qwen32B-int4_telecom_50runs,verbalized,bge-m3,6b5e43a4-928a-4a00-bcaf-2cd24e541021,3,96,user,,,,,,0.41167640686035156,0,1
qwen32B-int4_telecom_50runs,verbalized,bge-m3,6b5e43a4-928a-4a00-bcaf-2cd24e541021,4,96,tool,,,,,,,0,1
qwen32B-int4_telecom_50runs,verbalized,bge-m3,6b5e43a4-928a-4a00-bcaf-2cd24e541021,5,96,user,,,,,,,0,1
qwen32B-int4_telecom_50runs,verbalized,bge-m3,6b5e43a4-928a-4a00-bcaf-2cd24e541021,6,96,agent,0.6891139149665833,0.313953488372093,0.0,0.3618735671043396,-0.15932207306226098,,0,1
qwen32B-int4_telecom_50runs,verbalized,bge-m3,6b5e43a4-928a-4a00-bcaf-2cd24e541021,7,96,user,,,,,,0.36290794610977173,0,1
qwen32B-int4_telecom_50runs,verbalized,bge-m3,6b5e43a4-928a-4a00-bcaf-2cd24e541021,8,96,tool,,,,,,,0,1
qwen32B-int4_telecom_50runs,verbalized,bge-m3,6b5e43a4-928a-4a00-bcaf-2cd24e541021,9,96,user,,,,,,,0,1
qwen32B-int4_telecom_50runs,verbalized,bge-m3,6b5e43a4-928a-4a00-bcaf-2cd24e541021,10,96,tool,,,,,,,0,1
qwen32B-int4_telecom_50runs,verbalized,bge-m3,6b5e43a4-928a-4a00-bcaf-2cd24e541021,11,96,user,,,,,,,0,1
qwen32B-int4_telecom_50runs,verbalized,bge-m3,6b5e43a4-928a-4a00-bcaf-2cd24e541021,12,96,agent,,,,0.43743085861206055,-0.06200711760256028,,0,1
qwen32B-int4_telecom_50runs,verbalized,bge-m3,6b5e43a4-928a-4a00-bcaf-2cd24e541021,13,96,user,,,,,,0.40647590160369873,0,1
qwen32B-int4_telecom_50runs,verbalized,bge-m3,6b5e43a4-928a-4a00-bcaf-2cd24e541021,14,96,tool,,,,,,,0,1
qwen32B-int4_telecom_50runs,verbalized,bge-m3,6b5e43a4-928a-4a00-bcaf-2cd24e541021,15,96,user,,,,,,,0,1
qwen32B-int4_telecom_50runs,verbalized,bge-m3,6b5e43a4-928a-4a00-bcaf-2cd24e541021,16,96,agent,0.7137137651443481,0.25842696629213485,0.0,0.39439183473587036,-0.05301943090226913,,0,1
qwen32B-int4_telecom_50runs,verbalized,bge-m3,6b5e43a4-928a-4a00-bcaf-2cd24e541021,17,96,user,,,,,,0.46808910369873047,0,1
qwen32B-int4_telecom_50runs,verbalized,bge-m3,6b5e43a4-928a-4a00-bcaf-2cd24e541021,18,96,tool,,,,,,,0,1
qwen32B-int4_telecom_50runs,verbalized,bge-m3,6b5e43a4-928a-4a00-bcaf-2cd24e541021,19,96,user,,,,,,,0,1
qwen32B-int4_telecom_50runs,verbalized,bge-m3,6b5e43a4-928a-4a00-bcaf-2cd24e541021,20,96,agent,0.7925674319267273,0.2716049382716049,0.0,0.40965306758880615,-0.0518246657318539,,0,1
qwen32B-int4_telecom_50runs,verbalized,bge-m3,6b5e43a4-928a-4a00-bcaf-2cd24e541021,21,96,user,,,,,,0.46264976263046265,0,1
qwen32B-int4_telecom_50runs,verbalized,bge-m3,6b5e43a4-928a-4a00-bcaf-2cd24e541021,22,96,tool,,,,,,,0,1
qwen32B-int4_telecom_50runs,verbalized,bge-m3,6b5e43a4-928a-4a00-bcaf-2cd24e541021,23,96,user,,,,,,,0,1
qwen32B-int4_telecom_50runs,verbalized,bge-m3,6b5e43a4-928a-4a00-bcaf-2cd24e541021,24,96,tool,,,,,,,0,1
qwen32B-int4_telecom_50runs,verbalized,bge-m3,6b5e43a4-928a-4a00-bcaf-2cd24e541021,25,96,user,,,,,,,0,1
qwen32B-int4_telecom_50runs,verbalized,bge-m3,6b5e43a4-928a-4a00-bcaf-2cd24e541021,26,96,agent,,,,0.4224971532821655,-0.06053903533352745,,0,1
qwen32B-int4_telecom_50runs,verbalized,bge-m3,6b5e43a4-928a-4a00-bcaf-2cd24e541021,27,96,user,,,,,,0.3047974109649658,0,1
qwen32B-int4_telecom_50runs,verbalized,bge-m3,6b5e43a4-928a-4a00-bcaf-2cd24e541021,28,96,tool,,,,,,,0,1
qwen32B-int4_telecom_50runs,verbalized,bge-m3,6b5e43a4-928a-4a00-bcaf-2cd24e541021,29,96,user,,,,,,,0,1
qwen32B-int4_telecom_50runs,verbalized,bge-m3,6b5e43a4-928a-4a00-bcaf-2cd24e541021,30,96,tool,,,,,,,0,1
qwen32B-int4_telecom_50runs,verbalized,bge-m3,6b5e43a4-928a-4a00-bcaf-2cd24e541021,31,96,user,,,,,,,0,1
qwen32B-int4_telecom_50runs,verbalized,bge-m3,6b5e43a4-928a-4a00-bcaf-2cd24e541021,32,96,tool,,,,,,,0,1
qwen32B-int4_telecom_50runs,verbalized,bge-m3,6b5e43a4-928a-4a00-bcaf-2cd24e541021,33,96,user,,,,,,,0,1
qwen32B-int4_telecom_50runs,verbalized,bge-m3,6b5e43a4-928a-4a00-bcaf-2cd24e541021,34,96,agent,,,,,,,0,1
qwen32B-int4_telecom_50runs,verbalized,bge-m3,6b5e43a4-928a-4a00-bcaf-2cd24e541021,35,96,user,,,,,,0.4002576470375061,0,1
qwen32B-int4_telecom_50runs,verbalized,bge-m3,6b5e43a4-928a-4a00-bcaf-2cd24e541021,36,96,agent,0.5613139867782593,0.01639344262295082,0.0,0.38396430015563965,-0.18929444087876213,,0,1
qwen32B-int4_telecom_50runs,verbalized,bge-m3,6b5e43a4-928a-4a00-bcaf-2cd24e541021,37,96,tool,,,,,,,0,1
qwen32B-int4_telecom_50runs,verbalized,bge-m3,6b5e43a4-928a-4a00-bcaf-2cd24e541021,38,96,agent,0.7335335612297058,0.32098765432098764,0.0,,,,0,1
qwen32B-int4_telecom_50runs,verbalized,bge-m3,6b5e43a4-928a-4a00-bcaf-2cd24e541021,39,96,user,,,,,,0.26017922163009644,0,1
qwen32B-int4_telecom_50runs,verbalized,bge-m3,6b5e43a4-928a-4a00-bcaf-2cd24e541021,40,96,agent,0.8679898977279663,0.391304347826087,0.0,,,,0,1
qwen32B-int4_telecom_50runs,verbalized,bge-m3,6b5e43a4-928a-4a00-bcaf-2cd24e541021,41,96,user,,,,,,0.14323759078979492,0,1
qwen32B-int4_telecom_50runs,verbalized,bge-m3,6b5e43a4-928a-4a00-bcaf-2cd24e541021,42,96,agent,0.5232914686203003,0.02127659574468085,0.0,0.46466708183288574,-0.11122341454029083,,0,1
qwen32B-int4_telecom_50runs,verbalized,bge-m3,6b5e43a4-928a-4a00-bcaf-2cd24e541021,43,96,tool,,,,,,,0,1
qwen32B-int4_telecom_50runs,verbalized,bge-m3,6b5e43a4-928a-4a00-bcaf-2cd24e541021,44,96,agent,0.6686027646064758,0.17721518987341772,0.0,0.38877999782562256,-0.08454917702409959,,0,1
qwen32B-int4_telecom_50runs,verbalized,bge-m3,6b5e43a4-928a-4a00-bcaf-2cd24e541021,45,96,tool,,,,,,,0,1
qwen32B-int4_telecom_50runs,verbalized,bge-m3,6b5e43a4-928a-4a00-bcaf-2cd24e541021,46,96,agent,0.776507556438446,0.2073170731707317,0.0,0.4163299798965454,-0.034428020318349184,,0,1
qwen32B-int4_telecom_50runs,verbalized,bge-m3,6b5e43a4-928a-4a00-bcaf-2cd24e541021,47,96,user,,,,,,0.4712667465209961,0,1
qwen32B-int4_telecom_50runs,verbalized,bge-m3,6b5e43a4-928a-4a00-bcaf-2cd24e541021,48,96,tool,,,,,,,0,1
qwen32B-int4_telecom_50runs,verbalized,bge-m3,6b5e43a4-928a-4a00-bcaf-2cd24e541021,49,96,user,,,,,,,0,1
qwen32B-int4_telecom_50runs,verbalized,bge-m3,6b5e43a4-928a-4a00-bcaf-2cd24e541021,50,96,agent,0.7948414087295532,0.17073170731707318,0.0,,,,0,1
qwen32B-int4_telecom_50runs,verbalized,bge-m3,6b5e43a4-928a-4a00-bcaf-2cd24e541021,51,96,user,,,,,,0.37120676040649414,0,1
qwen32B-int4_telecom_50runs,verbalized,bge-m3,6b5e43a4-928a-4a00-bcaf-2cd24e541021,52,96,agent,0.6993608474731445,0.3898305084745763,0.0,0.43380117416381836,-0.1122428940402137,,0,1
qwen32B-int4_telecom_50runs,verbalized,bge-m3,6b5e43a4-928a-4a00-bcaf-2cd24e541021,53,96,tool,,,,,,,0,1
qwen32B-int4_telecom_50runs,verbalized,bge-m3,6b5e43a4-928a-4a00-bcaf-2cd24e541021,54,96,agent,0.6576200127601624,0.1827956989247312,0.0,,,,0,1
qwen32B-int4_telecom_50runs,verbalized,bge-m3,6b5e43a4-928a-4a00-bcaf-2cd24e541021,55,96,user,,,,,,0.2524692416191101,0,1
qwen32B-int4_telecom_50runs,verbalized,bge-m3,6b5e43a4-928a-4a00-bcaf-2cd24e541021,56,96,agent,0.7143316268920898,0.20833333333333334,0.0,0.2088618278503418,-0.40706930889023674,,0,1
qwen32B-int4_telecom_50runs,verbalized,bge-m3,6b5e43a4-928a-4a00-bcaf-2cd24e541021,57,96,tool,,,,,,,0,1
qwen32B-int4_telecom_50runs,verbalized,bge-m3,6b5e43a4-928a-4a00-bcaf-2cd24e541021,58,96,agent,0.7873493432998657,0.3559322033898305,0.0,0.4585016369819641,-0.007571130990982056,,0,1
qwen32B-int4_telecom_50runs,verbalized,bge-m3,6b5e43a4-928a-4a00-bcaf-2cd24e541021,59,96,user,,,,,,0.4567714333534241,0,1
qwen32B-int4_telecom_50runs,verbalized,bge-m3,6b5e43a4-928a-4a00-bcaf-2cd24e541021,60,96,tool,,,,,,,0,1
qwen32B-int4_telecom_50runs,verbalized,bge-m3,6b5e43a4-928a-4a00-bcaf-2cd24e541021,61,96,user,,,,,,,0,1
qwen32B-int4_telecom_50runs,verbalized,bge-m3,6b5e43a4-928a-4a00-bcaf-2cd24e541021,62,96,tool,,,,,,,0,1
qwen32B-int4_telecom_50runs,verbalized,bge-m3,6b5e43a4-928a-4a00-bcaf-2cd24e541021,63,96,user,,,,,,,0,1
qwen32B-int4_telecom_50runs,verbalized,bge-m3,6b5e43a4-928a-4a00-bcaf-2cd24e541021,64,96,tool,,,,,,,0,1
qwen32B-int4_telecom_50runs,verbalized,bge-m3,6b5e43a4-928a-4a00-bcaf-2cd24e541021,65,96,user,,,,,,,0,1
qwen32B-int4_telecom_50runs,verbalized,bge-m3,6b5e43a4-928a-4a00-bcaf-2cd24e541021,66,96,agent,,,,0.512605607509613,0.018988101018799663,,0,1
qwen32B-int4_telecom_50runs,verbalized,bge-m3,6b5e43a4-928a-4a00-bcaf-2cd24e541021,67,96,user,,,,,,0.40497028827667236,0,1
qwen32B-int4_telecom_50runs,verbalized,bge-m3,6b5e43a4-928a-4a00-bcaf-2cd24e541021,68,96,tool,,,,,,,0,1
qwen32B-int4_telecom_50runs,verbalized,bge-m3,6b5e43a4-928a-4a00-bcaf-2cd24e541021,69,96,user,,,,,,,0,1
qwen32B-int4_telecom_50runs,verbalized,bge-m3,6b5e43a4-928a-4a00-bcaf-2cd24e541021,70,96,tool,,,,,,,0,1
qwen32B-int4_telecom_50runs,verbalized,bge-m3,6b5e43a4-928a-4a00-bcaf-2cd24e541021,71,96,user,,,,,,,0,1
qwen32B-int4_telecom_50runs,verbalized,bge-m3,6b5e43a4-928a-4a00-bcaf-2cd24e541021,72,96,tool,,,,,,,0,1
qwen32B-int4_telecom_50runs,verbalized,bge-m3,6b5e43a4-928a-4a00-bcaf-2cd24e541021,73,96,user,,,,,,,0,1
qwen32B-int4_telecom_50runs,verbalized,bge-m3,6b5e43a4-928a-4a00-bcaf-2cd24e541021,74,96,agent,,,,0.2889143228530884,-0.260245778494411,,0,1
qwen32B-int4_telecom_50runs,verbalized,bge-m3,6b5e43a4-928a-4a00-bcaf-2cd24e541021,75,96,tool,,,,,,,0,1
qwen32B-int4_telecom_50runs,verbalized,bge-m3,6b5e43a4-928a-4a00-bcaf-2cd24e541021,76,96,agent,0.6366338133811951,0.03125,0.0,0.4534323811531067,-0.02620689570903778,,0,1
qwen32B-int4_telecom_50runs,verbalized,bge-m3,6b5e43a4-928a-4a00-bcaf-2cd24e541021,77,96,user,,,,,,0.40381544828414917,0,1
qwen32B-int4_telecom_50runs,verbalized,bge-m3,6b5e43a4-928a-4a00-bcaf-2cd24e541021,78,96,tool,,,,,,,0,1
qwen32B-int4_telecom_50runs,verbalized,bge-m3,6b5e43a4-928a-4a00-bcaf-2cd24e541021,79,96,user,,,,,,,0,1
qwen32B-int4_telecom_50runs,verbalized,bge-m3,6b5e43a4-928a-4a00-bcaf-2cd24e541021,80,96,agent,0.8193163871765137,0.32098765432098764,0.0,0.49376845359802246,0.040488748086823345,,0,1
qwen32B-int4_telecom_50runs,verbalized,bge-m3,6b5e43a4-928a-4a00-bcaf-2cd24e541021,81,96,user,,,,,,0.4284529685974121,0,1
qwen32B-int4_telecom_50runs,verbalized,bge-m3,6b5e43a4-928a-4a00-bcaf-2cd24e541021,82,96,tool,,,,,,,0,1
qwen32B-int4_telecom_50runs,verbalized,bge-m3,6b5e43a4-928a-4a00-bcaf-2cd24e541021,83,96,user,,,,,,,0,1
qwen32B-int4_telecom_50runs,verbalized,bge-m3,6b5e43a4-928a-4a00-bcaf-2cd24e541021,84,96,tool,,,,,,,0,1
qwen32B-int4_telecom_50runs,verbalized,bge-m3,6b5e43a4-928a-4a00-bcaf-2cd24e541021,85,96,user,,,,,,,0,1
qwen32B-int4_telecom_50runs,verbalized,bge-m3,6b5e43a4-928a-4a00-bcaf-2cd24e541021,86,96,agent,,,,0.4352978467941284,-0.05979877379205489,,0,1
qwen32B-int4_telecom_50runs,verbalized,bge-m3,6b5e43a4-928a-4a00-bcaf-2cd24e541021,87,96,user,,,,,,0.2919066548347473,0,1
qwen32B-int4_telecom_50runs,verbalized,bge-m3,6b5e43a4-928a-4a00-bcaf-2cd24e541021,88,96,tool,,,,,,,0,1
qwen32B-int4_telecom_50runs,verbalized,bge-m3,6b5e43a4-928a-4a00-bcaf-2cd24e541021,89,96,user,,,,,,,0,1
qwen32B-int4_telecom_50runs,verbalized,bge-m3,6b5e43a4-928a-4a00-bcaf-2cd24e541021,90,96,tool,,,,,,,0,1
qwen32B-int4_telecom_50runs,verbalized,bge-m3,6b5e43a4-928a-4a00-bcaf-2cd24e541021,91,96,user,,,,,,,0,1
qwen32B-int4_telecom_50runs,verbalized,bge-m3,6b5e43a4-928a-4a00-bcaf-2cd24e541021,92,96,agent,,,,0.4964158535003662,-0.04603887266582918,,0,1
qwen32B-int4_telecom_50runs,verbalized,bge-m3,6b5e43a4-928a-4a00-bcaf-2cd24e541021,93,96,tool,,,,,,,0,1
qwen32B-int4_telecom_50runs,verbalized,bge-m3,6b5e43a4-928a-4a00-bcaf-2cd24e541021,94,96,agent,0.6513955593109131,0.1282051282051282,0.0,,,,0,1
qwen32B-int4_telecom_50runs,verbalized,bge-m3,6b5e43a4-928a-4a00-bcaf-2cd24e541021,95,96,user,,,,,,0.36564916372299194,0,1
qwen32B-int4_telecom_50runs,verbalized,bge-m3,b49f4bfb-d91b-4dfd-9988-377c5ea1f1dd,0,126,agent,,,,,,,0,1
qwen32B-int4_telecom_50runs,verbalized,bge-m3,b49f4bfb-d91b-4dfd-9988-377c5ea1f1dd,1,126,user,,,,,,0.44117146730422974,0,1
qwen32B-int4_telecom_50runs,verbalized,bge-m3,b49f4bfb-d91b-4dfd-9988-377c5ea1f1dd,2,126,agent,0.5705976486206055,0.08333333333333333,0.0,0.32273638248443604,-0.13142048716545107,,0,1
qwen32B-int4_telecom_50runs,verbalized,bge-m3,b49f4bfb-d91b-4dfd-9988-377c5ea1f1dd,3,126,user,,,,,,0.4011566638946533,0,1
qwen32B-int4_telecom_50runs,verbalized,bge-m3,b49f4bfb-d91b-4dfd-9988-377c5ea1f1dd,4,126,tool,,,,,,,0,1
qwen32B-int4_telecom_50runs,verbalized,bge-m3,b49f4bfb-d91b-4dfd-9988-377c5ea1f1dd,5,126,user,,,,,,,0,1
qwen32B-int4_telecom_50runs,verbalized,bge-m3,b49f4bfb-d91b-4dfd-9988-377c5ea1f1dd,6,126,agent,0.7250375747680664,0.2191780821917808,0.0,0.23989510536193848,-0.1942558616399765,,0,1
qwen32B-int4_telecom_50runs,verbalized,bge-m3,b49f4bfb-d91b-4dfd-9988-377c5ea1f1dd,7,126,user,,,,,,0.42006564140319824,0,1
qwen32B-int4_telecom_50runs,verbalized,bge-m3,b49f4bfb-d91b-4dfd-9988-377c5ea1f1dd,8,126,tool,,,,,,,0,1
qwen32B-int4_telecom_50runs,verbalized,bge-m3,b49f4bfb-d91b-4dfd-9988-377c5ea1f1dd,9,126,user,,,,,,,0,1
qwen32B-int4_telecom_50runs,verbalized,bge-m3,b49f4bfb-d91b-4dfd-9988-377c5ea1f1dd,10,126,agent,0.535713255405426,0.15942028985507245,0.0,0.4293110966682434,-0.0783287972211838,,0,1
qwen32B-int4_telecom_50runs,verbalized,bge-m3,b49f4bfb-d91b-4dfd-9988-377c5ea1f1dd,11,126,user,,,,,,0.40905219316482544,0,1
qwen32B-int4_telecom_50runs,verbalized,bge-m3,b49f4bfb-d91b-4dfd-9988-377c5ea1f1dd,12,126,tool,,,,,,,0,1
qwen32B-int4_telecom_50runs,verbalized,bge-m3,b49f4bfb-d91b-4dfd-9988-377c5ea1f1dd,13,126,user,,,,,,,0,1
qwen32B-int4_telecom_50runs,verbalized,bge-m3,b49f4bfb-d91b-4dfd-9988-377c5ea1f1dd,14,126,agent,0.6736634373664856,0.2564102564102564,0.0,0.3167724013328552,-0.13769526034593582,,0,1
qwen32B-int4_telecom_50runs,verbalized,bge-m3,b49f4bfb-d91b-4dfd-9988-377c5ea1f1dd,15,126,user,,,,,,0.39721012115478516,0,1
qwen32B-int4_telecom_50runs,verbalized,bge-m3,b49f4bfb-d91b-4dfd-9988-377c5ea1f1dd,16,126,tool,,,,,,,0,1
qwen32B-int4_telecom_50runs,verbalized,bge-m3,b49f4bfb-d91b-4dfd-9988-377c5ea1f1dd,17,126,user,,,,,,,0,1
qwen32B-int4_telecom_50runs,verbalized,bge-m3,b49f4bfb-d91b-4dfd-9988-377c5ea1f1dd,18,126,agent,0.6856548190116882,0.21951219512195122,0.0,0.4283064603805542,-0.07738355398178098,,0,1
qwen32B-int4_telecom_50runs,verbalized,bge-m3,b49f4bfb-d91b-4dfd-9988-377c5ea1f1dd,19,126,user,,,,,,0.40511584281921387,0,1
qwen32B-int4_telecom_50runs,verbalized,bge-m3,b49f4bfb-d91b-4dfd-9988-377c5ea1f1dd,20,126,tool,,,,,,,0,1
qwen32B-int4_telecom_50runs,verbalized,bge-m3,b49f4bfb-d91b-4dfd-9988-377c5ea1f1dd,21,126,user,,,,,,,0,1
qwen32B-int4_telecom_50runs,verbalized,bge-m3,b49f4bfb-d91b-4dfd-9988-377c5ea1f1dd,22,126,agent,0.7348113059997559,0.17105263157894737,0.0,0.37009406089782715,-0.09188314676284792,,0,1
qwen32B-int4_telecom_50runs,verbalized,bge-m3,b49f4bfb-d91b-4dfd-9988-377c5ea1f1dd,23,126,user,,,,,,0.4902634620666504,0,1
qwen32B-int4_telecom_50runs,verbalized,bge-m3,b49f4bfb-d91b-4dfd-9988-377c5ea1f1dd,24,126,tool,,,,,,,0,1
qwen32B-int4_telecom_50runs,verbalized,bge-m3,b49f4bfb-d91b-4dfd-9988-377c5ea1f1dd,25,126,user,,,,,,,0,1
qwen32B-int4_telecom_50runs,verbalized,bge-m3,b49f4bfb-d91b-4dfd-9988-377c5ea1f1dd,26,126,agent,0.6747361421585083,0.3076923076923077,0.0,0.45113706588745117,-0.017271625995635975,,0,1
qwen32B-int4_telecom_50runs,verbalized,bge-m3,b49f4bfb-d91b-4dfd-9988-377c5ea1f1dd,27,126,user,,,,,,0.4912989139556885,0,1
qwen32B-int4_telecom_50runs,verbalized,bge-m3,b49f4bfb-d91b-4dfd-9988-377c5ea1f1dd,28,126,tool,,,,,,,0,1
qwen32B-int4_telecom_50runs,verbalized,bge-m3,b49f4bfb-d91b-4dfd-9988-377c5ea1f1dd,29,126,user,,,,,,,0,1
qwen32B-int4_telecom_50runs,verbalized,bge-m3,b49f4bfb-d91b-4dfd-9988-377c5ea1f1dd,30,126,agent,0.7621170878410339,0.27058823529411763,0.0,0.3148394823074341,-0.1982081815600395,,0,1
qwen32B-int4_telecom_50runs,verbalized,bge-m3,b49f4bfb-d91b-4dfd-9988-377c5ea1f1dd,31,126,user,,,,,,0.4237843155860901,0,1
qwen32B-int4_telecom_50runs,verbalized,bge-m3,b49f4bfb-d91b-4dfd-9988-377c5ea1f1dd,32,126,tool,,,,,,,0,1
qwen32B-int4_telecom_50runs,verbalized,bge-m3,b49f4bfb-d91b-4dfd-9988-377c5ea1f1dd,33,126,user,,,,,,,0,1
qwen32B-int4_telecom_50runs,verbalized,bge-m3,b49f4bfb-d91b-4dfd-9988-377c5ea1f1dd,34,126,tool,,,,,,,0,1
qwen32B-int4_telecom_50runs,verbalized,bge-m3,b49f4bfb-d91b-4dfd-9988-377c5ea1f1dd,35,126,user,,,,,,,0,1
qwen32B-int4_telecom_50runs,verbalized,bge-m3,b49f4bfb-d91b-4dfd-9988-377c5ea1f1dd,36,126,agent,,,,0.3435419797897339,-0.11159835159778597,,0,1
qwen32B-int4_telecom_50runs,verbalized,bge-m3,b49f4bfb-d91b-4dfd-9988-377c5ea1f1dd,37,126,user,,,,,,0.41334789991378784,0,1
qwen32B-int4_telecom_50runs,verbalized,bge-m3,b49f4bfb-d91b-4dfd-9988-377c5ea1f1dd,38,126,tool,,,,,,,0,1
qwen32B-int4_telecom_50runs,verbalized,bge-m3,b49f4bfb-d91b-4dfd-9988-377c5ea1f1dd,39,126,user,,,,,,,0,1
qwen32B-int4_telecom_50runs,verbalized,bge-m3,b49f4bfb-d91b-4dfd-9988-377c5ea1f1dd,40,126,agent,0.6630607843399048,0.22727272727272727,0.0,0.26155930757522583,-0.19759472459554672,,0,1
qwen32B-int4_telecom_50runs,verbalized,bge-m3,b49f4bfb-d91b-4dfd-9988-377c5ea1f1dd,41,126,user,,,,,,0.40994536876678467,0,1
qwen32B-int4_telecom_50runs,verbalized,bge-m3,b49f4bfb-d91b-4dfd-9988-377c5ea1f1dd,42,126,tool,,,,,,,0,1
qwen32B-int4_telecom_50runs,verbalized,bge-m3,b49f4bfb-d91b-4dfd-9988-377c5ea1f1dd,43,126,user,,,,,,,0,1
qwen32B-int4_telecom_50runs,verbalized,bge-m3,b49f4bfb-d91b-4dfd-9988-377c5ea1f1dd,44,126,agent,0.874763011932373,0.4647887323943662,0.4647887323943662,0.30391865968704224,-0.14375219047069548,,0,1
qwen32B-int4_telecom_50runs,verbalized,bge-m3,b49f4bfb-d91b-4dfd-9988-377c5ea1f1dd,45,126,user,,,,,,0.4849851131439209,0,1
qwen32B-int4_telecom_50runs,verbalized,bge-m3,b49f4bfb-d91b-4dfd-9988-377c5ea1f1dd,46,126,tool,,,,,,,0,1
qwen32B-int4_telecom_50runs,verbalized,bge-m3,b49f4bfb-d91b-4dfd-9988-377c5ea1f1dd,47,126,user,,,,,,,0,1
qwen32B-int4_telecom_50runs,verbalized,bge-m3,b49f4bfb-d91b-4dfd-9988-377c5ea1f1dd,48,126,agent,0.8195701241493225,0.36764705882352944,0.0,0.3524131178855896,-0.12384992390871047,,0,1
qwen32B-int4_telecom_50runs,verbalized,bge-m3,b49f4bfb-d91b-4dfd-9988-377c5ea1f1dd,49,126,user,,,,,,0.48190683126449585,0,1
qwen32B-int4_telecom_50runs,verbalized,bge-m3,b49f4bfb-d91b-4dfd-9988-377c5ea1f1dd,50,126,tool,,,,,,,0,1
qwen32B-int4_telecom_50runs,verbalized,bge-m3,b49f4bfb-d91b-4dfd-9988-377c5ea1f1dd,51,126,user,,,,,,,0,1
qwen32B-int4_telecom_50runs,verbalized,bge-m3,b49f4bfb-d91b-4dfd-9988-377c5ea1f1dd,52,126,agent,0.8805819153785706,0.4230769230769231,0.0,0.3764157295227051,-0.06253245174884797,,0,1
qwen32B-int4_telecom_50runs,verbalized,bge-m3,b49f4bfb-d91b-4dfd-9988-377c5ea1f1dd,53,126,user,,,,,,0.4426846504211426,0,1
qwen32B-int4_telecom_50runs,verbalized,bge-m3,b49f4bfb-d91b-4dfd-9988-377c5ea1f1dd,54,126,tool,,,,,,,0,1
qwen32B-int4_telecom_50runs,verbalized,bge-m3,b49f4bfb-d91b-4dfd-9988-377c5ea1f1dd,55,126,user,,,,,,,0,1
qwen32B-int4_telecom_50runs,verbalized,bge-m3,b49f4bfb-d91b-4dfd-9988-377c5ea1f1dd,56,126,agent,0.7803491950035095,0.22784810126582278,0.0,,,,0,1
qwen32B-int4_telecom_50runs,verbalized,bge-m3,b49f4bfb-d91b-4dfd-9988-377c5ea1f1dd,57,126,user,,,,,,0.34734368324279785,0,1
qwen32B-int4_telecom_50runs,verbalized,bge-m3,b49f4bfb-d91b-4dfd-9988-377c5ea1f1dd,58,126,agent,0.5373775362968445,0.013513513513513514,0.0,0.3748750686645508,-0.15881937742233276,,0,1
qwen32B-int4_telecom_50runs,verbalized,bge-m3,b49f4bfb-d91b-4dfd-9988-377c5ea1f1dd,59,126,tool,,,,,,,0,1
qwen32B-int4_telecom_50runs,verbalized,bge-m3,b49f4bfb-d91b-4dfd-9988-377c5ea1f1dd,60,126,agent,0.7162386178970337,0.36666666666666664,0.0,,,,0,1
qwen32B-int4_telecom_50runs,verbalized,bge-m3,b49f4bfb-d91b-4dfd-9988-377c5ea1f1dd,61,126,user,,,,,,0.32883280515670776,0,1
qwen32B-int4_telecom_50runs,verbalized,bge-m3,b49f4bfb-d91b-4dfd-9988-377c5ea1f1dd,62,126,agent,0.8136268854141235,0.4375,0.0,0.3918173313140869,-0.17086172550916667,,0,1
qwen32B-int4_telecom_50runs,verbalized,bge-m3,b49f4bfb-d91b-4dfd-9988-377c5ea1f1dd,63,126,tool,,,,,,,0,1
qwen32B-int4_telecom_50runs,verbalized,bge-m3,b49f4bfb-d91b-4dfd-9988-377c5ea1f1dd,64,126,agent,0.7007923722267151,0.42105263157894735,0.0,,,,0,1
qwen32B-int4_telecom_50runs,verbalized,bge-m3,b49f4bfb-d91b-4dfd-9988-377c5ea1f1dd,65,126,user,,,,,,0.3301299810409546,0,1
qwen32B-int4_telecom_50runs,verbalized,bge-m3,b49f4bfb-d91b-4dfd-9988-377c5ea1f1dd,66,126,agent,0.9792823195457458,0.6666666666666666,0.0,0.449729323387146,-0.10887621790170665,,0,1
qwen32B-int4_telecom_50runs,verbalized,bge-m3,b49f4bfb-d91b-4dfd-9988-377c5ea1f1dd,67,126,tool,,,,,,,0,1
qwen32B-int4_telecom_50runs,verbalized,bge-m3,b49f4bfb-d91b-4dfd-9988-377c5ea1f1dd,68,126,agent,0.7068121433258057,0.49206349206349204,0.0,,,,0,1
qwen32B-int4_telecom_50runs,verbalized,bge-m3,b49f4bfb-d91b-4dfd-9988-377c5ea1f1dd,69,126,user,,,,,,0.28296828269958496,0,1
qwen32B-int4_telecom_50runs,verbalized,bge-m3,b49f4bfb-d91b-4dfd-9988-377c5ea1f1dd,70,126,agent,0.9820159077644348,0.6666666666666666,0.0,0.46227526664733887,-0.09245592057704921,,0,1
qwen32B-int4_telecom_50runs,verbalized,bge-m3,b49f4bfb-d91b-4dfd-9988-377c5ea1f1dd,71,126,tool,,,,,,,0,1
qwen32B-int4_telecom_50runs,verbalized,bge-m3,b49f4bfb-d91b-4dfd-9988-377c5ea1f1dd,72,126,agent,0.9552811980247498,0.8431372549019608,0.0,,,,0,1
qwen32B-int4_telecom_50runs,verbalized,bge-m3,b49f4bfb-d91b-4dfd-9988-377c5ea1f1dd,73,126,user,,,,,,0.24802982807159424,0,1
qwen32B-int4_telecom_50runs,verbalized,bge-m3,b49f4bfb-d91b-4dfd-9988-377c5ea1f1dd,74,126,agent,0.9903570413589478,0.6666666666666666,0.0,0.4601355195045471,-0.09315628856420521,,0,1
qwen32B-int4_telecom_50runs,verbalized,bge-m3,b49f4bfb-d91b-4dfd-9988-377c5ea1f1dd,75,126,tool,,,,,,,0,1
qwen32B-int4_telecom_50runs,verbalized,bge-m3,b49f4bfb-d91b-4dfd-9988-377c5ea1f1dd,76,126,agent,0.8965786099433899,0.5135135135135135,0.0,,,,0,1
qwen32B-int4_telecom_50runs,verbalized,bge-m3,b49f4bfb-d91b-4dfd-9988-377c5ea1f1dd,77,126,user,,,,,,0.37595999240875244,0,1
qwen32B-int4_telecom_50runs,verbalized,bge-m3,b49f4bfb-d91b-4dfd-9988-377c5ea1f1dd,78,126,agent,0.5888749957084656,0.16279069767441862,0.0,0.3764157295227051,-0.06253245174884797,,0,1
qwen32B-int4_telecom_50runs,verbalized,bge-m3,b49f4bfb-d91b-4dfd-9988-377c5ea1f1dd,79,126,user,,,,,,0.43535757064819336,0,1
qwen32B-int4_telecom_50runs,verbalized,bge-m3,b49f4bfb-d91b-4dfd-9988-377c5ea1f1dd,80,126,tool,,,,,,,0,1
qwen32B-int4_telecom_50runs,verbalized,bge-m3,b49f4bfb-d91b-4dfd-9988-377c5ea1f1dd,81,126,user,,,,,,,0,1
qwen32B-int4_telecom_50runs,verbalized,bge-m3,b49f4bfb-d91b-4dfd-9988-377c5ea1f1dd,82,126,agent,0.7936071157455444,0.2,0.0,,,,0,1
qwen32B-int4_telecom_50runs,verbalized,bge-m3,b49f4bfb-d91b-4dfd-9988-377c5ea1f1dd,83,126,user,,,,,,0.39285939931869507,0,1
qwen32B-int4_telecom_50runs,verbalized,bge-m3,b49f4bfb-d91b-4dfd-9988-377c5ea1f1dd,84,126,agent,0.4937502443790436,0.0,0.0,0.38342928886413574,-0.1534016236662865,,0,1
qwen32B-int4_telecom_50runs,verbalized,bge-m3,b49f4bfb-d91b-4dfd-9988-377c5ea1f1dd,85,126,tool,,,,,,,0,1
qwen32B-int4_telecom_50runs,verbalized,bge-m3,b49f4bfb-d91b-4dfd-9988-377c5ea1f1dd,86,126,agent,0.6687387228012085,0.23595505617977527,0.0,,,,0,1
qwen32B-int4_telecom_50runs,verbalized,bge-m3,b49f4bfb-d91b-4dfd-9988-377c5ea1f1dd,87,126,user,,,,,,0.21561747789382935,0,1
qwen32B-int4_telecom_50runs,verbalized,bge-m3,b49f4bfb-d91b-4dfd-9988-377c5ea1f1dd,88,126,agent,0.9025586247444153,0.6,0.0,0.3481830954551697,-0.20448612421751022,,0,1
qwen32B-int4_telecom_50runs,verbalized,bge-m3,b49f4bfb-d91b-4dfd-9988-377c5ea1f1dd,89,126,tool,,,,,,,0,1
qwen32B-int4_telecom_50runs,verbalized,bge-m3,b49f4bfb-d91b-4dfd-9988-377c5ea1f1dd,90,126,agent,0.8076610565185547,0.2714285714285714,0.0,0.29855120182037354,-0.25662103444337847,,0,1
qwen32B-int4_telecom_50runs,verbalized,bge-m3,b49f4bfb-d91b-4dfd-9988-377c5ea1f1dd,91,126,user,,,,,,0.4452425241470337,0,1
qwen32B-int4_telecom_50runs,verbalized,bge-m3,b49f4bfb-d91b-4dfd-9988-377c5ea1f1dd,92,126,tool,,,,,,,0,1
qwen32B-int4_telecom_50runs,verbalized,bge-m3,b49f4bfb-d91b-4dfd-9988-377c5ea1f1dd,93,126,user,,,,,,,0,1
qwen32B-int4_telecom_50runs,verbalized,bge-m3,b49f4bfb-d91b-4dfd-9988-377c5ea1f1dd,94,126,tool,,,,,,,0,1
qwen32B-int4_telecom_50runs,verbalized,bge-m3,b49f4bfb-d91b-4dfd-9988-377c5ea1f1dd,95,126,user,,,,,,,0,1
qwen32B-int4_telecom_50runs,verbalized,bge-m3,b49f4bfb-d91b-4dfd-9988-377c5ea1f1dd,96,126,agent,,,,0.4203261137008667,-0.04816737920045855,,0,1
qwen32B-int4_telecom_50runs,verbalized,bge-m3,b49f4bfb-d91b-4dfd-9988-377c5ea1f1dd,97,126,user,,,,,,0.40489399433135986,0,1
qwen32B-int4_telecom_50runs,verbalized,bge-m3,b49f4bfb-d91b-4dfd-9988-377c5ea1f1dd,98,126,tool,,,,,,,0,1
qwen32B-int4_telecom_50runs,verbalized,bge-m3,b49f4bfb-d91b-4dfd-9988-377c5ea1f1dd,99,126,user,,,,,,,0,1
qwen32B-int4_telecom_50runs,verbalized,bge-m3,b49f4bfb-d91b-4dfd-9988-377c5ea1f1dd,100,126,agent,0.6937069892883301,0.25316455696202533,0.0,0.5038859248161316,0.022652338445186604,,0,1
qwen32B-int4_telecom_50runs,verbalized,bge-m3,b49f4bfb-d91b-4dfd-9988-377c5ea1f1dd,101,126,user,,,,,,0.5294690728187561,0,1
qwen32B-int4_telecom_50runs,verbalized,bge-m3,b49f4bfb-d91b-4dfd-9988-377c5ea1f1dd,102,126,tool,,,,,,,0,1
qwen32B-int4_telecom_50runs,verbalized,bge-m3,b49f4bfb-d91b-4dfd-9988-377c5ea1f1dd,103,126,user,,,,,,,0,1
qwen32B-int4_telecom_50runs,verbalized,bge-m3,b49f4bfb-d91b-4dfd-9988-377c5ea1f1dd,104,126,agent,0.686451256275177,0.2818181818181818,0.0,,,,0,1
qwen32B-int4_telecom_50runs,verbalized,bge-m3,b49f4bfb-d91b-4dfd-9988-377c5ea1f1dd,105,126,user,,,,,,0.31800979375839233,0,1
qwen32B-int4_telecom_50runs,verbalized,bge-m3,b49f4bfb-d91b-4dfd-9988-377c5ea1f1dd,106,126,agent,0.6750253438949585,0.2909090909090909,0.0,,,,0,1
qwen32B-int4_telecom_50runs,verbalized,bge-m3,b49f4bfb-d91b-4dfd-9988-377c5ea1f1dd,107,126,user,,,,,,0.24033468961715698,0,1
qwen32B-int4_telecom_50runs,verbalized,bge-m3,b49f4bfb-d91b-4dfd-9988-377c5ea1f1dd,108,126,agent,0.7759652733802795,0.30434782608695654,0.0,,,,0,1
qwen32B-int4_telecom_50runs,verbalized,bge-m3,b49f4bfb-d91b-4dfd-9988-377c5ea1f1dd,109,126,user,,,,,,0.19030529260635376,0,1
qwen32B-int4_telecom_50runs,verbalized,bge-m3,b49f4bfb-d91b-4dfd-9988-377c5ea1f1dd,110,126,agent,0.8077811002731323,0.23728813559322035,0.0,0.3510133624076843,-0.0942632406949997,,0,1
qwen32B-int4_telecom_50runs,verbalized,bge-m3,b49f4bfb-d91b-4dfd-9988-377c5ea1f1dd,111,126,user,,,,,,0.37945032119750977,0,1
qwen32B-int4_telecom_50runs,verbalized,bge-m3,b49f4bfb-d91b-4dfd-9988-377c5ea1f1dd,112,126,tool,,,,,,,0,1
qwen32B-int4_telecom_50runs,verbalized,bge-m3,b49f4bfb-d91b-4dfd-9988-377c5ea1f1dd,113,126,user,,,,,,,0,1
qwen32B-int4_telecom_50runs,verbalized,bge-m3,b49f4bfb-d91b-4dfd-9988-377c5ea1f1dd,114,126,agent,0.7099925875663757,0.23943661971830985,0.0,0.4001154899597168,-0.055986514687538125,,0,1
qwen32B-int4_telecom_50runs,verbalized,bge-m3,b49f4bfb-d91b-4dfd-9988-377c5ea1f1dd,115,126,user,,,,,,0.5227937400341034,0,1
qwen32B-int4_telecom_50runs,verbalized,bge-m3,b49f4bfb-d91b-4dfd-9988-377c5ea1f1dd,116,126,tool,,,,,,,0,1
qwen32B-int4_telecom_50runs,verbalized,bge-m3,b49f4bfb-d91b-4dfd-9988-377c5ea1f1dd,117,126,user,,,,,,,0,1
qwen32B-int4_telecom_50runs,verbalized,bge-m3,b49f4bfb-d91b-4dfd-9988-377c5ea1f1dd,118,126,agent,0.8249030113220215,0.3333333333333333,0.0,0.3621813654899597,-0.08554378449916838,,0,1
qwen32B-int4_telecom_50runs,verbalized,bge-m3,b49f4bfb-d91b-4dfd-9988-377c5ea1f1dd,119,126,user,,,,,,0.4614682197570801,0,1
qwen32B-int4_telecom_50runs,verbalized,bge-m3,b49f4bfb-d91b-4dfd-9988-377c5ea1f1dd,120,126,tool,,,,,,,0,1
qwen32B-int4_telecom_50runs,verbalized,bge-m3,b49f4bfb-d91b-4dfd-9988-377c5ea1f1dd,121,126,user,,,,,,,0,1
qwen32B-int4_telecom_50runs,verbalized,bge-m3,b49f4bfb-d91b-4dfd-9988-377c5ea1f1dd,122,126,agent,0.5505868196487427,0.0945945945945946,0.0,0.42673027515411377,-0.13084367215633397,,0,1
qwen32B-int4_telecom_50runs,verbalized,bge-m3,b49f4bfb-d91b-4dfd-9988-377c5ea1f1dd,123,126,tool,,,,,,,0,1
qwen32B-int4_telecom_50runs,verbalized,bge-m3,b49f4bfb-d91b-4dfd-9988-377c5ea1f1dd,124,126,agent,0.7121891975402832,0.16,0.0,,,,0,1
qwen32B-int4_telecom_50runs,verbalized,bge-m3,b49f4bfb-d91b-4dfd-9988-377c5ea1f1dd,125,126,user,,,,,,0.3656492233276367,0,1
qwen32B-int4_telecom_50runs,verbalized,bge-m3,39b00650-d091-4f58-8416-69809150275d,0,30,agent,,,,,,,0,1
qwen32B-int4_telecom_50runs,verbalized,bge-m3,39b00650-d091-4f58-8416-69809150275d,1,30,user,,,,,,0.4618303179740906,0,1
qwen32B-int4_telecom_50runs,verbalized,bge-m3,39b00650-d091-4f58-8416-69809150275d,2,30,agent,0.4846019446849823,0.0,0.0,0.3422743082046509,-0.18968570232391357,,0,1
qwen32B-int4_telecom_50runs,verbalized,bge-m3,39b00650-d091-4f58-8416-69809150275d,3,30,tool,,,,,,,0,1
qwen32B-int4_telecom_50runs,verbalized,bge-m3,39b00650-d091-4f58-8416-69809150275d,4,30,agent,0.5560822486877441,0.09375,0.0,,,,0,1
qwen32B-int4_telecom_50runs,verbalized,bge-m3,39b00650-d091-4f58-8416-69809150275d,5,30,user,,,,,,0.31756681203842163,0,1
qwen32B-int4_telecom_50runs,verbalized,bge-m3,39b00650-d091-4f58-8416-69809150275d,6,30,agent,0.8408387899398804,0.3684210526315789,0.0,0.553615927696228,0.020711392164230347,,0,1
qwen32B-int4_telecom_50runs,verbalized,bge-m3,39b00650-d091-4f58-8416-69809150275d,7,30,tool,,,,,,,0,1
qwen32B-int4_telecom_50runs,verbalized,bge-m3,39b00650-d091-4f58-8416-69809150275d,8,30,agent,0.6269055008888245,0.2,0.0,,,,0,1
qwen32B-int4_telecom_50runs,verbalized,bge-m3,39b00650-d091-4f58-8416-69809150275d,9,30,user,,,,,,0.46262818574905396,0,1
qwen32B-int4_telecom_50runs,verbalized,bge-m3,39b00650-d091-4f58-8416-69809150275d,10,30,agent,0.8147457242012024,0.3333333333333333,0.0,0.38261884450912476,-0.15132261315981543,,0,1
qwen32B-int4_telecom_50runs,verbalized,bge-m3,39b00650-d091-4f58-8416-69809150275d,11,30,tool,,,,,,,0,1
qwen32B-int4_telecom_50runs,verbalized,bge-m3,39b00650-d091-4f58-8416-69809150275d,12,30,agent,0.5033203959465027,0.2111111111111111,0.0,0.45446425676345825,-0.058398763338724735,,0,1
qwen32B-int4_telecom_50runs,verbalized,bge-m3,39b00650-d091-4f58-8416-69809150275d,13,30,user,,,,,,0.5161341428756714,0,1
qwen32B-int4_telecom_50runs,verbalized,bge-m3,39b00650-d091-4f58-8416-69809150275d,14,30,tool,,,,,,,0,1
qwen32B-int4_telecom_50runs,verbalized,bge-m3,39b00650-d091-4f58-8416-69809150275d,15,30,user,,,,,,,0,1
qwen32B-int4_telecom_50runs,verbalized,bge-m3,39b00650-d091-4f58-8416-69809150275d,16,30,agent,0.580746054649353,0.25,0.0,0.29490119218826294,-0.2480080251892408,,0,1
qwen32B-int4_telecom_50runs,verbalized,bge-m3,39b00650-d091-4f58-8416-69809150275d,17,30,user,,,,,,0.4475749731063843,0,1
qwen32B-int4_telecom_50runs,verbalized,bge-m3,39b00650-d091-4f58-8416-69809150275d,18,30,tool,,,,,,,0,1
qwen32B-int4_telecom_50runs,verbalized,bge-m3,39b00650-d091-4f58-8416-69809150275d,19,30,user,,,,,,,0,1
qwen32B-int4_telecom_50runs,verbalized,bge-m3,39b00650-d091-4f58-8416-69809150275d,20,30,agent,0.7847261428833008,0.36363636363636365,0.0,0.2619176506996155,-0.21999088923136395,,0,1
qwen32B-int4_telecom_50runs,verbalized,bge-m3,39b00650-d091-4f58-8416-69809150275d,21,30,user,,,,,,0.4766749143600464,0,1
qwen32B-int4_telecom_50runs,verbalized,bge-m3,39b00650-d091-4f58-8416-69809150275d,22,30,tool,,,,,,,0,1
qwen32B-int4_telecom_50runs,verbalized,bge-m3,39b00650-d091-4f58-8416-69809150275d,23,30,user,,,,,,,0,1
qwen32B-int4_telecom_50runs,verbalized,bge-m3,39b00650-d091-4f58-8416-69809150275d,24,30,agent,0.7733911275863647,0.4489795918367347,0.0,0.21374231576919556,-0.35817478845516837,,0,1
qwen32B-int4_telecom_50runs,verbalized,bge-m3,39b00650-d091-4f58-8416-69809150275d,25,30,user,,,,,,0.3021637797355652,0,1
qwen32B-int4_telecom_50runs,verbalized,bge-m3,39b00650-d091-4f58-8416-69809150275d,26,30,tool,,,,,,,0,1
qwen32B-int4_telecom_50runs,verbalized,bge-m3,39b00650-d091-4f58-8416-69809150275d,27,30,user,,,,,,,0,1
qwen32B-int4_telecom_50runs,verbalized,bge-m3,39b00650-d091-4f58-8416-69809150275d,28,30,agent,0.6391598582267761,0.175,0.0,,,,0,1
qwen32B-int4_telecom_50runs,verbalized,bge-m3,39b00650-d091-4f58-8416-69809150275d,29,30,user,,,,,,0.5804900527000427,0,1
qwen32B-int4_telecom_50runs,verbalized,bge-m3,2e9dfebb-8d9f-4820-9cc8-90e653164f0e,0,48,agent,,,,,,,0,1
qwen32B-int4_telecom_50runs,verbalized,bge-m3,2e9dfebb-8d9f-4820-9cc8-90e653164f0e,1,48,user,,,,,,0.4411715865135193,0,1
qwen32B-int4_telecom_50runs,verbalized,bge-m3,2e9dfebb-8d9f-4820-9cc8-90e653164f0e,2,48,agent,0.5705975890159607,0.08333333333333333,0.0,0.2986369729042053,-0.18124163150787354,,0,1
qwen32B-int4_telecom_50runs,verbalized,bge-m3,2e9dfebb-8d9f-4820-9cc8-90e653164f0e,3,48,user,,,,,,0.4089764356613159,0,1
qwen32B-int4_telecom_50runs,verbalized,bge-m3,2e9dfebb-8d9f-4820-9cc8-90e653164f0e,4,48,tool,,,,,,,0,1
qwen32B-int4_telecom_50runs,verbalized,bge-m3,2e9dfebb-8d9f-4820-9cc8-90e653164f0e,5,48,user,,,,,,,0,1
qwen32B-int4_telecom_50runs,verbalized,bge-m3,2e9dfebb-8d9f-4820-9cc8-90e653164f0e,6,48,agent,0.7465431690216064,0.2,0.0,0.3415275812149048,-0.11841979250311852,,0,1
qwen32B-int4_telecom_50runs,verbalized,bge-m3,2e9dfebb-8d9f-4820-9cc8-90e653164f0e,7,48,user,,,,,,0.5142481923103333,0,1
qwen32B-int4_telecom_50runs,verbalized,bge-m3,2e9dfebb-8d9f-4820-9cc8-90e653164f0e,8,48,tool,,,,,,,0,1
qwen32B-int4_telecom_50runs,verbalized,bge-m3,2e9dfebb-8d9f-4820-9cc8-90e653164f0e,9,48,user,,,,,,,0,1
qwen32B-int4_telecom_50runs,verbalized,bge-m3,2e9dfebb-8d9f-4820-9cc8-90e653164f0e,10,48,tool,,,,,,,0,1
qwen32B-int4_telecom_50runs,verbalized,bge-m3,2e9dfebb-8d9f-4820-9cc8-90e653164f0e,11,48,user,,,,,,,0,1
qwen32B-int4_telecom_50runs,verbalized,bge-m3,2e9dfebb-8d9f-4820-9cc8-90e653164f0e,12,48,tool,,,,,,,0,1
qwen32B-int4_telecom_50runs,verbalized,bge-m3,2e9dfebb-8d9f-4820-9cc8-90e653164f0e,13,48,user,,,,,,,0,1
qwen32B-int4_telecom_50runs,verbalized,bge-m3,2e9dfebb-8d9f-4820-9cc8-90e653164f0e,14,48,agent,,,,0.5221400260925293,0.05023534968495369,,0,1
qwen32B-int4_telecom_50runs,verbalized,bge-m3,2e9dfebb-8d9f-4820-9cc8-90e653164f0e,15,48,user,,,,,,0.4853147268295288,0,1
qwen32B-int4_telecom_50runs,verbalized,bge-m3,2e9dfebb-8d9f-4820-9cc8-90e653164f0e,16,48,tool,,,,,,,0,1
qwen32B-int4_telecom_50runs,verbalized,bge-m3,2e9dfebb-8d9f-4820-9cc8-90e653164f0e,17,48,user,,,,,,,0,1
qwen32B-int4_telecom_50runs,verbalized,bge-m3,2e9dfebb-8d9f-4820-9cc8-90e653164f0e,18,48,tool,,,,,,,0,1
qwen32B-int4_telecom_50runs,verbalized,bge-m3,2e9dfebb-8d9f-4820-9cc8-90e653164f0e,19,48,user,,,,,,,0,1
qwen32B-int4_telecom_50runs,verbalized,bge-m3,2e9dfebb-8d9f-4820-9cc8-90e653164f0e,20,48,agent,,,,0.31354737281799316,-0.17470229789614677,,0,1
qwen32B-int4_telecom_50runs,verbalized,bge-m3,2e9dfebb-8d9f-4820-9cc8-90e653164f0e,21,48,user,,,,,,0.5187011957168579,0,1
qwen32B-int4_telecom_50runs,verbalized,bge-m3,2e9dfebb-8d9f-4820-9cc8-90e653164f0e,22,48,tool,,,,,,,0,1
qwen32B-int4_telecom_50runs,verbalized,bge-m3,2e9dfebb-8d9f-4820-9cc8-90e653164f0e,23,48,user,,,,,,,0,1
qwen32B-int4_telecom_50runs,verbalized,bge-m3,2e9dfebb-8d9f-4820-9cc8-90e653164f0e,24,48,tool,,,,,,,0,1
qwen32B-int4_telecom_50runs,verbalized,bge-m3,2e9dfebb-8d9f-4820-9cc8-90e653164f0e,25,48,user,,,,,,,0,1
qwen32B-int4_telecom_50runs,verbalized,bge-m3,2e9dfebb-8d9f-4820-9cc8-90e653164f0e,26,48,tool,,,,,,,0,1
qwen32B-int4_telecom_50runs,verbalized,bge-m3,2e9dfebb-8d9f-4820-9cc8-90e653164f0e,27,48,user,,,,,,,0,1
qwen32B-int4_telecom_50runs,verbalized,bge-m3,2e9dfebb-8d9f-4820-9cc8-90e653164f0e,28,48,agent,,,,,,,0,1
qwen32B-int4_telecom_50runs,verbalized,bge-m3,2e9dfebb-8d9f-4820-9cc8-90e653164f0e,29,48,user,,,,,,0.36943262815475464,0,1
qwen32B-int4_telecom_50runs,verbalized,bge-m3,2e9dfebb-8d9f-4820-9cc8-90e653164f0e,30,48,agent,0.5282613039016724,0.013333333333333334,0.0,0.3804614543914795,-0.1774529367685318,,0,1
qwen32B-int4_telecom_50runs,verbalized,bge-m3,2e9dfebb-8d9f-4820-9cc8-90e653164f0e,31,48,tool,,,,,,,0,1
qwen32B-int4_telecom_50runs,verbalized,bge-m3,2e9dfebb-8d9f-4820-9cc8-90e653164f0e,32,48,agent,0.6451388001441956,0.3548387096774194,0.0,,,,0,1
qwen32B-int4_telecom_50runs,verbalized,bge-m3,2e9dfebb-8d9f-4820-9cc8-90e653164f0e,33,48,user,,,,,,0.3537074327468872,0,1
qwen32B-int4_telecom_50runs,verbalized,bge-m3,2e9dfebb-8d9f-4820-9cc8-90e653164f0e,34,48,agent,0.9139691591262817,0.3048780487804878,0.0,,,,0,1
qwen32B-int4_telecom_50runs,verbalized,bge-m3,2e9dfebb-8d9f-4820-9cc8-90e653164f0e,35,48,user,,,,,,0.29201823472976685,0,1
qwen32B-int4_telecom_50runs,verbalized,bge-m3,2e9dfebb-8d9f-4820-9cc8-90e653164f0e,36,48,agent,0.5213881731033325,0.038461538461538464,0.0,0.3843991160392761,-0.1732269711792469,,0,1
qwen32B-int4_telecom_50runs,verbalized,bge-m3,2e9dfebb-8d9f-4820-9cc8-90e653164f0e,37,48,tool,,,,,,,0,1
qwen32B-int4_telecom_50runs,verbalized,bge-m3,2e9dfebb-8d9f-4820-9cc8-90e653164f0e,38,48,agent,0.8900499939918518,0.35,0.0,0.37634778022766113,-0.13538770377635956,,0,1
qwen32B-int4_telecom_50runs,verbalized,bge-m3,2e9dfebb-8d9f-4820-9cc8-90e653164f0e,39,48,tool,,,,,,,0,1
qwen32B-int4_telecom_50runs,verbalized,bge-m3,2e9dfebb-8d9f-4820-9cc8-90e653164f0e,40,48,agent,0.678420901298523,0.16346153846153846,0.0,0.42270946502685547,-0.013010762631893158,,0,1
qwen32B-int4_telecom_50runs,verbalized,bge-m3,2e9dfebb-8d9f-4820-9cc8-90e653164f0e,41,48,user,,,,,,0.494729220867157,0,1
qwen32B-int4_telecom_50runs,verbalized,bge-m3,2e9dfebb-8d9f-4820-9cc8-90e653164f0e,42,48,tool,,,,,,,0,1
qwen32B-int4_telecom_50runs,verbalized,bge-m3,2e9dfebb-8d9f-4820-9cc8-90e653164f0e,43,48,user,,,,,,,0,1
qwen32B-int4_telecom_50runs,verbalized,bge-m3,2e9dfebb-8d9f-4820-9cc8-90e653164f0e,44,48,agent,0.6515722870826721,0.22641509433962265,0.0,0.5425868034362793,0.05593090504407883,,0,1
qwen32B-int4_telecom_50runs,verbalized,bge-m3,2e9dfebb-8d9f-4820-9cc8-90e653164f0e,45,48,tool,,,,,,,0,1
qwen32B-int4_telecom_50runs,verbalized,bge-m3,2e9dfebb-8d9f-4820-9cc8-90e653164f0e,46,48,agent,0.575714111328125,0.11764705882352941,0.0,,,,0,1
qwen32B-int4_telecom_50runs,verbalized,bge-m3,2e9dfebb-8d9f-4820-9cc8-90e653164f0e,47,48,user,,,,,,0.3656492233276367,0,1
qwen32B-int4_telecom_50runs,verbalized,bge-m3,a5fd5a98-afec-46c2-b699-9bdb2c3cf6ed,0,65,agent,,,,,,,0,1
qwen32B-int4_telecom_50runs,verbalized,bge-m3,a5fd5a98-afec-46c2-b699-9bdb2c3cf6ed,1,65,user,,,,,,0.4411715865135193,0,1
qwen32B-int4_telecom_50runs,verbalized,bge-m3,a5fd5a98-afec-46c2-b699-9bdb2c3cf6ed,2,65,agent,0.5705976486206055,0.08333333333333333,0.0,0.3210275173187256,-0.12902273663452696,,0,1
qwen32B-int4_telecom_50runs,verbalized,bge-m3,a5fd5a98-afec-46c2-b699-9bdb2c3cf6ed,3,65,user,,,,,,0.4016427993774414,0,1
qwen32B-int4_telecom_50runs,verbalized,bge-m3,a5fd5a98-afec-46c2-b699-9bdb2c3cf6ed,4,65,tool,,,,,,,0,1
qwen32B-int4_telecom_50runs,verbalized,bge-m3,a5fd5a98-afec-46c2-b699-9bdb2c3cf6ed,5,65,user,,,,,,,0,1
qwen32B-int4_telecom_50runs,verbalized,bge-m3,a5fd5a98-afec-46c2-b699-9bdb2c3cf6ed,6,65,agent,0.7250375747680664,0.2191780821917808,0.0,0.2653939127922058,-0.15937757066317965,,0,1
qwen32B-int4_telecom_50runs,verbalized,bge-m3,a5fd5a98-afec-46c2-b699-9bdb2c3cf6ed,7,65,user,,,,,,0.42156732082366943,0,1
qwen32B-int4_telecom_50runs,verbalized,bge-m3,a5fd5a98-afec-46c2-b699-9bdb2c3cf6ed,8,65,tool,,,,,,,0,1
qwen32B-int4_telecom_50runs,verbalized,bge-m3,a5fd5a98-afec-46c2-b699-9bdb2c3cf6ed,9,65,user,,,,,,,0,1
qwen32B-int4_telecom_50runs,verbalized,bge-m3,a5fd5a98-afec-46c2-b699-9bdb2c3cf6ed,10,65,agent,0.7241129279136658,0.25,0.0,0.3071237802505493,-0.1474013754299709,,0,1
qwen32B-int4_telecom_50runs,verbalized,bge-m3,a5fd5a98-afec-46c2-b699-9bdb2c3cf6ed,11,65,user,,,,,,0.35260510444641113,0,1
qwen32B-int4_telecom_50runs,verbalized,bge-m3,a5fd5a98-afec-46c2-b699-9bdb2c3cf6ed,12,65,tool,,,,,,,0,1
qwen32B-int4_telecom_50runs,verbalized,bge-m3,a5fd5a98-afec-46c2-b699-9bdb2c3cf6ed,13,65,user,,,,,,,0,1
qwen32B-int4_telecom_50runs,verbalized,bge-m3,a5fd5a98-afec-46c2-b699-9bdb2c3cf6ed,14,65,agent,0.9139447808265686,0.425,0.0,0.24791455268859863,-0.21686639743191855,,0,1
qwen32B-int4_telecom_50runs,verbalized,bge-m3,a5fd5a98-afec-46c2-b699-9bdb2c3cf6ed,15,65,user,,,,,,0.3253934383392334,0,1
qwen32B-int4_telecom_50runs,verbalized,bge-m3,a5fd5a98-afec-46c2-b699-9bdb2c3cf6ed,16,65,tool,,,,,,,0,1
qwen32B-int4_telecom_50runs,verbalized,bge-m3,a5fd5a98-afec-46c2-b699-9bdb2c3cf6ed,17,65,user,,,,,,,0,1
qwen32B-int4_telecom_50runs,verbalized,bge-m3,a5fd5a98-afec-46c2-b699-9bdb2c3cf6ed,18,65,agent,0.6426131725311279,0.2,0.0,0.44595062732696533,-0.05871187789099552,,0,1
qwen32B-int4_telecom_50runs,verbalized,bge-m3,a5fd5a98-afec-46c2-b699-9bdb2c3cf6ed,19,65,user,,,,,,0.3922378420829773,0,1
qwen32B-int4_telecom_50runs,verbalized,bge-m3,a5fd5a98-afec-46c2-b699-9bdb2c3cf6ed,20,65,tool,,,,,,,0,1
qwen32B-int4_telecom_50runs,verbalized,bge-m3,a5fd5a98-afec-46c2-b699-9bdb2c3cf6ed,21,65,user,,,,,,,0,1
qwen32B-int4_telecom_50runs,verbalized,bge-m3,a5fd5a98-afec-46c2-b699-9bdb2c3cf6ed,22,65,agent,0.6432991027832031,0.19791666666666666,0.0,0.4464331865310669,-0.012344994715281887,,0,1
qwen32B-int4_telecom_50runs,verbalized,bge-m3,a5fd5a98-afec-46c2-b699-9bdb2c3cf6ed,23,65,user,,,,,,0.30620402097702026,0,1
qwen32B-int4_telecom_50runs,verbalized,bge-m3,a5fd5a98-afec-46c2-b699-9bdb2c3cf6ed,24,65,tool,,,,,,,0,1
qwen32B-int4_telecom_50runs,verbalized,bge-m3,a5fd5a98-afec-46c2-b699-9bdb2c3cf6ed,25,65,user,,,,,,,0,1
qwen32B-int4_telecom_50runs,verbalized,bge-m3,a5fd5a98-afec-46c2-b699-9bdb2c3cf6ed,26,65,tool,,,,,,,0,1
qwen32B-int4_telecom_50runs,verbalized,bge-m3,a5fd5a98-afec-46c2-b699-9bdb2c3cf6ed,27,65,tool,,,,,,,0,1
qwen32B-int4_telecom_50runs,verbalized,bge-m3,a5fd5a98-afec-46c2-b699-9bdb2c3cf6ed,28,65,user,,,,,,,0,1
qwen32B-int4_telecom_50runs,verbalized,bge-m3,a5fd5a98-afec-46c2-b699-9bdb2c3cf6ed,29,65,agent,,,,0.3225359320640564,-0.16221006427492413,,0,1
qwen32B-int4_telecom_50runs,verbalized,bge-m3,a5fd5a98-afec-46c2-b699-9bdb2c3cf6ed,30,65,user,,,,,,0.4778158664703369,0,1
qwen32B-int4_telecom_50runs,verbalized,bge-m3,a5fd5a98-afec-46c2-b699-9bdb2c3cf6ed,31,65,tool,,,,,,,0,1
qwen32B-int4_telecom_50runs,verbalized,bge-m3,a5fd5a98-afec-46c2-b699-9bdb2c3cf6ed,32,65,user,,,,,,,0,1
qwen32B-int4_telecom_50runs,verbalized,bge-m3,a5fd5a98-afec-46c2-b699-9bdb2c3cf6ed,33,65,agent,0.8042752742767334,0.2891566265060241,0.0,0.46762776374816895,0.020065582224300937,,0,1
qwen32B-int4_telecom_50runs,verbalized,bge-m3,a5fd5a98-afec-46c2-b699-9bdb2c3cf6ed,34,65,user,,,,,,0.3672330379486084,0,1
qwen32B-int4_telecom_50runs,verbalized,bge-m3,a5fd5a98-afec-46c2-b699-9bdb2c3cf6ed,35,65,tool,,,,,,,0,1
qwen32B-int4_telecom_50runs,verbalized,bge-m3,a5fd5a98-afec-46c2-b699-9bdb2c3cf6ed,36,65,user,,,,,,,0,1
qwen32B-int4_telecom_50runs,verbalized,bge-m3,a5fd5a98-afec-46c2-b699-9bdb2c3cf6ed,37,65,tool,,,,,,,0,1
qwen32B-int4_telecom_50runs,verbalized,bge-m3,a5fd5a98-afec-46c2-b699-9bdb2c3cf6ed,38,65,user,,,,,,,0,1
qwen32B-int4_telecom_50runs,verbalized,bge-m3,a5fd5a98-afec-46c2-b699-9bdb2c3cf6ed,39,65,agent,,,,,,,0,1
qwen32B-int4_telecom_50runs,verbalized,bge-m3,a5fd5a98-afec-46c2-b699-9bdb2c3cf6ed,40,65,user,,,,,,0.3285020589828491,0,1
qwen32B-int4_telecom_50runs,verbalized,bge-m3,a5fd5a98-afec-46c2-b699-9bdb2c3cf6ed,41,65,agent,0.5510919094085693,0.015384615384615385,0.0,0.3820302486419678,-0.16855812072753906,,0,1
qwen32B-int4_telecom_50runs,verbalized,bge-m3,a5fd5a98-afec-46c2-b699-9bdb2c3cf6ed,42,65,tool,,,,,,,0,1
qwen32B-int4_telecom_50runs,verbalized,bge-m3,a5fd5a98-afec-46c2-b699-9bdb2c3cf6ed,43,65,agent,0.8040299415588379,0.3783783783783784,0.0,,,,0,1
qwen32B-int4_telecom_50runs,verbalized,bge-m3,a5fd5a98-afec-46c2-b699-9bdb2c3cf6ed,44,65,user,,,,,,0.3930729031562805,0,1
qwen32B-int4_telecom_50runs,verbalized,bge-m3,a5fd5a98-afec-46c2-b699-9bdb2c3cf6ed,45,65,agent,0.8117653131484985,0.4375,0.0,0.4558325409889221,-0.11420125620705746,,0,1
qwen32B-int4_telecom_50runs,verbalized,bge-m3,a5fd5a98-afec-46c2-b699-9bdb2c3cf6ed,46,65,tool,,,,,,,0,1
qwen32B-int4_telecom_50runs,verbalized,bge-m3,a5fd5a98-afec-46c2-b699-9bdb2c3cf6ed,47,65,agent,0.9903304576873779,0.6666666666666666,0.0,0.46937429904937744,-0.10204420983791351,,0,1
qwen32B-int4_telecom_50runs,verbalized,bge-m3,a5fd5a98-afec-46c2-b699-9bdb2c3cf6ed,48,65,tool,,,,,,,0,1
qwen32B-int4_telecom_50runs,verbalized,bge-m3,a5fd5a98-afec-46c2-b699-9bdb2c3cf6ed,49,65,agent,0.9918955564498901,0.6666666666666666,0.0,0.470605731010437,-0.10234755064759937,,0,1
qwen32B-int4_telecom_50runs,verbalized,bge-m3,a5fd5a98-afec-46c2-b699-9bdb2c3cf6ed,50,65,tool,,,,,,,0,1
qwen32B-int4_telecom_50runs,verbalized,bge-m3,a5fd5a98-afec-46c2-b699-9bdb2c3cf6ed,51,65,agent,0.3880045413970947,0.012658227848101266,0.0,0.4151323437690735,-0.038654423185757236,,0,1
qwen32B-int4_telecom_50runs,verbalized,bge-m3,a5fd5a98-afec-46c2-b699-9bdb2c3cf6ed,52,65,user,,,,,,0.36653393507003784,0,1
qwen32B-int4_telecom_50runs,verbalized,bge-m3,a5fd5a98-afec-46c2-b699-9bdb2c3cf6ed,53,65,tool,,,,,,,0,1
qwen32B-int4_telecom_50runs,verbalized,bge-m3,a5fd5a98-afec-46c2-b699-9bdb2c3cf6ed,54,65,user,,,,,,,0,1
qwen32B-int4_telecom_50runs,verbalized,bge-m3,a5fd5a98-afec-46c2-b699-9bdb2c3cf6ed,55,65,agent,0.8105108737945557,0.618421052631579,0.0,0.49856752157211304,0.05831174765314373,,0,1
qwen32B-int4_telecom_50runs,verbalized,bge-m3,a5fd5a98-afec-46c2-b699-9bdb2c3cf6ed,56,65,user,,,,,,0.24859881401062012,0,1
qwen32B-int4_telecom_50runs,verbalized,bge-m3,a5fd5a98-afec-46c2-b699-9bdb2c3cf6ed,57,65,tool,,,,,,,0,1
qwen32B-int4_telecom_50runs,verbalized,bge-m3,a5fd5a98-afec-46c2-b699-9bdb2c3cf6ed,58,65,user,,,,,,,0,1
qwen32B-int4_telecom_50runs,verbalized,bge-m3,a5fd5a98-afec-46c2-b699-9bdb2c3cf6ed,59,65,tool,,,,,,,0,1
qwen32B-int4_telecom_50runs,verbalized,bge-m3,a5fd5a98-afec-46c2-b699-9bdb2c3cf6ed,60,65,user,,,,,,,0,1
qwen32B-int4_telecom_50runs,verbalized,bge-m3,a5fd5a98-afec-46c2-b699-9bdb2c3cf6ed,61,65,agent,,,,0.4796696901321411,0.022960492542811795,,0,1
qwen32B-int4_telecom_50runs,verbalized,bge-m3,a5fd5a98-afec-46c2-b699-9bdb2c3cf6ed,62,65,tool,,,,,,,0,1
qwen32B-int4_telecom_50runs,verbalized,bge-m3,a5fd5a98-afec-46c2-b699-9bdb2c3cf6ed,63,65,agent,0.7853921055793762,0.125,0.0,,,,0,1
qwen32B-int4_telecom_50runs,verbalized,bge-m3,a5fd5a98-afec-46c2-b699-9bdb2c3cf6ed,64,65,user,,,,,,0.4751461148262024,0,1
qwen32B-int4_telecom_50runs,verbalized,bge-m3,e0185eb5-33bd-4243-a571-422031a5133a,0,80,agent,,,,,,,0,1
qwen32B-int4_telecom_50runs,verbalized,bge-m3,e0185eb5-33bd-4243-a571-422031a5133a,1,80,user,,,,,,0.4411713480949402,0,1
qwen32B-int4_telecom_50runs,verbalized,bge-m3,e0185eb5-33bd-4243-a571-422031a5133a,2,80,agent,0.5705976486206055,0.08333333333333333,0.0,0.29315507411956787,-0.19080782149519238,,0,1
qwen32B-int4_telecom_50runs,verbalized,bge-m3,e0185eb5-33bd-4243-a571-422031a5133a,3,80,user,,,,,,0.41722631454467773,0,1
qwen32B-int4_telecom_50runs,verbalized,bge-m3,e0185eb5-33bd-4243-a571-422031a5133a,4,80,tool,,,,,,,0,1
qwen32B-int4_telecom_50runs,verbalized,bge-m3,e0185eb5-33bd-4243-a571-422031a5133a,5,80,user,,,,,,,0,1
qwen32B-int4_telecom_50runs,verbalized,bge-m3,e0185eb5-33bd-4243-a571-422031a5133a,6,80,agent,0.6891139149665833,0.313953488372093,0.0,0.3618735671043396,-0.16147199060235706,,0,1
qwen32B-int4_telecom_50runs,verbalized,bge-m3,e0185eb5-33bd-4243-a571-422031a5133a,7,80,user,,,,,,0.36675792932510376,0,1
qwen32B-int4_telecom_50runs,verbalized,bge-m3,e0185eb5-33bd-4243-a571-422031a5133a,8,80,tool,,,,,,,0,1
qwen32B-int4_telecom_50runs,verbalized,bge-m3,e0185eb5-33bd-4243-a571-422031a5133a,9,80,user,,,,,,,0,1
qwen32B-int4_telecom_50runs,verbalized,bge-m3,e0185eb5-33bd-4243-a571-422031a5133a,10,80,tool,,,,,,,0,1
qwen32B-int4_telecom_50runs,verbalized,bge-m3,e0185eb5-33bd-4243-a571-422031a5133a,11,80,user,,,,,,,0,1
qwen32B-int4_telecom_50runs,verbalized,bge-m3,e0185eb5-33bd-4243-a571-422031a5133a,12,80,agent,,,,0.4374309778213501,-0.050158166459628506,,0,1
qwen32B-int4_telecom_50runs,verbalized,bge-m3,e0185eb5-33bd-4243-a571-422031a5133a,13,80,user,,,,,,0.4068622589111328,0,1
qwen32B-int4_telecom_50runs,verbalized,bge-m3,e0185eb5-33bd-4243-a571-422031a5133a,14,80,tool,,,,,,,0,1
qwen32B-int4_telecom_50runs,verbalized,bge-m3,e0185eb5-33bd-4243-a571-422031a5133a,15,80,user,,,,,,,0,1
qwen32B-int4_telecom_50runs,verbalized,bge-m3,e0185eb5-33bd-4243-a571-422031a5133a,16,80,agent,0.7137137651443481,0.25842696629213485,0.0,0.3943917155265808,-0.037281040634427776,,0,1
qwen32B-int4_telecom_50runs,verbalized,bge-m3,e0185eb5-33bd-4243-a571-422031a5133a,17,80,user,,,,,,0.46808910369873047,0,1
qwen32B-int4_telecom_50runs,verbalized,bge-m3,e0185eb5-33bd-4243-a571-422031a5133a,18,80,tool,,,,,,,0,1
qwen32B-int4_telecom_50runs,verbalized,bge-m3,e0185eb5-33bd-4243-a571-422031a5133a,19,80,user,,,,,,,0,1
qwen32B-int4_telecom_50runs,verbalized,bge-m3,e0185eb5-33bd-4243-a571-422031a5133a,20,80,agent,0.7925674319267273,0.2716049382716049,0.0,0.40965306758880615,-0.042998433113098145,,0,1
qwen32B-int4_telecom_50runs,verbalized,bge-m3,e0185eb5-33bd-4243-a571-422031a5133a,21,80,user,,,,,,0.4715823531150818,0,1
qwen32B-int4_telecom_50runs,verbalized,bge-m3,e0185eb5-33bd-4243-a571-422031a5133a,22,80,tool,,,,,,,0,1
qwen32B-int4_telecom_50runs,verbalized,bge-m3,e0185eb5-33bd-4243-a571-422031a5133a,23,80,user,,,,,,,0,1
qwen32B-int4_telecom_50runs,verbalized,bge-m3,e0185eb5-33bd-4243-a571-422031a5133a,24,80,tool,,,,,,,0,1
qwen32B-int4_telecom_50runs,verbalized,bge-m3,e0185eb5-33bd-4243-a571-422031a5133a,25,80,user,,,,,,,0,1
qwen32B-int4_telecom_50runs,verbalized,bge-m3,e0185eb5-33bd-4243-a571-422031a5133a,26,80,agent,,,,0.4224971532821655,-0.059423859630312215,,0,1
qwen32B-int4_telecom_50runs,verbalized,bge-m3,e0185eb5-33bd-4243-a571-422031a5133a,27,80,user,,,,,,0.4567089080810547,0,1
qwen32B-int4_telecom_50runs,verbalized,bge-m3,e0185eb5-33bd-4243-a571-422031a5133a,28,80,tool,,,,,,,0,1
qwen32B-int4_telecom_50runs,verbalized,bge-m3,e0185eb5-33bd-4243-a571-422031a5133a,29,80,user,,,,,,,0,1
qwen32B-int4_telecom_50runs,verbalized,bge-m3,e0185eb5-33bd-4243-a571-422031a5133a,30,80,tool,,,,,,,0,1
qwen32B-int4_telecom_50runs,verbalized,bge-m3,e0185eb5-33bd-4243-a571-422031a5133a,31,80,user,,,,,,,0,1
qwen32B-int4_telecom_50runs,verbalized,bge-m3,e0185eb5-33bd-4243-a571-422031a5133a,32,80,tool,,,,,,,0,1
qwen32B-int4_telecom_50runs,verbalized,bge-m3,e0185eb5-33bd-4243-a571-422031a5133a,33,80,user,,,,,,,0,1
qwen32B-int4_telecom_50runs,verbalized,bge-m3,e0185eb5-33bd-4243-a571-422031a5133a,34,80,agent,,,,,,,0,1
qwen32B-int4_telecom_50runs,verbalized,bge-m3,e0185eb5-33bd-4243-a571-422031a5133a,35,80,user,,,,,,0.4002577066421509,0,1
qwen32B-int4_telecom_50runs,verbalized,bge-m3,e0185eb5-33bd-4243-a571-422031a5133a,36,80,agent,0.5598559379577637,0.01639344262295082,0.0,0.37994909286499023,-0.19340404016630985,,0,1
qwen32B-int4_telecom_50runs,verbalized,bge-m3,e0185eb5-33bd-4243-a571-422031a5133a,37,80,tool,,,,,,,0,1
qwen32B-int4_telecom_50runs,verbalized,bge-m3,e0185eb5-33bd-4243-a571-422031a5133a,38,80,agent,0.7335335612297058,0.32098765432098764,0.0,,,,0,1
qwen32B-int4_telecom_50runs,verbalized,bge-m3,e0185eb5-33bd-4243-a571-422031a5133a,39,80,user,,,,,,0.23864388465881348,0,1
qwen32B-int4_telecom_50runs,verbalized,bge-m3,e0185eb5-33bd-4243-a571-422031a5133a,40,80,agent,0.8880465626716614,0.4084507042253521,0.0,,,,0,1
qwen32B-int4_telecom_50runs,verbalized,bge-m3,e0185eb5-33bd-4243-a571-422031a5133a,41,80,user,,,,,,0.1354072093963623,0,1
qwen32B-int4_telecom_50runs,verbalized,bge-m3,e0185eb5-33bd-4243-a571-422031a5133a,42,80,agent,0.5285019874572754,0.0196078431372549,0.0,0.4622979164123535,-0.10924508103302544,,0,1
qwen32B-int4_telecom_50runs,verbalized,bge-m3,e0185eb5-33bd-4243-a571-422031a5133a,43,80,tool,,,,,,,0,1
qwen32B-int4_telecom_50runs,verbalized,bge-m3,e0185eb5-33bd-4243-a571-422031a5133a,44,80,agent,0.6901893019676208,0.22784810126582278,0.0,0.3887799382209778,-0.07261723067079273,,0,1
qwen32B-int4_telecom_50runs,verbalized,bge-m3,e0185eb5-33bd-4243-a571-422031a5133a,45,80,tool,,,,,,,0,1
qwen32B-int4_telecom_50runs,verbalized,bge-m3,e0185eb5-33bd-4243-a571-422031a5133a,46,80,agent,0.776507556438446,0.2073170731707317,0.0,0.41633015871047974,-0.01749923399516512,,0,1
qwen32B-int4_telecom_50runs,verbalized,bge-m3,e0185eb5-33bd-4243-a571-422031a5133a,47,80,user,,,,,,0.4646475315093994,0,1
qwen32B-int4_telecom_50runs,verbalized,bge-m3,e0185eb5-33bd-4243-a571-422031a5133a,48,80,tool,,,,,,,0,1
qwen32B-int4_telecom_50runs,verbalized,bge-m3,e0185eb5-33bd-4243-a571-422031a5133a,49,80,user,,,,,,,0,1
qwen32B-int4_telecom_50runs,verbalized,bge-m3,e0185eb5-33bd-4243-a571-422031a5133a,50,80,agent,0.7862454056739807,0.15853658536585366,0.0,,,,0,1
qwen32B-int4_telecom_50runs,verbalized,bge-m3,e0185eb5-33bd-4243-a571-422031a5133a,51,80,user,,,,,,0.3063879609107971,0,1
qwen32B-int4_telecom_50runs,verbalized,bge-m3,e0185eb5-33bd-4243-a571-422031a5133a,52,80,agent,0.5485930442810059,0.03333333333333333,0.0,0.3853762149810791,-0.17463316236223492,,0,1
qwen32B-int4_telecom_50runs,verbalized,bge-m3,e0185eb5-33bd-4243-a571-422031a5133a,53,80,tool,,,,,,,0,1
qwen32B-int4_telecom_50runs,verbalized,bge-m3,e0185eb5-33bd-4243-a571-422031a5133a,54,80,agent,0.6480225324630737,0.15841584158415842,0.0,,,,0,1
qwen32B-int4_telecom_50runs,verbalized,bge-m3,e0185eb5-33bd-4243-a571-422031a5133a,55,80,user,,,,,,0.20703136920928955,0,1
qwen32B-int4_telecom_50runs,verbalized,bge-m3,e0185eb5-33bd-4243-a571-422031a5133a,56,80,agent,0.8976495862007141,0.6,0.0,0.325883150100708,-0.23416638587202343,,0,1
qwen32B-int4_telecom_50runs,verbalized,bge-m3,e0185eb5-33bd-4243-a571-422031a5133a,57,80,tool,,,,,,,0,1
qwen32B-int4_telecom_50runs,verbalized,bge-m3,e0185eb5-33bd-4243-a571-422031a5133a,58,80,agent,0.808564305305481,0.2976190476190476,0.0,0.5816004276275635,0.07840054801532204,,0,1
qwen32B-int4_telecom_50runs,verbalized,bge-m3,e0185eb5-33bd-4243-a571-422031a5133a,59,80,user,,,,,,0.42519551515579224,0,1
qwen32B-int4_telecom_50runs,verbalized,bge-m3,e0185eb5-33bd-4243-a571-422031a5133a,60,80,tool,,,,,,,0,1
qwen32B-int4_telecom_50runs,verbalized,bge-m3,e0185eb5-33bd-4243-a571-422031a5133a,61,80,user,,,,,,,0,1
qwen32B-int4_telecom_50runs,verbalized,bge-m3,e0185eb5-33bd-4243-a571-422031a5133a,62,80,tool,,,,,,,0,1
qwen32B-int4_telecom_50runs,verbalized,bge-m3,e0185eb5-33bd-4243-a571-422031a5133a,63,80,user,,,,,,,0,1
qwen32B-int4_telecom_50runs,verbalized,bge-m3,e0185eb5-33bd-4243-a571-422031a5133a,64,80,tool,,,,,,,0,1
qwen32B-int4_telecom_50runs,verbalized,bge-m3,e0185eb5-33bd-4243-a571-422031a5133a,65,80,user,,,,,,,0,1
qwen32B-int4_telecom_50runs,verbalized,bge-m3,e0185eb5-33bd-4243-a571-422031a5133a,66,80,agent,,,,0.4473406672477722,-0.009078834738050212,,0,1
qwen32B-int4_telecom_50runs,verbalized,bge-m3,e0185eb5-33bd-4243-a571-422031a5133a,67,80,user,,,,,,0.36529284715652466,0,1
qwen32B-int4_telecom_50runs,verbalized,bge-m3,e0185eb5-33bd-4243-a571-422031a5133a,68,80,tool,,,,,,,0,1
qwen32B-int4_telecom_50runs,verbalized,bge-m3,e0185eb5-33bd-4243-a571-422031a5133a,69,80,user,,,,,,,0,1
qwen32B-int4_telecom_50runs,verbalized,bge-m3,e0185eb5-33bd-4243-a571-422031a5133a,70,80,tool,,,,,,,0,1
qwen32B-int4_telecom_50runs,verbalized,bge-m3,e0185eb5-33bd-4243-a571-422031a5133a,71,80,user,,,,,,,0,1
qwen32B-int4_telecom_50runs,verbalized,bge-m3,e0185eb5-33bd-4243-a571-422031a5133a,72,80,tool,,,,,,,0,1
qwen32B-int4_telecom_50runs,verbalized,bge-m3,e0185eb5-33bd-4243-a571-422031a5133a,73,80,user,,,,,,,0,1
qwen32B-int4_telecom_50runs,verbalized,bge-m3,e0185eb5-33bd-4243-a571-422031a5133a,74,80,tool,,,,,,,0,1
qwen32B-int4_telecom_50runs,verbalized,bge-m3,e0185eb5-33bd-4243-a571-422031a5133a,75,80,user,,,,,,,0,1
qwen32B-int4_telecom_50runs,verbalized,bge-m3,e0185eb5-33bd-4243-a571-422031a5133a,76,80,agent,,,,0.44798707962036133,-0.1142624084438596,,0,1
qwen32B-int4_telecom_50runs,verbalized,bge-m3,e0185eb5-33bd-4243-a571-422031a5133a,77,80,tool,,,,,,,0,1
qwen32B-int4_telecom_50runs,verbalized,bge-m3,e0185eb5-33bd-4243-a571-422031a5133a,78,80,agent,0.7181252241134644,0.1702127659574468,0.0,,,,0,1
qwen32B-int4_telecom_50runs,verbalized,bge-m3,e0185eb5-33bd-4243-a571-422031a5133a,79,80,user,,,,,,0.3656492829322815,0,1
qwen32B-int4_telecom_50runs,verbalized,bge-m3,37c8fd6a-3b63-4620-946f-880ddcfe50c3,0,64,agent,,,,,,,0,1
qwen32B-int4_telecom_50runs,verbalized,bge-m3,37c8fd6a-3b63-4620-946f-880ddcfe50c3,1,64,user,,,,,,0.4888468384742737,0,1
qwen32B-int4_telecom_50runs,verbalized,bge-m3,37c8fd6a-3b63-4620-946f-880ddcfe50c3,2,64,agent,0.5016484260559082,0.0,0.0,0.34042298793792725,-0.23129298686981203,,0,1
qwen32B-int4_telecom_50runs,verbalized,bge-m3,37c8fd6a-3b63-4620-946f-880ddcfe50c3,3,64,tool,,,,,,,0,1
qwen32B-int4_telecom_50runs,verbalized,bge-m3,37c8fd6a-3b63-4620-946f-880ddcfe50c3,4,64,agent,0.5578091144561768,0.05,0.0,,,,0,1
qwen32B-int4_telecom_50runs,verbalized,bge-m3,37c8fd6a-3b63-4620-946f-880ddcfe50c3,5,64,user,,,,,,0.36186379194259644,0,1
qwen32B-int4_telecom_50runs,verbalized,bge-m3,37c8fd6a-3b63-4620-946f-880ddcfe50c3,6,64,agent,0.8107413053512573,0.35,0.0,0.551103413105011,-0.03784991304079688,,0,1
qwen32B-int4_telecom_50runs,verbalized,bge-m3,37c8fd6a-3b63-4620-946f-880ddcfe50c3,7,64,tool,,,,,,,0,1
qwen32B-int4_telecom_50runs,verbalized,bge-m3,37c8fd6a-3b63-4620-946f-880ddcfe50c3,8,64,agent,0.5969343185424805,0.2835820895522388,0.0,,,,0,1
qwen32B-int4_telecom_50runs,verbalized,bge-m3,37c8fd6a-3b63-4620-946f-880ddcfe50c3,9,64,user,,,,,,0.24921631813049316,0,1
qwen32B-int4_telecom_50runs,verbalized,bge-m3,37c8fd6a-3b63-4620-946f-880ddcfe50c3,10,64,agent,0.7874521017074585,0.3333333333333333,0.0,0.3841870427131653,-0.2027284681797028,,0,1
qwen32B-int4_telecom_50runs,verbalized,bge-m3,37c8fd6a-3b63-4620-946f-880ddcfe50c3,11,64,tool,,,,,,,0,1
qwen32B-int4_telecom_50runs,verbalized,bge-m3,37c8fd6a-3b63-4620-946f-880ddcfe50c3,12,64,agent,0.5209187269210815,0.21951219512195122,0.0,0.4908522367477417,0.01752565701802572,,0,1
qwen32B-int4_telecom_50runs,verbalized,bge-m3,37c8fd6a-3b63-4620-946f-880ddcfe50c3,13,64,user,,,,,,0.43625617027282715,0,1
qwen32B-int4_telecom_50runs,verbalized,bge-m3,37c8fd6a-3b63-4620-946f-880ddcfe50c3,14,64,tool,,,,,,,0,1
qwen32B-int4_telecom_50runs,verbalized,bge-m3,37c8fd6a-3b63-4620-946f-880ddcfe50c3,15,64,user,,,,,,,0,1
qwen32B-int4_telecom_50runs,verbalized,bge-m3,37c8fd6a-3b63-4620-946f-880ddcfe50c3,16,64,agent,0.7044541835784912,0.20270270270270271,0.0,0.2847796082496643,-0.19686885476112365,,0,1
qwen32B-int4_telecom_50runs,verbalized,bge-m3,37c8fd6a-3b63-4620-946f-880ddcfe50c3,17,64,user,,,,,,0.45673537254333496,0,1
qwen32B-int4_telecom_50runs,verbalized,bge-m3,37c8fd6a-3b63-4620-946f-880ddcfe50c3,18,64,tool,,,,,,,0,1
qwen32B-int4_telecom_50runs,verbalized,bge-m3,37c8fd6a-3b63-4620-946f-880ddcfe50c3,19,64,user,,,,,,,0,1
qwen32B-int4_telecom_50runs,verbalized,bge-m3,37c8fd6a-3b63-4620-946f-880ddcfe50c3,20,64,agent,0.7590144872665405,0.2711864406779661,0.0,0.32158583402633667,-0.12463844815889996,,0,1
qwen32B-int4_telecom_50runs,verbalized,bge-m3,37c8fd6a-3b63-4620-946f-880ddcfe50c3,21,64,user,,,,,,0.46156394481658936,0,1
qwen32B-int4_telecom_50runs,verbalized,bge-m3,37c8fd6a-3b63-4620-946f-880ddcfe50c3,22,64,tool,,,,,,,0,1
qwen32B-int4_telecom_50runs,verbalized,bge-m3,37c8fd6a-3b63-4620-946f-880ddcfe50c3,23,64,user,,,,,,,0,1
qwen32B-int4_telecom_50runs,verbalized,bge-m3,37c8fd6a-3b63-4620-946f-880ddcfe50c3,24,64,agent,0.6584072709083557,0.22807017543859648,0.0,0.3711623549461365,-0.19314863582452135,,0,1
qwen32B-int4_telecom_50runs,verbalized,bge-m3,37c8fd6a-3b63-4620-946f-880ddcfe50c3,25,64,user,,,,,,0.4689210057258606,0,1
qwen32B-int4_telecom_50runs,verbalized,bge-m3,37c8fd6a-3b63-4620-946f-880ddcfe50c3,26,64,tool,,,,,,,0,1
qwen32B-int4_telecom_50runs,verbalized,bge-m3,37c8fd6a-3b63-4620-946f-880ddcfe50c3,27,64,user,,,,,,,0,1
qwen32B-int4_telecom_50runs,verbalized,bge-m3,37c8fd6a-3b63-4620-946f-880ddcfe50c3,28,64,agent,0.6599388718605042,0.23636363636363636,0.0,0.4272579550743103,-0.09102688233057654,,0,1
qwen32B-int4_telecom_50runs,verbalized,bge-m3,37c8fd6a-3b63-4620-946f-880ddcfe50c3,29,64,user,,,,,,0.40198737382888794,0,1
qwen32B-int4_telecom_50runs,verbalized,bge-m3,37c8fd6a-3b63-4620-946f-880ddcfe50c3,30,64,tool,,,,,,,0,1
qwen32B-int4_telecom_50runs,verbalized,bge-m3,37c8fd6a-3b63-4620-946f-880ddcfe50c3,31,64,user,,,,,,,0,1
qwen32B-int4_telecom_50runs,verbalized,bge-m3,37c8fd6a-3b63-4620-946f-880ddcfe50c3,32,64,agent,0.6806980967521667,0.1917808219178082,0.0,0.3455379605293274,-0.10851476987202963,,0,1
qwen32B-int4_telecom_50runs,verbalized,bge-m3,37c8fd6a-3b63-4620-946f-880ddcfe50c3,33,64,user,,,,,,0.3903290033340454,0,1
qwen32B-int4_telecom_50runs,verbalized,bge-m3,37c8fd6a-3b63-4620-946f-880ddcfe50c3,34,64,tool,,,,,,,0,1
qwen32B-int4_telecom_50runs,verbalized,bge-m3,37c8fd6a-3b63-4620-946f-880ddcfe50c3,35,64,user,,,,,,,0,1
qwen32B-int4_telecom_50runs,verbalized,bge-m3,37c8fd6a-3b63-4620-946f-880ddcfe50c3,36,64,agent,0.7214384078979492,0.25396825396825395,0.0,0.4299737811088562,-0.06184819142023723,,0,1
qwen32B-int4_telecom_50runs,verbalized,bge-m3,37c8fd6a-3b63-4620-946f-880ddcfe50c3,37,64,user,,,,,,0.44494545459747314,0,1
qwen32B-int4_telecom_50runs,verbalized,bge-m3,37c8fd6a-3b63-4620-946f-880ddcfe50c3,38,64,tool,,,,,,,0,1
qwen32B-int4_telecom_50runs,verbalized,bge-m3,37c8fd6a-3b63-4620-946f-880ddcfe50c3,39,64,user,,,,,,,0,1
qwen32B-int4_telecom_50runs,verbalized,bge-m3,37c8fd6a-3b63-4620-946f-880ddcfe50c3,40,64,agent,0.7098919153213501,0.21875,0.0,0.36118435859680176,-0.1111279785633087,,0,1
qwen32B-int4_telecom_50runs,verbalized,bge-m3,37c8fd6a-3b63-4620-946f-880ddcfe50c3,41,64,user,,,,,,0.513022243976593,0,1
qwen32B-int4_telecom_50runs,verbalized,bge-m3,37c8fd6a-3b63-4620-946f-880ddcfe50c3,42,64,tool,,,,,,,0,1
qwen32B-int4_telecom_50runs,verbalized,bge-m3,37c8fd6a-3b63-4620-946f-880ddcfe50c3,43,64,user,,,,,,,0,1
qwen32B-int4_telecom_50runs,verbalized,bge-m3,37c8fd6a-3b63-4620-946f-880ddcfe50c3,44,64,agent,0.8683255314826965,0.3492063492063492,0.0,0.4353320002555847,-0.04108906388282774,,0,1
qwen32B-int4_telecom_50runs,verbalized,bge-m3,37c8fd6a-3b63-4620-946f-880ddcfe50c3,45,64,user,,,,,,0.5144363939762115,0,1
qwen32B-int4_telecom_50runs,verbalized,bge-m3,37c8fd6a-3b63-4620-946f-880ddcfe50c3,46,64,tool,,,,,,,0,1
qwen32B-int4_telecom_50runs,verbalized,bge-m3,37c8fd6a-3b63-4620-946f-880ddcfe50c3,47,64,user,,,,,,,0,1
qwen32B-int4_telecom_50runs,verbalized,bge-m3,37c8fd6a-3b63-4620-946f-880ddcfe50c3,48,64,agent,0.7750757336616516,0.46511627906976744,0.0,0.3866063952445984,-0.09310256044069926,,0,1
qwen32B-int4_telecom_50runs,verbalized,bge-m3,37c8fd6a-3b63-4620-946f-880ddcfe50c3,49,64,user,,,,,,0.4108842611312866,0,1
qwen32B-int4_telecom_50runs,verbalized,bge-m3,37c8fd6a-3b63-4620-946f-880ddcfe50c3,50,64,tool,,,,,,,0,1
qwen32B-int4_telecom_50runs,verbalized,bge-m3,37c8fd6a-3b63-4620-946f-880ddcfe50c3,51,64,user,,,,,,,0,1
qwen32B-int4_telecom_50runs,verbalized,bge-m3,37c8fd6a-3b63-4620-946f-880ddcfe50c3,52,64,agent,0.7471164464950562,0.234375,0.0,,,,0,1
qwen32B-int4_telecom_50runs,verbalized,bge-m3,37c8fd6a-3b63-4620-946f-880ddcfe50c3,53,64,user,,,,,,0.3677898645401001,0,1
qwen32B-int4_telecom_50runs,verbalized,bge-m3,37c8fd6a-3b63-4620-946f-880ddcfe50c3,54,64,agent,0.7004730105400085,0.1724137931034483,0.0,0.33327358961105347,-0.18018567959467569,,0,1
qwen32B-int4_telecom_50runs,verbalized,bge-m3,37c8fd6a-3b63-4620-946f-880ddcfe50c3,55,64,tool,,,,,,,0,1
qwen32B-int4_telecom_50runs,verbalized,bge-m3,37c8fd6a-3b63-4620-946f-880ddcfe50c3,56,64,agent,0.7819337248802185,0.3333333333333333,0.0,0.3766476511955261,-0.06170395414034524,,0,1
qwen32B-int4_telecom_50runs,verbalized,bge-m3,37c8fd6a-3b63-4620-946f-880ddcfe50c3,57,64,user,,,,,,0.4119734764099121,0,1
qwen32B-int4_telecom_50runs,verbalized,bge-m3,37c8fd6a-3b63-4620-946f-880ddcfe50c3,58,64,tool,,,,,,,0,1
qwen32B-int4_telecom_50runs,verbalized,bge-m3,37c8fd6a-3b63-4620-946f-880ddcfe50c3,59,64,user,,,,,,,0,1
qwen32B-int4_telecom_50runs,verbalized,bge-m3,37c8fd6a-3b63-4620-946f-880ddcfe50c3,60,64,agent,0.5707377791404724,0.0625,0.0,0.5120886564254761,-0.041239076852798484,,0,1
qwen32B-int4_telecom_50runs,verbalized,bge-m3,37c8fd6a-3b63-4620-946f-880ddcfe50c3,61,64,tool,,,,,,,0,1
qwen32B-int4_telecom_50runs,verbalized,bge-m3,37c8fd6a-3b63-4620-946f-880ddcfe50c3,62,64,agent,0.6340305805206299,0.0851063829787234,0.0,,,,0,1
qwen32B-int4_telecom_50runs,verbalized,bge-m3,37c8fd6a-3b63-4620-946f-880ddcfe50c3,63,64,user,,,,,,0.36564910411834717,0,1
qwen32B-int4_telecom_50runs,verbalized,bge-m3,08cbb451-8060-4b07-968f-73e90ecfc2e0,0,34,agent,,,,,,,0,1
qwen32B-int4_telecom_50runs,verbalized,bge-m3,08cbb451-8060-4b07-968f-73e90ecfc2e0,1,34,user,,,,,,0.4618303179740906,0,1
qwen32B-int4_telecom_50runs,verbalized,bge-m3,08cbb451-8060-4b07-968f-73e90ecfc2e0,2,34,agent,0.4757123589515686,0.0,0.0,0.34345686435699463,-0.20439626063619343,,0,1
qwen32B-int4_telecom_50runs,verbalized,bge-m3,08cbb451-8060-4b07-968f-73e90ecfc2e0,3,34,tool,,,,,,,0,1
qwen32B-int4_telecom_50runs,verbalized,bge-m3,08cbb451-8060-4b07-968f-73e90ecfc2e0,4,34,agent,0.5560822486877441,0.09375,0.0,,,,0,1
qwen32B-int4_telecom_50runs,verbalized,bge-m3,08cbb451-8060-4b07-968f-73e90ecfc2e0,5,34,user,,,,,,0.4240298867225647,0,1
qwen32B-int4_telecom_50runs,verbalized,bge-m3,08cbb451-8060-4b07-968f-73e90ecfc2e0,6,34,agent,0.8370694518089294,0.3684210526315789,0.0,0.5559399724006653,0.010218675647463149,,0,1
qwen32B-int4_telecom_50runs,verbalized,bge-m3,08cbb451-8060-4b07-968f-73e90ecfc2e0,7,34,tool,,,,,,,0,1
qwen32B-int4_telecom_50runs,verbalized,bge-m3,08cbb451-8060-4b07-968f-73e90ecfc2e0,8,34,agent,0.6344731450080872,0.2,0.0,,,,0,1
qwen32B-int4_telecom_50runs,verbalized,bge-m3,08cbb451-8060-4b07-968f-73e90ecfc2e0,9,34,user,,,,,,0.46262818574905396,0,1
qwen32B-int4_telecom_50runs,verbalized,bge-m3,08cbb451-8060-4b07-968f-73e90ecfc2e0,10,34,agent,0.8084234595298767,0.3333333333333333,0.0,0.3783465027809143,-0.170251020363399,,0,1
qwen32B-int4_telecom_50runs,verbalized,bge-m3,08cbb451-8060-4b07-968f-73e90ecfc2e0,11,34,tool,,,,,,,0,1
qwen32B-int4_telecom_50runs,verbalized,bge-m3,08cbb451-8060-4b07-968f-73e90ecfc2e0,12,34,agent,0.5298948884010315,0.21951219512195122,0.0,0.4572772979736328,-0.04371766958917889,,0,1
qwen32B-int4_telecom_50runs,verbalized,bge-m3,08cbb451-8060-4b07-968f-73e90ecfc2e0,13,34,user,,,,,,0.5025492012500763,0,1
qwen32B-int4_telecom_50runs,verbalized,bge-m3,08cbb451-8060-4b07-968f-73e90ecfc2e0,14,34,tool,,,,,,,0,1
qwen32B-int4_telecom_50runs,verbalized,bge-m3,08cbb451-8060-4b07-968f-73e90ecfc2e0,15,34,user,,,,,,,0,1
qwen32B-int4_telecom_50runs,verbalized,bge-m3,08cbb451-8060-4b07-968f-73e90ecfc2e0,16,34,agent,0.6435723900794983,0.1702127659574468,0.0,0.2828085422515869,-0.2170554207903998,,0,1
qwen32B-int4_telecom_50runs,verbalized,bge-m3,08cbb451-8060-4b07-968f-73e90ecfc2e0,17,34,user,,,,,,0.31781888008117676,0,1
qwen32B-int4_telecom_50runs,verbalized,bge-m3,08cbb451-8060-4b07-968f-73e90ecfc2e0,18,34,tool,,,,,,,0,1
qwen32B-int4_telecom_50runs,verbalized,bge-m3,08cbb451-8060-4b07-968f-73e90ecfc2e0,19,34,user,,,,,,,0,1
qwen32B-int4_telecom_50runs,verbalized,bge-m3,08cbb451-8060-4b07-968f-73e90ecfc2e0,20,34,agent,0.8673437833786011,0.4146341463414634,0.0,0.33330559730529785,-0.15977420764310019,,0,1
qwen32B-int4_telecom_50runs,verbalized,bge-m3,08cbb451-8060-4b07-968f-73e90ecfc2e0,21,34,user,,,,,,0.5177188217639923,0,1
qwen32B-int4_telecom_50runs,verbalized,bge-m3,08cbb451-8060-4b07-968f-73e90ecfc2e0,22,34,tool,,,,,,,0,1
qwen32B-int4_telecom_50runs,verbalized,bge-m3,08cbb451-8060-4b07-968f-73e90ecfc2e0,23,34,user,,,,,,,0,1
qwen32B-int4_telecom_50runs,verbalized,bge-m3,08cbb451-8060-4b07-968f-73e90ecfc2e0,24,34,agent,0.8480727076530457,0.38961038961038963,0.0,0.3461185693740845,-0.13600346658911022,,0,1
qwen32B-int4_telecom_50runs,verbalized,bge-m3,08cbb451-8060-4b07-968f-73e90ecfc2e0,25,34,user,,,,,,0.46293818950653076,0,1
qwen32B-int4_telecom_50runs,verbalized,bge-m3,08cbb451-8060-4b07-968f-73e90ecfc2e0,26,34,tool,,,,,,,0,1
qwen32B-int4_telecom_50runs,verbalized,bge-m3,08cbb451-8060-4b07-968f-73e90ecfc2e0,27,34,user,,,,,,,0,1
qwen32B-int4_telecom_50runs,verbalized,bge-m3,08cbb451-8060-4b07-968f-73e90ecfc2e0,28,34,agent,0.7366093397140503,0.35714285714285715,0.0,0.2803778648376465,-0.2210141164915902,,0,1
qwen32B-int4_telecom_50runs,verbalized,bge-m3,08cbb451-8060-4b07-968f-73e90ecfc2e0,29,34,user,,,,,,0.36995768547058105,0,1
qwen32B-int4_telecom_50runs,verbalized,bge-m3,08cbb451-8060-4b07-968f-73e90ecfc2e0,30,34,tool,,,,,,,0,1
qwen32B-int4_telecom_50runs,verbalized,bge-m3,08cbb451-8060-4b07-968f-73e90ecfc2e0,31,34,user,,,,,,,0,1
qwen32B-int4_telecom_50runs,verbalized,bge-m3,08cbb451-8060-4b07-968f-73e90ecfc2e0,32,34,agent,0.6073509454727173,0.19047619047619047,0.0,,,,0,1
qwen32B-int4_telecom_50runs,verbalized,bge-m3,08cbb451-8060-4b07-968f-73e90ecfc2e0,33,34,user,,,,,,0.3608129024505615,0,1
qwen32B-int4_telecom_50runs,verbalized,bge-m3,2366ac66-c028-43b4-ba64-65083c9c38e5,0,66,agent,,,,,,,0,0
qwen32B-int4_telecom_50runs,verbalized,bge-m3,2366ac66-c028-43b4-ba64-65083c9c38e5,1,66,user,,,,,,0.4888468384742737,0,0
qwen32B-int4_telecom_50runs,verbalized,bge-m3,2366ac66-c028-43b4-ba64-65083c9c38e5,2,66,agent,0.507468044757843,0.0,0.0,0.3284262418746948,-0.21949295060975216,,0,0
qwen32B-int4_telecom_50runs,verbalized,bge-m3,2366ac66-c028-43b4-ba64-65083c9c38e5,3,66,tool,,,,,,,0,0
qwen32B-int4_telecom_50runs,verbalized,bge-m3,2366ac66-c028-43b4-ba64-65083c9c38e5,4,66,agent,0.5672454237937927,0.05,0.0,,,,0,0
qwen32B-int4_telecom_50runs,verbalized,bge-m3,2366ac66-c028-43b4-ba64-65083c9c38e5,5,66,user,,,,,,0.36186379194259644,0,0
qwen32B-int4_telecom_50runs,verbalized,bge-m3,2366ac66-c028-43b4-ba64-65083c9c38e5,6,66,agent,0.798249363899231,0.35,0.0,0.548520565032959,-0.015280176486287766,,0,0
qwen32B-int4_telecom_50runs,verbalized,bge-m3,2366ac66-c028-43b4-ba64-65083c9c38e5,7,66,tool,,,,,,,0,0
qwen32B-int4_telecom_50runs,verbalized,bge-m3,2366ac66-c028-43b4-ba64-65083c9c38e5,8,66,agent,0.5969343185424805,0.2835820895522388,0.0,,,,0,0
qwen32B-int4_telecom_50runs,verbalized,bge-m3,2366ac66-c028-43b4-ba64-65083c9c38e5,9,66,user,,,,,,0.24921631813049316,0,0
qwen32B-int4_telecom_50runs,verbalized,bge-m3,2366ac66-c028-43b4-ba64-65083c9c38e5,10,66,agent,0.7906675338745117,0.3333333333333333,0.0,0.3796818256378174,-0.1856122527803693,,0,0
qwen32B-int4_telecom_50runs,verbalized,bge-m3,2366ac66-c028-43b4-ba64-65083c9c38e5,11,66,tool,,,,,,,0,0
qwen32B-int4_telecom_50runs,verbalized,bge-m3,2366ac66-c028-43b4-ba64-65083c9c38e5,12,66,agent,0.5066934823989868,0.2087912087912088,0.0,0.4889528155326843,0.014693292123930779,,0,0
qwen32B-int4_telecom_50runs,verbalized,bge-m3,2366ac66-c028-43b4-ba64-65083c9c38e5,13,66,user,,,,,,0.45737719535827637,0,0
qwen32B-int4_telecom_50runs,verbalized,bge-m3,2366ac66-c028-43b4-ba64-65083c9c38e5,14,66,tool,,,,,,,0,0
qwen32B-int4_telecom_50runs,verbalized,bge-m3,2366ac66-c028-43b4-ba64-65083c9c38e5,15,66,user,,,,,,,0,0
qwen32B-int4_telecom_50runs,verbalized,bge-m3,2366ac66-c028-43b4-ba64-65083c9c38e5,16,66,agent,0.6887497305870056,0.19047619047619047,0.0,0.42156970500946045,-0.10949738323688507,,0,0
qwen32B-int4_telecom_50runs,verbalized,bge-m3,2366ac66-c028-43b4-ba64-65083c9c38e5,17,66,user,,,,,,0.41145575046539307,0,0
qwen32B-int4_telecom_50runs,verbalized,bge-m3,2366ac66-c028-43b4-ba64-65083c9c38e5,18,66,tool,,,,,,,0,0
qwen32B-int4_telecom_50runs,verbalized,bge-m3,2366ac66-c028-43b4-ba64-65083c9c38e5,19,66,tool,,,,,,,0,0
qwen32B-int4_telecom_50runs,verbalized,bge-m3,2366ac66-c028-43b4-ba64-65083c9c38e5,20,66,user,,,,,,,0,0
qwen32B-int4_telecom_50runs,verbalized,bge-m3,2366ac66-c028-43b4-ba64-65083c9c38e5,21,66,agent,0.6814137697219849,0.23376623376623376,0.0,,,,0,0
qwen32B-int4_telecom_50runs,verbalized,bge-m3,2366ac66-c028-43b4-ba64-65083c9c38e5,22,66,user,,,,,,0.572302520275116,0,0
qwen32B-int4_telecom_50runs,verbalized,bge-m3,2366ac66-c028-43b4-ba64-65083c9c38e5,23,66,agent,0.6739584803581238,0.19801980198019803,0.0,0.4295802712440491,-0.13515077424900868,,0,0
qwen32B-int4_telecom_50runs,verbalized,bge-m3,2366ac66-c028-43b4-ba64-65083c9c38e5,24,66,user,,,,,,0.2873741388320923,0,0
qwen32B-int4_telecom_50runs,verbalized,bge-m3,2366ac66-c028-43b4-ba64-65083c9c38e5,25,66,tool,,,,,,,0,0
qwen32B-int4_telecom_50runs,verbalized,bge-m3,2366ac66-c028-43b4-ba64-65083c9c38e5,26,66,tool,,,,,,,0,0
qwen32B-int4_telecom_50runs,verbalized,bge-m3,2366ac66-c028-43b4-ba64-65083c9c38e5,27,66,user,,,,,,,0,0
qwen32B-int4_telecom_50runs,verbalized,bge-m3,2366ac66-c028-43b4-ba64-65083c9c38e5,28,66,agent,0.7777729034423828,0.24731182795698925,0.0,0.29033297300338745,-0.17616142758301329,,0,0
qwen32B-int4_telecom_50runs,verbalized,bge-m3,2366ac66-c028-43b4-ba64-65083c9c38e5,29,66,user,,,,,,0.26596546173095703,0,0
qwen32B-int4_telecom_50runs,verbalized,bge-m3,2366ac66-c028-43b4-ba64-65083c9c38e5,30,66,tool,,,,,,,0,0
qwen32B-int4_telecom_50runs,verbalized,bge-m3,2366ac66-c028-43b4-ba64-65083c9c38e5,31,66,user,,,,,,,0,0
qwen32B-int4_telecom_50runs,verbalized,bge-m3,2366ac66-c028-43b4-ba64-65083c9c38e5,32,66,agent,0.599456787109375,0.34782608695652173,0.0,0.3722274899482727,-0.1899631970695087,,0,0
qwen32B-int4_telecom_50runs,verbalized,bge-m3,2366ac66-c028-43b4-ba64-65083c9c38e5,33,66,user,,,,,,0.4812202453613281,0,0
qwen32B-int4_telecom_50runs,verbalized,bge-m3,2366ac66-c028-43b4-ba64-65083c9c38e5,34,66,tool,,,,,,,0,0
qwen32B-int4_telecom_50runs,verbalized,bge-m3,2366ac66-c028-43b4-ba64-65083c9c38e5,35,66,user,,,,,,,0,0
qwen32B-int4_telecom_50runs,verbalized,bge-m3,2366ac66-c028-43b4-ba64-65083c9c38e5,36,66,agent,0.6249343156814575,0.27692307692307694,0.0,0.46151912212371826,-0.06308283976146156,,0,0
qwen32B-int4_telecom_50runs,verbalized,bge-m3,2366ac66-c028-43b4-ba64-65083c9c38e5,37,66,user,,,,,,0.4058130979537964,0,0
qwen32B-int4_telecom_50runs,verbalized,bge-m3,2366ac66-c028-43b4-ba64-65083c9c38e5,38,66,tool,,,,,,,0,0
qwen32B-int4_telecom_50runs,verbalized,bge-m3,2366ac66-c028-43b4-ba64-65083c9c38e5,39,66,user,,,,,,,0,0
qwen32B-int4_telecom_50runs,verbalized,bge-m3,2366ac66-c028-43b4-ba64-65083c9c38e5,40,66,agent,0.6573210954666138,0.2597402597402597,0.0,0.49203139543533325,0.006455619420324077,,0,0
qwen32B-int4_telecom_50runs,verbalized,bge-m3,2366ac66-c028-43b4-ba64-65083c9c38e5,41,66,user,,,,,,0.5016586780548096,0,0
qwen32B-int4_telecom_50runs,verbalized,bge-m3,2366ac66-c028-43b4-ba64-65083c9c38e5,42,66,tool,,,,,,,0,0
qwen32B-int4_telecom_50runs,verbalized,bge-m3,2366ac66-c028-43b4-ba64-65083c9c38e5,43,66,user,,,,,,,0,0
qwen32B-int4_telecom_50runs,verbalized,bge-m3,2366ac66-c028-43b4-ba64-65083c9c38e5,44,66,agent,0.8442392945289612,0.3488372093023256,0.0,0.4042325019836426,-0.10008831641503746,,0,0
qwen32B-int4_telecom_50runs,verbalized,bge-m3,2366ac66-c028-43b4-ba64-65083c9c38e5,45,66,user,,,,,,0.34118062257766724,0,0
qwen32B-int4_telecom_50runs,verbalized,bge-m3,2366ac66-c028-43b4-ba64-65083c9c38e5,46,66,tool,,,,,,,0,0
qwen32B-int4_telecom_50runs,verbalized,bge-m3,2366ac66-c028-43b4-ba64-65083c9c38e5,47,66,user,,,,,,,0,0
qwen32B-int4_telecom_50runs,verbalized,bge-m3,2366ac66-c028-43b4-ba64-65083c9c38e5,48,66,agent,0.6609061360359192,0.3013698630136986,0.0,0.46650630235671997,-0.0526973264557975,,0,0
qwen32B-int4_telecom_50runs,verbalized,bge-m3,2366ac66-c028-43b4-ba64-65083c9c38e5,49,66,user,,,,,,0.4081791639328003,0,0
qwen32B-int4_telecom_50runs,verbalized,bge-m3,2366ac66-c028-43b4-ba64-65083c9c38e5,50,66,tool,,,,,,,0,0
qwen32B-int4_telecom_50runs,verbalized,bge-m3,2366ac66-c028-43b4-ba64-65083c9c38e5,51,66,user,,,,,,,0,0
qwen32B-int4_telecom_50runs,verbalized,bge-m3,2366ac66-c028-43b4-ba64-65083c9c38e5,52,66,agent,0.685107409954071,0.23595505617977527,0.0,,,,0,0
qwen32B-int4_telecom_50runs,verbalized,bge-m3,2366ac66-c028-43b4-ba64-65083c9c38e5,53,66,user,,,,,,0.35248082876205444,0,0
qwen32B-int4_telecom_50runs,verbalized,bge-m3,2366ac66-c028-43b4-ba64-65083c9c38e5,54,66,agent,0.44179677963256836,0.024691358024691357,0.0,0.38752859830856323,-0.1891043462923595,,0,0
qwen32B-int4_telecom_50runs,verbalized,bge-m3,2366ac66-c028-43b4-ba64-65083c9c38e5,55,66,tool,,,,,,,0,0
qwen32B-int4_telecom_50runs,verbalized,bge-m3,2366ac66-c028-43b4-ba64-65083c9c38e5,56,66,agent,0.7513868808746338,0.29347826086956524,0.0,,,,0,0
qwen32B-int4_telecom_50runs,verbalized,bge-m3,2366ac66-c028-43b4-ba64-65083c9c38e5,57,66,user,,,,,,0.1767514944076538,0,0
qwen32B-int4_telecom_50runs,verbalized,bge-m3,2366ac66-c028-43b4-ba64-65083c9c38e5,58,66,agent,0.8153764605522156,0.5333333333333333,0.0,0.3669425845146179,-0.13914936568055836,,0,0
qwen32B-int4_telecom_50runs,verbalized,bge-m3,2366ac66-c028-43b4-ba64-65083c9c38e5,59,66,tool,,,,,,,0,0
qwen32B-int4_telecom_50runs,verbalized,bge-m3,2366ac66-c028-43b4-ba64-65083c9c38e5,60,66,agent,0.7366733551025391,0.16455696202531644,0.0,0.34880703687667847,-0.11196720813001904,,0,0
qwen32B-int4_telecom_50runs,verbalized,bge-m3,2366ac66-c028-43b4-ba64-65083c9c38e5,61,66,user,,,,,,0.5151908099651337,0,0
qwen32B-int4_telecom_50runs,verbalized,bge-m3,2366ac66-c028-43b4-ba64-65083c9c38e5,62,66,tool,,,,,,,0,0
qwen32B-int4_telecom_50runs,verbalized,bge-m3,2366ac66-c028-43b4-ba64-65083c9c38e5,63,66,user,,,,,,,0,0
qwen32B-int4_telecom_50runs,verbalized,bge-m3,2366ac66-c028-43b4-ba64-65083c9c38e5,64,66,agent,0.7078297734260559,0.24675324675324675,0.0,,,,0,0
qwen32B-int4_telecom_50runs,verbalized,bge-m3,2366ac66-c028-43b4-ba64-65083c9c38e5,65,66,user,,,,,,0.4744042754173279,0,0
qwen32B-int4_telecom_50runs,verbalized,bge-m3,02ac42e7-7292-4a73-8902-a7a230856e30,0,38,agent,,,,,,,0,1
qwen32B-int4_telecom_50runs,verbalized,bge-m3,02ac42e7-7292-4a73-8902-a7a230856e30,1,38,user,,,,,,0.4411715865135193,0,1
qwen32B-int4_telecom_50runs,verbalized,bge-m3,02ac42e7-7292-4a73-8902-a7a230856e30,2,38,agent,0.5705975890159607,0.08333333333333333,0.0,0.3308665156364441,-0.1262671172618866,,0,1
qwen32B-int4_telecom_50runs,verbalized,bge-m3,02ac42e7-7292-4a73-8902-a7a230856e30,3,38,user,,,,,,0.40855246782302856,0,1
qwen32B-int4_telecom_50runs,verbalized,bge-m3,02ac42e7-7292-4a73-8902-a7a230856e30,4,38,tool,,,,,,,0,1
qwen32B-int4_telecom_50runs,verbalized,bge-m3,02ac42e7-7292-4a73-8902-a7a230856e30,5,38,user,,,,,,,0,1
qwen32B-int4_telecom_50runs,verbalized,bge-m3,02ac42e7-7292-4a73-8902-a7a230856e30,6,38,agent,0.7714160084724426,0.36231884057971014,0.0,0.27518516778945923,-0.09853096008300782,,0,1
qwen32B-int4_telecom_50runs,verbalized,bge-m3,02ac42e7-7292-4a73-8902-a7a230856e30,7,38,user,,,,,,0.4243376851081848,0,1
qwen32B-int4_telecom_50runs,verbalized,bge-m3,02ac42e7-7292-4a73-8902-a7a230856e30,8,38,tool,,,,,,,0,1
qwen32B-int4_telecom_50runs,verbalized,bge-m3,02ac42e7-7292-4a73-8902-a7a230856e30,9,38,user,,,,,,,0,1
qwen32B-int4_telecom_50runs,verbalized,bge-m3,02ac42e7-7292-4a73-8902-a7a230856e30,10,38,agent,0.8997927904129028,0.5964912280701754,0.0,0.31484782695770264,-0.12406286001205447,,0,1
qwen32B-int4_telecom_50runs,verbalized,bge-m3,02ac42e7-7292-4a73-8902-a7a230856e30,11,38,user,,,,,,0.45674973726272583,0,1
qwen32B-int4_telecom_50runs,verbalized,bge-m3,02ac42e7-7292-4a73-8902-a7a230856e30,12,38,tool,,,,,,,0,1
qwen32B-int4_telecom_50runs,verbalized,bge-m3,02ac42e7-7292-4a73-8902-a7a230856e30,13,38,user,,,,,,,0,1
qwen32B-int4_telecom_50runs,verbalized,bge-m3,02ac42e7-7292-4a73-8902-a7a230856e30,14,38,tool,,,,,,,0,1
qwen32B-int4_telecom_50runs,verbalized,bge-m3,02ac42e7-7292-4a73-8902-a7a230856e30,15,38,user,,,,,,,0,1
qwen32B-int4_telecom_50runs,verbalized,bge-m3,02ac42e7-7292-4a73-8902-a7a230856e30,16,38,agent,,,,0.4986397624015808,0.05722760558128359,,0,1
qwen32B-int4_telecom_50runs,verbalized,bge-m3,02ac42e7-7292-4a73-8902-a7a230856e30,17,38,user,,,,,,0.3179219365119934,0,1
qwen32B-int4_telecom_50runs,verbalized,bge-m3,02ac42e7-7292-4a73-8902-a7a230856e30,18,38,tool,,,,,,,0,1
qwen32B-int4_telecom_50runs,verbalized,bge-m3,02ac42e7-7292-4a73-8902-a7a230856e30,19,38,user,,,,,,,0,1
qwen32B-int4_telecom_50runs,verbalized,bge-m3,02ac42e7-7292-4a73-8902-a7a230856e30,20,38,tool,,,,,,,0,1
qwen32B-int4_telecom_50runs,verbalized,bge-m3,02ac42e7-7292-4a73-8902-a7a230856e30,21,38,user,,,,,,,0,1
qwen32B-int4_telecom_50runs,verbalized,bge-m3,02ac42e7-7292-4a73-8902-a7a230856e30,22,38,tool,,,,,,,0,1
qwen32B-int4_telecom_50runs,verbalized,bge-m3,02ac42e7-7292-4a73-8902-a7a230856e30,23,38,user,,,,,,,0,1
qwen32B-int4_telecom_50runs,verbalized,bge-m3,02ac42e7-7292-4a73-8902-a7a230856e30,24,38,agent,,,,0.36417722702026367,-0.04630424380302428,,0,1
qwen32B-int4_telecom_50runs,verbalized,bge-m3,02ac42e7-7292-4a73-8902-a7a230856e30,25,38,user,,,,,,0.5479066967964172,0,1
qwen32B-int4_telecom_50runs,verbalized,bge-m3,02ac42e7-7292-4a73-8902-a7a230856e30,26,38,tool,,,,,,,0,1
qwen32B-int4_telecom_50runs,verbalized,bge-m3,02ac42e7-7292-4a73-8902-a7a230856e30,27,38,user,,,,,,,0,1
qwen32B-int4_telecom_50runs,verbalized,bge-m3,02ac42e7-7292-4a73-8902-a7a230856e30,28,38,tool,,,,,,,0,1
qwen32B-int4_telecom_50runs,verbalized,bge-m3,02ac42e7-7292-4a73-8902-a7a230856e30,29,38,user,,,,,,,0,1
qwen32B-int4_telecom_50runs,verbalized,bge-m3,02ac42e7-7292-4a73-8902-a7a230856e30,30,38,tool,,,,,,,0,1
qwen32B-int4_telecom_50runs,verbalized,bge-m3,02ac42e7-7292-4a73-8902-a7a230856e30,31,38,user,,,,,,,0,1
qwen32B-int4_telecom_50runs,verbalized,bge-m3,02ac42e7-7292-4a73-8902-a7a230856e30,32,38,tool,,,,,,,0,1
qwen32B-int4_telecom_50runs,verbalized,bge-m3,02ac42e7-7292-4a73-8902-a7a230856e30,33,38,user,,,,,,,0,1
qwen32B-int4_telecom_50runs,verbalized,bge-m3,02ac42e7-7292-4a73-8902-a7a230856e30,34,38,agent,,,,0.5953399538993835,0.1824173927307129,,0,1
qwen32B-int4_telecom_50runs,verbalized,bge-m3,02ac42e7-7292-4a73-8902-a7a230856e30,35,38,tool,,,,,,,0,1
qwen32B-int4_telecom_50runs,verbalized,bge-m3,02ac42e7-7292-4a73-8902-a7a230856e30,36,38,agent,0.45625531673431396,0.07272727272727272,0.0,,,,0,1
qwen32B-int4_telecom_50runs,verbalized,bge-m3,02ac42e7-7292-4a73-8902-a7a230856e30,37,38,user,,,,,,0.3656492233276367,0,1
qwen32B-int4_telecom_50runs,verbalized,bge-m3,f2f20e69-1a92-42d9-b238-8777b8070bb7,0,53,agent,,,,,,,0,1
qwen32B-int4_telecom_50runs,verbalized,bge-m3,f2f20e69-1a92-42d9-b238-8777b8070bb7,1,53,user,,,,,,0.4618303179740906,0,1
qwen32B-int4_telecom_50runs,verbalized,bge-m3,f2f20e69-1a92-42d9-b238-8777b8070bb7,2,53,agent,0.4707297384738922,0.0,0.0,0.3445103168487549,-0.2277254651893269,,0,1
qwen32B-int4_telecom_50runs,verbalized,bge-m3,f2f20e69-1a92-42d9-b238-8777b8070bb7,3,53,tool,,,,,,,0,1
qwen32B-int4_telecom_50runs,verbalized,bge-m3,f2f20e69-1a92-42d9-b238-8777b8070bb7,4,53,agent,0.5560822486877441,0.09375,0.0,,,,0,1
qwen32B-int4_telecom_50runs,verbalized,bge-m3,f2f20e69-1a92-42d9-b238-8777b8070bb7,5,53,user,,,,,,0.4240298867225647,0,1
qwen32B-int4_telecom_50runs,verbalized,bge-m3,f2f20e69-1a92-42d9-b238-8777b8070bb7,6,53,agent,0.8306539058685303,0.3684210526315789,0.0,0.5447519421577454,-0.007823055440729365,,0,1
qwen32B-int4_telecom_50runs,verbalized,bge-m3,f2f20e69-1a92-42d9-b238-8777b8070bb7,7,53,tool,,,,,,,0,1
qwen32B-int4_telecom_50runs,verbalized,bge-m3,f2f20e69-1a92-42d9-b238-8777b8070bb7,8,53,agent,0.6388343572616577,0.2,0.0,,,,0,1
qwen32B-int4_telecom_50runs,verbalized,bge-m3,f2f20e69-1a92-42d9-b238-8777b8070bb7,9,53,user,,,,,,0.46262818574905396,0,1
qwen32B-int4_telecom_50runs,verbalized,bge-m3,f2f20e69-1a92-42d9-b238-8777b8070bb7,10,53,agent,0.7966286540031433,0.3333333333333333,0.0,0.3827090263366699,-0.1985627196051858,,0,1
qwen32B-int4_telecom_50runs,verbalized,bge-m3,f2f20e69-1a92-42d9-b238-8777b8070bb7,11,53,tool,,,,,,,0,1
qwen32B-int4_telecom_50runs,verbalized,bge-m3,f2f20e69-1a92-42d9-b238-8777b8070bb7,12,53,agent,0.5298948884010315,0.21951219512195122,0.0,0.48529869318008423,-0.056937559084458744,,0,1
qwen32B-int4_telecom_50runs,verbalized,bge-m3,f2f20e69-1a92-42d9-b238-8777b8070bb7,13,53,user,,,,,,0.5041202008724213,0,1
qwen32B-int4_telecom_50runs,verbalized,bge-m3,f2f20e69-1a92-42d9-b238-8777b8070bb7,14,53,tool,,,,,,,0,1
qwen32B-int4_telecom_50runs,verbalized,bge-m3,f2f20e69-1a92-42d9-b238-8777b8070bb7,15,53,user,,,,,,,0,1
qwen32B-int4_telecom_50runs,verbalized,bge-m3,f2f20e69-1a92-42d9-b238-8777b8070bb7,16,53,agent,0.5616645216941833,0.0,0.0,0.3649441599845886,-0.14424387704242358,,0,1
qwen32B-int4_telecom_50runs,verbalized,bge-m3,f2f20e69-1a92-42d9-b238-8777b8070bb7,17,53,tool,,,,,,,0,1
qwen32B-int4_telecom_50runs,verbalized,bge-m3,f2f20e69-1a92-42d9-b238-8777b8070bb7,18,53,agent,0.5386121869087219,0.0,0.0,0.485689640045166,-0.012183116240934877,,0,1
qwen32B-int4_telecom_50runs,verbalized,bge-m3,f2f20e69-1a92-42d9-b238-8777b8070bb7,19,53,user,,,,,,0.4301990270614624,0,1
qwen32B-int4_telecom_50runs,verbalized,bge-m3,f2f20e69-1a92-42d9-b238-8777b8070bb7,20,53,tool,,,,,,,0,1
qwen32B-int4_telecom_50runs,verbalized,bge-m3,f2f20e69-1a92-42d9-b238-8777b8070bb7,21,53,tool,,,,,,,0,1
qwen32B-int4_telecom_50runs,verbalized,bge-m3,f2f20e69-1a92-42d9-b238-8777b8070bb7,22,53,user,,,,,,,0,1
qwen32B-int4_telecom_50runs,verbalized,bge-m3,f2f20e69-1a92-42d9-b238-8777b8070bb7,23,53,agent,0.7017393112182617,0.1875,0.0,0.31481820344924927,-0.14920169385996734,,0,1
qwen32B-int4_telecom_50runs,verbalized,bge-m3,f2f20e69-1a92-42d9-b238-8777b8070bb7,24,53,user,,,,,,0.40993648767471313,0,1
qwen32B-int4_telecom_50runs,verbalized,bge-m3,f2f20e69-1a92-42d9-b238-8777b8070bb7,25,53,tool,,,,,,,0,1
qwen32B-int4_telecom_50runs,verbalized,bge-m3,f2f20e69-1a92-42d9-b238-8777b8070bb7,26,53,tool,,,,,,,0,1
qwen32B-int4_telecom_50runs,verbalized,bge-m3,f2f20e69-1a92-42d9-b238-8777b8070bb7,27,53,user,,,,,,,0,1
qwen32B-int4_telecom_50runs,verbalized,bge-m3,f2f20e69-1a92-42d9-b238-8777b8070bb7,28,53,agent,0.8536310195922852,0.3855421686746988,0.0,0.4019111394882202,-0.11243430321866821,,0,1
qwen32B-int4_telecom_50runs,verbalized,bge-m3,f2f20e69-1a92-42d9-b238-8777b8070bb7,29,53,user,,,,,,0.34815794229507446,0,1
qwen32B-int4_telecom_50runs,verbalized,bge-m3,f2f20e69-1a92-42d9-b238-8777b8070bb7,30,53,tool,,,,,,,0,1
qwen32B-int4_telecom_50runs,verbalized,bge-m3,f2f20e69-1a92-42d9-b238-8777b8070bb7,31,53,tool,,,,,,,0,1
qwen32B-int4_telecom_50runs,verbalized,bge-m3,f2f20e69-1a92-42d9-b238-8777b8070bb7,32,53,tool,,,,,,,0,1
qwen32B-int4_telecom_50runs,verbalized,bge-m3,f2f20e69-1a92-42d9-b238-8777b8070bb7,33,53,user,,,,,,,0,1
qwen32B-int4_telecom_50runs,verbalized,bge-m3,f2f20e69-1a92-42d9-b238-8777b8070bb7,34,53,agent,,,,0.45132869482040405,-0.07811677184971899,,0,1
qwen32B-int4_telecom_50runs,verbalized,bge-m3,f2f20e69-1a92-42d9-b238-8777b8070bb7,35,53,user,,,,,,0.3543790578842163,0,1
qwen32B-int4_telecom_50runs,verbalized,bge-m3,f2f20e69-1a92-42d9-b238-8777b8070bb7,36,53,tool,,,,,,,0,1
qwen32B-int4_telecom_50runs,verbalized,bge-m3,f2f20e69-1a92-42d9-b238-8777b8070bb7,37,53,tool,,,,,,,0,1
qwen32B-int4_telecom_50runs,verbalized,bge-m3,f2f20e69-1a92-42d9-b238-8777b8070bb7,38,53,user,,,,,,,0,1
qwen32B-int4_telecom_50runs,verbalized,bge-m3,f2f20e69-1a92-42d9-b238-8777b8070bb7,39,53,agent,0.6855522394180298,0.38961038961038963,0.0,0.3899763822555542,-0.14395958727056335,,0,1
qwen32B-int4_telecom_50runs,verbalized,bge-m3,f2f20e69-1a92-42d9-b238-8777b8070bb7,40,53,user,,,,,,0.410761296749115,0,1
qwen32B-int4_telecom_50runs,verbalized,bge-m3,f2f20e69-1a92-42d9-b238-8777b8070bb7,41,53,tool,,,,,,,0,1
qwen32B-int4_telecom_50runs,verbalized,bge-m3,f2f20e69-1a92-42d9-b238-8777b8070bb7,42,53,tool,,,,,,,0,1
qwen32B-int4_telecom_50runs,verbalized,bge-m3,f2f20e69-1a92-42d9-b238-8777b8070bb7,43,53,tool,,,,,,,0,1
qwen32B-int4_telecom_50runs,verbalized,bge-m3,f2f20e69-1a92-42d9-b238-8777b8070bb7,44,53,user,,,,,,,0,1
qwen32B-int4_telecom_50runs,verbalized,bge-m3,f2f20e69-1a92-42d9-b238-8777b8070bb7,45,53,agent,,,,0.4857795238494873,-0.03191909193992615,,0,1
qwen32B-int4_telecom_50runs,verbalized,bge-m3,f2f20e69-1a92-42d9-b238-8777b8070bb7,46,53,tool,,,,,,,0,1
qwen32B-int4_telecom_50runs,verbalized,bge-m3,f2f20e69-1a92-42d9-b238-8777b8070bb7,47,53,agent,0.6955111026763916,0.21348314606741572,0.0,,,,0,1
qwen32B-int4_telecom_50runs,verbalized,bge-m3,f2f20e69-1a92-42d9-b238-8777b8070bb7,48,53,user,,,,,,0.3725515604019165,0,1
qwen32B-int4_telecom_50runs,verbalized,bge-m3,f2f20e69-1a92-42d9-b238-8777b8070bb7,49,53,agent,0.619234025478363,0.07446808510638298,0.0,0.4611457586288452,-0.03091014244339685,,0,1
qwen32B-int4_telecom_50runs,verbalized,bge-m3,f2f20e69-1a92-42d9-b238-8777b8070bb7,50,53,tool,,,,,,,0,1
qwen32B-int4_telecom_50runs,verbalized,bge-m3,f2f20e69-1a92-42d9-b238-8777b8070bb7,51,53,agent,0.6273972392082214,0.08695652173913043,0.0,,,,0,1
qwen32B-int4_telecom_50runs,verbalized,bge-m3,f2f20e69-1a92-42d9-b238-8777b8070bb7,52,53,user,,,,,,0.3656492233276367,0,1
qwen32B-int4_telecom_50runs,verbalized,bge-m3,f1233686-d278-4e4e-a0b8-9669c90ab0c1,0,51,agent,,,,,,,0,1
qwen32B-int4_telecom_50runs,verbalized,bge-m3,f1233686-d278-4e4e-a0b8-9669c90ab0c1,1,51,user,,,,,,0.44117164611816406,0,1
qwen32B-int4_telecom_50runs,verbalized,bge-m3,f1233686-d278-4e4e-a0b8-9669c90ab0c1,2,51,agent,0.5705977082252502,0.08333333333333333,0.0,0.2986369729042053,-0.1950214256842931,,0,1
qwen32B-int4_telecom_50runs,verbalized,bge-m3,f1233686-d278-4e4e-a0b8-9669c90ab0c1,3,51,user,,,,,,0.4045882225036621,0,1
qwen32B-int4_telecom_50runs,verbalized,bge-m3,f1233686-d278-4e4e-a0b8-9669c90ab0c1,4,51,tool,,,,,,,0,1
qwen32B-int4_telecom_50runs,verbalized,bge-m3,f1233686-d278-4e4e-a0b8-9669c90ab0c1,5,51,user,,,,,,,0,1
qwen32B-int4_telecom_50runs,verbalized,bge-m3,f1233686-d278-4e4e-a0b8-9669c90ab0c1,6,51,agent,0.7465431094169617,0.2,0.0,0.32906800508499146,-0.10809868574142456,,0,1
qwen32B-int4_telecom_50runs,verbalized,bge-m3,f1233686-d278-4e4e-a0b8-9669c90ab0c1,7,51,user,,,,,,0.5303984880447388,0,1
qwen32B-int4_telecom_50runs,verbalized,bge-m3,f1233686-d278-4e4e-a0b8-9669c90ab0c1,8,51,tool,,,,,,,0,1
qwen32B-int4_telecom_50runs,verbalized,bge-m3,f1233686-d278-4e4e-a0b8-9669c90ab0c1,9,51,user,,,,,,,0,1
qwen32B-int4_telecom_50runs,verbalized,bge-m3,f1233686-d278-4e4e-a0b8-9669c90ab0c1,10,51,tool,,,,,,,0,1
qwen32B-int4_telecom_50runs,verbalized,bge-m3,f1233686-d278-4e4e-a0b8-9669c90ab0c1,11,51,user,,,,,,,0,1
qwen32B-int4_telecom_50runs,verbalized,bge-m3,f1233686-d278-4e4e-a0b8-9669c90ab0c1,12,51,tool,,,,,,,0,1
qwen32B-int4_telecom_50runs,verbalized,bge-m3,f1233686-d278-4e4e-a0b8-9669c90ab0c1,13,51,user,,,,,,,0,1
qwen32B-int4_telecom_50runs,verbalized,bge-m3,f1233686-d278-4e4e-a0b8-9669c90ab0c1,14,51,agent,,,,0.515770435333252,0.007458125551541683,,0,1
qwen32B-int4_telecom_50runs,verbalized,bge-m3,f1233686-d278-4e4e-a0b8-9669c90ab0c1,15,51,user,,,,,,0.4341832995414734,0,1
qwen32B-int4_telecom_50runs,verbalized,bge-m3,f1233686-d278-4e4e-a0b8-9669c90ab0c1,16,51,tool,,,,,,,0,1
qwen32B-int4_telecom_50runs,verbalized,bge-m3,f1233686-d278-4e4e-a0b8-9669c90ab0c1,17,51,user,,,,,,,0,1
qwen32B-int4_telecom_50runs,verbalized,bge-m3,f1233686-d278-4e4e-a0b8-9669c90ab0c1,18,51,tool,,,,,,,0,1
qwen32B-int4_telecom_50runs,verbalized,bge-m3,f1233686-d278-4e4e-a0b8-9669c90ab0c1,19,51,user,,,,,,,0,1
qwen32B-int4_telecom_50runs,verbalized,bge-m3,f1233686-d278-4e4e-a0b8-9669c90ab0c1,20,51,agent,,,,0.39372968673706055,-0.040887792905171694,,0,1
qwen32B-int4_telecom_50runs,verbalized,bge-m3,f1233686-d278-4e4e-a0b8-9669c90ab0c1,21,51,user,,,,,,0.49465739727020264,0,1
qwen32B-int4_telecom_50runs,verbalized,bge-m3,f1233686-d278-4e4e-a0b8-9669c90ab0c1,22,51,tool,,,,,,,0,1
qwen32B-int4_telecom_50runs,verbalized,bge-m3,f1233686-d278-4e4e-a0b8-9669c90ab0c1,23,51,user,,,,,,,0,1
qwen32B-int4_telecom_50runs,verbalized,bge-m3,f1233686-d278-4e4e-a0b8-9669c90ab0c1,24,51,tool,,,,,,,0,1
qwen32B-int4_telecom_50runs,verbalized,bge-m3,f1233686-d278-4e4e-a0b8-9669c90ab0c1,25,51,user,,,,,,,0,1
qwen32B-int4_telecom_50runs,verbalized,bge-m3,f1233686-d278-4e4e-a0b8-9669c90ab0c1,26,51,tool,,,,,,,0,1
qwen32B-int4_telecom_50runs,verbalized,bge-m3,f1233686-d278-4e4e-a0b8-9669c90ab0c1,27,51,user,,,,,,,0,1
qwen32B-int4_telecom_50runs,verbalized,bge-m3,f1233686-d278-4e4e-a0b8-9669c90ab0c1,28,51,agent,,,,0.4114288091659546,-0.008365362882614136,,0,1
qwen32B-int4_telecom_50runs,verbalized,bge-m3,f1233686-d278-4e4e-a0b8-9669c90ab0c1,29,51,user,,,,,,0.4442232847213745,0,1
qwen32B-int4_telecom_50runs,verbalized,bge-m3,f1233686-d278-4e4e-a0b8-9669c90ab0c1,30,51,tool,,,,,,,0,1
qwen32B-int4_telecom_50runs,verbalized,bge-m3,f1233686-d278-4e4e-a0b8-9669c90ab0c1,31,51,user,,,,,,,0,1
qwen32B-int4_telecom_50runs,verbalized,bge-m3,f1233686-d278-4e4e-a0b8-9669c90ab0c1,32,51,tool,,,,,,,0,1
qwen32B-int4_telecom_50runs,verbalized,bge-m3,f1233686-d278-4e4e-a0b8-9669c90ab0c1,33,51,user,,,,,,,0,1
qwen32B-int4_telecom_50runs,verbalized,bge-m3,f1233686-d278-4e4e-a0b8-9669c90ab0c1,34,51,tool,,,,,,,0,1
qwen32B-int4_telecom_50runs,verbalized,bge-m3,f1233686-d278-4e4e-a0b8-9669c90ab0c1,35,51,user,,,,,,,0,1
qwen32B-int4_telecom_50runs,verbalized,bge-m3,f1233686-d278-4e4e-a0b8-9669c90ab0c1,36,51,agent,,,,0.401203989982605,-0.013294349114100157,,0,1
qwen32B-int4_telecom_50runs,verbalized,bge-m3,f1233686-d278-4e4e-a0b8-9669c90ab0c1,37,51,user,,,,,,0.4111210107803345,0,1
qwen32B-int4_telecom_50runs,verbalized,bge-m3,f1233686-d278-4e4e-a0b8-9669c90ab0c1,38,51,tool,,,,,,,0,1
qwen32B-int4_telecom_50runs,verbalized,bge-m3,f1233686-d278-4e4e-a0b8-9669c90ab0c1,39,51,user,,,,,,,0,1
qwen32B-int4_telecom_50runs,verbalized,bge-m3,f1233686-d278-4e4e-a0b8-9669c90ab0c1,40,51,tool,,,,,,,0,1
qwen32B-int4_telecom_50runs,verbalized,bge-m3,f1233686-d278-4e4e-a0b8-9669c90ab0c1,41,51,user,,,,,,,0,1
qwen32B-int4_telecom_50runs,verbalized,bge-m3,f1233686-d278-4e4e-a0b8-9669c90ab0c1,42,51,tool,,,,,,,0,1
qwen32B-int4_telecom_50runs,verbalized,bge-m3,f1233686-d278-4e4e-a0b8-9669c90ab0c1,43,51,user,,,,,,,0,1
qwen32B-int4_telecom_50runs,verbalized,bge-m3,f1233686-d278-4e4e-a0b8-9669c90ab0c1,44,51,tool,,,,,,,0,1
qwen32B-int4_telecom_50runs,verbalized,bge-m3,f1233686-d278-4e4e-a0b8-9669c90ab0c1,45,51,tool,,,,,,,0,1
qwen32B-int4_telecom_50runs,verbalized,bge-m3,f1233686-d278-4e4e-a0b8-9669c90ab0c1,46,51,user,,,,,,,0,1
qwen32B-int4_telecom_50runs,verbalized,bge-m3,f1233686-d278-4e4e-a0b8-9669c90ab0c1,47,51,agent,,,,0.5032969117164612,0.011480271816253662,,0,1
qwen32B-int4_telecom_50runs,verbalized,bge-m3,f1233686-d278-4e4e-a0b8-9669c90ab0c1,48,51,tool,,,,,,,0,1
qwen32B-int4_telecom_50runs,verbalized,bge-m3,f1233686-d278-4e4e-a0b8-9669c90ab0c1,49,51,agent,0.609169602394104,0.11363636363636363,0.0,,,,0,1
qwen32B-int4_telecom_50runs,verbalized,bge-m3,f1233686-d278-4e4e-a0b8-9669c90ab0c1,50,51,user,,,,,,0.3656492233276367,0,1
qwen32B-int4_telecom_50runs,verbalized,bge-m3,83c94577-9219-4136-a119-1a162b5d55fc,0,66,agent,,,,,,,0,1
qwen32B-int4_telecom_50runs,verbalized,bge-m3,83c94577-9219-4136-a119-1a162b5d55fc,1,66,user,,,,,,0.44117146730422974,0,1
qwen32B-int4_telecom_50runs,verbalized,bge-m3,83c94577-9219-4136-a119-1a162b5d55fc,2,66,agent,0.5705976486206055,0.08333333333333333,0.0,0.3308665156364441,-0.12908840992233972,,0,1
qwen32B-int4_telecom_50runs,verbalized,bge-m3,83c94577-9219-4136-a119-1a162b5d55fc,3,66,user,,,,,,0.41174811124801636,0,1
qwen32B-int4_telecom_50runs,verbalized,bge-m3,83c94577-9219-4136-a119-1a162b5d55fc,4,66,tool,,,,,,,0,1
qwen32B-int4_telecom_50runs,verbalized,bge-m3,83c94577-9219-4136-a119-1a162b5d55fc,5,66,user,,,,,,,0,1
qwen32B-int4_telecom_50runs,verbalized,bge-m3,83c94577-9219-4136-a119-1a162b5d55fc,6,66,agent,0.7714160084724426,0.36231884057971014,0.0,0.27518516778945923,-0.14217887412418018,,0,1
qwen32B-int4_telecom_50runs,verbalized,bge-m3,83c94577-9219-4136-a119-1a162b5d55fc,7,66,user,,,,,,0.4106980562210083,0,1
qwen32B-int4_telecom_50runs,verbalized,bge-m3,83c94577-9219-4136-a119-1a162b5d55fc,8,66,tool,,,,,,,0,1
qwen32B-int4_telecom_50runs,verbalized,bge-m3,83c94577-9219-4136-a119-1a162b5d55fc,9,66,user,,,,,,,0,1
qwen32B-int4_telecom_50runs,verbalized,bge-m3,83c94577-9219-4136-a119-1a162b5d55fc,10,66,agent,0.9028773307800293,0.6981132075471698,0.0,0.31345075368881226,-0.1223631365732713,,0,1
qwen32B-int4_telecom_50runs,verbalized,bge-m3,83c94577-9219-4136-a119-1a162b5d55fc,11,66,user,,,,,,0.4685567021369934,0,1
qwen32B-int4_telecom_50runs,verbalized,bge-m3,83c94577-9219-4136-a119-1a162b5d55fc,12,66,tool,,,,,,,0,1
qwen32B-int4_telecom_50runs,verbalized,bge-m3,83c94577-9219-4136-a119-1a162b5d55fc,13,66,user,,,,,,,0,1
qwen32B-int4_telecom_50runs,verbalized,bge-m3,83c94577-9219-4136-a119-1a162b5d55fc,14,66,agent,0.7543387413024902,0.5303030303030303,0.0,0.4470342993736267,-0.0008292198181152344,,0,1
qwen32B-int4_telecom_50runs,verbalized,bge-m3,83c94577-9219-4136-a119-1a162b5d55fc,15,66,user,,,,,,0.3614903688430786,0,1
qwen32B-int4_telecom_50runs,verbalized,bge-m3,83c94577-9219-4136-a119-1a162b5d55fc,16,66,tool,,,,,,,0,1
qwen32B-int4_telecom_50runs,verbalized,bge-m3,83c94577-9219-4136-a119-1a162b5d55fc,17,66,user,,,,,,,0,1
qwen32B-int4_telecom_50runs,verbalized,bge-m3,83c94577-9219-4136-a119-1a162b5d55fc,18,66,tool,,,,,,,0,1
qwen32B-int4_telecom_50runs,verbalized,bge-m3,83c94577-9219-4136-a119-1a162b5d55fc,19,66,user,,,,,,,0,1
qwen32B-int4_telecom_50runs,verbalized,bge-m3,83c94577-9219-4136-a119-1a162b5d55fc,20,66,tool,,,,,,,0,1
qwen32B-int4_telecom_50runs,verbalized,bge-m3,83c94577-9219-4136-a119-1a162b5d55fc,21,66,user,,,,,,,0,1
qwen32B-int4_telecom_50runs,verbalized,bge-m3,83c94577-9219-4136-a119-1a162b5d55fc,22,66,agent,,,,0.2568312883377075,-0.1693678850477392,,0,1
qwen32B-int4_telecom_50runs,verbalized,bge-m3,83c94577-9219-4136-a119-1a162b5d55fc,23,66,user,,,,,,0.5178638100624084,0,1
qwen32B-int4_telecom_50runs,verbalized,bge-m3,83c94577-9219-4136-a119-1a162b5d55fc,24,66,tool,,,,,,,0,1
qwen32B-int4_telecom_50runs,verbalized,bge-m3,83c94577-9219-4136-a119-1a162b5d55fc,25,66,user,,,,,,,0,1
qwen32B-int4_telecom_50runs,verbalized,bge-m3,83c94577-9219-4136-a119-1a162b5d55fc,26,66,tool,,,,,,,0,1
qwen32B-int4_telecom_50runs,verbalized,bge-m3,83c94577-9219-4136-a119-1a162b5d55fc,27,66,user,,,,,,,0,1
qwen32B-int4_telecom_50runs,verbalized,bge-m3,83c94577-9219-4136-a119-1a162b5d55fc,28,66,tool,,,,,,,0,1
qwen32B-int4_telecom_50runs,verbalized,bge-m3,83c94577-9219-4136-a119-1a162b5d55fc,29,66,user,,,,,,,0,1
qwen32B-int4_telecom_50runs,verbalized,bge-m3,83c94577-9219-4136-a119-1a162b5d55fc,30,66,tool,,,,,,,0,1
qwen32B-int4_telecom_50runs,verbalized,bge-m3,83c94577-9219-4136-a119-1a162b5d55fc,31,66,user,,,,,,,0,1
qwen32B-int4_telecom_50runs,verbalized,bge-m3,83c94577-9219-4136-a119-1a162b5d55fc,32,66,agent,,,,,,,0,1
qwen32B-int4_telecom_50runs,verbalized,bge-m3,83c94577-9219-4136-a119-1a162b5d55fc,33,66,user,,,,,,0.42039626836776733,0,1
qwen32B-int4_telecom_50runs,verbalized,bge-m3,83c94577-9219-4136-a119-1a162b5d55fc,34,66,agent,0.5228517651557922,0.015384615384615385,0.0,0.38174712657928467,-0.17710200764916162,,0,1
qwen32B-int4_telecom_50runs,verbalized,bge-m3,83c94577-9219-4136-a119-1a162b5d55fc,35,66,tool,,,,,,,0,1
qwen32B-int4_telecom_50runs,verbalized,bge-m3,83c94577-9219-4136-a119-1a162b5d55fc,36,66,agent,0.7417627573013306,0.3333333333333333,0.0,,,,0,1
qwen32B-int4_telecom_50runs,verbalized,bge-m3,83c94577-9219-4136-a119-1a162b5d55fc,37,66,user,,,,,,0.3130202889442444,0,1
qwen32B-int4_telecom_50runs,verbalized,bge-m3,83c94577-9219-4136-a119-1a162b5d55fc,38,66,agent,0.804851233959198,0.4375,0.0,0.45117688179016113,-0.11357780207287183,,0,1
qwen32B-int4_telecom_50runs,verbalized,bge-m3,83c94577-9219-4136-a119-1a162b5d55fc,39,66,tool,,,,,,,0,1
qwen32B-int4_telecom_50runs,verbalized,bge-m3,83c94577-9219-4136-a119-1a162b5d55fc,40,66,agent,0.6541324853897095,0.2028985507246377,0.0,0.3299487829208374,-0.21126777475530456,,0,1
qwen32B-int4_telecom_50runs,verbalized,bge-m3,83c94577-9219-4136-a119-1a162b5d55fc,41,66,tool,,,,,,,0,1
qwen32B-int4_telecom_50runs,verbalized,bge-m3,83c94577-9219-4136-a119-1a162b5d55fc,42,66,agent,0.7745177745819092,0.24390243902439024,0.0,0.4551563262939453,0.00047740882093255665,,0,1
qwen32B-int4_telecom_50runs,verbalized,bge-m3,83c94577-9219-4136-a119-1a162b5d55fc,43,66,user,,,,,,0.5127215683460236,0,1
qwen32B-int4_telecom_50runs,verbalized,bge-m3,83c94577-9219-4136-a119-1a162b5d55fc,44,66,tool,,,,,,,0,1
qwen32B-int4_telecom_50runs,verbalized,bge-m3,83c94577-9219-4136-a119-1a162b5d55fc,45,66,user,,,,,,,0,1
qwen32B-int4_telecom_50runs,verbalized,bge-m3,83c94577-9219-4136-a119-1a162b5d55fc,46,66,agent,0.6661491990089417,0.38372093023255816,0.0,0.4363178014755249,-0.010888408530842164,,0,1
qwen32B-int4_telecom_50runs,verbalized,bge-m3,83c94577-9219-4136-a119-1a162b5d55fc,47,66,user,,,,,,0.4490596055984497,0,1
qwen32B-int4_telecom_50runs,verbalized,bge-m3,83c94577-9219-4136-a119-1a162b5d55fc,48,66,tool,,,,,,,0,1
qwen32B-int4_telecom_50runs,verbalized,bge-m3,83c94577-9219-4136-a119-1a162b5d55fc,49,66,user,,,,,,,0,1
qwen32B-int4_telecom_50runs,verbalized,bge-m3,83c94577-9219-4136-a119-1a162b5d55fc,50,66,tool,,,,,,,0,1
qwen32B-int4_telecom_50runs,verbalized,bge-m3,83c94577-9219-4136-a119-1a162b5d55fc,51,66,user,,,,,,,0,1
qwen32B-int4_telecom_50runs,verbalized,bge-m3,83c94577-9219-4136-a119-1a162b5d55fc,52,66,tool,,,,,,,0,1
qwen32B-int4_telecom_50runs,verbalized,bge-m3,83c94577-9219-4136-a119-1a162b5d55fc,53,66,user,,,,,,,0,1
qwen32B-int4_telecom_50runs,verbalized,bge-m3,83c94577-9219-4136-a119-1a162b5d55fc,54,66,agent,,,,0.39295876026153564,-0.02446706728501752,,0,1
qwen32B-int4_telecom_50runs,verbalized,bge-m3,83c94577-9219-4136-a119-1a162b5d55fc,55,66,user,,,,,,0.47046375274658203,0,1
qwen32B-int4_telecom_50runs,verbalized,bge-m3,83c94577-9219-4136-a119-1a162b5d55fc,56,66,tool,,,,,,,0,1
qwen32B-int4_telecom_50runs,verbalized,bge-m3,83c94577-9219-4136-a119-1a162b5d55fc,57,66,user,,,,,,,0,1
qwen32B-int4_telecom_50runs,verbalized,bge-m3,83c94577-9219-4136-a119-1a162b5d55fc,58,66,tool,,,,,,,0,1
qwen32B-int4_telecom_50runs,verbalized,bge-m3,83c94577-9219-4136-a119-1a162b5d55fc,59,66,user,,,,,,,0,1
qwen32B-int4_telecom_50runs,verbalized,bge-m3,83c94577-9219-4136-a119-1a162b5d55fc,60,66,tool,,,,,,,0,1
qwen32B-int4_telecom_50runs,verbalized,bge-m3,83c94577-9219-4136-a119-1a162b5d55fc,61,66,user,,,,,,,0,1
qwen32B-int4_telecom_50runs,verbalized,bge-m3,83c94577-9219-4136-a119-1a162b5d55fc,62,66,agent,,,,0.4761103391647339,-0.09986777739091357,,0,1
qwen32B-int4_telecom_50runs,verbalized,bge-m3,83c94577-9219-4136-a119-1a162b5d55fc,63,66,tool,,,,,,,0,1
qwen32B-int4_telecom_50runs,verbalized,bge-m3,83c94577-9219-4136-a119-1a162b5d55fc,64,66,agent,0.7004595994949341,0.15384615384615385,0.0,,,,0,1
qwen32B-int4_telecom_50runs,verbalized,bge-m3,83c94577-9219-4136-a119-1a162b5d55fc,65,66,user,,,,,,0.3656492233276367,0,1
qwen32B-int4_telecom_50runs,verbalized,bge-m3,091c0113-be22-4f49-9d64-76d19f2109a1,0,53,agent,,,,,,,0,1
qwen32B-int4_telecom_50runs,verbalized,bge-m3,091c0113-be22-4f49-9d64-76d19f2109a1,1,53,user,,,,,,0.4618303179740906,0,1
qwen32B-int4_telecom_50runs,verbalized,bge-m3,091c0113-be22-4f49-9d64-76d19f2109a1,2,53,agent,0.47469091415405273,0.0,0.0,0.3437296748161316,-0.22914470867677172,,0,1
qwen32B-int4_telecom_50runs,verbalized,bge-m3,091c0113-be22-4f49-9d64-76d19f2109a1,3,53,tool,,,,,,,0,1
qwen32B-int4_telecom_50runs,verbalized,bge-m3,091c0113-be22-4f49-9d64-76d19f2109a1,4,53,agent,0.5560822486877441,0.09375,0.0,,,,0,1
qwen32B-int4_telecom_50runs,verbalized,bge-m3,091c0113-be22-4f49-9d64-76d19f2109a1,5,53,user,,,,,,0.4240298867225647,0,1
qwen32B-int4_telecom_50runs,verbalized,bge-m3,091c0113-be22-4f49-9d64-76d19f2109a1,6,53,agent,0.8331701755523682,0.3684210526315789,0.0,0.5443814396858215,-0.01024334268136462,,0,1
qwen32B-int4_telecom_50runs,verbalized,bge-m3,091c0113-be22-4f49-9d64-76d19f2109a1,7,53,tool,,,,,,,0,1
qwen32B-int4_telecom_50runs,verbalized,bge-m3,091c0113-be22-4f49-9d64-76d19f2109a1,8,53,agent,0.6442362070083618,0.2,0.0,,,,0,1
qwen32B-int4_telecom_50runs,verbalized,bge-m3,091c0113-be22-4f49-9d64-76d19f2109a1,9,53,user,,,,,,0.46262818574905396,0,1
qwen32B-int4_telecom_50runs,verbalized,bge-m3,091c0113-be22-4f49-9d64-76d19f2109a1,10,53,agent,0.7985556721687317,0.3333333333333333,0.0,0.3808436989784241,-0.18910761583935132,,0,1
qwen32B-int4_telecom_50runs,verbalized,bge-m3,091c0113-be22-4f49-9d64-76d19f2109a1,11,53,tool,,,,,,,0,1
qwen32B-int4_telecom_50runs,verbalized,bge-m3,091c0113-be22-4f49-9d64-76d19f2109a1,12,53,agent,0.5298948884010315,0.21951219512195122,0.0,0.47501593828201294,-0.05740647695281287,,0,1
qwen32B-int4_telecom_50runs,verbalized,bge-m3,091c0113-be22-4f49-9d64-76d19f2109a1,13,53,user,,,,,,0.5034348666667938,0,1
qwen32B-int4_telecom_50runs,verbalized,bge-m3,091c0113-be22-4f49-9d64-76d19f2109a1,14,53,tool,,,,,,,0,1
qwen32B-int4_telecom_50runs,verbalized,bge-m3,091c0113-be22-4f49-9d64-76d19f2109a1,15,53,user,,,,,,,0,1
qwen32B-int4_telecom_50runs,verbalized,bge-m3,091c0113-be22-4f49-9d64-76d19f2109a1,16,53,agent,0.5534296631813049,0.0,0.0,0.37030863761901855,-0.1339510679244995,,0,1
qwen32B-int4_telecom_50runs,verbalized,bge-m3,091c0113-be22-4f49-9d64-76d19f2109a1,17,53,tool,,,,,,,0,1
qwen32B-int4_telecom_50runs,verbalized,bge-m3,091c0113-be22-4f49-9d64-76d19f2109a1,18,53,agent,0.535590648651123,0.0,0.0,0.43906694650650024,-0.04132623564113269,,0,1
qwen32B-int4_telecom_50runs,verbalized,bge-m3,091c0113-be22-4f49-9d64-76d19f2109a1,19,53,user,,,,,,0.42962485551834106,0,1
qwen32B-int4_telecom_50runs,verbalized,bge-m3,091c0113-be22-4f49-9d64-76d19f2109a1,20,53,tool,,,,,,,0,1
qwen32B-int4_telecom_50runs,verbalized,bge-m3,091c0113-be22-4f49-9d64-76d19f2109a1,21,53,tool,,,,,,,0,1
qwen32B-int4_telecom_50runs,verbalized,bge-m3,091c0113-be22-4f49-9d64-76d19f2109a1,22,53,user,,,,,,,0,1
qwen32B-int4_telecom_50runs,verbalized,bge-m3,091c0113-be22-4f49-9d64-76d19f2109a1,23,53,agent,0.6923592686653137,0.16666666666666666,0.0,0.43186110258102417,-0.08398099920966406,,0,1
qwen32B-int4_telecom_50runs,verbalized,bge-m3,091c0113-be22-4f49-9d64-76d19f2109a1,24,53,user,,,,,,0.40365070104599,0,1
qwen32B-int4_telecom_50runs,verbalized,bge-m3,091c0113-be22-4f49-9d64-76d19f2109a1,25,53,tool,,,,,,,0,1
qwen32B-int4_telecom_50runs,verbalized,bge-m3,091c0113-be22-4f49-9d64-76d19f2109a1,26,53,tool,,,,,,,0,1
qwen32B-int4_telecom_50runs,verbalized,bge-m3,091c0113-be22-4f49-9d64-76d19f2109a1,27,53,tool,,,,,,,0,1
qwen32B-int4_telecom_50runs,verbalized,bge-m3,091c0113-be22-4f49-9d64-76d19f2109a1,28,53,user,,,,,,,0,1
qwen32B-int4_telecom_50runs,verbalized,bge-m3,091c0113-be22-4f49-9d64-76d19f2109a1,29,53,agent,,,,0.3378528356552124,-0.16728690266609192,,0,1
qwen32B-int4_telecom_50runs,verbalized,bge-m3,091c0113-be22-4f49-9d64-76d19f2109a1,30,53,user,,,,,,0.3861428499221802,0,1
qwen32B-int4_telecom_50runs,verbalized,bge-m3,091c0113-be22-4f49-9d64-76d19f2109a1,31,53,tool,,,,,,,0,1
qwen32B-int4_telecom_50runs,verbalized,bge-m3,091c0113-be22-4f49-9d64-76d19f2109a1,32,53,tool,,,,,,,0,1
qwen32B-int4_telecom_50runs,verbalized,bge-m3,091c0113-be22-4f49-9d64-76d19f2109a1,33,53,user,,,,,,,0,1
qwen32B-int4_telecom_50runs,verbalized,bge-m3,091c0113-be22-4f49-9d64-76d19f2109a1,34,53,agent,0.6021537780761719,0.20454545454545456,0.0,0.5114825069904327,-0.0403549955649809,,0,1
qwen32B-int4_telecom_50runs,verbalized,bge-m3,091c0113-be22-4f49-9d64-76d19f2109a1,35,53,user,,,,,,0.36787718534469604,0,1
qwen32B-int4_telecom_50runs,verbalized,bge-m3,091c0113-be22-4f49-9d64-76d19f2109a1,36,53,tool,,,,,,,0,1
qwen32B-int4_telecom_50runs,verbalized,bge-m3,091c0113-be22-4f49-9d64-76d19f2109a1,37,53,tool,,,,,,,0,1
qwen32B-int4_telecom_50runs,verbalized,bge-m3,091c0113-be22-4f49-9d64-76d19f2109a1,38,53,user,,,,,,,0,1
qwen32B-int4_telecom_50runs,verbalized,bge-m3,091c0113-be22-4f49-9d64-76d19f2109a1,39,53,agent,0.5536727905273438,0.25842696629213485,0.0,0.43360430002212524,-0.12948058951984753,,0,1
qwen32B-int4_telecom_50runs,verbalized,bge-m3,091c0113-be22-4f49-9d64-76d19f2109a1,40,53,user,,,,,,0.4965572953224182,0,1
qwen32B-int4_telecom_50runs,verbalized,bge-m3,091c0113-be22-4f49-9d64-76d19f2109a1,41,53,tool,,,,,,,0,1
qwen32B-int4_telecom_50runs,verbalized,bge-m3,091c0113-be22-4f49-9d64-76d19f2109a1,42,53,tool,,,,,,,0,1
qwen32B-int4_telecom_50runs,verbalized,bge-m3,091c0113-be22-4f49-9d64-76d19f2109a1,43,53,tool,,,,,,,0,1
qwen32B-int4_telecom_50runs,verbalized,bge-m3,091c0113-be22-4f49-9d64-76d19f2109a1,44,53,user,,,,,,,0,1
qwen32B-int4_telecom_50runs,verbalized,bge-m3,091c0113-be22-4f49-9d64-76d19f2109a1,45,53,agent,,,,0.48325681686401367,-0.05542710152539343,,0,1
qwen32B-int4_telecom_50runs,verbalized,bge-m3,091c0113-be22-4f49-9d64-76d19f2109a1,46,53,tool,,,,,,,0,1
qwen32B-int4_telecom_50runs,verbalized,bge-m3,091c0113-be22-4f49-9d64-76d19f2109a1,47,53,agent,0.7142812013626099,0.2413793103448276,0.0,,,,0,1
qwen32B-int4_telecom_50runs,verbalized,bge-m3,091c0113-be22-4f49-9d64-76d19f2109a1,48,53,user,,,,,,0.49939632415771484,0,1
qwen32B-int4_telecom_50runs,verbalized,bge-m3,091c0113-be22-4f49-9d64-76d19f2109a1,49,53,agent,0.7050975561141968,0.10743801652892562,0.0,0.520544707775116,0.02543733878569171,,0,1
qwen32B-int4_telecom_50runs,verbalized,bge-m3,091c0113-be22-4f49-9d64-76d19f2109a1,50,53,tool,,,,,,,0,1
qwen32B-int4_telecom_50runs,verbalized,bge-m3,091c0113-be22-4f49-9d64-76d19f2109a1,51,53,agent,0.5789909958839417,0.07291666666666667,0.0,,,,0,1
qwen32B-int4_telecom_50runs,verbalized,bge-m3,091c0113-be22-4f49-9d64-76d19f2109a1,52,53,user,,,,,,0.3656492233276367,0,1
qwen32B-int4_telecom_50runs,verbalized,bge-m3,ce0d0f84-15f3-422b-9a04-a7ba19dc9610,0,74,agent,,,,,,,0,1
qwen32B-int4_telecom_50runs,verbalized,bge-m3,ce0d0f84-15f3-422b-9a04-a7ba19dc9610,1,74,user,,,,,,0.4888468384742737,0,1
qwen32B-int4_telecom_50runs,verbalized,bge-m3,ce0d0f84-15f3-422b-9a04-a7ba19dc9610,2,74,agent,0.4995576739311218,0.0,0.0,0.34383249282836914,-0.2269247230142355,,0,1
qwen32B-int4_telecom_50runs,verbalized,bge-m3,ce0d0f84-15f3-422b-9a04-a7ba19dc9610,3,74,tool,,,,,,,0,1
qwen32B-int4_telecom_50runs,verbalized,bge-m3,ce0d0f84-15f3-422b-9a04-a7ba19dc9610,4,74,agent,0.5572911500930786,0.05,0.0,,,,0,1
qwen32B-int4_telecom_50runs,verbalized,bge-m3,ce0d0f84-15f3-422b-9a04-a7ba19dc9610,5,74,user,,,,,,0.36186379194259644,0,1
qwen32B-int4_telecom_50runs,verbalized,bge-m3,ce0d0f84-15f3-422b-9a04-a7ba19dc9610,6,74,agent,0.8199574947357178,0.35,0.0,0.5447321236133575,-0.034200919792056084,,0,1
qwen32B-int4_telecom_50runs,verbalized,bge-m3,ce0d0f84-15f3-422b-9a04-a7ba19dc9610,7,74,tool,,,,,,,0,1
qwen32B-int4_telecom_50runs,verbalized,bge-m3,ce0d0f84-15f3-422b-9a04-a7ba19dc9610,8,74,agent,0.5969343185424805,0.2835820895522388,0.0,,,,0,1
qwen32B-int4_telecom_50runs,verbalized,bge-m3,ce0d0f84-15f3-422b-9a04-a7ba19dc9610,9,74,user,,,,,,0.24921631813049316,0,1
qwen32B-int4_telecom_50runs,verbalized,bge-m3,ce0d0f84-15f3-422b-9a04-a7ba19dc9610,10,74,agent,0.7980238199234009,0.3333333333333333,0.0,0.3782413601875305,-0.19816136918962002,,0,1
qwen32B-int4_telecom_50runs,verbalized,bge-m3,ce0d0f84-15f3-422b-9a04-a7ba19dc9610,11,74,tool,,,,,,,0,1
qwen32B-int4_telecom_50runs,verbalized,bge-m3,ce0d0f84-15f3-422b-9a04-a7ba19dc9610,12,74,agent,0.5269917845726013,0.21951219512195122,0.0,0.46857964992523193,-0.022699937224388123,,0,1
qwen32B-int4_telecom_50runs,verbalized,bge-m3,ce0d0f84-15f3-422b-9a04-a7ba19dc9610,13,74,user,,,,,,0.43350422382354736,0,1
qwen32B-int4_telecom_50runs,verbalized,bge-m3,ce0d0f84-15f3-422b-9a04-a7ba19dc9610,14,74,tool,,,,,,,0,1
qwen32B-int4_telecom_50runs,verbalized,bge-m3,ce0d0f84-15f3-422b-9a04-a7ba19dc9610,15,74,user,,,,,,,0,1
qwen32B-int4_telecom_50runs,verbalized,bge-m3,ce0d0f84-15f3-422b-9a04-a7ba19dc9610,16,74,agent,0.5967139005661011,0.22077922077922077,0.0,0.40688997507095337,-0.14504101872444153,,0,1
qwen32B-int4_telecom_50runs,verbalized,bge-m3,ce0d0f84-15f3-422b-9a04-a7ba19dc9610,17,74,user,,,,,,0.41034185886383057,0,1
qwen32B-int4_telecom_50runs,verbalized,bge-m3,ce0d0f84-15f3-422b-9a04-a7ba19dc9610,18,74,tool,,,,,,,0,1
qwen32B-int4_telecom_50runs,verbalized,bge-m3,ce0d0f84-15f3-422b-9a04-a7ba19dc9610,19,74,tool,,,,,,,0,1
qwen32B-int4_telecom_50runs,verbalized,bge-m3,ce0d0f84-15f3-422b-9a04-a7ba19dc9610,20,74,user,,,,,,,0,1
qwen32B-int4_telecom_50runs,verbalized,bge-m3,ce0d0f84-15f3-422b-9a04-a7ba19dc9610,21,74,agent,0.6042452454566956,0.17894736842105263,0.0,0.325259268283844,-0.16039969213306904,,0,1
qwen32B-int4_telecom_50runs,verbalized,bge-m3,ce0d0f84-15f3-422b-9a04-a7ba19dc9610,22,74,user,,,,,,0.37739044427871704,0,1
qwen32B-int4_telecom_50runs,verbalized,bge-m3,ce0d0f84-15f3-422b-9a04-a7ba19dc9610,23,74,tool,,,,,,,0,1
qwen32B-int4_telecom_50runs,verbalized,bge-m3,ce0d0f84-15f3-422b-9a04-a7ba19dc9610,24,74,user,,,,,,,0,1
qwen32B-int4_telecom_50runs,verbalized,bge-m3,ce0d0f84-15f3-422b-9a04-a7ba19dc9610,25,74,agent,0.9020838737487793,0.3409090909090909,0.0,0.31968826055526733,-0.162814574316144,,0,1
qwen32B-int4_telecom_50runs,verbalized,bge-m3,ce0d0f84-15f3-422b-9a04-a7ba19dc9610,26,74,user,,,,,,0.48433786630630493,0,1
qwen32B-int4_telecom_50runs,verbalized,bge-m3,ce0d0f84-15f3-422b-9a04-a7ba19dc9610,27,74,tool,,,,,,,0,1
qwen32B-int4_telecom_50runs,verbalized,bge-m3,ce0d0f84-15f3-422b-9a04-a7ba19dc9610,28,74,user,,,,,,,0,1
qwen32B-int4_telecom_50runs,verbalized,bge-m3,ce0d0f84-15f3-422b-9a04-a7ba19dc9610,29,74,agent,0.8248755931854248,0.2891566265060241,0.0,0.3288543224334717,-0.16709939390420914,,0,1
qwen32B-int4_telecom_50runs,verbalized,bge-m3,ce0d0f84-15f3-422b-9a04-a7ba19dc9610,30,74,user,,,,,,0.2661656141281128,0,1
qwen32B-int4_telecom_50runs,verbalized,bge-m3,ce0d0f84-15f3-422b-9a04-a7ba19dc9610,31,74,tool,,,,,,,0,1
qwen32B-int4_telecom_50runs,verbalized,bge-m3,ce0d0f84-15f3-422b-9a04-a7ba19dc9610,32,74,user,,,,,,,0,1
qwen32B-int4_telecom_50runs,verbalized,bge-m3,ce0d0f84-15f3-422b-9a04-a7ba19dc9610,33,74,agent,0.6434904336929321,0.27058823529411763,0.0,0.3468620181083679,-0.19934741593897343,,0,1
qwen32B-int4_telecom_50runs,verbalized,bge-m3,ce0d0f84-15f3-422b-9a04-a7ba19dc9610,34,74,user,,,,,,0.4819294214248657,0,1
qwen32B-int4_telecom_50runs,verbalized,bge-m3,ce0d0f84-15f3-422b-9a04-a7ba19dc9610,35,74,tool,,,,,,,0,1
qwen32B-int4_telecom_50runs,verbalized,bge-m3,ce0d0f84-15f3-422b-9a04-a7ba19dc9610,36,74,user,,,,,,,0,1
qwen32B-int4_telecom_50runs,verbalized,bge-m3,ce0d0f84-15f3-422b-9a04-a7ba19dc9610,37,74,agent,0.41824811697006226,0.0,0.0,0.37459999322891235,-0.16975380666553974,,0,1
qwen32B-int4_telecom_50runs,verbalized,bge-m3,ce0d0f84-15f3-422b-9a04-a7ba19dc9610,38,74,tool,,,,,,,0,1
qwen32B-int4_telecom_50runs,verbalized,bge-m3,ce0d0f84-15f3-422b-9a04-a7ba19dc9610,39,74,agent,0.49519744515419006,0.0,0.0,0.41107499599456787,-0.07406998425722122,,0,1
qwen32B-int4_telecom_50runs,verbalized,bge-m3,ce0d0f84-15f3-422b-9a04-a7ba19dc9610,40,74,user,,,,,,0.4424830675125122,0,1
qwen32B-int4_telecom_50runs,verbalized,bge-m3,ce0d0f84-15f3-422b-9a04-a7ba19dc9610,41,74,tool,,,,,,,0,1
qwen32B-int4_telecom_50runs,verbalized,bge-m3,ce0d0f84-15f3-422b-9a04-a7ba19dc9610,42,74,user,,,,,,,0,1
qwen32B-int4_telecom_50runs,verbalized,bge-m3,ce0d0f84-15f3-422b-9a04-a7ba19dc9610,43,74,agent,0.7028036713600159,0.2653061224489796,0.0,,,,0,1
qwen32B-int4_telecom_50runs,verbalized,bge-m3,ce0d0f84-15f3-422b-9a04-a7ba19dc9610,44,74,user,,,,,,0.4566243886947632,0,1
qwen32B-int4_telecom_50runs,verbalized,bge-m3,ce0d0f84-15f3-422b-9a04-a7ba19dc9610,45,74,agent,0.6617377996444702,0.25225225225225223,0.0,,,,0,1
qwen32B-int4_telecom_50runs,verbalized,bge-m3,ce0d0f84-15f3-422b-9a04-a7ba19dc9610,46,74,user,,,,,,0.16467106342315674,0,1
qwen32B-int4_telecom_50runs,verbalized,bge-m3,ce0d0f84-15f3-422b-9a04-a7ba19dc9610,47,74,agent,0.5607083439826965,0.0125,0.0,0.3641852140426636,-0.15119507908821106,,0,1
qwen32B-int4_telecom_50runs,verbalized,bge-m3,ce0d0f84-15f3-422b-9a04-a7ba19dc9610,48,74,tool,,,,,,,0,1
qwen32B-int4_telecom_50runs,verbalized,bge-m3,ce0d0f84-15f3-422b-9a04-a7ba19dc9610,49,74,agent,0.7440685033798218,0.25773195876288657,0.0,0.46205300092697144,-0.046405524015426636,,0,1
qwen32B-int4_telecom_50runs,verbalized,bge-m3,ce0d0f84-15f3-422b-9a04-a7ba19dc9610,50,74,user,,,,,,0.5053478479385376,0,1
qwen32B-int4_telecom_50runs,verbalized,bge-m3,ce0d0f84-15f3-422b-9a04-a7ba19dc9610,51,74,tool,,,,,,,0,1
qwen32B-int4_telecom_50runs,verbalized,bge-m3,ce0d0f84-15f3-422b-9a04-a7ba19dc9610,52,74,user,,,,,,,0,1
qwen32B-int4_telecom_50runs,verbalized,bge-m3,ce0d0f84-15f3-422b-9a04-a7ba19dc9610,53,74,agent,0.6775757670402527,0.23157894736842105,0.0,0.3070036768913269,-0.1837110761553049,,0,1
qwen32B-int4_telecom_50runs,verbalized,bge-m3,ce0d0f84-15f3-422b-9a04-a7ba19dc9610,54,74,user,,,,,,0.20960533618927002,0,1
qwen32B-int4_telecom_50runs,verbalized,bge-m3,ce0d0f84-15f3-422b-9a04-a7ba19dc9610,55,74,tool,,,,,,,0,1
qwen32B-int4_telecom_50runs,verbalized,bge-m3,ce0d0f84-15f3-422b-9a04-a7ba19dc9610,56,74,tool,,,,,,,0,1
qwen32B-int4_telecom_50runs,verbalized,bge-m3,ce0d0f84-15f3-422b-9a04-a7ba19dc9610,57,74,user,,,,,,,0,1
qwen32B-int4_telecom_50runs,verbalized,bge-m3,ce0d0f84-15f3-422b-9a04-a7ba19dc9610,58,74,agent,0.8627186417579651,0.5285714285714286,0.0,0.4477255344390869,-0.056338297203183174,,0,1
qwen32B-int4_telecom_50runs,verbalized,bge-m3,ce0d0f84-15f3-422b-9a04-a7ba19dc9610,59,74,user,,,,,,0.4642828702926636,0,1
qwen32B-int4_telecom_50runs,verbalized,bge-m3,ce0d0f84-15f3-422b-9a04-a7ba19dc9610,60,74,tool,,,,,,,0,1
qwen32B-int4_telecom_50runs,verbalized,bge-m3,ce0d0f84-15f3-422b-9a04-a7ba19dc9610,61,74,user,,,,,,,0,1
qwen32B-int4_telecom_50runs,verbalized,bge-m3,ce0d0f84-15f3-422b-9a04-a7ba19dc9610,62,74,agent,0.8561665415763855,0.38596491228070173,0.0,0.3970344662666321,-0.08934204466640949,,0,1
qwen32B-int4_telecom_50runs,verbalized,bge-m3,ce0d0f84-15f3-422b-9a04-a7ba19dc9610,63,74,user,,,,,,0.3422403335571289,0,1
qwen32B-int4_telecom_50runs,verbalized,bge-m3,ce0d0f84-15f3-422b-9a04-a7ba19dc9610,64,74,tool,,,,,,,0,1
qwen32B-int4_telecom_50runs,verbalized,bge-m3,ce0d0f84-15f3-422b-9a04-a7ba19dc9610,65,74,tool,,,,,,,0,1
qwen32B-int4_telecom_50runs,verbalized,bge-m3,ce0d0f84-15f3-422b-9a04-a7ba19dc9610,66,74,tool,,,,,,,0,1
qwen32B-int4_telecom_50runs,verbalized,bge-m3,ce0d0f84-15f3-422b-9a04-a7ba19dc9610,67,74,user,,,,,,,0,1
qwen32B-int4_telecom_50runs,verbalized,bge-m3,ce0d0f84-15f3-422b-9a04-a7ba19dc9610,68,74,agent,,,,,,,0,1
qwen32B-int4_telecom_50runs,verbalized,bge-m3,ce0d0f84-15f3-422b-9a04-a7ba19dc9610,69,74,user,,,,,,0.1845760941505432,0,1
qwen32B-int4_telecom_50runs,verbalized,bge-m3,ce0d0f84-15f3-422b-9a04-a7ba19dc9610,70,74,agent,0.677460253238678,0.08235294117647059,0.0,0.49477797746658325,0.0060268789529800415,,0,1
qwen32B-int4_telecom_50runs,verbalized,bge-m3,ce0d0f84-15f3-422b-9a04-a7ba19dc9610,71,74,tool,,,,,,,0,1
qwen32B-int4_telecom_50runs,verbalized,bge-m3,ce0d0f84-15f3-422b-9a04-a7ba19dc9610,72,74,agent,0.6657174825668335,0.0847457627118644,0.0,,,,0,1
qwen32B-int4_telecom_50runs,verbalized,bge-m3,ce0d0f84-15f3-422b-9a04-a7ba19dc9610,73,74,user,,,,,,0.3656492233276367,0,1
qwen32B-int4_telecom_50runs,verbalized,bge-m3,835c81a7-24b9-4d24-b974-a7687e46e803,0,22,agent,,,,,,,0,0
qwen32B-int4_telecom_50runs,verbalized,bge-m3,835c81a7-24b9-4d24-b974-a7687e46e803,1,22,user,,,,,,0.40217792987823486,0,0
qwen32B-int4_telecom_50runs,verbalized,bge-m3,835c81a7-24b9-4d24-b974-a7687e46e803,2,22,agent,0.5338686108589172,0.0784313725490196,0.0,0.37480735778808594,0.0016515056292216168,,0,0
qwen32B-int4_telecom_50runs,verbalized,bge-m3,835c81a7-24b9-4d24-b974-a7687e46e803,3,22,user,,,,,,0.4352893829345703,0,0
qwen32B-int4_telecom_50runs,verbalized,bge-m3,835c81a7-24b9-4d24-b974-a7687e46e803,4,22,tool,,,,,,,0,0
qwen32B-int4_telecom_50runs,verbalized,bge-m3,835c81a7-24b9-4d24-b974-a7687e46e803,5,22,user,,,,,,,0,0
qwen32B-int4_telecom_50runs,verbalized,bge-m3,835c81a7-24b9-4d24-b974-a7687e46e803,6,22,agent,0.7356798648834229,0.1566265060240964,0.0,0.27448606491088867,-0.1655185619990031,,0,0
qwen32B-int4_telecom_50runs,verbalized,bge-m3,835c81a7-24b9-4d24-b974-a7687e46e803,7,22,user,,,,,,0.4459730386734009,0,0
qwen32B-int4_telecom_50runs,verbalized,bge-m3,835c81a7-24b9-4d24-b974-a7687e46e803,8,22,tool,,,,,,,0,0
qwen32B-int4_telecom_50runs,verbalized,bge-m3,835c81a7-24b9-4d24-b974-a7687e46e803,9,22,user,,,,,,,0,0
qwen32B-int4_telecom_50runs,verbalized,bge-m3,835c81a7-24b9-4d24-b974-a7687e46e803,10,22,agent,0.6583988070487976,0.15789473684210525,0.0,0.3339776396751404,-0.10780776540438336,,0,0
qwen32B-int4_telecom_50runs,verbalized,bge-m3,835c81a7-24b9-4d24-b974-a7687e46e803,11,22,user,,,,,,0.44590264558792114,0,0
qwen32B-int4_telecom_50runs,verbalized,bge-m3,835c81a7-24b9-4d24-b974-a7687e46e803,12,22,tool,,,,,,,0,0
qwen32B-int4_telecom_50runs,verbalized,bge-m3,835c81a7-24b9-4d24-b974-a7687e46e803,13,22,user,,,,,,,0,0
qwen32B-int4_telecom_50runs,verbalized,bge-m3,835c81a7-24b9-4d24-b974-a7687e46e803,14,22,tool,,,,,,,0,0
qwen32B-int4_telecom_50runs,verbalized,bge-m3,835c81a7-24b9-4d24-b974-a7687e46e803,15,22,user,,,,,,,0,0
qwen32B-int4_telecom_50runs,verbalized,bge-m3,835c81a7-24b9-4d24-b974-a7687e46e803,16,22,agent,,,,0.420529842376709,0.006325751543045044,,0,0
qwen32B-int4_telecom_50runs,verbalized,bge-m3,835c81a7-24b9-4d24-b974-a7687e46e803,17,22,user,,,,,,0.4272269606590271,0,0
qwen32B-int4_telecom_50runs,verbalized,bge-m3,835c81a7-24b9-4d24-b974-a7687e46e803,18,22,tool,,,,,,,0,0
qwen32B-int4_telecom_50runs,verbalized,bge-m3,835c81a7-24b9-4d24-b974-a7687e46e803,19,22,user,,,,,,,0,0
qwen32B-int4_telecom_50runs,verbalized,bge-m3,835c81a7-24b9-4d24-b974-a7687e46e803,20,22,agent,0.43844741582870483,0.1111111111111111,0.0,,,,0,0
qwen32B-int4_telecom_50runs,verbalized,bge-m3,835c81a7-24b9-4d24-b974-a7687e46e803,21,22,user,,,,,,0.3605306148529053,0,0
qwen32B-int4_telecom_50runs,verbalized,bge-m3,4197bd3d-a4d3-4761-90cc-5e54c845bf93,0,28,agent,,,,,,,0,0
qwen32B-int4_telecom_50runs,verbalized,bge-m3,4197bd3d-a4d3-4761-90cc-5e54c845bf93,1,28,user,,,,,,0.40217775106430054,0,0
qwen32B-int4_telecom_50runs,verbalized,bge-m3,4197bd3d-a4d3-4761-90cc-5e54c845bf93,2,28,agent,0.5346722602844238,0.07272727272727272,0.0,0.4112338423728943,-0.02833019196987152,,0,0
qwen32B-int4_telecom_50runs,verbalized,bge-m3,4197bd3d-a4d3-4761-90cc-5e54c845bf93,3,28,user,,,,,,0.47366464138031006,0,0
qwen32B-int4_telecom_50runs,verbalized,bge-m3,4197bd3d-a4d3-4761-90cc-5e54c845bf93,4,28,tool,,,,,,,0,0
qwen32B-int4_telecom_50runs,verbalized,bge-m3,4197bd3d-a4d3-4761-90cc-5e54c845bf93,5,28,user,,,,,,,0,0
qwen32B-int4_telecom_50runs,verbalized,bge-m3,4197bd3d-a4d3-4761-90cc-5e54c845bf93,6,28,agent,0.7658597230911255,0.2073170731707317,0.0,0.32515066862106323,-0.08499281108379364,,0,0
qwen32B-int4_telecom_50runs,verbalized,bge-m3,4197bd3d-a4d3-4761-90cc-5e54c845bf93,7,28,user,,,,,,0.42120862007141113,0,0
qwen32B-int4_telecom_50runs,verbalized,bge-m3,4197bd3d-a4d3-4761-90cc-5e54c845bf93,8,28,tool,,,,,,,0,0
qwen32B-int4_telecom_50runs,verbalized,bge-m3,4197bd3d-a4d3-4761-90cc-5e54c845bf93,9,28,user,,,,,,,0,0
qwen32B-int4_telecom_50runs,verbalized,bge-m3,4197bd3d-a4d3-4761-90cc-5e54c845bf93,10,28,agent,0.8837264776229858,0.3728813559322034,0.0,0.2305142879486084,-0.21881455183029175,,0,0
qwen32B-int4_telecom_50runs,verbalized,bge-m3,4197bd3d-a4d3-4761-90cc-5e54c845bf93,11,28,user,,,,,,0.412095308303833,0,0
qwen32B-int4_telecom_50runs,verbalized,bge-m3,4197bd3d-a4d3-4761-90cc-5e54c845bf93,12,28,tool,,,,,,,0,0
qwen32B-int4_telecom_50runs,verbalized,bge-m3,4197bd3d-a4d3-4761-90cc-5e54c845bf93,13,28,user,,,,,,,0,0
qwen32B-int4_telecom_50runs,verbalized,bge-m3,4197bd3d-a4d3-4761-90cc-5e54c845bf93,14,28,agent,0.8041121959686279,0.25806451612903225,0.0,0.33371269702911377,-0.10669676214456558,,0,0
qwen32B-int4_telecom_50runs,verbalized,bge-m3,4197bd3d-a4d3-4761-90cc-5e54c845bf93,15,28,user,,,,,,0.44233793020248413,0,0
qwen32B-int4_telecom_50runs,verbalized,bge-m3,4197bd3d-a4d3-4761-90cc-5e54c845bf93,16,28,tool,,,,,,,0,0
qwen32B-int4_telecom_50runs,verbalized,bge-m3,4197bd3d-a4d3-4761-90cc-5e54c845bf93,17,28,user,,,,,,,0,0
qwen32B-int4_telecom_50runs,verbalized,bge-m3,4197bd3d-a4d3-4761-90cc-5e54c845bf93,18,28,agent,0.7308390140533447,0.15730337078651685,0.0,,,,0,0
qwen32B-int4_telecom_50runs,verbalized,bge-m3,4197bd3d-a4d3-4761-90cc-5e54c845bf93,19,28,user,,,,,,0.23218387365341187,0,0
qwen32B-int4_telecom_50runs,verbalized,bge-m3,4197bd3d-a4d3-4761-90cc-5e54c845bf93,20,28,agent,0.9345537424087524,0.5,0.0,,,,0,0
qwen32B-int4_telecom_50runs,verbalized,bge-m3,4197bd3d-a4d3-4761-90cc-5e54c845bf93,21,28,user,,,,,,0.19738829135894775,0,0
qwen32B-int4_telecom_50runs,verbalized,bge-m3,4197bd3d-a4d3-4761-90cc-5e54c845bf93,22,28,agent,0.9255619049072266,0.46987951807228917,0.0,,,,0,0
qwen32B-int4_telecom_50runs,verbalized,bge-m3,4197bd3d-a4d3-4761-90cc-5e54c845bf93,23,28,user,,,,,,0.3010671138763428,0,0
qwen32B-int4_telecom_50runs,verbalized,bge-m3,4197bd3d-a4d3-4761-90cc-5e54c845bf93,24,28,agent,0.716019868850708,0.23076923076923078,0.0,0.5425690710544586,0.009392216801643372,,0,0
qwen32B-int4_telecom_50runs,verbalized,bge-m3,4197bd3d-a4d3-4761-90cc-5e54c845bf93,25,28,tool,,,,,,,0,0
qwen32B-int4_telecom_50runs,verbalized,bge-m3,4197bd3d-a4d3-4761-90cc-5e54c845bf93,26,28,agent,0.5620774030685425,0.1282051282051282,0.0,,,,0,0
qwen32B-int4_telecom_50runs,verbalized,bge-m3,4197bd3d-a4d3-4761-90cc-5e54c845bf93,27,28,user,,,,,,0.3656492233276367,0,0
qwen32B-int4_telecom_50runs,verbalized,bge-m3,c72b1e17-d52e-47c7-893c-6cf76a2f54f3,0,30,agent,,,,,,,0,1
qwen32B-int4_telecom_50runs,verbalized,bge-m3,c72b1e17-d52e-47c7-893c-6cf76a2f54f3,1,30,user,,,,,,0.40217792987823486,0,1
qwen32B-int4_telecom_50runs,verbalized,bge-m3,c72b1e17-d52e-47c7-893c-6cf76a2f54f3,2,30,agent,0.5338687896728516,0.0784313725490196,0.0,0.37480759620666504,-0.03816989660263059,,0,1
qwen32B-int4_telecom_50runs,verbalized,bge-m3,c72b1e17-d52e-47c7-893c-6cf76a2f54f3,3,30,user,,,,,,0.4281530976295471,0,1
qwen32B-int4_telecom_50runs,verbalized,bge-m3,c72b1e17-d52e-47c7-893c-6cf76a2f54f3,4,30,tool,,,,,,,0,1
qwen32B-int4_telecom_50runs,verbalized,bge-m3,c72b1e17-d52e-47c7-893c-6cf76a2f54f3,5,30,user,,,,,,,0,1
qwen32B-int4_telecom_50runs,verbalized,bge-m3,c72b1e17-d52e-47c7-893c-6cf76a2f54f3,6,30,agent,0.7356798052787781,0.1566265060240964,0.0,0.274486243724823,-0.18922266364097595,,0,1
qwen32B-int4_telecom_50runs,verbalized,bge-m3,c72b1e17-d52e-47c7-893c-6cf76a2f54f3,7,30,user,,,,,,0.4424058794975281,0,1
qwen32B-int4_telecom_50runs,verbalized,bge-m3,c72b1e17-d52e-47c7-893c-6cf76a2f54f3,8,30,tool,,,,,,,0,1
qwen32B-int4_telecom_50runs,verbalized,bge-m3,c72b1e17-d52e-47c7-893c-6cf76a2f54f3,9,30,user,,,,,,,0,1
qwen32B-int4_telecom_50runs,verbalized,bge-m3,c72b1e17-d52e-47c7-893c-6cf76a2f54f3,10,30,agent,0.6583988070487976,0.15789473684210525,0.0,0.2885262370109558,-0.1744134843349457,,0,1
qwen32B-int4_telecom_50runs,verbalized,bge-m3,c72b1e17-d52e-47c7-893c-6cf76a2f54f3,11,30,user,,,,,,0.43916451930999756,0,1
qwen32B-int4_telecom_50runs,verbalized,bge-m3,c72b1e17-d52e-47c7-893c-6cf76a2f54f3,12,30,tool,,,,,,,0,1
qwen32B-int4_telecom_50runs,verbalized,bge-m3,c72b1e17-d52e-47c7-893c-6cf76a2f54f3,13,30,user,,,,,,,0,1
qwen32B-int4_telecom_50runs,verbalized,bge-m3,c72b1e17-d52e-47c7-893c-6cf76a2f54f3,14,30,tool,,,,,,,0,1
qwen32B-int4_telecom_50runs,verbalized,bge-m3,c72b1e17-d52e-47c7-893c-6cf76a2f54f3,15,30,user,,,,,,,0,1
qwen32B-int4_telecom_50runs,verbalized,bge-m3,c72b1e17-d52e-47c7-893c-6cf76a2f54f3,16,30,agent,,,,0.3051189184188843,-0.13589375615119936,,0,1
qwen32B-int4_telecom_50runs,verbalized,bge-m3,c72b1e17-d52e-47c7-893c-6cf76a2f54f3,17,30,user,,,,,,0.5716939270496368,0,1
qwen32B-int4_telecom_50runs,verbalized,bge-m3,c72b1e17-d52e-47c7-893c-6cf76a2f54f3,18,30,tool,,,,,,,0,1
qwen32B-int4_telecom_50runs,verbalized,bge-m3,c72b1e17-d52e-47c7-893c-6cf76a2f54f3,19,30,user,,,,,,,0,1
qwen32B-int4_telecom_50runs,verbalized,bge-m3,c72b1e17-d52e-47c7-893c-6cf76a2f54f3,20,30,tool,,,,,,,0,1
qwen32B-int4_telecom_50runs,verbalized,bge-m3,c72b1e17-d52e-47c7-893c-6cf76a2f54f3,21,30,user,,,,,,,0,1
qwen32B-int4_telecom_50runs,verbalized,bge-m3,c72b1e17-d52e-47c7-893c-6cf76a2f54f3,22,30,agent,,,,0.3370029926300049,-0.10243531465530398,,0,1
qwen32B-int4_telecom_50runs,verbalized,bge-m3,c72b1e17-d52e-47c7-893c-6cf76a2f54f3,23,30,user,,,,,,0.361147403717041,0,1
qwen32B-int4_telecom_50runs,verbalized,bge-m3,c72b1e17-d52e-47c7-893c-6cf76a2f54f3,24,30,tool,,,,,,,0,1
qwen32B-int4_telecom_50runs,verbalized,bge-m3,c72b1e17-d52e-47c7-893c-6cf76a2f54f3,25,30,user,,,,,,,0,1
qwen32B-int4_telecom_50runs,verbalized,bge-m3,c72b1e17-d52e-47c7-893c-6cf76a2f54f3,26,30,agent,0.7231597900390625,0.10975609756097561,0.0,0.5274363458156586,0.1708038032054901,,0,1
qwen32B-int4_telecom_50runs,verbalized,bge-m3,c72b1e17-d52e-47c7-893c-6cf76a2f54f3,27,30,tool,,,,,,,0,1
qwen32B-int4_telecom_50runs,verbalized,bge-m3,c72b1e17-d52e-47c7-893c-6cf76a2f54f3,28,30,agent,0.5825327634811401,0.0,0.0,,,,0,1
qwen32B-int4_telecom_50runs,verbalized,bge-m3,c72b1e17-d52e-47c7-893c-6cf76a2f54f3,29,30,user,,,,,,0.36564916372299194,0,1
qwen32B-int4_telecom_50runs,verbalized,bge-m3,34f8384f-bcbf-4b36-a8c6-a3e0ab4334aa,0,24,agent,,,,,,,0,0
qwen32B-int4_telecom_50runs,verbalized,bge-m3,34f8384f-bcbf-4b36-a8c6-a3e0ab4334aa,1,24,user,,,,,,0.3975129723548889,0,0
qwen32B-int4_telecom_50runs,verbalized,bge-m3,34f8384f-bcbf-4b36-a8c6-a3e0ab4334aa,2,24,agent,0.5346721410751343,0.07272727272727272,0.0,0.40052008628845215,-0.02039024978876114,,0,0
qwen32B-int4_telecom_50runs,verbalized,bge-m3,34f8384f-bcbf-4b36-a8c6-a3e0ab4334aa,3,24,user,,,,,,0.48262715339660645,0,0
qwen32B-int4_telecom_50runs,verbalized,bge-m3,34f8384f-bcbf-4b36-a8c6-a3e0ab4334aa,4,24,tool,,,,,,,0,0
qwen32B-int4_telecom_50runs,verbalized,bge-m3,34f8384f-bcbf-4b36-a8c6-a3e0ab4334aa,5,24,user,,,,,,,0,0
qwen32B-int4_telecom_50runs,verbalized,bge-m3,34f8384f-bcbf-4b36-a8c6-a3e0ab4334aa,6,24,agent,0.7736573815345764,0.18072289156626506,0.0,0.28877729177474976,-0.14665289968252182,,0,0
qwen32B-int4_telecom_50runs,verbalized,bge-m3,34f8384f-bcbf-4b36-a8c6-a3e0ab4334aa,7,24,user,,,,,,0.46413707733154297,0,0
qwen32B-int4_telecom_50runs,verbalized,bge-m3,34f8384f-bcbf-4b36-a8c6-a3e0ab4334aa,8,24,tool,,,,,,,0,0
qwen32B-int4_telecom_50runs,verbalized,bge-m3,34f8384f-bcbf-4b36-a8c6-a3e0ab4334aa,9,24,user,,,,,,,0,0
qwen32B-int4_telecom_50runs,verbalized,bge-m3,34f8384f-bcbf-4b36-a8c6-a3e0ab4334aa,10,24,agent,0.5964858531951904,0.15584415584415584,0.0,0.4529876708984375,-0.10677801817655563,,0,0
qwen32B-int4_telecom_50runs,verbalized,bge-m3,34f8384f-bcbf-4b36-a8c6-a3e0ab4334aa,11,24,user,,,,,,0.38046616315841675,0,0
qwen32B-int4_telecom_50runs,verbalized,bge-m3,34f8384f-bcbf-4b36-a8c6-a3e0ab4334aa,12,24,tool,,,,,,,0,0
qwen32B-int4_telecom_50runs,verbalized,bge-m3,34f8384f-bcbf-4b36-a8c6-a3e0ab4334aa,13,24,user,,,,,,,0,0
qwen32B-int4_telecom_50runs,verbalized,bge-m3,34f8384f-bcbf-4b36-a8c6-a3e0ab4334aa,14,24,agent,0.53507000207901,0.17105263157894737,0.0,0.2267569899559021,-0.310245618224144,,0,0
qwen32B-int4_telecom_50runs,verbalized,bge-m3,34f8384f-bcbf-4b36-a8c6-a3e0ab4334aa,15,24,user,,,,,,0.1642182469367981,0,0
qwen32B-int4_telecom_50runs,verbalized,bge-m3,34f8384f-bcbf-4b36-a8c6-a3e0ab4334aa,16,24,tool,,,,,,,0,0
qwen32B-int4_telecom_50runs,verbalized,bge-m3,34f8384f-bcbf-4b36-a8c6-a3e0ab4334aa,17,24,user,,,,,,,0,0
qwen32B-int4_telecom_50runs,verbalized,bge-m3,34f8384f-bcbf-4b36-a8c6-a3e0ab4334aa,18,24,agent,0.9176728129386902,0.25609756097560976,0.0,,,,0,0
qwen32B-int4_telecom_50runs,verbalized,bge-m3,34f8384f-bcbf-4b36-a8c6-a3e0ab4334aa,19,24,user,,,,,,0.34976792335510254,0,0
qwen32B-int4_telecom_50runs,verbalized,bge-m3,34f8384f-bcbf-4b36-a8c6-a3e0ab4334aa,20,24,agent,0.8027031421661377,0.2,0.0,0.5297416746616364,0.057291947305202484,,0,0
qwen32B-int4_telecom_50runs,verbalized,bge-m3,34f8384f-bcbf-4b36-a8c6-a3e0ab4334aa,21,24,tool,,,,,,,0,0
qwen32B-int4_telecom_50runs,verbalized,bge-m3,34f8384f-bcbf-4b36-a8c6-a3e0ab4334aa,22,24,agent,0.60897296667099,0.1,0.0,,,,0,0
qwen32B-int4_telecom_50runs,verbalized,bge-m3,34f8384f-bcbf-4b36-a8c6-a3e0ab4334aa,23,24,user,,,,,,0.3656492233276367,0,0
qwen32B-int4_telecom_50runs,verbalized,bge-m3,6bf35b88-2999-43fc-b122-7bd2bbda3013,0,30,agent,,,,,,,0,0
qwen32B-int4_telecom_50runs,verbalized,bge-m3,6bf35b88-2999-43fc-b122-7bd2bbda3013,1,30,user,,,,,,0.3975129723548889,0,0
qwen32B-int4_telecom_50runs,verbalized,bge-m3,6bf35b88-2999-43fc-b122-7bd2bbda3013,2,30,agent,0.5346721410751343,0.07272727272727272,0.0,0.4112340211868286,-0.03236370682716372,,0,0
qwen32B-int4_telecom_50runs,verbalized,bge-m3,6bf35b88-2999-43fc-b122-7bd2bbda3013,3,30,user,,,,,,0.4764927625656128,0,0
qwen32B-int4_telecom_50runs,verbalized,bge-m3,6bf35b88-2999-43fc-b122-7bd2bbda3013,4,30,tool,,,,,,,0,0
qwen32B-int4_telecom_50runs,verbalized,bge-m3,6bf35b88-2999-43fc-b122-7bd2bbda3013,5,30,user,,,,,,,0,0
qwen32B-int4_telecom_50runs,verbalized,bge-m3,6bf35b88-2999-43fc-b122-7bd2bbda3013,6,30,agent,0.7956424951553345,0.21176470588235294,0.0,0.30351006984710693,-0.10191465616226197,,0,0
qwen32B-int4_telecom_50runs,verbalized,bge-m3,6bf35b88-2999-43fc-b122-7bd2bbda3013,7,30,user,,,,,,0.4329913854598999,0,0
qwen32B-int4_telecom_50runs,verbalized,bge-m3,6bf35b88-2999-43fc-b122-7bd2bbda3013,8,30,tool,,,,,,,0,0
qwen32B-int4_telecom_50runs,verbalized,bge-m3,6bf35b88-2999-43fc-b122-7bd2bbda3013,9,30,user,,,,,,,0,0
qwen32B-int4_telecom_50runs,verbalized,bge-m3,6bf35b88-2999-43fc-b122-7bd2bbda3013,10,30,agent,0.8824231624603271,0.39705882352941174,0.0,0.24879425764083862,-0.18498908877372744,,0,0
qwen32B-int4_telecom_50runs,verbalized,bge-m3,6bf35b88-2999-43fc-b122-7bd2bbda3013,11,30,user,,,,,,0.42860960960388184,0,0
qwen32B-int4_telecom_50runs,verbalized,bge-m3,6bf35b88-2999-43fc-b122-7bd2bbda3013,12,30,tool,,,,,,,0,0
qwen32B-int4_telecom_50runs,verbalized,bge-m3,6bf35b88-2999-43fc-b122-7bd2bbda3013,13,30,user,,,,,,,0,0
qwen32B-int4_telecom_50runs,verbalized,bge-m3,6bf35b88-2999-43fc-b122-7bd2bbda3013,14,30,agent,0.8188761472702026,0.25333333333333335,0.0,0.33022207021713257,-0.08347978591918948,,0,0
qwen32B-int4_telecom_50runs,verbalized,bge-m3,6bf35b88-2999-43fc-b122-7bd2bbda3013,15,30,user,,,,,,0.4317705035209656,0,0
qwen32B-int4_telecom_50runs,verbalized,bge-m3,6bf35b88-2999-43fc-b122-7bd2bbda3013,16,30,tool,,,,,,,0,0
qwen32B-int4_telecom_50runs,verbalized,bge-m3,6bf35b88-2999-43fc-b122-7bd2bbda3013,17,30,user,,,,,,,0,0
qwen32B-int4_telecom_50runs,verbalized,bge-m3,6bf35b88-2999-43fc-b122-7bd2bbda3013,18,30,agent,0.701149582862854,0.14814814814814814,0.0,,,,0,0
qwen32B-int4_telecom_50runs,verbalized,bge-m3,6bf35b88-2999-43fc-b122-7bd2bbda3013,19,30,user,,,,,,0.17515385150909424,0,0
qwen32B-int4_telecom_50runs,verbalized,bge-m3,6bf35b88-2999-43fc-b122-7bd2bbda3013,20,30,agent,0.8298205733299255,0.1791044776119403,0.0,0.28267937898635864,-0.184903210401535,,0,0
qwen32B-int4_telecom_50runs,verbalized,bge-m3,6bf35b88-2999-43fc-b122-7bd2bbda3013,21,30,user,,,,,,0.4651544690132141,0,0
qwen32B-int4_telecom_50runs,verbalized,bge-m3,6bf35b88-2999-43fc-b122-7bd2bbda3013,22,30,tool,,,,,,,0,0
qwen32B-int4_telecom_50runs,verbalized,bge-m3,6bf35b88-2999-43fc-b122-7bd2bbda3013,23,30,user,,,,,,,0,0
qwen32B-int4_telecom_50runs,verbalized,bge-m3,6bf35b88-2999-43fc-b122-7bd2bbda3013,24,30,agent,0.8031419515609741,0.13846153846153847,0.0,,,,0,0
qwen32B-int4_telecom_50runs,verbalized,bge-m3,6bf35b88-2999-43fc-b122-7bd2bbda3013,25,30,user,,,,,,0.3060700297355652,0,0
qwen32B-int4_telecom_50runs,verbalized,bge-m3,6bf35b88-2999-43fc-b122-7bd2bbda3013,26,30,agent,0.7675197124481201,0.20689655172413793,0.0,0.5264053046703339,0.0888570725917816,,0,0
qwen32B-int4_telecom_50runs,verbalized,bge-m3,6bf35b88-2999-43fc-b122-7bd2bbda3013,27,30,tool,,,,,,,0,0
qwen32B-int4_telecom_50runs,verbalized,bge-m3,6bf35b88-2999-43fc-b122-7bd2bbda3013,28,30,agent,0.6063116192817688,0.10256410256410256,0.0,,,,0,0
qwen32B-int4_telecom_50runs,verbalized,bge-m3,6bf35b88-2999-43fc-b122-7bd2bbda3013,29,30,user,,,,,,0.3656492233276367,0,0
qwen32B-int4_telecom_50runs,verbalized,bge-m3,3b5147ed-104d-41a5-90d2-444b9850612d,0,62,agent,,,,,,,0,0
qwen32B-int4_telecom_50runs,verbalized,bge-m3,3b5147ed-104d-41a5-90d2-444b9850612d,1,62,user,,,,,,0.39751291275024414,0,0
qwen32B-int4_telecom_50runs,verbalized,bge-m3,3b5147ed-104d-41a5-90d2-444b9850612d,2,62,agent,0.5346720218658447,0.07272727272727272,0.0,0.41123390197753906,-0.03765646048954557,,0,0
qwen32B-int4_telecom_50runs,verbalized,bge-m3,3b5147ed-104d-41a5-90d2-444b9850612d,3,62,user,,,,,,0.4704861640930176,0,0
qwen32B-int4_telecom_50runs,verbalized,bge-m3,3b5147ed-104d-41a5-90d2-444b9850612d,4,62,tool,,,,,,,0,0
qwen32B-int4_telecom_50runs,verbalized,bge-m3,3b5147ed-104d-41a5-90d2-444b9850612d,5,62,user,,,,,,,0,0
qwen32B-int4_telecom_50runs,verbalized,bge-m3,3b5147ed-104d-41a5-90d2-444b9850612d,6,62,agent,0.7956427335739136,0.21176470588235294,0.0,0.30351001024246216,-0.11371482908725739,,0,0
qwen32B-int4_telecom_50runs,verbalized,bge-m3,3b5147ed-104d-41a5-90d2-444b9850612d,7,62,user,,,,,,0.41881263256073,0,0
qwen32B-int4_telecom_50runs,verbalized,bge-m3,3b5147ed-104d-41a5-90d2-444b9850612d,8,62,tool,,,,,,,0,0
qwen32B-int4_telecom_50runs,verbalized,bge-m3,3b5147ed-104d-41a5-90d2-444b9850612d,9,62,user,,,,,,,0,0
qwen32B-int4_telecom_50runs,verbalized,bge-m3,3b5147ed-104d-41a5-90d2-444b9850612d,10,62,agent,0.8824231624603271,0.39705882352941174,0.0,0.24879419803619385,-0.1939279351915632,,0,0
qwen32B-int4_telecom_50runs,verbalized,bge-m3,3b5147ed-104d-41a5-90d2-444b9850612d,11,62,user,,,,,,0.4142751097679138,0,0
qwen32B-int4_telecom_50runs,verbalized,bge-m3,3b5147ed-104d-41a5-90d2-444b9850612d,12,62,tool,,,,,,,0,0
qwen32B-int4_telecom_50runs,verbalized,bge-m3,3b5147ed-104d-41a5-90d2-444b9850612d,13,62,user,,,,,,,0,0
qwen32B-int4_telecom_50runs,verbalized,bge-m3,3b5147ed-104d-41a5-90d2-444b9850612d,14,62,agent,0.818875789642334,0.25333333333333335,0.0,0.3343731164932251,-0.12911508338791983,,0,0
qwen32B-int4_telecom_50runs,verbalized,bge-m3,3b5147ed-104d-41a5-90d2-444b9850612d,15,62,user,,,,,,0.43296563625335693,0,0
qwen32B-int4_telecom_50runs,verbalized,bge-m3,3b5147ed-104d-41a5-90d2-444b9850612d,16,62,tool,,,,,,,0,0
qwen32B-int4_telecom_50runs,verbalized,bge-m3,3b5147ed-104d-41a5-90d2-444b9850612d,17,62,user,,,,,,,0,0
qwen32B-int4_telecom_50runs,verbalized,bge-m3,3b5147ed-104d-41a5-90d2-444b9850612d,18,62,agent,0.7871689796447754,0.25,0.0,0.2874816060066223,-0.16991898843220304,,0,0
qwen32B-int4_telecom_50runs,verbalized,bge-m3,3b5147ed-104d-41a5-90d2-444b9850612d,19,62,user,,,,,,0.4273707866668701,0,0
qwen32B-int4_telecom_50runs,verbalized,bge-m3,3b5147ed-104d-41a5-90d2-444b9850612d,20,62,tool,,,,,,,0,0
qwen32B-int4_telecom_50runs,verbalized,bge-m3,3b5147ed-104d-41a5-90d2-444b9850612d,21,62,user,,,,,,,0,0
qwen32B-int4_telecom_50runs,verbalized,bge-m3,3b5147ed-104d-41a5-90d2-444b9850612d,22,62,agent,0.7925281524658203,0.25,0.0,0.4126858711242676,-0.05113161887441364,,0,0
qwen32B-int4_telecom_50runs,verbalized,bge-m3,3b5147ed-104d-41a5-90d2-444b9850612d,23,62,user,,,,,,0.4566943049430847,0,0
qwen32B-int4_telecom_50runs,verbalized,bge-m3,3b5147ed-104d-41a5-90d2-444b9850612d,24,62,tool,,,,,,,0,0
qwen32B-int4_telecom_50runs,verbalized,bge-m3,3b5147ed-104d-41a5-90d2-444b9850612d,25,62,user,,,,,,,0,0
qwen32B-int4_telecom_50runs,verbalized,bge-m3,3b5147ed-104d-41a5-90d2-444b9850612d,26,62,agent,0.8506965637207031,0.22666666666666666,0.0,0.3485094904899597,-0.15616925060749054,,0,0
qwen32B-int4_telecom_50runs,verbalized,bge-m3,3b5147ed-104d-41a5-90d2-444b9850612d,27,62,user,,,,,,0.42399853467941284,0,0
qwen32B-int4_telecom_50runs,verbalized,bge-m3,3b5147ed-104d-41a5-90d2-444b9850612d,28,62,tool,,,,,,,0,0
qwen32B-int4_telecom_50runs,verbalized,bge-m3,3b5147ed-104d-41a5-90d2-444b9850612d,29,62,user,,,,,,,0,0
qwen32B-int4_telecom_50runs,verbalized,bge-m3,3b5147ed-104d-41a5-90d2-444b9850612d,30,62,tool,,,,,,,0,0
qwen32B-int4_telecom_50runs,verbalized,bge-m3,3b5147ed-104d-41a5-90d2-444b9850612d,31,62,user,,,,,,,0,0
qwen32B-int4_telecom_50runs,verbalized,bge-m3,3b5147ed-104d-41a5-90d2-444b9850612d,32,62,agent,,,,,,,0,0
qwen32B-int4_telecom_50runs,verbalized,bge-m3,3b5147ed-104d-41a5-90d2-444b9850612d,33,62,user,,,,,,0.3633617162704468,0,0
qwen32B-int4_telecom_50runs,verbalized,bge-m3,3b5147ed-104d-41a5-90d2-444b9850612d,34,62,agent,0.5213910937309265,0.01639344262295082,0.0,0.38199061155319214,-0.13633383597646442,,0,0
qwen32B-int4_telecom_50runs,verbalized,bge-m3,3b5147ed-104d-41a5-90d2-444b9850612d,35,62,tool,,,,,,,0,0
qwen32B-int4_telecom_50runs,verbalized,bge-m3,3b5147ed-104d-41a5-90d2-444b9850612d,36,62,agent,0.690316915512085,0.2916666666666667,0.0,,,,0,0
qwen32B-int4_telecom_50runs,verbalized,bge-m3,3b5147ed-104d-41a5-90d2-444b9850612d,37,62,user,,,,,,0.17383956909179688,0,0
qwen32B-int4_telecom_50runs,verbalized,bge-m3,3b5147ed-104d-41a5-90d2-444b9850612d,38,62,agent,0.808924674987793,0.4375,0.0,0.45777761936187744,-0.08725002195153919,,0,0
qwen32B-int4_telecom_50runs,verbalized,bge-m3,3b5147ed-104d-41a5-90d2-444b9850612d,39,62,tool,,,,,,,0,0
qwen32B-int4_telecom_50runs,verbalized,bge-m3,3b5147ed-104d-41a5-90d2-444b9850612d,40,62,agent,0.9890207648277283,0.6666666666666666,0.0,0.45740073919296265,-0.07697038565363201,,0,0
qwen32B-int4_telecom_50runs,verbalized,bge-m3,3b5147ed-104d-41a5-90d2-444b9850612d,41,62,tool,,,,,,,0,0
qwen32B-int4_telecom_50runs,verbalized,bge-m3,3b5147ed-104d-41a5-90d2-444b9850612d,42,62,agent,0.4471833109855652,0.034482758620689655,0.0,,,,0,0
qwen32B-int4_telecom_50runs,verbalized,bge-m3,3b5147ed-104d-41a5-90d2-444b9850612d,43,62,user,,,,,,0.48680514097213745,0,0
qwen32B-int4_telecom_50runs,verbalized,bge-m3,3b5147ed-104d-41a5-90d2-444b9850612d,44,62,agent,0.8520516157150269,0.5,0.0,0.38699692487716675,-0.12540046657834736,,0,0
qwen32B-int4_telecom_50runs,verbalized,bge-m3,3b5147ed-104d-41a5-90d2-444b9850612d,45,62,tool,,,,,,,0,0
qwen32B-int4_telecom_50runs,verbalized,bge-m3,3b5147ed-104d-41a5-90d2-444b9850612d,46,62,agent,0.6717456579208374,0.3333333333333333,0.0,,,,0,0
qwen32B-int4_telecom_50runs,verbalized,bge-m3,3b5147ed-104d-41a5-90d2-444b9850612d,47,62,user,,,,,,0.2738609313964844,0,0
qwen32B-int4_telecom_50runs,verbalized,bge-m3,3b5147ed-104d-41a5-90d2-444b9850612d,48,62,agent,0.9045345187187195,0.6,0.0,0.31351953744888306,-0.20951565248625614,,0,0
qwen32B-int4_telecom_50runs,verbalized,bge-m3,3b5147ed-104d-41a5-90d2-444b9850612d,49,62,tool,,,,,,,0,0
qwen32B-int4_telecom_50runs,verbalized,bge-m3,3b5147ed-104d-41a5-90d2-444b9850612d,50,62,agent,0.8636398315429688,0.3888888888888889,0.0,0.32204335927963257,-0.19055985340050285,,0,0
qwen32B-int4_telecom_50runs,verbalized,bge-m3,3b5147ed-104d-41a5-90d2-444b9850612d,51,62,user,,,,,,0.4390357732772827,0,0
qwen32B-int4_telecom_50runs,verbalized,bge-m3,3b5147ed-104d-41a5-90d2-444b9850612d,52,62,tool,,,,,,,0,0
qwen32B-int4_telecom_50runs,verbalized,bge-m3,3b5147ed-104d-41a5-90d2-444b9850612d,53,62,user,,,,,,,0,0
qwen32B-int4_telecom_50runs,verbalized,bge-m3,3b5147ed-104d-41a5-90d2-444b9850612d,54,62,agent,0.5460195541381836,0.0,0.0,0.3640267252922058,-0.1489664358752114,,0,0
qwen32B-int4_telecom_50runs,verbalized,bge-m3,3b5147ed-104d-41a5-90d2-444b9850612d,55,62,tool,,,,,,,0,0
qwen32B-int4_telecom_50runs,verbalized,bge-m3,3b5147ed-104d-41a5-90d2-444b9850612d,56,62,agent,0.5204803347587585,0.0,0.0,0.2787638306617737,-0.1433956686939512,,0,0
qwen32B-int4_telecom_50runs,verbalized,bge-m3,3b5147ed-104d-41a5-90d2-444b9850612d,57,62,user,,,,,,0.4851248264312744,0,0
qwen32B-int4_telecom_50runs,verbalized,bge-m3,3b5147ed-104d-41a5-90d2-444b9850612d,58,62,tool,,,,,,,0,0
qwen32B-int4_telecom_50runs,verbalized,bge-m3,3b5147ed-104d-41a5-90d2-444b9850612d,59,62,user,,,,,,,0,0
qwen32B-int4_telecom_50runs,verbalized,bge-m3,3b5147ed-104d-41a5-90d2-444b9850612d,60,62,agent,0.6489790081977844,0.18461538461538463,0.0,,,,0,0
qwen32B-int4_telecom_50runs,verbalized,bge-m3,3b5147ed-104d-41a5-90d2-444b9850612d,61,62,user,,,,,,0.5557072758674622,0,0
qwen32B-int4_telecom_50runs,verbalized,bge-m3,4adf12e3-623c-48d3-ad7b-9a26aa835def,0,60,agent,,,,,,,0,1
qwen32B-int4_telecom_50runs,verbalized,bge-m3,4adf12e3-623c-48d3-ad7b-9a26aa835def,1,60,user,,,,,,0.4073111414909363,0,1
qwen32B-int4_telecom_50runs,verbalized,bge-m3,4adf12e3-623c-48d3-ad7b-9a26aa835def,2,60,agent,0.5338687300682068,0.0784313725490196,0.0,0.40082240104675293,-0.044621930672572196,,0,1
qwen32B-int4_telecom_50runs,verbalized,bge-m3,4adf12e3-623c-48d3-ad7b-9a26aa835def,3,60,user,,,,,,0.43552863597869873,0,1
qwen32B-int4_telecom_50runs,verbalized,bge-m3,4adf12e3-623c-48d3-ad7b-9a26aa835def,4,60,tool,,,,,,,0,1
qwen32B-int4_telecom_50runs,verbalized,bge-m3,4adf12e3-623c-48d3-ad7b-9a26aa835def,5,60,user,,,,,,,0,1
qwen32B-int4_telecom_50runs,verbalized,bge-m3,4adf12e3-623c-48d3-ad7b-9a26aa835def,6,60,agent,0.8247076272964478,0.2,0.0,0.3662416338920593,-0.0984394343999716,,0,1
qwen32B-int4_telecom_50runs,verbalized,bge-m3,4adf12e3-623c-48d3-ad7b-9a26aa835def,7,60,user,,,,,,0.4175347685813904,0,1
qwen32B-int4_telecom_50runs,verbalized,bge-m3,4adf12e3-623c-48d3-ad7b-9a26aa835def,8,60,tool,,,,,,,0,1
qwen32B-int4_telecom_50runs,verbalized,bge-m3,4adf12e3-623c-48d3-ad7b-9a26aa835def,9,60,user,,,,,,,0,1
qwen32B-int4_telecom_50runs,verbalized,bge-m3,4adf12e3-623c-48d3-ad7b-9a26aa835def,10,60,agent,0.8866196274757385,0.2361111111111111,0.0,0.3497055768966675,-0.1583910103027637,,0,1
qwen32B-int4_telecom_50runs,verbalized,bge-m3,4adf12e3-623c-48d3-ad7b-9a26aa835def,11,60,user,,,,,,0.40650278329849243,0,1
qwen32B-int4_telecom_50runs,verbalized,bge-m3,4adf12e3-623c-48d3-ad7b-9a26aa835def,12,60,tool,,,,,,,0,1
qwen32B-int4_telecom_50runs,verbalized,bge-m3,4adf12e3-623c-48d3-ad7b-9a26aa835def,13,60,user,,,,,,,0,1
qwen32B-int4_telecom_50runs,verbalized,bge-m3,4adf12e3-623c-48d3-ad7b-9a26aa835def,14,60,agent,0.764587938785553,0.22580645161290322,0.0,0.3071399927139282,-0.154271288559987,,0,1
qwen32B-int4_telecom_50runs,verbalized,bge-m3,4adf12e3-623c-48d3-ad7b-9a26aa835def,15,60,user,,,,,,0.3828510046005249,0,1
qwen32B-int4_telecom_50runs,verbalized,bge-m3,4adf12e3-623c-48d3-ad7b-9a26aa835def,16,60,tool,,,,,,,0,1
qwen32B-int4_telecom_50runs,verbalized,bge-m3,4adf12e3-623c-48d3-ad7b-9a26aa835def,17,60,user,,,,,,,0,1
qwen32B-int4_telecom_50runs,verbalized,bge-m3,4adf12e3-623c-48d3-ad7b-9a26aa835def,18,60,agent,0.7702599763870239,0.26229508196721313,0.0,0.39642536640167236,-0.06601162827931917,,0,1
qwen32B-int4_telecom_50runs,verbalized,bge-m3,4adf12e3-623c-48d3-ad7b-9a26aa835def,19,60,user,,,,,,0.42126190662384033,0,1
qwen32B-int4_telecom_50runs,verbalized,bge-m3,4adf12e3-623c-48d3-ad7b-9a26aa835def,20,60,tool,,,,,,,0,1
qwen32B-int4_telecom_50runs,verbalized,bge-m3,4adf12e3-623c-48d3-ad7b-9a26aa835def,21,60,user,,,,,,,0,1
qwen32B-int4_telecom_50runs,verbalized,bge-m3,4adf12e3-623c-48d3-ad7b-9a26aa835def,22,60,agent,0.8458295464515686,0.234375,0.0,0.2878487706184387,-0.22500785268270052,,0,1
qwen32B-int4_telecom_50runs,verbalized,bge-m3,4adf12e3-623c-48d3-ad7b-9a26aa835def,23,60,user,,,,,,0.3590562343597412,0,1
qwen32B-int4_telecom_50runs,verbalized,bge-m3,4adf12e3-623c-48d3-ad7b-9a26aa835def,24,60,tool,,,,,,,0,1
qwen32B-int4_telecom_50runs,verbalized,bge-m3,4adf12e3-623c-48d3-ad7b-9a26aa835def,25,60,user,,,,,,,0,1
qwen32B-int4_telecom_50runs,verbalized,bge-m3,4adf12e3-623c-48d3-ad7b-9a26aa835def,26,60,agent,0.7629810571670532,0.23728813559322035,0.0,0.43793928623199463,-0.07782145417653596,,0,1
qwen32B-int4_telecom_50runs,verbalized,bge-m3,4adf12e3-623c-48d3-ad7b-9a26aa835def,27,60,user,,,,,,0.45230603218078613,0,1
qwen32B-int4_telecom_50runs,verbalized,bge-m3,4adf12e3-623c-48d3-ad7b-9a26aa835def,28,60,tool,,,,,,,0,1
qwen32B-int4_telecom_50runs,verbalized,bge-m3,4adf12e3-623c-48d3-ad7b-9a26aa835def,29,60,user,,,,,,,0,1
qwen32B-int4_telecom_50runs,verbalized,bge-m3,4adf12e3-623c-48d3-ad7b-9a26aa835def,30,60,agent,0.7200233936309814,0.17142857142857143,0.0,,,,0,1
qwen32B-int4_telecom_50runs,verbalized,bge-m3,4adf12e3-623c-48d3-ad7b-9a26aa835def,31,60,user,,,,,,0.40956544876098633,0,1
qwen32B-int4_telecom_50runs,verbalized,bge-m3,4adf12e3-623c-48d3-ad7b-9a26aa835def,32,60,agent,0.5252305269241333,0.015625,0.0,0.39048391580581665,-0.1515456736087799,,0,1
qwen32B-int4_telecom_50runs,verbalized,bge-m3,4adf12e3-623c-48d3-ad7b-9a26aa835def,33,60,tool,,,,,,,0,1
qwen32B-int4_telecom_50runs,verbalized,bge-m3,4adf12e3-623c-48d3-ad7b-9a26aa835def,34,60,agent,0.6866421699523926,0.3875,0.0,,,,0,1
qwen32B-int4_telecom_50runs,verbalized,bge-m3,4adf12e3-623c-48d3-ad7b-9a26aa835def,35,60,user,,,,,,0.25327926874160767,0,1
qwen32B-int4_telecom_50runs,verbalized,bge-m3,4adf12e3-623c-48d3-ad7b-9a26aa835def,36,60,agent,0.7761713266372681,0.35,0.0,0.45525866746902466,-0.08910125035506034,,0,1
qwen32B-int4_telecom_50runs,verbalized,bge-m3,4adf12e3-623c-48d3-ad7b-9a26aa835def,37,60,tool,,,,,,,0,1
qwen32B-int4_telecom_50runs,verbalized,bge-m3,4adf12e3-623c-48d3-ad7b-9a26aa835def,38,60,tool,,,,,,,0,1
qwen32B-int4_telecom_50runs,verbalized,bge-m3,4adf12e3-623c-48d3-ad7b-9a26aa835def,39,60,tool,,,,,,,0,1
qwen32B-int4_telecom_50runs,verbalized,bge-m3,4adf12e3-623c-48d3-ad7b-9a26aa835def,40,60,agent,0.4661141037940979,0.021739130434782608,0.0,,,,0,1
qwen32B-int4_telecom_50runs,verbalized,bge-m3,4adf12e3-623c-48d3-ad7b-9a26aa835def,41,60,user,,,,,,0.4712386727333069,0,1
qwen32B-int4_telecom_50runs,verbalized,bge-m3,4adf12e3-623c-48d3-ad7b-9a26aa835def,42,60,agent,0.48990800976753235,0.011111111111111112,0.0,0.38937777280807495,-0.1304905575055343,,0,1
qwen32B-int4_telecom_50runs,verbalized,bge-m3,4adf12e3-623c-48d3-ad7b-9a26aa835def,43,60,tool,,,,,,,0,1
qwen32B-int4_telecom_50runs,verbalized,bge-m3,4adf12e3-623c-48d3-ad7b-9a26aa835def,44,60,agent,0.8125349879264832,0.28431372549019607,0.0,,,,0,1
qwen32B-int4_telecom_50runs,verbalized,bge-m3,4adf12e3-623c-48d3-ad7b-9a26aa835def,45,60,user,,,,,,0.33732932806015015,0,1
qwen32B-int4_telecom_50runs,verbalized,bge-m3,4adf12e3-623c-48d3-ad7b-9a26aa835def,46,60,agent,0.8915591835975647,0.6,0.0,0.29376471042633057,-0.2264896860489478,,0,1
qwen32B-int4_telecom_50runs,verbalized,bge-m3,4adf12e3-623c-48d3-ad7b-9a26aa835def,47,60,tool,,,,,,,0,1
qwen32B-int4_telecom_50runs,verbalized,bge-m3,4adf12e3-623c-48d3-ad7b-9a26aa835def,48,60,agent,0.7665163278579712,0.2564102564102564,0.0,0.3480752110481262,-0.15574964193197394,,0,1
qwen32B-int4_telecom_50runs,verbalized,bge-m3,4adf12e3-623c-48d3-ad7b-9a26aa835def,49,60,user,,,,,,0.44353824853897095,0,1
qwen32B-int4_telecom_50runs,verbalized,bge-m3,4adf12e3-623c-48d3-ad7b-9a26aa835def,50,60,tool,,,,,,,0,1
qwen32B-int4_telecom_50runs,verbalized,bge-m3,4adf12e3-623c-48d3-ad7b-9a26aa835def,51,60,user,,,,,,,0,1
qwen32B-int4_telecom_50runs,verbalized,bge-m3,4adf12e3-623c-48d3-ad7b-9a26aa835def,52,60,agent,0.5159847736358643,0.0,0.0,0.36869126558303833,-0.15971650068576515,,0,1
qwen32B-int4_telecom_50runs,verbalized,bge-m3,4adf12e3-623c-48d3-ad7b-9a26aa835def,53,60,tool,,,,,,,0,1
qwen32B-int4_telecom_50runs,verbalized,bge-m3,4adf12e3-623c-48d3-ad7b-9a26aa835def,54,60,agent,0.5161648988723755,0.0,0.0,0.41137170791625977,-0.06897733073968154,,0,1
qwen32B-int4_telecom_50runs,verbalized,bge-m3,4adf12e3-623c-48d3-ad7b-9a26aa835def,55,60,user,,,,,,0.4699263572692871,0,1
qwen32B-int4_telecom_50runs,verbalized,bge-m3,4adf12e3-623c-48d3-ad7b-9a26aa835def,56,60,tool,,,,,,,0,1
qwen32B-int4_telecom_50runs,verbalized,bge-m3,4adf12e3-623c-48d3-ad7b-9a26aa835def,57,60,user,,,,,,,0,1
qwen32B-int4_telecom_50runs,verbalized,bge-m3,4adf12e3-623c-48d3-ad7b-9a26aa835def,58,60,agent,0.6349819898605347,0.14285714285714285,0.0,,,,0,1
qwen32B-int4_telecom_50runs,verbalized,bge-m3,4adf12e3-623c-48d3-ad7b-9a26aa835def,59,60,user,,,,,,0.5375092625617981,0,1
qwen32B-int4_telecom_50runs,verbalized,bge-m3,f1972f18-fde4-4951-8ef6-d576173fcc8a,0,32,agent,,,,,,,0,0
qwen32B-int4_telecom_50runs,verbalized,bge-m3,f1972f18-fde4-4951-8ef6-d576173fcc8a,1,32,user,,,,,,0.40731126070022583,0,0
qwen32B-int4_telecom_50runs,verbalized,bge-m3,f1972f18-fde4-4951-8ef6-d576173fcc8a,2,32,agent,0.5338687896728516,0.0784313725490196,0.0,0.37480759620666504,0.0002962231636047252,,0,0
qwen32B-int4_telecom_50runs,verbalized,bge-m3,f1972f18-fde4-4951-8ef6-d576173fcc8a,3,32,user,,,,,,0.4436032772064209,0,0
qwen32B-int4_telecom_50runs,verbalized,bge-m3,f1972f18-fde4-4951-8ef6-d576173fcc8a,4,32,tool,,,,,,,0,0
qwen32B-int4_telecom_50runs,verbalized,bge-m3,f1972f18-fde4-4951-8ef6-d576173fcc8a,5,32,user,,,,,,,0,0
qwen32B-int4_telecom_50runs,verbalized,bge-m3,f1972f18-fde4-4951-8ef6-d576173fcc8a,6,32,agent,0.7295957207679749,0.19480519480519481,0.0,0.28792983293533325,-0.15996556282043456,,0,0
qwen32B-int4_telecom_50runs,verbalized,bge-m3,f1972f18-fde4-4951-8ef6-d576173fcc8a,7,32,user,,,,,,0.4606579542160034,0,0
qwen32B-int4_telecom_50runs,verbalized,bge-m3,f1972f18-fde4-4951-8ef6-d576173fcc8a,8,32,tool,,,,,,,0,0
qwen32B-int4_telecom_50runs,verbalized,bge-m3,f1972f18-fde4-4951-8ef6-d576173fcc8a,9,32,user,,,,,,,0,0
qwen32B-int4_telecom_50runs,verbalized,bge-m3,f1972f18-fde4-4951-8ef6-d576173fcc8a,10,32,agent,0.6445497274398804,0.2,0.0,,,,0,0
qwen32B-int4_telecom_50runs,verbalized,bge-m3,f1972f18-fde4-4951-8ef6-d576173fcc8a,11,32,user,,,,,,0.471707284450531,0,0
qwen32B-int4_telecom_50runs,verbalized,bge-m3,f1972f18-fde4-4951-8ef6-d576173fcc8a,12,32,agent,0.7366653084754944,0.323943661971831,0.0,0.3266030550003052,-0.12733948826789854,,0,0
qwen32B-int4_telecom_50runs,verbalized,bge-m3,f1972f18-fde4-4951-8ef6-d576173fcc8a,13,32,user,,,,,,0.5503262281417847,0,0
qwen32B-int4_telecom_50runs,verbalized,bge-m3,f1972f18-fde4-4951-8ef6-d576173fcc8a,14,32,tool,,,,,,,0,0
qwen32B-int4_telecom_50runs,verbalized,bge-m3,f1972f18-fde4-4951-8ef6-d576173fcc8a,15,32,user,,,,,,,0,0
qwen32B-int4_telecom_50runs,verbalized,bge-m3,f1972f18-fde4-4951-8ef6-d576173fcc8a,16,32,agent,0.7066367268562317,0.22093023255813954,0.0,0.2885042428970337,-0.1625740587711334,,0,0
qwen32B-int4_telecom_50runs,verbalized,bge-m3,f1972f18-fde4-4951-8ef6-d576173fcc8a,17,32,user,,,,,,0.43192732334136963,0,0
qwen32B-int4_telecom_50runs,verbalized,bge-m3,f1972f18-fde4-4951-8ef6-d576173fcc8a,18,32,tool,,,,,,,0,0
qwen32B-int4_telecom_50runs,verbalized,bge-m3,f1972f18-fde4-4951-8ef6-d576173fcc8a,19,32,user,,,,,,,0,0
qwen32B-int4_telecom_50runs,verbalized,bge-m3,f1972f18-fde4-4951-8ef6-d576173fcc8a,20,32,agent,0.7339866757392883,0.3424657534246575,0.0,0.3616721034049988,-0.06406093239784239,,0,0
qwen32B-int4_telecom_50runs,verbalized,bge-m3,f1972f18-fde4-4951-8ef6-d576173fcc8a,21,32,user,,,,,,0.4057247042655945,0,0
qwen32B-int4_telecom_50runs,verbalized,bge-m3,f1972f18-fde4-4951-8ef6-d576173fcc8a,22,32,tool,,,,,,,0,0
qwen32B-int4_telecom_50runs,verbalized,bge-m3,f1972f18-fde4-4951-8ef6-d576173fcc8a,23,32,user,,,,,,,0,0
qwen32B-int4_telecom_50runs,verbalized,bge-m3,f1972f18-fde4-4951-8ef6-d576173fcc8a,24,32,agent,0.7764367461204529,0.2,0.0,0.33534926176071167,-0.12266220450401305,,0,0
qwen32B-int4_telecom_50runs,verbalized,bge-m3,f1972f18-fde4-4951-8ef6-d576173fcc8a,25,32,user,,,,,,0.4441317319869995,0,0
qwen32B-int4_telecom_50runs,verbalized,bge-m3,f1972f18-fde4-4951-8ef6-d576173fcc8a,26,32,tool,,,,,,,0,0
qwen32B-int4_telecom_50runs,verbalized,bge-m3,f1972f18-fde4-4951-8ef6-d576173fcc8a,27,32,user,,,,,,,0,0
qwen32B-int4_telecom_50runs,verbalized,bge-m3,f1972f18-fde4-4951-8ef6-d576173fcc8a,28,32,tool,,,,,,,0,0
qwen32B-int4_telecom_50runs,verbalized,bge-m3,f1972f18-fde4-4951-8ef6-d576173fcc8a,29,32,user,,,,,,,0,0
qwen32B-int4_telecom_50runs,verbalized,bge-m3,f1972f18-fde4-4951-8ef6-d576173fcc8a,30,32,agent,,,,,,,0,0
qwen32B-int4_telecom_50runs,verbalized,bge-m3,f1972f18-fde4-4951-8ef6-d576173fcc8a,31,32,user,,,,,,0.36819642782211304,0,0
qwen32B-int4_telecom_50runs,verbalized,bge-m3,ded09971-26a1-4368-a380-a0f9cc15ac9f,0,38,agent,,,,,,,0,1
qwen32B-int4_telecom_50runs,verbalized,bge-m3,ded09971-26a1-4368-a380-a0f9cc15ac9f,1,38,user,,,,,,0.40731120109558105,0,1
qwen32B-int4_telecom_50runs,verbalized,bge-m3,ded09971-26a1-4368-a380-a0f9cc15ac9f,2,38,agent,0.5338687300682068,0.0784313725490196,0.0,0.37480753660202026,-0.009127810597419739,,0,1
qwen32B-int4_telecom_50runs,verbalized,bge-m3,ded09971-26a1-4368-a380-a0f9cc15ac9f,3,38,user,,,,,,0.4402569532394409,0,1
qwen32B-int4_telecom_50runs,verbalized,bge-m3,ded09971-26a1-4368-a380-a0f9cc15ac9f,4,38,tool,,,,,,,0,1
qwen32B-int4_telecom_50runs,verbalized,bge-m3,ded09971-26a1-4368-a380-a0f9cc15ac9f,5,38,user,,,,,,,0,1
qwen32B-int4_telecom_50runs,verbalized,bge-m3,ded09971-26a1-4368-a380-a0f9cc15ac9f,6,38,agent,0.7295957803726196,0.19480519480519481,0.0,0.287929892539978,-0.15728193521499634,,0,1
qwen32B-int4_telecom_50runs,verbalized,bge-m3,ded09971-26a1-4368-a380-a0f9cc15ac9f,7,38,user,,,,,,0.4433894157409668,0,1
qwen32B-int4_telecom_50runs,verbalized,bge-m3,ded09971-26a1-4368-a380-a0f9cc15ac9f,8,38,tool,,,,,,,0,1
qwen32B-int4_telecom_50runs,verbalized,bge-m3,ded09971-26a1-4368-a380-a0f9cc15ac9f,9,38,user,,,,,,,0,1
qwen32B-int4_telecom_50runs,verbalized,bge-m3,ded09971-26a1-4368-a380-a0f9cc15ac9f,10,38,agent,0.6445496678352356,0.2,0.0,,,,0,1
qwen32B-int4_telecom_50runs,verbalized,bge-m3,ded09971-26a1-4368-a380-a0f9cc15ac9f,11,38,user,,,,,,0.47170740365982056,0,1
qwen32B-int4_telecom_50runs,verbalized,bge-m3,ded09971-26a1-4368-a380-a0f9cc15ac9f,12,38,agent,0.7366655468940735,0.323943661971831,0.0,0.3266029357910156,-0.1642584502696991,,0,1
qwen32B-int4_telecom_50runs,verbalized,bge-m3,ded09971-26a1-4368-a380-a0f9cc15ac9f,13,38,user,,,,,,0.5428372919559479,0,1
qwen32B-int4_telecom_50runs,verbalized,bge-m3,ded09971-26a1-4368-a380-a0f9cc15ac9f,14,38,tool,,,,,,,0,1
qwen32B-int4_telecom_50runs,verbalized,bge-m3,ded09971-26a1-4368-a380-a0f9cc15ac9f,15,38,user,,,,,,,0,1
qwen32B-int4_telecom_50runs,verbalized,bge-m3,ded09971-26a1-4368-a380-a0f9cc15ac9f,16,38,agent,0.706636905670166,0.22093023255813954,0.0,0.3190542459487915,-0.11774352192878723,,0,1
qwen32B-int4_telecom_50runs,verbalized,bge-m3,ded09971-26a1-4368-a380-a0f9cc15ac9f,17,38,user,,,,,,0.45318448543548584,0,1
qwen32B-int4_telecom_50runs,verbalized,bge-m3,ded09971-26a1-4368-a380-a0f9cc15ac9f,18,38,tool,,,,,,,0,1
qwen32B-int4_telecom_50runs,verbalized,bge-m3,ded09971-26a1-4368-a380-a0f9cc15ac9f,19,38,user,,,,,,,0,1
qwen32B-int4_telecom_50runs,verbalized,bge-m3,ded09971-26a1-4368-a380-a0f9cc15ac9f,20,38,agent,0.7831339240074158,0.2894736842105263,0.0,0.3795779347419739,-0.029128000140190125,,0,1
qwen32B-int4_telecom_50runs,verbalized,bge-m3,ded09971-26a1-4368-a380-a0f9cc15ac9f,21,38,user,,,,,,0.4178222417831421,0,1
qwen32B-int4_telecom_50runs,verbalized,bge-m3,ded09971-26a1-4368-a380-a0f9cc15ac9f,22,38,tool,,,,,,,0,1
qwen32B-int4_telecom_50runs,verbalized,bge-m3,ded09971-26a1-4368-a380-a0f9cc15ac9f,23,38,user,,,,,,,0,1
qwen32B-int4_telecom_50runs,verbalized,bge-m3,ded09971-26a1-4368-a380-a0f9cc15ac9f,24,38,tool,,,,,,,0,1
qwen32B-int4_telecom_50runs,verbalized,bge-m3,ded09971-26a1-4368-a380-a0f9cc15ac9f,25,38,user,,,,,,,0,1
qwen32B-int4_telecom_50runs,verbalized,bge-m3,ded09971-26a1-4368-a380-a0f9cc15ac9f,26,38,agent,,,,,,,0,1
qwen32B-int4_telecom_50runs,verbalized,bge-m3,ded09971-26a1-4368-a380-a0f9cc15ac9f,27,38,user,,,,,,0.2618592381477356,0,1
qwen32B-int4_telecom_50runs,verbalized,bge-m3,ded09971-26a1-4368-a380-a0f9cc15ac9f,28,38,agent,0.9491347074508667,0.5632183908045977,0.0,,,,0,1
qwen32B-int4_telecom_50runs,verbalized,bge-m3,ded09971-26a1-4368-a380-a0f9cc15ac9f,29,38,user,,,,,,0.33550477027893066,0,1
qwen32B-int4_telecom_50runs,verbalized,bge-m3,ded09971-26a1-4368-a380-a0f9cc15ac9f,30,38,agent,0.8615831136703491,0.5714285714285714,0.0,,,,0,1
qwen32B-int4_telecom_50runs,verbalized,bge-m3,ded09971-26a1-4368-a380-a0f9cc15ac9f,31,38,user,,,,,,0.2710791826248169,0,1
qwen32B-int4_telecom_50runs,verbalized,bge-m3,ded09971-26a1-4368-a380-a0f9cc15ac9f,32,38,agent,0.8760086297988892,0.2222222222222222,0.0,,,,0,1
qwen32B-int4_telecom_50runs,verbalized,bge-m3,ded09971-26a1-4368-a380-a0f9cc15ac9f,33,38,user,,,,,,0.23697280883789062,0,1
qwen32B-int4_telecom_50runs,verbalized,bge-m3,ded09971-26a1-4368-a380-a0f9cc15ac9f,34,38,agent,0.9101077318191528,0.4479166666666667,0.0,,,,0,1
qwen32B-int4_telecom_50runs,verbalized,bge-m3,ded09971-26a1-4368-a380-a0f9cc15ac9f,35,38,user,,,,,,0.17294859886169434,0,1
qwen32B-int4_telecom_50runs,verbalized,bge-m3,ded09971-26a1-4368-a380-a0f9cc15ac9f,36,38,agent,0.7350065112113953,0.2,0.0,,,,0,1
qwen32B-int4_telecom_50runs,verbalized,bge-m3,ded09971-26a1-4368-a380-a0f9cc15ac9f,37,38,user,,,,,,0.35815370082855225,0,1
qwen32B-int4_telecom_50runs,verbalized,bge-m3,8b17d49a-8df2-4610-92e7-030aff28068f,0,70,agent,,,,,,,0,0
qwen32B-int4_telecom_50runs,verbalized,bge-m3,8b17d49a-8df2-4610-92e7-030aff28068f,1,70,user,,,,,,0.4073111414909363,0,0
qwen32B-int4_telecom_50runs,verbalized,bge-m3,8b17d49a-8df2-4610-92e7-030aff28068f,2,70,agent,0.533868670463562,0.0784313725490196,0.0,0.4008222818374634,-0.0395019855350256,,0,0
qwen32B-int4_telecom_50runs,verbalized,bge-m3,8b17d49a-8df2-4610-92e7-030aff28068f,3,70,user,,,,,,0.43985044956207275,0,0
qwen32B-int4_telecom_50runs,verbalized,bge-m3,8b17d49a-8df2-4610-92e7-030aff28068f,4,70,tool,,,,,,,0,0
qwen32B-int4_telecom_50runs,verbalized,bge-m3,8b17d49a-8df2-4610-92e7-030aff28068f,5,70,user,,,,,,,0,0
qwen32B-int4_telecom_50runs,verbalized,bge-m3,8b17d49a-8df2-4610-92e7-030aff28068f,6,70,agent,0.8247076272964478,0.2,0.0,0.3662416934967041,-0.08666891977190971,,0,0
qwen32B-int4_telecom_50runs,verbalized,bge-m3,8b17d49a-8df2-4610-92e7-030aff28068f,7,70,user,,,,,,0.41074204444885254,0,0
qwen32B-int4_telecom_50runs,verbalized,bge-m3,8b17d49a-8df2-4610-92e7-030aff28068f,8,70,tool,,,,,,,0,0
qwen32B-int4_telecom_50runs,verbalized,bge-m3,8b17d49a-8df2-4610-92e7-030aff28068f,9,70,user,,,,,,,0,0
qwen32B-int4_telecom_50runs,verbalized,bge-m3,8b17d49a-8df2-4610-92e7-030aff28068f,10,70,agent,0.8866196274757385,0.2361111111111111,0.0,0.3497055768966675,-0.1440892107784748,,0,0
qwen32B-int4_telecom_50runs,verbalized,bge-m3,8b17d49a-8df2-4610-92e7-030aff28068f,11,70,user,,,,,,0.4131435751914978,0,0
qwen32B-int4_telecom_50runs,verbalized,bge-m3,8b17d49a-8df2-4610-92e7-030aff28068f,12,70,tool,,,,,,,0,0
qwen32B-int4_telecom_50runs,verbalized,bge-m3,8b17d49a-8df2-4610-92e7-030aff28068f,13,70,user,,,,,,,0,0
qwen32B-int4_telecom_50runs,verbalized,bge-m3,8b17d49a-8df2-4610-92e7-030aff28068f,14,70,agent,0.764587938785553,0.22580645161290322,0.0,0.3071399927139282,-0.1418539248406887,,0,0
qwen32B-int4_telecom_50runs,verbalized,bge-m3,8b17d49a-8df2-4610-92e7-030aff28068f,15,70,user,,,,,,0.38690894842147827,0,0
qwen32B-int4_telecom_50runs,verbalized,bge-m3,8b17d49a-8df2-4610-92e7-030aff28068f,16,70,tool,,,,,,,0,0
qwen32B-int4_telecom_50runs,verbalized,bge-m3,8b17d49a-8df2-4610-92e7-030aff28068f,17,70,user,,,,,,,0,0
qwen32B-int4_telecom_50runs,verbalized,bge-m3,8b17d49a-8df2-4610-92e7-030aff28068f,18,70,agent,0.7702599763870239,0.26229508196721313,0.0,0.3702331781387329,-0.0886326041072607,,0,0
qwen32B-int4_telecom_50runs,verbalized,bge-m3,8b17d49a-8df2-4610-92e7-030aff28068f,19,70,user,,,,,,0.4293147325515747,0,0
qwen32B-int4_telecom_50runs,verbalized,bge-m3,8b17d49a-8df2-4610-92e7-030aff28068f,20,70,tool,,,,,,,0,0
qwen32B-int4_telecom_50runs,verbalized,bge-m3,8b17d49a-8df2-4610-92e7-030aff28068f,21,70,user,,,,,,,0,0
qwen32B-int4_telecom_50runs,verbalized,bge-m3,8b17d49a-8df2-4610-92e7-030aff28068f,22,70,agent,0.8441940546035767,0.25,0.0,0.33312034606933594,-0.15886582992970943,,0,0
qwen32B-int4_telecom_50runs,verbalized,bge-m3,8b17d49a-8df2-4610-92e7-030aff28068f,23,70,user,,,,,,0.42302215099334717,0,0
qwen32B-int4_telecom_50runs,verbalized,bge-m3,8b17d49a-8df2-4610-92e7-030aff28068f,24,70,tool,,,,,,,0,0
qwen32B-int4_telecom_50runs,verbalized,bge-m3,8b17d49a-8df2-4610-92e7-030aff28068f,25,70,user,,,,,,,0,0
qwen32B-int4_telecom_50runs,verbalized,bge-m3,8b17d49a-8df2-4610-92e7-030aff28068f,26,70,agent,0.7764427661895752,0.35714285714285715,0.0,0.330696165561676,-0.14251689426600933,,0,0
qwen32B-int4_telecom_50runs,verbalized,bge-m3,8b17d49a-8df2-4610-92e7-030aff28068f,27,70,user,,,,,,0.395732581615448,0,0
qwen32B-int4_telecom_50runs,verbalized,bge-m3,8b17d49a-8df2-4610-92e7-030aff28068f,28,70,tool,,,,,,,0,0
qwen32B-int4_telecom_50runs,verbalized,bge-m3,8b17d49a-8df2-4610-92e7-030aff28068f,29,70,user,,,,,,,0,0
qwen32B-int4_telecom_50runs,verbalized,bge-m3,8b17d49a-8df2-4610-92e7-030aff28068f,30,70,agent,0.7644457817077637,0.11940298507462686,0.0,,,,0,0
qwen32B-int4_telecom_50runs,verbalized,bge-m3,8b17d49a-8df2-4610-92e7-030aff28068f,31,70,user,,,,,,0.494401216506958,0,0
qwen32B-int4_telecom_50runs,verbalized,bge-m3,8b17d49a-8df2-4610-92e7-030aff28068f,32,70,agent,0.5268905162811279,0.015625,0.0,0.38009852170944214,-0.15692965872585773,,0,0
qwen32B-int4_telecom_50runs,verbalized,bge-m3,8b17d49a-8df2-4610-92e7-030aff28068f,33,70,tool,,,,,,,0,0
qwen32B-int4_telecom_50runs,verbalized,bge-m3,8b17d49a-8df2-4610-92e7-030aff28068f,34,70,agent,0.6817147731781006,0.34177215189873417,0.0,,,,0,0
qwen32B-int4_telecom_50runs,verbalized,bge-m3,8b17d49a-8df2-4610-92e7-030aff28068f,35,70,user,,,,,,0.2840501666069031,0,0
qwen32B-int4_telecom_50runs,verbalized,bge-m3,8b17d49a-8df2-4610-92e7-030aff28068f,36,70,agent,0.8640536069869995,0.35135135135135137,0.0,0.29153263568878174,-0.2282311897724867,,0,0
qwen32B-int4_telecom_50runs,verbalized,bge-m3,8b17d49a-8df2-4610-92e7-030aff28068f,37,70,tool,,,,,,,0,0
qwen32B-int4_telecom_50runs,verbalized,bge-m3,8b17d49a-8df2-4610-92e7-030aff28068f,38,70,agent,0.868065595626831,0.509090909090909,0.0,0.2977513074874878,-0.23349662497639656,,0,0
qwen32B-int4_telecom_50runs,verbalized,bge-m3,8b17d49a-8df2-4610-92e7-030aff28068f,39,70,tool,,,,,,,0,0
qwen32B-int4_telecom_50runs,verbalized,bge-m3,8b17d49a-8df2-4610-92e7-030aff28068f,40,70,agent,0.797100305557251,0.3684210526315789,0.0,0.4173046946525574,-0.0598972924053669,,0,0
qwen32B-int4_telecom_50runs,verbalized,bge-m3,8b17d49a-8df2-4610-92e7-030aff28068f,41,70,tool,,,,,,,0,0
qwen32B-int4_telecom_50runs,verbalized,bge-m3,8b17d49a-8df2-4610-92e7-030aff28068f,42,70,agent,0.7903912663459778,0.2967032967032967,0.0,,,,0,0
qwen32B-int4_telecom_50runs,verbalized,bge-m3,8b17d49a-8df2-4610-92e7-030aff28068f,43,70,user,,,,,,0.4148635268211365,0,0
qwen32B-int4_telecom_50runs,verbalized,bge-m3,8b17d49a-8df2-4610-92e7-030aff28068f,44,70,agent,0.8019985556602478,0.3333333333333333,0.0,0.21783483028411865,-0.32989860884845257,,0,0
qwen32B-int4_telecom_50runs,verbalized,bge-m3,8b17d49a-8df2-4610-92e7-030aff28068f,45,70,tool,,,,,,,0,0
qwen32B-int4_telecom_50runs,verbalized,bge-m3,8b17d49a-8df2-4610-92e7-030aff28068f,46,70,agent,0.9127579927444458,0.4186046511627907,0.0,0.32195425033569336,-0.2174277938902378,,0,0
qwen32B-int4_telecom_50runs,verbalized,bge-m3,8b17d49a-8df2-4610-92e7-030aff28068f,47,70,user,,,,,,0.40767645835876465,0,0
qwen32B-int4_telecom_50runs,verbalized,bge-m3,8b17d49a-8df2-4610-92e7-030aff28068f,48,70,tool,,,,,,,0,0
qwen32B-int4_telecom_50runs,verbalized,bge-m3,8b17d49a-8df2-4610-92e7-030aff28068f,49,70,user,,,,,,,0,0
qwen32B-int4_telecom_50runs,verbalized,bge-m3,8b17d49a-8df2-4610-92e7-030aff28068f,50,70,tool,,,,,,,0,0
qwen32B-int4_telecom_50runs,verbalized,bge-m3,8b17d49a-8df2-4610-92e7-030aff28068f,51,70,user,,,,,,,0,0
qwen32B-int4_telecom_50runs,verbalized,bge-m3,8b17d49a-8df2-4610-92e7-030aff28068f,52,70,agent,,,,0.27234965562820435,-0.19827866181731224,,0,0
qwen32B-int4_telecom_50runs,verbalized,bge-m3,8b17d49a-8df2-4610-92e7-030aff28068f,53,70,tool,,,,,,,0,0
qwen32B-int4_telecom_50runs,verbalized,bge-m3,8b17d49a-8df2-4610-92e7-030aff28068f,54,70,agent,0.8256925344467163,0.35714285714285715,0.0,0.42947232723236084,-0.03876701928675175,,0,0
qwen32B-int4_telecom_50runs,verbalized,bge-m3,8b17d49a-8df2-4610-92e7-030aff28068f,55,70,user,,,,,,0.4317852258682251,0,0
qwen32B-int4_telecom_50runs,verbalized,bge-m3,8b17d49a-8df2-4610-92e7-030aff28068f,56,70,tool,,,,,,,0,0
qwen32B-int4_telecom_50runs,verbalized,bge-m3,8b17d49a-8df2-4610-92e7-030aff28068f,57,70,user,,,,,,,0,0
qwen32B-int4_telecom_50runs,verbalized,bge-m3,8b17d49a-8df2-4610-92e7-030aff28068f,58,70,agent,0.7204114198684692,0.2318840579710145,0.0,0.3044382333755493,-0.12985720671713352,,0,0
qwen32B-int4_telecom_50runs,verbalized,bge-m3,8b17d49a-8df2-4610-92e7-030aff28068f,59,70,user,,,,,,0.45508456230163574,0,0
qwen32B-int4_telecom_50runs,verbalized,bge-m3,8b17d49a-8df2-4610-92e7-030aff28068f,60,70,tool,,,,,,,0,0
qwen32B-int4_telecom_50runs,verbalized,bge-m3,8b17d49a-8df2-4610-92e7-030aff28068f,61,70,user,,,,,,,0,0
qwen32B-int4_telecom_50runs,verbalized,bge-m3,8b17d49a-8df2-4610-92e7-030aff28068f,62,70,agent,0.6158007979393005,0.16129032258064516,0.0,,,,0,0
qwen32B-int4_telecom_50runs,verbalized,bge-m3,8b17d49a-8df2-4610-92e7-030aff28068f,63,70,user,,,,,,0.26381945610046387,0,0
qwen32B-int4_telecom_50runs,verbalized,bge-m3,8b17d49a-8df2-4610-92e7-030aff28068f,64,70,agent,0.8628362417221069,0.3108108108108108,0.0,,,,0,0
qwen32B-int4_telecom_50runs,verbalized,bge-m3,8b17d49a-8df2-4610-92e7-030aff28068f,65,70,user,,,,,,0.3057119846343994,0,0
qwen32B-int4_telecom_50runs,verbalized,bge-m3,8b17d49a-8df2-4610-92e7-030aff28068f,66,70,agent,0.6875227689743042,0.20689655172413793,0.0,0.42998945713043213,-0.1286322306841612,,0,0
qwen32B-int4_telecom_50runs,verbalized,bge-m3,8b17d49a-8df2-4610-92e7-030aff28068f,67,70,tool,,,,,,,0,0
qwen32B-int4_telecom_50runs,verbalized,bge-m3,8b17d49a-8df2-4610-92e7-030aff28068f,68,70,agent,0.6384620070457458,0.18518518518518517,0.0,,,,0,0
qwen32B-int4_telecom_50runs,verbalized,bge-m3,8b17d49a-8df2-4610-92e7-030aff28068f,69,70,user,,,,,,0.36564934253692627,0,0
qwen32B-int4_telecom_50runs,verbalized,bge-m3,d1ed0f38-fcff-4935-a1c6-14f6bd93baab,0,102,agent,,,,,,,0,1
qwen32B-int4_telecom_50runs,verbalized,bge-m3,d1ed0f38-fcff-4935-a1c6-14f6bd93baab,1,102,user,,,,,,0.40731126070022583,0,1
qwen32B-int4_telecom_50runs,verbalized,bge-m3,d1ed0f38-fcff-4935-a1c6-14f6bd93baab,2,102,agent,0.5338687300682068,0.0784313725490196,0.0,0.4008222818374634,-0.03304154872894288,,0,1
qwen32B-int4_telecom_50runs,verbalized,bge-m3,d1ed0f38-fcff-4935-a1c6-14f6bd93baab,3,102,user,,,,,,0.4379490613937378,0,1
qwen32B-int4_telecom_50runs,verbalized,bge-m3,d1ed0f38-fcff-4935-a1c6-14f6bd93baab,4,102,tool,,,,,,,0,1
qwen32B-int4_telecom_50runs,verbalized,bge-m3,d1ed0f38-fcff-4935-a1c6-14f6bd93baab,5,102,user,,,,,,,0,1
qwen32B-int4_telecom_50runs,verbalized,bge-m3,d1ed0f38-fcff-4935-a1c6-14f6bd93baab,6,102,agent,0.8247076272964478,0.2,0.0,0.3662416934967041,-0.08268283456563952,,0,1
qwen32B-int4_telecom_50runs,verbalized,bge-m3,d1ed0f38-fcff-4935-a1c6-14f6bd93baab,7,102,user,,,,,,0.41732847690582275,0,1
qwen32B-int4_telecom_50runs,verbalized,bge-m3,d1ed0f38-fcff-4935-a1c6-14f6bd93baab,8,102,tool,,,,,,,0,1
qwen32B-int4_telecom_50runs,verbalized,bge-m3,d1ed0f38-fcff-4935-a1c6-14f6bd93baab,9,102,user,,,,,,,0,1
qwen32B-int4_telecom_50runs,verbalized,bge-m3,d1ed0f38-fcff-4935-a1c6-14f6bd93baab,10,102,agent,0.8866196274757385,0.2361111111111111,0.0,0.3497055768966675,-0.1441469043493271,,0,1
qwen32B-int4_telecom_50runs,verbalized,bge-m3,d1ed0f38-fcff-4935-a1c6-14f6bd93baab,11,102,user,,,,,,0.4112209677696228,0,1
qwen32B-int4_telecom_50runs,verbalized,bge-m3,d1ed0f38-fcff-4935-a1c6-14f6bd93baab,12,102,tool,,,,,,,0,1
qwen32B-int4_telecom_50runs,verbalized,bge-m3,d1ed0f38-fcff-4935-a1c6-14f6bd93baab,13,102,user,,,,,,,0,1
qwen32B-int4_telecom_50runs,verbalized,bge-m3,d1ed0f38-fcff-4935-a1c6-14f6bd93baab,14,102,agent,0.764587938785553,0.22580645161290322,0.0,0.30713993310928345,-0.13529366105794904,,0,1
qwen32B-int4_telecom_50runs,verbalized,bge-m3,d1ed0f38-fcff-4935-a1c6-14f6bd93baab,15,102,user,,,,,,0.380104660987854,0,1
qwen32B-int4_telecom_50runs,verbalized,bge-m3,d1ed0f38-fcff-4935-a1c6-14f6bd93baab,16,102,tool,,,,,,,0,1
qwen32B-int4_telecom_50runs,verbalized,bge-m3,d1ed0f38-fcff-4935-a1c6-14f6bd93baab,17,102,user,,,,,,,0,1
qwen32B-int4_telecom_50runs,verbalized,bge-m3,d1ed0f38-fcff-4935-a1c6-14f6bd93baab,18,102,agent,0.7702599763870239,0.26229508196721313,0.0,0.39642536640167236,-0.050860100984573386,,0,1
qwen32B-int4_telecom_50runs,verbalized,bge-m3,d1ed0f38-fcff-4935-a1c6-14f6bd93baab,19,102,user,,,,,,0.4280046224594116,0,1
qwen32B-int4_telecom_50runs,verbalized,bge-m3,d1ed0f38-fcff-4935-a1c6-14f6bd93baab,20,102,tool,,,,,,,0,1
qwen32B-int4_telecom_50runs,verbalized,bge-m3,d1ed0f38-fcff-4935-a1c6-14f6bd93baab,21,102,user,,,,,,,0,1
qwen32B-int4_telecom_50runs,verbalized,bge-m3,d1ed0f38-fcff-4935-a1c6-14f6bd93baab,22,102,agent,0.8458295464515686,0.234375,0.0,0.2878485918045044,-0.20156777799129488,,0,1
qwen32B-int4_telecom_50runs,verbalized,bge-m3,d1ed0f38-fcff-4935-a1c6-14f6bd93baab,23,102,user,,,,,,0.36940598487854004,0,1
qwen32B-int4_telecom_50runs,verbalized,bge-m3,d1ed0f38-fcff-4935-a1c6-14f6bd93baab,24,102,tool,,,,,,,0,1
qwen32B-int4_telecom_50runs,verbalized,bge-m3,d1ed0f38-fcff-4935-a1c6-14f6bd93baab,25,102,user,,,,,,,0,1
qwen32B-int4_telecom_50runs,verbalized,bge-m3,d1ed0f38-fcff-4935-a1c6-14f6bd93baab,26,102,agent,0.7629810571670532,0.23728813559322035,0.0,0.4379391670227051,-0.06533305197954176,,0,1
qwen32B-int4_telecom_50runs,verbalized,bge-m3,d1ed0f38-fcff-4935-a1c6-14f6bd93baab,27,102,user,,,,,,0.45079708099365234,0,1
qwen32B-int4_telecom_50runs,verbalized,bge-m3,d1ed0f38-fcff-4935-a1c6-14f6bd93baab,28,102,tool,,,,,,,0,1
qwen32B-int4_telecom_50runs,verbalized,bge-m3,d1ed0f38-fcff-4935-a1c6-14f6bd93baab,29,102,user,,,,,,,0,1
qwen32B-int4_telecom_50runs,verbalized,bge-m3,d1ed0f38-fcff-4935-a1c6-14f6bd93baab,30,102,agent,0.7200233936309814,0.17142857142857143,0.0,,,,0,1
qwen32B-int4_telecom_50runs,verbalized,bge-m3,d1ed0f38-fcff-4935-a1c6-14f6bd93baab,31,102,user,,,,,,0.40956538915634155,0,1
qwen32B-int4_telecom_50runs,verbalized,bge-m3,d1ed0f38-fcff-4935-a1c6-14f6bd93baab,32,102,agent,0.5266748666763306,0.015625,0.0,0.3903443217277527,-0.16694383323192596,,0,1
qwen32B-int4_telecom_50runs,verbalized,bge-m3,d1ed0f38-fcff-4935-a1c6-14f6bd93baab,33,102,tool,,,,,,,0,1
qwen32B-int4_telecom_50runs,verbalized,bge-m3,d1ed0f38-fcff-4935-a1c6-14f6bd93baab,34,102,agent,0.6866421699523926,0.3875,0.0,,,,0,1
qwen32B-int4_telecom_50runs,verbalized,bge-m3,d1ed0f38-fcff-4935-a1c6-14f6bd93baab,35,102,user,,,,,,0.2532792091369629,0,1
qwen32B-int4_telecom_50runs,verbalized,bge-m3,d1ed0f38-fcff-4935-a1c6-14f6bd93baab,36,102,agent,0.7815046310424805,0.35,0.0,0.4647939205169678,-0.1008271649479866,,0,1
qwen32B-int4_telecom_50runs,verbalized,bge-m3,d1ed0f38-fcff-4935-a1c6-14f6bd93baab,37,102,tool,,,,,,,0,1
qwen32B-int4_telecom_50runs,verbalized,bge-m3,d1ed0f38-fcff-4935-a1c6-14f6bd93baab,38,102,tool,,,,,,,0,1
qwen32B-int4_telecom_50runs,verbalized,bge-m3,d1ed0f38-fcff-4935-a1c6-14f6bd93baab,39,102,tool,,,,,,,0,1
qwen32B-int4_telecom_50runs,verbalized,bge-m3,d1ed0f38-fcff-4935-a1c6-14f6bd93baab,40,102,agent,0.45322614908218384,0.021739130434782608,0.0,,,,0,1
qwen32B-int4_telecom_50runs,verbalized,bge-m3,d1ed0f38-fcff-4935-a1c6-14f6bd93baab,41,102,user,,,,,,0.4712386131286621,0,1
qwen32B-int4_telecom_50runs,verbalized,bge-m3,d1ed0f38-fcff-4935-a1c6-14f6bd93baab,42,102,agent,0.48006007075309753,0.011111111111111112,0.0,0.38414889574050903,-0.16578768789768217,,0,1
qwen32B-int4_telecom_50runs,verbalized,bge-m3,d1ed0f38-fcff-4935-a1c6-14f6bd93baab,43,102,tool,,,,,,,0,1
qwen32B-int4_telecom_50runs,verbalized,bge-m3,d1ed0f38-fcff-4935-a1c6-14f6bd93baab,44,102,agent,0.8125349879264832,0.28431372549019607,0.0,,,,0,1
qwen32B-int4_telecom_50runs,verbalized,bge-m3,d1ed0f38-fcff-4935-a1c6-14f6bd93baab,45,102,user,,,,,,0.3373293876647949,0,1
qwen32B-int4_telecom_50runs,verbalized,bge-m3,d1ed0f38-fcff-4935-a1c6-14f6bd93baab,46,102,agent,0.8976508378982544,0.6,0.0,0.2939450740814209,-0.253290881216526,,0,1
qwen32B-int4_telecom_50runs,verbalized,bge-m3,d1ed0f38-fcff-4935-a1c6-14f6bd93baab,47,102,tool,,,,,,,0,1
qwen32B-int4_telecom_50runs,verbalized,bge-m3,d1ed0f38-fcff-4935-a1c6-14f6bd93baab,48,102,agent,0.7665163278579712,0.2564102564102564,0.0,0.34807515144348145,-0.18567198812961583,,0,1
qwen32B-int4_telecom_50runs,verbalized,bge-m3,d1ed0f38-fcff-4935-a1c6-14f6bd93baab,49,102,user,,,,,,0.43812090158462524,0,1
qwen32B-int4_telecom_50runs,verbalized,bge-m3,d1ed0f38-fcff-4935-a1c6-14f6bd93baab,50,102,tool,,,,,,,0,1
qwen32B-int4_telecom_50runs,verbalized,bge-m3,d1ed0f38-fcff-4935-a1c6-14f6bd93baab,51,102,user,,,,,,,0,1
qwen32B-int4_telecom_50runs,verbalized,bge-m3,d1ed0f38-fcff-4935-a1c6-14f6bd93baab,52,102,agent,0.5020819306373596,0.0,0.0,0.37624073028564453,-0.18121584355831144,,0,1
qwen32B-int4_telecom_50runs,verbalized,bge-m3,d1ed0f38-fcff-4935-a1c6-14f6bd93baab,53,102,tool,,,,,,,0,1
qwen32B-int4_telecom_50runs,verbalized,bge-m3,d1ed0f38-fcff-4935-a1c6-14f6bd93baab,54,102,agent,0.509008526802063,0.0,0.0,0.47746598720550537,-0.013372938334941853,,0,1
qwen32B-int4_telecom_50runs,verbalized,bge-m3,d1ed0f38-fcff-4935-a1c6-14f6bd93baab,55,102,user,,,,,,0.49413686990737915,0,1
qwen32B-int4_telecom_50runs,verbalized,bge-m3,d1ed0f38-fcff-4935-a1c6-14f6bd93baab,56,102,tool,,,,,,,0,1
qwen32B-int4_telecom_50runs,verbalized,bge-m3,d1ed0f38-fcff-4935-a1c6-14f6bd93baab,57,102,user,,,,,,,0,1
qwen32B-int4_telecom_50runs,verbalized,bge-m3,d1ed0f38-fcff-4935-a1c6-14f6bd93baab,58,102,agent,0.7270931005477905,0.2549019607843137,0.0,0.41789644956588745,-0.01671365797519686,,0,1
qwen32B-int4_telecom_50runs,verbalized,bge-m3,d1ed0f38-fcff-4935-a1c6-14f6bd93baab,59,102,user,,,,,,0.47958624362945557,0,1
qwen32B-int4_telecom_50runs,verbalized,bge-m3,d1ed0f38-fcff-4935-a1c6-14f6bd93baab,60,102,tool,,,,,,,0,1
qwen32B-int4_telecom_50runs,verbalized,bge-m3,d1ed0f38-fcff-4935-a1c6-14f6bd93baab,61,102,user,,,,,,,0,1
qwen32B-int4_telecom_50runs,verbalized,bge-m3,d1ed0f38-fcff-4935-a1c6-14f6bd93baab,62,102,agent,0.8414337635040283,0.3076923076923077,0.0,0.36432451009750366,-0.08805745691061018,,0,1
qwen32B-int4_telecom_50runs,verbalized,bge-m3,d1ed0f38-fcff-4935-a1c6-14f6bd93baab,63,102,user,,,,,,0.4783242344856262,0,1
qwen32B-int4_telecom_50runs,verbalized,bge-m3,d1ed0f38-fcff-4935-a1c6-14f6bd93baab,64,102,tool,,,,,,,0,1
qwen32B-int4_telecom_50runs,verbalized,bge-m3,d1ed0f38-fcff-4935-a1c6-14f6bd93baab,65,102,user,,,,,,,0,1
qwen32B-int4_telecom_50runs,verbalized,bge-m3,d1ed0f38-fcff-4935-a1c6-14f6bd93baab,66,102,agent,0.8055061101913452,0.46938775510204084,0.0,0.36594629287719727,-0.13449238389730456,,0,1
qwen32B-int4_telecom_50runs,verbalized,bge-m3,d1ed0f38-fcff-4935-a1c6-14f6bd93baab,67,102,user,,,,,,0.42388230562210083,0,1
qwen32B-int4_telecom_50runs,verbalized,bge-m3,d1ed0f38-fcff-4935-a1c6-14f6bd93baab,68,102,tool,,,,,,,0,1
qwen32B-int4_telecom_50runs,verbalized,bge-m3,d1ed0f38-fcff-4935-a1c6-14f6bd93baab,69,102,user,,,,,,,0,1
qwen32B-int4_telecom_50runs,verbalized,bge-m3,d1ed0f38-fcff-4935-a1c6-14f6bd93baab,70,102,agent,0.5806807279586792,0.17857142857142858,0.0,0.3296358585357666,-0.13442456871271136,,0,1
qwen32B-int4_telecom_50runs,verbalized,bge-m3,d1ed0f38-fcff-4935-a1c6-14f6bd93baab,71,102,user,,,,,,0.40336936712265015,0,1
qwen32B-int4_telecom_50runs,verbalized,bge-m3,d1ed0f38-fcff-4935-a1c6-14f6bd93baab,72,102,tool,,,,,,,0,1
qwen32B-int4_telecom_50runs,verbalized,bge-m3,d1ed0f38-fcff-4935-a1c6-14f6bd93baab,73,102,user,,,,,,,0,1
qwen32B-int4_telecom_50runs,verbalized,bge-m3,d1ed0f38-fcff-4935-a1c6-14f6bd93baab,74,102,agent,0.7370448112487793,0.25925925925925924,0.0,0.4379391670227051,-0.06533305197954176,,0,1
qwen32B-int4_telecom_50runs,verbalized,bge-m3,d1ed0f38-fcff-4935-a1c6-14f6bd93baab,75,102,user,,,,,,0.4415174722671509,0,1
qwen32B-int4_telecom_50runs,verbalized,bge-m3,d1ed0f38-fcff-4935-a1c6-14f6bd93baab,76,102,tool,,,,,,,0,1
qwen32B-int4_telecom_50runs,verbalized,bge-m3,d1ed0f38-fcff-4935-a1c6-14f6bd93baab,77,102,user,,,,,,,0,1
qwen32B-int4_telecom_50runs,verbalized,bge-m3,d1ed0f38-fcff-4935-a1c6-14f6bd93baab,78,102,agent,0.720782995223999,0.13333333333333333,0.0,0.3746225833892822,-0.08866362273693085,,0,1
qwen32B-int4_telecom_50runs,verbalized,bge-m3,d1ed0f38-fcff-4935-a1c6-14f6bd93baab,79,102,user,,,,,,0.4233691692352295,0,1
qwen32B-int4_telecom_50runs,verbalized,bge-m3,d1ed0f38-fcff-4935-a1c6-14f6bd93baab,80,102,tool,,,,,,,0,1
qwen32B-int4_telecom_50runs,verbalized,bge-m3,d1ed0f38-fcff-4935-a1c6-14f6bd93baab,81,102,user,,,,,,,0,1
qwen32B-int4_telecom_50runs,verbalized,bge-m3,d1ed0f38-fcff-4935-a1c6-14f6bd93baab,82,102,agent,0.6619443297386169,0.19230769230769232,0.0,,,,0,1
qwen32B-int4_telecom_50runs,verbalized,bge-m3,d1ed0f38-fcff-4935-a1c6-14f6bd93baab,83,102,user,,,,,,0.15580356121063232,0,1
qwen32B-int4_telecom_50runs,verbalized,bge-m3,d1ed0f38-fcff-4935-a1c6-14f6bd93baab,84,102,agent,0.9460323452949524,0.6309523809523809,0.0,,,,0,1
qwen32B-int4_telecom_50runs,verbalized,bge-m3,d1ed0f38-fcff-4935-a1c6-14f6bd93baab,85,102,user,,,,,,0.17647135257720947,0,1
qwen32B-int4_telecom_50runs,verbalized,bge-m3,d1ed0f38-fcff-4935-a1c6-14f6bd93baab,86,102,agent,0.8391343355178833,0.1797752808988764,0.0,0.37704551219940186,-0.03748089075088501,,0,1
qwen32B-int4_telecom_50runs,verbalized,bge-m3,d1ed0f38-fcff-4935-a1c6-14f6bd93baab,87,102,user,,,,,,0.49158358573913574,0,1
qwen32B-int4_telecom_50runs,verbalized,bge-m3,d1ed0f38-fcff-4935-a1c6-14f6bd93baab,88,102,tool,,,,,,,0,1
qwen32B-int4_telecom_50runs,verbalized,bge-m3,d1ed0f38-fcff-4935-a1c6-14f6bd93baab,89,102,user,,,,,,,0,1
qwen32B-int4_telecom_50runs,verbalized,bge-m3,d1ed0f38-fcff-4935-a1c6-14f6bd93baab,90,102,agent,0.8833742141723633,0.24468085106382978,0.0,0.33455872535705566,-0.13716511279344556,,0,1
qwen32B-int4_telecom_50runs,verbalized,bge-m3,d1ed0f38-fcff-4935-a1c6-14f6bd93baab,91,102,user,,,,,,0.5559569895267487,0,1
qwen32B-int4_telecom_50runs,verbalized,bge-m3,d1ed0f38-fcff-4935-a1c6-14f6bd93baab,92,102,tool,,,,,,,0,1
qwen32B-int4_telecom_50runs,verbalized,bge-m3,d1ed0f38-fcff-4935-a1c6-14f6bd93baab,93,102,user,,,,,,,0,1
qwen32B-int4_telecom_50runs,verbalized,bge-m3,d1ed0f38-fcff-4935-a1c6-14f6bd93baab,94,102,agent,0.7477800250053406,0.1968503937007874,0.0,,,,0,1
qwen32B-int4_telecom_50runs,verbalized,bge-m3,d1ed0f38-fcff-4935-a1c6-14f6bd93baab,95,102,user,,,,,,0.30357497930526733,0,1
qwen32B-int4_telecom_50runs,verbalized,bge-m3,d1ed0f38-fcff-4935-a1c6-14f6bd93baab,96,102,agent,0.8972697854042053,0.3308270676691729,0.0,,,,0,1
qwen32B-int4_telecom_50runs,verbalized,bge-m3,d1ed0f38-fcff-4935-a1c6-14f6bd93baab,97,102,user,,,,,,0.20020359754562378,0,1
qwen32B-int4_telecom_50runs,verbalized,bge-m3,d1ed0f38-fcff-4935-a1c6-14f6bd93baab,98,102,agent,0.9339426159858704,0.2962962962962963,0.0,,,,0,1
qwen32B-int4_telecom_50runs,verbalized,bge-m3,d1ed0f38-fcff-4935-a1c6-14f6bd93baab,99,102,user,,,,,,0.40392518043518066,0,1
qwen32B-int4_telecom_50runs,verbalized,bge-m3,d1ed0f38-fcff-4935-a1c6-14f6bd93baab,100,102,agent,0.6856001615524292,0.2987012987012987,0.0,,,,0,1
qwen32B-int4_telecom_50runs,verbalized,bge-m3,d1ed0f38-fcff-4935-a1c6-14f6bd93baab,101,102,user,,,,,,0.5533055663108826,0,1
qwen32B-int4_telecom_50runs,verbalized,bge-m3,7e811871-d44f-4c42-9522-b3a428889e76,0,30,agent,,,,,,,0,1
qwen32B-int4_telecom_50runs,verbalized,bge-m3,7e811871-d44f-4c42-9522-b3a428889e76,1,30,user,,,,,,0.40217792987823486,0,1
qwen32B-int4_telecom_50runs,verbalized,bge-m3,7e811871-d44f-4c42-9522-b3a428889e76,2,30,agent,0.5338687896728516,0.0784313725490196,0.0,0.37480759620666504,-0.03816989660263059,,0,1
qwen32B-int4_telecom_50runs,verbalized,bge-m3,7e811871-d44f-4c42-9522-b3a428889e76,3,30,user,,,,,,0.4381253719329834,0,1
qwen32B-int4_telecom_50runs,verbalized,bge-m3,7e811871-d44f-4c42-9522-b3a428889e76,4,30,tool,,,,,,,0,1
qwen32B-int4_telecom_50runs,verbalized,bge-m3,7e811871-d44f-4c42-9522-b3a428889e76,5,30,user,,,,,,,0,1
qwen32B-int4_telecom_50runs,verbalized,bge-m3,7e811871-d44f-4c42-9522-b3a428889e76,6,30,agent,0.7356798052787781,0.1566265060240964,0.0,0.274486243724823,-0.18922266364097595,,0,1
qwen32B-int4_telecom_50runs,verbalized,bge-m3,7e811871-d44f-4c42-9522-b3a428889e76,7,30,user,,,,,,0.44748663902282715,0,1
qwen32B-int4_telecom_50runs,verbalized,bge-m3,7e811871-d44f-4c42-9522-b3a428889e76,8,30,tool,,,,,,,0,1
qwen32B-int4_telecom_50runs,verbalized,bge-m3,7e811871-d44f-4c42-9522-b3a428889e76,9,30,user,,,,,,,0,1
qwen32B-int4_telecom_50runs,verbalized,bge-m3,7e811871-d44f-4c42-9522-b3a428889e76,10,30,agent,0.6583988070487976,0.15789473684210525,0.0,0.2885262370109558,-0.1744134843349457,,0,1
qwen32B-int4_telecom_50runs,verbalized,bge-m3,7e811871-d44f-4c42-9522-b3a428889e76,11,30,user,,,,,,0.43918293714523315,0,1
qwen32B-int4_telecom_50runs,verbalized,bge-m3,7e811871-d44f-4c42-9522-b3a428889e76,12,30,tool,,,,,,,0,1
qwen32B-int4_telecom_50runs,verbalized,bge-m3,7e811871-d44f-4c42-9522-b3a428889e76,13,30,user,,,,,,,0,1
qwen32B-int4_telecom_50runs,verbalized,bge-m3,7e811871-d44f-4c42-9522-b3a428889e76,14,30,tool,,,,,,,0,1
qwen32B-int4_telecom_50runs,verbalized,bge-m3,7e811871-d44f-4c42-9522-b3a428889e76,15,30,user,,,,,,,0,1
qwen32B-int4_telecom_50runs,verbalized,bge-m3,7e811871-d44f-4c42-9522-b3a428889e76,16,30,agent,,,,0.3051189184188843,-0.13589375615119936,,0,1
qwen32B-int4_telecom_50runs,verbalized,bge-m3,7e811871-d44f-4c42-9522-b3a428889e76,17,30,user,,,,,,0.5671183466911316,0,1
qwen32B-int4_telecom_50runs,verbalized,bge-m3,7e811871-d44f-4c42-9522-b3a428889e76,18,30,tool,,,,,,,0,1
qwen32B-int4_telecom_50runs,verbalized,bge-m3,7e811871-d44f-4c42-9522-b3a428889e76,19,30,user,,,,,,,0,1
qwen32B-int4_telecom_50runs,verbalized,bge-m3,7e811871-d44f-4c42-9522-b3a428889e76,20,30,tool,,,,,,,0,1
qwen32B-int4_telecom_50runs,verbalized,bge-m3,7e811871-d44f-4c42-9522-b3a428889e76,21,30,user,,,,,,,0,1
qwen32B-int4_telecom_50runs,verbalized,bge-m3,7e811871-d44f-4c42-9522-b3a428889e76,22,30,agent,,,,0.3370029926300049,-0.10243531465530398,,0,1
qwen32B-int4_telecom_50runs,verbalized,bge-m3,7e811871-d44f-4c42-9522-b3a428889e76,23,30,user,,,,,,0.37187767028808594,0,1
qwen32B-int4_telecom_50runs,verbalized,bge-m3,7e811871-d44f-4c42-9522-b3a428889e76,24,30,tool,,,,,,,0,1
qwen32B-int4_telecom_50runs,verbalized,bge-m3,7e811871-d44f-4c42-9522-b3a428889e76,25,30,user,,,,,,,0,1
qwen32B-int4_telecom_50runs,verbalized,bge-m3,7e811871-d44f-4c42-9522-b3a428889e76,26,30,agent,0.7211781740188599,0.10975609756097561,0.0,0.5283704400062561,0.17464131116867065,,0,1
qwen32B-int4_telecom_50runs,verbalized,bge-m3,7e811871-d44f-4c42-9522-b3a428889e76,27,30,tool,,,,,,,0,1
qwen32B-int4_telecom_50runs,verbalized,bge-m3,7e811871-d44f-4c42-9522-b3a428889e76,28,30,agent,0.5843391418457031,0.0,0.0,,,,0,1
qwen32B-int4_telecom_50runs,verbalized,bge-m3,7e811871-d44f-4c42-9522-b3a428889e76,29,30,user,,,,,,0.36564916372299194,0,1
qwen32B-int4_telecom_50runs,verbalized,bge-m3,e2375b19-abad-4092-b340-e58797a1b83e,0,60,agent,,,,,,,0,0
qwen32B-int4_telecom_50runs,verbalized,bge-m3,e2375b19-abad-4092-b340-e58797a1b83e,1,60,user,,,,,,0.4073111414909363,0,0
qwen32B-int4_telecom_50runs,verbalized,bge-m3,e2375b19-abad-4092-b340-e58797a1b83e,2,60,agent,0.5338687300682068,0.0784313725490196,0.0,0.40082240104675293,-0.03870159813335966,,0,0
qwen32B-int4_telecom_50runs,verbalized,bge-m3,e2375b19-abad-4092-b340-e58797a1b83e,3,60,user,,,,,,0.4465031027793884,0,0
qwen32B-int4_telecom_50runs,verbalized,bge-m3,e2375b19-abad-4092-b340-e58797a1b83e,4,60,tool,,,,,,,0,0
qwen32B-int4_telecom_50runs,verbalized,bge-m3,e2375b19-abad-4092-b340-e58797a1b83e,5,60,user,,,,,,,0,0
qwen32B-int4_telecom_50runs,verbalized,bge-m3,e2375b19-abad-4092-b340-e58797a1b83e,6,60,agent,0.8247076272964478,0.2,0.0,0.3662416338920593,-0.09346034058502745,,0,0
qwen32B-int4_telecom_50runs,verbalized,bge-m3,e2375b19-abad-4092-b340-e58797a1b83e,7,60,user,,,,,,0.4077296257019043,0,0
qwen32B-int4_telecom_50runs,verbalized,bge-m3,e2375b19-abad-4092-b340-e58797a1b83e,8,60,tool,,,,,,,0,0
qwen32B-int4_telecom_50runs,verbalized,bge-m3,e2375b19-abad-4092-b340-e58797a1b83e,9,60,user,,,,,,,0,0
qwen32B-int4_telecom_50runs,verbalized,bge-m3,e2375b19-abad-4092-b340-e58797a1b83e,10,60,agent,0.8866196274757385,0.2361111111111111,0.0,0.3497055768966675,-0.15170970984867638,,0,0
qwen32B-int4_telecom_50runs,verbalized,bge-m3,e2375b19-abad-4092-b340-e58797a1b83e,11,60,user,,,,,,0.4043766260147095,0,0
qwen32B-int4_telecom_50runs,verbalized,bge-m3,e2375b19-abad-4092-b340-e58797a1b83e,12,60,tool,,,,,,,0,0
qwen32B-int4_telecom_50runs,verbalized,bge-m3,e2375b19-abad-4092-b340-e58797a1b83e,13,60,user,,,,,,,0,0
qwen32B-int4_telecom_50runs,verbalized,bge-m3,e2375b19-abad-4092-b340-e58797a1b83e,14,60,agent,0.764587938785553,0.22580645161290322,0.0,0.3071399927139282,-0.1500957246337618,,0,0
qwen32B-int4_telecom_50runs,verbalized,bge-m3,e2375b19-abad-4092-b340-e58797a1b83e,15,60,user,,,,,,0.3849201202392578,0,0
qwen32B-int4_telecom_50runs,verbalized,bge-m3,e2375b19-abad-4092-b340-e58797a1b83e,16,60,tool,,,,,,,0,0
qwen32B-int4_telecom_50runs,verbalized,bge-m3,e2375b19-abad-4092-b340-e58797a1b83e,17,60,user,,,,,,,0,0
qwen32B-int4_telecom_50runs,verbalized,bge-m3,e2375b19-abad-4092-b340-e58797a1b83e,18,60,agent,0.7702599763870239,0.26229508196721313,0.0,0.3702331781387329,-0.08804783437933239,,0,0
qwen32B-int4_telecom_50runs,verbalized,bge-m3,e2375b19-abad-4092-b340-e58797a1b83e,19,60,user,,,,,,0.43510937690734863,0,0
qwen32B-int4_telecom_50runs,verbalized,bge-m3,e2375b19-abad-4092-b340-e58797a1b83e,20,60,tool,,,,,,,0,0
qwen32B-int4_telecom_50runs,verbalized,bge-m3,e2375b19-abad-4092-b340-e58797a1b83e,21,60,user,,,,,,,0,0
qwen32B-int4_telecom_50runs,verbalized,bge-m3,e2375b19-abad-4092-b340-e58797a1b83e,22,60,agent,0.8441940546035767,0.25,0.0,0.33312034606933594,-0.1587994566985539,,0,0
qwen32B-int4_telecom_50runs,verbalized,bge-m3,e2375b19-abad-4092-b340-e58797a1b83e,23,60,user,,,,,,0.42578136920928955,0,0
qwen32B-int4_telecom_50runs,verbalized,bge-m3,e2375b19-abad-4092-b340-e58797a1b83e,24,60,tool,,,,,,,0,0
qwen32B-int4_telecom_50runs,verbalized,bge-m3,e2375b19-abad-4092-b340-e58797a1b83e,25,60,user,,,,,,,0,0
qwen32B-int4_telecom_50runs,verbalized,bge-m3,e2375b19-abad-4092-b340-e58797a1b83e,26,60,agent,0.7764427661895752,0.35714285714285715,0.0,0.330696165561676,-0.13933446577617098,,0,0
qwen32B-int4_telecom_50runs,verbalized,bge-m3,e2375b19-abad-4092-b340-e58797a1b83e,27,60,user,,,,,,0.3863835334777832,0,0
qwen32B-int4_telecom_50runs,verbalized,bge-m3,e2375b19-abad-4092-b340-e58797a1b83e,28,60,tool,,,,,,,0,0
qwen32B-int4_telecom_50runs,verbalized,bge-m3,e2375b19-abad-4092-b340-e58797a1b83e,29,60,user,,,,,,,0,0
qwen32B-int4_telecom_50runs,verbalized,bge-m3,e2375b19-abad-4092-b340-e58797a1b83e,30,60,agent,0.7644457817077637,0.11940298507462686,0.0,,,,0,0
qwen32B-int4_telecom_50runs,verbalized,bge-m3,e2375b19-abad-4092-b340-e58797a1b83e,31,60,user,,,,,,0.494401216506958,0,0
qwen32B-int4_telecom_50runs,verbalized,bge-m3,e2375b19-abad-4092-b340-e58797a1b83e,32,60,agent,0.5209361910820007,0.015625,0.0,0.3883405327796936,-0.13829337486198967,,0,0
qwen32B-int4_telecom_50runs,verbalized,bge-m3,e2375b19-abad-4092-b340-e58797a1b83e,33,60,tool,,,,,,,0,0
qwen32B-int4_telecom_50runs,verbalized,bge-m3,e2375b19-abad-4092-b340-e58797a1b83e,34,60,agent,0.6817147731781006,0.34177215189873417,0.0,,,,0,0
qwen32B-int4_telecom_50runs,verbalized,bge-m3,e2375b19-abad-4092-b340-e58797a1b83e,35,60,user,,,,,,0.2840501666069031,0,0
qwen32B-int4_telecom_50runs,verbalized,bge-m3,e2375b19-abad-4092-b340-e58797a1b83e,36,60,agent,0.8640536069869995,0.35135135135135137,0.0,0.29153263568878174,-0.21974098682403564,,0,0
qwen32B-int4_telecom_50runs,verbalized,bge-m3,e2375b19-abad-4092-b340-e58797a1b83e,37,60,tool,,,,,,,0,0
qwen32B-int4_telecom_50runs,verbalized,bge-m3,e2375b19-abad-4092-b340-e58797a1b83e,38,60,agent,0.868065595626831,0.509090909090909,0.0,0.2942066192626953,-0.23026114063603542,,0,0
qwen32B-int4_telecom_50runs,verbalized,bge-m3,e2375b19-abad-4092-b340-e58797a1b83e,39,60,tool,,,,,,,0,0
qwen32B-int4_telecom_50runs,verbalized,bge-m3,e2375b19-abad-4092-b340-e58797a1b83e,40,60,agent,0.8174562454223633,0.45161290322580644,0.0,0.43186289072036743,-0.027680358716419773,,0,0
qwen32B-int4_telecom_50runs,verbalized,bge-m3,e2375b19-abad-4092-b340-e58797a1b83e,41,60,tool,,,,,,,0,0
qwen32B-int4_telecom_50runs,verbalized,bge-m3,e2375b19-abad-4092-b340-e58797a1b83e,42,60,agent,0.8924695253372192,0.2839506172839506,0.0,,,,0,0
qwen32B-int4_telecom_50runs,verbalized,bge-m3,e2375b19-abad-4092-b340-e58797a1b83e,43,60,user,,,,,,0.29095035791397095,0,0
qwen32B-int4_telecom_50runs,verbalized,bge-m3,e2375b19-abad-4092-b340-e58797a1b83e,44,60,agent,0.7393579483032227,0.2676056338028169,0.0,0.29953432083129883,-0.25772010641438625,,0,0
qwen32B-int4_telecom_50runs,verbalized,bge-m3,e2375b19-abad-4092-b340-e58797a1b83e,45,60,tool,,,,,,,0,0
qwen32B-int4_telecom_50runs,verbalized,bge-m3,e2375b19-abad-4092-b340-e58797a1b83e,46,60,agent,0.8772380352020264,0.3333333333333333,0.0,0.3640648126602173,-0.1467028579541615,,0,0
qwen32B-int4_telecom_50runs,verbalized,bge-m3,e2375b19-abad-4092-b340-e58797a1b83e,47,60,user,,,,,,0.42604291439056396,0,0
qwen32B-int4_telecom_50runs,verbalized,bge-m3,e2375b19-abad-4092-b340-e58797a1b83e,48,60,tool,,,,,,,0,0
qwen32B-int4_telecom_50runs,verbalized,bge-m3,e2375b19-abad-4092-b340-e58797a1b83e,49,60,user,,,,,,,0,0
qwen32B-int4_telecom_50runs,verbalized,bge-m3,e2375b19-abad-4092-b340-e58797a1b83e,50,60,tool,,,,,,,0,0
qwen32B-int4_telecom_50runs,verbalized,bge-m3,e2375b19-abad-4092-b340-e58797a1b83e,51,60,user,,,,,,,0,0
qwen32B-int4_telecom_50runs,verbalized,bge-m3,e2375b19-abad-4092-b340-e58797a1b83e,52,60,agent,,,,0.3379826545715332,-0.16726059785911018,,0,0
qwen32B-int4_telecom_50runs,verbalized,bge-m3,e2375b19-abad-4092-b340-e58797a1b83e,53,60,tool,,,,,,,0,0
qwen32B-int4_telecom_50runs,verbalized,bge-m3,e2375b19-abad-4092-b340-e58797a1b83e,54,60,agent,0.7531765103340149,0.2727272727272727,0.0,0.3743875026702881,-0.08468559597219738,,0,0
qwen32B-int4_telecom_50runs,verbalized,bge-m3,e2375b19-abad-4092-b340-e58797a1b83e,55,60,user,,,,,,0.41989725828170776,0,0
qwen32B-int4_telecom_50runs,verbalized,bge-m3,e2375b19-abad-4092-b340-e58797a1b83e,56,60,tool,,,,,,,0,0
qwen32B-int4_telecom_50runs,verbalized,bge-m3,e2375b19-abad-4092-b340-e58797a1b83e,57,60,user,,,,,,,0,0
qwen32B-int4_telecom_50runs,verbalized,bge-m3,e2375b19-abad-4092-b340-e58797a1b83e,58,60,agent,0.6622019410133362,0.18181818181818182,0.0,,,,0,0
qwen32B-int4_telecom_50runs,verbalized,bge-m3,e2375b19-abad-4092-b340-e58797a1b83e,59,60,user,,,,,,0.5181150734424591,0,0
qwen32B-int4_telecom_50runs,verbalized,bge-m3,6bd1bd58-e12b-4163-a5f1-9ac1c0d9a03d,0,40,agent,,,,,,,0,1
qwen32B-int4_telecom_50runs,verbalized,bge-m3,6bd1bd58-e12b-4163-a5f1-9ac1c0d9a03d,1,40,user,,,,,,0.40217775106430054,0,1
qwen32B-int4_telecom_50runs,verbalized,bge-m3,6bd1bd58-e12b-4163-a5f1-9ac1c0d9a03d,2,40,agent,0.5338687300682068,0.0784313725490196,0.0,0.37480753660202026,0.038721248507499695,,0,1
qwen32B-int4_telecom_50runs,verbalized,bge-m3,6bd1bd58-e12b-4163-a5f1-9ac1c0d9a03d,3,40,user,,,,,,0.4353746175765991,0,1
qwen32B-int4_telecom_50runs,verbalized,bge-m3,6bd1bd58-e12b-4163-a5f1-9ac1c0d9a03d,4,40,tool,,,,,,,0,1
qwen32B-int4_telecom_50runs,verbalized,bge-m3,6bd1bd58-e12b-4163-a5f1-9ac1c0d9a03d,5,40,user,,,,,,,0,1
qwen32B-int4_telecom_50runs,verbalized,bge-m3,6bd1bd58-e12b-4163-a5f1-9ac1c0d9a03d,6,40,agent,0.7356799244880676,0.1566265060240964,0.0,0.2744863033294678,-0.07889749854803085,,0,1
qwen32B-int4_telecom_50runs,verbalized,bge-m3,6bd1bd58-e12b-4163-a5f1-9ac1c0d9a03d,7,40,user,,,,,,0.45417654514312744,0,1
qwen32B-int4_telecom_50runs,verbalized,bge-m3,6bd1bd58-e12b-4163-a5f1-9ac1c0d9a03d,8,40,tool,,,,,,,0,1
qwen32B-int4_telecom_50runs,verbalized,bge-m3,6bd1bd58-e12b-4163-a5f1-9ac1c0d9a03d,9,40,user,,,,,,,0,1
qwen32B-int4_telecom_50runs,verbalized,bge-m3,6bd1bd58-e12b-4163-a5f1-9ac1c0d9a03d,10,40,agent,0.6583987474441528,0.15789473684210525,0.0,0.3693286180496216,-0.024107858538627625,,0,1
qwen32B-int4_telecom_50runs,verbalized,bge-m3,6bd1bd58-e12b-4163-a5f1-9ac1c0d9a03d,11,40,user,,,,,,0.4539088010787964,0,1
qwen32B-int4_telecom_50runs,verbalized,bge-m3,6bd1bd58-e12b-4163-a5f1-9ac1c0d9a03d,12,40,tool,,,,,,,0,1
qwen32B-int4_telecom_50runs,verbalized,bge-m3,6bd1bd58-e12b-4163-a5f1-9ac1c0d9a03d,13,40,user,,,,,,,0,1
qwen32B-int4_telecom_50runs,verbalized,bge-m3,6bd1bd58-e12b-4163-a5f1-9ac1c0d9a03d,14,40,tool,,,,,,,0,1
qwen32B-int4_telecom_50runs,verbalized,bge-m3,6bd1bd58-e12b-4163-a5f1-9ac1c0d9a03d,15,40,user,,,,,,,0,1
qwen32B-int4_telecom_50runs,verbalized,bge-m3,6bd1bd58-e12b-4163-a5f1-9ac1c0d9a03d,16,40,agent,,,,,,,0,1
qwen32B-int4_telecom_50runs,verbalized,bge-m3,6bd1bd58-e12b-4163-a5f1-9ac1c0d9a03d,17,40,user,,,,,,0.2360386848449707,0,1
qwen32B-int4_telecom_50runs,verbalized,bge-m3,6bd1bd58-e12b-4163-a5f1-9ac1c0d9a03d,18,40,agent,0.8562617301940918,0.1794871794871795,0.0,,,,0,1
qwen32B-int4_telecom_50runs,verbalized,bge-m3,6bd1bd58-e12b-4163-a5f1-9ac1c0d9a03d,19,40,user,,,,,,0.22302603721618652,0,1
qwen32B-int4_telecom_50runs,verbalized,bge-m3,6bd1bd58-e12b-4163-a5f1-9ac1c0d9a03d,20,40,agent,0.7727787494659424,0.19101123595505617,0.0,0.29826807975769043,-0.09866698086261749,,0,1
qwen32B-int4_telecom_50runs,verbalized,bge-m3,6bd1bd58-e12b-4163-a5f1-9ac1c0d9a03d,21,40,user,,,,,,0.37219172716140747,0,1
qwen32B-int4_telecom_50runs,verbalized,bge-m3,6bd1bd58-e12b-4163-a5f1-9ac1c0d9a03d,22,40,tool,,,,,,,0,1
qwen32B-int4_telecom_50runs,verbalized,bge-m3,6bd1bd58-e12b-4163-a5f1-9ac1c0d9a03d,23,40,user,,,,,,,0,1
qwen32B-int4_telecom_50runs,verbalized,bge-m3,6bd1bd58-e12b-4163-a5f1-9ac1c0d9a03d,24,40,tool,,,,,,,0,1
qwen32B-int4_telecom_50runs,verbalized,bge-m3,6bd1bd58-e12b-4163-a5f1-9ac1c0d9a03d,25,40,user,,,,,,,0,1
qwen32B-int4_telecom_50runs,verbalized,bge-m3,6bd1bd58-e12b-4163-a5f1-9ac1c0d9a03d,26,40,agent,,,,,,,0,1
qwen32B-int4_telecom_50runs,verbalized,bge-m3,6bd1bd58-e12b-4163-a5f1-9ac1c0d9a03d,27,40,user,,,,,,0.17280566692352295,0,1
qwen32B-int4_telecom_50runs,verbalized,bge-m3,6bd1bd58-e12b-4163-a5f1-9ac1c0d9a03d,28,40,agent,0.9014835357666016,0.32673267326732675,0.0,,,,0,1
qwen32B-int4_telecom_50runs,verbalized,bge-m3,6bd1bd58-e12b-4163-a5f1-9ac1c0d9a03d,29,40,user,,,,,,0.20881259441375732,0,1
qwen32B-int4_telecom_50runs,verbalized,bge-m3,6bd1bd58-e12b-4163-a5f1-9ac1c0d9a03d,30,40,agent,0.9447567462921143,0.5,0.0,,,,0,1
qwen32B-int4_telecom_50runs,verbalized,bge-m3,6bd1bd58-e12b-4163-a5f1-9ac1c0d9a03d,31,40,user,,,,,,0.19323015213012695,0,1
qwen32B-int4_telecom_50runs,verbalized,bge-m3,6bd1bd58-e12b-4163-a5f1-9ac1c0d9a03d,32,40,agent,0.7756701111793518,0.20833333333333334,0.0,0.3166343569755554,-0.07603804767131805,,0,1
qwen32B-int4_telecom_50runs,verbalized,bge-m3,6bd1bd58-e12b-4163-a5f1-9ac1c0d9a03d,33,40,user,,,,,,0.4295980930328369,0,1
qwen32B-int4_telecom_50runs,verbalized,bge-m3,6bd1bd58-e12b-4163-a5f1-9ac1c0d9a03d,34,40,tool,,,,,,,0,1
qwen32B-int4_telecom_50runs,verbalized,bge-m3,6bd1bd58-e12b-4163-a5f1-9ac1c0d9a03d,35,40,user,,,,,,,0,1
qwen32B-int4_telecom_50runs,verbalized,bge-m3,6bd1bd58-e12b-4163-a5f1-9ac1c0d9a03d,36,40,tool,,,,,,,0,1
qwen32B-int4_telecom_50runs,verbalized,bge-m3,6bd1bd58-e12b-4163-a5f1-9ac1c0d9a03d,37,40,user,,,,,,,0,1
qwen32B-int4_telecom_50runs,verbalized,bge-m3,6bd1bd58-e12b-4163-a5f1-9ac1c0d9a03d,38,40,agent,,,,,,,0,1
qwen32B-int4_telecom_50runs,verbalized,bge-m3,6bd1bd58-e12b-4163-a5f1-9ac1c0d9a03d,39,40,user,,,,,,0.568409651517868,0,1
