cell,traj_id,step_idx,U,da,label_fail
qwen14B-int4_airline_50runs,dc10830e-7e6f-4846-a47d-259ba0c783ef,0,,,0
qwen14B-int4_airline_50runs,dc10830e-7e6f-4846-a47d-259ba0c783ef,2,0.21335745143515755,0.0,0
qwen14B-int4_airline_50runs,dc10830e-7e6f-4846-a47d-259ba0c783ef,4,0.45610728848946336,0.04267017627030276,0
qwen14B-int4_airline_50runs,dc10830e-7e6f-4846-a47d-259ba0c783ef,6,0.3526353526213871,0.15352888964116573,0
qwen14B-int4_airline_50runs,dc10830e-7e6f-4846-a47d-259ba0c783ef,9,0.00810362368098719,0.006052809365001725,0
qwen14B-int4_airline_50runs,1df79703-9ab4-48b6-a163-70f6e331c42a,0,,,1
qwen14B-int4_airline_50runs,1df79703-9ab4-48b6-a163-70f6e331c42a,2,0.0011064119975753783,0.0,1
qwen14B-int4_airline_50runs,1df79703-9ab4-48b6-a163-70f6e331c42a,4,0.2693919114291882,0.0,1
qwen14B-int4_airline_50runs,1df79703-9ab4-48b6-a163-70f6e331c42a,6,0.0009473646387869887,0.11733534336090089,1
qwen14B-int4_airline_50runs,1df79703-9ab4-48b6-a163-70f6e331c42a,8,0.23429438515858303,0.33694708347320557,1
qwen14B-int4_airline_50runs,1df79703-9ab4-48b6-a163-70f6e331c42a,10,0.28350562927765544,0.03414522569913131,1
qwen14B-int4_airline_50runs,1df79703-9ab4-48b6-a163-70f6e331c42a,12,0.0010658863780158275,0.017967127050672257,1
qwen14B-int4_airline_50runs,01069cd4-e93f-4e9f-88cf-f85630f1ffa2,0,,,0
qwen14B-int4_airline_50runs,01069cd4-e93f-4e9f-88cf-f85630f1ffa2,2,0.24076258515444846,0.0,0
qwen14B-int4_airline_50runs,01069cd4-e93f-4e9f-88cf-f85630f1ffa2,4,0.2244517606075154,0.11888314969837666,0
qwen14B-int4_airline_50runs,01069cd4-e93f-4e9f-88cf-f85630f1ffa2,6,0.42698159400662355,0.1302608020451604,0
qwen14B-int4_airline_50runs,01069cd4-e93f-4e9f-88cf-f85630f1ffa2,8,0.36551844837690045,0.1146687956319915,0
qwen14B-int4_airline_50runs,01069cd4-e93f-4e9f-88cf-f85630f1ffa2,10,0.2034954840095226,0.22785355063045726,0
qwen14B-int4_airline_50runs,01069cd4-e93f-4e9f-88cf-f85630f1ffa2,12,0.07380114898927859,0.6727426257626764,0
qwen14B-int4_airline_50runs,01069cd4-e93f-4e9f-88cf-f85630f1ffa2,14,0.3060100860472341,0.09723421505519322,0
qwen14B-int4_airline_50runs,01069cd4-e93f-4e9f-88cf-f85630f1ffa2,16,0.26913470532601974,1.0,0
qwen14B-int4_airline_50runs,01069cd4-e93f-4e9f-88cf-f85630f1ffa2,18,0.4234233794652132,0.17231963142271964,0
qwen14B-int4_airline_50runs,01069cd4-e93f-4e9f-88cf-f85630f1ffa2,20,0.25340310723587417,1.0,0
qwen14B-int4_airline_50runs,01069cd4-e93f-4e9f-88cf-f85630f1ffa2,22,0.2706530429213175,0.3219016075134277,0
qwen14B-int4_airline_50runs,8ead6518-9f12-4246-8bf2-68309cec8a7d,0,,,0
qwen14B-int4_airline_50runs,8ead6518-9f12-4246-8bf2-68309cec8a7d,2,0.310854941634354,0.0,0
qwen14B-int4_airline_50runs,8ead6518-9f12-4246-8bf2-68309cec8a7d,4,0.5963226100752602,0.0749689280986786,0
qwen14B-int4_airline_50runs,8ead6518-9f12-4246-8bf2-68309cec8a7d,6,0.1487207597418887,0.061842670627668794,0
qwen14B-int4_airline_50runs,8ead6518-9f12-4246-8bf2-68309cec8a7d,8,0.005233992287731394,0.0,0
qwen14B-int4_airline_50runs,1cc77d2a-b7b7-4903-bc4b-a4ecde660f1b,0,,,1
qwen14B-int4_airline_50runs,1cc77d2a-b7b7-4903-bc4b-a4ecde660f1b,2,0.25016262016288354,0.0,1
qwen14B-int4_airline_50runs,1cc77d2a-b7b7-4903-bc4b-a4ecde660f1b,4,0.29092327447537036,0.061503847440083824,1
qwen14B-int4_airline_50runs,1cc77d2a-b7b7-4903-bc4b-a4ecde660f1b,6,0.0010144792601957146,0.0,1
qwen14B-int4_airline_50runs,1cc77d2a-b7b7-4903-bc4b-a4ecde660f1b,8,0.3244753060627272,0.1399267043756402,1
qwen14B-int4_airline_50runs,1cc77d2a-b7b7-4903-bc4b-a4ecde660f1b,10,0.00020083105740923202,0.11927070617675782,1
qwen14B-int4_airline_50runs,1cc77d2a-b7b7-4903-bc4b-a4ecde660f1b,12,0.3106132234944812,0.19515456072986126,1
qwen14B-int4_airline_50runs,1cc77d2a-b7b7-4903-bc4b-a4ecde660f1b,14,0.29535416527532987,0.2753595404508637,1
qwen14B-int4_airline_50runs,1cc77d2a-b7b7-4903-bc4b-a4ecde660f1b,16,0.005287210533752056,0.08917562166849771,1
qwen14B-int4_airline_50runs,1cc77d2a-b7b7-4903-bc4b-a4ecde660f1b,18,0.011200881818619493,0.5629541516304016,1
qwen14B-int4_airline_50runs,1cc77d2a-b7b7-4903-bc4b-a4ecde660f1b,20,0.06832338190181625,0.5718095541000366,1
qwen14B-int4_airline_50runs,1cc77d2a-b7b7-4903-bc4b-a4ecde660f1b,22,0.008255146620185817,0.5575334429740906,1
qwen14B-int4_airline_50runs,1cc77d2a-b7b7-4903-bc4b-a4ecde660f1b,24,0.1525071542413387,0.008302292947111458,1
qwen14B-int4_airline_50runs,1cc77d2a-b7b7-4903-bc4b-a4ecde660f1b,26,0.23253780657718534,0.05325965989719738,1
qwen14B-int4_airline_50runs,09fef2b8-c582-4ae8-9ab4-a716a9bc2bae,0,,,0
qwen14B-int4_airline_50runs,09fef2b8-c582-4ae8-9ab4-a716a9bc2bae,2,0.42980884231618366,0.0,0
qwen14B-int4_airline_50runs,09fef2b8-c582-4ae8-9ab4-a716a9bc2bae,4,0.34400919023052245,0.09743042481251252,0
qwen14B-int4_airline_50runs,09fef2b8-c582-4ae8-9ab4-a716a9bc2bae,6,0.3863979611557728,0.18754276808570414,0
qwen14B-int4_airline_50runs,09fef2b8-c582-4ae8-9ab4-a716a9bc2bae,8,0.10049878180625994,0.008599916757163355,0
qwen14B-int4_airline_50runs,f693bf41-37ac-472f-bc55-a51045061b1a,0,,,0
qwen14B-int4_airline_50runs,f693bf41-37ac-472f-bc55-a51045061b1a,2,0.23575615107407125,0.0,0
qwen14B-int4_airline_50runs,f693bf41-37ac-472f-bc55-a51045061b1a,4,0.31288644357090556,0.05532156902810802,0
qwen14B-int4_airline_50runs,f693bf41-37ac-472f-bc55-a51045061b1a,6,0.3129943029363751,1.0,0
qwen14B-int4_airline_50runs,f693bf41-37ac-472f-bc55-a51045061b1a,8,0.375671362442342,0.34842188963814386,0
qwen14B-int4_airline_50runs,f693bf41-37ac-472f-bc55-a51045061b1a,10,0.2532396641565355,1.0,0
qwen14B-int4_airline_50runs,f693bf41-37ac-472f-bc55-a51045061b1a,12,0.29066206679922013,0.36280180513858795,0
qwen14B-int4_airline_50runs,f693bf41-37ac-472f-bc55-a51045061b1a,14,0.228911777482035,0.08554610168492352,0
qwen14B-int4_airline_50runs,f693bf41-37ac-472f-bc55-a51045061b1a,16,0.005592095595043128,0.0,0
qwen14B-int4_airline_50runs,a16d9f51-9fcb-4cdb-bb50-27e2b86fea47,0,,,1
qwen14B-int4_airline_50runs,a16d9f51-9fcb-4cdb-bb50-27e2b86fea47,2,0.22203264761352007,0.0,1
qwen14B-int4_airline_50runs,a16d9f51-9fcb-4cdb-bb50-27e2b86fea47,4,0.33109465021789886,0.07488684521781074,1
qwen14B-int4_airline_50runs,a16d9f51-9fcb-4cdb-bb50-27e2b86fea47,6,0.02027669672997289,0.029251039028167725,1
qwen14B-int4_airline_50runs,a16d9f51-9fcb-4cdb-bb50-27e2b86fea47,8,0.32039271662474117,0.2019625554482142,1
qwen14B-int4_airline_50runs,a16d9f51-9fcb-4cdb-bb50-27e2b86fea47,10,0.0019069004693422571,0.07903687159220377,1
qwen14B-int4_airline_50runs,a16d9f51-9fcb-4cdb-bb50-27e2b86fea47,15,0.12721149575051843,0.08267706216767777,1
qwen14B-int4_airline_50runs,a16d9f51-9fcb-4cdb-bb50-27e2b86fea47,17,0.0021084330811695713,0.13227737719012844,1
qwen14B-int4_airline_50runs,a16d9f51-9fcb-4cdb-bb50-27e2b86fea47,21,0.0703926455710486,0.06358909065073187,1
qwen14B-int4_airline_50runs,a16d9f51-9fcb-4cdb-bb50-27e2b86fea47,23,0.22967400789216366,0.08313279232736362,1
qwen14B-int4_airline_50runs,74c6226f-47f9-4036-927b-86123e7b448d,0,,,1
qwen14B-int4_airline_50runs,74c6226f-47f9-4036-927b-86123e7b448d,2,0.32003191767265504,0.0,1
qwen14B-int4_airline_50runs,74c6226f-47f9-4036-927b-86123e7b448d,4,0.1365957125054656,0.0913593776618378,1
qwen14B-int4_airline_50runs,74c6226f-47f9-4036-927b-86123e7b448d,6,0.3679296362472676,0.13042491268027914,1
qwen14B-int4_airline_50runs,74c6226f-47f9-4036-927b-86123e7b448d,8,0.12738100661533147,0.1425650683609215,1
qwen14B-int4_airline_50runs,74c6226f-47f9-4036-927b-86123e7b448d,10,0.15440028665337815,0.17449779510498045,1
qwen14B-int4_airline_50runs,74c6226f-47f9-4036-927b-86123e7b448d,12,0.11861988858934586,0.13527199340193238,1
qwen14B-int4_airline_50runs,74c6226f-47f9-4036-927b-86123e7b448d,14,0.0885526728090576,0.5447289300343346,1
qwen14B-int4_airline_50runs,74c6226f-47f9-4036-927b-86123e7b448d,16,0.004573426914121216,0.1612846963107586,1
qwen14B-int4_airline_50runs,74c6226f-47f9-4036-927b-86123e7b448d,18,0.2622151739707492,0.14925710243337295,1
qwen14B-int4_airline_50runs,74c6226f-47f9-4036-927b-86123e7b448d,20,0.32299853792939576,1.0,1
qwen14B-int4_airline_50runs,74c6226f-47f9-4036-927b-86123e7b448d,22,0.303472178245652,0.10466943740844727,1
qwen14B-int4_airline_50runs,7ff0a5ca-9aea-4709-956f-27d12be48bef,0,,,1
qwen14B-int4_airline_50runs,7ff0a5ca-9aea-4709-956f-27d12be48bef,2,0.2394830394328879,0.0,1
qwen14B-int4_airline_50runs,7ff0a5ca-9aea-4709-956f-27d12be48bef,4,0.40464078810732995,0.10733922933920836,1
qwen14B-int4_airline_50runs,7ff0a5ca-9aea-4709-956f-27d12be48bef,6,0.41016594095020836,0.25157981872558594,1
qwen14B-int4_airline_50runs,7ff0a5ca-9aea-4709-956f-27d12be48bef,8,0.2602095230743693,0.16495354321538186,1
qwen14B-int4_airline_50runs,7ff0a5ca-9aea-4709-956f-27d12be48bef,10,0.3001723648586712,0.2409727790138938,1
qwen14B-int4_airline_50runs,7ff0a5ca-9aea-4709-956f-27d12be48bef,12,0.2456912385722167,0.1798012082496386,1
qwen14B-int4_airline_50runs,7ff0a5ca-9aea-4709-956f-27d12be48bef,14,0.13073866861556754,0.1235212470000645,1
qwen14B-int4_airline_50runs,7ff0a5ca-9aea-4709-956f-27d12be48bef,16,0.005383620866002116,0.011022102141725844,1
qwen14B-int4_airline_50runs,2209bccb-723e-4e1f-85ff-dbcc60bbd947,0,,,1
qwen14B-int4_airline_50runs,2209bccb-723e-4e1f-85ff-dbcc60bbd947,2,0.21206279839792572,0.0,1
qwen14B-int4_airline_50runs,2209bccb-723e-4e1f-85ff-dbcc60bbd947,4,0.16370337985155908,0.24401624019329365,1
qwen14B-int4_airline_50runs,2209bccb-723e-4e1f-85ff-dbcc60bbd947,7,0.2001878803127679,0.315896651516222,1
qwen14B-int4_airline_50runs,2209bccb-723e-4e1f-85ff-dbcc60bbd947,9,0.530755636579266,0.1121395698076562,1
qwen14B-int4_airline_50runs,2209bccb-723e-4e1f-85ff-dbcc60bbd947,11,0.10892694221245978,1.0,1
qwen14B-int4_airline_50runs,2209bccb-723e-4e1f-85ff-dbcc60bbd947,14,0.18085638366663054,1.0,1
qwen14B-int4_airline_50runs,2209bccb-723e-4e1f-85ff-dbcc60bbd947,17,0.1968754776905984,1.0,1
qwen14B-int4_airline_50runs,2209bccb-723e-4e1f-85ff-dbcc60bbd947,20,0.12453394453228395,1.0,1
qwen14B-int4_airline_50runs,2209bccb-723e-4e1f-85ff-dbcc60bbd947,23,0.0728914240903348,0.7389935834067208,1
qwen14B-int4_airline_50runs,2209bccb-723e-4e1f-85ff-dbcc60bbd947,25,0.05466437089033728,1.0,1
qwen14B-int4_airline_50runs,2209bccb-723e-4e1f-85ff-dbcc60bbd947,28,0.12338102850301211,0.25696704231324746,1
qwen14B-int4_airline_50runs,2209bccb-723e-4e1f-85ff-dbcc60bbd947,30,0.05882326282918854,0.5553428871291024,1
qwen14B-int4_airline_50runs,30b588ae-c5b3-4016-8762-eea699e99e78,0,,,1
qwen14B-int4_airline_50runs,30b588ae-c5b3-4016-8762-eea699e99e78,2,0.2390441385352384,0.0,1
qwen14B-int4_airline_50runs,30b588ae-c5b3-4016-8762-eea699e99e78,5,0.36990628515760926,0.1491501787875561,1
qwen14B-int4_airline_50runs,30b588ae-c5b3-4016-8762-eea699e99e78,7,0.14500071589842586,0.14214824323784814,1
qwen14B-int4_airline_50runs,30b588ae-c5b3-4016-8762-eea699e99e78,11,0.2455470704842006,0.2515967860817909,1
qwen14B-int4_airline_50runs,30b588ae-c5b3-4016-8762-eea699e99e78,13,0.3370241247068105,0.08007576767827423,1
qwen14B-int4_airline_50runs,30b588ae-c5b3-4016-8762-eea699e99e78,15,0.1547529996224072,0.18682260811328888,1
qwen14B-int4_airline_50runs,30b588ae-c5b3-4016-8762-eea699e99e78,18,0.2626964308428947,0.22411188871964163,1
qwen14B-int4_airline_50runs,30b588ae-c5b3-4016-8762-eea699e99e78,20,0.1025878498497497,0.34828749569979583,1
qwen14B-int4_airline_50runs,30b588ae-c5b3-4016-8762-eea699e99e78,22,0.23251083374066667,0.28354036808013916,1
qwen14B-int4_airline_50runs,30b588ae-c5b3-4016-8762-eea699e99e78,24,0.04626688356068172,0.5405887876238141,1
qwen14B-int4_airline_50runs,30b588ae-c5b3-4016-8762-eea699e99e78,26,0.03434116412586776,0.11417691524212177,1
qwen14B-int4_airline_50runs,30b588ae-c5b3-4016-8762-eea699e99e78,28,0.15503922187189473,0.26212658003123124,1
qwen14B-int4_airline_50runs,30b588ae-c5b3-4016-8762-eea699e99e78,30,0.030553254548495477,0.27152257442474365,1
qwen14B-int4_airline_50runs,30b588ae-c5b3-4016-8762-eea699e99e78,32,0.29528806487608145,0.09763955843599537,1
qwen14B-int4_airline_50runs,30b588ae-c5b3-4016-8762-eea699e99e78,34,0.017775120518064694,0.6978255185213956,1
qwen14B-int4_airline_50runs,30b588ae-c5b3-4016-8762-eea699e99e78,36,0.21672186753076436,0.3202518701553345,1
qwen14B-int4_airline_50runs,30b588ae-c5b3-4016-8762-eea699e99e78,38,0.006075710218245218,0.8763373777979896,1
qwen14B-int4_airline_50runs,30b588ae-c5b3-4016-8762-eea699e99e78,41,0.1747470784460724,0.43933464624942875,1
qwen14B-int4_airline_50runs,30b588ae-c5b3-4016-8762-eea699e99e78,43,0.0029438837808593286,1.0,1
qwen14B-int4_airline_50runs,30b588ae-c5b3-4016-8762-eea699e99e78,46,0.04930524530349542,0.7158934913183513,1
qwen14B-int4_airline_50runs,30b588ae-c5b3-4016-8762-eea699e99e78,48,0.003903606166669678,1.0,1
qwen14B-int4_airline_50runs,30b588ae-c5b3-4016-8762-eea699e99e78,51,0.03783943423377183,0.7149027680095873,1
qwen14B-int4_airline_50runs,30b588ae-c5b3-4016-8762-eea699e99e78,53,0.004072370950973949,1.0,1
qwen14B-int4_airline_50runs,30b588ae-c5b3-4016-8762-eea699e99e78,56,0.012747210238386007,0.712341540738156,1
qwen14B-int4_airline_50runs,30b588ae-c5b3-4016-8762-eea699e99e78,58,0.010349688310817874,1.0,1
qwen14B-int4_airline_50runs,30b588ae-c5b3-4016-8762-eea699e99e78,61,0.014429509701346583,0.7084892768608897,1
qwen14B-int4_airline_50runs,30b588ae-c5b3-4016-8762-eea699e99e78,63,0.00703360490034827,1.0,1
qwen14B-int4_airline_50runs,30b588ae-c5b3-4016-8762-eea699e99e78,66,0.006493873409887122,0.7206260844280845,1
qwen14B-int4_airline_50runs,30b588ae-c5b3-4016-8762-eea699e99e78,68,0.0136540861072104,0.8768129504862285,1
qwen14B-int4_airline_50runs,30b588ae-c5b3-4016-8762-eea699e99e78,70,0.07130220151111286,0.5817620424514122,1
qwen14B-int4_airline_50runs,4c12256e-a97e-489f-9425-e0b66a4c0203,0,,,1
qwen14B-int4_airline_50runs,4c12256e-a97e-489f-9425-e0b66a4c0203,2,0.28074796965282817,0.0,1
qwen14B-int4_airline_50runs,4c12256e-a97e-489f-9425-e0b66a4c0203,4,0.0024913003191375793,0.0,1
qwen14B-int4_airline_50runs,4c12256e-a97e-489f-9425-e0b66a4c0203,6,0.26932774877650567,0.22909234315156937,1
qwen14B-int4_airline_50runs,4c12256e-a97e-489f-9425-e0b66a4c0203,8,0.3488487083488485,0.13950304908955352,1
qwen14B-int4_airline_50runs,4c12256e-a97e-489f-9425-e0b66a4c0203,10,0.16348679330350505,0.15010700871547064,1
qwen14B-int4_airline_50runs,4c12256e-a97e-489f-9425-e0b66a4c0203,15,0.2225276325724536,0.13148367233001268,1
qwen14B-int4_airline_50runs,4c12256e-a97e-489f-9425-e0b66a4c0203,17,0.34300300704381026,0.04309235951479744,1
qwen14B-int4_airline_50runs,7409f83a-dea4-4606-9d22-ffa58355cb81,0,,,0
qwen14B-int4_airline_50runs,7409f83a-dea4-4606-9d22-ffa58355cb81,2,0.4529476494299785,0.0,0
qwen14B-int4_airline_50runs,7409f83a-dea4-4606-9d22-ffa58355cb81,4,0.0017438654065200304,0.013105218940311008,0
qwen14B-int4_airline_50runs,7409f83a-dea4-4606-9d22-ffa58355cb81,7,0.4970433978981626,0.1575150796345302,0
qwen14B-int4_airline_50runs,7409f83a-dea4-4606-9d22-ffa58355cb81,9,0.05120505222074046,0.20443412836860209,0
qwen14B-int4_airline_50runs,7409f83a-dea4-4606-9d22-ffa58355cb81,11,0.29151496256720916,0.11852742944444929,0
qwen14B-int4_airline_50runs,7409f83a-dea4-4606-9d22-ffa58355cb81,13,0.3625327112774517,0.027428148757843742,0
qwen14B-int4_airline_50runs,7409f83a-dea4-4606-9d22-ffa58355cb81,15,0.25503918348981874,0.19063082901207176,0
qwen14B-int4_airline_50runs,7409f83a-dea4-4606-9d22-ffa58355cb81,17,0.042818218792137645,0.05078344778581099,0
qwen14B-int4_airline_50runs,7409f83a-dea4-4606-9d22-ffa58355cb81,19,0.08568525484091101,0.04581327344241895,0
qwen14B-int4_airline_50runs,7409f83a-dea4-4606-9d22-ffa58355cb81,21,0.11313974019418142,0.4126671123504638,0
qwen14B-int4_airline_50runs,7409f83a-dea4-4606-9d22-ffa58355cb81,23,0.049729060112707286,0.525533823256797,0
qwen14B-int4_airline_50runs,7409f83a-dea4-4606-9d22-ffa58355cb81,25,0.09506591618937894,0.2483804909621968,0
qwen14B-int4_airline_50runs,7409f83a-dea4-4606-9d22-ffa58355cb81,27,0.1296033034440317,0.2435776671537986,0
qwen14B-int4_airline_50runs,7409f83a-dea4-4606-9d22-ffa58355cb81,29,0.13552710354818415,0.14448718502096933,0
qwen14B-int4_airline_50runs,7409f83a-dea4-4606-9d22-ffa58355cb81,31,0.05164895463866581,0.34548587799072267,0
qwen14B-int4_airline_50runs,bbcf19f5-964f-4fc8-a2a9-2c2310c778eb,0,,,1
qwen14B-int4_airline_50runs,bbcf19f5-964f-4fc8-a2a9-2c2310c778eb,2,0.30250494423032454,0.0,1
qwen14B-int4_airline_50runs,bbcf19f5-964f-4fc8-a2a9-2c2310c778eb,4,0.2613331007709132,0.20584120405347722,1
qwen14B-int4_airline_50runs,bbcf19f5-964f-4fc8-a2a9-2c2310c778eb,6,0.3971826243351237,0.16517027178589178,1
qwen14B-int4_airline_50runs,bbcf19f5-964f-4fc8-a2a9-2c2310c778eb,8,0.1658646064058908,0.1918926239013672,1
qwen14B-int4_airline_50runs,bbcf19f5-964f-4fc8-a2a9-2c2310c778eb,10,0.12921985289284907,0.16734708187191985,1
qwen14B-int4_airline_50runs,bbcf19f5-964f-4fc8-a2a9-2c2310c778eb,12,0.1573400928224142,0.11132462059750277,1
qwen14B-int4_airline_50runs,bbcf19f5-964f-4fc8-a2a9-2c2310c778eb,14,0.19949692423037022,0.16536055753628415,1
qwen14B-int4_airline_50runs,bbcf19f5-964f-4fc8-a2a9-2c2310c778eb,16,0.17083340864886598,0.3623913873600054,1
qwen14B-int4_airline_50runs,bbcf19f5-964f-4fc8-a2a9-2c2310c778eb,18,0.23013454204227954,0.24806915833191437,1
qwen14B-int4_airline_50runs,cc411023-3bae-4869-bbd0-db8c61c1af1a,0,,,0
qwen14B-int4_airline_50runs,cc411023-3bae-4869-bbd0-db8c61c1af1a,2,0.3857213249815781,0.0,0
qwen14B-int4_airline_50runs,cc411023-3bae-4869-bbd0-db8c61c1af1a,4,0.21995933230418327,0.09785681421106512,0
qwen14B-int4_airline_50runs,cc411023-3bae-4869-bbd0-db8c61c1af1a,6,0.4150624048919606,0.10604150478656477,0
qwen14B-int4_airline_50runs,cc411023-3bae-4869-bbd0-db8c61c1af1a,8,0.31763926946073945,0.19485008072208715,0
qwen14B-int4_airline_50runs,cc411023-3bae-4869-bbd0-db8c61c1af1a,10,0.0033419061769435045,0.011731213331222535,0
qwen14B-int4_airline_50runs,cc411023-3bae-4869-bbd0-db8c61c1af1a,12,0.35733911282214853,0.1736456469485634,0
qwen14B-int4_airline_50runs,cc411023-3bae-4869-bbd0-db8c61c1af1a,14,0.03256744660517213,0.4863350987434387,0
qwen14B-int4_airline_50runs,cc411023-3bae-4869-bbd0-db8c61c1af1a,16,0.3185944693935048,0.4689774811267853,0
qwen14B-int4_airline_50runs,cc411023-3bae-4869-bbd0-db8c61c1af1a,18,0.10849834311131289,1.0,0
qwen14B-int4_airline_50runs,cc411023-3bae-4869-bbd0-db8c61c1af1a,20,0.37089555460961904,0.3775915337933434,0
qwen14B-int4_airline_50runs,cc411023-3bae-4869-bbd0-db8c61c1af1a,22,0.11340754759875306,0.3265164115212181,0
qwen14B-int4_airline_50runs,cc411023-3bae-4869-bbd0-db8c61c1af1a,24,0.19465610169597972,0.1336864779392878,0
qwen14B-int4_airline_50runs,cc411023-3bae-4869-bbd0-db8c61c1af1a,26,0.23744081606926576,0.10301972402108683,0
qwen14B-int4_airline_50runs,cc411023-3bae-4869-bbd0-db8c61c1af1a,28,0.11553469909768899,0.17771164455064914,0
qwen14B-int4_airline_50runs,cc411023-3bae-4869-bbd0-db8c61c1af1a,30,0.06961620724749763,0.11433776955545684,0
qwen14B-int4_airline_50runs,cc411023-3bae-4869-bbd0-db8c61c1af1a,32,0.057413367933459705,0.08549684948391384,0
qwen14B-int4_airline_50runs,cc411023-3bae-4869-bbd0-db8c61c1af1a,34,0.134944075109587,0.2255635176386152,0
qwen14B-int4_airline_50runs,cc411023-3bae-4869-bbd0-db8c61c1af1a,36,0.057081321024121716,0.6028897102062519,0
qwen14B-int4_airline_50runs,cc411023-3bae-4869-bbd0-db8c61c1af1a,38,0.09549538373984669,0.2375186797111265,0
qwen14B-int4_airline_50runs,6351f188-9ebd-429f-b098-39fb2b36a92d,0,,,1
qwen14B-int4_airline_50runs,6351f188-9ebd-429f-b098-39fb2b36a92d,2,0.3902874364373394,0.0,1
qwen14B-int4_airline_50runs,6351f188-9ebd-429f-b098-39fb2b36a92d,4,0.29065613237639704,0.16697200922898842,1
qwen14B-int4_airline_50runs,6351f188-9ebd-429f-b098-39fb2b36a92d,6,0.0026381875834137042,0.0,1
qwen14B-int4_airline_50runs,6351f188-9ebd-429f-b098-39fb2b36a92d,8,0.20279973688004505,0.13067763740733518,1
qwen14B-int4_airline_50runs,6351f188-9ebd-429f-b098-39fb2b36a92d,10,0.0003631861397718999,0.4609947204589844,1
qwen14B-int4_airline_50runs,6351f188-9ebd-429f-b098-39fb2b36a92d,12,0.219774134883758,0.17584766992708534,1
qwen14B-int4_airline_50runs,6351f188-9ebd-429f-b098-39fb2b36a92d,14,0.00043273524893194804,0.4717661738395691,1
qwen14B-int4_airline_50runs,6351f188-9ebd-429f-b098-39fb2b36a92d,16,0.09360808755556531,0.826030973593394,1
qwen14B-int4_airline_50runs,6351f188-9ebd-429f-b098-39fb2b36a92d,18,0.0015478419093614296,0.46143680810928345,1
qwen14B-int4_airline_50runs,6351f188-9ebd-429f-b098-39fb2b36a92d,20,0.10989664140048169,0.6391732967816867,1
qwen14B-int4_airline_50runs,967f992d-dc4b-4908-bd3b-444545f7d62d,0,,,1
qwen14B-int4_airline_50runs,967f992d-dc4b-4908-bd3b-444545f7d62d,2,0.3632425149912887,0.0,1
qwen14B-int4_airline_50runs,967f992d-dc4b-4908-bd3b-444545f7d62d,4,0.010052103132857109,0.0,1
qwen14B-int4_airline_50runs,967f992d-dc4b-4908-bd3b-444545f7d62d,6,0.32973950949436065,0.14007278203964235,1
qwen14B-int4_airline_50runs,967f992d-dc4b-4908-bd3b-444545f7d62d,8,0.029401150365695537,0.05840134699093668,1
qwen14B-int4_airline_50runs,967f992d-dc4b-4908-bd3b-444545f7d62d,16,0.25900626302515956,0.16549539893538087,1
qwen14B-int4_airline_50runs,967f992d-dc4b-4908-bd3b-444545f7d62d,18,0.30584861935387336,0.29744382415499004,1
qwen14B-int4_airline_50runs,967f992d-dc4b-4908-bd3b-444545f7d62d,20,0.26872154336760296,0.11448068171739578,1
qwen14B-int4_airline_50runs,9ca032eb-411b-46cc-8b80-33aac1249bab,0,,,0
qwen14B-int4_airline_50runs,9ca032eb-411b-46cc-8b80-33aac1249bab,2,0.3062430864331784,0.0,0
qwen14B-int4_airline_50runs,9ca032eb-411b-46cc-8b80-33aac1249bab,4,0.2532125972300168,0.0,0
qwen14B-int4_airline_50runs,9ca032eb-411b-46cc-8b80-33aac1249bab,7,0.3609189734756788,0.09880569631403142,0
qwen14B-int4_airline_50runs,9ca032eb-411b-46cc-8b80-33aac1249bab,9,0.026828432437782407,0.18653612787073307,0
qwen14B-int4_airline_50runs,9ca032eb-411b-46cc-8b80-33aac1249bab,13,0.22217249071447367,0.0698589988052845,0
qwen14B-int4_airline_50runs,9ca032eb-411b-46cc-8b80-33aac1249bab,15,0.3437763574751637,0.08119703663720025,0
qwen14B-int4_airline_50runs,9ca032eb-411b-46cc-8b80-33aac1249bab,17,0.2140057900016528,0.09926905114966703,0
qwen14B-int4_airline_50runs,a66b2183-b183-4bd2-9179-f06e50aaae74,0,,,1
qwen14B-int4_airline_50runs,a66b2183-b183-4bd2-9179-f06e50aaae74,2,0.2567950209850486,0.0,1
qwen14B-int4_airline_50runs,a66b2183-b183-4bd2-9179-f06e50aaae74,4,0.3855091196204113,0.07362041608342584,1
qwen14B-int4_airline_50runs,a66b2183-b183-4bd2-9179-f06e50aaae74,6,0.3994732401857593,0.17640373424479835,1
qwen14B-int4_airline_50runs,a66b2183-b183-4bd2-9179-f06e50aaae74,8,0.16593507736277766,0.09807740611794553,1
qwen14B-int4_airline_50runs,a66b2183-b183-4bd2-9179-f06e50aaae74,10,0.25675289536191404,0.15709650867125566,1
qwen14B-int4_airline_50runs,a66b2183-b183-4bd2-9179-f06e50aaae74,12,0.3376104474699458,0.19105493535800855,1
qwen14B-int4_airline_50runs,a66b2183-b183-4bd2-9179-f06e50aaae74,14,0.34865555504493906,0.10488612055778503,1
qwen14B-int4_airline_50runs,a66b2183-b183-4bd2-9179-f06e50aaae74,16,0.16866137911915804,0.15360900163650515,1
qwen14B-int4_airline_50runs,a66b2183-b183-4bd2-9179-f06e50aaae74,18,0.22302538146134837,0.11680649794065036,1
qwen14B-int4_airline_50runs,a66b2183-b183-4bd2-9179-f06e50aaae74,20,0.19615827787313336,0.26175321578979494,1
qwen14B-int4_airline_50runs,a66b2183-b183-4bd2-9179-f06e50aaae74,22,0.24939280952725842,0.1454474093779078,1
qwen14B-int4_airline_50runs,616bc99f-787a-4b2c-9dc5-51400bf0e6ec,0,,,1
qwen14B-int4_airline_50runs,616bc99f-787a-4b2c-9dc5-51400bf0e6ec,2,0.3546495933662341,0.0,1
qwen14B-int4_airline_50runs,616bc99f-787a-4b2c-9dc5-51400bf0e6ec,4,0.004559721900266728,0.0,1
qwen14B-int4_airline_50runs,616bc99f-787a-4b2c-9dc5-51400bf0e6ec,6,0.3794297213353275,0.13275038719177246,1
qwen14B-int4_airline_50runs,616bc99f-787a-4b2c-9dc5-51400bf0e6ec,8,0.200965040839095,0.04256794452667236,1
qwen14B-int4_airline_50runs,616bc99f-787a-4b2c-9dc5-51400bf0e6ec,10,0.08119953614993891,0.34722718099753064,1
qwen14B-int4_airline_50runs,616bc99f-787a-4b2c-9dc5-51400bf0e6ec,12,0.2312375728829213,0.12255841866135597,1
qwen14B-int4_airline_50runs,616bc99f-787a-4b2c-9dc5-51400bf0e6ec,14,0.2024200057258885,0.15844860497642965,1
qwen14B-int4_airline_50runs,616bc99f-787a-4b2c-9dc5-51400bf0e6ec,16,0.006007370013765776,0.07296768147894676,1
qwen14B-int4_airline_50runs,616bc99f-787a-4b2c-9dc5-51400bf0e6ec,18,0.23589706991849302,0.11841435683401007,1
qwen14B-int4_airline_50runs,616bc99f-787a-4b2c-9dc5-51400bf0e6ec,20,0.09874395929942957,0.3504399868158194,1
qwen14B-int4_airline_50runs,616bc99f-787a-4b2c-9dc5-51400bf0e6ec,22,0.23516122365380046,0.3493670600431937,1
qwen14B-int4_airline_50runs,616bc99f-787a-4b2c-9dc5-51400bf0e6ec,24,0.00081345029901764,0.37146526116591233,1
qwen14B-int4_airline_50runs,616bc99f-787a-4b2c-9dc5-51400bf0e6ec,26,0.09900949513939604,0.06492092335118657,1
qwen14B-int4_airline_50runs,5f8411cc-86ca-4630-9b22-a7f80b2191f0,0,,,1
qwen14B-int4_airline_50runs,5f8411cc-86ca-4630-9b22-a7f80b2191f0,2,0.2534139044242565,0.0,1
qwen14B-int4_airline_50runs,5f8411cc-86ca-4630-9b22-a7f80b2191f0,4,0.002880225813984702,0.0,1
qwen14B-int4_airline_50runs,5f8411cc-86ca-4630-9b22-a7f80b2191f0,6,0.2929557354972583,0.07216107845306396,1
qwen14B-int4_airline_50runs,5f8411cc-86ca-4630-9b22-a7f80b2191f0,8,0.4432219309552105,0.12391367084101626,1
qwen14B-int4_airline_50runs,5f8411cc-86ca-4630-9b22-a7f80b2191f0,10,0.018940058029436102,0.13145238161087036,1
qwen14B-int4_airline_50runs,5f8411cc-86ca-4630-9b22-a7f80b2191f0,12,0.4057408900126333,0.05790869235992432,1
qwen14B-int4_airline_50runs,5f8411cc-86ca-4630-9b22-a7f80b2191f0,14,0.27618127340778587,0.1645691572574147,1
qwen14B-int4_airline_50runs,5f8411cc-86ca-4630-9b22-a7f80b2191f0,16,0.2952042567766826,0.15497014352253505,1
qwen14B-int4_airline_50runs,5f8411cc-86ca-4630-9b22-a7f80b2191f0,18,0.017290671853687052,0.08006627342917702,1
qwen14B-int4_airline_50runs,5f8411cc-86ca-4630-9b22-a7f80b2191f0,23,0.37874502891291106,0.10957211675778242,1
qwen14B-int4_airline_50runs,5f8411cc-86ca-4630-9b22-a7f80b2191f0,25,0.4019892754336705,0.21621689663992985,1
qwen14B-int4_airline_50runs,5f8411cc-86ca-4630-9b22-a7f80b2191f0,27,0.2853241840371921,0.16581163167953492,1
qwen14B-int4_airline_50runs,5f8411cc-86ca-4630-9b22-a7f80b2191f0,29,0.050552799394476364,1.0,1
qwen14B-int4_airline_50runs,5f8411cc-86ca-4630-9b22-a7f80b2191f0,32,0.20893594140055194,0.19834131002426147,1
qwen14B-int4_airline_50runs,5f8411cc-86ca-4630-9b22-a7f80b2191f0,34,0.07395818868071566,0.03011136531829834,1
qwen14B-int4_airline_50runs,508096cf-228c-4664-a72d-9fe96776cd3d,0,,,1
qwen14B-int4_airline_50runs,508096cf-228c-4664-a72d-9fe96776cd3d,2,0.012743998318718308,0.0,1
qwen14B-int4_airline_50runs,508096cf-228c-4664-a72d-9fe96776cd3d,4,0.2943240540154582,0.0,1
qwen14B-int4_airline_50runs,508096cf-228c-4664-a72d-9fe96776cd3d,6,0.009315414717594213,0.045163288712501526,1
qwen14B-int4_airline_50runs,508096cf-228c-4664-a72d-9fe96776cd3d,11,0.14529548350781513,0.13104528188705444,1
qwen14B-int4_airline_50runs,508096cf-228c-4664-a72d-9fe96776cd3d,16,0.12849912607648206,1.0,1
qwen14B-int4_airline_50runs,508096cf-228c-4664-a72d-9fe96776cd3d,21,0.30975649584957576,0.25553941907304706,1
qwen14B-int4_airline_50runs,508096cf-228c-4664-a72d-9fe96776cd3d,23,0.3535110682498745,0.01652751724387324,1
qwen14B-int4_airline_50runs,508096cf-228c-4664-a72d-9fe96776cd3d,25,0.11918716638778178,0.16498538219567502,1
qwen14B-int4_airline_50runs,508096cf-228c-4664-a72d-9fe96776cd3d,27,0.21754920747495907,0.09023052724924954,1
qwen14B-int4_airline_50runs,508096cf-228c-4664-a72d-9fe96776cd3d,29,0.14920621215723015,1.0,1
qwen14B-int4_airline_50runs,508096cf-228c-4664-a72d-9fe96776cd3d,31,0.10203884024437071,0.4645918607711792,1
qwen14B-int4_airline_50runs,508096cf-228c-4664-a72d-9fe96776cd3d,33,0.13878891393789747,0.32059921117929313,1
qwen14B-int4_airline_50runs,508096cf-228c-4664-a72d-9fe96776cd3d,35,0.09463217783582935,0.34672837742304397,1
qwen14B-int4_airline_50runs,508096cf-228c-4664-a72d-9fe96776cd3d,37,0.15355940974146282,0.258921988632368,1
qwen14B-int4_airline_50runs,508096cf-228c-4664-a72d-9fe96776cd3d,39,0.2341056526646926,0.13553951183954874,1
qwen14B-int4_airline_50runs,508096cf-228c-4664-a72d-9fe96776cd3d,41,0.08450289064183067,0.30025709044616833,1
qwen14B-int4_airline_50runs,508096cf-228c-4664-a72d-9fe96776cd3d,43,0.07542958532627568,1.0,1
qwen14B-int4_airline_50runs,508096cf-228c-4664-a72d-9fe96776cd3d,46,0.07312605738551399,0.31228897706517633,1
qwen14B-int4_airline_50runs,508096cf-228c-4664-a72d-9fe96776cd3d,49,0.1714620167353936,0.2850152177195395,1
qwen14B-int4_airline_50runs,508096cf-228c-4664-a72d-9fe96776cd3d,51,0.08970632298824803,0.4379188120365143,1
qwen14B-int4_airline_50runs,508096cf-228c-4664-a72d-9fe96776cd3d,54,0.055735553453612155,0.48299425298517396,1
qwen14B-int4_airline_50runs,508096cf-228c-4664-a72d-9fe96776cd3d,58,0.06963145132466532,0.4354370137055715,1
qwen14B-int4_airline_50runs,508096cf-228c-4664-a72d-9fe96776cd3d,61,0.04614669070576123,0.5404898480671209,1
qwen14B-int4_airline_50runs,508096cf-228c-4664-a72d-9fe96776cd3d,63,0.05868735344996444,0.5904684787572816,1
qwen14B-int4_airline_50runs,508096cf-228c-4664-a72d-9fe96776cd3d,66,0.017886467048787047,0.8239113427698612,1
qwen14B-int4_airline_50runs,508096cf-228c-4664-a72d-9fe96776cd3d,68,0.20721114531533047,0.2763171385204981,1
qwen14B-int4_airline_50runs,508096cf-228c-4664-a72d-9fe96776cd3d,70,0.03312371313062679,0.36364861232478446,1
qwen14B-int4_airline_50runs,508096cf-228c-4664-a72d-9fe96776cd3d,73,0.016306983849248002,0.733960894021121,1
qwen14B-int4_airline_50runs,508096cf-228c-4664-a72d-9fe96776cd3d,75,0.0189012584603065,0.5776999354362488,1
qwen14B-int4_airline_50runs,508096cf-228c-4664-a72d-9fe96776cd3d,78,0.0054373766384067,0.8450165241956711,1
qwen14B-int4_airline_50runs,508096cf-228c-4664-a72d-9fe96776cd3d,80,0.059830269068323505,0.8697928322686089,1
qwen14B-int4_airline_50runs,508096cf-228c-4664-a72d-9fe96776cd3d,82,0.023914463004495408,0.7620722536117799,1
qwen14B-int4_airline_50runs,508096cf-228c-4664-a72d-9fe96776cd3d,84,0.06585140480470775,0.8700185351901584,1
qwen14B-int4_airline_50runs,508096cf-228c-4664-a72d-9fe96776cd3d,86,0.007346068961049222,0.8816947539647421,1
qwen14B-int4_airline_50runs,508096cf-228c-4664-a72d-9fe96776cd3d,88,0.07177575267882963,0.8701167106628418,1
qwen14B-int4_airline_50runs,508096cf-228c-4664-a72d-9fe96776cd3d,90,0.005799839681555999,0.884687238269382,1
qwen14B-int4_airline_50runs,508096cf-228c-4664-a72d-9fe96776cd3d,92,0.09882727687573493,0.8668101098802354,1
qwen14B-int4_airline_50runs,508096cf-228c-4664-a72d-9fe96776cd3d,95,0.06307277380444071,0.5534393496629668,1
qwen14B-int4_airline_50runs,508096cf-228c-4664-a72d-9fe96776cd3d,97,0.03627163509010003,0.8771125339880222,1
qwen14B-int4_airline_50runs,508096cf-228c-4664-a72d-9fe96776cd3d,99,0.004337067929592628,0.8818437558848684,1
qwen14B-int4_airline_50runs,508096cf-228c-4664-a72d-9fe96776cd3d,101,0.0014680362112933644,0.8873817673543605,1
qwen14B-int4_airline_50runs,508096cf-228c-4664-a72d-9fe96776cd3d,103,0.002426726963016519,0.8839420865221722,1
qwen14B-int4_airline_50runs,508096cf-228c-4664-a72d-9fe96776cd3d,105,0.00033824985505502537,0.6311999995534013,1
qwen14B-int4_airline_50runs,f46b2b18-4c88-4d82-9fbe-ded27813d0c8,0,,,1
qwen14B-int4_airline_50runs,f46b2b18-4c88-4d82-9fbe-ded27813d0c8,2,0.21296199977877783,0.0,1
qwen14B-int4_airline_50runs,f46b2b18-4c88-4d82-9fbe-ded27813d0c8,4,0.004537185884863271,0.0,1
qwen14B-int4_airline_50runs,f46b2b18-4c88-4d82-9fbe-ded27813d0c8,6,0.2979268148937945,0.049355574373929005,1
qwen14B-int4_airline_50runs,f46b2b18-4c88-4d82-9fbe-ded27813d0c8,8,0.2358996082418427,0.10269317556830014,1
qwen14B-int4_airline_50runs,f46b2b18-4c88-4d82-9fbe-ded27813d0c8,10,0.33411675589000756,0.13834463982355028,1
qwen14B-int4_airline_50runs,f46b2b18-4c88-4d82-9fbe-ded27813d0c8,12,0.026946839513211387,0.029095221788455278,1
qwen14B-int4_airline_50runs,f46b2b18-4c88-4d82-9fbe-ded27813d0c8,14,0.2201459827290657,0.16579491951886347,1
qwen14B-int4_airline_50runs,f46b2b18-4c88-4d82-9fbe-ded27813d0c8,16,0.007812008039266516,0.42949235439300537,1
qwen14B-int4_airline_50runs,f46b2b18-4c88-4d82-9fbe-ded27813d0c8,18,0.1984651985707769,0.05628800555451275,1
qwen14B-int4_airline_50runs,f46b2b18-4c88-4d82-9fbe-ded27813d0c8,20,0.0676655135161189,0.00934071077240838,1
qwen14B-int4_airline_50runs,e5ec6aca-a400-46a2-bf44-ba76e2dd4592,0,,,1
qwen14B-int4_airline_50runs,e5ec6aca-a400-46a2-bf44-ba76e2dd4592,2,0.2294802652030693,0.0,1
qwen14B-int4_airline_50runs,e5ec6aca-a400-46a2-bf44-ba76e2dd4592,4,0.27094622924148387,0.10051926346712334,1
qwen14B-int4_airline_50runs,e5ec6aca-a400-46a2-bf44-ba76e2dd4592,6,0.22391390581357268,0.08845410523591217,1
qwen14B-int4_airline_50runs,e5ec6aca-a400-46a2-bf44-ba76e2dd4592,8,0.2884677498454664,0.0370837926864624,1
qwen14B-int4_airline_50runs,e5ec6aca-a400-46a2-bf44-ba76e2dd4592,10,0.16095035120500023,0.07263448526119363,1
qwen14B-int4_airline_50runs,e5ec6aca-a400-46a2-bf44-ba76e2dd4592,12,0.2112453754996071,0.12609948391138123,1
qwen14B-int4_airline_50runs,0fd2264c-b987-47d6-986d-7b51b5c4b4d4,0,,,1
qwen14B-int4_airline_50runs,0fd2264c-b987-47d6-986d-7b51b5c4b4d4,2,0.3678914352898096,0.0,1
qwen14B-int4_airline_50runs,0fd2264c-b987-47d6-986d-7b51b5c4b4d4,4,0.01976312582425974,0.035690558584112866,1
qwen14B-int4_airline_50runs,0fd2264c-b987-47d6-986d-7b51b5c4b4d4,8,0.2811081467757152,0.2186433864964379,1
qwen14B-int4_airline_50runs,0fd2264c-b987-47d6-986d-7b51b5c4b4d4,10,0.2243794544941872,0.32687346140543616,1
qwen14B-int4_airline_50runs,0fd2264c-b987-47d6-986d-7b51b5c4b4d4,12,0.2504742035719246,0.1891165839301215,1
qwen14B-int4_airline_50runs,0fd2264c-b987-47d6-986d-7b51b5c4b4d4,14,0.0013709059904822537,0.043531588713328045,1
qwen14B-int4_airline_50runs,0fd2264c-b987-47d6-986d-7b51b5c4b4d4,17,0.13277090298085925,0.42139567562511987,1
qwen14B-int4_airline_50runs,a02ad3c1-4687-4a4c-93a1-b9a78a2eb75b,0,,,1
qwen14B-int4_airline_50runs,a02ad3c1-4687-4a4c-93a1-b9a78a2eb75b,2,0.228907700622338,0.0,1
qwen14B-int4_airline_50runs,a02ad3c1-4687-4a4c-93a1-b9a78a2eb75b,4,0.003642244066971898,0.0,1
qwen14B-int4_airline_50runs,a02ad3c1-4687-4a4c-93a1-b9a78a2eb75b,6,0.1678053627545563,0.022286856174468996,1
qwen14B-int4_airline_50runs,a02ad3c1-4687-4a4c-93a1-b9a78a2eb75b,9,0.2708428535151866,0.20728854622159684,1
qwen14B-int4_airline_50runs,a02ad3c1-4687-4a4c-93a1-b9a78a2eb75b,11,0.12727170513449756,0.037566330121911094,1
qwen14B-int4_airline_50runs,a02ad3c1-4687-4a4c-93a1-b9a78a2eb75b,13,0.3962474085511491,0.05305120999785675,1
qwen14B-int4_airline_50runs,a02ad3c1-4687-4a4c-93a1-b9a78a2eb75b,15,0.3959717237617468,0.2798025320811444,1
qwen14B-int4_airline_50runs,a02ad3c1-4687-4a4c-93a1-b9a78a2eb75b,17,0.32772371188508387,0.31457809255092956,1
qwen14B-int4_airline_50runs,a02ad3c1-4687-4a4c-93a1-b9a78a2eb75b,19,0.26910810022403664,0.030336583915509675,1
qwen14B-int4_airline_50runs,a02ad3c1-4687-4a4c-93a1-b9a78a2eb75b,21,0.004131242447463242,0.0,1
qwen14B-int4_airline_50runs,1ee3040e-f559-48d6-8e73-7c2aa553916e,0,,,1
qwen14B-int4_airline_50runs,1ee3040e-f559-48d6-8e73-7c2aa553916e,2,0.3108150546336372,0.0,1
qwen14B-int4_airline_50runs,1ee3040e-f559-48d6-8e73-7c2aa553916e,4,0.016832070260283178,0.0,1
qwen14B-int4_airline_50runs,1ee3040e-f559-48d6-8e73-7c2aa553916e,6,0.2773241209890139,0.12972180048624674,1
qwen14B-int4_airline_50runs,1ee3040e-f559-48d6-8e73-7c2aa553916e,8,0.2479691571251369,0.13236135129745188,1
qwen14B-int4_airline_50runs,1ee3040e-f559-48d6-8e73-7c2aa553916e,10,0.18426811077441524,0.10339445792711698,1
qwen14B-int4_airline_50runs,1ee3040e-f559-48d6-8e73-7c2aa553916e,12,0.3168800507220186,0.13107980042696,1
qwen14B-int4_airline_50runs,1ee3040e-f559-48d6-8e73-7c2aa553916e,14,0.24662170848676632,0.10115591436624527,1
qwen14B-int4_airline_50runs,1ee3040e-f559-48d6-8e73-7c2aa553916e,16,0.005989791209694716,0.039171847701072696,1
qwen14B-int4_airline_50runs,1ee3040e-f559-48d6-8e73-7c2aa553916e,18,0.18632538604892118,0.19111163249382607,1
qwen14B-int4_airline_50runs,b1e4d18d-58e3-4642-b6bb-8d1467c66b16,0,,,1
qwen14B-int4_airline_50runs,b1e4d18d-58e3-4642-b6bb-8d1467c66b16,2,0.3696208144659776,0.0,1
qwen14B-int4_airline_50runs,b1e4d18d-58e3-4642-b6bb-8d1467c66b16,4,0.047653534516831034,0.0,1
qwen14B-int4_airline_50runs,b1e4d18d-58e3-4642-b6bb-8d1467c66b16,7,0.2981432914126817,0.08052692226335115,1
qwen14B-int4_airline_50runs,b1e4d18d-58e3-4642-b6bb-8d1467c66b16,9,0.4459527607931536,0.12116272680795015,1
qwen14B-int4_airline_50runs,b1e4d18d-58e3-4642-b6bb-8d1467c66b16,11,0.012432948145043447,0.15023945569992067,1
qwen14B-int4_airline_50runs,b1e4d18d-58e3-4642-b6bb-8d1467c66b16,14,0.31513504336107434,0.025129359453282457,1
qwen14B-int4_airline_50runs,b1e4d18d-58e3-4642-b6bb-8d1467c66b16,16,0.0008594972362144423,0.02900137796121485,1
qwen14B-int4_airline_50runs,b1e4d18d-58e3-4642-b6bb-8d1467c66b16,18,0.17643904933217475,0.11668153949405836,1
qwen14B-int4_airline_50runs,b1e4d18d-58e3-4642-b6bb-8d1467c66b16,20,0.0009406108981487822,0.029236023916917687,1
qwen14B-int4_airline_50runs,b1e4d18d-58e3-4642-b6bb-8d1467c66b16,23,0.15153346117243152,0.04007597708366287,1
qwen14B-int4_airline_50runs,3d6d987b-35ae-4fc4-85d0-0bdc18166827,0,,,1
qwen14B-int4_airline_50runs,3d6d987b-35ae-4fc4-85d0-0bdc18166827,2,0.23660089418878355,0.0,1
qwen14B-int4_airline_50runs,3d6d987b-35ae-4fc4-85d0-0bdc18166827,5,0.2719414680749519,0.13504118652179323,1
qwen14B-int4_airline_50runs,3d6d987b-35ae-4fc4-85d0-0bdc18166827,7,0.10156013259422443,0.11258283347794504,1
qwen14B-int4_airline_50runs,3d6d987b-35ae-4fc4-85d0-0bdc18166827,10,0.22604013461134603,0.2355475206124155,1
qwen14B-int4_airline_50runs,3d6d987b-35ae-4fc4-85d0-0bdc18166827,12,0.28030834025334816,0.18027144377348853,1
qwen14B-int4_airline_50runs,3d6d987b-35ae-4fc4-85d0-0bdc18166827,14,0.007713383463102737,0.12912776386528685,1
qwen14B-int4_airline_50runs,3d6d987b-35ae-4fc4-85d0-0bdc18166827,16,0.3671493143139772,0.027739396539785095,1
qwen14B-int4_airline_50runs,3d6d987b-35ae-4fc4-85d0-0bdc18166827,18,0.11804135714415967,0.16081763939423993,1
qwen14B-int4_airline_50runs,3d6d987b-35ae-4fc4-85d0-0bdc18166827,21,0.07696539717779864,0.3799173902897608,1
qwen14B-int4_airline_50runs,3d6d987b-35ae-4fc4-85d0-0bdc18166827,24,0.4071826333788988,0.1305063982163706,1
qwen14B-int4_airline_50runs,3d6d987b-35ae-4fc4-85d0-0bdc18166827,26,0.14891125972275565,0.15414277245016658,1
qwen14B-int4_airline_50runs,3d6d987b-35ae-4fc4-85d0-0bdc18166827,28,0.10538578386360944,1.0,1
qwen14B-int4_airline_50runs,3d6d987b-35ae-4fc4-85d0-0bdc18166827,31,0.06909994742271822,0.4676904657791401,1
qwen14B-int4_airline_50runs,3d6d987b-35ae-4fc4-85d0-0bdc18166827,36,0.22830553886349408,0.2653875987823695,1
qwen14B-int4_airline_50runs,3d6d987b-35ae-4fc4-85d0-0bdc18166827,38,0.054649043949362146,0.2522978962592359,1
qwen14B-int4_airline_50runs,3d6d987b-35ae-4fc4-85d0-0bdc18166827,41,0.02846670175465684,0.6069770524135003,1
qwen14B-int4_airline_50runs,3d6d987b-35ae-4fc4-85d0-0bdc18166827,46,0.20465386807885244,0.4143426784447261,1
qwen14B-int4_airline_50runs,3d6d987b-35ae-4fc4-85d0-0bdc18166827,48,0.020621243840130726,0.4191546453986057,1
qwen14B-int4_airline_50runs,3d6d987b-35ae-4fc4-85d0-0bdc18166827,53,0.1671053049591807,0.46363588741847445,1
qwen14B-int4_airline_50runs,3d6d987b-35ae-4fc4-85d0-0bdc18166827,55,0.011152210729285307,0.44711703538894654,1
qwen14B-int4_airline_50runs,3d6d987b-35ae-4fc4-85d0-0bdc18166827,57,0.027454376511607644,0.30817373496730155,1
qwen14B-int4_airline_50runs,3d6d987b-35ae-4fc4-85d0-0bdc18166827,62,0.0769214793564852,0.5629657834768296,1
qwen14B-int4_airline_50runs,3d6d987b-35ae-4fc4-85d0-0bdc18166827,64,0.0073988039973296995,0.5742081801096598,1
qwen14B-int4_airline_50runs,3d6d987b-35ae-4fc4-85d0-0bdc18166827,66,0.012822291540828902,0.4128770050795182,1
qwen14B-int4_airline_50runs,3d6d987b-35ae-4fc4-85d0-0bdc18166827,68,0.025418995175226847,0.6266853788803364,1
qwen14B-int4_airline_50runs,3d6d987b-35ae-4fc4-85d0-0bdc18166827,70,0.004413764938585655,0.5492809295654297,1
qwen14B-int4_airline_50runs,3d6d987b-35ae-4fc4-85d0-0bdc18166827,72,0.010324947439872532,0.6158399879932404,1
qwen14B-int4_airline_50runs,3d6d987b-35ae-4fc4-85d0-0bdc18166827,74,0.04631240026084955,0.6860315395939734,1
qwen14B-int4_airline_50runs,3d6d987b-35ae-4fc4-85d0-0bdc18166827,76,0.006468527676449761,0.5074872304411495,1
qwen14B-int4_airline_50runs,3d6d987b-35ae-4fc4-85d0-0bdc18166827,79,0.04179353796690877,0.07082139656824224,1
qwen14B-int4_airline_50runs,3d6d987b-35ae-4fc4-85d0-0bdc18166827,81,0.006928036580886689,0.2985732830487765,1
qwen14B-int4_airline_50runs,3d6d987b-35ae-4fc4-85d0-0bdc18166827,83,0.017046836843250673,0.5318456590175629,1
qwen14B-int4_airline_50runs,3d6d987b-35ae-4fc4-85d0-0bdc18166827,85,0.00682314375739008,0.5912378205627691,1
qwen14B-int4_airline_50runs,3d6d987b-35ae-4fc4-85d0-0bdc18166827,87,0.0073176197129265685,0.5464630447901212,1
qwen14B-int4_airline_50runs,3d6d987b-35ae-4fc4-85d0-0bdc18166827,89,0.025972580074323556,0.58926942480935,1
qwen14B-int4_airline_50runs,3d6d987b-35ae-4fc4-85d0-0bdc18166827,91,0.012146103509105024,0.7428067091739539,1
qwen14B-int4_airline_50runs,3d6d987b-35ae-4fc4-85d0-0bdc18166827,93,0.005216477563514962,0.14872342348098755,1
qwen14B-int4_airline_50runs,3d6d987b-35ae-4fc4-85d0-0bdc18166827,95,0.007093273019550467,0.3072062974073449,1
qwen14B-int4_airline_50runs,3d6d987b-35ae-4fc4-85d0-0bdc18166827,97,0.0066317795127544266,0.5887854567595892,1
qwen14B-int4_airline_50runs,3d6d987b-35ae-4fc4-85d0-0bdc18166827,99,0.04541417516562506,0.6047239098697901,1
qwen14B-int4_airline_50runs,3d6d987b-35ae-4fc4-85d0-0bdc18166827,103,0.04282610336948107,0.14459742387135824,1
qwen14B-int4_airline_50runs,3d6d987b-35ae-4fc4-85d0-0bdc18166827,105,0.0034496886356445433,0.33769955026342513,1
qwen14B-int4_airline_50runs,3d6d987b-35ae-4fc4-85d0-0bdc18166827,107,0.005636394305527857,0.5736885964870453,1
qwen14B-int4_airline_50runs,3d6d987b-35ae-4fc4-85d0-0bdc18166827,109,0.011231955043628226,0.8957065917827465,1
qwen14B-int4_airline_50runs,3d6d987b-35ae-4fc4-85d0-0bdc18166827,111,0.004518713264222604,0.11861209869384766,1
qwen14B-int4_airline_50runs,3d6d987b-35ae-4fc4-85d0-0bdc18166827,113,0.0045769131064694445,0.3542415036095513,1
qwen14B-int4_airline_50runs,3d6d987b-35ae-4fc4-85d0-0bdc18166827,115,0.003200585984544998,0.597340639680624,1
qwen14B-int4_airline_50runs,3d6d987b-35ae-4fc4-85d0-0bdc18166827,117,0.014066236052795202,0.8722053704590633,1
qwen14B-int4_airline_50runs,3d6d987b-35ae-4fc4-85d0-0bdc18166827,119,0.11002689607711343,0.17244956228468153,1
qwen14B-int4_airline_50runs,3d6d987b-35ae-4fc4-85d0-0bdc18166827,121,0.006976937105704482,0.3173394752483742,1
qwen14B-int4_airline_50runs,3d6d987b-35ae-4fc4-85d0-0bdc18166827,123,0.005362822074310334,0.35319367180699884,1
qwen14B-int4_airline_50runs,3d6d987b-35ae-4fc4-85d0-0bdc18166827,125,0.004948195069360999,0.5785692348712829,1
qwen14B-int4_airline_50runs,3d6d987b-35ae-4fc4-85d0-0bdc18166827,127,0.007238643932376811,0.596733323989376,1
qwen14B-int4_airline_50runs,3d6d987b-35ae-4fc4-85d0-0bdc18166827,131,0.04802169256524991,0.13022002935409546,1
qwen14B-int4_airline_50runs,3d6d987b-35ae-4fc4-85d0-0bdc18166827,133,0.003068461527072415,0.3289470266788564,1
qwen14B-int4_airline_50runs,3d6d987b-35ae-4fc4-85d0-0bdc18166827,135,0.003568369430077602,0.5766694284066921,1
qwen14B-int4_airline_50runs,3d6d987b-35ae-4fc4-85d0-0bdc18166827,137,0.007721413649921558,0.9024869714464461,1
qwen14B-int4_airline_50runs,3d6d987b-35ae-4fc4-85d0-0bdc18166827,139,0.001842536663940772,0.12579172143810674,1
qwen14B-int4_airline_50runs,3d6d987b-35ae-4fc4-85d0-0bdc18166827,141,0.013617866829275781,0.33866519513337506,1
qwen14B-int4_airline_50runs,3d6d987b-35ae-4fc4-85d0-0bdc18166827,143,0.006201689125689164,0.5892629665987833,1
qwen14B-int4_airline_50runs,3d6d987b-35ae-4fc4-85d0-0bdc18166827,145,0.010579505425768024,0.8513255818136807,1
qwen14B-int4_airline_50runs,3d6d987b-35ae-4fc4-85d0-0bdc18166827,147,0.0003136622074501458,0.13530044122175738,1
qwen14B-int4_airline_50runs,3d6d987b-35ae-4fc4-85d0-0bdc18166827,149,0.0033319084647419265,0.3419008519914415,1
qwen14B-int4_airline_50runs,3d6d987b-35ae-4fc4-85d0-0bdc18166827,151,0.003748709906441719,0.5811226181685925,1
qwen14B-int4_airline_50runs,3d6d987b-35ae-4fc4-85d0-0bdc18166827,153,0.010639091464863273,0.8453467062541418,1
qwen14B-int4_airline_50runs,3d6d987b-35ae-4fc4-85d0-0bdc18166827,155,8.183720798536513e-05,0.13328441289755014,1
qwen14B-int4_airline_50runs,3d6d987b-35ae-4fc4-85d0-0bdc18166827,157,0.002647225717154214,0.33674361857962104,1
qwen14B-int4_airline_50runs,3d6d987b-35ae-4fc4-85d0-0bdc18166827,159,0.003758342716347116,0.6020392856814645,1
qwen14B-int4_airline_50runs,3d6d987b-35ae-4fc4-85d0-0bdc18166827,161,0.0063812974537729265,0.5787918637780582,1
qwen14B-int4_airline_50runs,3d6d987b-35ae-4fc4-85d0-0bdc18166827,165,0.013503678145596786,0.15089963357659836,1
qwen14B-int4_airline_50runs,3d6d987b-35ae-4fc4-85d0-0bdc18166827,167,0.14130383544847475,0.47230971045792103,1
qwen14B-int4_airline_50runs,3d6d987b-35ae-4fc4-85d0-0bdc18166827,169,0.004201808091015817,0.20107254678127812,1
qwen14B-int4_airline_50runs,3d6d987b-35ae-4fc4-85d0-0bdc18166827,171,0.002267639649076464,0.5853457919188909,1
qwen14B-int4_airline_50runs,3d6d987b-35ae-4fc4-85d0-0bdc18166827,173,0.007872763068281082,0.8415710514989393,1
qwen14B-int4_airline_50runs,3d6d987b-35ae-4fc4-85d0-0bdc18166827,175,0.0003225847821157977,0.13818614049391315,1
qwen14B-int4_airline_50runs,3d6d987b-35ae-4fc4-85d0-0bdc18166827,177,0.003766874158385649,0.35451730956201966,1
qwen14B-int4_airline_50runs,3d6d987b-35ae-4fc4-85d0-0bdc18166827,179,0.0034959804533557302,0.5959925651550293,1
qwen14B-int4_airline_50runs,3d6d987b-35ae-4fc4-85d0-0bdc18166827,181,0.01049268593464048,0.862795011750583,1
qwen14B-int4_airline_50runs,3d6d987b-35ae-4fc4-85d0-0bdc18166827,183,1.3366896395880224e-05,0.1527587413787842,1
qwen14B-int4_airline_50runs,3d6d987b-35ae-4fc4-85d0-0bdc18166827,185,0.006387905049045961,0.3731985525651412,1
qwen14B-int4_airline_50runs,3d6d987b-35ae-4fc4-85d0-0bdc18166827,187,0.02782106796392915,0.45707330516740385,1
qwen14B-int4_airline_50runs,3d6d987b-35ae-4fc4-85d0-0bdc18166827,189,0.021371325855179684,0.37449763745677717,1
qwen14B-int4_airline_50runs,3d6d987b-35ae-4fc4-85d0-0bdc18166827,191,9.469450893314824e-05,0.09005898634592692,1
qwen14B-int4_airline_50runs,3d6d987b-35ae-4fc4-85d0-0bdc18166827,193,0.0063187275833560975,0.3596519253083638,1
qwen14B-int4_airline_50runs,3d6d987b-35ae-4fc4-85d0-0bdc18166827,195,0.0060656050244837275,0.48372862555763935,1
qwen14B-int4_airline_50runs,3d6d987b-35ae-4fc4-85d0-0bdc18166827,197,4.977935633383212e-06,0.7269924305952512,1
qwen14B-int4_airline_50runs,3d6d987b-35ae-4fc4-85d0-0bdc18166827,199,0.007558404400460479,0.6434762353698412,1
qwen14B-int4_airline_50runs,3d6d987b-35ae-4fc4-85d0-0bdc18166827,201,0.004949239732202459,0.4277273654937744,1
qwen14B-int4_airline_50runs,3d6d987b-35ae-4fc4-85d0-0bdc18166827,203,2.66953728918867e-05,0.6394891780719422,1
qwen14B-int4_airline_50runs,3d6d987b-35ae-4fc4-85d0-0bdc18166827,205,0.004508526387228794,0.6212313686098372,1
qwen14B-int4_airline_50runs,3d6d987b-35ae-4fc4-85d0-0bdc18166827,207,0.004291660921041861,0.5738344371318816,1
qwen14B-int4_airline_50runs,3d6d987b-35ae-4fc4-85d0-0bdc18166827,209,9.156217390600074e-06,0.6779752865172268,1
qwen14B-int4_airline_50runs,3d6d987b-35ae-4fc4-85d0-0bdc18166827,211,0.004343258584022813,0.6092118322849274,1
qwen14B-int4_airline_50runs,3d6d987b-35ae-4fc4-85d0-0bdc18166827,213,0.02921826800334495,0.33941635974617895,1
qwen14B-int4_airline_50runs,3d6d987b-35ae-4fc4-85d0-0bdc18166827,215,0.005004923823982384,0.36710428835740727,1
qwen14B-int4_airline_50runs,3d6d987b-35ae-4fc4-85d0-0bdc18166827,217,0.003520704529508884,0.6590708202504096,1
qwen14B-int4_airline_50runs,3d6d987b-35ae-4fc4-85d0-0bdc18166827,219,0.004809445957571932,0.41178474012686284,1
qwen14B-int4_airline_50runs,3d6d987b-35ae-4fc4-85d0-0bdc18166827,221,1.0159798094748665e-05,0.5159691452980041,1
qwen14B-int4_airline_50runs,3d6d987b-35ae-4fc4-85d0-0bdc18166827,223,0.00574288471114403,0.6429673319167278,1
qwen14B-int4_airline_50runs,3d6d987b-35ae-4fc4-85d0-0bdc18166827,225,0.009669975788066627,0.5926272210321928,1
qwen14B-int4_airline_50runs,88abc455-6ff7-4bd5-b6b5-65b76b93ed69,0,,,1
qwen14B-int4_airline_50runs,88abc455-6ff7-4bd5-b6b5-65b76b93ed69,2,0.30136293930278246,0.0,1
qwen14B-int4_airline_50runs,88abc455-6ff7-4bd5-b6b5-65b76b93ed69,4,0.03368994336450441,0.0,1
qwen14B-int4_airline_50runs,88abc455-6ff7-4bd5-b6b5-65b76b93ed69,6,0.32555930403299776,0.1374154942376273,1
qwen14B-int4_airline_50runs,88abc455-6ff7-4bd5-b6b5-65b76b93ed69,8,0.00032417395466642537,0.434822678565979,1
qwen14B-int4_airline_50runs,88abc455-6ff7-4bd5-b6b5-65b76b93ed69,10,0.35801915365671183,0.05494331783718533,1
qwen14B-int4_airline_50runs,88abc455-6ff7-4bd5-b6b5-65b76b93ed69,12,0.0036658193893422553,0.09283776118837554,1
qwen14B-int4_airline_50runs,88abc455-6ff7-4bd5-b6b5-65b76b93ed69,17,0.17624024963148116,0.13462061762809752,1
qwen14B-int4_airline_50runs,88abc455-6ff7-4bd5-b6b5-65b76b93ed69,19,0.2907044416518277,0.1075769027074178,1
qwen14B-int4_airline_50runs,88abc455-6ff7-4bd5-b6b5-65b76b93ed69,21,0.2747135085212444,0.3383179453835971,1
qwen14B-int4_airline_50runs,88abc455-6ff7-4bd5-b6b5-65b76b93ed69,23,0.09897666037831221,0.382084829157049,1
qwen14B-int4_airline_50runs,88abc455-6ff7-4bd5-b6b5-65b76b93ed69,25,0.14834424367759275,0.09443572094274122,1
qwen14B-int4_airline_50runs,571298be-97bd-4ea0-98de-26cf00036246,0,,,1
qwen14B-int4_airline_50runs,571298be-97bd-4ea0-98de-26cf00036246,2,0.4365183333929031,0.0,1
qwen14B-int4_airline_50runs,571298be-97bd-4ea0-98de-26cf00036246,4,0.27145603608337165,0.1618660779102989,1
qwen14B-int4_airline_50runs,571298be-97bd-4ea0-98de-26cf00036246,6,0.1565798918827041,0.07853154083351035,1
qwen14B-int4_airline_50runs,571298be-97bd-4ea0-98de-26cf00036246,9,0.176052909262956,0.11327443683848662,1
qwen14B-int4_airline_50runs,571298be-97bd-4ea0-98de-26cf00036246,11,0.24842432651723673,0.16380263581162408,1
qwen14B-int4_airline_50runs,571298be-97bd-4ea0-98de-26cf00036246,13,0.20462289003516435,0.04827836592022966,1
qwen14B-int4_airline_50runs,571298be-97bd-4ea0-98de-26cf00036246,15,0.2506097875738992,0.19756107980554755,1
qwen14B-int4_airline_50runs,571298be-97bd-4ea0-98de-26cf00036246,17,0.1846100710862707,0.24326310916380448,1
qwen14B-int4_airline_50runs,571298be-97bd-4ea0-98de-26cf00036246,19,0.08468477221452145,0.3152328054859953,1
qwen14B-int4_airline_50runs,571298be-97bd-4ea0-98de-26cf00036246,22,0.15935104222234006,0.14057421997973793,1
qwen14B-int4_airline_50runs,95d83f49-12fc-40bd-9c17-9439b072886f,0,,,1
qwen14B-int4_airline_50runs,95d83f49-12fc-40bd-9c17-9439b072886f,2,0.24964496469136038,0.0,1
qwen14B-int4_airline_50runs,95d83f49-12fc-40bd-9c17-9439b072886f,4,0.36122217454690053,0.06277959017043418,1
qwen14B-int4_airline_50runs,95d83f49-12fc-40bd-9c17-9439b072886f,6,0.3167311578823214,0.28453883989570067,1
qwen14B-int4_airline_50runs,95d83f49-12fc-40bd-9c17-9439b072886f,8,0.0009829754818629244,0.03424690365791321,1
qwen14B-int4_airline_50runs,95d83f49-12fc-40bd-9c17-9439b072886f,10,0.21873827766342244,0.319572773846713,1
qwen14B-int4_airline_50runs,95d83f49-12fc-40bd-9c17-9439b072886f,12,0.2621047651475412,0.04907726367314657,1
qwen14B-int4_airline_50runs,a6929257-376a-4dcf-a7e1-0b7800194799,0,,,0
qwen14B-int4_airline_50runs,a6929257-376a-4dcf-a7e1-0b7800194799,2,0.3894578187738837,0.0,0
qwen14B-int4_airline_50runs,a6929257-376a-4dcf-a7e1-0b7800194799,4,0.01841228088983371,0.0,0
qwen14B-int4_airline_50runs,a6929257-376a-4dcf-a7e1-0b7800194799,6,0.2581039546177523,0.03619817526716935,0
qwen14B-int4_airline_50runs,a6929257-376a-4dcf-a7e1-0b7800194799,8,0.16037584385592177,0.14772786184684517,0
qwen14B-int4_airline_50runs,a6929257-376a-4dcf-a7e1-0b7800194799,10,0.21586165296076018,0.17308673301300442,0
qwen14B-int4_airline_50runs,a6929257-376a-4dcf-a7e1-0b7800194799,12,0.2339130423881374,0.14245479089626367,0
qwen14B-int4_airline_50runs,a6929257-376a-4dcf-a7e1-0b7800194799,14,0.3904998640277992,1.0,0
qwen14B-int4_airline_50runs,a6929257-376a-4dcf-a7e1-0b7800194799,16,0.3392393081510713,0.27070208736087964,0
qwen14B-int4_airline_50runs,a6929257-376a-4dcf-a7e1-0b7800194799,18,0.20875728880460012,1.0,0
qwen14B-int4_airline_50runs,a6929257-376a-4dcf-a7e1-0b7800194799,20,0.2523458729272677,1.0,0
qwen14B-int4_airline_50runs,a6929257-376a-4dcf-a7e1-0b7800194799,22,0.41372162301866405,0.17935680622582909,0
qwen14B-int4_airline_50runs,a6929257-376a-4dcf-a7e1-0b7800194799,24,0.2913599935935994,0.09103939162110383,0
qwen14B-int4_airline_50runs,a6929257-376a-4dcf-a7e1-0b7800194799,26,0.21935484698205016,0.2633185340807988,0
qwen14B-int4_airline_50runs,a6929257-376a-4dcf-a7e1-0b7800194799,28,0.2104413258306209,0.21981561822550635,0
qwen14B-int4_airline_50runs,cacf8e3a-e0ff-4bfc-961b-483568f31eeb,0,,,1
qwen14B-int4_airline_50runs,cacf8e3a-e0ff-4bfc-961b-483568f31eeb,2,0.2565458415277539,0.0,1
qwen14B-int4_airline_50runs,cacf8e3a-e0ff-4bfc-961b-483568f31eeb,4,0.16753433660620748,0.04027500222711002,1
qwen14B-int4_airline_50runs,cacf8e3a-e0ff-4bfc-961b-483568f31eeb,8,0.2313633082501376,0.07437551988137735,1
qwen14B-int4_airline_50runs,cacf8e3a-e0ff-4bfc-961b-483568f31eeb,10,0.014204136598128829,0.0883458698618001,1
qwen14B-int4_airline_50runs,cacf8e3a-e0ff-4bfc-961b-483568f31eeb,12,0.27437699317882774,0.014245702160729302,1
qwen14B-int4_airline_50runs,cacf8e3a-e0ff-4bfc-961b-483568f31eeb,14,0.12935621704927097,0.08521327105435458,1
qwen14B-int4_airline_50runs,cacf8e3a-e0ff-4bfc-961b-483568f31eeb,16,0.19481890203477042,0.18082045345771602,1
qwen14B-int4_airline_50runs,cacf8e3a-e0ff-4bfc-961b-483568f31eeb,18,0.0004947301426902385,0.01997985663237395,1
qwen14B-int4_airline_50runs,cacf8e3a-e0ff-4bfc-961b-483568f31eeb,20,0.06547143504944485,0.12862486664841816,1
qwen14B-int4_airline_50runs,d98375e7-68c1-4d1f-9df3-7e9bc1583c8c,0,,,1
qwen14B-int4_airline_50runs,d98375e7-68c1-4d1f-9df3-7e9bc1583c8c,2,0.23817343167421726,0.0,1
qwen14B-int4_airline_50runs,d98375e7-68c1-4d1f-9df3-7e9bc1583c8c,4,0.004806426016426804,0.0,1
qwen14B-int4_airline_50runs,d98375e7-68c1-4d1f-9df3-7e9bc1583c8c,6,0.2542168294761544,0.09229726117590199,1
qwen14B-int4_airline_50runs,d98375e7-68c1-4d1f-9df3-7e9bc1583c8c,8,0.2491982648464433,0.08390726808641778,1
qwen14B-int4_airline_50runs,d98375e7-68c1-4d1f-9df3-7e9bc1583c8c,10,0.017828362756751155,0.07723409434159596,1
qwen14B-int4_airline_50runs,d98375e7-68c1-4d1f-9df3-7e9bc1583c8c,12,0.2886622013030956,1.0,1
qwen14B-int4_airline_50runs,d98375e7-68c1-4d1f-9df3-7e9bc1583c8c,14,0.5157022111760317,0.12897693857233575,1
qwen14B-int4_airline_50runs,d98375e7-68c1-4d1f-9df3-7e9bc1583c8c,16,0.37699069447239175,0.26391335685601397,1
qwen14B-int4_airline_50runs,d98375e7-68c1-4d1f-9df3-7e9bc1583c8c,18,0.325282710164274,0.04318309681756156,1
qwen14B-int4_airline_50runs,d98375e7-68c1-4d1f-9df3-7e9bc1583c8c,20,0.1185690701974827,0.15745233612902024,1
qwen14B-int4_airline_50runs,d98375e7-68c1-4d1f-9df3-7e9bc1583c8c,22,0.24539092893259634,0.025659369972516905,1
qwen14B-int4_airline_50runs,b95037ee-127e-432b-8db4-18fb87f5d108,0,,,1
qwen14B-int4_airline_50runs,b95037ee-127e-432b-8db4-18fb87f5d108,2,0.04420538142448228,0.0,1
qwen14B-int4_airline_50runs,b95037ee-127e-432b-8db4-18fb87f5d108,4,0.22614619720682583,0.049411999327795844,1
qwen14B-int4_airline_50runs,b95037ee-127e-432b-8db4-18fb87f5d108,6,0.5187105012294269,0.08041626565596637,1
qwen14B-int4_airline_50runs,b95037ee-127e-432b-8db4-18fb87f5d108,8,0.4627979422891798,0.17960947438290242,1
qwen14B-int4_airline_50runs,b95037ee-127e-432b-8db4-18fb87f5d108,10,0.24339124579155139,0.4557062330700102,1
qwen14B-int4_airline_50runs,b95037ee-127e-432b-8db4-18fb87f5d108,12,0.34461844110023715,0.19189751961014487,1
qwen14B-int4_airline_50runs,b95037ee-127e-432b-8db4-18fb87f5d108,14,0.30569325464765357,0.44249152695691146,1
qwen14B-int4_airline_50runs,b95037ee-127e-432b-8db4-18fb87f5d108,16,0.1607726793089514,0.31438817109091804,1
qwen14B-int4_airline_50runs,b95037ee-127e-432b-8db4-18fb87f5d108,18,0.0013585979960748624,0.043156828199114115,1
qwen14B-int4_airline_50runs,1aa093ad-6f58-4ec4-8116-cd122ea97339,0,,,1
qwen14B-int4_airline_50runs,1aa093ad-6f58-4ec4-8116-cd122ea97339,2,0.23373493486752653,0.0,1
qwen14B-int4_airline_50runs,1aa093ad-6f58-4ec4-8116-cd122ea97339,4,0.21087010077415244,0.11470550298690796,1
qwen14B-int4_airline_50runs,1aa093ad-6f58-4ec4-8116-cd122ea97339,6,0.30729152730361703,0.12289632450450551,1
qwen14B-int4_airline_50runs,1aa093ad-6f58-4ec4-8116-cd122ea97339,8,0.35191094491266645,0.1938881507286659,1
qwen14B-int4_airline_50runs,1aa093ad-6f58-4ec4-8116-cd122ea97339,10,0.36944076999876707,0.15054020711353847,1
qwen14B-int4_airline_50runs,1aa093ad-6f58-4ec4-8116-cd122ea97339,12,0.20951284192867098,0.25796620334897724,1
qwen14B-int4_airline_50runs,1aa093ad-6f58-4ec4-8116-cd122ea97339,14,0.1596701139210661,1.0,1
qwen14B-int4_airline_50runs,1aa093ad-6f58-4ec4-8116-cd122ea97339,16,0.40470703662950913,0.1842948888477526,1
qwen14B-int4_airline_50runs,1aa093ad-6f58-4ec4-8116-cd122ea97339,18,0.08206364609561519,0.2998489737510681,1
qwen14B-int4_airline_50runs,1aa093ad-6f58-4ec4-8116-cd122ea97339,20,0.08589836010765417,0.24475530363046205,1
qwen14B-int4_airline_50runs,1aa093ad-6f58-4ec4-8116-cd122ea97339,22,0.3839906661728333,0.26889026165008545,1
qwen14B-int4_airline_50runs,1aa093ad-6f58-4ec4-8116-cd122ea97339,24,0.30215221374002066,0.3559355689333631,1
qwen14B-int4_airline_50runs,1aa093ad-6f58-4ec4-8116-cd122ea97339,26,0.08358924055189362,1.0,1
qwen14B-int4_airline_50runs,1aa093ad-6f58-4ec4-8116-cd122ea97339,28,0.20929485912431958,0.41376356906201467,1
qwen14B-int4_airline_50runs,1aa093ad-6f58-4ec4-8116-cd122ea97339,30,0.17661740322831315,0.28214073181152344,1
qwen14B-int4_airline_50runs,1aa093ad-6f58-4ec4-8116-cd122ea97339,32,0.18090969765076195,0.2906567427245053,1
qwen14B-int4_airline_50runs,1aa093ad-6f58-4ec4-8116-cd122ea97339,34,0.09347516331394244,0.3228018571590555,1
qwen14B-int4_airline_50runs,1aa093ad-6f58-4ec4-8116-cd122ea97339,36,0.0209694942797538,0.6110091179609299,1
qwen14B-int4_airline_50runs,1aa093ad-6f58-4ec4-8116-cd122ea97339,38,0.0777540899059064,0.1712869773676366,1
qwen14B-int4_airline_50runs,1aa093ad-6f58-4ec4-8116-cd122ea97339,40,0.19623411965538728,0.1272479120803916,1
qwen14B-int4_airline_50runs,1aa093ad-6f58-4ec4-8116-cd122ea97339,42,0.2634458768375537,0.24870381325106078,1
qwen14B-int4_airline_50runs,1aa093ad-6f58-4ec4-8116-cd122ea97339,44,0.4150133058033901,0.1004652202129364,1
qwen14B-int4_airline_50runs,1aa093ad-6f58-4ec4-8116-cd122ea97339,46,0.22065736683922496,0.2526376791622328,1
qwen14B-int4_airline_50runs,1aa093ad-6f58-4ec4-8116-cd122ea97339,48,0.0900845053783258,0.0760898126496209,1
qwen14B-int4_airline_50runs,1aa093ad-6f58-4ec4-8116-cd122ea97339,50,0.09938631421066443,0.19060241905125705,1
qwen14B-int4_airline_50runs,1aa093ad-6f58-4ec4-8116-cd122ea97339,52,0.09205515720420576,0.24378188918618596,1
qwen14B-int4_airline_50runs,1aa093ad-6f58-4ec4-8116-cd122ea97339,54,0.22743688694170913,0.06745450455566933,1
qwen14B-int4_airline_50runs,1aa093ad-6f58-4ec4-8116-cd122ea97339,56,0.07475091661814318,0.5776178165220879,1
qwen14B-int4_airline_50runs,6200347e-7ac1-41da-a0be-e6a8c1a146ef,0,,,1
qwen14B-int4_airline_50runs,6200347e-7ac1-41da-a0be-e6a8c1a146ef,2,0.21956676576318518,0.0,1
qwen14B-int4_airline_50runs,6200347e-7ac1-41da-a0be-e6a8c1a146ef,4,0.18452645178117755,0.15890941354963514,1
qwen14B-int4_airline_50runs,6200347e-7ac1-41da-a0be-e6a8c1a146ef,6,0.1969016904416685,0.15661135597049067,1
qwen14B-int4_airline_50runs,6200347e-7ac1-41da-a0be-e6a8c1a146ef,8,0.3384266545931125,0.1107220469780688,1
qwen14B-int4_airline_50runs,6200347e-7ac1-41da-a0be-e6a8c1a146ef,10,0.1229640932305118,0.10146277566109933,1
qwen14B-int4_airline_50runs,6200347e-7ac1-41da-a0be-e6a8c1a146ef,12,0.2031943308918104,0.11975840214760072,1
qwen14B-int4_airline_50runs,6200347e-7ac1-41da-a0be-e6a8c1a146ef,14,0.029956426997654734,0.14366981883843738,1
qwen14B-int4_airline_50runs,6200347e-7ac1-41da-a0be-e6a8c1a146ef,16,0.005505055516617989,0.48179304599761963,1
qwen14B-int4_airline_50runs,6200347e-7ac1-41da-a0be-e6a8c1a146ef,18,0.011158480014008603,0.534011682798696,1
qwen14B-int4_airline_50runs,6200347e-7ac1-41da-a0be-e6a8c1a146ef,20,0.015061631502699676,0.38241201005083447,1
qwen14B-int4_airline_50runs,6200347e-7ac1-41da-a0be-e6a8c1a146ef,22,0.08013875466088749,0.10395619828822249,1
qwen14B-int4_airline_50runs,6200347e-7ac1-41da-a0be-e6a8c1a146ef,24,0.060310336079809054,0.09245863258838653,1
qwen14B-int4_airline_50runs,6200347e-7ac1-41da-a0be-e6a8c1a146ef,26,0.22398224745267598,0.14412630688060415,1
qwen14B-int4_airline_50runs,6200347e-7ac1-41da-a0be-e6a8c1a146ef,28,0.14516362841797856,0.12998155876994133,1
qwen14B-int4_airline_50runs,9c207fc0-b7cc-4067-85e3-81eebaa900c1,0,,,1
qwen14B-int4_airline_50runs,9c207fc0-b7cc-4067-85e3-81eebaa900c1,2,0.16750066741867614,0.0,1
qwen14B-int4_airline_50runs,9c207fc0-b7cc-4067-85e3-81eebaa900c1,4,0.08423652383706563,0.04061128695805867,1
qwen14B-int4_airline_50runs,9c207fc0-b7cc-4067-85e3-81eebaa900c1,6,0.15017663604911236,0.03769972043878892,1
qwen14B-int4_airline_50runs,9c207fc0-b7cc-4067-85e3-81eebaa900c1,8,0.24939805856104616,0.12594508273260935,1
qwen14B-int4_airline_50runs,9c207fc0-b7cc-4067-85e3-81eebaa900c1,10,0.2555444051198412,0.0547599478771812,1
qwen14B-int4_airline_50runs,9c207fc0-b7cc-4067-85e3-81eebaa900c1,12,0.16497004924546224,0.2723280532019479,1
qwen14B-int4_airline_50runs,9c207fc0-b7cc-4067-85e3-81eebaa900c1,14,0.41036738380805704,0.08313913128592751,1
qwen14B-int4_airline_50runs,9c207fc0-b7cc-4067-85e3-81eebaa900c1,16,0.09915999995323929,0.10222096028535262,1
qwen14B-int4_airline_50runs,9c207fc0-b7cc-4067-85e3-81eebaa900c1,18,0.0722163137469752,0.12129396557807921,1
qwen14B-int4_airline_50runs,9c207fc0-b7cc-4067-85e3-81eebaa900c1,20,0.07088070937288223,0.27564767528982725,1
qwen14B-int4_airline_50runs,9c207fc0-b7cc-4067-85e3-81eebaa900c1,22,0.15684722923924346,0.1513191404796782,1
qwen14B-int4_airline_50runs,9c207fc0-b7cc-4067-85e3-81eebaa900c1,24,0.03932219957029911,0.18063436997564214,1
qwen14B-int4_airline_50runs,9c207fc0-b7cc-4067-85e3-81eebaa900c1,26,0.008733798894008802,0.14249131486222552,1
qwen14B-int4_airline_50runs,9c207fc0-b7cc-4067-85e3-81eebaa900c1,28,0.020026853596295188,0.28202617168426514,1
qwen14B-int4_airline_50runs,9c207fc0-b7cc-4067-85e3-81eebaa900c1,30,0.017140383224574757,0.17367387359792535,1
qwen14B-int4_airline_50runs,9c207fc0-b7cc-4067-85e3-81eebaa900c1,32,0.023899443133576472,0.22485830386479694,1
qwen14B-int4_airline_50runs,9c207fc0-b7cc-4067-85e3-81eebaa900c1,34,0.02487386618595316,0.15215704892132734,1
qwen14B-int4_airline_50runs,9c207fc0-b7cc-4067-85e3-81eebaa900c1,36,0.014440817577708175,0.35207782773410573,1
qwen14B-int4_airline_50runs,9c207fc0-b7cc-4067-85e3-81eebaa900c1,38,0.0034973861018354016,0.1764380796389146,1
qwen14B-int4_airline_50runs,9c207fc0-b7cc-4067-85e3-81eebaa900c1,40,0.022159926426798395,0.41502611339092255,1
qwen14B-int4_airline_50runs,9c207fc0-b7cc-4067-85e3-81eebaa900c1,42,0.0016092537866711457,0.1438989764765689,1
qwen14B-int4_airline_50runs,9c207fc0-b7cc-4067-85e3-81eebaa900c1,44,0.01282431585600932,0.6237807273864746,1
qwen14B-int4_airline_50runs,9c207fc0-b7cc-4067-85e3-81eebaa900c1,46,0.0005784546568712301,0.18279602994089542,1
qwen14B-int4_airline_50runs,9c207fc0-b7cc-4067-85e3-81eebaa900c1,48,0.0121617250146181,0.4400285929441452,1
qwen14B-int4_airline_50runs,9c207fc0-b7cc-4067-85e3-81eebaa900c1,50,0.0033689815912193626,0.1446694665484958,1
qwen14B-int4_airline_50runs,9c207fc0-b7cc-4067-85e3-81eebaa900c1,52,0.018210846832174506,0.6160711844762166,1
qwen14B-int4_airline_50runs,9c207fc0-b7cc-4067-85e3-81eebaa900c1,54,0.015455162758477607,0.1629815126458804,1
qwen14B-int4_airline_50runs,9c207fc0-b7cc-4067-85e3-81eebaa900c1,56,0.028477382864941475,0.42608046904206276,1
qwen14B-int4_airline_50runs,9c207fc0-b7cc-4067-85e3-81eebaa900c1,58,0.01575310818528678,0.14025777578353882,1
qwen14B-int4_airline_50runs,e44d004e-d5b7-40f3-9c1d-a2d6a94d8941,0,,,1
qwen14B-int4_airline_50runs,e44d004e-d5b7-40f3-9c1d-a2d6a94d8941,2,0.2777025403262825,0.0,1
qwen14B-int4_airline_50runs,e44d004e-d5b7-40f3-9c1d-a2d6a94d8941,4,0.0015668335702692104,0.0,1
qwen14B-int4_airline_50runs,e44d004e-d5b7-40f3-9c1d-a2d6a94d8941,6,0.3926003723603506,0.1507405867943397,1
qwen14B-int4_airline_50runs,e44d004e-d5b7-40f3-9c1d-a2d6a94d8941,8,0.0026446505887079475,0.055498334494504066,1
qwen14B-int4_airline_50runs,e44d004e-d5b7-40f3-9c1d-a2d6a94d8941,15,0.29823037559680177,0.13265079259872437,1
qwen14B-int4_airline_50runs,e44d004e-d5b7-40f3-9c1d-a2d6a94d8941,17,0.31746836329131406,0.22759086611759233,1
qwen14B-int4_airline_50runs,e44d004e-d5b7-40f3-9c1d-a2d6a94d8941,19,0.20438383232577667,0.07186340623431735,1
qwen14B-int4_airline_50runs,e44d004e-d5b7-40f3-9c1d-a2d6a94d8941,21,0.12588661850598204,0.11800000923020498,1
qwen14B-int4_airline_50runs,e5464f0a-1082-4d16-b7bc-818e74c30289,0,,,1
qwen14B-int4_airline_50runs,e5464f0a-1082-4d16-b7bc-818e74c30289,2,0.3384347102905117,0.0,1
qwen14B-int4_airline_50runs,e5464f0a-1082-4d16-b7bc-818e74c30289,4,0.001026483218679708,0.0,1
qwen14B-int4_airline_50runs,e5464f0a-1082-4d16-b7bc-818e74c30289,6,0.24240993944838307,0.04207130401365219,1
qwen14B-int4_airline_50runs,e5464f0a-1082-4d16-b7bc-818e74c30289,8,0.3643789771010415,0.12216381142648418,1
qwen14B-int4_airline_50runs,e5464f0a-1082-4d16-b7bc-818e74c30289,10,0.1394262465136783,0.42824896644143495,1
qwen14B-int4_airline_50runs,e5464f0a-1082-4d16-b7bc-818e74c30289,12,0.0053590506908731215,0.10335441998073032,1
qwen14B-int4_airline_50runs,e5464f0a-1082-4d16-b7bc-818e74c30289,15,0.2411056841599099,0.1351035718966012,1
qwen14B-int4_airline_50runs,e5464f0a-1082-4d16-b7bc-818e74c30289,17,0.13221521645140547,0.23489212189147723,1
qwen14B-int4_airline_50runs,e5464f0a-1082-4d16-b7bc-818e74c30289,19,0.07583023868394333,0.4409391582012177,1
qwen14B-int4_airline_50runs,e5464f0a-1082-4d16-b7bc-818e74c30289,21,0.13159779926001341,0.22988518582114692,1
qwen14B-int4_airline_50runs,e5464f0a-1082-4d16-b7bc-818e74c30289,23,0.045159264220636715,0.037224741543040556,1
qwen14B-int4_airline_50runs,e5464f0a-1082-4d16-b7bc-818e74c30289,25,0.15792706691537362,0.1484079752882866,1
qwen14B-int4_airline_50runs,e5464f0a-1082-4d16-b7bc-818e74c30289,27,0.0011996816658175846,0.047234454325267246,1
qwen14B-int4_airline_50runs,e5464f0a-1082-4d16-b7bc-818e74c30289,29,0.17165041990113747,0.22172744336881134,1
qwen14B-int4_airline_50runs,b312cf31-5828-42e5-b57c-b44431311b2b,0,,,0
qwen14B-int4_airline_50runs,b312cf31-5828-42e5-b57c-b44431311b2b,2,0.03734915832730524,0.0,0
qwen14B-int4_airline_50runs,b312cf31-5828-42e5-b57c-b44431311b2b,4,0.4167999427264291,0.008090495173610858,0
qwen14B-int4_airline_50runs,b312cf31-5828-42e5-b57c-b44431311b2b,6,0.40709588239287436,0.12848837301135063,0
qwen14B-int4_airline_50runs,b312cf31-5828-42e5-b57c-b44431311b2b,8,0.41359561274329987,0.18235617525437298,0
qwen14B-int4_airline_50runs,b312cf31-5828-42e5-b57c-b44431311b2b,10,0.4039079774858052,0.17027590877708348,0
qwen14B-int4_airline_50runs,b312cf31-5828-42e5-b57c-b44431311b2b,12,0.45528828428659307,0.1637900517038677,0
qwen14B-int4_airline_50runs,b312cf31-5828-42e5-b57c-b44431311b2b,14,0.16395348321771774,0.5712510943412781,0
qwen14B-int4_airline_50runs,b312cf31-5828-42e5-b57c-b44431311b2b,16,0.4312957494049378,0.1963343450001308,0
qwen14B-int4_airline_50runs,b312cf31-5828-42e5-b57c-b44431311b2b,18,0.1570677941958658,0.04701193692027659,0
qwen14B-int4_airline_50runs,b312cf31-5828-42e5-b57c-b44431311b2b,20,0.3521551816939835,0.11632691962378365,0
qwen14B-int4_airline_50runs,520fbd64-b1ce-484d-adb4-bdad03bd24f5,0,,,0
qwen14B-int4_airline_50runs,520fbd64-b1ce-484d-adb4-bdad03bd24f5,2,0.19478823063475184,0.0,0
qwen14B-int4_airline_50runs,520fbd64-b1ce-484d-adb4-bdad03bd24f5,4,0.41889345597760597,0.07786010796169066,0
qwen14B-int4_airline_50runs,520fbd64-b1ce-484d-adb4-bdad03bd24f5,6,0.379271610910974,0.09048044681549072,0
qwen14B-int4_airline_50runs,520fbd64-b1ce-484d-adb4-bdad03bd24f5,8,0.4546837137104405,0.13036640485127765,0
qwen14B-int4_airline_50runs,520fbd64-b1ce-484d-adb4-bdad03bd24f5,10,0.08790370308189199,0.05177699029445648,0
qwen14B-int4_airline_50runs,520fbd64-b1ce-484d-adb4-bdad03bd24f5,12,0.006359258233528097,0.0,0
qwen14B-int4_airline_50runs,82141604-4390-4543-b31e-ac2310369b8b,0,,,1
qwen14B-int4_airline_50runs,82141604-4390-4543-b31e-ac2310369b8b,2,0.37492811200586895,0.0,1
qwen14B-int4_airline_50runs,82141604-4390-4543-b31e-ac2310369b8b,4,0.00880570969179349,0.0,1
qwen14B-int4_airline_50runs,82141604-4390-4543-b31e-ac2310369b8b,6,0.2206887140253571,0.04093747808222185,1
qwen14B-int4_airline_50runs,82141604-4390-4543-b31e-ac2310369b8b,8,0.2946128841818777,0.0936389182930562,1
qwen14B-int4_airline_50runs,82141604-4390-4543-b31e-ac2310369b8b,10,0.024627185094338564,1.0,1
qwen14B-int4_airline_50runs,82141604-4390-4543-b31e-ac2310369b8b,13,0.1668338725638373,0.11461416880289713,1
qwen14B-int4_airline_50runs,82141604-4390-4543-b31e-ac2310369b8b,15,0.15882651148089433,0.07847702503204346,1
qwen14B-int4_airline_50runs,fc1acc31-6e86-4805-914f-a44deb506785,0,,,1
qwen14B-int4_airline_50runs,fc1acc31-6e86-4805-914f-a44deb506785,2,0.3697735691953475,0.0,1
qwen14B-int4_airline_50runs,fc1acc31-6e86-4805-914f-a44deb506785,4,0.28372697155971827,0.0677120186561762,1
qwen14B-int4_airline_50runs,fc1acc31-6e86-4805-914f-a44deb506785,6,0.41909343672114063,0.0671918117083036,1
qwen14B-int4_airline_50runs,fc1acc31-6e86-4805-914f-a44deb506785,8,0.03858651437966671,0.05352740287780761,1
qwen14B-int4_airline_50runs,fc1acc31-6e86-4805-914f-a44deb506785,10,0.16919054885714035,0.14503808816274005,1
qwen14B-int4_airline_50runs,24bbe44f-9bf4-4e94-b98b-82548dc4618b,0,,,0
qwen14B-int4_airline_50runs,24bbe44f-9bf4-4e94-b98b-82548dc4618b,2,0.21228299849080573,0.0,0
qwen14B-int4_airline_50runs,24bbe44f-9bf4-4e94-b98b-82548dc4618b,4,0.45511448354879497,0.12494510784745216,0
qwen14B-int4_airline_50runs,24bbe44f-9bf4-4e94-b98b-82548dc4618b,6,0.16884546064275865,1.0,0
qwen14B-int4_airline_50runs,24bbe44f-9bf4-4e94-b98b-82548dc4618b,8,0.4439839208862237,0.10712468434893894,0
qwen14B-int4_airline_50runs,24bbe44f-9bf4-4e94-b98b-82548dc4618b,10,0.0017504155023318976,0.024133234553866918,0
qwen14B-int4_airline_50runs,24bbe44f-9bf4-4e94-b98b-82548dc4618b,12,0.19726005684365147,0.06782359168643043,0
qwen14B-int4_retail_50runs,4410334e-ace0-4df5-83e4-02fec4bb7d2f,0,,,0
qwen14B-int4_retail_50runs,4410334e-ace0-4df5-83e4-02fec4bb7d2f,2,0.3313112981181372,0.0,0
qwen14B-int4_retail_50runs,4410334e-ace0-4df5-83e4-02fec4bb7d2f,4,0.0003241946446182611,0.012079421769488941,0
qwen14B-int4_retail_50runs,4410334e-ace0-4df5-83e4-02fec4bb7d2f,6,0.17025190284497452,0.12265982077671932,0
qwen14B-int4_retail_50runs,4410334e-ace0-4df5-83e4-02fec4bb7d2f,8,0.38150953300153206,0.06572840611139932,0
qwen14B-int4_retail_50runs,4410334e-ace0-4df5-83e4-02fec4bb7d2f,10,0.004880230991651551,0.07652584995542254,0
qwen14B-int4_retail_50runs,4410334e-ace0-4df5-83e4-02fec4bb7d2f,12,0.2233141931468644,0.14047621563076973,0
qwen14B-int4_retail_50runs,4410334e-ace0-4df5-83e4-02fec4bb7d2f,14,0.27877173571098113,0.21959418398993355,0
qwen14B-int4_retail_50runs,4410334e-ace0-4df5-83e4-02fec4bb7d2f,16,0.1782627582803772,0.38389835779259845,0
qwen14B-int4_retail_50runs,4410334e-ace0-4df5-83e4-02fec4bb7d2f,18,0.0034871479100594964,0.022056458426303552,0
qwen14B-int4_retail_50runs,4410334e-ace0-4df5-83e4-02fec4bb7d2f,20,0.1909075615863885,0.289493367407057,0
qwen14B-int4_retail_50runs,6d320d4a-98b5-42a1-b9d5-05305aef3ae9,0,,,1
qwen14B-int4_retail_50runs,6d320d4a-98b5-42a1-b9d5-05305aef3ae9,2,0.13300957975916158,0.0,1
qwen14B-int4_retail_50runs,6d320d4a-98b5-42a1-b9d5-05305aef3ae9,4,0.24626812852269175,0.08997818014838478,1
qwen14B-int4_retail_50runs,6d320d4a-98b5-42a1-b9d5-05305aef3ae9,6,0.27171173297914786,0.2564201990763346,1
qwen14B-int4_retail_50runs,6d320d4a-98b5-42a1-b9d5-05305aef3ae9,8,0.3614714557369172,0.13403653747895186,1
qwen14B-int4_retail_50runs,6d320d4a-98b5-42a1-b9d5-05305aef3ae9,10,0.1996464876128728,1.0,1
qwen14B-int4_retail_50runs,6d320d4a-98b5-42a1-b9d5-05305aef3ae9,12,0.13115854073656805,0.1365605427668645,1
qwen14B-int4_retail_50runs,6d320d4a-98b5-42a1-b9d5-05305aef3ae9,14,0.21664426936862546,0.37059573123329564,1
qwen14B-int4_retail_50runs,6d320d4a-98b5-42a1-b9d5-05305aef3ae9,16,0.13204874473131303,0.09719735774837557,1
qwen14B-int4_retail_50runs,6d320d4a-98b5-42a1-b9d5-05305aef3ae9,18,0.13888952768886523,1.0,1
qwen14B-int4_retail_50runs,6d320d4a-98b5-42a1-b9d5-05305aef3ae9,20,0.16685228707779712,0.3059307606715076,1
qwen14B-int4_retail_50runs,6d320d4a-98b5-42a1-b9d5-05305aef3ae9,22,0.06847407922331887,0.3245974905947422,1
qwen14B-int4_retail_50runs,6d320d4a-98b5-42a1-b9d5-05305aef3ae9,24,0.12948275143298202,0.23236248890558878,1
qwen14B-int4_retail_50runs,8ef40c5b-9d9e-45d0-9c12-38c78c1420b5,0,,,1
qwen14B-int4_retail_50runs,8ef40c5b-9d9e-45d0-9c12-38c78c1420b5,2,0.3112616522006459,0.0,1
qwen14B-int4_retail_50runs,8ef40c5b-9d9e-45d0-9c12-38c78c1420b5,4,0.0002585952126818509,0.016569862763086952,1
qwen14B-int4_retail_50runs,8ef40c5b-9d9e-45d0-9c12-38c78c1420b5,6,0.29710551598375934,0.12668736437533765,1
qwen14B-int4_retail_50runs,8ef40c5b-9d9e-45d0-9c12-38c78c1420b5,8,0.3624254904001876,0.0820290744304657,1
qwen14B-int4_retail_50runs,8ef40c5b-9d9e-45d0-9c12-38c78c1420b5,10,0.43189059764780546,0.28922144479529804,1
qwen14B-int4_retail_50runs,8ef40c5b-9d9e-45d0-9c12-38c78c1420b5,12,0.2672948789533504,0.17865026146173477,1
qwen14B-int4_retail_50runs,8ef40c5b-9d9e-45d0-9c12-38c78c1420b5,14,0.29041953672491705,0.2866007477045059,1
qwen14B-int4_retail_50runs,8ef40c5b-9d9e-45d0-9c12-38c78c1420b5,16,0.11972155285055135,1.0,1
qwen14B-int4_retail_50runs,8ef40c5b-9d9e-45d0-9c12-38c78c1420b5,18,0.10689820876740792,1.0,1
qwen14B-int4_retail_50runs,8ef40c5b-9d9e-45d0-9c12-38c78c1420b5,20,0.19302402695566692,0.5987897652846117,1
qwen14B-int4_retail_50runs,8ef40c5b-9d9e-45d0-9c12-38c78c1420b5,22,0.15810908696146309,1.0,1
qwen14B-int4_retail_50runs,8ef40c5b-9d9e-45d0-9c12-38c78c1420b5,24,0.0870556691845815,1.0,1
qwen14B-int4_retail_50runs,8ef40c5b-9d9e-45d0-9c12-38c78c1420b5,26,0.12798021768904802,0.7183802888748493,1
qwen14B-int4_retail_50runs,f6190ee4-cbd0-4223-ad2d-c58745b16076,0,,,1
qwen14B-int4_retail_50runs,f6190ee4-cbd0-4223-ad2d-c58745b16076,2,0.3664404277856055,0.0,1
qwen14B-int4_retail_50runs,f6190ee4-cbd0-4223-ad2d-c58745b16076,4,0.24151353119391084,0.18867752080162364,1
qwen14B-int4_retail_50runs,f6190ee4-cbd0-4223-ad2d-c58745b16076,6,0.3006724470059544,0.182037681864019,1
qwen14B-int4_retail_50runs,f6190ee4-cbd0-4223-ad2d-c58745b16076,8,0.25732508690916495,0.09766308466593424,1
qwen14B-int4_retail_50runs,f6190ee4-cbd0-4223-ad2d-c58745b16076,10,0.00020360340117077966,0.024703500447449858,1
qwen14B-int4_retail_50runs,f6190ee4-cbd0-4223-ad2d-c58745b16076,12,0.15269855363978843,0.17230801478676175,1
qwen14B-int4_retail_50runs,f6190ee4-cbd0-4223-ad2d-c58745b16076,14,0.1378303309240145,0.407564640045166,1
qwen14B-int4_retail_50runs,f6190ee4-cbd0-4223-ad2d-c58745b16076,16,0.20262738030037392,0.2959405183792114,1
qwen14B-int4_retail_50runs,f6190ee4-cbd0-4223-ad2d-c58745b16076,18,0.0017099183301119301,0.05682562351226807,1
qwen14B-int4_retail_50runs,f6190ee4-cbd0-4223-ad2d-c58745b16076,20,0.35006171458961316,0.11170891868440729,1
qwen14B-int4_retail_50runs,f6190ee4-cbd0-4223-ad2d-c58745b16076,22,0.21724075599888804,0.3443318162645613,1
qwen14B-int4_retail_50runs,f6190ee4-cbd0-4223-ad2d-c58745b16076,24,0.007737206019295328,0.18660764396190643,1
qwen14B-int4_retail_50runs,f6190ee4-cbd0-4223-ad2d-c58745b16076,26,0.1485209266362545,0.38189787783865203,1
qwen14B-int4_retail_50runs,ff0c06f9-baa8-44c4-bcdf-150028fa2a2f,0,,,1
qwen14B-int4_retail_50runs,ff0c06f9-baa8-44c4-bcdf-150028fa2a2f,2,0.23842159909671456,0.0,1
qwen14B-int4_retail_50runs,ff0c06f9-baa8-44c4-bcdf-150028fa2a2f,4,0.0006337339437839281,0.01939430832862854,1
qwen14B-int4_retail_50runs,ff0c06f9-baa8-44c4-bcdf-150028fa2a2f,6,0.3801511159516402,0.061219131692926934,1
qwen14B-int4_retail_50runs,ff0c06f9-baa8-44c4-bcdf-150028fa2a2f,8,0.3116159189249871,0.17842701839846234,1
qwen14B-int4_retail_50runs,ff0c06f9-baa8-44c4-bcdf-150028fa2a2f,10,0.2268662469953277,0.08997444095818893,1
qwen14B-int4_retail_50runs,ff0c06f9-baa8-44c4-bcdf-150028fa2a2f,12,0.3645883745689432,0.14800258477528888,1
qwen14B-int4_retail_50runs,ff0c06f9-baa8-44c4-bcdf-150028fa2a2f,14,0.03485831586914964,0.02363809840432529,1
qwen14B-int4_retail_50runs,ff0c06f9-baa8-44c4-bcdf-150028fa2a2f,16,0.30170246076061713,0.17132915452469227,1
qwen14B-int4_retail_50runs,ff0c06f9-baa8-44c4-bcdf-150028fa2a2f,18,0.20684527506813066,0.3641597254331722,1
qwen14B-int4_retail_50runs,ff0c06f9-baa8-44c4-bcdf-150028fa2a2f,20,0.009320439901665182,1.0,1
qwen14B-int4_retail_50runs,ff0c06f9-baa8-44c4-bcdf-150028fa2a2f,22,0.18742448078907872,0.4878614755237804,1
qwen14B-int4_retail_50runs,ff0c06f9-baa8-44c4-bcdf-150028fa2a2f,24,0.32529098213614105,0.1518013636980738,1
qwen14B-int4_retail_50runs,ff0c06f9-baa8-44c4-bcdf-150028fa2a2f,26,0.1785262117474933,0.26189834100228765,1
qwen14B-int4_retail_50runs,ff0c06f9-baa8-44c4-bcdf-150028fa2a2f,28,0.11398211228739757,0.34195975036848164,1
qwen14B-int4_retail_50runs,1b3fc6a3-ec12-49ae-b727-5fab3bf08d28,0,,,1
qwen14B-int4_retail_50runs,1b3fc6a3-ec12-49ae-b727-5fab3bf08d28,2,0.02703053138049219,0.0,1
qwen14B-int4_retail_50runs,1b3fc6a3-ec12-49ae-b727-5fab3bf08d28,4,0.25452073291975735,0.06365700908329176,1
qwen14B-int4_retail_50runs,1b3fc6a3-ec12-49ae-b727-5fab3bf08d28,6,0.13394024473411242,0.16726528108119965,1
qwen14B-int4_retail_50runs,1b3fc6a3-ec12-49ae-b727-5fab3bf08d28,8,0.208249699557732,0.21096065640449524,1
qwen14B-int4_retail_50runs,1b3fc6a3-ec12-49ae-b727-5fab3bf08d28,10,0.3638841213429698,0.07392769274504288,1
qwen14B-int4_retail_50runs,1b3fc6a3-ec12-49ae-b727-5fab3bf08d28,12,0.28658183125921594,0.14957900616255673,1
qwen14B-int4_retail_50runs,1b3fc6a3-ec12-49ae-b727-5fab3bf08d28,14,0.11144190794136868,0.13096937984228132,1
qwen14B-int4_retail_50runs,1b3fc6a3-ec12-49ae-b727-5fab3bf08d28,16,0.18849563213952908,0.11144764248917742,1
qwen14B-int4_retail_50runs,1b3fc6a3-ec12-49ae-b727-5fab3bf08d28,18,0.32587712832156823,0.11381931538167207,1
qwen14B-int4_retail_50runs,1b3fc6a3-ec12-49ae-b727-5fab3bf08d28,20,0.3084978873460843,1.0,1
qwen14B-int4_retail_50runs,1b3fc6a3-ec12-49ae-b727-5fab3bf08d28,22,0.20296663022952363,0.23435354232788086,1
qwen14B-int4_retail_50runs,1b3fc6a3-ec12-49ae-b727-5fab3bf08d28,24,0.03286317952527503,0.021989630801337104,1
qwen14B-int4_retail_50runs,1b3fc6a3-ec12-49ae-b727-5fab3bf08d28,26,0.1427520061247024,0.3702845248309049,1
qwen14B-int4_retail_50runs,1b3fc6a3-ec12-49ae-b727-5fab3bf08d28,28,0.0005247697221930942,0.469552606344223,1
qwen14B-int4_retail_50runs,1b3fc6a3-ec12-49ae-b727-5fab3bf08d28,30,0.03363822038275242,0.6393065659896187,1
qwen14B-int4_retail_50runs,1b3fc6a3-ec12-49ae-b727-5fab3bf08d28,32,0.0187220915685141,0.4699151813983917,1
qwen14B-int4_retail_50runs,1b3fc6a3-ec12-49ae-b727-5fab3bf08d28,34,0.2615789803072473,0.10891672750798667,1
qwen14B-int4_retail_50runs,1b3fc6a3-ec12-49ae-b727-5fab3bf08d28,36,0.23106677138745532,0.1379310692412944,1
qwen14B-int4_retail_50runs,1b3fc6a3-ec12-49ae-b727-5fab3bf08d28,38,0.23823821027038744,0.3002373260610244,1
qwen14B-int4_retail_50runs,1b3fc6a3-ec12-49ae-b727-5fab3bf08d28,40,0.26819416663802365,0.19373813308775426,1
qwen14B-int4_retail_50runs,1b3fc6a3-ec12-49ae-b727-5fab3bf08d28,42,0.21535834517137273,0.2607609958648681,1
qwen14B-int4_retail_50runs,4287708a-772a-45c1-850f-0bed0fd939be,0,,,1
qwen14B-int4_retail_50runs,4287708a-772a-45c1-850f-0bed0fd939be,2,0.18616489606527603,0.0,1
qwen14B-int4_retail_50runs,4287708a-772a-45c1-850f-0bed0fd939be,4,0.00021288966960450277,0.034256445036994085,1
qwen14B-int4_retail_50runs,4287708a-772a-45c1-850f-0bed0fd939be,6,0.3489719868182403,0.01816199536909137,1
qwen14B-int4_retail_50runs,4287708a-772a-45c1-850f-0bed0fd939be,8,0.22249838234495073,0.0660574722290039,1
qwen14B-int4_retail_50runs,4287708a-772a-45c1-850f-0bed0fd939be,10,0.1924108282564406,0.11169757217657371,1
qwen14B-int4_retail_50runs,4287708a-772a-45c1-850f-0bed0fd939be,12,0.32719298731008367,0.2308220028877258,1
qwen14B-int4_retail_50runs,4287708a-772a-45c1-850f-0bed0fd939be,14,0.2901589864397152,0.3399431940756346,1
qwen14B-int4_retail_50runs,4287708a-772a-45c1-850f-0bed0fd939be,16,0.11384485495133477,0.35027702107574,1
qwen14B-int4_retail_50runs,4287708a-772a-45c1-850f-0bed0fd939be,18,0.24661632803160233,0.12445727724959883,1
qwen14B-int4_retail_50runs,4287708a-772a-45c1-850f-0bed0fd939be,20,0.19791006477042572,0.1947778819212273,1
qwen14B-int4_retail_50runs,4287708a-772a-45c1-850f-0bed0fd939be,22,0.1646228254309965,0.2332540808654413,1
qwen14B-int4_retail_50runs,4287708a-772a-45c1-850f-0bed0fd939be,24,0.13342593879825235,0.3107438517941369,1
qwen14B-int4_retail_50runs,4287708a-772a-45c1-850f-0bed0fd939be,26,0.059903186600210406,0.17403103296573347,1
qwen14B-int4_retail_50runs,4287708a-772a-45c1-850f-0bed0fd939be,28,0.2616514572361127,0.04841707837887299,1
qwen14B-int4_retail_50runs,4287708a-772a-45c1-850f-0bed0fd939be,30,0.1438318442186713,0.16313099254996088,1
qwen14B-int4_retail_50runs,4287708a-772a-45c1-850f-0bed0fd939be,32,0.20206058948525804,0.11007124824183329,1
qwen14B-int4_retail_50runs,4287708a-772a-45c1-850f-0bed0fd939be,34,0.09817427827055988,0.14741089727197376,1
qwen14B-int4_retail_50runs,4287708a-772a-45c1-850f-0bed0fd939be,36,0.12279608752902998,0.26244753040373325,1
qwen14B-int4_retail_50runs,780d34d9-b407-4a4c-9dfe-ec2798dfc3ce,0,,,1
qwen14B-int4_retail_50runs,780d34d9-b407-4a4c-9dfe-ec2798dfc3ce,2,0.17693387539909158,0.0,1
qwen14B-int4_retail_50runs,780d34d9-b407-4a4c-9dfe-ec2798dfc3ce,4,0.00017707241415381404,0.034256445036994085,1
qwen14B-int4_retail_50runs,780d34d9-b407-4a4c-9dfe-ec2798dfc3ce,6,0.3529046920952964,0.026016933577401296,1
qwen14B-int4_retail_50runs,780d34d9-b407-4a4c-9dfe-ec2798dfc3ce,8,0.008979003746014035,0.088372603058815,1
qwen14B-int4_retail_50runs,780d34d9-b407-4a4c-9dfe-ec2798dfc3ce,10,0.1845966768416039,0.13269182976256025,1
qwen14B-int4_retail_50runs,780d34d9-b407-4a4c-9dfe-ec2798dfc3ce,12,0.3798282397060043,0.20874420350248163,1
qwen14B-int4_retail_50runs,780d34d9-b407-4a4c-9dfe-ec2798dfc3ce,14,0.15627900981297738,1.0,1
qwen14B-int4_retail_50runs,780d34d9-b407-4a4c-9dfe-ec2798dfc3ce,16,0.44226587971995207,0.25546075900395715,1
qwen14B-int4_retail_50runs,780d34d9-b407-4a4c-9dfe-ec2798dfc3ce,18,0.20773476828214127,1.0,1
qwen14B-int4_retail_50runs,780d34d9-b407-4a4c-9dfe-ec2798dfc3ce,20,0.2792518556580378,0.2903937323148861,1
qwen14B-int4_retail_50runs,780d34d9-b407-4a4c-9dfe-ec2798dfc3ce,22,0.17839918666238544,0.17726606481215532,1
qwen14B-int4_retail_50runs,780d34d9-b407-4a4c-9dfe-ec2798dfc3ce,24,0.40347602130464366,0.3163109546483949,1
qwen14B-int4_retail_50runs,780d34d9-b407-4a4c-9dfe-ec2798dfc3ce,26,0.28919942270225785,1.0,1
qwen14B-int4_retail_50runs,780d34d9-b407-4a4c-9dfe-ec2798dfc3ce,28,0.47686092352503634,0.2682010440503137,1
qwen14B-int4_retail_50runs,780d34d9-b407-4a4c-9dfe-ec2798dfc3ce,30,0.09242681704414475,0.1469924255293243,1
qwen14B-int4_retail_50runs,780d34d9-b407-4a4c-9dfe-ec2798dfc3ce,33,0.005982579116140354,0.12103793025016785,1
qwen14B-int4_retail_50runs,387e6df6-f634-464f-ad06-830d7863d98e,0,,,0
qwen14B-int4_retail_50runs,387e6df6-f634-464f-ad06-830d7863d98e,2,0.2511201208723601,0.0,0
qwen14B-int4_retail_50runs,387e6df6-f634-464f-ad06-830d7863d98e,4,0.00023396174300876913,0.01939430832862854,0
qwen14B-int4_retail_50runs,387e6df6-f634-464f-ad06-830d7863d98e,6,0.31301453671444873,0.05620504325290896,0
qwen14B-int4_retail_50runs,387e6df6-f634-464f-ad06-830d7863d98e,8,0.23653407379284433,0.11815712510085687,0
qwen14B-int4_retail_50runs,387e6df6-f634-464f-ad06-830d7863d98e,10,0.21466252721307927,0.05319628119468689,0
qwen14B-int4_retail_50runs,387e6df6-f634-464f-ad06-830d7863d98e,12,0.10825970072681942,0.16068422588808784,0
qwen14B-int4_retail_50runs,387e6df6-f634-464f-ad06-830d7863d98e,14,0.36379292135272356,0.13734488986259283,0
qwen14B-int4_retail_50runs,387e6df6-f634-464f-ad06-830d7863d98e,16,0.0726537651765683,0.31339309833667894,0
qwen14B-int4_retail_50runs,387e6df6-f634-464f-ad06-830d7863d98e,18,0.23504204641507354,0.587369532119937,0
qwen14B-int4_retail_50runs,387e6df6-f634-464f-ad06-830d7863d98e,20,0.31253846946121544,0.2326259966249819,0
qwen14B-int4_retail_50runs,387e6df6-f634-464f-ad06-830d7863d98e,22,0.10378362181287562,1.0,0
qwen14B-int4_retail_50runs,387e6df6-f634-464f-ad06-830d7863d98e,24,0.1906386689154316,0.4059379751032049,0
qwen14B-int4_retail_50runs,387e6df6-f634-464f-ad06-830d7863d98e,26,0.08103546256831771,0.38894894448193634,0
qwen14B-int4_retail_50runs,387e6df6-f634-464f-ad06-830d7863d98e,28,0.14058986739629759,0.23436168034871419,0
qwen14B-int4_retail_50runs,387e6df6-f634-464f-ad06-830d7863d98e,30,0.13248705435454267,0.18364349329793778,0
qwen14B-int4_retail_50runs,387e6df6-f634-464f-ad06-830d7863d98e,32,0.22240933201845753,0.12614911311381571,0
qwen14B-int4_retail_50runs,387e6df6-f634-464f-ad06-830d7863d98e,34,0.20147694099640642,0.17208972743579318,0
qwen14B-int4_retail_50runs,387e6df6-f634-464f-ad06-830d7863d98e,36,0.14989458224320296,0.12445982776839157,0
qwen14B-int4_retail_50runs,387e6df6-f634-464f-ad06-830d7863d98e,38,0.21535792634314002,0.1603619355550954,0
qwen14B-int4_retail_50runs,387e6df6-f634-464f-ad06-830d7863d98e,40,0.0832823980552148,0.3521778362768668,0
qwen14B-int4_retail_50runs,387e6df6-f634-464f-ad06-830d7863d98e,42,0.14091451375603314,0.1007445284298488,0
qwen14B-int4_retail_50runs,275b79d1-c1ec-4b4b-9c8d-46aa3e584c55,0,,,0
qwen14B-int4_retail_50runs,275b79d1-c1ec-4b4b-9c8d-46aa3e584c55,2,0.14599769754934824,0.0,0
qwen14B-int4_retail_50runs,275b79d1-c1ec-4b4b-9c8d-46aa3e584c55,4,0.0011158301562419481,0.0,0
qwen14B-int4_retail_50runs,275b79d1-c1ec-4b4b-9c8d-46aa3e584c55,6,0.3853572889014285,0.10173560040337698,0
qwen14B-int4_retail_50runs,275b79d1-c1ec-4b4b-9c8d-46aa3e584c55,8,0.29839901969641053,0.06872993210951486,0
qwen14B-int4_retail_50runs,275b79d1-c1ec-4b4b-9c8d-46aa3e584c55,10,0.24575338795693788,0.21917803585529327,0
qwen14B-int4_retail_50runs,846c3587-2700-45ff-b242-d538fbd13335,0,,,1
qwen14B-int4_retail_50runs,846c3587-2700-45ff-b242-d538fbd13335,2,0.3437010035878916,0.0,1
qwen14B-int4_retail_50runs,846c3587-2700-45ff-b242-d538fbd13335,4,0.0012811965206602771,0.0,1
qwen14B-int4_retail_50runs,846c3587-2700-45ff-b242-d538fbd13335,6,0.2403276423634059,0.13726519425710043,1
qwen14B-int4_retail_50runs,846c3587-2700-45ff-b242-d538fbd13335,8,0.13317452906296764,0.17219132643479568,1
qwen14B-int4_retail_50runs,846c3587-2700-45ff-b242-d538fbd13335,10,0.1351332134740496,0.30895159162324054,1
qwen14B-int4_retail_50runs,846c3587-2700-45ff-b242-d538fbd13335,12,0.30357137450645233,0.1335546588897705,1
qwen14B-int4_retail_50runs,846c3587-2700-45ff-b242-d538fbd13335,14,0.163384490330689,0.211552413683089,1
qwen14B-int4_retail_50runs,846c3587-2700-45ff-b242-d538fbd13335,16,0.003443791155826232,0.06580922717139834,1
qwen14B-int4_retail_50runs,846c3587-2700-45ff-b242-d538fbd13335,18,0.3455294359534354,0.11022945865988731,1
qwen14B-int4_retail_50runs,846c3587-2700-45ff-b242-d538fbd13335,20,0.08335896260679976,0.19071382555094632,1
qwen14B-int4_retail_50runs,846c3587-2700-45ff-b242-d538fbd13335,24,0.26523965482034045,0.19543992089373727,1
qwen14B-int4_retail_50runs,e3ebc6e9-2d8e-4557-893c-f9fb6366c8c3,0,,,1
qwen14B-int4_retail_50runs,e3ebc6e9-2d8e-4557-893c-f9fb6366c8c3,2,0.24892918314444304,0.0,1
qwen14B-int4_retail_50runs,e3ebc6e9-2d8e-4557-893c-f9fb6366c8c3,4,0.00033900337305160143,0.01939430832862854,1
qwen14B-int4_retail_50runs,e3ebc6e9-2d8e-4557-893c-f9fb6366c8c3,6,0.3558809779611325,0.04388420331862665,1
qwen14B-int4_retail_50runs,e3ebc6e9-2d8e-4557-893c-f9fb6366c8c3,8,0.41092636314854086,0.14472030129349023,1
qwen14B-int4_retail_50runs,e3ebc6e9-2d8e-4557-893c-f9fb6366c8c3,10,0.05021058718440064,0.07050514221191406,1
qwen14B-int4_retail_50runs,e3ebc6e9-2d8e-4557-893c-f9fb6366c8c3,12,0.2744634769256723,0.08507161221261751,1
qwen14B-int4_retail_50runs,e3ebc6e9-2d8e-4557-893c-f9fb6366c8c3,14,0.0016960312786046927,0.4482654333114624,1
qwen14B-int4_retail_50runs,e3ebc6e9-2d8e-4557-893c-f9fb6366c8c3,16,0.23811968891063054,0.26786893890017555,1
qwen14B-int4_retail_50runs,e3ebc6e9-2d8e-4557-893c-f9fb6366c8c3,18,0.3399520049191711,0.10511993415771968,1
qwen14B-int4_retail_50runs,e3ebc6e9-2d8e-4557-893c-f9fb6366c8c3,20,0.002936273967300451,1.0,1
qwen14B-int4_retail_50runs,e3ebc6e9-2d8e-4557-893c-f9fb6366c8c3,22,0.23624858726974365,0.4958139987702065,1
qwen14B-int4_retail_50runs,e3ebc6e9-2d8e-4557-893c-f9fb6366c8c3,24,0.04205181834433966,0.12878243923187258,1
qwen14B-int4_retail_50runs,e3ebc6e9-2d8e-4557-893c-f9fb6366c8c3,26,0.267198263670831,0.2957820144750304,1
qwen14B-int4_retail_50runs,e3ebc6e9-2d8e-4557-893c-f9fb6366c8c3,28,0.2772183989652012,0.20644462658808782,1
qwen14B-int4_retail_50runs,e3ebc6e9-2d8e-4557-893c-f9fb6366c8c3,30,0.301515646375154,0.15851812576180074,1
qwen14B-int4_retail_50runs,e3ebc6e9-2d8e-4557-893c-f9fb6366c8c3,32,0.12687570474769108,0.27652426560719806,1
qwen14B-int4_retail_50runs,e3ebc6e9-2d8e-4557-893c-f9fb6366c8c3,34,0.09131452119972415,0.5133224143223329,1
qwen14B-int4_retail_50runs,e3ebc6e9-2d8e-4557-893c-f9fb6366c8c3,36,0.18336991869227345,0.2210550457239151,1
qwen14B-int4_retail_50runs,e3ebc6e9-2d8e-4557-893c-f9fb6366c8c3,38,0.25490169222081865,1.0,1
qwen14B-int4_retail_50runs,e3ebc6e9-2d8e-4557-893c-f9fb6366c8c3,40,0.1686809595125166,0.4253869004416884,1
qwen14B-int4_retail_50runs,e3ebc6e9-2d8e-4557-893c-f9fb6366c8c3,42,0.21528974490102032,0.16140170395374298,1
qwen14B-int4_retail_50runs,e3ebc6e9-2d8e-4557-893c-f9fb6366c8c3,44,0.12097648446143124,0.10270622041490342,1
qwen14B-int4_retail_50runs,e3ebc6e9-2d8e-4557-893c-f9fb6366c8c3,46,0.01072028981930747,0.02448125766671222,1
qwen14B-int4_retail_50runs,58fe29bf-e3df-41e2-9842-9b7466ee7bca,0,,,1
qwen14B-int4_retail_50runs,58fe29bf-e3df-41e2-9842-9b7466ee7bca,2,0.21172017727365464,0.0,1
qwen14B-int4_retail_50runs,58fe29bf-e3df-41e2-9842-9b7466ee7bca,4,0.00048575012812723806,0.0,1
qwen14B-int4_retail_50runs,58fe29bf-e3df-41e2-9842-9b7466ee7bca,6,0.2978538852071563,0.12045168107555758,1
qwen14B-int4_retail_50runs,58fe29bf-e3df-41e2-9842-9b7466ee7bca,8,0.26319816289248654,0.045287489891052246,1
qwen14B-int4_retail_50runs,58fe29bf-e3df-41e2-9842-9b7466ee7bca,10,0.27667139726490136,0.07668968704011704,1
qwen14B-int4_retail_50runs,58fe29bf-e3df-41e2-9842-9b7466ee7bca,12,0.11537092011116101,1.0,1
qwen14B-int4_retail_50runs,58fe29bf-e3df-41e2-9842-9b7466ee7bca,14,0.1996077445896817,0.2550462733867557,1
qwen14B-int4_retail_50runs,58fe29bf-e3df-41e2-9842-9b7466ee7bca,16,0.25800449589499647,0.30154470755503726,1
qwen14B-int4_retail_50runs,58fe29bf-e3df-41e2-9842-9b7466ee7bca,18,0.3082916614381567,0.16555665681759518,1
qwen14B-int4_retail_50runs,58fe29bf-e3df-41e2-9842-9b7466ee7bca,20,0.22523943193730192,1.0,1
qwen14B-int4_retail_50runs,58fe29bf-e3df-41e2-9842-9b7466ee7bca,22,0.21280901921323228,0.37204239286225416,1
qwen14B-int4_retail_50runs,58fe29bf-e3df-41e2-9842-9b7466ee7bca,24,0.19841476551154943,0.4099420730884259,1
qwen14B-int4_retail_50runs,58fe29bf-e3df-41e2-9842-9b7466ee7bca,26,0.16798230357484345,1.0,1
qwen14B-int4_retail_50runs,58fe29bf-e3df-41e2-9842-9b7466ee7bca,28,0.18441150728276845,0.5940201507240046,1
qwen14B-int4_retail_50runs,58fe29bf-e3df-41e2-9842-9b7466ee7bca,30,0.18361297469502028,0.37847053578921724,1
qwen14B-int4_retail_50runs,58fe29bf-e3df-41e2-9842-9b7466ee7bca,32,0.061523260114543045,0.042454787202783534,1
qwen14B-int4_retail_50runs,58fe29bf-e3df-41e2-9842-9b7466ee7bca,34,0.11537055757646164,0.28850638730959455,1
qwen14B-int4_retail_50runs,58fe29bf-e3df-41e2-9842-9b7466ee7bca,36,0.005134416442426696,1.0,1
qwen14B-int4_retail_50runs,58fe29bf-e3df-41e2-9842-9b7466ee7bca,39,0.049967445192023834,0.16332683832414688,1
qwen14B-int4_retail_50runs,58fe29bf-e3df-41e2-9842-9b7466ee7bca,41,0.0906417011170122,0.28731634219487506,1
qwen14B-int4_retail_50runs,58fe29bf-e3df-41e2-9842-9b7466ee7bca,43,0.005567076627209081,1.0,1
qwen14B-int4_retail_50runs,58fe29bf-e3df-41e2-9842-9b7466ee7bca,46,0.018573261068484594,1.0,1
qwen14B-int4_retail_50runs,58fe29bf-e3df-41e2-9842-9b7466ee7bca,48,0.1778049110672961,0.4679672058592451,1
qwen14B-int4_retail_50runs,58fe29bf-e3df-41e2-9842-9b7466ee7bca,50,0.07087154532110365,0.4288639008998871,1
qwen14B-int4_retail_50runs,58fe29bf-e3df-41e2-9842-9b7466ee7bca,52,0.058668443220904413,0.6292728761146809,1
qwen14B-int4_retail_50runs,58fe29bf-e3df-41e2-9842-9b7466ee7bca,54,0.09035776297725605,0.8012306961146268,1
qwen14B-int4_retail_50runs,58fe29bf-e3df-41e2-9842-9b7466ee7bca,56,0.1932760990715364,0.4598363880757932,1
qwen14B-int4_retail_50runs,58fe29bf-e3df-41e2-9842-9b7466ee7bca,58,0.13423407102970739,0.3285786926746368,1
qwen14B-int4_retail_50runs,58fe29bf-e3df-41e2-9842-9b7466ee7bca,60,0.0971399204492928,0.10680547673651512,1
qwen14B-int4_retail_50runs,7c138f16-b535-45be-a8e4-7b8960cefff4,0,,,0
qwen14B-int4_retail_50runs,7c138f16-b535-45be-a8e4-7b8960cefff4,2,0.2687188938149393,0.0,0
qwen14B-int4_retail_50runs,7c138f16-b535-45be-a8e4-7b8960cefff4,4,0.0004208187352359172,0.0,0
qwen14B-int4_retail_50runs,7c138f16-b535-45be-a8e4-7b8960cefff4,6,0.24653504604389936,0.0818342597861039,0
qwen14B-int4_retail_50runs,7c138f16-b535-45be-a8e4-7b8960cefff4,8,0.2730135418197775,0.10665061175823211,0
qwen14B-int4_retail_50runs,7c138f16-b535-45be-a8e4-7b8960cefff4,10,0.17958401213050637,0.18730568258385907,0
qwen14B-int4_retail_50runs,7c138f16-b535-45be-a8e4-7b8960cefff4,12,0.12108585555489769,0.11427105434479251,0
qwen14B-int4_retail_50runs,7c138f16-b535-45be-a8e4-7b8960cefff4,14,0.271458260320695,0.11950567635622891,0
qwen14B-int4_retail_50runs,7c138f16-b535-45be-a8e4-7b8960cefff4,16,0.26032827843461726,0.24564867116967026,0
qwen14B-int4_retail_50runs,7c138f16-b535-45be-a8e4-7b8960cefff4,18,0.27732573665236393,0.24787148562344635,0
qwen14B-int4_retail_50runs,7c138f16-b535-45be-a8e4-7b8960cefff4,20,0.06058735869111761,0.14355730428928282,0
qwen14B-int4_retail_50runs,7c138f16-b535-45be-a8e4-7b8960cefff4,22,0.02249136833605924,0.39517250988218516,0
qwen14B-int4_retail_50runs,7c138f16-b535-45be-a8e4-7b8960cefff4,24,0.29788420472253535,0.16193159900862594,0
qwen14B-int4_retail_50runs,7c138f16-b535-45be-a8e4-7b8960cefff4,26,0.1399069209197506,0.0697512000294055,0
qwen14B-int4_retail_50runs,384e5c3d-1313-423a-b01a-f7b1cbbe58ec,0,,,1
qwen14B-int4_retail_50runs,384e5c3d-1313-423a-b01a-f7b1cbbe58ec,2,0.30691690061895127,0.0,1
qwen14B-int4_retail_50runs,384e5c3d-1313-423a-b01a-f7b1cbbe58ec,4,0.0006070707821052349,0.0,1
qwen14B-int4_retail_50runs,384e5c3d-1313-423a-b01a-f7b1cbbe58ec,6,0.2730209934574275,0.10888108297398215,1
qwen14B-int4_retail_50runs,384e5c3d-1313-423a-b01a-f7b1cbbe58ec,8,0.44900188221108844,0.12311221817706494,1
qwen14B-int4_retail_50runs,384e5c3d-1313-423a-b01a-f7b1cbbe58ec,10,0.15818347259447368,0.2255516865036704,1
qwen14B-int4_retail_50runs,384e5c3d-1313-423a-b01a-f7b1cbbe58ec,12,0.2571184808732541,0.41028390611921034,1
qwen14B-int4_retail_50runs,384e5c3d-1313-423a-b01a-f7b1cbbe58ec,14,0.42620268450603227,0.10916166305541991,1
qwen14B-int4_retail_50runs,384e5c3d-1313-423a-b01a-f7b1cbbe58ec,16,0.25651931616526813,1.0,1
qwen14B-int4_retail_50runs,384e5c3d-1313-423a-b01a-f7b1cbbe58ec,18,0.2168163403868948,0.3027368024472267,1
qwen14B-int4_retail_50runs,384e5c3d-1313-423a-b01a-f7b1cbbe58ec,20,0.40771183688720297,0.2172445983722292,1
qwen14B-int4_retail_50runs,384e5c3d-1313-423a-b01a-f7b1cbbe58ec,22,0.09728196403776894,0.24217993904043125,1
qwen14B-int4_retail_50runs,384e5c3d-1313-423a-b01a-f7b1cbbe58ec,24,0.17997788120052377,0.23222853456224712,1
qwen14B-int4_retail_50runs,26f116fa-3b13-457b-bb29-002dbfc115f9,0,,,0
qwen14B-int4_retail_50runs,26f116fa-3b13-457b-bb29-002dbfc115f9,2,0.2338077091102347,0.0,0
qwen14B-int4_retail_50runs,26f116fa-3b13-457b-bb29-002dbfc115f9,4,0.001004388754297425,0.0,0
qwen14B-int4_retail_50runs,26f116fa-3b13-457b-bb29-002dbfc115f9,6,0.151354442477313,0.09816050011178722,0
qwen14B-int4_retail_50runs,26f116fa-3b13-457b-bb29-002dbfc115f9,8,0.281132013896834,0.12176326636610361,0
qwen14B-int4_retail_50runs,26f116fa-3b13-457b-bb29-002dbfc115f9,10,0.3528839489022301,0.06396756089966874,0
qwen14B-int4_retail_50runs,26f116fa-3b13-457b-bb29-002dbfc115f9,12,0.00031054678435211644,0.1324760275227683,0
qwen14B-int4_retail_50runs,26f116fa-3b13-457b-bb29-002dbfc115f9,14,0.1880998808239446,0.08244345838373357,0
qwen14B-int4_retail_50runs,26f116fa-3b13-457b-bb29-002dbfc115f9,16,0.24075173230763947,0.1245134840620325,0
qwen14B-int4_retail_50runs,26f116fa-3b13-457b-bb29-002dbfc115f9,18,0.12129886770219217,0.16551314516270416,0
qwen14B-int4_retail_50runs,26f116fa-3b13-457b-bb29-002dbfc115f9,20,0.0016677072557087442,1.0,0
qwen14B-int4_retail_50runs,26f116fa-3b13-457b-bb29-002dbfc115f9,22,0.2268599213565953,1.0,0
qwen14B-int4_retail_50runs,26f116fa-3b13-457b-bb29-002dbfc115f9,24,0.25227364715996353,0.31962519533493944,0
qwen14B-int4_retail_50runs,26f116fa-3b13-457b-bb29-002dbfc115f9,26,0.17192650101566762,1.0,0
qwen14B-int4_retail_50runs,26f116fa-3b13-457b-bb29-002dbfc115f9,28,0.1586727920809905,0.2623905767094005,0
qwen14B-int4_retail_50runs,26f116fa-3b13-457b-bb29-002dbfc115f9,30,0.26290208937199444,0.14511380158364773,0
qwen14B-int4_retail_50runs,26f116fa-3b13-457b-bb29-002dbfc115f9,32,0.23519148565991316,0.13844640519883897,0
qwen14B-int4_retail_50runs,26f116fa-3b13-457b-bb29-002dbfc115f9,34,0.18046230288881793,1.0,0
qwen14B-int4_retail_50runs,26f116fa-3b13-457b-bb29-002dbfc115f9,36,0.05336929257449991,0.1484769909612594,0
qwen14B-int4_retail_50runs,26f116fa-3b13-457b-bb29-002dbfc115f9,38,0.1809438410274544,0.32000865434345444,0
qwen14B-int4_retail_50runs,26f116fa-3b13-457b-bb29-002dbfc115f9,40,0.15870882224805782,0.361606664955616,0
qwen14B-int4_retail_50runs,26f116fa-3b13-457b-bb29-002dbfc115f9,42,0.1500761744419796,0.206057391949554,0
qwen14B-int4_retail_50runs,26f116fa-3b13-457b-bb29-002dbfc115f9,44,0.10171331270442269,0.26472131411234534,0
qwen14B-int4_retail_50runs,26f116fa-3b13-457b-bb29-002dbfc115f9,46,0.10992986494482036,0.3216701402113988,0
qwen14B-int4_retail_50runs,26f116fa-3b13-457b-bb29-002dbfc115f9,48,0.12494330830201164,0.2204725050157116,0
qwen14B-int4_retail_50runs,e406559f-7492-4cad-90f2-8e1f7a4d7b53,0,,,1
qwen14B-int4_retail_50runs,e406559f-7492-4cad-90f2-8e1f7a4d7b53,2,0.17969731585938684,0.0,1
qwen14B-int4_retail_50runs,e406559f-7492-4cad-90f2-8e1f7a4d7b53,4,0.19668094755952742,0.17553682022906364,1
qwen14B-int4_retail_50runs,e406559f-7492-4cad-90f2-8e1f7a4d7b53,6,0.05307368181698166,0.4611140383141381,1
qwen14B-int4_retail_50runs,e406559f-7492-4cad-90f2-8e1f7a4d7b53,8,0.0025614057623855047,0.24921104974216887,1
qwen14B-int4_retail_50runs,e406559f-7492-4cad-90f2-8e1f7a4d7b53,10,0.24141306601856755,0.1657524307568868,1
qwen14B-int4_retail_50runs,e406559f-7492-4cad-90f2-8e1f7a4d7b53,12,0.10654274150508224,0.014675774357535623,1
qwen14B-int4_retail_50runs,afc6f595-3313-4a04-8c88-11f7d5375781,0,,,1
qwen14B-int4_retail_50runs,afc6f595-3313-4a04-8c88-11f7d5375781,2,0.29507244817212414,0.0,1
qwen14B-int4_retail_50runs,afc6f595-3313-4a04-8c88-11f7d5375781,4,0.0004937991382603762,0.019293383640401503,1
qwen14B-int4_retail_50runs,afc6f595-3313-4a04-8c88-11f7d5375781,6,0.18013394337122512,0.08138783488954816,1
qwen14B-int4_retail_50runs,afc6f595-3313-4a04-8c88-11f7d5375781,8,0.39242544930299605,0.08358672663972185,1
qwen14B-int4_retail_50runs,afc6f595-3313-4a04-8c88-11f7d5375781,10,0.2308771190531712,0.06711511313915253,1
qwen14B-int4_retail_50runs,afc6f595-3313-4a04-8c88-11f7d5375781,12,0.19689529664132852,0.09135648409525553,1
qwen14B-int4_retail_50runs,afc6f595-3313-4a04-8c88-11f7d5375781,14,0.17824571788191496,0.2608578127363454,1
qwen14B-int4_retail_50runs,afc6f595-3313-4a04-8c88-11f7d5375781,16,0.13120700618452663,0.3902317682902018,1
qwen14B-int4_retail_50runs,afc6f595-3313-4a04-8c88-11f7d5375781,18,0.38115306905693097,0.11937148535429541,1
qwen14B-int4_retail_50runs,afc6f595-3313-4a04-8c88-11f7d5375781,20,0.3174016588502839,0.14492762553227412,1
qwen14B-int4_retail_50runs,afc6f595-3313-4a04-8c88-11f7d5375781,22,0.1342825803214244,0.0811393191513506,1
qwen14B-int4_retail_50runs,afc6f595-3313-4a04-8c88-11f7d5375781,24,0.18909103029387372,0.15539158018011795,1
qwen14B-int4_retail_50runs,afc6f595-3313-4a04-8c88-11f7d5375781,26,0.004290245969802659,0.1265390746055111,1
qwen14B-int4_retail_50runs,afc6f595-3313-4a04-8c88-11f7d5375781,28,0.0950853919353348,1.0,1
qwen14B-int4_retail_50runs,afc6f595-3313-4a04-8c88-11f7d5375781,30,0.1283493328118852,0.13783714294433594,1
qwen14B-int4_retail_50runs,afc6f595-3313-4a04-8c88-11f7d5375781,32,0.0796516506324513,0.14958765791423284,1
qwen14B-int4_retail_50runs,afc6f595-3313-4a04-8c88-11f7d5375781,34,0.01787983475243205,0.16912180752981276,1
qwen14B-int4_retail_50runs,afc6f595-3313-4a04-8c88-11f7d5375781,36,0.2037616197156094,0.19526725155966623,1
qwen14B-int4_retail_50runs,afc6f595-3313-4a04-8c88-11f7d5375781,38,0.1148449908013754,0.22893661446869373,1
qwen14B-int4_retail_50runs,afc6f595-3313-4a04-8c88-11f7d5375781,40,0.1453367238892168,0.28207826803600977,1
qwen14B-int4_retail_50runs,3950ffb1-2ef7-4b68-a832-a504f5fd873c,0,,,1
qwen14B-int4_retail_50runs,3950ffb1-2ef7-4b68-a832-a504f5fd873c,2,0.36448682745965594,0.0,1
qwen14B-int4_retail_50runs,3950ffb1-2ef7-4b68-a832-a504f5fd873c,4,0.00029641023644758394,0.01221687912940979,1
qwen14B-int4_retail_50runs,3950ffb1-2ef7-4b68-a832-a504f5fd873c,6,0.33282148741271833,0.08394363948277064,1
qwen14B-int4_retail_50runs,3950ffb1-2ef7-4b68-a832-a504f5fd873c,8,0.1712965735644435,0.2716610403948052,1
qwen14B-int4_retail_50runs,3950ffb1-2ef7-4b68-a832-a504f5fd873c,10,0.1944475293167773,0.24739900634095477,1
qwen14B-int4_retail_50runs,3950ffb1-2ef7-4b68-a832-a504f5fd873c,12,0.2908543074773241,0.07387682903243835,1
qwen14B-int4_retail_50runs,3950ffb1-2ef7-4b68-a832-a504f5fd873c,14,0.32119158511869916,0.21594036178490547,1
qwen14B-int4_retail_50runs,3950ffb1-2ef7-4b68-a832-a504f5fd873c,16,0.24832551782925832,0.12958097152220896,1
qwen14B-int4_retail_50runs,3950ffb1-2ef7-4b68-a832-a504f5fd873c,18,0.05962347047414489,0.09805931276250109,1
qwen14B-int4_retail_50runs,3950ffb1-2ef7-4b68-a832-a504f5fd873c,20,0.12876656652902305,0.18134182003828195,1
qwen14B-int4_retail_50runs,3950ffb1-2ef7-4b68-a832-a504f5fd873c,22,0.07889343703646784,0.23571000016968824,1
qwen14B-int4_retail_50runs,3950ffb1-2ef7-4b68-a832-a504f5fd873c,24,0.13969017061711883,0.16344883670545604,1
qwen14B-int4_retail_50runs,34f6654e-56ac-40bf-b76a-6593e08b55f5,0,,,1
qwen14B-int4_retail_50runs,34f6654e-56ac-40bf-b76a-6593e08b55f5,2,0.3465313971490241,0.0,1
qwen14B-int4_retail_50runs,34f6654e-56ac-40bf-b76a-6593e08b55f5,4,0.2684921576102543,0.04630803596228361,1
qwen14B-int4_retail_50runs,34f6654e-56ac-40bf-b76a-6593e08b55f5,6,0.000318085847762469,0.019659979776902634,1
qwen14B-int4_retail_50runs,34f6654e-56ac-40bf-b76a-6593e08b55f5,8,0.36924525192820334,0.1431021199506872,1
qwen14B-int4_retail_50runs,34f6654e-56ac-40bf-b76a-6593e08b55f5,10,0.143815859309417,0.19153859257698058,1
qwen14B-int4_retail_50runs,34f6654e-56ac-40bf-b76a-6593e08b55f5,12,0.0855283558881259,0.29264602849358007,1
qwen14B-int4_retail_50runs,34f6654e-56ac-40bf-b76a-6593e08b55f5,15,0.21802886179253939,0.29130732796408915,1
qwen14B-int4_retail_50runs,34f6654e-56ac-40bf-b76a-6593e08b55f5,18,0.1371028713717769,0.2264384110768636,1
qwen14B-int4_retail_50runs,34f6654e-56ac-40bf-b76a-6593e08b55f5,20,0.13854095402524444,0.11135298935408444,1
qwen14B-int4_retail_50runs,34f6654e-56ac-40bf-b76a-6593e08b55f5,22,0.06378811849832486,0.15353122707140648,1
qwen14B-int4_retail_50runs,34f6654e-56ac-40bf-b76a-6593e08b55f5,25,0.12266714706177421,0.3779502931763144,1
qwen14B-int4_retail_50runs,34f6654e-56ac-40bf-b76a-6593e08b55f5,28,0.2706193512687072,0.20335930936476762,1
qwen14B-int4_retail_50runs,34f6654e-56ac-40bf-b76a-6593e08b55f5,30,0.1877329429513749,0.28281083941459656,1
qwen14B-int4_retail_50runs,34f6654e-56ac-40bf-b76a-6593e08b55f5,32,0.19047642256309424,0.159577293942372,1
qwen14B-int4_retail_50runs,6208fc0f-dc43-4b48-b20f-56f3dcce43fe,0,,,1
qwen14B-int4_retail_50runs,6208fc0f-dc43-4b48-b20f-56f3dcce43fe,2,0.3122492194812154,0.0,1
qwen14B-int4_retail_50runs,6208fc0f-dc43-4b48-b20f-56f3dcce43fe,4,0.3251826162443763,0.24316423883040747,1
qwen14B-int4_retail_50runs,6208fc0f-dc43-4b48-b20f-56f3dcce43fe,6,0.23239503656474514,0.25790870744128563,1
qwen14B-int4_retail_50runs,6208fc0f-dc43-4b48-b20f-56f3dcce43fe,8,0.2536509322775768,0.15877292354901631,1
qwen14B-int4_retail_50runs,6208fc0f-dc43-4b48-b20f-56f3dcce43fe,10,0.14025611239509317,0.10111892223358154,1
qwen14B-int4_retail_50runs,6208fc0f-dc43-4b48-b20f-56f3dcce43fe,12,0.00021414471503094191,0.06585479444927639,1
qwen14B-int4_retail_50runs,6208fc0f-dc43-4b48-b20f-56f3dcce43fe,14,0.20981237720793147,0.12301086824993754,1
qwen14B-int4_retail_50runs,6208fc0f-dc43-4b48-b20f-56f3dcce43fe,16,0.00279842719278942,0.1496471056812688,1
qwen14B-int4_retail_50runs,6208fc0f-dc43-4b48-b20f-56f3dcce43fe,18,0.16547746387432172,0.23453597959719205,1
qwen14B-int4_retail_50runs,107eed96-b4f5-4c6e-b0db-df346e67068c,0,,,1
qwen14B-int4_retail_50runs,107eed96-b4f5-4c6e-b0db-df346e67068c,2,0.18912581183403301,0.0,1
qwen14B-int4_retail_50runs,107eed96-b4f5-4c6e-b0db-df346e67068c,4,0.3025325908771419,0.25240613222122193,1
qwen14B-int4_retail_50runs,107eed96-b4f5-4c6e-b0db-df346e67068c,6,0.0010853593363967838,0.03535941067863913,1
qwen14B-int4_retail_50runs,107eed96-b4f5-4c6e-b0db-df346e67068c,8,0.28156744167879477,0.033280454930805024,1
qwen14B-int4_retail_50runs,107eed96-b4f5-4c6e-b0db-df346e67068c,10,0.05163810757209648,0.0387209008137385,1
qwen14B-int4_retail_50runs,107eed96-b4f5-4c6e-b0db-df346e67068c,12,0.18264330767358045,0.09711260061997633,1
qwen14B-int4_retail_50runs,107eed96-b4f5-4c6e-b0db-df346e67068c,14,0.0016329801577530962,0.0542454719543457,1
qwen14B-int4_retail_50runs,107eed96-b4f5-4c6e-b0db-df346e67068c,16,0.327582879092882,0.16243061773917253,1
qwen14B-int4_retail_50runs,107eed96-b4f5-4c6e-b0db-df346e67068c,18,0.011838773867538946,0.05481680234273274,1
qwen14B-int4_retail_50runs,107eed96-b4f5-4c6e-b0db-df346e67068c,20,0.2510338354410619,0.10335654871804373,1
qwen14B-int4_retail_50runs,107eed96-b4f5-4c6e-b0db-df346e67068c,22,0.17344476663946579,0.42051675835171265,1
qwen14B-int4_retail_50runs,107eed96-b4f5-4c6e-b0db-df346e67068c,24,0.18954406891404155,0.7881510779261589,1
qwen14B-int4_retail_50runs,107eed96-b4f5-4c6e-b0db-df346e67068c,26,0.12571821346275355,0.7520367299255573,1
qwen14B-int4_retail_50runs,107eed96-b4f5-4c6e-b0db-df346e67068c,28,0.11277404807927245,0.565637708902359,1
qwen14B-int4_retail_50runs,107eed96-b4f5-4c6e-b0db-df346e67068c,30,0.13074768532837963,0.6502706590963869,1
qwen14B-int4_retail_50runs,107eed96-b4f5-4c6e-b0db-df346e67068c,32,0.01713741770387101,1.0,1
qwen14B-int4_retail_50runs,107eed96-b4f5-4c6e-b0db-df346e67068c,34,0.011642126271895162,1.0,1
qwen14B-int4_retail_50runs,107eed96-b4f5-4c6e-b0db-df346e67068c,36,0.008863020358566146,1.0,1
qwen14B-int4_retail_50runs,ee2fcce5-2dad-424c-8e64-83b6ed6d43ec,0,,,1
qwen14B-int4_retail_50runs,ee2fcce5-2dad-424c-8e64-83b6ed6d43ec,2,0.3120849517726966,0.0,1
qwen14B-int4_retail_50runs,ee2fcce5-2dad-424c-8e64-83b6ed6d43ec,4,0.0002105246452913125,0.01718016631073422,1
qwen14B-int4_retail_50runs,ee2fcce5-2dad-424c-8e64-83b6ed6d43ec,6,0.3552259760595432,0.09466570973396302,1
qwen14B-int4_retail_50runs,ee2fcce5-2dad-424c-8e64-83b6ed6d43ec,8,0.04315460551798808,0.046552571654319766,1
qwen14B-int4_retail_50runs,ee2fcce5-2dad-424c-8e64-83b6ed6d43ec,11,0.4997998543731228,0.2038305103778839,1
qwen14B-int4_retail_50runs,ee2fcce5-2dad-424c-8e64-83b6ed6d43ec,13,0.020237957561697106,0.08155967508043561,1
qwen14B-int4_retail_50runs,ee2fcce5-2dad-424c-8e64-83b6ed6d43ec,15,0.19725012138198214,0.1288718218388765,1
qwen14B-int4_retail_50runs,ee2fcce5-2dad-424c-8e64-83b6ed6d43ec,17,0.007589015670277044,0.08182497535433088,1
qwen14B-int4_retail_50runs,ee2fcce5-2dad-424c-8e64-83b6ed6d43ec,20,0.2640380419158238,0.10285212888437159,1
qwen14B-int4_retail_50runs,ee2fcce5-2dad-424c-8e64-83b6ed6d43ec,22,0.3522060450188376,0.0901726403019645,1
qwen14B-int4_retail_50runs,ee2fcce5-2dad-424c-8e64-83b6ed6d43ec,24,0.362565411029764,0.0875946002848008,1
qwen14B-int4_retail_50runs,ee2fcce5-2dad-424c-8e64-83b6ed6d43ec,26,0.25240717127391615,0.06272786490771234,1
qwen14B-int4_retail_50runs,ee2fcce5-2dad-424c-8e64-83b6ed6d43ec,28,0.12349375499084987,0.07023792713880539,1
qwen14B-int4_retail_50runs,ee2fcce5-2dad-424c-8e64-83b6ed6d43ec,30,0.1621556857473013,0.0278185358587301,1
qwen14B-int4_retail_50runs,0f083d05-23c6-4d28-a48a-5e3c91c3862e,0,,,1
qwen14B-int4_retail_50runs,0f083d05-23c6-4d28-a48a-5e3c91c3862e,2,0.2584310562489879,0.0,1
qwen14B-int4_retail_50runs,0f083d05-23c6-4d28-a48a-5e3c91c3862e,4,0.0006198056282557999,0.03918449481328328,1
qwen14B-int4_retail_50runs,0f083d05-23c6-4d28-a48a-5e3c91c3862e,6,0.22761765173156429,0.06630293915911419,1
qwen14B-int4_retail_50runs,0f083d05-23c6-4d28-a48a-5e3c91c3862e,8,0.125225664460179,0.04016737474335564,1
qwen14B-int4_retail_50runs,0f083d05-23c6-4d28-a48a-5e3c91c3862e,12,0.38913338475425757,0.07515649306468475,1
qwen14B-int4_retail_50runs,0f083d05-23c6-4d28-a48a-5e3c91c3862e,14,0.1731037583974976,0.0896482989192009,1
qwen14B-int4_retail_50runs,0f083d05-23c6-4d28-a48a-5e3c91c3862e,16,0.12124744321652615,1.0,1
qwen14B-int4_retail_50runs,0f083d05-23c6-4d28-a48a-5e3c91c3862e,18,0.15617126024681055,0.20760895877048888,1
qwen14B-int4_retail_50runs,0f083d05-23c6-4d28-a48a-5e3c91c3862e,20,0.14691685498191787,0.17820118963718415,1
qwen14B-int4_retail_50runs,0f083d05-23c6-4d28-a48a-5e3c91c3862e,22,0.12251866462729588,0.2637797213615255,1
qwen14B-int4_retail_50runs,0f083d05-23c6-4d28-a48a-5e3c91c3862e,24,0.12647985494061575,0.2546599951657382,1
qwen14B-int4_retail_50runs,0f083d05-23c6-4d28-a48a-5e3c91c3862e,26,0.29702621745591246,0.10633951984345913,1
qwen14B-int4_retail_50runs,0f083d05-23c6-4d28-a48a-5e3c91c3862e,28,0.2234803903756564,0.27732722220882294,1
qwen14B-int4_retail_50runs,0f083d05-23c6-4d28-a48a-5e3c91c3862e,30,0.1177561875611688,1.0,1
qwen14B-int4_retail_50runs,0f083d05-23c6-4d28-a48a-5e3c91c3862e,32,0.17281471779736893,1.0,1
qwen14B-int4_retail_50runs,0f083d05-23c6-4d28-a48a-5e3c91c3862e,34,0.12347831735033542,0.23928356660555486,1
qwen14B-int4_retail_50runs,0f083d05-23c6-4d28-a48a-5e3c91c3862e,36,0.18746783310655882,0.13957529295893276,1
qwen14B-int4_retail_50runs,0f083d05-23c6-4d28-a48a-5e3c91c3862e,38,0.10194150620941363,0.27481097253886133,1
qwen14B-int4_retail_50runs,0f083d05-23c6-4d28-a48a-5e3c91c3862e,40,0.12631536956537678,0.2966672642943785,1
qwen14B-int4_retail_50runs,0f083d05-23c6-4d28-a48a-5e3c91c3862e,42,0.006019669947671255,0.3478858470916748,1
qwen14B-int4_retail_50runs,0f083d05-23c6-4d28-a48a-5e3c91c3862e,44,0.09400952594338097,0.4975912909881741,1
qwen14B-int4_retail_50runs,032f1145-941d-421d-b9e5-36f035e561a5,0,,,1
qwen14B-int4_retail_50runs,032f1145-941d-421d-b9e5-36f035e561a5,2,0.3314952703756998,0.0,1
qwen14B-int4_retail_50runs,032f1145-941d-421d-b9e5-36f035e561a5,4,0.0007556801554730757,0.015757189077489516,1
qwen14B-int4_retail_50runs,032f1145-941d-421d-b9e5-36f035e561a5,6,0.23628140025519287,0.09768134706160603,1
qwen14B-int4_retail_50runs,032f1145-941d-421d-b9e5-36f035e561a5,8,0.476392946222842,0.07443542713704317,1
qwen14B-int4_retail_50runs,032f1145-941d-421d-b9e5-36f035e561a5,10,0.23891513123824173,0.13134898589207578,1
qwen14B-int4_retail_50runs,032f1145-941d-421d-b9e5-36f035e561a5,12,0.23332574422651986,0.10917295293605074,1
qwen14B-int4_retail_50runs,032f1145-941d-421d-b9e5-36f035e561a5,14,0.12918721825409404,0.18637332872108175,1
qwen14B-int4_retail_50runs,032f1145-941d-421d-b9e5-36f035e561a5,16,0.19478932506380334,0.13300401056316535,1
qwen14B-int4_retail_50runs,032f1145-941d-421d-b9e5-36f035e561a5,18,0.12007276549921006,0.274018689205772,1
qwen14B-int4_retail_50runs,032f1145-941d-421d-b9e5-36f035e561a5,20,0.1471371609690486,0.2911215245723724,1
qwen14B-int4_retail_50runs,032f1145-941d-421d-b9e5-36f035e561a5,22,0.1541365019347653,0.1961946814027551,1
qwen14B-int4_retail_50runs,032f1145-941d-421d-b9e5-36f035e561a5,24,0.07423802705815057,0.25779921667916433,1
qwen14B-int4_retail_50runs,032f1145-941d-421d-b9e5-36f035e561a5,26,0.0957175084139825,0.2646094854967094,1
qwen14B-int4_retail_50runs,032f1145-941d-421d-b9e5-36f035e561a5,28,0.14310917103970067,0.3370471369359911,1
qwen14B-int4_retail_50runs,243d4ea7-cad6-4a97-b79b-a910c6f574f6,0,,,0
qwen14B-int4_retail_50runs,243d4ea7-cad6-4a97-b79b-a910c6f574f6,2,0.34105329303439896,0.0,0
qwen14B-int4_retail_50runs,243d4ea7-cad6-4a97-b79b-a910c6f574f6,4,0.0003091478380892138,0.01581820061332301,0
qwen14B-int4_retail_50runs,243d4ea7-cad6-4a97-b79b-a910c6f574f6,6,0.2637251614815692,0.10071188432198983,0
qwen14B-int4_retail_50runs,243d4ea7-cad6-4a97-b79b-a910c6f574f6,8,0.22769250759776424,0.12193597092920419,0
qwen14B-int4_retail_50runs,243d4ea7-cad6-4a97-b79b-a910c6f574f6,10,0.4122512079250838,0.2362996981694148,0
qwen14B-int4_retail_50runs,243d4ea7-cad6-4a97-b79b-a910c6f574f6,12,0.01591958313302059,0.018731136475839922,0
qwen14B-int4_retail_50runs,243d4ea7-cad6-4a97-b79b-a910c6f574f6,14,0.3090102401841284,0.0983854748985984,0
qwen14B-int4_retail_50runs,243d4ea7-cad6-4a97-b79b-a910c6f574f6,16,0.2333210250040746,0.21386325359344482,0
qwen14B-int4_retail_50runs,243d4ea7-cad6-4a97-b79b-a910c6f574f6,18,0.2783791363901202,0.059523974792866766,0
qwen14B-int4_retail_50runs,243d4ea7-cad6-4a97-b79b-a910c6f574f6,20,0.13186002873337788,0.24212593231044832,0
qwen14B-int4_retail_50runs,243d4ea7-cad6-4a97-b79b-a910c6f574f6,22,0.2622478100742811,0.08078522399320441,0
qwen14B-int4_retail_50runs,243d4ea7-cad6-4a97-b79b-a910c6f574f6,24,0.2279114773697387,0.34420854687690733,0
qwen14B-int4_retail_50runs,243d4ea7-cad6-4a97-b79b-a910c6f574f6,26,0.31108666633091103,0.20623536904652912,0
qwen14B-int4_retail_50runs,243d4ea7-cad6-4a97-b79b-a910c6f574f6,28,0.2295815580917242,0.28390930500705686,0
qwen14B-int4_retail_50runs,243d4ea7-cad6-4a97-b79b-a910c6f574f6,30,0.16174148752854348,0.3876044919857612,0
qwen14B-int4_retail_50runs,782162b3-cbcb-42d9-9f26-8e43b99a5a8e,0,,,1
qwen14B-int4_retail_50runs,782162b3-cbcb-42d9-9f26-8e43b99a5a8e,2,0.281846909133034,0.0,1
qwen14B-int4_retail_50runs,782162b3-cbcb-42d9-9f26-8e43b99a5a8e,4,0.0002547523811912811,0.018643346699801357,1
qwen14B-int4_retail_50runs,782162b3-cbcb-42d9-9f26-8e43b99a5a8e,6,0.26338522278536997,0.04629260418461818,1
qwen14B-int4_retail_50runs,782162b3-cbcb-42d9-9f26-8e43b99a5a8e,8,0.352883621698869,0.13023068559797185,1
qwen14B-int4_retail_50runs,782162b3-cbcb-42d9-9f26-8e43b99a5a8e,10,0.44713670141572714,0.18891902241790504,1
qwen14B-int4_retail_50runs,782162b3-cbcb-42d9-9f26-8e43b99a5a8e,12,0.0003594727875889336,0.0,1
qwen14B-int4_retail_50runs,782162b3-cbcb-42d9-9f26-8e43b99a5a8e,14,0.15548234073533707,0.10628340684849284,1
qwen14B-int4_retail_50runs,782162b3-cbcb-42d9-9f26-8e43b99a5a8e,16,0.20900241374962836,0.1310565372308095,1
qwen14B-int4_retail_50runs,782162b3-cbcb-42d9-9f26-8e43b99a5a8e,18,0.16416871877685807,0.4693405853377448,1
qwen14B-int4_retail_50runs,782162b3-cbcb-42d9-9f26-8e43b99a5a8e,20,0.2585586037636163,1.0,1
qwen14B-int4_retail_50runs,782162b3-cbcb-42d9-9f26-8e43b99a5a8e,22,0.19509517502321483,0.242865971156529,1
qwen14B-int4_retail_50runs,782162b3-cbcb-42d9-9f26-8e43b99a5a8e,24,0.21547045743912582,0.3325546905398369,1
qwen14B-int4_retail_50runs,782162b3-cbcb-42d9-9f26-8e43b99a5a8e,26,0.10073862279365811,0.18226503001319036,1
qwen14B-int4_retail_50runs,782162b3-cbcb-42d9-9f26-8e43b99a5a8e,28,0.058945216083159835,0.47969244888850615,1
qwen14B-int4_retail_50runs,782162b3-cbcb-42d9-9f26-8e43b99a5a8e,30,0.14083974196049734,0.22512551064186906,1
qwen14B-int4_retail_50runs,782162b3-cbcb-42d9-9f26-8e43b99a5a8e,32,0.11588315159560844,0.007643677826438631,1
qwen14B-int4_retail_50runs,fd27577f-9382-4326-9b88-ef406386ea21,0,,,1
qwen14B-int4_retail_50runs,fd27577f-9382-4326-9b88-ef406386ea21,2,0.23351831086013058,0.0,1
qwen14B-int4_retail_50runs,fd27577f-9382-4326-9b88-ef406386ea21,4,0.0004876593705789547,0.0472666806188123,1
qwen14B-int4_retail_50runs,fd27577f-9382-4326-9b88-ef406386ea21,6,0.2791656170846508,0.0856340588355551,1
qwen14B-int4_retail_50runs,fd27577f-9382-4326-9b88-ef406386ea21,8,0.03479463291986925,0.033340867360432944,1
qwen14B-int4_retail_50runs,fd27577f-9382-4326-9b88-ef406386ea21,12,0.2892527104765201,0.060756296481726306,1
qwen14B-int4_retail_50runs,fd27577f-9382-4326-9b88-ef406386ea21,14,0.0043576291876597055,1.0,1
qwen14B-int4_retail_50runs,fd27577f-9382-4326-9b88-ef406386ea21,18,0.23319417297507594,0.21697171245302474,1
qwen14B-int4_retail_50runs,fd27577f-9382-4326-9b88-ef406386ea21,20,0.2280312102794431,1.0,1
qwen14B-int4_retail_50runs,fd27577f-9382-4326-9b88-ef406386ea21,22,0.3444978300080962,0.3789512004171099,1
qwen14B-int4_retail_50runs,fd27577f-9382-4326-9b88-ef406386ea21,24,0.39369339680167104,0.24713783017520244,1
qwen14B-int4_retail_50runs,fd27577f-9382-4326-9b88-ef406386ea21,26,0.0035253425128179434,0.014179118190492902,1
qwen14B-int4_retail_50runs,fd27577f-9382-4326-9b88-ef406386ea21,28,0.24399241134172733,0.1972137838602066,1
qwen14B-int4_retail_50runs,fd27577f-9382-4326-9b88-ef406386ea21,30,0.12590778165545935,0.2358152525765555,1
qwen14B-int4_retail_50runs,fd27577f-9382-4326-9b88-ef406386ea21,32,0.16838918686158816,0.20530007708640327,1
qwen14B-int4_retail_50runs,fd27577f-9382-4326-9b88-ef406386ea21,34,0.30339132826299664,0.13458813311623746,1
qwen14B-int4_retail_50runs,fd27577f-9382-4326-9b88-ef406386ea21,36,0.3478804874763948,0.14189832027141866,1
qwen14B-int4_retail_50runs,fd27577f-9382-4326-9b88-ef406386ea21,38,0.1618644782141663,1.0,1
qwen14B-int4_retail_50runs,fd27577f-9382-4326-9b88-ef406386ea21,40,0.12558758595583996,0.2834744850794474,1
qwen14B-int4_retail_50runs,fd27577f-9382-4326-9b88-ef406386ea21,42,0.2604327700805904,0.28380337504089853,1
qwen14B-int4_retail_50runs,fd27577f-9382-4326-9b88-ef406386ea21,44,0.23520893077396543,1.0,1
qwen14B-int4_retail_50runs,fd27577f-9382-4326-9b88-ef406386ea21,46,0.11116283487082645,1.0,1
qwen14B-int4_retail_50runs,fd27577f-9382-4326-9b88-ef406386ea21,48,0.12336357104614161,0.47499589757485816,1
qwen14B-int4_retail_50runs,fd27577f-9382-4326-9b88-ef406386ea21,50,0.1375517173132224,0.19813716411590576,1
qwen14B-int4_retail_50runs,fd27577f-9382-4326-9b88-ef406386ea21,52,0.0050622449942068215,0.03486862375929549,1
qwen14B-int4_retail_50runs,4eb9b777-7328-46e8-94e6-38bd7094ea82,0,,,1
qwen14B-int4_retail_50runs,4eb9b777-7328-46e8-94e6-38bd7094ea82,2,0.1457449069120098,0.0,1
qwen14B-int4_retail_50runs,4eb9b777-7328-46e8-94e6-38bd7094ea82,4,0.3164837124783056,0.10489858899797712,1
qwen14B-int4_retail_50runs,4eb9b777-7328-46e8-94e6-38bd7094ea82,6,0.319210113807085,0.4618952763932092,1
qwen14B-int4_retail_50runs,4eb9b777-7328-46e8-94e6-38bd7094ea82,8,0.15856826367835997,0.05499482899904251,1
qwen14B-int4_retail_50runs,4eb9b777-7328-46e8-94e6-38bd7094ea82,10,0.0021280167933639405,0.027679124393978637,1
qwen14B-int4_retail_50runs,a0ad3af6-0bcf-4313-8763-9314bd89a510,0,,,1
qwen14B-int4_retail_50runs,a0ad3af6-0bcf-4313-8763-9314bd89a510,2,0.2821176454443582,0.0,1
qwen14B-int4_retail_50runs,a0ad3af6-0bcf-4313-8763-9314bd89a510,4,0.00035656406820162476,0.016927198001316614,1
qwen14B-int4_retail_50runs,a0ad3af6-0bcf-4313-8763-9314bd89a510,6,0.31501234799050587,0.15459312711443218,1
qwen14B-int4_retail_50runs,a0ad3af6-0bcf-4313-8763-9314bd89a510,8,0.4379540658254076,0.14601364196875158,1
qwen14B-int4_retail_50runs,a0ad3af6-0bcf-4313-8763-9314bd89a510,10,0.19036976296053326,0.10059788823127747,1
qwen14B-int4_retail_50runs,a0ad3af6-0bcf-4313-8763-9314bd89a510,12,0.358834870291601,0.2039076771054949,1
qwen14B-int4_retail_50runs,a0ad3af6-0bcf-4313-8763-9314bd89a510,14,0.1713011507702576,0.2880147496859232,1
qwen14B-int4_retail_50runs,a0ad3af6-0bcf-4313-8763-9314bd89a510,16,0.11519659337896375,0.3326081120690634,1
qwen14B-int4_retail_50runs,a0ad3af6-0bcf-4313-8763-9314bd89a510,18,0.1967456646586209,0.08972037076950073,1
qwen14B-int4_retail_50runs,a0ad3af6-0bcf-4313-8763-9314bd89a510,20,0.3344377795837231,0.09685929905284535,1
qwen14B-int4_retail_50runs,a0ad3af6-0bcf-4313-8763-9314bd89a510,22,0.22010449342512226,0.49839382512228825,1
qwen14B-int4_retail_50runs,a0ad3af6-0bcf-4313-8763-9314bd89a510,24,0.09441214822126183,0.3263424882348978,1
qwen14B-int4_retail_50runs,a0ad3af6-0bcf-4313-8763-9314bd89a510,26,0.09366153377741185,0.5743606090545654,1
qwen14B-int4_retail_50runs,a0ad3af6-0bcf-4313-8763-9314bd89a510,28,0.11915073149249707,0.2598068118095398,1
qwen14B-int4_retail_50runs,a0ad3af6-0bcf-4313-8763-9314bd89a510,30,0.1380866490087494,0.3498405729021345,1
qwen14B-int4_retail_50runs,a0ad3af6-0bcf-4313-8763-9314bd89a510,32,0.13121512351468553,0.3549691017936258,1
qwen14B-int4_retail_50runs,a0ad3af6-0bcf-4313-8763-9314bd89a510,34,0.15245240084932207,1.0,1
qwen14B-int4_retail_50runs,a0ad3af6-0bcf-4313-8763-9314bd89a510,36,0.166534498074567,0.3481682437961384,1
qwen14B-int4_retail_50runs,a0ad3af6-0bcf-4313-8763-9314bd89a510,38,0.1896009618981297,0.1551209400097529,1
qwen14B-int4_retail_50runs,a0ad3af6-0bcf-4313-8763-9314bd89a510,40,0.09317692033986423,0.26978219038731344,1
qwen14B-int4_retail_50runs,a0ad3af6-0bcf-4313-8763-9314bd89a510,42,0.11614727236159837,0.1618255467354497,1
qwen14B-int4_retail_50runs,a0ad3af6-0bcf-4313-8763-9314bd89a510,44,0.1973915217962211,0.059182729572057724,1
qwen14B-int4_retail_50runs,04d56ec0-a0b9-435c-be53-a39f73f05d9a,0,,,1
qwen14B-int4_retail_50runs,04d56ec0-a0b9-435c-be53-a39f73f05d9a,2,0.3242381244246883,0.0,1
qwen14B-int4_retail_50runs,04d56ec0-a0b9-435c-be53-a39f73f05d9a,4,0.0001353162315479944,0.018324913347468656,1
qwen14B-int4_retail_50runs,04d56ec0-a0b9-435c-be53-a39f73f05d9a,6,0.30068812302054504,0.06084622127909056,1
qwen14B-int4_retail_50runs,04d56ec0-a0b9-435c-be53-a39f73f05d9a,8,0.0004223614658397897,0.09653966128826141,1
qwen14B-int4_retail_50runs,04d56ec0-a0b9-435c-be53-a39f73f05d9a,10,0.10049487388962738,0.19514304399490356,1
qwen14B-int4_retail_50runs,04d56ec0-a0b9-435c-be53-a39f73f05d9a,12,0.0003626581027839197,0.12826112508773804,1
qwen14B-int4_retail_50runs,04d56ec0-a0b9-435c-be53-a39f73f05d9a,14,0.24342606937048064,0.12826800888234918,1
qwen14B-int4_retail_50runs,04d56ec0-a0b9-435c-be53-a39f73f05d9a,16,0.14390289233811232,0.23400729043143134,1
qwen14B-int4_retail_50runs,04d56ec0-a0b9-435c-be53-a39f73f05d9a,18,0.12927184032268071,0.21666924249042166,1
qwen14B-int4_retail_50runs,04d56ec0-a0b9-435c-be53-a39f73f05d9a,20,0.14962399819353647,0.14753252267837524,1
qwen14B-int4_retail_50runs,04d56ec0-a0b9-435c-be53-a39f73f05d9a,22,0.3945552239182095,0.060529968631801316,1
qwen14B-int4_retail_50runs,04d56ec0-a0b9-435c-be53-a39f73f05d9a,24,0.0006961044843299957,0.03177882529593803,1
qwen14B-int4_retail_50runs,04d56ec0-a0b9-435c-be53-a39f73f05d9a,26,0.23408509968942484,0.12095204521627986,1
qwen14B-int4_retail_50runs,04d56ec0-a0b9-435c-be53-a39f73f05d9a,28,0.14117088470220304,1.0,1
qwen14B-int4_retail_50runs,04d56ec0-a0b9-435c-be53-a39f73f05d9a,30,0.11070291156847459,0.34644484519958496,1
qwen14B-int4_retail_50runs,04d56ec0-a0b9-435c-be53-a39f73f05d9a,32,0.08418359636185084,0.2988604647772653,1
qwen14B-int4_retail_50runs,04d56ec0-a0b9-435c-be53-a39f73f05d9a,34,0.09598996984573584,0.3913906216621399,1
qwen14B-int4_retail_50runs,04d56ec0-a0b9-435c-be53-a39f73f05d9a,36,0.11924455697994502,0.3069864929768077,1
qwen14B-int4_retail_50runs,04d56ec0-a0b9-435c-be53-a39f73f05d9a,38,0.14766126678041402,0.1282989394206267,1
qwen14B-int4_retail_50runs,04d56ec0-a0b9-435c-be53-a39f73f05d9a,40,0.00044888185670640107,0.12967680801044812,1
qwen14B-int4_retail_50runs,04d56ec0-a0b9-435c-be53-a39f73f05d9a,42,0.05694221565869508,0.3269635619539203,1
qwen14B-int4_retail_50runs,04d56ec0-a0b9-435c-be53-a39f73f05d9a,44,0.0004038699785359531,0.6959064091954913,1
qwen14B-int4_retail_50runs,04d56ec0-a0b9-435c-be53-a39f73f05d9a,46,0.07008820321299566,0.512592077255249,1
qwen14B-int4_retail_50runs,04d56ec0-a0b9-435c-be53-a39f73f05d9a,48,0.006775101287726848,0.06095369295640425,1
qwen14B-int4_retail_50runs,04d56ec0-a0b9-435c-be53-a39f73f05d9a,50,0.0971132169045272,0.2573949467052113,1
qwen14B-int4_retail_50runs,003fed17-8eb2-41fc-9d14-e76d51a40da1,0,,,1
qwen14B-int4_retail_50runs,003fed17-8eb2-41fc-9d14-e76d51a40da1,2,0.11687563542590278,0.0,1
qwen14B-int4_retail_50runs,003fed17-8eb2-41fc-9d14-e76d51a40da1,4,0.38178589971823584,0.13902095788054997,1
qwen14B-int4_retail_50runs,003fed17-8eb2-41fc-9d14-e76d51a40da1,6,0.0005683567106108904,0.12875101963678995,1
qwen14B-int4_retail_50runs,003fed17-8eb2-41fc-9d14-e76d51a40da1,8,0.3768372471632623,0.07698689369445151,1
qwen14B-int4_retail_50runs,003fed17-8eb2-41fc-9d14-e76d51a40da1,10,0.369060204961686,0.11346035970831816,1
qwen14B-int4_retail_50runs,003fed17-8eb2-41fc-9d14-e76d51a40da1,12,0.29594747142420186,0.08763097341244037,1
qwen14B-int4_retail_50runs,003fed17-8eb2-41fc-9d14-e76d51a40da1,14,0.014502340973075728,0.02143447245320966,1
qwen14B-int4_retail_50runs,003fed17-8eb2-41fc-9d14-e76d51a40da1,16,0.2910381168980612,0.08710502175723805,1
qwen14B-int4_retail_50runs,003fed17-8eb2-41fc-9d14-e76d51a40da1,18,0.17300676956194277,0.14728316416343054,1
qwen14B-int4_retail_50runs,003fed17-8eb2-41fc-9d14-e76d51a40da1,20,0.00030639493076355014,0.26699677590400944,1
qwen14B-int4_retail_50runs,003fed17-8eb2-41fc-9d14-e76d51a40da1,22,0.13473958444153458,0.3217468460400899,1
qwen14B-int4_retail_50runs,f95e5f31-7650-49d1-aedf-3a92dd1e1680,0,,,1
qwen14B-int4_retail_50runs,f95e5f31-7650-49d1-aedf-3a92dd1e1680,2,0.003381686798159998,0.0,1
qwen14B-int4_retail_50runs,f95e5f31-7650-49d1-aedf-3a92dd1e1680,4,0.4109379551249723,0.01996513605117798,1
qwen14B-int4_retail_50runs,f95e5f31-7650-49d1-aedf-3a92dd1e1680,6,0.11452926874973358,0.06278829141096635,1
qwen14B-int4_retail_50runs,f95e5f31-7650-49d1-aedf-3a92dd1e1680,9,0.4005906176121214,0.16827098528544107,1
qwen14B-int4_retail_50runs,f95e5f31-7650-49d1-aedf-3a92dd1e1680,11,0.00028652922760375664,0.2326113666806902,1
qwen14B-int4_retail_50runs,f95e5f31-7650-49d1-aedf-3a92dd1e1680,13,0.3951046516561686,0.15137820165665422,1
qwen14B-int4_retail_50runs,f95e5f31-7650-49d1-aedf-3a92dd1e1680,15,0.13927242746831528,0.1841133813389012,1
qwen14B-int4_retail_50runs,f95e5f31-7650-49d1-aedf-3a92dd1e1680,17,0.24155098459805832,0.09247656602125902,1
qwen14B-int4_retail_50runs,f95e5f31-7650-49d1-aedf-3a92dd1e1680,19,0.2032180312433912,0.16678714752197266,1
qwen14B-int4_retail_50runs,f95e5f31-7650-49d1-aedf-3a92dd1e1680,21,0.17380996090216314,0.417823680932971,1
qwen14B-int4_retail_50runs,f95e5f31-7650-49d1-aedf-3a92dd1e1680,23,0.0032107662062819562,0.013444889099039929,1
qwen14B-int4_retail_50runs,f95e5f31-7650-49d1-aedf-3a92dd1e1680,25,0.11698277869199365,1.0,1
qwen14B-int4_retail_50runs,f95e5f31-7650-49d1-aedf-3a92dd1e1680,28,0.14764017729672554,0.19674392613497646,1
qwen14B-int4_retail_50runs,f95e5f31-7650-49d1-aedf-3a92dd1e1680,30,0.28965772393797456,0.1924741408404182,1
qwen14B-int4_retail_50runs,f95e5f31-7650-49d1-aedf-3a92dd1e1680,32,0.005640241505876903,1.0,1
qwen14B-int4_retail_50runs,f95e5f31-7650-49d1-aedf-3a92dd1e1680,34,0.2297702482916737,0.1265743951643667,1
qwen14B-int4_retail_50runs,f95e5f31-7650-49d1-aedf-3a92dd1e1680,36,0.24314173414257578,0.19497234759659604,1
qwen14B-int4_retail_50runs,f95e5f31-7650-49d1-aedf-3a92dd1e1680,38,0.0024757639649379826,0.14386487007141113,1
qwen14B-int4_retail_50runs,f95e5f31-7650-49d1-aedf-3a92dd1e1680,40,0.21246873278391945,0.29847862433504174,1
qwen14B-int4_retail_50runs,f95e5f31-7650-49d1-aedf-3a92dd1e1680,42,0.16695204066355812,0.3535180233773731,1
qwen14B-int4_retail_50runs,f95e5f31-7650-49d1-aedf-3a92dd1e1680,44,0.19246491722033215,0.27507694692988144,1
qwen14B-int4_retail_50runs,f95e5f31-7650-49d1-aedf-3a92dd1e1680,46,0.05836716562733799,0.5868755398171671,1
qwen14B-int4_retail_50runs,2aa28f78-37e6-45c0-8f76-66cc05777eb8,0,,,1
qwen14B-int4_retail_50runs,2aa28f78-37e6-45c0-8f76-66cc05777eb8,2,0.3418973646735944,0.0,1
qwen14B-int4_retail_50runs,2aa28f78-37e6-45c0-8f76-66cc05777eb8,4,0.0002144926189120433,0.0,1
qwen14B-int4_retail_50runs,2aa28f78-37e6-45c0-8f76-66cc05777eb8,6,0.2273642611140592,0.06339151833368384,1
qwen14B-int4_retail_50runs,2aa28f78-37e6-45c0-8f76-66cc05777eb8,8,0.0003185084911550007,0.09487110376358032,1
qwen14B-int4_retail_50runs,2aa28f78-37e6-45c0-8f76-66cc05777eb8,10,0.3419782936639013,0.13552935048937798,1
qwen14B-int4_retail_50runs,2aa28f78-37e6-45c0-8f76-66cc05777eb8,12,0.0027825526831015907,0.09812315553426743,1
qwen14B-int4_retail_50runs,2aa28f78-37e6-45c0-8f76-66cc05777eb8,14,0.14422133921946018,0.1660473767448874,1
qwen14B-int4_retail_50runs,2aa28f78-37e6-45c0-8f76-66cc05777eb8,16,0.17731217015103984,0.08781514251441286,1
qwen14B-int4_retail_50runs,2aa28f78-37e6-45c0-8f76-66cc05777eb8,18,0.2141120353047328,0.08075063962202807,1
qwen14B-int4_retail_50runs,2aa28f78-37e6-45c0-8f76-66cc05777eb8,21,0.2732096914798079,0.16764260697783084,1
qwen14B-int4_retail_50runs,2aa28f78-37e6-45c0-8f76-66cc05777eb8,23,0.019893879923095572,0.7493019368913438,1
qwen14B-int4_retail_50runs,2aa28f78-37e6-45c0-8f76-66cc05777eb8,25,0.2775713827466774,0.2479904534968924,1
qwen14B-int4_retail_50runs,2aa28f78-37e6-45c0-8f76-66cc05777eb8,27,0.0067349907959754814,1.0,1
qwen14B-int4_retail_50runs,2aa28f78-37e6-45c0-8f76-66cc05777eb8,30,0.30886153002174244,0.21148131174199722,1
qwen14B-int4_retail_50runs,2aa28f78-37e6-45c0-8f76-66cc05777eb8,32,0.02059173788903191,0.11613938441643348,1
qwen14B-int4_retail_50runs,2aa28f78-37e6-45c0-8f76-66cc05777eb8,34,0.19317901480287827,0.07873932293483189,1
qwen14B-int4_retail_50runs,3f366797-67a0-479e-a62a-81f3752f44be,0,,,1
qwen14B-int4_retail_50runs,3f366797-67a0-479e-a62a-81f3752f44be,2,0.3819622220637796,0.0,1
qwen14B-int4_retail_50runs,3f366797-67a0-479e-a62a-81f3752f44be,4,0.007066786898321853,0.0,1
qwen14B-int4_retail_50runs,3f366797-67a0-479e-a62a-81f3752f44be,6,0.28645612108539276,0.10074132764843148,1
qwen14B-int4_retail_50runs,3f366797-67a0-479e-a62a-81f3752f44be,8,0.00028780377596407646,0.09487110376358032,1
qwen14B-int4_retail_50runs,3f366797-67a0-479e-a62a-81f3752f44be,10,0.3579946393817439,0.06076518324918525,1
qwen14B-int4_retail_50runs,3f366797-67a0-479e-a62a-81f3752f44be,12,0.3637941352210445,0.15388092824390956,1
qwen14B-int4_retail_50runs,3f366797-67a0-479e-a62a-81f3752f44be,14,0.26787869505710427,0.2845728397369385,1
qwen14B-int4_retail_50runs,3f366797-67a0-479e-a62a-81f3752f44be,16,0.1976946021880023,0.12020162435678336,1
qwen14B-int4_retail_50runs,3f366797-67a0-479e-a62a-81f3752f44be,18,0.001111322732339762,0.0,1
qwen14B-int4_retail_50runs,3f366797-67a0-479e-a62a-81f3752f44be,20,0.1352935791988046,0.19166072446908525,1
qwen14B-int4_retail_50runs,3f366797-67a0-479e-a62a-81f3752f44be,22,0.07151197882315291,0.7380414213004866,1
qwen14B-int4_retail_50runs,3f366797-67a0-479e-a62a-81f3752f44be,24,0.016473667002462937,1.0,1
qwen14B-int4_retail_50runs,3f366797-67a0-479e-a62a-81f3752f44be,26,0.11249136334638415,0.5070855942639437,1
qwen14B-int4_retail_50runs,3f366797-67a0-479e-a62a-81f3752f44be,28,0.1133817482580992,0.7354131639003754,1
qwen14B-int4_retail_50runs,3f366797-67a0-479e-a62a-81f3752f44be,30,0.1855306005757628,0.11585454471775744,1
qwen14B-int4_retail_50runs,3f366797-67a0-479e-a62a-81f3752f44be,32,0.06493250544377036,0.880893760257297,1
qwen14B-int4_retail_50runs,3f366797-67a0-479e-a62a-81f3752f44be,34,0.21062845621866108,0.36523709694544476,1
qwen14B-int4_retail_50runs,3f366797-67a0-479e-a62a-81f3752f44be,36,0.08817813384175568,0.08695865549692293,1
qwen14B-int4_retail_50runs,3f366797-67a0-479e-a62a-81f3752f44be,38,0.0014521859350340918,0.03225375877486335,1
qwen14B-int4_retail_50runs,005936d1-ef9e-4ce6-a2c0-a9fcf93c54db,0,,,1
qwen14B-int4_retail_50runs,005936d1-ef9e-4ce6-a2c0-a9fcf93c54db,2,0.2903284294379766,0.0,1
qwen14B-int4_retail_50runs,005936d1-ef9e-4ce6-a2c0-a9fcf93c54db,4,0.18440971372441378,0.0,1
qwen14B-int4_retail_50runs,005936d1-ef9e-4ce6-a2c0-a9fcf93c54db,7,0.35418731178690593,0.13197107490946036,1
qwen14B-int4_retail_50runs,005936d1-ef9e-4ce6-a2c0-a9fcf93c54db,9,0.13124390870878266,0.12656011184056598,1
qwen14B-int4_retail_50runs,005936d1-ef9e-4ce6-a2c0-a9fcf93c54db,12,0.1971831824013568,0.12007354668208531,1
qwen14B-int4_retail_50runs,005936d1-ef9e-4ce6-a2c0-a9fcf93c54db,14,0.2654196981647492,0.028355084714435395,1
qwen14B-int4_retail_50runs,005936d1-ef9e-4ce6-a2c0-a9fcf93c54db,16,0.20887564304866535,0.18172006562071025,1
qwen14B-int4_retail_50runs,005936d1-ef9e-4ce6-a2c0-a9fcf93c54db,18,0.3083996246018598,0.1714445592521073,1
qwen14B-int4_retail_50runs,005936d1-ef9e-4ce6-a2c0-a9fcf93c54db,20,0.3334184656019493,0.09656762817631596,1
qwen14B-int4_retail_50runs,0423cdbf-983d-4c0f-9e94-554b15a1d897,0,,,0
qwen14B-int4_retail_50runs,0423cdbf-983d-4c0f-9e94-554b15a1d897,2,0.296352656729286,0.0,0
qwen14B-int4_retail_50runs,0423cdbf-983d-4c0f-9e94-554b15a1d897,4,0.1439670077647513,0.05748604352657612,0
qwen14B-int4_retail_50runs,0423cdbf-983d-4c0f-9e94-554b15a1d897,6,0.2732157614100614,0.06730236411094666,0
qwen14B-int4_retail_50runs,0423cdbf-983d-4c0f-9e94-554b15a1d897,8,0.0005123738213777591,0.02462170674250676,0
qwen14B-int4_retail_50runs,0423cdbf-983d-4c0f-9e94-554b15a1d897,10,0.19014917791603372,0.24972307682037356,0
qwen14B-int4_retail_50runs,0423cdbf-983d-4c0f-9e94-554b15a1d897,12,0.28858916605877405,0.0967867514666389,0
qwen14B-int4_retail_50runs,0423cdbf-983d-4c0f-9e94-554b15a1d897,14,0.15188071600718672,1.0,0
qwen14B-int4_retail_50runs,0423cdbf-983d-4c0f-9e94-554b15a1d897,16,0.23448054105676233,0.2835419593855392,0
qwen14B-int4_retail_50runs,0423cdbf-983d-4c0f-9e94-554b15a1d897,18,0.14719312809886986,0.31625018119812015,0
qwen14B-int4_retail_50runs,0423cdbf-983d-4c0f-9e94-554b15a1d897,20,0.08892434156990224,0.49933195590972906,0
qwen14B-int4_retail_50runs,0423cdbf-983d-4c0f-9e94-554b15a1d897,22,0.2139833195698462,0.09131903269074179,0
qwen14B-int4_retail_50runs,0423cdbf-983d-4c0f-9e94-554b15a1d897,24,0.19623464887293418,0.1009161559546866,0
qwen14B-int4_retail_50runs,0423cdbf-983d-4c0f-9e94-554b15a1d897,26,0.2162028199339079,0.22295444661920719,0
qwen14B-int4_retail_50runs,0423cdbf-983d-4c0f-9e94-554b15a1d897,28,0.16212618246136828,0.15178386121988297,0
qwen14B-int4_retail_50runs,0423cdbf-983d-4c0f-9e94-554b15a1d897,30,0.16866674262701223,1.0,0
qwen14B-int4_retail_50runs,0423cdbf-983d-4c0f-9e94-554b15a1d897,32,0.1608531963029981,1.0,0
qwen14B-int4_retail_50runs,0423cdbf-983d-4c0f-9e94-554b15a1d897,34,0.18763909604584017,1.0,0
qwen14B-int4_retail_50runs,0423cdbf-983d-4c0f-9e94-554b15a1d897,36,0.16768852992511588,1.0,0
qwen14B-int4_retail_50runs,0423cdbf-983d-4c0f-9e94-554b15a1d897,38,0.2515334413618912,0.37152040004730225,0
qwen14B-int4_retail_50runs,0423cdbf-983d-4c0f-9e94-554b15a1d897,40,0.14459544619189263,0.19997572898864746,0
qwen14B-int4_retail_50runs,0423cdbf-983d-4c0f-9e94-554b15a1d897,42,0.2714388140990215,0.10136952525690981,0
qwen14B-int4_retail_50runs,2bd50efc-7428-4ab1-a65b-f3d4d9ca8405,0,,,1
qwen14B-int4_retail_50runs,2bd50efc-7428-4ab1-a65b-f3d4d9ca8405,2,0.32436169342950866,0.0,1
qwen14B-int4_retail_50runs,2bd50efc-7428-4ab1-a65b-f3d4d9ca8405,4,0.00034142205637180314,0.0,1
qwen14B-int4_retail_50runs,2bd50efc-7428-4ab1-a65b-f3d4d9ca8405,6,0.2716339911230513,0.19075081781907516,1
qwen14B-int4_retail_50runs,2bd50efc-7428-4ab1-a65b-f3d4d9ca8405,8,0.13831021459072082,0.07036865892864408,1
qwen14B-int4_retail_50runs,2bd50efc-7428-4ab1-a65b-f3d4d9ca8405,10,0.216632373711384,0.1996045708656311,1
qwen14B-int4_retail_50runs,2bd50efc-7428-4ab1-a65b-f3d4d9ca8405,12,0.28675081085518006,0.12259012833237648,1
qwen14B-int4_retail_50runs,2bd50efc-7428-4ab1-a65b-f3d4d9ca8405,14,0.3581769103917751,0.21118807792663574,1
qwen14B-int4_retail_50runs,2bd50efc-7428-4ab1-a65b-f3d4d9ca8405,16,0.0024782045856440995,0.0,1
qwen14B-int4_retail_50runs,2bd50efc-7428-4ab1-a65b-f3d4d9ca8405,18,0.24910482174550713,0.23233834902445474,1
qwen14B-int4_retail_50runs,2bd50efc-7428-4ab1-a65b-f3d4d9ca8405,20,0.022615820460740232,0.2490936517715454,1
qwen14B-int4_retail_50runs,2bd50efc-7428-4ab1-a65b-f3d4d9ca8405,22,0.27350007265162096,0.19420227278833804,1
qwen14B-int4_retail_50runs,26dd4046-c7be-4167-8a7b-1d2bd0564ce0,0,,,1
qwen14B-int4_retail_50runs,26dd4046-c7be-4167-8a7b-1d2bd0564ce0,2,0.18289837753191424,0.0,1
qwen14B-int4_retail_50runs,26dd4046-c7be-4167-8a7b-1d2bd0564ce0,4,0.3191522632214454,0.12416239579518636,1
qwen14B-int4_retail_50runs,26dd4046-c7be-4167-8a7b-1d2bd0564ce0,6,0.253287188566712,0.11908620595932007,1
qwen14B-int4_retail_50runs,26dd4046-c7be-4167-8a7b-1d2bd0564ce0,8,0.17404108344149213,0.15827719523356512,1
qwen14B-int4_retail_50runs,26dd4046-c7be-4167-8a7b-1d2bd0564ce0,10,0.40783231884325566,0.1462764313092103,1
qwen14B-int4_retail_50runs,26dd4046-c7be-4167-8a7b-1d2bd0564ce0,12,0.27298675028885,0.10108052929745445,1
qwen14B-int4_retail_50runs,26dd4046-c7be-4167-8a7b-1d2bd0564ce0,14,0.325934095805931,0.15826203699769645,1
qwen14B-int4_retail_50runs,26dd4046-c7be-4167-8a7b-1d2bd0564ce0,16,0.23303110713362812,0.08210476909775333,1
qwen14B-int4_retail_50runs,0914f922-08c7-4483-a6b2-2736351582e9,0,,,1
qwen14B-int4_retail_50runs,0914f922-08c7-4483-a6b2-2736351582e9,2,0.3129735228341187,0.0,1
qwen14B-int4_retail_50runs,0914f922-08c7-4483-a6b2-2736351582e9,4,0.0006507440281311651,0.018444760757334092,1
qwen14B-int4_retail_50runs,0914f922-08c7-4483-a6b2-2736351582e9,6,0.22981684673633374,0.08140787211331454,1
qwen14B-int4_retail_50runs,0914f922-08c7-4483-a6b2-2736351582e9,8,0.28874528472157945,0.15329492363062772,1
qwen14B-int4_retail_50runs,0914f922-08c7-4483-a6b2-2736351582e9,10,0.3001976447813768,0.0834165300641741,1
qwen14B-int4_retail_50runs,0914f922-08c7-4483-a6b2-2736351582e9,12,0.22791950651096413,0.11342582457205828,1
qwen14B-int4_retail_50runs,0914f922-08c7-4483-a6b2-2736351582e9,14,0.3630920246355164,0.06545796746113261,1
qwen14B-int4_retail_50runs,0914f922-08c7-4483-a6b2-2736351582e9,16,0.3590285969157866,0.16454343549136458,1
qwen14B-int4_retail_50runs,0914f922-08c7-4483-a6b2-2736351582e9,18,0.17241551074355863,0.09285559654235839,1
qwen14B-int4_retail_50runs,0914f922-08c7-4483-a6b2-2736351582e9,20,0.22040609376518655,0.09193643161228725,1
qwen14B-int4_retail_50runs,0914f922-08c7-4483-a6b2-2736351582e9,22,0.20956483266149606,0.016373068567306276,1
qwen14B-int4_retail_50runs,546c839d-2b9a-426a-8875-378e518db9bc,0,,,1
qwen14B-int4_retail_50runs,546c839d-2b9a-426a-8875-378e518db9bc,2,0.37304192577651996,0.0,1
qwen14B-int4_retail_50runs,546c839d-2b9a-426a-8875-378e518db9bc,4,0.004728097519267139,0.010343676166875022,1
qwen14B-int4_retail_50runs,546c839d-2b9a-426a-8875-378e518db9bc,6,0.196035078707907,0.07494554414024836,1
qwen14B-int4_retail_50runs,546c839d-2b9a-426a-8875-378e518db9bc,8,0.0020490946950459943,0.06513470411300659,1
qwen14B-int4_retail_50runs,546c839d-2b9a-426a-8875-378e518db9bc,10,0.005485193392710704,0.48466628789901733,1
qwen14B-int4_retail_50runs,546c839d-2b9a-426a-8875-378e518db9bc,12,0.273484805017244,0.03430659341257672,1
qwen14B-int4_retail_50runs,546c839d-2b9a-426a-8875-378e518db9bc,14,0.20251524556834757,0.16844474697766237,1
qwen14B-int4_retail_50runs,546c839d-2b9a-426a-8875-378e518db9bc,16,0.14555913896345835,0.3100948964848238,1
qwen14B-int4_retail_50runs,546c839d-2b9a-426a-8875-378e518db9bc,18,0.10225536672450293,0.37558707217095605,1
qwen14B-int4_retail_50runs,546c839d-2b9a-426a-8875-378e518db9bc,20,0.2697158377192192,0.10859612375497818,1
qwen14B-int4_retail_50runs,546c839d-2b9a-426a-8875-378e518db9bc,22,0.2594906960398185,0.23735465786673804,1
qwen14B-int4_retail_50runs,546c839d-2b9a-426a-8875-378e518db9bc,24,0.15486710734404358,0.316678770126835,1
qwen14B-int4_retail_50runs,546c839d-2b9a-426a-8875-378e518db9bc,26,0.12471774254522981,1.0,1
qwen14B-int4_retail_50runs,546c839d-2b9a-426a-8875-378e518db9bc,28,0.09370922577221183,1.0,1
qwen14B-int4_retail_50runs,546c839d-2b9a-426a-8875-378e518db9bc,30,0.07459327571618643,0.709571747481823,1
qwen14B-int4_retail_50runs,546c839d-2b9a-426a-8875-378e518db9bc,32,0.03932952253126523,1.0,1
qwen14B-int4_retail_50runs,546c839d-2b9a-426a-8875-378e518db9bc,35,0.09752043048992369,0.7212345788353367,1
qwen14B-int4_retail_50runs,546c839d-2b9a-426a-8875-378e518db9bc,37,0.027238487519984818,1.0,1
qwen14B-int4_retail_50runs,546c839d-2b9a-426a-8875-378e518db9bc,39,0.04746524141163482,0.8264457401302127,1
qwen14B-int4_retail_50runs,f41b2b27-cc89-447d-85db-850f263d1838,0,,,1
qwen14B-int4_retail_50runs,f41b2b27-cc89-447d-85db-850f263d1838,2,0.1080713705712071,0.0,1
qwen14B-int4_retail_50runs,f41b2b27-cc89-447d-85db-850f263d1838,4,0.1709595177051226,0.13926746668639006,1
qwen14B-int4_retail_50runs,f41b2b27-cc89-447d-85db-850f263d1838,6,0.27703661595445883,0.16072122127779068,1
qwen14B-int4_retail_50runs,f41b2b27-cc89-447d-85db-850f263d1838,8,0.05647675646860551,0.42171701192855837,1
qwen14B-int4_retail_50runs,f41b2b27-cc89-447d-85db-850f263d1838,10,0.09701127785744704,0.4353947043418884,1
qwen14B-int4_retail_50runs,f41b2b27-cc89-447d-85db-850f263d1838,12,0.14107270047869852,0.22866363878603332,1
qwen14B-int4_retail_50runs,f41b2b27-cc89-447d-85db-850f263d1838,14,0.3222547478657435,0.2252922565379041,1
qwen14B-int4_retail_50runs,f41b2b27-cc89-447d-85db-850f263d1838,16,0.19204943062312677,0.25136032104492184,1
qwen14B-int4_retail_50runs,f41b2b27-cc89-447d-85db-850f263d1838,18,0.2913654896897319,0.22237987336465867,1
qwen14B-int4_retail_50runs,f41b2b27-cc89-447d-85db-850f263d1838,20,0.23554508175080557,0.15914374048059637,1
qwen14B-int4_retail_50runs,f41b2b27-cc89-447d-85db-850f263d1838,22,0.16369176687278453,0.3820736634320226,1
qwen14B-int4_retail_50runs,f41b2b27-cc89-447d-85db-850f263d1838,24,0.24333946535171494,0.13267935276031495,1
qwen14B-int4_retail_50runs,d1fb6031-b9eb-45b5-a7e3-694341882e09,0,,,1
qwen14B-int4_retail_50runs,d1fb6031-b9eb-45b5-a7e3-694341882e09,2,0.25019442891754257,0.0,1
qwen14B-int4_retail_50runs,d1fb6031-b9eb-45b5-a7e3-694341882e09,4,0.0004604332413825913,0.016599749073837742,1
qwen14B-int4_retail_50runs,d1fb6031-b9eb-45b5-a7e3-694341882e09,6,0.3586135687974324,0.078551400791515,1
qwen14B-int4_retail_50runs,d1fb6031-b9eb-45b5-a7e3-694341882e09,8,0.28786531795493453,0.34465994883556755,1
qwen14B-int4_retail_50runs,d1fb6031-b9eb-45b5-a7e3-694341882e09,10,0.12903932610098615,0.6172079599421958,1
qwen14B-int4_retail_50runs,d1fb6031-b9eb-45b5-a7e3-694341882e09,12,0.11129881833100114,0.795964915305376,1
qwen14B-int4_retail_50runs,d1fb6031-b9eb-45b5-a7e3-694341882e09,14,0.09206125221610653,0.7981529585246382,1
qwen14B-int4_retail_50runs,d1fb6031-b9eb-45b5-a7e3-694341882e09,16,0.12173005378945181,0.26351759433746336,1
qwen14B-int4_retail_50runs,d1fb6031-b9eb-45b5-a7e3-694341882e09,18,0.0007384458196434115,0.052596630419001866,1
qwen14B-int4_retail_50runs,0083e08f-a7b5-43f4-aa0b-6a9b83041eaa,0,,,1
qwen14B-int4_retail_50runs,0083e08f-a7b5-43f4-aa0b-6a9b83041eaa,2,0.24336798285662198,0.0,1
qwen14B-int4_retail_50runs,0083e08f-a7b5-43f4-aa0b-6a9b83041eaa,4,0.000293439705683043,0.017724575418414493,1
qwen14B-int4_retail_50runs,0083e08f-a7b5-43f4-aa0b-6a9b83041eaa,6,0.3016399668145883,0.13050506512324014,1
qwen14B-int4_retail_50runs,0083e08f-a7b5-43f4-aa0b-6a9b83041eaa,8,0.382753055399848,0.1477889685795225,1
qwen14B-int4_retail_50runs,0083e08f-a7b5-43f4-aa0b-6a9b83041eaa,10,0.3345712225424492,0.2049608754824443,1
qwen14B-int4_retail_50runs,0083e08f-a7b5-43f4-aa0b-6a9b83041eaa,12,0.3178983973560619,0.21216969811514524,1
qwen14B-int4_retail_50runs,63a2ac60-d58f-46fa-a1cc-72fb2c4f479f,0,,,0
qwen14B-int4_retail_50runs,63a2ac60-d58f-46fa-a1cc-72fb2c4f479f,2,0.38829675841256744,0.0,0
qwen14B-int4_retail_50runs,63a2ac60-d58f-46fa-a1cc-72fb2c4f479f,4,0.0003878241592727831,0.022808528863466706,0
qwen14B-int4_retail_50runs,63a2ac60-d58f-46fa-a1cc-72fb2c4f479f,6,0.25547965289787194,0.01807854456060073,0
qwen14B-int4_retail_50runs,63a2ac60-d58f-46fa-a1cc-72fb2c4f479f,8,0.3019479424850162,0.16849846499306814,0
qwen14B-int4_retail_50runs,63a2ac60-d58f-46fa-a1cc-72fb2c4f479f,10,0.011499675606422807,0.037327862702883206,0
qwen14B-int4_retail_50runs,63a2ac60-d58f-46fa-a1cc-72fb2c4f479f,16,0.261086253245569,0.1719121664178138,0
qwen14B-int4_retail_50runs,63a2ac60-d58f-46fa-a1cc-72fb2c4f479f,18,0.2876289471483242,0.13228622693864125,0
qwen14B-int4_retail_50runs,63a2ac60-d58f-46fa-a1cc-72fb2c4f479f,20,0.19361484613941224,0.25551754236221313,0
qwen14B-int4_retail_50runs,63a2ac60-d58f-46fa-a1cc-72fb2c4f479f,22,0.17742832559439475,0.7062930153763812,0
qwen14B-int4_retail_50runs,63a2ac60-d58f-46fa-a1cc-72fb2c4f479f,24,0.003561654857800674,0.01567394305498172,0
qwen14B-int4_retail_50runs,63a2ac60-d58f-46fa-a1cc-72fb2c4f479f,26,0.1435111096982201,0.23726884322830394,0
qwen14B-int4_telecom_50runs,de7834dc-4823-4b5d-a1d1-d0786b837170,0,,,1
qwen14B-int4_telecom_50runs,de7834dc-4823-4b5d-a1d1-d0786b837170,2,0.0007134733413048998,0.0,1
qwen14B-int4_telecom_50runs,de7834dc-4823-4b5d-a1d1-d0786b837170,4,0.34304748446241484,0.02098648656498302,1
qwen14B-int4_telecom_50runs,de7834dc-4823-4b5d-a1d1-d0786b837170,6,0.31481513013097556,0.2180386844434236,1
qwen14B-int4_telecom_50runs,de7834dc-4823-4b5d-a1d1-d0786b837170,8,0.3683640757830338,0.04984234828574985,1
qwen14B-int4_telecom_50runs,de7834dc-4823-4b5d-a1d1-d0786b837170,12,0.1609652367881597,0.12592900675885818,1
qwen14B-int4_telecom_50runs,de7834dc-4823-4b5d-a1d1-d0786b837170,14,0.36490847057119624,0.1785509691045091,1
qwen14B-int4_telecom_50runs,de7834dc-4823-4b5d-a1d1-d0786b837170,43,0.1785365220035329,0.09116641784969129,1
qwen14B-int4_telecom_50runs,de7834dc-4823-4b5d-a1d1-d0786b837170,45,0.11668422902750811,0.11593250530522044,1
qwen14B-int4_telecom_50runs,04003dcc-33e2-42b5-8d61-81cb07c8da26,0,,,1
qwen14B-int4_telecom_50runs,04003dcc-33e2-42b5-8d61-81cb07c8da26,2,0.0010203178521868662,0.0,1
qwen14B-int4_telecom_50runs,04003dcc-33e2-42b5-8d61-81cb07c8da26,4,0.33882425131395477,0.0,1
qwen14B-int4_telecom_50runs,04003dcc-33e2-42b5-8d61-81cb07c8da26,14,0.04602883550618904,0.17096199591954547,1
qwen14B-int4_telecom_50runs,04003dcc-33e2-42b5-8d61-81cb07c8da26,16,0.38483327410598933,0.148662904413735,1
qwen14B-int4_telecom_50runs,04003dcc-33e2-42b5-8d61-81cb07c8da26,26,0.3762686735136364,0.3004525670638451,1
qwen14B-int4_telecom_50runs,04003dcc-33e2-42b5-8d61-81cb07c8da26,28,0.37485890739034383,0.2846786880493164,1
qwen14B-int4_telecom_50runs,04003dcc-33e2-42b5-8d61-81cb07c8da26,32,0.22211401621636376,0.0094309232451699,1
qwen14B-int4_telecom_50runs,04003dcc-33e2-42b5-8d61-81cb07c8da26,34,0.27483632480322223,0.08227741363502684,1
qwen14B-int4_telecom_50runs,04003dcc-33e2-42b5-8d61-81cb07c8da26,40,0.10633338692939044,0.5946551520248939,1
qwen14B-int4_telecom_50runs,4f63d14b-6ede-4689-b0e2-e6a00b272375,0,,,1
qwen14B-int4_telecom_50runs,4f63d14b-6ede-4689-b0e2-e6a00b272375,2,0.0007115574772303499,0.0,1
qwen14B-int4_telecom_50runs,4f63d14b-6ede-4689-b0e2-e6a00b272375,4,0.3429883487695778,0.02098648656498302,1
qwen14B-int4_telecom_50runs,4f63d14b-6ede-4689-b0e2-e6a00b272375,6,0.3146929414708608,0.2180386844434236,1
qwen14B-int4_telecom_50runs,4f63d14b-6ede-4689-b0e2-e6a00b272375,8,0.3678144304965434,0.04984234828574985,1
qwen14B-int4_telecom_50runs,4f63d14b-6ede-4689-b0e2-e6a00b272375,12,0.14631722856954654,0.09551785562349402,1
qwen14B-int4_telecom_50runs,4f63d14b-6ede-4689-b0e2-e6a00b272375,14,0.5142426570660527,0.07754884936191417,1
qwen14B-int4_telecom_50runs,4f63d14b-6ede-4689-b0e2-e6a00b272375,16,0.20865137810252934,0.1953765984737512,1
qwen14B-int4_telecom_50runs,4f63d14b-6ede-4689-b0e2-e6a00b272375,18,0.37496020430516613,0.13445780168880117,1
qwen14B-int4_telecom_50runs,4f63d14b-6ede-4689-b0e2-e6a00b272375,20,0.28155956513616104,0.11563711540371764,1
qwen14B-int4_telecom_50runs,4f63d14b-6ede-4689-b0e2-e6a00b272375,24,0.26488459049963725,0.12875105653490337,1
qwen14B-int4_telecom_50runs,4f63d14b-6ede-4689-b0e2-e6a00b272375,26,0.2514134415238658,0.18935529241022075,1
qwen14B-int4_telecom_50runs,4f63d14b-6ede-4689-b0e2-e6a00b272375,28,0.18749376741429688,0.145717530023484,1
qwen14B-int4_telecom_50runs,4f63d14b-6ede-4689-b0e2-e6a00b272375,30,0.2599927451150563,0.16501756555893843,1
qwen14B-int4_telecom_50runs,4f63d14b-6ede-4689-b0e2-e6a00b272375,32,0.17270538466715968,0.17840475573831677,1
qwen14B-int4_telecom_50runs,4f63d14b-6ede-4689-b0e2-e6a00b272375,34,0.1284961525382496,0.39806791714259554,1
qwen14B-int4_telecom_50runs,4f63d14b-6ede-4689-b0e2-e6a00b272375,36,0.100485770193521,0.07545787975436351,1
qwen14B-int4_telecom_50runs,4f63d14b-6ede-4689-b0e2-e6a00b272375,38,0.09283534579832946,0.09971771059156974,1
qwen14B-int4_telecom_50runs,4f63d14b-6ede-4689-b0e2-e6a00b272375,40,0.10827138090398403,0.18672591517953313,1
qwen14B-int4_telecom_50runs,4f63d14b-6ede-4689-b0e2-e6a00b272375,42,0.026823434621978694,0.24222151177828427,1
qwen14B-int4_telecom_50runs,4f63d14b-6ede-4689-b0e2-e6a00b272375,44,0.11289655585103302,0.06350522829314409,1
qwen14B-int4_telecom_50runs,4f63d14b-6ede-4689-b0e2-e6a00b272375,46,0.06828467869189621,0.1244856072710706,1
qwen14B-int4_telecom_50runs,4f63d14b-6ede-4689-b0e2-e6a00b272375,48,0.10833315016197231,0.23257528913432154,1
qwen14B-int4_telecom_50runs,4f63d14b-6ede-4689-b0e2-e6a00b272375,50,0.05660063048420232,0.2092810212701991,1
qwen14B-int4_telecom_50runs,4f63d14b-6ede-4689-b0e2-e6a00b272375,52,0.17022334933800587,0.07977041567879162,1
qwen14B-int4_telecom_50runs,4f63d14b-6ede-4689-b0e2-e6a00b272375,54,0.236067039087308,0.18464175392599666,1
qwen14B-int4_telecom_50runs,4f63d14b-6ede-4689-b0e2-e6a00b272375,56,0.06409619211800466,0.06574164667437155,1
qwen14B-int4_telecom_50runs,4f63d14b-6ede-4689-b0e2-e6a00b272375,58,0.05452262639724807,0.3971610387166341,1
qwen14B-int4_telecom_50runs,4f63d14b-6ede-4689-b0e2-e6a00b272375,60,0.05720246114429107,0.2733732835570378,1
qwen14B-int4_telecom_50runs,4f63d14b-6ede-4689-b0e2-e6a00b272375,62,0.1506312099813064,0.04853730731540256,1
qwen14B-int4_telecom_50runs,4f63d14b-6ede-4689-b0e2-e6a00b272375,65,0.10071606684572958,0.17984627033102102,1
qwen14B-int4_telecom_50runs,43cc08c6-56ba-41f0-be38-e71981a78aaa,0,,,1
qwen14B-int4_telecom_50runs,43cc08c6-56ba-41f0-be38-e71981a78aaa,2,0.0008837692737110522,0.0,1
qwen14B-int4_telecom_50runs,43cc08c6-56ba-41f0-be38-e71981a78aaa,4,0.4429671362518495,0.012024180669533579,1
qwen14B-int4_telecom_50runs,43cc08c6-56ba-41f0-be38-e71981a78aaa,6,0.43108165922545455,0.19624473061412573,1
qwen14B-int4_telecom_50runs,43cc08c6-56ba-41f0-be38-e71981a78aaa,11,0.27843291559057537,0.09072303016420821,1
qwen14B-int4_telecom_50runs,43cc08c6-56ba-41f0-be38-e71981a78aaa,13,0.369503472687447,0.15036185735311264,1
qwen14B-int4_telecom_50runs,43cc08c6-56ba-41f0-be38-e71981a78aaa,15,0.32260076576001795,0.1074198582504369,1
qwen14B-int4_telecom_50runs,43cc08c6-56ba-41f0-be38-e71981a78aaa,17,0.0030201363144244254,0.04414191571148959,1
qwen14B-int4_telecom_50runs,43cc08c6-56ba-41f0-be38-e71981a78aaa,19,0.3347584629652644,0.16147811691482347,1
qwen14B-int4_telecom_50runs,43cc08c6-56ba-41f0-be38-e71981a78aaa,23,0.22190521349710868,0.17992380119505383,1
qwen14B-int4_telecom_50runs,43cc08c6-56ba-41f0-be38-e71981a78aaa,25,0.01934575312083847,0.35662078857421875,1
qwen14B-int4_telecom_50runs,43cc08c6-56ba-41f0-be38-e71981a78aaa,28,0.2240943342945063,0.09920367764102088,1
qwen14B-int4_telecom_50runs,43cc08c6-56ba-41f0-be38-e71981a78aaa,30,0.019364391446139412,0.06389136612415314,1
qwen14B-int4_telecom_50runs,43cc08c6-56ba-41f0-be38-e71981a78aaa,32,0.26010288621169664,0.18770564900766507,1
qwen14B-int4_telecom_50runs,43cc08c6-56ba-41f0-be38-e71981a78aaa,34,0.31807408902202194,0.1688087036735133,1
qwen14B-int4_telecom_50runs,43cc08c6-56ba-41f0-be38-e71981a78aaa,36,0.2552819815885071,0.2247434563414995,1
qwen14B-int4_telecom_50runs,43cc08c6-56ba-41f0-be38-e71981a78aaa,38,0.25965476627196205,0.14415085774201614,1
qwen14B-int4_telecom_50runs,43cc08c6-56ba-41f0-be38-e71981a78aaa,40,0.08474236764068185,0.14950828605823302,1
qwen14B-int4_telecom_50runs,43cc08c6-56ba-41f0-be38-e71981a78aaa,45,0.11108363613164669,0.08745935314991435,1
qwen14B-int4_telecom_50runs,43cc08c6-56ba-41f0-be38-e71981a78aaa,47,0.14775844532166166,0.07101587675235889,1
qwen14B-int4_telecom_50runs,cc09c828-380a-4ba8-8de2-73136b7e9be5,0,,,1
qwen14B-int4_telecom_50runs,cc09c828-380a-4ba8-8de2-73136b7e9be5,2,0.0005103949462039736,0.0,1
qwen14B-int4_telecom_50runs,cc09c828-380a-4ba8-8de2-73136b7e9be5,4,0.022366700507604902,0.1407792568206787,1
qwen14B-int4_telecom_50runs,cc09c828-380a-4ba8-8de2-73136b7e9be5,6,0.15539206668489336,0.1557825704415639,1
qwen14B-int4_telecom_50runs,cc09c828-380a-4ba8-8de2-73136b7e9be5,8,0.41035944478452163,0.0,1
qwen14B-int4_telecom_50runs,cc09c828-380a-4ba8-8de2-73136b7e9be5,13,0.30123732058413044,0.2217671045890221,1
qwen14B-int4_telecom_50runs,cc09c828-380a-4ba8-8de2-73136b7e9be5,17,0.4077234506724346,0.08207592036988999,1
qwen14B-int4_telecom_50runs,cc09c828-380a-4ba8-8de2-73136b7e9be5,19,0.041374472913616955,0.0,1
qwen14B-int4_telecom_50runs,cc09c828-380a-4ba8-8de2-73136b7e9be5,21,0.1886422328869867,0.20712263882160187,1
qwen14B-int4_telecom_50runs,cc09c828-380a-4ba8-8de2-73136b7e9be5,23,0.254453666725102,0.21819112356752157,1
qwen14B-int4_telecom_50runs,cc09c828-380a-4ba8-8de2-73136b7e9be5,29,0.02127702815464679,0.21229815483093262,1
qwen14B-int4_telecom_50runs,cc09c828-380a-4ba8-8de2-73136b7e9be5,31,0.22068098581428358,0.19915912632180863,1
qwen14B-int4_telecom_50runs,cc09c828-380a-4ba8-8de2-73136b7e9be5,37,0.010501630893092756,0.08920927842458089,1
qwen14B-int4_telecom_50runs,cc09c828-380a-4ba8-8de2-73136b7e9be5,39,0.20025125633459037,0.029427244754160864,1
qwen14B-int4_telecom_50runs,cc09c828-380a-4ba8-8de2-73136b7e9be5,41,0.01685098624585619,0.036969848779531626,1
qwen14B-int4_telecom_50runs,1eeb9450-d820-4b3b-a188-4f0d4d933f17,0,,,1
qwen14B-int4_telecom_50runs,1eeb9450-d820-4b3b-a188-4f0d4d933f17,2,0.37752850217539163,0.0,1
qwen14B-int4_telecom_50runs,1eeb9450-d820-4b3b-a188-4f0d4d933f17,4,0.0010909298290059572,0.0,1
qwen14B-int4_telecom_50runs,1eeb9450-d820-4b3b-a188-4f0d4d933f17,6,0.42841654341701985,0.0797714970328591,1
qwen14B-int4_telecom_50runs,1eeb9450-d820-4b3b-a188-4f0d4d933f17,10,0.3838276751884266,0.1348291743885387,1
qwen14B-int4_telecom_50runs,1eeb9450-d820-4b3b-a188-4f0d4d933f17,14,0.2334624556965208,0.09952075282732645,1
qwen14B-int4_telecom_50runs,1eeb9450-d820-4b3b-a188-4f0d4d933f17,16,0.35037122692601513,0.18004627788768093,1
qwen14B-int4_telecom_50runs,1eeb9450-d820-4b3b-a188-4f0d4d933f17,21,0.2300450722784219,0.19776420276376264,1
qwen14B-int4_telecom_50runs,1eeb9450-d820-4b3b-a188-4f0d4d933f17,27,0.34828711505514137,0.02700179484155443,1
qwen14B-int4_telecom_50runs,1eeb9450-d820-4b3b-a188-4f0d4d933f17,29,0.12235988171043984,0.05375965166900118,1
qwen14B-int4_telecom_50runs,1eeb9450-d820-4b3b-a188-4f0d4d933f17,31,0.09814969363375756,0.12123943336548343,1
qwen14B-int4_telecom_50runs,f9889fac-5aa0-4aa0-9cf2-a043723cfe6e,0,,,1
qwen14B-int4_telecom_50runs,f9889fac-5aa0-4aa0-9cf2-a043723cfe6e,2,0.0009009160179198094,0.0,1
qwen14B-int4_telecom_50runs,f9889fac-5aa0-4aa0-9cf2-a043723cfe6e,4,0.44281720305185557,0.012024180669533579,1
qwen14B-int4_telecom_50runs,f9889fac-5aa0-4aa0-9cf2-a043723cfe6e,6,0.4312311721029711,0.19624473061412573,1
qwen14B-int4_telecom_50runs,f9889fac-5aa0-4aa0-9cf2-a043723cfe6e,11,0.2465038854640522,0.15497808826380763,1
qwen14B-int4_telecom_50runs,f9889fac-5aa0-4aa0-9cf2-a043723cfe6e,13,0.20394567849784298,0.5354812145233154,1
qwen14B-int4_telecom_50runs,f9889fac-5aa0-4aa0-9cf2-a043723cfe6e,17,0.2546144094111824,0.18526642573507207,1
qwen14B-int4_telecom_50runs,f9889fac-5aa0-4aa0-9cf2-a043723cfe6e,21,0.20355925274334277,0.20163053382526744,1
qwen14B-int4_telecom_50runs,f9889fac-5aa0-4aa0-9cf2-a043723cfe6e,27,0.1652222093327269,0.208796637398856,1
qwen14B-int4_telecom_50runs,f9889fac-5aa0-4aa0-9cf2-a043723cfe6e,29,0.15695257979526503,0.23373662100897893,1
qwen14B-int4_telecom_50runs,f9889fac-5aa0-4aa0-9cf2-a043723cfe6e,33,0.2518312535104888,0.08045156418331086,1
qwen14B-int4_telecom_50runs,f9889fac-5aa0-4aa0-9cf2-a043723cfe6e,37,0.06389442363581453,0.19719088077545166,1
qwen14B-int4_telecom_50runs,f9889fac-5aa0-4aa0-9cf2-a043723cfe6e,43,0.23931677361682732,0.054132887033315806,1
qwen14B-int4_telecom_50runs,f9889fac-5aa0-4aa0-9cf2-a043723cfe6e,45,0.11789390858970625,0.06751875082651773,1
qwen14B-int4_telecom_50runs,f9889fac-5aa0-4aa0-9cf2-a043723cfe6e,47,0.0488593507079227,0.03420212784328976,1
qwen14B-int4_telecom_50runs,54f9e751-4ad2-4f02-aca1-77ba1e625b2d,0,,,1
qwen14B-int4_telecom_50runs,54f9e751-4ad2-4f02-aca1-77ba1e625b2d,2,0.3780376450044969,0.0,1
qwen14B-int4_telecom_50runs,54f9e751-4ad2-4f02-aca1-77ba1e625b2d,4,0.0010991007320147951,0.0,1
qwen14B-int4_telecom_50runs,54f9e751-4ad2-4f02-aca1-77ba1e625b2d,6,0.42806074239459024,0.0797714970328591,1
qwen14B-int4_telecom_50runs,54f9e751-4ad2-4f02-aca1-77ba1e625b2d,10,0.30777348474641675,0.13432556185229072,1
qwen14B-int4_telecom_50runs,54f9e751-4ad2-4f02-aca1-77ba1e625b2d,15,0.20280916967896578,0.11191116060529435,1
qwen14B-int4_telecom_50runs,54f9e751-4ad2-4f02-aca1-77ba1e625b2d,18,0.41463777100645316,0.16898081475688564,1
qwen14B-int4_telecom_50runs,54f9e751-4ad2-4f02-aca1-77ba1e625b2d,23,0.2912919934390043,0.1167187811363311,1
qwen14B-int4_telecom_50runs,54f9e751-4ad2-4f02-aca1-77ba1e625b2d,28,0.22702947758368663,0.12445303109975962,1
qwen14B-int4_telecom_50runs,54f9e751-4ad2-4f02-aca1-77ba1e625b2d,32,0.2817309832488784,0.0848755996401717,1
qwen14B-int4_telecom_50runs,54f9e751-4ad2-4f02-aca1-77ba1e625b2d,34,0.00936311703483687,0.0,1
qwen14B-int4_telecom_50runs,54f9e751-4ad2-4f02-aca1-77ba1e625b2d,37,0.3235275313090049,0.08725907896341903,1
qwen14B-int4_telecom_50runs,54f9e751-4ad2-4f02-aca1-77ba1e625b2d,39,0.18096415363605078,0.15120391334806169,1
qwen14B-int4_telecom_50runs,54f9e751-4ad2-4f02-aca1-77ba1e625b2d,41,0.2628884544700932,0.09687331635901268,1
qwen14B-int4_telecom_50runs,54f9e751-4ad2-4f02-aca1-77ba1e625b2d,43,0.1879404120752099,0.16256839752197266,1
qwen14B-int4_telecom_50runs,54f9e751-4ad2-4f02-aca1-77ba1e625b2d,47,0.14300073688086273,0.1497391520953569,1
qwen14B-int4_telecom_50runs,54f9e751-4ad2-4f02-aca1-77ba1e625b2d,49,0.013857319347335076,0.0414894778620113,1
qwen14B-int4_telecom_50runs,5d2567ef-3d4d-4b07-aa39-b0940fac3737,0,,,1
qwen14B-int4_telecom_50runs,5d2567ef-3d4d-4b07-aa39-b0940fac3737,2,0.377827302960668,0.0,1
qwen14B-int4_telecom_50runs,5d2567ef-3d4d-4b07-aa39-b0940fac3737,4,0.0010947039050683445,0.0,1
qwen14B-int4_telecom_50runs,5d2567ef-3d4d-4b07-aa39-b0940fac3737,6,0.42764603807416035,0.0797714970328591,1
qwen14B-int4_telecom_50runs,5d2567ef-3d4d-4b07-aa39-b0940fac3737,10,0.34892052484291675,0.11046237583401837,1
qwen14B-int4_telecom_50runs,5d2567ef-3d4d-4b07-aa39-b0940fac3737,15,0.24383016402128807,0.25443011301535146,1
qwen14B-int4_telecom_50runs,5d2567ef-3d4d-4b07-aa39-b0940fac3737,20,0.26148011465217125,0.12226137709110342,1
qwen14B-int4_telecom_50runs,5d2567ef-3d4d-4b07-aa39-b0940fac3737,22,0.2642470556233697,0.14925650278727215,1
qwen14B-int4_telecom_50runs,5d2567ef-3d4d-4b07-aa39-b0940fac3737,24,0.0010004341347993955,0.007494399944941203,1
qwen14B-int4_telecom_50runs,5d2567ef-3d4d-4b07-aa39-b0940fac3737,28,0.13018577238942808,0.189118430018425,1
qwen14B-int4_telecom_50runs,5d2567ef-3d4d-4b07-aa39-b0940fac3737,30,0.2184293144583645,0.12382244477506543,1
qwen14B-int4_telecom_50runs,5d2567ef-3d4d-4b07-aa39-b0940fac3737,32,0.25057843048110556,0.18448651103831049,1
qwen14B-int4_telecom_50runs,5d2567ef-3d4d-4b07-aa39-b0940fac3737,37,0.23995713903347377,0.09892152036939347,1
qwen14B-int4_telecom_50runs,5d2567ef-3d4d-4b07-aa39-b0940fac3737,39,0.2596393094134274,0.05442027205770666,1
qwen14B-int4_telecom_50runs,5d2567ef-3d4d-4b07-aa39-b0940fac3737,41,0.17268579299380518,0.01941333382816638,1
qwen14B-int4_telecom_50runs,5d2567ef-3d4d-4b07-aa39-b0940fac3737,43,0.24255318397365158,0.13117459203515736,1
qwen14B-int4_telecom_50runs,5d2567ef-3d4d-4b07-aa39-b0940fac3737,45,0.238618670895169,0.34107161892784965,1
qwen14B-int4_telecom_50runs,5d2567ef-3d4d-4b07-aa39-b0940fac3737,50,0.048760818850503956,0.08139208455880483,1
qwen14B-int4_telecom_50runs,5d2567ef-3d4d-4b07-aa39-b0940fac3737,52,0.24647018699888407,0.11563263728585041,1
qwen14B-int4_telecom_50runs,5d2567ef-3d4d-4b07-aa39-b0940fac3737,54,0.21242160323400536,0.08897554776707634,1
qwen14B-int4_telecom_50runs,a26701b3-352c-4c96-96f9-97eb26db4492,0,,,1
qwen14B-int4_telecom_50runs,a26701b3-352c-4c96-96f9-97eb26db4492,2,0.25844070936796015,0.0,1
qwen14B-int4_telecom_50runs,a26701b3-352c-4c96-96f9-97eb26db4492,4,0.0004965779384207281,0.0,1
qwen14B-int4_telecom_50runs,a26701b3-352c-4c96-96f9-97eb26db4492,6,0.20078574595726867,0.08124004710804332,1
qwen14B-int4_telecom_50runs,a26701b3-352c-4c96-96f9-97eb26db4492,9,0.3640342800246514,0.08101352796716205,1
qwen14B-int4_telecom_50runs,a26701b3-352c-4c96-96f9-97eb26db4492,11,0.3376597094478195,0.18696876024377757,1
qwen14B-int4_telecom_50runs,a26701b3-352c-4c96-96f9-97eb26db4492,13,0.2855023633354805,0.12266464443767773,1
qwen14B-int4_telecom_50runs,a26701b3-352c-4c96-96f9-97eb26db4492,15,0.3286633615636074,0.19685430259540165,1
qwen14B-int4_telecom_50runs,a26701b3-352c-4c96-96f9-97eb26db4492,19,0.34761750351567167,0.07519248459074232,1
qwen14B-int4_telecom_50runs,a26701b3-352c-4c96-96f9-97eb26db4492,23,0.14345185394450866,0.19970261573791503,1
qwen14B-int4_telecom_50runs,a26701b3-352c-4c96-96f9-97eb26db4492,27,0.15764103713220484,0.2995872633366645,1
qwen14B-int4_telecom_50runs,a26701b3-352c-4c96-96f9-97eb26db4492,31,0.09467802511611872,0.03560840888101547,1
qwen14B-int4_telecom_50runs,a26701b3-352c-4c96-96f9-97eb26db4492,33,0.1062808919338021,0.02216714078729803,1
qwen14B-int4_telecom_50runs,b909cfd8-e1ba-4d02-a338-471df6a73140,0,,,1
qwen14B-int4_telecom_50runs,b909cfd8-e1ba-4d02-a338-471df6a73140,2,0.0018885383509370131,0.0,1
qwen14B-int4_telecom_50runs,b909cfd8-e1ba-4d02-a338-471df6a73140,4,0.32082459249117073,0.011329629703571922,1
qwen14B-int4_telecom_50runs,b909cfd8-e1ba-4d02-a338-471df6a73140,6,0.29415111610107103,0.11398642000399137,1
qwen14B-int4_telecom_50runs,b909cfd8-e1ba-4d02-a338-471df6a73140,8,0.5018231340213173,0.09721952969910669,1
qwen14B-int4_telecom_50runs,b909cfd8-e1ba-4d02-a338-471df6a73140,10,0.03649835265224879,1.0,1
qwen14B-int4_telecom_50runs,b909cfd8-e1ba-4d02-a338-471df6a73140,13,0.4077905722197197,0.1255097946054057,1
qwen14B-int4_telecom_50runs,b909cfd8-e1ba-4d02-a338-471df6a73140,15,0.4384819460795828,0.1250480406506117,1
qwen14B-int4_telecom_50runs,b909cfd8-e1ba-4d02-a338-471df6a73140,17,0.0218951187691232,0.38466668128967285,1
qwen14B-int4_telecom_50runs,b909cfd8-e1ba-4d02-a338-471df6a73140,19,0.27446377873771705,0.10212764441967011,1
qwen14B-int4_telecom_50runs,b909cfd8-e1ba-4d02-a338-471df6a73140,21,0.010864795305194392,0.35662078857421875,1
qwen14B-int4_telecom_50runs,b909cfd8-e1ba-4d02-a338-471df6a73140,24,0.322371150357364,0.08682324528694153,1
qwen14B-int4_telecom_50runs,b909cfd8-e1ba-4d02-a338-471df6a73140,26,0.28805592137634795,0.05219536495732737,1
qwen14B-int4_telecom_50runs,b909cfd8-e1ba-4d02-a338-471df6a73140,28,0.13462529624878547,0.05394289016723633,1
qwen14B-int4_telecom_50runs,b909cfd8-e1ba-4d02-a338-471df6a73140,30,0.03480635658606327,0.05292433351278305,1
qwen14B-int4_telecom_50runs,297ae394-7f7f-4d92-b77b-01320d4add8d,0,,,1
qwen14B-int4_telecom_50runs,297ae394-7f7f-4d92-b77b-01320d4add8d,2,0.0018974649302692496,0.0,1
qwen14B-int4_telecom_50runs,297ae394-7f7f-4d92-b77b-01320d4add8d,4,0.32073483172118833,0.011329629703571922,1
qwen14B-int4_telecom_50runs,297ae394-7f7f-4d92-b77b-01320d4add8d,6,0.293289669187356,0.11398642000399137,1
qwen14B-int4_telecom_50runs,297ae394-7f7f-4d92-b77b-01320d4add8d,8,0.5019339278943221,0.09721952969910669,1
qwen14B-int4_telecom_50runs,297ae394-7f7f-4d92-b77b-01320d4add8d,10,0.03650220852960276,1.0,1
qwen14B-int4_telecom_50runs,297ae394-7f7f-4d92-b77b-01320d4add8d,13,0.4077298234204649,0.1255097946054057,1
qwen14B-int4_telecom_50runs,297ae394-7f7f-4d92-b77b-01320d4add8d,15,0.4382153466509243,0.1250480406506117,1
qwen14B-int4_telecom_50runs,297ae394-7f7f-4d92-b77b-01320d4add8d,17,0.021970531884582634,0.38466668128967285,1
qwen14B-int4_telecom_50runs,297ae394-7f7f-4d92-b77b-01320d4add8d,19,0.2741525943112385,0.10212764441967011,1
qwen14B-int4_telecom_50runs,297ae394-7f7f-4d92-b77b-01320d4add8d,21,0.010796314402758288,0.35662078857421875,1
qwen14B-int4_telecom_50runs,297ae394-7f7f-4d92-b77b-01320d4add8d,24,0.3200031500572787,0.09142434830759087,1
qwen14B-int4_telecom_50runs,297ae394-7f7f-4d92-b77b-01320d4add8d,26,0.28805266345489416,0.05092328533213189,1
qwen14B-int4_telecom_50runs,297ae394-7f7f-4d92-b77b-01320d4add8d,28,0.13420247499646892,0.052162005684592505,1
qwen14B-int4_telecom_50runs,297ae394-7f7f-4d92-b77b-01320d4add8d,30,0.03377263557635277,0.05292433351278305,1
qwen14B-int4_telecom_50runs,71480256-3f6d-4703-8279-a19bbb2e48b2,0,,,1
qwen14B-int4_telecom_50runs,71480256-3f6d-4703-8279-a19bbb2e48b2,2,0.0018979241956420664,0.0,1
qwen14B-int4_telecom_50runs,71480256-3f6d-4703-8279-a19bbb2e48b2,4,0.3204371847042787,0.011329629703571922,1
qwen14B-int4_telecom_50runs,71480256-3f6d-4703-8279-a19bbb2e48b2,6,0.294105754378513,0.11398642000399137,1
qwen14B-int4_telecom_50runs,71480256-3f6d-4703-8279-a19bbb2e48b2,8,0.501921278448277,0.09721952969910669,1
qwen14B-int4_telecom_50runs,71480256-3f6d-4703-8279-a19bbb2e48b2,10,0.03665013141063011,1.0,1
qwen14B-int4_telecom_50runs,71480256-3f6d-4703-8279-a19bbb2e48b2,13,0.40774745784627336,0.1255097946054057,1
qwen14B-int4_telecom_50runs,71480256-3f6d-4703-8279-a19bbb2e48b2,15,0.4455674644259499,0.1565360203385353,1
qwen14B-int4_telecom_50runs,71480256-3f6d-4703-8279-a19bbb2e48b2,17,0.2784228785045307,0.11672244497707912,1
qwen14B-int4_telecom_50runs,71480256-3f6d-4703-8279-a19bbb2e48b2,19,0.2011539715669804,0.13890543755363013,1
qwen14B-int4_telecom_50runs,71480256-3f6d-4703-8279-a19bbb2e48b2,21,0.24430170615756183,0.16824589031083242,1
qwen14B-int4_telecom_50runs,71480256-3f6d-4703-8279-a19bbb2e48b2,23,0.3091630657925314,0.1504784354680701,1
qwen14B-int4_telecom_50runs,71480256-3f6d-4703-8279-a19bbb2e48b2,25,0.12586441843990598,0.05598609875410031,1
qwen14B-int4_telecom_50runs,71480256-3f6d-4703-8279-a19bbb2e48b2,27,0.24436586452462267,0.04734728210850765,1
qwen14B-int4_telecom_50runs,71480256-3f6d-4703-8279-a19bbb2e48b2,29,0.25103039384148557,0.10384942575828317,1
qwen14B-int4_telecom_50runs,71480256-3f6d-4703-8279-a19bbb2e48b2,31,0.2981787037715742,0.07791132349328897,1
qwen14B-int4_telecom_50runs,71480256-3f6d-4703-8279-a19bbb2e48b2,33,0.13986671491452216,0.06811860629490443,1
qwen14B-int4_telecom_50runs,71480256-3f6d-4703-8279-a19bbb2e48b2,36,0.18924216217708434,0.08501361978465113,1
qwen14B-int4_telecom_50runs,88b97b4c-8eb1-44cf-b288-607925b29210,0,,,1
qwen14B-int4_telecom_50runs,88b97b4c-8eb1-44cf-b288-607925b29210,2,0.0008972506883600485,0.0,1
qwen14B-int4_telecom_50runs,88b97b4c-8eb1-44cf-b288-607925b29210,4,0.4427080163378042,0.012024180669533579,1
qwen14B-int4_telecom_50runs,88b97b4c-8eb1-44cf-b288-607925b29210,6,0.4659401884317388,0.13507397663898957,1
qwen14B-int4_telecom_50runs,88b97b4c-8eb1-44cf-b288-607925b29210,12,0.00598599215814054,1.0,1
qwen14B-int4_telecom_50runs,88b97b4c-8eb1-44cf-b288-607925b29210,15,0.3613027382832862,0.1787588677623055,1
qwen14B-int4_telecom_50runs,88b97b4c-8eb1-44cf-b288-607925b29210,20,0.01643563388046857,0.419135590394338,1
qwen14B-int4_telecom_50runs,88b97b4c-8eb1-44cf-b288-607925b29210,23,0.3432998271774757,0.12525952698891624,1
qwen14B-int4_telecom_50runs,88b97b4c-8eb1-44cf-b288-607925b29210,25,0.2352833289972855,0.08371607615397526,1
qwen14B-int4_telecom_50runs,662cd92b-115b-47e7-b66f-0a0b069187e3,0,,,1
qwen14B-int4_telecom_50runs,662cd92b-115b-47e7-b66f-0a0b069187e3,2,0.25843682190317546,0.0,1
qwen14B-int4_telecom_50runs,662cd92b-115b-47e7-b66f-0a0b069187e3,4,0.0004972592411091374,0.0,1
qwen14B-int4_telecom_50runs,662cd92b-115b-47e7-b66f-0a0b069187e3,6,0.20063143564095945,0.08124004710804332,1
qwen14B-int4_telecom_50runs,662cd92b-115b-47e7-b66f-0a0b069187e3,9,0.364063077774342,0.08101352796716205,1
qwen14B-int4_telecom_50runs,662cd92b-115b-47e7-b66f-0a0b069187e3,11,0.33820356533495466,0.18696876024377757,1
qwen14B-int4_telecom_50runs,662cd92b-115b-47e7-b66f-0a0b069187e3,13,0.2857454408810285,0.12266464443767773,1
qwen14B-int4_telecom_50runs,662cd92b-115b-47e7-b66f-0a0b069187e3,15,0.32882908042301084,0.19685430259540165,1
qwen14B-int4_telecom_50runs,662cd92b-115b-47e7-b66f-0a0b069187e3,19,0.34759619937005887,0.07519248459074232,1
qwen14B-int4_telecom_50runs,662cd92b-115b-47e7-b66f-0a0b069187e3,23,0.18559810436731147,0.11992283565242116,1
qwen14B-int4_telecom_50runs,662cd92b-115b-47e7-b66f-0a0b069187e3,25,0.12527166826542327,0.3743556490484274,1
qwen14B-int4_telecom_50runs,662cd92b-115b-47e7-b66f-0a0b069187e3,29,0.1344007446996026,0.23679886320058038,1
qwen14B-int4_telecom_50runs,662cd92b-115b-47e7-b66f-0a0b069187e3,31,0.36065692154737045,0.10190490212770972,1
qwen14B-int4_telecom_50runs,662cd92b-115b-47e7-b66f-0a0b069187e3,33,0.007044261263820778,0.0,1
qwen14B-int4_telecom_50runs,662cd92b-115b-47e7-b66f-0a0b069187e3,35,0.24099885406320778,0.09053927498894768,1
qwen14B-int4_telecom_50runs,662cd92b-115b-47e7-b66f-0a0b069187e3,37,0.01711183662701095,0.22804442473820277,1
qwen14B-int4_telecom_50runs,662cd92b-115b-47e7-b66f-0a0b069187e3,39,0.30886904468299947,0.07622307472758823,1
qwen14B-int4_telecom_50runs,662cd92b-115b-47e7-b66f-0a0b069187e3,41,0.008467384056553949,0.23351570538112093,1
qwen14B-int4_telecom_50runs,662cd92b-115b-47e7-b66f-0a0b069187e3,43,0.3257372557640574,0.09162643872774565,1
qwen14B-int4_telecom_50runs,662cd92b-115b-47e7-b66f-0a0b069187e3,45,0.2456763331906959,0.2495314410099616,1
qwen14B-int4_telecom_50runs,662cd92b-115b-47e7-b66f-0a0b069187e3,47,0.18642506883654766,0.09486532211303711,1
qwen14B-int4_telecom_50runs,662cd92b-115b-47e7-b66f-0a0b069187e3,49,0.14876052719314395,0.11873178680737813,1
qwen14B-int4_telecom_50runs,72bba919-6d8f-4572-ab88-a26a053fa7cd,0,,,1
qwen14B-int4_telecom_50runs,72bba919-6d8f-4572-ab88-a26a053fa7cd,2,0.0009009160179198094,0.0,1
qwen14B-int4_telecom_50runs,72bba919-6d8f-4572-ab88-a26a053fa7cd,4,0.44259087922957463,0.012024180669533579,1
qwen14B-int4_telecom_50runs,72bba919-6d8f-4572-ab88-a26a053fa7cd,6,0.4316965158997212,0.19624473061412573,1
qwen14B-int4_telecom_50runs,72bba919-6d8f-4572-ab88-a26a053fa7cd,11,0.34850585004541196,0.10592310744173387,1
qwen14B-int4_telecom_50runs,72bba919-6d8f-4572-ab88-a26a053fa7cd,16,0.25921621343649554,0.09074677190473003,1
qwen14B-int4_telecom_50runs,72bba919-6d8f-4572-ab88-a26a053fa7cd,20,0.14058503513474005,0.01953310125014361,1
qwen14B-int4_telecom_50runs,72bba919-6d8f-4572-ab88-a26a053fa7cd,22,0.3007752801306738,0.13590590707186995,1
qwen14B-int4_telecom_50runs,72bba919-6d8f-4572-ab88-a26a053fa7cd,27,0.03844403207528026,0.18173638979593912,1
qwen14B-int4_telecom_50runs,72bba919-6d8f-4572-ab88-a26a053fa7cd,29,0.246313971927324,0.19857865571975708,1
qwen14B-int4_telecom_50runs,72bba919-6d8f-4572-ab88-a26a053fa7cd,35,0.0031406079383202723,0.22990938027699787,1
qwen14B-int4_telecom_50runs,72bba919-6d8f-4572-ab88-a26a053fa7cd,37,0.21593154394909272,0.33652855396270753,1
qwen14B-int4_telecom_50runs,72bba919-6d8f-4572-ab88-a26a053fa7cd,43,0.13115672263473727,0.20406156485197974,1
qwen14B-int4_telecom_50runs,72bba919-6d8f-4572-ab88-a26a053fa7cd,48,0.060082891189605685,0.6170937453999239,1
qwen14B-int4_telecom_50runs,72bba919-6d8f-4572-ab88-a26a053fa7cd,53,0.023159543760799404,0.8814844838504133,1
qwen14B-int4_telecom_50runs,72bba919-6d8f-4572-ab88-a26a053fa7cd,55,0.11907782276531742,0.0,1
qwen14B-int4_telecom_50runs,72bba919-6d8f-4572-ab88-a26a053fa7cd,57,0.03238148850517085,0.5203914311197069,1
qwen14B-int4_telecom_50runs,72bba919-6d8f-4572-ab88-a26a053fa7cd,62,0.023362251078227054,0.8124388429251584,1
qwen14B-int4_telecom_50runs,72bba919-6d8f-4572-ab88-a26a053fa7cd,64,0.09465800075196296,0.1562287776093734,1
qwen14B-int4_telecom_50runs,72bba919-6d8f-4572-ab88-a26a053fa7cd,69,0.14648222304704703,0.0497095233627728,1
qwen14B-int4_telecom_50runs,72bba919-6d8f-4572-ab88-a26a053fa7cd,71,0.022902703269494395,0.0,1
qwen14B-int4_telecom_50runs,cd6bc461-23d3-4092-96bc-717753b79767,0,,,1
qwen14B-int4_telecom_50runs,cd6bc461-23d3-4092-96bc-717753b79767,2,0.3785476204589031,0.0,1
qwen14B-int4_telecom_50runs,cd6bc461-23d3-4092-96bc-717753b79767,4,0.0010999489939291524,0.0,1
qwen14B-int4_telecom_50runs,cd6bc461-23d3-4092-96bc-717753b79767,6,0.4275954881330925,0.0797714970328591,1
qwen14B-int4_telecom_50runs,cd6bc461-23d3-4092-96bc-717753b79767,10,0.269893890293281,0.10566375085285731,1
qwen14B-int4_telecom_50runs,cd6bc461-23d3-4092-96bc-717753b79767,14,0.3406850111985001,0.1846042327713548,1
qwen14B-int4_telecom_50runs,cd6bc461-23d3-4092-96bc-717753b79767,18,0.30324994278151246,0.10981713442862788,1
qwen14B-int4_telecom_50runs,cd6bc461-23d3-4092-96bc-717753b79767,20,0.26125430305647196,0.14452572222109195,1
qwen14B-int4_telecom_50runs,cd6bc461-23d3-4092-96bc-717753b79767,24,0.26800550163125847,0.1134476897740128,1
qwen14B-int4_telecom_50runs,cd6bc461-23d3-4092-96bc-717753b79767,29,0.19032526729840823,0.18206154858624493,1
qwen14B-int4_telecom_50runs,cd6bc461-23d3-4092-96bc-717753b79767,35,0.26272377208026326,0.1864316100659578,1
qwen14B-int4_telecom_50runs,cd6bc461-23d3-4092-96bc-717753b79767,37,0.11120360818523027,0.0,1
qwen14B-int4_telecom_50runs,cd6bc461-23d3-4092-96bc-717753b79767,39,0.09752844569359308,0.31185680754641265,1
qwen14B-int4_telecom_50runs,cd6bc461-23d3-4092-96bc-717753b79767,43,0.18273140954735936,0.13929448337168307,1
qwen14B-int4_telecom_50runs,cd6bc461-23d3-4092-96bc-717753b79767,45,0.004028284370010968,0.046925857299711646,1
qwen14B-int4_telecom_50runs,6cc6df39-81be-4a9e-80e2-52c5380895c3,0,,,0
qwen14B-int4_telecom_50runs,6cc6df39-81be-4a9e-80e2-52c5380895c3,2,0.0007111970488201995,0.0,0
qwen14B-int4_telecom_50runs,6cc6df39-81be-4a9e-80e2-52c5380895c3,4,0.3433377439893485,0.02098648656498302,0
qwen14B-int4_telecom_50runs,6cc6df39-81be-4a9e-80e2-52c5380895c3,6,0.3152320527047135,0.2180386844434236,0
qwen14B-int4_telecom_50runs,6cc6df39-81be-4a9e-80e2-52c5380895c3,8,0.3675472318880443,0.04984234828574985,0
qwen14B-int4_telecom_50runs,6cc6df39-81be-4a9e-80e2-52c5380895c3,12,0.16134733081212752,0.12592900675885818,0
qwen14B-int4_telecom_50runs,6cc6df39-81be-4a9e-80e2-52c5380895c3,14,0.36513892073540233,0.1785509691045091,0
qwen14B-int4_telecom_50runs,cd55901f-dd33-4bf4-a1ae-0c8fdea7e57e,0,,,1
qwen14B-int4_telecom_50runs,cd55901f-dd33-4bf4-a1ae-0c8fdea7e57e,2,0.2587583774479723,0.0,1
qwen14B-int4_telecom_50runs,cd55901f-dd33-4bf4-a1ae-0c8fdea7e57e,4,0.0004970017115920535,0.0,1
qwen14B-int4_telecom_50runs,cd55901f-dd33-4bf4-a1ae-0c8fdea7e57e,6,0.20056023288731167,0.08124004710804332,1
qwen14B-int4_telecom_50runs,cd55901f-dd33-4bf4-a1ae-0c8fdea7e57e,9,0.3641054321538848,0.08101352796716205,1
qwen14B-int4_telecom_50runs,cd55901f-dd33-4bf4-a1ae-0c8fdea7e57e,11,0.33879877745528303,0.18696876024377757,1
qwen14B-int4_telecom_50runs,cd55901f-dd33-4bf4-a1ae-0c8fdea7e57e,13,0.2862306002067627,0.12266464443767773,1
qwen14B-int4_telecom_50runs,cd55901f-dd33-4bf4-a1ae-0c8fdea7e57e,15,0.3282484778098083,0.19685430259540165,1
qwen14B-int4_telecom_50runs,cd55901f-dd33-4bf4-a1ae-0c8fdea7e57e,19,0.34720528293043273,0.07519248459074232,1
qwen14B-int4_telecom_50runs,cd55901f-dd33-4bf4-a1ae-0c8fdea7e57e,23,0.18571008577350268,0.11992283565242116,1
qwen14B-int4_telecom_50runs,cd55901f-dd33-4bf4-a1ae-0c8fdea7e57e,25,0.12549530627834163,0.3743556490484274,1
qwen14B-int4_telecom_50runs,cd55901f-dd33-4bf4-a1ae-0c8fdea7e57e,29,0.23604728068757563,0.1493761770760835,1
qwen14B-int4_telecom_50runs,cd55901f-dd33-4bf4-a1ae-0c8fdea7e57e,31,0.22699336315347393,0.17597530402389228,1
qwen14B-int4_telecom_50runs,cd55901f-dd33-4bf4-a1ae-0c8fdea7e57e,33,0.2917147231742069,0.09949332934159498,1
qwen14B-int4_telecom_50runs,cd55901f-dd33-4bf4-a1ae-0c8fdea7e57e,35,0.214494724671907,0.17357438526771687,1
qwen14B-int4_telecom_50runs,cd55901f-dd33-4bf4-a1ae-0c8fdea7e57e,37,0.11651879984232913,0.0879523977637291,1
qwen14B-int4_telecom_50runs,cd55901f-dd33-4bf4-a1ae-0c8fdea7e57e,39,0.1948138367437089,0.04747238897141956,1
qwen14B-int4_telecom_50runs,8bd26852-43eb-4e81-9104-b30977df66fb,0,,,1
qwen14B-int4_telecom_50runs,8bd26852-43eb-4e81-9104-b30977df66fb,2,0.0018976161641512423,0.0,1
qwen14B-int4_telecom_50runs,8bd26852-43eb-4e81-9104-b30977df66fb,4,0.3207251878975264,0.011329629703571922,1
qwen14B-int4_telecom_50runs,8bd26852-43eb-4e81-9104-b30977df66fb,6,0.293883609357559,0.11398642000399137,1
qwen14B-int4_telecom_50runs,8bd26852-43eb-4e81-9104-b30977df66fb,8,0.5020047407728592,0.09721952969910669,1
qwen14B-int4_telecom_50runs,8bd26852-43eb-4e81-9104-b30977df66fb,10,0.03665013141063011,1.0,1
qwen14B-int4_telecom_50runs,8bd26852-43eb-4e81-9104-b30977df66fb,13,0.40376556145892645,0.12341922831225705,1
qwen14B-int4_telecom_50runs,8bd26852-43eb-4e81-9104-b30977df66fb,22,0.22805852763035273,0.14251469874727554,1
qwen14B-int4_telecom_50runs,8bd26852-43eb-4e81-9104-b30977df66fb,27,0.028801569529059066,0.419135590394338,1
qwen14B-int4_telecom_50runs,8bd26852-43eb-4e81-9104-b30977df66fb,30,0.28033908663882395,0.1601083244596209,1
qwen14B-int4_telecom_50runs,8bd26852-43eb-4e81-9104-b30977df66fb,34,0.22973145739612819,0.08346267074954754,1
qwen14B-int4_telecom_50runs,8bd26852-43eb-4e81-9104-b30977df66fb,36,0.33294037711569346,0.06444383704144022,1
qwen14B-int4_telecom_50runs,8bd26852-43eb-4e81-9104-b30977df66fb,42,0.1614577915844635,0.08892140263005308,1
qwen14B-int4_telecom_50runs,8bd26852-43eb-4e81-9104-b30977df66fb,44,0.1671726763476343,0.03555203315823577,1
qwen14B-int4_telecom_50runs,504d2feb-aa36-4305-8863-0c7da3848484,0,,,1
qwen14B-int4_telecom_50runs,504d2feb-aa36-4305-8863-0c7da3848484,2,0.0008928840524245964,0.0,1
qwen14B-int4_telecom_50runs,504d2feb-aa36-4305-8863-0c7da3848484,4,0.4427377949717975,0.012024180669533579,1
qwen14B-int4_telecom_50runs,504d2feb-aa36-4305-8863-0c7da3848484,6,0.43147188921724633,0.19624473061412573,1
qwen14B-int4_telecom_50runs,504d2feb-aa36-4305-8863-0c7da3848484,11,0.3572151749728344,0.1424606256186962,1
qwen14B-int4_telecom_50runs,504d2feb-aa36-4305-8863-0c7da3848484,15,0.0010797420825931132,0.011394252118311429,1
qwen14B-int4_telecom_50runs,504d2feb-aa36-4305-8863-0c7da3848484,17,0.4731141652054341,0.13833403328190677,1
qwen14B-int4_telecom_50runs,504d2feb-aa36-4305-8863-0c7da3848484,21,0.033767120637013946,1.0,1
qwen14B-int4_telecom_50runs,504d2feb-aa36-4305-8863-0c7da3848484,23,0.38856272446292656,0.18616038874575966,1
qwen14B-int4_telecom_50runs,504d2feb-aa36-4305-8863-0c7da3848484,25,0.002391946489817162,0.21363192796707153,1
qwen14B-int4_telecom_50runs,504d2feb-aa36-4305-8863-0c7da3848484,27,0.2631192637093893,0.11956634591607487,1
qwen14B-int4_telecom_50runs,504d2feb-aa36-4305-8863-0c7da3848484,29,0.2356201761046172,0.16857022285461426,1
qwen14B-int4_telecom_50runs,504d2feb-aa36-4305-8863-0c7da3848484,34,0.12415891233872835,0.06410003075232873,1
qwen14B-int4_telecom_50runs,504d2feb-aa36-4305-8863-0c7da3848484,38,0.03668077309040135,0.020537110994446953,1
qwen14B-int4_telecom_50runs,8ede0cd4-c7be-4173-92f5-f54619f896a1,0,,,1
qwen14B-int4_telecom_50runs,8ede0cd4-c7be-4173-92f5-f54619f896a1,2,0.0018969651593996458,0.0,1
qwen14B-int4_telecom_50runs,8ede0cd4-c7be-4173-92f5-f54619f896a1,4,0.32041007070701827,0.011329629703571922,1
qwen14B-int4_telecom_50runs,8ede0cd4-c7be-4173-92f5-f54619f896a1,6,0.29374028091137466,0.11398642000399137,1
qwen14B-int4_telecom_50runs,8ede0cd4-c7be-4173-92f5-f54619f896a1,8,0.5017674232667519,0.09721952969910669,1
qwen14B-int4_telecom_50runs,8ede0cd4-c7be-4173-92f5-f54619f896a1,10,0.036402835608380105,1.0,1
qwen14B-int4_telecom_50runs,8ede0cd4-c7be-4173-92f5-f54619f896a1,13,0.4044011890525794,0.12341922831225705,1
qwen14B-int4_telecom_50runs,8ede0cd4-c7be-4173-92f5-f54619f896a1,19,0.4090157749413417,0.06802416899624993,1
qwen14B-int4_telecom_50runs,8ede0cd4-c7be-4173-92f5-f54619f896a1,21,0.318274966545133,0.17784502733321417,1
qwen14B-int4_telecom_50runs,8ede0cd4-c7be-4173-92f5-f54619f896a1,25,0.1815608355468327,0.2124206888211238,1
qwen14B-int4_telecom_50runs,8ede0cd4-c7be-4173-92f5-f54619f896a1,27,0.36600575074024144,0.19718854364595914,1
qwen14B-int4_telecom_50runs,8ede0cd4-c7be-4173-92f5-f54619f896a1,29,0.289652619941488,0.16196000314595405,1
qwen14B-int4_telecom_50runs,8ede0cd4-c7be-4173-92f5-f54619f896a1,31,0.21400964650051618,0.13489099343617755,1
qwen14B-int4_telecom_50runs,8ede0cd4-c7be-4173-92f5-f54619f896a1,35,0.11439142036032465,0.0,1
qwen14B-int4_telecom_50runs,8ede0cd4-c7be-4173-92f5-f54619f896a1,37,0.15851928219210804,0.10311323404312134,1
qwen14B-int4_telecom_50runs,8ede0cd4-c7be-4173-92f5-f54619f896a1,39,0.16529134009454227,0.16807779244014195,1
qwen14B-int4_telecom_50runs,8ede0cd4-c7be-4173-92f5-f54619f896a1,41,0.21891101812726815,0.06361804604530334,1
qwen14B-int4_telecom_50runs,8ede0cd4-c7be-4173-92f5-f54619f896a1,43,0.3218498853588092,0.1018620214964214,1
qwen14B-int4_telecom_50runs,8ede0cd4-c7be-4173-92f5-f54619f896a1,45,0.22600752426041482,0.10102858355170802,1
qwen14B-int4_telecom_50runs,8ede0cd4-c7be-4173-92f5-f54619f896a1,47,0.2561399754440363,0.13182609014108146,1
qwen14B-int4_telecom_50runs,8ede0cd4-c7be-4173-92f5-f54619f896a1,49,0.2449866100450628,0.142905346200436,1
qwen14B-int4_telecom_50runs,ad06647a-6f63-4550-b8d2-7676ba61b5d5,0,,,1
qwen14B-int4_telecom_50runs,ad06647a-6f63-4550-b8d2-7676ba61b5d5,2,0.0008962839686930124,0.0,1
qwen14B-int4_telecom_50runs,ad06647a-6f63-4550-b8d2-7676ba61b5d5,4,0.44332164928107376,0.012024180669533579,1
qwen14B-int4_telecom_50runs,ad06647a-6f63-4550-b8d2-7676ba61b5d5,6,0.4315478663381195,0.19624473061412573,1
qwen14B-int4_telecom_50runs,ad06647a-6f63-4550-b8d2-7676ba61b5d5,11,0.3493795384208441,0.10592310744173387,1
qwen14B-int4_telecom_50runs,ad06647a-6f63-4550-b8d2-7676ba61b5d5,16,0.2595954363520847,0.09074677190473003,1
qwen14B-int4_telecom_50runs,ad06647a-6f63-4550-b8d2-7676ba61b5d5,20,0.14004895279635474,0.01953310125014361,1
qwen14B-int4_telecom_50runs,ad06647a-6f63-4550-b8d2-7676ba61b5d5,22,0.3005603096248335,0.13590590707186995,1
qwen14B-int4_telecom_50runs,ad06647a-6f63-4550-b8d2-7676ba61b5d5,27,0.2929400894024186,0.11893164588693986,1
qwen14B-int4_telecom_50runs,ad06647a-6f63-4550-b8d2-7676ba61b5d5,31,0.008265630306937308,0.13378499448299408,1
qwen14B-int4_telecom_50runs,ad06647a-6f63-4550-b8d2-7676ba61b5d5,33,0.17234651711627974,0.23574676778581405,1
qwen14B-int4_telecom_50runs,ad06647a-6f63-4550-b8d2-7676ba61b5d5,35,0.008710880871491862,0.12903708219528198,1
qwen14B-int4_telecom_50runs,ad06647a-6f63-4550-b8d2-7676ba61b5d5,37,0.22505028053048406,0.19261476448026754,1
qwen14B-int4_telecom_50runs,ad06647a-6f63-4550-b8d2-7676ba61b5d5,39,0.10520597665205747,0.10752295255661011,1
qwen14B-int4_telecom_50runs,ad06647a-6f63-4550-b8d2-7676ba61b5d5,42,0.11804921851670039,0.18663426925396098,1
qwen14B-int4_telecom_50runs,ad06647a-6f63-4550-b8d2-7676ba61b5d5,44,0.02438282371228977,0.7893272348352381,1
qwen14B-int4_telecom_50runs,ad06647a-6f63-4550-b8d2-7676ba61b5d5,46,0.025694694869836252,0.10429995059967041,1
qwen14B-int4_telecom_50runs,ad06647a-6f63-4550-b8d2-7676ba61b5d5,48,0.09382788088669876,0.460757247237272,1
qwen14B-int4_telecom_50runs,ad06647a-6f63-4550-b8d2-7676ba61b5d5,50,0.003199116479634433,1.0,1
qwen14B-int4_telecom_50runs,ad06647a-6f63-4550-b8d2-7676ba61b5d5,52,0.005889407590282591,0.23800245920817056,1
qwen14B-int4_telecom_50runs,ad06647a-6f63-4550-b8d2-7676ba61b5d5,54,0.05966940862494375,0.45936908040727886,1
qwen14B-int4_telecom_50runs,ad06647a-6f63-4550-b8d2-7676ba61b5d5,56,0.0007604729171553857,1.0,1
qwen14B-int4_telecom_50runs,ad06647a-6f63-4550-b8d2-7676ba61b5d5,58,0.16981616112956807,0.038462269306182864,1
qwen14B-int4_telecom_50runs,ad06647a-6f63-4550-b8d2-7676ba61b5d5,60,0.23621465474460174,0.1556481309235096,1
qwen14B-int4_telecom_50runs,ad06647a-6f63-4550-b8d2-7676ba61b5d5,62,0.19514329109402265,0.08479883273442586,1
qwen14B-int4_telecom_50runs,ad06647a-6f63-4550-b8d2-7676ba61b5d5,64,0.09090105951118439,0.12184814029726489,1
qwen14B-int4_telecom_50runs,ad06647a-6f63-4550-b8d2-7676ba61b5d5,66,0.1414321658590616,0.020763458117194798,1
qwen14B-int4_telecom_50runs,ad06647a-6f63-4550-b8d2-7676ba61b5d5,69,0.20982280108096688,0.09148009866476059,1
qwen14B-int4_telecom_50runs,dfcc3ae8-b459-4c6a-9ad8-fbb17cdb8f53,0,,,1
qwen14B-int4_telecom_50runs,dfcc3ae8-b459-4c6a-9ad8-fbb17cdb8f53,2,0.0018963205302594086,0.0,1
qwen14B-int4_telecom_50runs,dfcc3ae8-b459-4c6a-9ad8-fbb17cdb8f53,4,0.4734882529465254,0.0,1
qwen14B-int4_telecom_50runs,dfcc3ae8-b459-4c6a-9ad8-fbb17cdb8f53,8,0.03304318483272293,0.17096199591954547,1
qwen14B-int4_telecom_50runs,dfcc3ae8-b459-4c6a-9ad8-fbb17cdb8f53,10,0.3128467242076583,0.12308867840931334,1
qwen14B-int4_telecom_50runs,dfcc3ae8-b459-4c6a-9ad8-fbb17cdb8f53,14,0.21681223339906777,0.14505764842033386,1
qwen14B-int4_telecom_50runs,dfcc3ae8-b459-4c6a-9ad8-fbb17cdb8f53,16,0.27282685483694014,0.18736111000180244,1
qwen14B-int4_telecom_50runs,dfcc3ae8-b459-4c6a-9ad8-fbb17cdb8f53,20,0.3278809436980561,0.14465435134603621,1
qwen14B-int4_telecom_50runs,dfcc3ae8-b459-4c6a-9ad8-fbb17cdb8f53,22,0.0008721935231501815,0.1412549465894699,1
qwen14B-int4_telecom_50runs,dfcc3ae8-b459-4c6a-9ad8-fbb17cdb8f53,24,0.31211136597793954,0.2361399049454547,1
qwen14B-int4_telecom_50runs,dfcc3ae8-b459-4c6a-9ad8-fbb17cdb8f53,26,0.35696214695886347,0.13685823440551756,1
qwen14B-int4_telecom_50runs,dfcc3ae8-b459-4c6a-9ad8-fbb17cdb8f53,28,0.19588415927352348,0.1832762563482244,1
qwen14B-int4_telecom_50runs,dfcc3ae8-b459-4c6a-9ad8-fbb17cdb8f53,32,0.07528665639088387,0.0,1
qwen14B-int4_telecom_50runs,dfcc3ae8-b459-4c6a-9ad8-fbb17cdb8f53,34,0.18368330759307383,0.25304345414042473,1
qwen14B-int4_telecom_50runs,dfcc3ae8-b459-4c6a-9ad8-fbb17cdb8f53,36,0.0030582630788123476,1.0,1
qwen14B-int4_telecom_50runs,dfcc3ae8-b459-4c6a-9ad8-fbb17cdb8f53,38,0.13985253602440792,0.24436938017606738,1
qwen14B-int4_telecom_50runs,dfcc3ae8-b459-4c6a-9ad8-fbb17cdb8f53,40,0.2247629684010841,0.11816715790053545,1
qwen14B-int4_telecom_50runs,dfcc3ae8-b459-4c6a-9ad8-fbb17cdb8f53,44,0.016098610641620326,0.1944317619005839,1
qwen14B-int4_telecom_50runs,dfcc3ae8-b459-4c6a-9ad8-fbb17cdb8f53,46,0.18732582841156195,0.2694117599917996,1
qwen14B-int4_telecom_50runs,dfcc3ae8-b459-4c6a-9ad8-fbb17cdb8f53,48,0.015879821429780016,1.0,1
qwen14B-int4_telecom_50runs,dfcc3ae8-b459-4c6a-9ad8-fbb17cdb8f53,50,0.0635476210249498,0.2637139100294847,1
qwen14B-int4_telecom_50runs,dfcc3ae8-b459-4c6a-9ad8-fbb17cdb8f53,52,0.30407758941908997,0.07376235723495483,1
qwen14B-int4_telecom_50runs,dfcc3ae8-b459-4c6a-9ad8-fbb17cdb8f53,54,0.08251264440933295,0.054116622456964456,1
qwen14B-int4_telecom_50runs,dfcc3ae8-b459-4c6a-9ad8-fbb17cdb8f53,57,0.002921944154168144,0.05475421955710963,1
qwen14B-int4_telecom_50runs,11e44685-160b-4a0a-b650-58f75cd26145,0,,,1
qwen14B-int4_telecom_50runs,11e44685-160b-4a0a-b650-58f75cd26145,2,0.0009001598320854414,0.0,1
qwen14B-int4_telecom_50runs,11e44685-160b-4a0a-b650-58f75cd26145,4,0.44279167258434826,0.012024180669533579,1
qwen14B-int4_telecom_50runs,11e44685-160b-4a0a-b650-58f75cd26145,6,0.43088128587790236,0.19624473061412573,1
qwen14B-int4_telecom_50runs,11e44685-160b-4a0a-b650-58f75cd26145,11,0.34899721060021477,0.10592310744173387,1
qwen14B-int4_telecom_50runs,11e44685-160b-4a0a-b650-58f75cd26145,16,0.28156177065781535,0.15599921964249522,1
qwen14B-int4_telecom_50runs,11e44685-160b-4a0a-b650-58f75cd26145,18,0.12463119428080388,0.39855310079213735,1
qwen14B-int4_telecom_50runs,11e44685-160b-4a0a-b650-58f75cd26145,23,0.1499622895024995,0.012945772828282538,1
qwen14B-int4_telecom_50runs,11e44685-160b-4a0a-b650-58f75cd26145,25,0.15988262167076353,0.3391050951821464,1
qwen14B-int4_telecom_50runs,11e44685-160b-4a0a-b650-58f75cd26145,30,0.18134930417848963,0.20277378320693973,1
qwen14B-int4_telecom_50runs,11e44685-160b-4a0a-b650-58f75cd26145,36,0.10429631195366315,0.2964879751205444,1
qwen14B-int4_telecom_50runs,11e44685-160b-4a0a-b650-58f75cd26145,41,0.0825939305269634,0.33196311929951544,1
qwen14B-int4_telecom_50runs,11e44685-160b-4a0a-b650-58f75cd26145,46,0.08148593411070862,0.3677846872529318,1
qwen14B-int4_telecom_50runs,11e44685-160b-4a0a-b650-58f75cd26145,51,0.12858581047324658,0.06083008978101943,1
qwen14B-int4_telecom_50runs,11e44685-160b-4a0a-b650-58f75cd26145,53,0.03259638055431268,0.02415333232101129,1
qwen14B-int4_telecom_50runs,f188ad99-19c7-4162-9471-ead7bbf306fb,0,,,1
qwen14B-int4_telecom_50runs,f188ad99-19c7-4162-9471-ead7bbf306fb,2,0.000898532996295387,0.0,1
qwen14B-int4_telecom_50runs,f188ad99-19c7-4162-9471-ead7bbf306fb,4,0.44346008993039354,0.012024180669533579,1
qwen14B-int4_telecom_50runs,f188ad99-19c7-4162-9471-ead7bbf306fb,6,0.4317365607906869,0.19624473061412573,1
qwen14B-int4_telecom_50runs,f188ad99-19c7-4162-9471-ead7bbf306fb,11,0.25606176385617974,0.08609064751201206,1
qwen14B-int4_telecom_50runs,f188ad99-19c7-4162-9471-ead7bbf306fb,16,0.31615878852717966,0.18590745065785663,1
qwen14B-int4_telecom_50runs,f188ad99-19c7-4162-9471-ead7bbf306fb,20,0.0010885296351006827,0.010613984839860783,1
qwen14B-int4_telecom_50runs,f188ad99-19c7-4162-9471-ead7bbf306fb,22,0.322648615730443,0.07243750058114529,1
qwen14B-int4_telecom_50runs,487d15a6-0a8c-471e-a1d8-73e726697228,0,,,1
qwen14B-int4_telecom_50runs,487d15a6-0a8c-471e-a1d8-73e726697228,2,0.0008992984165638351,0.0,1
qwen14B-int4_telecom_50runs,487d15a6-0a8c-471e-a1d8-73e726697228,4,0.4429559742032444,0.012024180669533579,1
qwen14B-int4_telecom_50runs,487d15a6-0a8c-471e-a1d8-73e726697228,6,0.46590414278867515,0.13507397663898957,1
qwen14B-int4_telecom_50runs,487d15a6-0a8c-471e-a1d8-73e726697228,12,0.3815580357819145,0.15266674069257885,1
qwen14B-int4_telecom_50runs,487d15a6-0a8c-471e-a1d8-73e726697228,14,0.28933430259163606,0.18304485147414,1
qwen14B-int4_telecom_50runs,487d15a6-0a8c-471e-a1d8-73e726697228,16,0.004819452960639126,0.008510031870433261,1
qwen14B-int4_telecom_50runs,487d15a6-0a8c-471e-a1d8-73e726697228,18,0.30886118076214736,0.11705413854347084,1
qwen14B-int4_telecom_50runs,487d15a6-0a8c-471e-a1d8-73e726697228,20,0.03221841588748099,1.0,1
qwen14B-int4_telecom_50runs,487d15a6-0a8c-471e-a1d8-73e726697228,22,0.2166782977927174,0.11946911757642573,1
qwen14B-int4_telecom_50runs,487d15a6-0a8c-471e-a1d8-73e726697228,24,0.026273888727518326,0.26816614468892414,1
qwen14B-int4_telecom_50runs,487d15a6-0a8c-471e-a1d8-73e726697228,26,0.13712687700472923,0.3501931028930764,1
qwen14B-int4_telecom_50runs,487d15a6-0a8c-471e-a1d8-73e726697228,28,0.16196862688935662,0.13990459359925367,1
qwen14B-int4_telecom_50runs,487d15a6-0a8c-471e-a1d8-73e726697228,30,0.18915529576006163,0.1365804813241446,1
qwen14B-int4_telecom_50runs,487d15a6-0a8c-471e-a1d8-73e726697228,35,0.3026202878496182,0.13094286620616913,1
qwen14B-int4_telecom_50runs,487d15a6-0a8c-471e-a1d8-73e726697228,37,0.25021484822161,0.16649244433251498,1
qwen14B-int4_telecom_50runs,487d15a6-0a8c-471e-a1d8-73e726697228,39,0.3683757716744338,0.0528007379749365,1
qwen14B-int4_telecom_50runs,487d15a6-0a8c-471e-a1d8-73e726697228,41,0.0003433938661361084,0.02066734826789712,1
qwen14B-int4_telecom_50runs,487d15a6-0a8c-471e-a1d8-73e726697228,43,0.2173280929415923,0.21976855346712015,1
qwen14B-int4_telecom_50runs,487d15a6-0a8c-471e-a1d8-73e726697228,45,0.02377557332224126,0.08139208455880483,1
qwen14B-int4_telecom_50runs,487d15a6-0a8c-471e-a1d8-73e726697228,47,0.22406518830430136,0.09811139302175553,1
qwen14B-int4_telecom_50runs,487d15a6-0a8c-471e-a1d8-73e726697228,49,0.349182310942072,0.14156675338745117,1
qwen14B-int4_telecom_50runs,487d15a6-0a8c-471e-a1d8-73e726697228,51,0.21528994426835146,0.16008162415689892,1
qwen14B-int4_telecom_50runs,7308a31c-241e-4a00-bc62-4e6f25289de4,0,,,1
qwen14B-int4_telecom_50runs,7308a31c-241e-4a00-bc62-4e6f25289de4,2,0.3783905421322743,0.0,1
qwen14B-int4_telecom_50runs,7308a31c-241e-4a00-bc62-4e6f25289de4,4,0.0011000401359965357,0.0,1
qwen14B-int4_telecom_50runs,7308a31c-241e-4a00-bc62-4e6f25289de4,6,0.42775688992883476,0.0797714970328591,1
qwen14B-int4_telecom_50runs,7308a31c-241e-4a00-bc62-4e6f25289de4,10,0.27644618805178967,0.2028264292964229,1
qwen14B-int4_telecom_50runs,7308a31c-241e-4a00-bc62-4e6f25289de4,15,0.3388716806197293,0.2213137057320825,1
qwen14B-int4_telecom_50runs,7308a31c-241e-4a00-bc62-4e6f25289de4,20,0.23489528625575462,0.2747700748772457,1
qwen14B-int4_telecom_50runs,7308a31c-241e-4a00-bc62-4e6f25289de4,25,0.24213254635987275,0.1632443449713967,1
qwen14B-int4_telecom_50runs,7308a31c-241e-4a00-bc62-4e6f25289de4,29,0.17889027668757923,0.19556078910827637,1
qwen14B-int4_telecom_50runs,7308a31c-241e-4a00-bc62-4e6f25289de4,31,0.24355595284921597,0.15449405142239162,1
qwen14B-int4_telecom_50runs,7308a31c-241e-4a00-bc62-4e6f25289de4,33,0.05026697950397806,0.0,1
qwen14B-int4_telecom_50runs,7308a31c-241e-4a00-bc62-4e6f25289de4,35,0.21109052608230366,0.19435289658998187,1
qwen14B-int4_telecom_50runs,7308a31c-241e-4a00-bc62-4e6f25289de4,37,0.08488492761725142,0.3163658022880554,1
qwen14B-int4_telecom_50runs,7308a31c-241e-4a00-bc62-4e6f25289de4,42,0.029557188378585217,0.19586261375895087,1
qwen14B-int4_telecom_50runs,7308a31c-241e-4a00-bc62-4e6f25289de4,46,0.34709580039643956,0.12058457732200623,1
qwen14B-int4_telecom_50runs,7308a31c-241e-4a00-bc62-4e6f25289de4,48,0.08851043682050663,0.09082918817346745,1
qwen14B-int4_telecom_50runs,7308a31c-241e-4a00-bc62-4e6f25289de4,50,0.06276702846582008,0.05245177234922137,1
qwen14B-int4_telecom_50runs,4b5e211f-893d-4a71-b54b-7948522c399d,0,,,1
qwen14B-int4_telecom_50runs,4b5e211f-893d-4a71-b54b-7948522c399d,2,0.37809805289170983,0.0,1
qwen14B-int4_telecom_50runs,4b5e211f-893d-4a71-b54b-7948522c399d,4,0.0010968955373490735,0.0,1
qwen14B-int4_telecom_50runs,4b5e211f-893d-4a71-b54b-7948522c399d,6,0.4277581649123725,0.0797714970328591,1
qwen14B-int4_telecom_50runs,4b5e211f-893d-4a71-b54b-7948522c399d,10,0.26998754876088804,0.10566375085285731,1
qwen14B-int4_telecom_50runs,4b5e211f-893d-4a71-b54b-7948522c399d,14,0.2561903693342595,0.2385622833637481,1
qwen14B-int4_telecom_50runs,4b5e211f-893d-4a71-b54b-7948522c399d,18,0.1780919500465966,0.24110838770866394,1
qwen14B-int4_telecom_50runs,4b5e211f-893d-4a71-b54b-7948522c399d,22,0.28788794167094556,0.30362782478332523,1
qwen14B-int4_telecom_50runs,4b5e211f-893d-4a71-b54b-7948522c399d,26,0.22777160893952592,0.08938839254171953,1
qwen14B-int4_telecom_50runs,4b5e211f-893d-4a71-b54b-7948522c399d,30,0.19925260188353464,0.15716938826502586,1
qwen14B-int4_telecom_50runs,4b5e211f-893d-4a71-b54b-7948522c399d,34,0.33521648406140225,0.13541913032531738,1
qwen14B-int4_telecom_50runs,4b5e211f-893d-4a71-b54b-7948522c399d,38,0.23210658886396446,0.11662433915219066,1
qwen14B-int4_telecom_50runs,4b5e211f-893d-4a71-b54b-7948522c399d,44,0.29503133333764753,0.1391284654014989,1
qwen14B-int4_telecom_50runs,4b5e211f-893d-4a71-b54b-7948522c399d,46,0.25757451087844047,0.25186766748842987,1
qwen14B-int4_telecom_50runs,4b5e211f-893d-4a71-b54b-7948522c399d,50,0.2275050158798005,0.20139378231841248,1
qwen14B-int4_telecom_50runs,4b5e211f-893d-4a71-b54b-7948522c399d,52,0.22106726904488747,0.11167580666749374,1
qwen14B-int4_telecom_50runs,4b5e211f-893d-4a71-b54b-7948522c399d,57,0.26367479680106287,0.10843874777064605,1
qwen14B-int4_telecom_50runs,4b5e211f-893d-4a71-b54b-7948522c399d,59,0.2130306575374827,0.19534609740293477,1
qwen14B-int4_telecom_50runs,4b5e211f-893d-4a71-b54b-7948522c399d,64,0.2154789363999901,0.09950201568149386,1
qwen14B-int4_telecom_50runs,4b5e211f-893d-4a71-b54b-7948522c399d,66,0.10257817510974447,0.03156464847166147,1
qwen14B-int4_telecom_50runs,4b5e211f-893d-4a71-b54b-7948522c399d,68,0.05650420850855279,0.03006039914630708,1
qwen14B-int4_telecom_50runs,9cb221ae-7637-4628-8e11-56e7f7464a38,0,,,1
qwen14B-int4_telecom_50runs,9cb221ae-7637-4628-8e11-56e7f7464a38,2,0.0018973144497297432,0.0,1
qwen14B-int4_telecom_50runs,9cb221ae-7637-4628-8e11-56e7f7464a38,4,0.3204566683687572,0.011329629703571922,1
qwen14B-int4_telecom_50runs,9cb221ae-7637-4628-8e11-56e7f7464a38,6,0.2936990391994995,0.11398642000399137,1
qwen14B-int4_telecom_50runs,9cb221ae-7637-4628-8e11-56e7f7464a38,8,0.5015596284626629,0.09721952969910669,1
qwen14B-int4_telecom_50runs,9cb221ae-7637-4628-8e11-56e7f7464a38,10,0.03665013141063011,1.0,1
qwen14B-int4_telecom_50runs,9cb221ae-7637-4628-8e11-56e7f7464a38,13,0.40453782512509084,0.12341922831225705,1
qwen14B-int4_telecom_50runs,9cb221ae-7637-4628-8e11-56e7f7464a38,17,0.36027311660406147,0.13034955822691624,1
qwen14B-int4_telecom_50runs,9cb221ae-7637-4628-8e11-56e7f7464a38,21,0.3930284868204548,0.14190857227032003,1
qwen14B-int4_telecom_50runs,9cb221ae-7637-4628-8e11-56e7f7464a38,23,0.0021517720239054533,0.009071817552601849,1
qwen14B-int4_telecom_50runs,9cb221ae-7637-4628-8e11-56e7f7464a38,25,0.24576829235238806,0.24062587173891736,1
qwen14B-int4_telecom_50runs,9cb221ae-7637-4628-8e11-56e7f7464a38,27,0.0002512911959797748,0.7521154403686524,1
qwen14B-int4_telecom_50runs,9cb221ae-7637-4628-8e11-56e7f7464a38,29,0.24922279052062163,0.11551821231842041,1
qwen14B-int4_telecom_50runs,9cb221ae-7637-4628-8e11-56e7f7464a38,33,0.011446135424694923,0.35662078857421875,1
qwen14B-int4_telecom_50runs,9cb221ae-7637-4628-8e11-56e7f7464a38,36,0.2440328247460342,0.11858215357394929,1
qwen14B-int4_telecom_50runs,9cb221ae-7637-4628-8e11-56e7f7464a38,38,0.2479663962165098,0.1285735574769385,1
qwen14B-int4_telecom_50runs,9cb221ae-7637-4628-8e11-56e7f7464a38,40,0.11244563763737707,0.09043232483022354,1
qwen14B-int4_telecom_50runs,9cb221ae-7637-4628-8e11-56e7f7464a38,42,0.15293987869553097,0.2190022556220784,1
qwen14B-int4_telecom_50runs,18ced2e1-64c4-4760-8ac4-f215352657c7,0,,,1
qwen14B-int4_telecom_50runs,18ced2e1-64c4-4760-8ac4-f215352657c7,2,0.0018968075878108232,0.0,1
qwen14B-int4_telecom_50runs,18ced2e1-64c4-4760-8ac4-f215352657c7,4,0.3207217905870208,0.011329629703571922,1
qwen14B-int4_telecom_50runs,18ced2e1-64c4-4760-8ac4-f215352657c7,6,0.2940289115162857,0.11398642000399137,1
qwen14B-int4_telecom_50runs,18ced2e1-64c4-4760-8ac4-f215352657c7,8,0.5013053315848859,0.09721952969910669,1
qwen14B-int4_telecom_50runs,18ced2e1-64c4-4760-8ac4-f215352657c7,10,0.03650141316422472,1.0,1
qwen14B-int4_telecom_50runs,18ced2e1-64c4-4760-8ac4-f215352657c7,13,0.4037512901513186,0.12341922831225705,1
qwen14B-int4_telecom_50runs,18ced2e1-64c4-4760-8ac4-f215352657c7,17,0.28866619217963085,0.13159306365323353,1
qwen14B-int4_telecom_50runs,18ced2e1-64c4-4760-8ac4-f215352657c7,22,0.21700106412885162,0.08657967885335287,1
qwen14B-int4_telecom_50runs,18ced2e1-64c4-4760-8ac4-f215352657c7,24,0.2581586350939967,0.2682747863806211,1
qwen14B-int4_telecom_50runs,18ced2e1-64c4-4760-8ac4-f215352657c7,28,0.1333172154252909,0.08748774095015091,1
qwen14B-int4_telecom_50runs,18ced2e1-64c4-4760-8ac4-f215352657c7,30,0.20706009339672732,0.1838185978787286,1
qwen14B-int4_telecom_50runs,18ced2e1-64c4-4760-8ac4-f215352657c7,32,0.2638536522012699,0.14711394644620124,1
qwen14B-int4_telecom_50runs,18ced2e1-64c4-4760-8ac4-f215352657c7,34,0.19930423134211658,0.15607428694345865,1
qwen14B-int4_telecom_50runs,18ced2e1-64c4-4760-8ac4-f215352657c7,38,0.1319476283042889,0.15175887390419288,1
qwen14B-int4_telecom_50runs,18ced2e1-64c4-4760-8ac4-f215352657c7,40,0.08845326040427397,0.24504696872999082,1
qwen14B-int4_telecom_50runs,18ced2e1-64c4-4760-8ac4-f215352657c7,42,0.1783552479670444,0.17541317145029703,1
qwen14B-int4_telecom_50runs,18ced2e1-64c4-4760-8ac4-f215352657c7,44,0.1652960946849656,0.22180001316843806,1
qwen14B-int4_telecom_50runs,18ced2e1-64c4-4760-8ac4-f215352657c7,48,0.21202324286340252,0.04445400071698566,1
qwen14B-int4_telecom_50runs,18ced2e1-64c4-4760-8ac4-f215352657c7,50,0.012733649894219773,0.0,1
qwen14B-int4_telecom_50runs,62430332-603c-411b-b31a-6b7655c0b49e,0,,,1
qwen14B-int4_telecom_50runs,62430332-603c-411b-b31a-6b7655c0b49e,2,0.0008987566610113116,0.0,1
qwen14B-int4_telecom_50runs,62430332-603c-411b-b31a-6b7655c0b49e,4,0.4428794748602268,0.012024180669533579,1
qwen14B-int4_telecom_50runs,62430332-603c-411b-b31a-6b7655c0b49e,6,0.43109422991742036,0.19624473061412573,1
qwen14B-int4_telecom_50runs,62430332-603c-411b-b31a-6b7655c0b49e,11,0.27574654613696187,0.09060185063969005,1
qwen14B-int4_telecom_50runs,62430332-603c-411b-b31a-6b7655c0b49e,13,0.45370061004657625,0.21877068988347456,1
qwen14B-int4_telecom_50runs,62430332-603c-411b-b31a-6b7655c0b49e,18,0.273878425227606,0.18108302354812622,1
qwen14B-int4_telecom_50runs,62430332-603c-411b-b31a-6b7655c0b49e,25,0.01167022029064905,0.012904702088771721,1
qwen14B-int4_telecom_50runs,62430332-603c-411b-b31a-6b7655c0b49e,27,0.1893814874482773,0.1501852683722973,1
qwen14B-int4_telecom_50runs,62430332-603c-411b-b31a-6b7655c0b49e,29,0.15065006707661063,0.2193603515625,1
qwen14B-int4_telecom_50runs,62430332-603c-411b-b31a-6b7655c0b49e,34,0.14699830016255733,0.13826668688229152,1
qwen14B-int4_telecom_50runs,62430332-603c-411b-b31a-6b7655c0b49e,39,0.21409738820405338,0.130821925898393,1
qwen14B-int4_telecom_50runs,62430332-603c-411b-b31a-6b7655c0b49e,44,0.1280499146612479,0.1563005089759827,1
qwen14B-int4_telecom_50runs,62430332-603c-411b-b31a-6b7655c0b49e,46,0.014876648699989163,0.0,1
qwen14B-int4_telecom_50runs,62430332-603c-411b-b31a-6b7655c0b49e,49,0.17095200661145574,0.17450816929340363,1
qwen14B-int4_telecom_50runs,62430332-603c-411b-b31a-6b7655c0b49e,51,0.15916595287746693,0.0822171308777549,1
qwen14B-int4_telecom_50runs,62586e90-8e53-4176-91a2-ebeffbdb699e,0,,,1
qwen14B-int4_telecom_50runs,62586e90-8e53-4176-91a2-ebeffbdb699e,2,0.37814433731864483,0.0,1
qwen14B-int4_telecom_50runs,62586e90-8e53-4176-91a2-ebeffbdb699e,4,0.0010999489939291524,0.0,1
qwen14B-int4_telecom_50runs,62586e90-8e53-4176-91a2-ebeffbdb699e,6,0.4277188879738212,0.0797714970328591,1
qwen14B-int4_telecom_50runs,62586e90-8e53-4176-91a2-ebeffbdb699e,10,0.27612986276436424,0.2028264292964229,1
qwen14B-int4_telecom_50runs,62586e90-8e53-4176-91a2-ebeffbdb699e,15,0.33795317222294885,0.2213137057320825,1
qwen14B-int4_telecom_50runs,62586e90-8e53-4176-91a2-ebeffbdb699e,20,0.23443042382687737,0.2747700748772457,1
qwen14B-int4_telecom_50runs,62586e90-8e53-4176-91a2-ebeffbdb699e,25,0.24207948986485378,0.1632443449713967,1
qwen14B-int4_telecom_50runs,62586e90-8e53-4176-91a2-ebeffbdb699e,29,0.1787309523505482,0.19556078910827637,1
qwen14B-int4_telecom_50runs,62586e90-8e53-4176-91a2-ebeffbdb699e,31,0.24348803326222296,0.15449405142239162,1
qwen14B-int4_telecom_50runs,62586e90-8e53-4176-91a2-ebeffbdb699e,33,0.050266031675350265,0.0,1
qwen14B-int4_telecom_50runs,62586e90-8e53-4176-91a2-ebeffbdb699e,35,0.21138082433649996,0.19435289658998187,1
qwen14B-int4_telecom_50runs,62586e90-8e53-4176-91a2-ebeffbdb699e,37,0.08496490358790927,0.3163658022880554,1
qwen14B-int4_telecom_50runs,62586e90-8e53-4176-91a2-ebeffbdb699e,42,0.029623638102844033,0.19586261375895087,1
qwen14B-int4_telecom_50runs,62586e90-8e53-4176-91a2-ebeffbdb699e,46,0.28914103666713736,0.1807137104181143,1
qwen14B-int4_telecom_50runs,62586e90-8e53-4176-91a2-ebeffbdb699e,48,0.14898845248812098,0.1315608491068301,1
qwen14B-int4_telecom_50runs,62586e90-8e53-4176-91a2-ebeffbdb699e,52,0.13810801434365294,0.20738808810710907,1
qwen14B-int4_telecom_50runs,62586e90-8e53-4176-91a2-ebeffbdb699e,54,0.15089805530506586,0.4176311492919922,1
qwen14B-int4_telecom_50runs,62586e90-8e53-4176-91a2-ebeffbdb699e,59,0.16319989254805367,0.20814831628174077,1
qwen14B-int4_telecom_50runs,62586e90-8e53-4176-91a2-ebeffbdb699e,66,0.22163790162913785,0.08888320922851563,1
qwen14B-int4_telecom_50runs,62586e90-8e53-4176-91a2-ebeffbdb699e,68,0.0025620955088128702,0.0407065749168396,1
qwen14B-int4_telecom_50runs,ee64159d-e692-4d7d-905f-b710d60e53e4,0,,,1
qwen14B-int4_telecom_50runs,ee64159d-e692-4d7d-905f-b710d60e53e4,2,0.0018977386775815449,0.0,1
qwen14B-int4_telecom_50runs,ee64159d-e692-4d7d-905f-b710d60e53e4,4,0.32066270267876684,0.011329629703571922,1
qwen14B-int4_telecom_50runs,ee64159d-e692-4d7d-905f-b710d60e53e4,6,0.2935458846246203,0.11398642000399137,1
qwen14B-int4_telecom_50runs,ee64159d-e692-4d7d-905f-b710d60e53e4,8,0.5018158197188008,0.09721952969910669,1
qwen14B-int4_telecom_50runs,ee64159d-e692-4d7d-905f-b710d60e53e4,10,0.03665013141063011,1.0,1
qwen14B-int4_telecom_50runs,ee64159d-e692-4d7d-905f-b710d60e53e4,13,0.4080320773385826,0.1255097946054057,1
qwen14B-int4_telecom_50runs,ee64159d-e692-4d7d-905f-b710d60e53e4,17,0.46266142762251966,0.04645602647648301,1
qwen14B-int4_telecom_50runs,ee64159d-e692-4d7d-905f-b710d60e53e4,19,0.30178206974568833,0.2399641065807133,1
qwen14B-int4_telecom_50runs,ee64159d-e692-4d7d-905f-b710d60e53e4,23,0.21159506325895236,0.31613851625185746,1
qwen14B-int4_telecom_50runs,ee64159d-e692-4d7d-905f-b710d60e53e4,25,0.23533217752498678,0.10352368652820587,1
qwen14B-int4_telecom_50runs,ee64159d-e692-4d7d-905f-b710d60e53e4,27,0.23456523772596172,0.20827769624943637,1
qwen14B-int4_telecom_50runs,ee64159d-e692-4d7d-905f-b710d60e53e4,31,0.2292337230209483,0.2787577531554482,1
qwen14B-int4_telecom_50runs,ee64159d-e692-4d7d-905f-b710d60e53e4,35,0.23370274378270078,0.14094099680582683,1
qwen14B-int4_telecom_50runs,ee64159d-e692-4d7d-905f-b710d60e53e4,37,0.28387496058958445,0.12597443591589216,1
qwen14B-int4_telecom_50runs,ee64159d-e692-4d7d-905f-b710d60e53e4,39,0.15723029615039122,0.025522901587290304,1
qwen14B-int4_telecom_50runs,ee64159d-e692-4d7d-905f-b710d60e53e4,41,0.15032430887721776,0.09841638285180797,1
qwen14B-int4_telecom_50runs,0b44e750-5aa1-4568-b840-3aaf84568be8,0,,,1
qwen14B-int4_telecom_50runs,0b44e750-5aa1-4568-b840-3aaf84568be8,2,0.0004951555430463289,0.0,1
qwen14B-int4_telecom_50runs,0b44e750-5aa1-4568-b840-3aaf84568be8,4,0.30564044964883846,0.019969016313552856,1
qwen14B-int4_telecom_50runs,0b44e750-5aa1-4568-b840-3aaf84568be8,6,0.020770543760273805,0.09984968105951944,1
qwen14B-int4_telecom_50runs,0b44e750-5aa1-4568-b840-3aaf84568be8,9,0.39077872888410364,0.08681128191393475,1
qwen14B-int4_telecom_50runs,0b44e750-5aa1-4568-b840-3aaf84568be8,14,0.3091489243851581,0.10222017765045166,1
qwen14B-int4_telecom_50runs,0b44e750-5aa1-4568-b840-3aaf84568be8,16,0.32564251795607757,0.0588457038005193,1
qwen14B-int4_telecom_50runs,0b44e750-5aa1-4568-b840-3aaf84568be8,22,0.2796704341816925,0.167597564009877,1
qwen14B-int4_telecom_50runs,0b44e750-5aa1-4568-b840-3aaf84568be8,27,0.23676005773533296,0.3024446573413786,1
qwen14B-int4_telecom_50runs,0b44e750-5aa1-4568-b840-3aaf84568be8,29,0.011759943628423133,0.0,1
qwen14B-int4_telecom_50runs,0b44e750-5aa1-4568-b840-3aaf84568be8,32,0.21803902706401437,0.2060265690088272,1
qwen14B-int4_telecom_50runs,0b44e750-5aa1-4568-b840-3aaf84568be8,36,0.20437967114028305,0.15848219394683838,1
qwen14B-int4_telecom_50runs,0b44e750-5aa1-4568-b840-3aaf84568be8,42,0.1717928159004935,0.1984125539660454,1
qwen14B-int4_telecom_50runs,0b44e750-5aa1-4568-b840-3aaf84568be8,46,0.20432422569288838,0.06239034389627391,1
qwen14B-int4_telecom_50runs,0b44e750-5aa1-4568-b840-3aaf84568be8,48,0.32686342315574934,0.03682888707806987,1
qwen14B-int4_telecom_50runs,0b44e750-5aa1-4568-b840-3aaf84568be8,50,0.16201779498796912,0.03485123550190645,1
qwen14B-int4_telecom_50runs,0b44e750-5aa1-4568-b840-3aaf84568be8,52,0.21565263642938465,0.1426635613808265,1
qwen14B-int4_telecom_50runs,0b44e750-5aa1-4568-b840-3aaf84568be8,54,0.1738086270942075,1.0,1
qwen14B-int4_telecom_50runs,0b44e750-5aa1-4568-b840-3aaf84568be8,57,0.17438688947602937,1.0,1
qwen14B-int4_telecom_50runs,0b44e750-5aa1-4568-b840-3aaf84568be8,59,0.32426300894134014,0.24307382840376635,1
qwen14B-int4_telecom_50runs,0b44e750-5aa1-4568-b840-3aaf84568be8,61,0.1497147454427684,0.30798641603384447,1
qwen14B-int4_telecom_50runs,91813183-1691-4b61-8259-48e0935fd34c,0,,,1
qwen14B-int4_telecom_50runs,91813183-1691-4b61-8259-48e0935fd34c,2,0.0004959727854261372,0.0,1
qwen14B-int4_telecom_50runs,91813183-1691-4b61-8259-48e0935fd34c,4,0.3055221858879368,0.019969016313552856,1
qwen14B-int4_telecom_50runs,91813183-1691-4b61-8259-48e0935fd34c,6,0.02071719997792548,0.09984968105951944,1
qwen14B-int4_telecom_50runs,91813183-1691-4b61-8259-48e0935fd34c,9,0.39077872888410364,0.08681128191393475,1
qwen14B-int4_telecom_50runs,91813183-1691-4b61-8259-48e0935fd34c,14,0.22458606499946365,0.11621700263604887,1
qwen14B-int4_telecom_50runs,91813183-1691-4b61-8259-48e0935fd34c,16,0.36669099220052825,0.10168599300697202,1
qwen14B-int4_telecom_50runs,91813183-1691-4b61-8259-48e0935fd34c,18,0.3249699377914903,0.15133386499741497,1
qwen14B-int4_telecom_50runs,91813183-1691-4b61-8259-48e0935fd34c,20,0.29739954542578834,0.23146687470949615,1
qwen14B-int4_telecom_50runs,91813183-1691-4b61-8259-48e0935fd34c,24,0.11894821922847287,0.17967350780963898,1
qwen14B-int4_telecom_50runs,91813183-1691-4b61-8259-48e0935fd34c,26,0.22403376689088325,0.30004671460292376,1
qwen14B-int4_telecom_50runs,91813183-1691-4b61-8259-48e0935fd34c,28,0.22319697429195157,0.19930701871072093,1
qwen14B-int4_telecom_50runs,91813183-1691-4b61-8259-48e0935fd34c,30,0.1993187038384694,0.11155456304550171,1
qwen14B-int4_telecom_50runs,91813183-1691-4b61-8259-48e0935fd34c,32,0.0910362696495438,0.21128227144984874,1
qwen14B-int4_telecom_50runs,91813183-1691-4b61-8259-48e0935fd34c,37,0.11223991495608342,0.15989412367343903,1
qwen14B-int4_telecom_50runs,91813183-1691-4b61-8259-48e0935fd34c,39,0.17377949650573385,0.10823448181152344,1
qwen14B-int4_telecom_50runs,91813183-1691-4b61-8259-48e0935fd34c,41,0.0015770669707116844,0.04218210379282633,1
qwen14B-int4_telecom_50runs,91813183-1691-4b61-8259-48e0935fd34c,43,0.27567179121759205,0.1177049919410988,1
qwen14B-int4_telecom_50runs,91813183-1691-4b61-8259-48e0935fd34c,48,0.07851699848547382,1.0,1
qwen14B-int4_telecom_50runs,91813183-1691-4b61-8259-48e0935fd34c,50,0.15447283286434768,0.2356891837613336,1
qwen14B-int4_telecom_50runs,91813183-1691-4b61-8259-48e0935fd34c,52,0.20952903780939364,0.09004476240703037,1
qwen14B-int4_telecom_50runs,e3ef8826-1247-41d6-be02-944d7926a361,0,,,1
qwen14B-int4_telecom_50runs,e3ef8826-1247-41d6-be02-944d7926a361,2,0.0004941925691727199,0.0,1
qwen14B-int4_telecom_50runs,e3ef8826-1247-41d6-be02-944d7926a361,4,0.46493063060448775,0.0,1
qwen14B-int4_telecom_50runs,e3ef8826-1247-41d6-be02-944d7926a361,10,0.021790534833043464,0.17671418190002441,1
qwen14B-int4_telecom_50runs,e3ef8826-1247-41d6-be02-944d7926a361,12,0.4810215510829962,0.12100846568743387,1
qwen14B-int4_telecom_50runs,e3ef8826-1247-41d6-be02-944d7926a361,16,0.13734107000848736,0.10528042827333722,1
qwen14B-int4_telecom_50runs,e3ef8826-1247-41d6-be02-944d7926a361,18,0.27664005556269977,0.19968679216172958,1
qwen14B-int4_telecom_50runs,e3ef8826-1247-41d6-be02-944d7926a361,20,0.0017541603113734121,0.012180494765440622,1
qwen14B-int4_telecom_50runs,e3ef8826-1247-41d6-be02-944d7926a361,22,0.39792393026125866,0.09789910539984703,1
qwen14B-int4_telecom_50runs,e3ef8826-1247-41d6-be02-944d7926a361,24,0.2567411948352047,0.11307994141636124,1
qwen14B-int4_telecom_50runs,e3ef8826-1247-41d6-be02-944d7926a361,26,0.2802054010115223,0.08879426470050564,1
qwen14B-int4_telecom_50runs,e3ef8826-1247-41d6-be02-944d7926a361,28,0.0003690454050685688,0.025959359274970163,1
qwen14B-int4_telecom_50runs,e3ef8826-1247-41d6-be02-944d7926a361,30,0.2634965580509207,0.19433378714781543,1
qwen14B-int4_telecom_50runs,e3ef8826-1247-41d6-be02-944d7926a361,34,0.01881597713439392,1.0,1
qwen14B-int4_telecom_50runs,e3ef8826-1247-41d6-be02-944d7926a361,36,0.11115001136275078,0.06070524454116821,1
qwen14B-int4_telecom_50runs,e3ef8826-1247-41d6-be02-944d7926a361,38,0.20265499734539613,0.129030493439221,1
qwen14B-int4_telecom_50runs,e3ef8826-1247-41d6-be02-944d7926a361,40,0.23853623235682653,0.14192753407492564,1
qwen14B-int4_telecom_50runs,e3ef8826-1247-41d6-be02-944d7926a361,42,0.0012721525655663031,1.0,1
qwen14B-int4_telecom_50runs,e3ef8826-1247-41d6-be02-944d7926a361,44,0.029025114024574614,0.1391168672647049,1
qwen14B-int4_telecom_50runs,3ef2a6b0-9efe-45bb-9bc6-6ef86c7f2280,0,,,0
qwen14B-int4_telecom_50runs,3ef2a6b0-9efe-45bb-9bc6-6ef86c7f2280,2,0.0004959727854261372,0.0,0
qwen14B-int4_telecom_50runs,3ef2a6b0-9efe-45bb-9bc6-6ef86c7f2280,4,0.30552229777171747,0.019969016313552856,0
qwen14B-int4_telecom_50runs,3ef2a6b0-9efe-45bb-9bc6-6ef86c7f2280,6,0.02071681116587967,0.09984968105951944,0
qwen14B-int4_telecom_50runs,3ef2a6b0-9efe-45bb-9bc6-6ef86c7f2280,9,0.3905446607385474,0.08681128191393475,0
qwen14B-int4_telecom_50runs,3ef2a6b0-9efe-45bb-9bc6-6ef86c7f2280,14,0.37642012388773294,0.11124341512463756,0
qwen14B-int4_telecom_50runs,3ef2a6b0-9efe-45bb-9bc6-6ef86c7f2280,19,0.3069531749624857,0.06183690409506521,0
qwen14B-int4_telecom_50runs,3ef2a6b0-9efe-45bb-9bc6-6ef86c7f2280,21,0.3848326637073931,0.06920476808939895,0
qwen14B-int4_telecom_50runs,3ef2a6b0-9efe-45bb-9bc6-6ef86c7f2280,23,0.07425072187597705,0.08348164650110097,0
qwen14B-int4_telecom_50runs,3ef2a6b0-9efe-45bb-9bc6-6ef86c7f2280,25,0.13845091465061343,0.14017734320267386,0
qwen14B-int4_telecom_50runs,10a130dd-6bce-4b1f-b68e-39a657513085,0,,,1
qwen14B-int4_telecom_50runs,10a130dd-6bce-4b1f-b68e-39a657513085,2,0.0004959727854261372,0.0,1
qwen14B-int4_telecom_50runs,10a130dd-6bce-4b1f-b68e-39a657513085,4,0.4649004352915499,0.0,1
qwen14B-int4_telecom_50runs,10a130dd-6bce-4b1f-b68e-39a657513085,8,0.3347055029491328,0.15782496794848375,1
qwen14B-int4_telecom_50runs,10a130dd-6bce-4b1f-b68e-39a657513085,13,0.3033149765812667,0.10186228331397562,1
qwen14B-int4_telecom_50runs,10a130dd-6bce-4b1f-b68e-39a657513085,15,0.23977998521496133,0.23108141403645277,1
qwen14B-int4_telecom_50runs,10a130dd-6bce-4b1f-b68e-39a657513085,17,0.23008911532219403,0.1466657838156057,1
qwen14B-int4_telecom_50runs,10a130dd-6bce-4b1f-b68e-39a657513085,21,0.31086694627862377,0.2158538192065794,1
qwen14B-int4_telecom_50runs,10a130dd-6bce-4b1f-b68e-39a657513085,23,0.012800481554078862,0.0,1
qwen14B-int4_telecom_50runs,10a130dd-6bce-4b1f-b68e-39a657513085,25,0.28578266311968537,0.21574100457042095,1
qwen14B-int4_telecom_50runs,10a130dd-6bce-4b1f-b68e-39a657513085,27,0.24339567138991067,0.06704690488609108,1
qwen14B-int4_telecom_50runs,aa443898-9328-4c37-932b-0655ca7760dd,0,,,0
qwen14B-int4_telecom_50runs,aa443898-9328-4c37-932b-0655ca7760dd,2,0.4944933148383262,0.0,0
qwen14B-int4_telecom_50runs,aa443898-9328-4c37-932b-0655ca7760dd,4,0.0017427078802231724,0.0,0
qwen14B-int4_telecom_50runs,aa443898-9328-4c37-932b-0655ca7760dd,6,0.4523728378952603,0.05504938549008863,0
qwen14B-int4_telecom_50runs,aa443898-9328-4c37-932b-0655ca7760dd,10,0.28802532460669417,0.07532593607902527,0
qwen14B-int4_telecom_50runs,aa443898-9328-4c37-932b-0655ca7760dd,14,0.3444514650082194,0.17348099732008138,0
qwen14B-int4_telecom_50runs,aa443898-9328-4c37-932b-0655ca7760dd,19,0.35512949008296707,0.15061282104169818,0
qwen14B-int4_telecom_50runs,aa443898-9328-4c37-932b-0655ca7760dd,23,0.32139972510342957,0.08711740028026492,0
qwen14B-int4_telecom_50runs,aa443898-9328-4c37-932b-0655ca7760dd,28,0.33522408315512425,0.23136195780216964,0
qwen14B-int4_telecom_50runs,aa443898-9328-4c37-932b-0655ca7760dd,33,0.24926608450051854,0.0752057967247901,0
qwen14B-int4_telecom_50runs,aa443898-9328-4c37-932b-0655ca7760dd,35,0.09612774134266494,0.057145786957002016,0
qwen14B-int4_telecom_50runs,aa443898-9328-4c37-932b-0655ca7760dd,37,0.11163077377059712,0.06319141387939453,0
qwen14B-int4_telecom_50runs,621a9f20-9f1b-4bbf-966e-12ad37ce6b5d,0,,,0
qwen14B-int4_telecom_50runs,621a9f20-9f1b-4bbf-966e-12ad37ce6b5d,2,0.0004959727854261372,0.0,0
qwen14B-int4_telecom_50runs,621a9f20-9f1b-4bbf-966e-12ad37ce6b5d,4,0.4645243057923846,0.0,0
qwen14B-int4_telecom_50runs,621a9f20-9f1b-4bbf-966e-12ad37ce6b5d,8,0.33409758824741115,0.15782496794848375,0
qwen14B-int4_telecom_50runs,621a9f20-9f1b-4bbf-966e-12ad37ce6b5d,13,0.21743785518515316,0.13635733723640442,0
qwen14B-int4_telecom_50runs,621a9f20-9f1b-4bbf-966e-12ad37ce6b5d,18,0.25840390626260834,0.10480604210837942,0
qwen14B-int4_telecom_50runs,621a9f20-9f1b-4bbf-966e-12ad37ce6b5d,23,0.32201444981411564,0.05741882537092481,0
qwen14B-int4_telecom_50runs,621a9f20-9f1b-4bbf-966e-12ad37ce6b5d,25,0.0001549860740608889,1.0,0
qwen14B-int4_telecom_50runs,621a9f20-9f1b-4bbf-966e-12ad37ce6b5d,27,0.14909000795735108,0.21741317666095236,0
qwen14B-int4_telecom_50runs,621a9f20-9f1b-4bbf-966e-12ad37ce6b5d,29,0.21406777494576956,0.10313285861098975,0
qwen14B-int4_telecom_50runs,621a9f20-9f1b-4bbf-966e-12ad37ce6b5d,31,0.019907955748815792,0.08051824569702148,0
qwen14B-int4_telecom_50runs,621a9f20-9f1b-4bbf-966e-12ad37ce6b5d,34,0.18054182409962247,0.19886037978259,0
qwen14B-int4_telecom_50runs,621a9f20-9f1b-4bbf-966e-12ad37ce6b5d,39,0.01005376999832915,1.0,0
qwen14B-int4_telecom_50runs,621a9f20-9f1b-4bbf-966e-12ad37ce6b5d,41,0.28990692682550395,0.208180766613757,0
qwen14B-int4_telecom_50runs,621a9f20-9f1b-4bbf-966e-12ad37ce6b5d,46,0.17484166336211138,0.03224266426903861,0
qwen14B-int4_telecom_50runs,621a9f20-9f1b-4bbf-966e-12ad37ce6b5d,48,0.2156512714464869,0.34993147400190244,0
qwen14B-int4_telecom_50runs,621a9f20-9f1b-4bbf-966e-12ad37ce6b5d,53,0.11292130162561095,0.10326666505106034,0
qwen14B-int4_telecom_50runs,09dc7f2b-91dd-40a1-beb7-3759d88ec70e,0,,,0
qwen14B-int4_telecom_50runs,09dc7f2b-91dd-40a1-beb7-3759d88ec70e,2,0.29826723230105523,0.0,0
qwen14B-int4_telecom_50runs,09dc7f2b-91dd-40a1-beb7-3759d88ec70e,4,0.22191155161991155,0.15039340817198463,0
qwen14B-int4_telecom_50runs,09dc7f2b-91dd-40a1-beb7-3759d88ec70e,8,0.07740425829154711,0.0,0
qwen14B-int4_telecom_50runs,09dc7f2b-91dd-40a1-beb7-3759d88ec70e,10,0.2971895100481433,0.10263345981466358,0
qwen14B-int4_telecom_50runs,09dc7f2b-91dd-40a1-beb7-3759d88ec70e,12,0.36736196287961503,0.1547630931201734,0
qwen14B-int4_telecom_50runs,09dc7f2b-91dd-40a1-beb7-3759d88ec70e,14,0.1260229089629817,0.10555906295776367,0
qwen14B-int4_telecom_50runs,09dc7f2b-91dd-40a1-beb7-3759d88ec70e,16,0.04840519290054302,0.07510617971420287,0
qwen14B-int4_telecom_50runs,4df2e163-c257-4d85-a290-0688d8164d28,0,,,0
qwen14B-int4_telecom_50runs,4df2e163-c257-4d85-a290-0688d8164d28,2,0.29795881616014824,0.0,0
qwen14B-int4_telecom_50runs,4df2e163-c257-4d85-a290-0688d8164d28,4,0.22177583435350273,0.15039340817198463,0
qwen14B-int4_telecom_50runs,4df2e163-c257-4d85-a290-0688d8164d28,8,0.07673334369001218,0.0,0
qwen14B-int4_telecom_50runs,4df2e163-c257-4d85-a290-0688d8164d28,10,0.2967455953335295,0.10263345981466358,0
qwen14B-int4_telecom_50runs,4df2e163-c257-4d85-a290-0688d8164d28,12,0.36748385137529327,0.1547630931201734,0
qwen14B-int4_telecom_50runs,4df2e163-c257-4d85-a290-0688d8164d28,14,0.12551031188844688,0.10555906295776367,0
qwen14B-int4_telecom_50runs,4df2e163-c257-4d85-a290-0688d8164d28,16,0.049521513470625826,0.07510617971420287,0
qwen14B-int4_telecom_50runs,0f36b8e5-7a90-4467-8295-d834154be697,0,,,1
qwen14B-int4_telecom_50runs,0f36b8e5-7a90-4467-8295-d834154be697,2,0.29882160365038096,0.0,1
qwen14B-int4_telecom_50runs,0f36b8e5-7a90-4467-8295-d834154be697,4,0.222319012512357,0.15039340817198463,1
qwen14B-int4_telecom_50runs,0f36b8e5-7a90-4467-8295-d834154be697,8,0.0011718726913907277,0.0,1
qwen14B-int4_telecom_50runs,0f36b8e5-7a90-4467-8295-d834154be697,10,0.3248698063722443,0.08471856283587079,1
qwen14B-int4_telecom_50runs,0f36b8e5-7a90-4467-8295-d834154be697,14,0.30852316051708467,0.1479871972747471,1
qwen14B-int4_telecom_50runs,0f36b8e5-7a90-4467-8295-d834154be697,19,0.06665995437834886,0.1476696252822876,1
qwen14B-int4_telecom_50runs,0f36b8e5-7a90-4467-8295-d834154be697,22,0.27823884521583414,0.15556044663701737,1
qwen14B-int4_telecom_50runs,0f36b8e5-7a90-4467-8295-d834154be697,24,0.2655837161362606,0.12028091665237181,1
qwen14B-int4_telecom_50runs,0f36b8e5-7a90-4467-8295-d834154be697,29,0.004943767488974515,1.0,1
qwen14B-int4_telecom_50runs,0f36b8e5-7a90-4467-8295-d834154be697,32,0.24267515731854278,0.3312612956061083,1
qwen14B-int4_telecom_50runs,0f36b8e5-7a90-4467-8295-d834154be697,34,0.42978825169936286,0.029953398830012273,1
qwen14B-int4_telecom_50runs,0f36b8e5-7a90-4467-8295-d834154be697,36,0.12162123414987681,0.0434291772544384,1
qwen14B-int4_telecom_50runs,0f36b8e5-7a90-4467-8295-d834154be697,38,0.09272058428297181,0.06876133317532747,1
qwen14B-int4_telecom_50runs,87671181-f0fc-4820-85fe-a2ff5f4b24ed,0,,,1
qwen14B-int4_telecom_50runs,87671181-f0fc-4820-85fe-a2ff5f4b24ed,2,0.0004961128809940159,0.0,1
qwen14B-int4_telecom_50runs,87671181-f0fc-4820-85fe-a2ff5f4b24ed,4,0.3054004882668168,0.019969016313552856,1
qwen14B-int4_telecom_50runs,87671181-f0fc-4820-85fe-a2ff5f4b24ed,6,0.021179330087899226,0.09984968105951944,1
qwen14B-int4_telecom_50runs,87671181-f0fc-4820-85fe-a2ff5f4b24ed,9,0.3904815429064097,0.08681128191393475,1
qwen14B-int4_telecom_50runs,87671181-f0fc-4820-85fe-a2ff5f4b24ed,14,0.4046600353767812,0.142024632656213,1
qwen14B-int4_telecom_50runs,87671181-f0fc-4820-85fe-a2ff5f4b24ed,16,0.32890972546938935,0.2076817268416995,1
qwen14B-int4_telecom_50runs,87671181-f0fc-4820-85fe-a2ff5f4b24ed,18,0.2782035253676913,0.05921222482408796,1
qwen14B-int4_telecom_50runs,1210c299-59a3-498d-8493-53df324e4f17,0,,,1
qwen14B-int4_telecom_50runs,1210c299-59a3-498d-8493-53df324e4f17,2,0.29826092310653507,0.0,1
qwen14B-int4_telecom_50runs,1210c299-59a3-498d-8493-53df324e4f17,4,0.22220146473075983,0.15039340817198463,1
qwen14B-int4_telecom_50runs,1210c299-59a3-498d-8493-53df324e4f17,8,0.2525676409687806,0.0,1
qwen14B-int4_telecom_50runs,1210c299-59a3-498d-8493-53df324e4f17,10,0.3358296180140833,0.07105143666267395,1
qwen14B-int4_telecom_50runs,1210c299-59a3-498d-8493-53df324e4f17,14,0.27848194597651915,0.20702576637268066,1
qwen14B-int4_telecom_50runs,1210c299-59a3-498d-8493-53df324e4f17,19,0.23245186782049546,0.14409319907426832,1
qwen14B-int4_telecom_50runs,1210c299-59a3-498d-8493-53df324e4f17,21,0.004683432633100892,0.0,1
qwen14B-int4_telecom_50runs,1210c299-59a3-498d-8493-53df324e4f17,23,0.3746940241439495,0.18034488382473798,1
qwen14B-int4_telecom_50runs,1210c299-59a3-498d-8493-53df324e4f17,27,0.3025627717585678,0.1591353574577643,1
qwen14B-int4_telecom_50runs,1210c299-59a3-498d-8493-53df324e4f17,29,0.18606669335589643,0.18755535146977642,1
qwen14B-int4_telecom_50runs,1210c299-59a3-498d-8493-53df324e4f17,31,0.2900521609736341,0.1909309733997692,1
qwen14B-int4_telecom_50runs,1210c299-59a3-498d-8493-53df324e4f17,33,0.24943713721093436,0.18638344345805802,1
qwen14B-int4_telecom_50runs,1210c299-59a3-498d-8493-53df324e4f17,35,0.29654591340509345,0.09167599948969754,1
qwen14B-int4_telecom_50runs,1210c299-59a3-498d-8493-53df324e4f17,37,0.2536177588792626,0.11117117579390363,1
qwen14B-int4_telecom_50runs,1210c299-59a3-498d-8493-53df324e4f17,39,0.28824215652993185,0.11215401430652565,1
qwen14B-int4_telecom_50runs,1210c299-59a3-498d-8493-53df324e4f17,41,0.10873823512881978,0.09985837482270742,1
qwen14B-int4_telecom_50runs,a440fe1d-0d96-4b6c-a999-b6dfda60a54c,0,,,1
qwen14B-int4_telecom_50runs,a440fe1d-0d96-4b6c-a999-b6dfda60a54c,2,0.29820448368318636,0.0,1
qwen14B-int4_telecom_50runs,a440fe1d-0d96-4b6c-a999-b6dfda60a54c,4,0.22121048027240617,0.15039340817198463,1
qwen14B-int4_telecom_50runs,a440fe1d-0d96-4b6c-a999-b6dfda60a54c,8,0.2524004517670892,0.0,1
qwen14B-int4_telecom_50runs,a440fe1d-0d96-4b6c-a999-b6dfda60a54c,10,0.3362068045359319,0.07105143666267395,1
qwen14B-int4_telecom_50runs,a440fe1d-0d96-4b6c-a999-b6dfda60a54c,15,0.289742157890191,0.10033618609110515,1
qwen14B-int4_telecom_50runs,a440fe1d-0d96-4b6c-a999-b6dfda60a54c,19,0.011208592391273697,0.1995786428451538,1
qwen14B-int4_telecom_50runs,a440fe1d-0d96-4b6c-a999-b6dfda60a54c,21,0.2935740574131579,0.08112423594405012,1
qwen14B-int4_telecom_50runs,a440fe1d-0d96-4b6c-a999-b6dfda60a54c,23,0.34779310001536967,0.13232612680821193,1
qwen14B-int4_telecom_50runs,a440fe1d-0d96-4b6c-a999-b6dfda60a54c,25,0.28705443279964266,0.10102885334115279,1
qwen14B-int4_telecom_50runs,a440fe1d-0d96-4b6c-a999-b6dfda60a54c,27,0.2784317731244834,0.1651557393695997,1
qwen14B-int4_telecom_50runs,a440fe1d-0d96-4b6c-a999-b6dfda60a54c,32,0.27976341156880613,0.122122205220736,1
qwen14B-int4_telecom_50runs,a440fe1d-0d96-4b6c-a999-b6dfda60a54c,34,0.2754636937474146,0.08992024467271917,1
qwen14B-int4_telecom_50runs,a440fe1d-0d96-4b6c-a999-b6dfda60a54c,36,0.28644446702190307,0.08806725278977426,1
qwen14B-int4_telecom_50runs,b84e2d2a-b744-4918-9e59-975c441ee6f4,0,,,1
qwen14B-int4_telecom_50runs,b84e2d2a-b744-4918-9e59-975c441ee6f4,2,0.0004964843417955849,0.0,1
qwen14B-int4_telecom_50runs,b84e2d2a-b744-4918-9e59-975c441ee6f4,4,0.46508865077804973,0.0,1
qwen14B-int4_telecom_50runs,b84e2d2a-b744-4918-9e59-975c441ee6f4,10,0.02187264647688218,0.17671418190002441,1
qwen14B-int4_telecom_50runs,b84e2d2a-b744-4918-9e59-975c441ee6f4,12,0.48112155927888456,0.12100846568743387,1
qwen14B-int4_telecom_50runs,b84e2d2a-b744-4918-9e59-975c441ee6f4,16,0.1612628275932066,0.10366332866776157,1
qwen14B-int4_telecom_50runs,b84e2d2a-b744-4918-9e59-975c441ee6f4,18,0.34131487223915113,0.15833891667041583,1
qwen14B-int4_telecom_50runs,b84e2d2a-b744-4918-9e59-975c441ee6f4,20,0.2574179548995811,0.0697918606526924,1
qwen14B-int4_telecom_50runs,b84e2d2a-b744-4918-9e59-975c441ee6f4,22,0.28661872260645,0.08912568305855366,1
qwen14B-int4_telecom_50runs,b84e2d2a-b744-4918-9e59-975c441ee6f4,24,0.0004008554036611045,0.03140454590320587,1
qwen14B-int4_telecom_50runs,b84e2d2a-b744-4918-9e59-975c441ee6f4,26,0.23403659106850322,0.17200425934435717,1
qwen14B-int4_telecom_50runs,b84e2d2a-b744-4918-9e59-975c441ee6f4,31,0.018263281698235337,0.08831204970677693,1
qwen14B-int4_telecom_50runs,b84e2d2a-b744-4918-9e59-975c441ee6f4,33,0.27215636712546937,0.041764601280814724,1
qwen14B-int4_telecom_50runs,b84e2d2a-b744-4918-9e59-975c441ee6f4,35,0.19665342303669883,0.19930357044026004,1
qwen32B-int4_airline_50runs,995d305a-e3d4-4df6-b4c0-9e28ed0c0653,0,,,1
qwen32B-int4_airline_50runs,995d305a-e3d4-4df6-b4c0-9e28ed0c0653,2,0.2276153019745808,0.0,1
qwen32B-int4_airline_50runs,995d305a-e3d4-4df6-b4c0-9e28ed0c0653,4,0.00025768168667387076,0.0,1
qwen32B-int4_airline_50runs,995d305a-e3d4-4df6-b4c0-9e28ed0c0653,6,0.2804878923913367,0.13378531282598322,1
qwen32B-int4_airline_50runs,995d305a-e3d4-4df6-b4c0-9e28ed0c0653,8,0.3746149378645425,0.08961153843186118,1
qwen32B-int4_airline_50runs,995d305a-e3d4-4df6-b4c0-9e28ed0c0653,10,0.012953826853141254,0.07620234787464142,1
qwen32B-int4_airline_50runs,995d305a-e3d4-4df6-b4c0-9e28ed0c0653,12,0.2130910890357313,0.12038633392916785,1
qwen32B-int4_airline_50runs,995d305a-e3d4-4df6-b4c0-9e28ed0c0653,14,4.362532118681142e-05,0.06576211537633624,1
qwen32B-int4_airline_50runs,995d305a-e3d4-4df6-b4c0-9e28ed0c0653,16,0.15380439591465098,0.06323175110034088,1
qwen32B-int4_airline_50runs,444e811c-4cd3-47ba-a4b0-7f99ea839bdb,0,,,1
qwen32B-int4_airline_50runs,444e811c-4cd3-47ba-a4b0-7f99ea839bdb,2,0.15241406012117892,0.0,1
qwen32B-int4_airline_50runs,444e811c-4cd3-47ba-a4b0-7f99ea839bdb,4,5.9247798138528654e-05,0.0,1
qwen32B-int4_airline_50runs,444e811c-4cd3-47ba-a4b0-7f99ea839bdb,6,0.14899183611542527,0.11359825005402437,1
qwen32B-int4_airline_50runs,444e811c-4cd3-47ba-a4b0-7f99ea839bdb,8,0.029590398466538364,0.12797092199325563,1
qwen32B-int4_airline_50runs,444e811c-4cd3-47ba-a4b0-7f99ea839bdb,10,0.0011802092828271126,0.40670472383499146,1
qwen32B-int4_airline_50runs,444e811c-4cd3-47ba-a4b0-7f99ea839bdb,12,0.0038397179792452308,0.41605767607688904,1
qwen32B-int4_airline_50runs,444e811c-4cd3-47ba-a4b0-7f99ea839bdb,14,0.01804129300730887,0.4105089604854584,1
qwen32B-int4_airline_50runs,444e811c-4cd3-47ba-a4b0-7f99ea839bdb,16,0.012384006733705,0.43495863676071167,1
qwen32B-int4_airline_50runs,444e811c-4cd3-47ba-a4b0-7f99ea839bdb,18,0.2440084552546015,0.022803790294207062,1
qwen32B-int4_airline_50runs,444e811c-4cd3-47ba-a4b0-7f99ea839bdb,20,0.09220159104762406,0.09859823039237489,1
qwen32B-int4_airline_50runs,444e811c-4cd3-47ba-a4b0-7f99ea839bdb,22,0.20239041117458623,0.14108455942032186,1
qwen32B-int4_airline_50runs,444e811c-4cd3-47ba-a4b0-7f99ea839bdb,24,0.1395854154199356,0.24787208751628276,1
qwen32B-int4_airline_50runs,4ecca480-4087-4c4c-b115-608f048464ce,0,,,1
qwen32B-int4_airline_50runs,4ecca480-4087-4c4c-b115-608f048464ce,2,0.264014397084198,0.0,1
qwen32B-int4_airline_50runs,4ecca480-4087-4c4c-b115-608f048464ce,4,0.0032947869304723555,0.0,1
qwen32B-int4_airline_50runs,4ecca480-4087-4c4c-b115-608f048464ce,6,0.28141893544928087,0.1089019877570016,1
qwen32B-int4_airline_50runs,4ecca480-4087-4c4c-b115-608f048464ce,8,0.18021488187897342,0.04282307206538685,1
qwen32B-int4_airline_50runs,4ecca480-4087-4c4c-b115-608f048464ce,10,0.002146715937545538,0.09565187493960062,1
qwen32B-int4_airline_50runs,4ecca480-4087-4c4c-b115-608f048464ce,12,0.28234670356065966,0.08721203343910083,1
qwen32B-int4_airline_50runs,4ecca480-4087-4c4c-b115-608f048464ce,14,0.25656973168189573,0.14365246040480475,1
qwen32B-int4_airline_50runs,4ecca480-4087-4c4c-b115-608f048464ce,16,0.24417935989102055,0.05201370920985937,1
qwen32B-int4_airline_50runs,4ecca480-4087-4c4c-b115-608f048464ce,18,0.24302039338345177,0.11534567501233971,1
qwen32B-int4_airline_50runs,4ecca480-4087-4c4c-b115-608f048464ce,20,0.008262632582933804,0.01458640992641449,1
qwen32B-int4_airline_50runs,4ecca480-4087-4c4c-b115-608f048464ce,22,0.0031247888975910834,0.08918517827987671,1
qwen32B-int4_airline_50runs,4ecca480-4087-4c4c-b115-608f048464ce,24,0.13867459805818405,0.18547807799445257,1
qwen32B-int4_airline_50runs,2ab60ea0-bad2-491e-887d-78a1a398f4ad,0,,,0
qwen32B-int4_airline_50runs,2ab60ea0-bad2-491e-887d-78a1a398f4ad,2,0.0014088594582335645,0.0,0
qwen32B-int4_airline_50runs,2ab60ea0-bad2-491e-887d-78a1a398f4ad,4,0.36526715194324993,0.0,0
qwen32B-int4_airline_50runs,2ab60ea0-bad2-491e-887d-78a1a398f4ad,6,1.7092679753242614e-05,0.11733534336090089,0
qwen32B-int4_airline_50runs,2ab60ea0-bad2-491e-887d-78a1a398f4ad,8,0.2304910159326807,0.3039728166922083,0
qwen32B-int4_airline_50runs,2ab60ea0-bad2-491e-887d-78a1a398f4ad,10,0.1841164555645134,0.04181860417735819,0
qwen32B-int4_airline_50runs,2ab60ea0-bad2-491e-887d-78a1a398f4ad,12,0.0019334231722329253,0.0,0
qwen32B-int4_airline_50runs,5ecb7138-87ad-454b-b8e5-ce0c80569617,0,,,0
qwen32B-int4_airline_50runs,5ecb7138-87ad-454b-b8e5-ce0c80569617,2,0.008786177347510443,0.0,0
qwen32B-int4_airline_50runs,5ecb7138-87ad-454b-b8e5-ce0c80569617,4,0.2457722145627751,0.016850981642218196,0
qwen32B-int4_airline_50runs,5ecb7138-87ad-454b-b8e5-ce0c80569617,6,0.2779886837687085,0.15736971972352368,0
qwen32B-int4_airline_50runs,5ecb7138-87ad-454b-b8e5-ce0c80569617,8,0.259927928364631,0.23533374468485513,0
qwen32B-int4_airline_50runs,5ecb7138-87ad-454b-b8e5-ce0c80569617,10,0.0002101966206462174,0.008364758249056541,0
qwen32B-int4_airline_50runs,24be882a-2e2c-4cb5-8e1e-c34d22b4a06c,0,,,0
qwen32B-int4_airline_50runs,24be882a-2e2c-4cb5-8e1e-c34d22b4a06c,2,0.29929464363802555,0.0,0
qwen32B-int4_airline_50runs,24be882a-2e2c-4cb5-8e1e-c34d22b4a06c,4,0.23834349165765786,0.09856174886226654,0
qwen32B-int4_airline_50runs,24be882a-2e2c-4cb5-8e1e-c34d22b4a06c,6,0.00947444396404246,0.0,0
qwen32B-int4_airline_50runs,24be882a-2e2c-4cb5-8e1e-c34d22b4a06c,8,0.16146087036998982,0.10718522071838378,0
qwen32B-int4_airline_50runs,24be882a-2e2c-4cb5-8e1e-c34d22b4a06c,10,5.715056398637823e-05,0.8979585766792297,0
qwen32B-int4_airline_50runs,24be882a-2e2c-4cb5-8e1e-c34d22b4a06c,12,0.20183347440803756,0.456697467300627,0
qwen32B-int4_airline_50runs,24be882a-2e2c-4cb5-8e1e-c34d22b4a06c,14,0.0004583430381173094,0.11042397022247315,0
qwen32B-int4_airline_50runs,24be882a-2e2c-4cb5-8e1e-c34d22b4a06c,16,0.30045221463837,0.2651949321970027,0
qwen32B-int4_airline_50runs,24be882a-2e2c-4cb5-8e1e-c34d22b4a06c,18,0.008204335561257346,0.1734447479248047,0
qwen32B-int4_airline_50runs,24be882a-2e2c-4cb5-8e1e-c34d22b4a06c,20,0.27456002843403243,0.30954418977101644,0
qwen32B-int4_airline_50runs,24be882a-2e2c-4cb5-8e1e-c34d22b4a06c,22,0.0003783663964164483,1.0,0
qwen32B-int4_airline_50runs,24be882a-2e2c-4cb5-8e1e-c34d22b4a06c,24,0.2257844338176074,0.08095210374787797,0
qwen32B-int4_airline_50runs,24be882a-2e2c-4cb5-8e1e-c34d22b4a06c,26,0.00026607954076421505,0.025143166383107502,0
qwen32B-int4_airline_50runs,1351424c-5fa3-4355-a64e-8f2b127fb25b,0,,,1
qwen32B-int4_airline_50runs,1351424c-5fa3-4355-a64e-8f2b127fb25b,2,0.25273789280052794,0.0,1
qwen32B-int4_airline_50runs,1351424c-5fa3-4355-a64e-8f2b127fb25b,4,0.020684950034731833,0.0,1
qwen32B-int4_airline_50runs,1351424c-5fa3-4355-a64e-8f2b127fb25b,6,0.23499934599557384,0.2188401222229004,1
qwen32B-int4_airline_50runs,1351424c-5fa3-4355-a64e-8f2b127fb25b,8,0.1777167326264787,0.29431501286370415,1
qwen32B-int4_airline_50runs,1351424c-5fa3-4355-a64e-8f2b127fb25b,10,0.02281941324072676,0.10393143892288209,1
qwen32B-int4_airline_50runs,1351424c-5fa3-4355-a64e-8f2b127fb25b,12,0.00047324528918295526,0.4192403256893158,1
qwen32B-int4_airline_50runs,1351424c-5fa3-4355-a64e-8f2b127fb25b,14,0.07578592510136081,1.0,1
qwen32B-int4_airline_50runs,1351424c-5fa3-4355-a64e-8f2b127fb25b,16,0.08565587719551733,0.09361675381660461,1
qwen32B-int4_airline_50runs,1351424c-5fa3-4355-a64e-8f2b127fb25b,18,0.030188544463941504,0.14872417449951172,1
qwen32B-int4_airline_50runs,1351424c-5fa3-4355-a64e-8f2b127fb25b,20,0.0024472803316696237,0.4097084701061249,1
qwen32B-int4_airline_50runs,1351424c-5fa3-4355-a64e-8f2b127fb25b,22,0.008867200727522687,0.4339976906776428,1
qwen32B-int4_airline_50runs,1351424c-5fa3-4355-a64e-8f2b127fb25b,24,0.07059699749461075,0.0,1
qwen32B-int4_airline_50runs,1351424c-5fa3-4355-a64e-8f2b127fb25b,26,0.18856105798453973,0.04585066548100224,1
qwen32B-int4_airline_50runs,1351424c-5fa3-4355-a64e-8f2b127fb25b,28,0.09234994454431734,0.2977412939071655,1
qwen32B-int4_airline_50runs,1351424c-5fa3-4355-a64e-8f2b127fb25b,30,0.10201725522470594,0.23392212390899658,1
qwen32B-int4_airline_50runs,fb075abd-f40a-49ac-bf13-26157f84b8ae,0,,,0
qwen32B-int4_airline_50runs,fb075abd-f40a-49ac-bf13-26157f84b8ae,2,0.3794187515998939,0.0,0
qwen32B-int4_airline_50runs,fb075abd-f40a-49ac-bf13-26157f84b8ae,4,0.06557335066656655,0.0,0
qwen32B-int4_airline_50runs,fb075abd-f40a-49ac-bf13-26157f84b8ae,6,0.25999459600944685,0.10340675940880409,0
qwen32B-int4_airline_50runs,fb075abd-f40a-49ac-bf13-26157f84b8ae,8,0.0019703871830302638,0.0721471905708313,0
qwen32B-int4_airline_50runs,fb075abd-f40a-49ac-bf13-26157f84b8ae,10,0.17855532122564158,0.11371450021233356,0
qwen32B-int4_airline_50runs,fb075abd-f40a-49ac-bf13-26157f84b8ae,12,0.17164106689173486,0.27706838106807274,0
qwen32B-int4_airline_50runs,fb075abd-f40a-49ac-bf13-26157f84b8ae,14,0.017592726673718362,0.06046633794903755,0
qwen32B-int4_airline_50runs,fb075abd-f40a-49ac-bf13-26157f84b8ae,16,0.11867170044967205,0.4284288610021273,0
qwen32B-int4_airline_50runs,fb075abd-f40a-49ac-bf13-26157f84b8ae,18,0.0030447230752507983,0.1733840428865873,0
qwen32B-int4_airline_50runs,fb075abd-f40a-49ac-bf13-26157f84b8ae,20,0.1802962889941964,0.1274748362027682,0
qwen32B-int4_airline_50runs,fb075abd-f40a-49ac-bf13-26157f84b8ae,22,1.0117167234510086e-05,0.9981730580329895,0
qwen32B-int4_airline_50runs,fb075abd-f40a-49ac-bf13-26157f84b8ae,24,0.10915879945290868,0.15077466180879776,0
qwen32B-int4_airline_50runs,97272b90-05b0-47c5-8eb0-93c418eab26b,0,,,1
qwen32B-int4_airline_50runs,97272b90-05b0-47c5-8eb0-93c418eab26b,2,0.09595038995393824,0.0,1
qwen32B-int4_airline_50runs,97272b90-05b0-47c5-8eb0-93c418eab26b,4,0.17617719209608365,0.12093771249055862,1
qwen32B-int4_airline_50runs,97272b90-05b0-47c5-8eb0-93c418eab26b,6,0.30880947198318237,0.10087906462805611,1
qwen32B-int4_airline_50runs,97272b90-05b0-47c5-8eb0-93c418eab26b,8,0.013491296299903961,0.08251747259726891,1
qwen32B-int4_airline_50runs,97272b90-05b0-47c5-8eb0-93c418eab26b,12,0.25407867015359,0.1793648905870391,1
qwen32B-int4_airline_50runs,97272b90-05b0-47c5-8eb0-93c418eab26b,14,0.07374865426377959,0.1473731875419617,1
qwen32B-int4_airline_50runs,97272b90-05b0-47c5-8eb0-93c418eab26b,16,0.17130559518227859,0.1577354239092933,1
qwen32B-int4_airline_50runs,97272b90-05b0-47c5-8eb0-93c418eab26b,18,0.023599537327865024,0.2957936477661133,1
qwen32B-int4_airline_50runs,97272b90-05b0-47c5-8eb0-93c418eab26b,20,0.19215875028573604,0.3703001882090713,1
qwen32B-int4_airline_50runs,5dd3b7bf-1f89-4015-8e92-d249b436bd7f,0,,,0
qwen32B-int4_airline_50runs,5dd3b7bf-1f89-4015-8e92-d249b436bd7f,2,0.2375853995572028,0.0,0
qwen32B-int4_airline_50runs,5dd3b7bf-1f89-4015-8e92-d249b436bd7f,4,1.559002961902441e-05,0.0,0
qwen32B-int4_airline_50runs,5dd3b7bf-1f89-4015-8e92-d249b436bd7f,6,0.1393699358611804,0.07478139851544355,0
qwen32B-int4_airline_50runs,5dd3b7bf-1f89-4015-8e92-d249b436bd7f,8,9.441057824830068e-05,0.13231804370880126,0
qwen32B-int4_airline_50runs,5dd3b7bf-1f89-4015-8e92-d249b436bd7f,10,0.28990350812972654,0.06556915825810926,0
qwen32B-int4_airline_50runs,5dd3b7bf-1f89-4015-8e92-d249b436bd7f,12,0.2970881316409173,0.16630138848957263,0
qwen32B-int4_airline_50runs,5dd3b7bf-1f89-4015-8e92-d249b436bd7f,14,0.0003326168539611241,0.0660405158996582,0
qwen32B-int4_airline_50runs,5dd3b7bf-1f89-4015-8e92-d249b436bd7f,16,0.16852116505336762,0.11302987839046277,0
qwen32B-int4_airline_50runs,5dd3b7bf-1f89-4015-8e92-d249b436bd7f,18,5.1541514713449034e-05,0.6449013522693089,0
qwen32B-int4_airline_50runs,5dd3b7bf-1f89-4015-8e92-d249b436bd7f,20,0.04617419178791667,0.06958313526645783,0
qwen32B-int4_airline_50runs,5dd3b7bf-1f89-4015-8e92-d249b436bd7f,22,0.11912018856833768,0.043805502355098724,0
qwen32B-int4_airline_50runs,5dd3b7bf-1f89-4015-8e92-d249b436bd7f,24,0.15061929709220964,0.03321320554356516,0
qwen32B-int4_airline_50runs,5dd3b7bf-1f89-4015-8e92-d249b436bd7f,26,0.1093824690456009,0.23737659769238165,0
qwen32B-int4_airline_50runs,5dd3b7bf-1f89-4015-8e92-d249b436bd7f,28,0.1343444862021921,0.33486012034459944,0
qwen32B-int4_airline_50runs,d3f9fc2a-d78f-4ee0-8c03-f322ce130de4,0,,,1
qwen32B-int4_airline_50runs,d3f9fc2a-d78f-4ee0-8c03-f322ce130de4,2,0.30737365669270145,0.0,1
qwen32B-int4_airline_50runs,d3f9fc2a-d78f-4ee0-8c03-f322ce130de4,4,0.0007415432844384876,0.0,1
qwen32B-int4_airline_50runs,d3f9fc2a-d78f-4ee0-8c03-f322ce130de4,6,0.27412674680072496,0.10434922575950623,1
qwen32B-int4_airline_50runs,d3f9fc2a-d78f-4ee0-8c03-f322ce130de4,8,0.00021891907068212374,0.11330125331878663,1
qwen32B-int4_airline_50runs,d3f9fc2a-d78f-4ee0-8c03-f322ce130de4,10,0.25776590424844925,0.1681751678387324,1
qwen32B-int4_airline_50runs,d3f9fc2a-d78f-4ee0-8c03-f322ce130de4,12,4.8551946289662545e-05,0.13102546605196866,1
qwen32B-int4_airline_50runs,d3f9fc2a-d78f-4ee0-8c03-f322ce130de4,14,0.3111290734207617,0.1227117839612459,1
qwen32B-int4_airline_50runs,d3f9fc2a-d78f-4ee0-8c03-f322ce130de4,16,0.2782973062903791,0.11976065682737451,1
qwen32B-int4_airline_50runs,d3f9fc2a-d78f-4ee0-8c03-f322ce130de4,18,0.003345438450262673,0.037385308742523195,1
qwen32B-int4_airline_50runs,d3f9fc2a-d78f-4ee0-8c03-f322ce130de4,20,0.003100035283498839,0.9938409924507141,1
qwen32B-int4_airline_50runs,d3f9fc2a-d78f-4ee0-8c03-f322ce130de4,22,0.10042206561481715,0.1887795807402811,1
qwen32B-int4_airline_50runs,d3f9fc2a-d78f-4ee0-8c03-f322ce130de4,24,9.308413315008031e-05,0.08170457184314728,1
qwen32B-int4_airline_50runs,d3f9fc2a-d78f-4ee0-8c03-f322ce130de4,26,0.12570600274650234,0.20960461872595326,1
qwen32B-int4_airline_50runs,b26820e7-d732-4db5-9d29-851413a78ad6,0,,,0
qwen32B-int4_airline_50runs,b26820e7-d732-4db5-9d29-851413a78ad6,2,0.002227935426126657,0.0,0
qwen32B-int4_airline_50runs,b26820e7-d732-4db5-9d29-851413a78ad6,4,0.35488703804607175,0.017034759646967837,0
qwen32B-int4_airline_50runs,b26820e7-d732-4db5-9d29-851413a78ad6,6,0.39186024321678586,0.1412242157118661,0
qwen32B-int4_airline_50runs,b26820e7-d732-4db5-9d29-851413a78ad6,8,0.02349050620277502,0.15257438421249392,0
qwen32B-int4_airline_50runs,b26820e7-d732-4db5-9d29-851413a78ad6,10,0.5291831899109768,0.15351482232411703,0
qwen32B-int4_airline_50runs,b26820e7-d732-4db5-9d29-851413a78ad6,12,0.010450274383156427,1.0,0
qwen32B-int4_airline_50runs,b26820e7-d732-4db5-9d29-851413a78ad6,14,0.32970667111899915,0.20201123582905736,0
qwen32B-int4_airline_50runs,b26820e7-d732-4db5-9d29-851413a78ad6,16,0.25474267431054837,0.3170547054364131,0
qwen32B-int4_airline_50runs,b26820e7-d732-4db5-9d29-851413a78ad6,18,0.0057970239615402295,1.0,0
qwen32B-int4_airline_50runs,b26820e7-d732-4db5-9d29-851413a78ad6,20,0.2489021200193199,0.4163789205383836,0
qwen32B-int4_airline_50runs,b26820e7-d732-4db5-9d29-851413a78ad6,22,0.23947632581668502,0.37553005559103825,0
qwen32B-int4_airline_50runs,b26820e7-d732-4db5-9d29-851413a78ad6,24,0.009063276523996643,1.0,0
qwen32B-int4_airline_50runs,b26820e7-d732-4db5-9d29-851413a78ad6,26,0.09833354037954843,0.7877487807438291,0
qwen32B-int4_airline_50runs,b26820e7-d732-4db5-9d29-851413a78ad6,28,0.13526214201302558,0.663046981349136,0
qwen32B-int4_airline_50runs,b26820e7-d732-4db5-9d29-851413a78ad6,30,0.006893026904637262,1.0,0
qwen32B-int4_airline_50runs,b26820e7-d732-4db5-9d29-851413a78ad6,32,0.04236735215321107,0.9287962641632348,0
qwen32B-int4_airline_50runs,b26820e7-d732-4db5-9d29-851413a78ad6,34,0.07106146583789842,0.7897885129565284,0
qwen32B-int4_airline_50runs,b26820e7-d732-4db5-9d29-851413a78ad6,36,0.006405559059049644,1.0,0
qwen32B-int4_airline_50runs,b26820e7-d732-4db5-9d29-851413a78ad6,38,0.026549950177870704,0.895389593880752,0
qwen32B-int4_airline_50runs,b26820e7-d732-4db5-9d29-851413a78ad6,40,0.06081879883574653,0.9186348611453794,0
qwen32B-int4_airline_50runs,b26820e7-d732-4db5-9d29-851413a78ad6,42,0.003838278410561379,1.0,0
qwen32B-int4_airline_50runs,b26820e7-d732-4db5-9d29-851413a78ad6,44,0.0266745133074212,0.9295922329551295,0
qwen32B-int4_airline_50runs,b26820e7-d732-4db5-9d29-851413a78ad6,46,0.022548057052416408,0.9186348611453794,0
qwen32B-int4_airline_50runs,b26820e7-d732-4db5-9d29-851413a78ad6,48,0.007484577091799356,1.0,0
qwen32B-int4_airline_50runs,b26820e7-d732-4db5-9d29-851413a78ad6,50,0.018133332780516265,0.8955916454052103,0
qwen32B-int4_airline_50runs,b26820e7-d732-4db5-9d29-851413a78ad6,52,0.02941509132677271,0.9186348611453794,0
qwen32B-int4_airline_50runs,b26820e7-d732-4db5-9d29-851413a78ad6,54,0.010647447220019248,1.0,0
qwen32B-int4_airline_50runs,b26820e7-d732-4db5-9d29-851413a78ad6,56,0.014589461696371757,0.9288531824162132,0
qwen32B-int4_airline_50runs,b26820e7-d732-4db5-9d29-851413a78ad6,58,0.014238292205329798,0.9186348611453794,0
qwen32B-int4_airline_50runs,b26820e7-d732-4db5-9d29-851413a78ad6,60,0.21844775759996032,0.3931109709282444,0
qwen32B-int4_airline_50runs,b26820e7-d732-4db5-9d29-851413a78ad6,62,0.05275813254441903,0.8694109587833799,0
qwen32B-int4_airline_50runs,b26820e7-d732-4db5-9d29-851413a78ad6,64,0.12054042513416821,0.8253349363803864,0
qwen32B-int4_airline_50runs,b26820e7-d732-4db5-9d29-851413a78ad6,66,0.03117758090442721,0.9637166384992929,0
qwen32B-int4_airline_50runs,b26820e7-d732-4db5-9d29-851413a78ad6,68,0.060876553378568496,0.792619988322258,0
qwen32B-int4_airline_50runs,b26820e7-d732-4db5-9d29-851413a78ad6,70,0.12341488330297483,0.7626117648500385,0
qwen32B-int4_airline_50runs,b26820e7-d732-4db5-9d29-851413a78ad6,72,0.19839341156748827,0.23294688434135624,0
qwen32B-int4_airline_50runs,b26820e7-d732-4db5-9d29-851413a78ad6,74,0.23378787557901148,0.29178885361727547,0
qwen32B-int4_airline_50runs,b26820e7-d732-4db5-9d29-851413a78ad6,76,0.19995270717046015,0.22799688362213502,0
qwen32B-int4_airline_50runs,04ad51ab-bc2b-401d-bd75-02d5068c8b6f,0,,,1
qwen32B-int4_airline_50runs,04ad51ab-bc2b-401d-bd75-02d5068c8b6f,2,0.3550976404390044,0.0,1
qwen32B-int4_airline_50runs,04ad51ab-bc2b-401d-bd75-02d5068c8b6f,4,0.004559933105035156,0.0,1
qwen32B-int4_airline_50runs,04ad51ab-bc2b-401d-bd75-02d5068c8b6f,6,0.2609076900452466,0.05233029365539551,1
qwen32B-int4_airline_50runs,04ad51ab-bc2b-401d-bd75-02d5068c8b6f,8,0.0012615810354524562,0.09080873926480611,1
qwen32B-int4_airline_50runs,04ad51ab-bc2b-401d-bd75-02d5068c8b6f,10,0.16385381497312518,0.20929429747841574,1
qwen32B-int4_airline_50runs,04ad51ab-bc2b-401d-bd75-02d5068c8b6f,12,0.012977034060085334,0.1725953221321106,1
qwen32B-int4_airline_50runs,04ad51ab-bc2b-401d-bd75-02d5068c8b6f,14,0.12354072639050323,0.19031272717376252,1
qwen32B-int4_airline_50runs,04ad51ab-bc2b-401d-bd75-02d5068c8b6f,16,0.1974060298053353,0.1424941199166434,1
qwen32B-int4_airline_50runs,04ad51ab-bc2b-401d-bd75-02d5068c8b6f,18,0.12485093360232065,0.3534931276665359,1
qwen32B-int4_airline_50runs,04ad51ab-bc2b-401d-bd75-02d5068c8b6f,20,0.005817890364381371,0.059077757961896,1
qwen32B-int4_airline_50runs,04ad51ab-bc2b-401d-bd75-02d5068c8b6f,22,0.16705874112189323,0.24830378293991087,1
qwen32B-int4_airline_50runs,3fa9b13e-95b6-4dfd-8f2f-85f109b10b0d,0,,,1
qwen32B-int4_airline_50runs,3fa9b13e-95b6-4dfd-8f2f-85f109b10b0d,2,0.38548050689028585,0.0,1
qwen32B-int4_airline_50runs,3fa9b13e-95b6-4dfd-8f2f-85f109b10b0d,4,0.0013127436659146952,0.0,1
qwen32B-int4_airline_50runs,3fa9b13e-95b6-4dfd-8f2f-85f109b10b0d,6,0.4918221575751638,0.07911630175006923,1
qwen32B-int4_airline_50runs,3fa9b13e-95b6-4dfd-8f2f-85f109b10b0d,8,0.028405461246717355,0.06547483056783676,1
qwen32B-int4_airline_50runs,3fa9b13e-95b6-4dfd-8f2f-85f109b10b0d,10,0.17148427611540767,0.17969474996008525,1
qwen32B-int4_airline_50runs,3fa9b13e-95b6-4dfd-8f2f-85f109b10b0d,12,0.35517512022671943,0.2344083137371961,1
qwen32B-int4_airline_50runs,3fa9b13e-95b6-4dfd-8f2f-85f109b10b0d,14,8.501773111883419e-05,0.06297581642866135,1
qwen32B-int4_airline_50runs,3fa9b13e-95b6-4dfd-8f2f-85f109b10b0d,16,0.19795617050271033,0.3253449598948161,1
qwen32B-int4_airline_50runs,3fa9b13e-95b6-4dfd-8f2f-85f109b10b0d,18,0.00030198069052306774,0.04944498538970948,1
qwen32B-int4_airline_50runs,3fa9b13e-95b6-4dfd-8f2f-85f109b10b0d,20,0.2076553629158323,0.0873263120651245,1
qwen32B-int4_airline_50runs,3fa9b13e-95b6-4dfd-8f2f-85f109b10b0d,22,0.0004164676331424977,0.9997630715370178,1
qwen32B-int4_airline_50runs,3fa9b13e-95b6-4dfd-8f2f-85f109b10b0d,24,0.18100254248988396,0.23796239069529943,1
qwen32B-int4_airline_50runs,3fa9b13e-95b6-4dfd-8f2f-85f109b10b0d,26,0.004773916921277113,0.9348670765757561,1
qwen32B-int4_airline_50runs,3fa9b13e-95b6-4dfd-8f2f-85f109b10b0d,28,0.1319768796319183,0.2403889443423297,1
qwen32B-int4_airline_50runs,3968582e-9efd-411e-af9f-ae8480bfa436,0,,,1
qwen32B-int4_airline_50runs,3968582e-9efd-411e-af9f-ae8480bfa436,2,0.2120862120850549,0.0,1
qwen32B-int4_airline_50runs,3968582e-9efd-411e-af9f-ae8480bfa436,4,0.09221401270354719,0.09397697448730469,1
qwen32B-int4_airline_50runs,3968582e-9efd-411e-af9f-ae8480bfa436,6,0.011283874413483884,0.024060610267851088,1
qwen32B-int4_airline_50runs,3968582e-9efd-411e-af9f-ae8480bfa436,9,0.07176553290400817,0.20020608391080583,1
qwen32B-int4_airline_50runs,3968582e-9efd-411e-af9f-ae8480bfa436,11,0.28437416871047505,0.027262276724765173,1
qwen32B-int4_airline_50runs,3968582e-9efd-411e-af9f-ae8480bfa436,13,0.00023028517520962133,1.0,1
qwen32B-int4_airline_50runs,3968582e-9efd-411e-af9f-ae8480bfa436,15,0.181414366859955,0.1954006727148847,1
qwen32B-int4_airline_50runs,3968582e-9efd-411e-af9f-ae8480bfa436,17,0.2433676145380767,0.045199354781824,1
qwen32B-int4_airline_50runs,3968582e-9efd-411e-af9f-ae8480bfa436,19,0.1052630473961099,0.2104445559637887,1
qwen32B-int4_airline_50runs,3968582e-9efd-411e-af9f-ae8480bfa436,22,0.042082709026553346,0.18380720340288603,1
qwen32B-int4_airline_50runs,3968582e-9efd-411e-af9f-ae8480bfa436,25,0.07510168011633322,0.17602683052303286,1
qwen32B-int4_airline_50runs,3968582e-9efd-411e-af9f-ae8480bfa436,27,0.12604236603292418,0.09485391739311569,1
qwen32B-int4_airline_50runs,1bf32d5a-bd22-4342-b4cd-b43acb222235,0,,,1
qwen32B-int4_airline_50runs,1bf32d5a-bd22-4342-b4cd-b43acb222235,2,0.18212967681554784,0.0,1
qwen32B-int4_airline_50runs,1bf32d5a-bd22-4342-b4cd-b43acb222235,4,0.33611027023642687,0.07473257111340034,1
qwen32B-int4_airline_50runs,1bf32d5a-bd22-4342-b4cd-b43acb222235,6,0.0013688326091723319,0.05190112113952637,1
qwen32B-int4_airline_50runs,1bf32d5a-bd22-4342-b4cd-b43acb222235,9,0.15909981749908822,0.10453770333720792,1
qwen32B-int4_airline_50runs,1bf32d5a-bd22-4342-b4cd-b43acb222235,12,0.06059381212094684,0.2639419436454773,1
qwen32B-int4_airline_50runs,1bf32d5a-bd22-4342-b4cd-b43acb222235,15,0.03777379707976357,0.1089680644701112,1
qwen32B-int4_airline_50runs,1bf32d5a-bd22-4342-b4cd-b43acb222235,17,0.18563867081638732,0.11008078080636483,1
qwen32B-int4_airline_50runs,1bf32d5a-bd22-4342-b4cd-b43acb222235,19,0.0013665838324384057,0.07070469856262207,1
qwen32B-int4_airline_50runs,1bf32d5a-bd22-4342-b4cd-b43acb222235,21,0.07285062173204591,0.260615146678427,1
qwen32B-int4_airline_50runs,4bf0ebf9-cf80-452b-879d-5a28d85e865b,0,,,1
qwen32B-int4_airline_50runs,4bf0ebf9-cf80-452b-879d-5a28d85e865b,2,0.17968214963621484,0.0,1
qwen32B-int4_airline_50runs,4bf0ebf9-cf80-452b-879d-5a28d85e865b,4,0.0002559940176858559,0.0,1
qwen32B-int4_airline_50runs,4bf0ebf9-cf80-452b-879d-5a28d85e865b,6,0.2734417076422304,0.08856910467147827,1
qwen32B-int4_airline_50runs,4bf0ebf9-cf80-452b-879d-5a28d85e865b,8,0.0002204616075703624,0.12263402938842774,1
qwen32B-int4_airline_50runs,4bf0ebf9-cf80-452b-879d-5a28d85e865b,10,0.19310671901089654,0.12387509856905256,1
qwen32B-int4_airline_50runs,4bf0ebf9-cf80-452b-879d-5a28d85e865b,12,0.005467791355545407,0.09673796795509958,1
qwen32B-int4_airline_50runs,4bf0ebf9-cf80-452b-879d-5a28d85e865b,14,0.11833691881602425,0.09472919606614387,1
qwen32B-int4_airline_50runs,4bf0ebf9-cf80-452b-879d-5a28d85e865b,16,0.16569919936077096,0.23079236348470053,1
qwen32B-int4_airline_50runs,4bf0ebf9-cf80-452b-879d-5a28d85e865b,18,4.675545138038078e-05,0.08306664228439331,1
qwen32B-int4_airline_50runs,4bf0ebf9-cf80-452b-879d-5a28d85e865b,20,0.06634543236365546,0.5756103927141999,1
qwen32B-int4_airline_50runs,f646edd2-ac93-4eb0-a474-b64841752191,0,,,0
qwen32B-int4_airline_50runs,f646edd2-ac93-4eb0-a474-b64841752191,2,0.21348511652525362,0.0,0
qwen32B-int4_airline_50runs,f646edd2-ac93-4eb0-a474-b64841752191,4,0.0003304756575791008,0.0,0
qwen32B-int4_airline_50runs,f646edd2-ac93-4eb0-a474-b64841752191,6,0.2939582771194407,0.17125064134597778,0
qwen32B-int4_airline_50runs,f646edd2-ac93-4eb0-a474-b64841752191,8,0.00017826948801495762,0.1321575164794922,0
qwen32B-int4_airline_50runs,f646edd2-ac93-4eb0-a474-b64841752191,10,0.2700017428128156,0.14501573305863602,0
qwen32B-int4_airline_50runs,f646edd2-ac93-4eb0-a474-b64841752191,12,0.08237896837406729,0.3168457007926443,0
qwen32B-int4_airline_50runs,f646edd2-ac93-4eb0-a474-b64841752191,14,0.09754813706994765,0.1304408462954239,0
qwen32B-int4_airline_50runs,f646edd2-ac93-4eb0-a474-b64841752191,16,0.27872316776274086,0.021799075603485107,0
qwen32B-int4_airline_50runs,f646edd2-ac93-4eb0-a474-b64841752191,18,0.00015218049328495907,0.01916603495677312,0
qwen32B-int4_airline_50runs,f646edd2-ac93-4eb0-a474-b64841752191,20,0.1634868102200971,0.179487803403069,0
qwen32B-int4_airline_50runs,20d5a26a-3bd5-4a62-a417-2f72653daa99,0,,,1
qwen32B-int4_airline_50runs,20d5a26a-3bd5-4a62-a417-2f72653daa99,2,0.23106676987260694,0.0,1
qwen32B-int4_airline_50runs,20d5a26a-3bd5-4a62-a417-2f72653daa99,4,0.022867818517318502,0.0,1
qwen32B-int4_airline_50runs,20d5a26a-3bd5-4a62-a417-2f72653daa99,6,0.25707702834100205,0.20301026456496293,1
qwen32B-int4_airline_50runs,20d5a26a-3bd5-4a62-a417-2f72653daa99,8,8.334433976126358e-05,0.4247167706489563,1
qwen32B-int4_airline_50runs,20d5a26a-3bd5-4a62-a417-2f72653daa99,10,0.13868877617543407,0.17939227336161848,1
qwen32B-int4_airline_50runs,20d5a26a-3bd5-4a62-a417-2f72653daa99,12,0.0003119280572360704,0.12740467786788942,1
qwen32B-int4_airline_50runs,20d5a26a-3bd5-4a62-a417-2f72653daa99,14,0.18121142518331823,0.0741891860961914,1
qwen32B-int4_airline_50runs,20d5a26a-3bd5-4a62-a417-2f72653daa99,16,0.2464547199372521,0.1601796334897968,1
qwen32B-int4_airline_50runs,20d5a26a-3bd5-4a62-a417-2f72653daa99,18,0.09189904576144878,0.2000821967457616,1
qwen32B-int4_airline_50runs,20d5a26a-3bd5-4a62-a417-2f72653daa99,20,0.11059418867951523,0.18465389248350975,1
qwen32B-int4_airline_50runs,20d5a26a-3bd5-4a62-a417-2f72653daa99,22,0.002132293016262026,0.07834452788035075,1
qwen32B-int4_airline_50runs,20d5a26a-3bd5-4a62-a417-2f72653daa99,24,0.12199179068657003,0.26552015445271476,1
qwen32B-int4_airline_50runs,20d5a26a-3bd5-4a62-a417-2f72653daa99,26,0.15691187995904962,0.24369546933607622,1
qwen32B-int4_airline_50runs,31ff9a7c-4641-4bc1-811d-1d586e5bf42e,0,,,1
qwen32B-int4_airline_50runs,31ff9a7c-4641-4bc1-811d-1d586e5bf42e,2,0.32239846730656063,0.0,1
qwen32B-int4_airline_50runs,31ff9a7c-4641-4bc1-811d-1d586e5bf42e,4,4.231151991560974e-05,0.0,1
qwen32B-int4_airline_50runs,31ff9a7c-4641-4bc1-811d-1d586e5bf42e,6,0.143002311641698,0.13968819921666925,1
qwen32B-int4_airline_50runs,31ff9a7c-4641-4bc1-811d-1d586e5bf42e,8,0.0007216330937084719,0.12500345706939697,1
qwen32B-int4_airline_50runs,31ff9a7c-4641-4bc1-811d-1d586e5bf42e,10,0.2681456659648527,0.13106835314205714,1
qwen32B-int4_airline_50runs,31ff9a7c-4641-4bc1-811d-1d586e5bf42e,12,0.01937375670774423,0.19122421741485596,1
qwen32B-int4_airline_50runs,31ff9a7c-4641-4bc1-811d-1d586e5bf42e,14,0.08882407741648386,0.03583168586095174,1
qwen32B-int4_airline_50runs,31ff9a7c-4641-4bc1-811d-1d586e5bf42e,16,3.27317899299324e-05,0.7285704910755157,1
qwen32B-int4_airline_50runs,31ff9a7c-4641-4bc1-811d-1d586e5bf42e,18,0.08228649167584377,0.4534888974690841,1
qwen32B-int4_airline_50runs,31ff9a7c-4641-4bc1-811d-1d586e5bf42e,20,3.134531303181748e-05,0.728877916932106,1
qwen32B-int4_airline_50runs,31ff9a7c-4641-4bc1-811d-1d586e5bf42e,22,0.09089912152282557,0.10109519001878338,1
qwen32B-int4_airline_50runs,31ff9a7c-4641-4bc1-811d-1d586e5bf42e,24,0.006057660038080525,0.09447783976793289,1
qwen32B-int4_airline_50runs,31ff9a7c-4641-4bc1-811d-1d586e5bf42e,26,0.20788704055271415,0.2010697838085801,1
qwen32B-int4_airline_50runs,31ff9a7c-4641-4bc1-811d-1d586e5bf42e,28,0.010218247721827884,0.03387075662612915,1
qwen32B-int4_airline_50runs,31ff9a7c-4641-4bc1-811d-1d586e5bf42e,30,0.09209710805540539,0.14255681832631428,1
qwen32B-int4_airline_50runs,31ff9a7c-4641-4bc1-811d-1d586e5bf42e,32,0.00035995662240244315,0.11834133926190828,1
qwen32B-int4_airline_50runs,31ff9a7c-4641-4bc1-811d-1d586e5bf42e,34,0.05909889228383874,0.14200333807919477,1
qwen32B-int4_airline_50runs,31ff9a7c-4641-4bc1-811d-1d586e5bf42e,36,4.7267530913528174e-05,0.8423002316401554,1
qwen32B-int4_airline_50runs,31ff9a7c-4641-4bc1-811d-1d586e5bf42e,38,0.1055122041812886,0.07203709532361512,1
qwen32B-int4_airline_50runs,8673c754-ab0a-454b-9ae5-150e6104377c,0,,,1
qwen32B-int4_airline_50runs,8673c754-ab0a-454b-9ae5-150e6104377c,2,0.14221344188585594,0.0,1
qwen32B-int4_airline_50runs,8673c754-ab0a-454b-9ae5-150e6104377c,4,6.586655227750733e-05,0.0,1
qwen32B-int4_airline_50runs,8673c754-ab0a-454b-9ae5-150e6104377c,6,0.16901406881313413,0.07862723840249551,1
qwen32B-int4_airline_50runs,8673c754-ab0a-454b-9ae5-150e6104377c,8,0.21653190457418434,0.040659960773256086,1
qwen32B-int4_airline_50runs,8673c754-ab0a-454b-9ae5-150e6104377c,10,0.0012724337761708979,0.05746441537683661,1
qwen32B-int4_airline_50runs,8673c754-ab0a-454b-9ae5-150e6104377c,12,0.3083596354141211,0.04555302858352661,1
qwen32B-int4_airline_50runs,0854a9bd-879d-47bd-adab-16889351d39e,0,,,0
qwen32B-int4_airline_50runs,0854a9bd-879d-47bd-adab-16889351d39e,2,0.20160529883409595,0.0,0
qwen32B-int4_airline_50runs,0854a9bd-879d-47bd-adab-16889351d39e,4,0.1962461797971828,0.05608428576413323,0
qwen32B-int4_airline_50runs,0854a9bd-879d-47bd-adab-16889351d39e,6,0.003983037799760341,0.04579190669521208,0
qwen32B-int4_airline_50runs,0854a9bd-879d-47bd-adab-16889351d39e,9,0.03776414831369776,0.11182018741965295,0
qwen32B-int4_airline_50runs,0854a9bd-879d-47bd-adab-16889351d39e,11,0.09243900483608157,0.3483217758136791,0
qwen32B-int4_airline_50runs,0854a9bd-879d-47bd-adab-16889351d39e,13,0.1307795653808405,0.08007433403421331,0
qwen32B-int4_airline_50runs,0854a9bd-879d-47bd-adab-16889351d39e,15,0.16765749054983237,0.20427465438842773,0
qwen32B-int4_airline_50runs,0854a9bd-879d-47bd-adab-16889351d39e,17,0.012775329262035331,0.0,0
qwen32B-int4_airline_50runs,0854a9bd-879d-47bd-adab-16889351d39e,19,0.09366686683648438,0.27664426656869745,0
qwen32B-int4_airline_50runs,0854a9bd-879d-47bd-adab-16889351d39e,21,0.001173931114342848,0.07519674366647071,0
qwen32B-int4_airline_50runs,0854a9bd-879d-47bd-adab-16889351d39e,23,0.2544646974578249,0.08628919720649719,0
qwen32B-int4_airline_50runs,0854a9bd-879d-47bd-adab-16889351d39e,25,2.9315226321230755e-05,0.999573290348053,0
qwen32B-int4_airline_50runs,0854a9bd-879d-47bd-adab-16889351d39e,27,0.07260123635412674,0.09116244614124298,0
qwen32B-int4_airline_50runs,c2015682-b1b9-44ee-a294-82b40f5cb794,0,,,1
qwen32B-int4_airline_50runs,c2015682-b1b9-44ee-a294-82b40f5cb794,2,0.02363050324113039,0.0,1
qwen32B-int4_airline_50runs,c2015682-b1b9-44ee-a294-82b40f5cb794,4,0.24054914619887852,0.046477062834633716,1
qwen32B-int4_airline_50runs,c2015682-b1b9-44ee-a294-82b40f5cb794,6,3.7498189133917816e-05,0.43611767888069153,1
qwen32B-int4_airline_50runs,c2015682-b1b9-44ee-a294-82b40f5cb794,8,0.12114631507228962,0.06842999923519973,1
qwen32B-int4_airline_50runs,c2015682-b1b9-44ee-a294-82b40f5cb794,10,0.006733494177830415,0.126633620262146,1
qwen32B-int4_airline_50runs,c2015682-b1b9-44ee-a294-82b40f5cb794,12,0.001046813428271207,0.4166712164878845,1
qwen32B-int4_airline_50runs,c2015682-b1b9-44ee-a294-82b40f5cb794,14,0.0016258939207944513,0.41714024543762207,1
qwen32B-int4_airline_50runs,c2015682-b1b9-44ee-a294-82b40f5cb794,16,0.006109313669645699,0.43964749574661255,1
qwen32B-int4_airline_50runs,c2015682-b1b9-44ee-a294-82b40f5cb794,18,0.0022802656475525394,0.412206768989563,1
qwen32B-int4_airline_50runs,c2015682-b1b9-44ee-a294-82b40f5cb794,20,0.23488031565799175,0.020969703793525696,1
qwen32B-int4_airline_50runs,c2015682-b1b9-44ee-a294-82b40f5cb794,22,0.006866143434214281,0.06842269748449326,1
qwen32B-int4_airline_50runs,c2015682-b1b9-44ee-a294-82b40f5cb794,24,0.0042555907530367814,0.6446224876812526,1
qwen32B-int4_airline_50runs,c2015682-b1b9-44ee-a294-82b40f5cb794,26,0.3467964933168955,0.13201558589935303,1
qwen32B-int4_airline_50runs,c2015682-b1b9-44ee-a294-82b40f5cb794,28,0.005179269332355555,0.0741430189874437,1
qwen32B-int4_airline_50runs,c2015682-b1b9-44ee-a294-82b40f5cb794,30,0.1877196148253466,0.15378394297191075,1
qwen32B-int4_airline_50runs,c2015682-b1b9-44ee-a294-82b40f5cb794,32,6.846800196736492e-05,0.8101822473108768,1
qwen32B-int4_airline_50runs,c2015682-b1b9-44ee-a294-82b40f5cb794,34,0.13327020018429273,0.1802329889365605,1
qwen32B-int4_airline_50runs,c2015682-b1b9-44ee-a294-82b40f5cb794,36,0.002528251179509728,0.8748379573225975,1
qwen32B-int4_airline_50runs,c2015682-b1b9-44ee-a294-82b40f5cb794,38,0.17212226985934928,0.036835289226388034,1
qwen32B-int4_airline_50runs,d79ec5a1-ee28-44fc-b977-d5d5308fac26,0,,,1
qwen32B-int4_airline_50runs,d79ec5a1-ee28-44fc-b977-d5d5308fac26,2,0.34948120217598494,0.0,1
qwen32B-int4_airline_50runs,d79ec5a1-ee28-44fc-b977-d5d5308fac26,4,8.124206886985045e-05,0.0,1
qwen32B-int4_airline_50runs,d79ec5a1-ee28-44fc-b977-d5d5308fac26,6,0.24158200150668604,0.15018075826216717,1
qwen32B-int4_airline_50runs,d79ec5a1-ee28-44fc-b977-d5d5308fac26,8,0.2625332509326311,0.07257107555866242,1
qwen32B-int4_airline_50runs,d79ec5a1-ee28-44fc-b977-d5d5308fac26,10,0.0015383442987787982,0.047280430231454236,1
qwen32B-int4_airline_50runs,d79ec5a1-ee28-44fc-b977-d5d5308fac26,12,0.15410770989444827,0.061631612401259576,1
qwen32B-int4_airline_50runs,d79ec5a1-ee28-44fc-b977-d5d5308fac26,14,1.1157378199729323e-05,0.9997576475143433,1
qwen32B-int4_airline_50runs,d79ec5a1-ee28-44fc-b977-d5d5308fac26,16,0.07163968400516336,0.08227379046953642,1
qwen32B-int4_airline_50runs,d79ec5a1-ee28-44fc-b977-d5d5308fac26,18,0.28130792610747185,0.16273122057318687,1
qwen32B-int4_airline_50runs,726e18b1-1e10-4cf0-aca3-ddf3f2f6a552,0,,,1
qwen32B-int4_airline_50runs,726e18b1-1e10-4cf0-aca3-ddf3f2f6a552,2,0.13529694196958275,0.0,1
qwen32B-int4_airline_50runs,726e18b1-1e10-4cf0-aca3-ddf3f2f6a552,4,0.16078512430292438,0.14371694326400758,1
qwen32B-int4_airline_50runs,726e18b1-1e10-4cf0-aca3-ddf3f2f6a552,6,0.17181903157142403,0.09331532411797101,1
qwen32B-int4_airline_50runs,726e18b1-1e10-4cf0-aca3-ddf3f2f6a552,8,0.391161017003598,0.09270798076282848,1
qwen32B-int4_airline_50runs,726e18b1-1e10-4cf0-aca3-ddf3f2f6a552,10,0.17694293877377795,0.23550426637804187,1
qwen32B-int4_airline_50runs,726e18b1-1e10-4cf0-aca3-ddf3f2f6a552,12,0.10637429840310975,0.27083761470262396,1
qwen32B-int4_airline_50runs,726e18b1-1e10-4cf0-aca3-ddf3f2f6a552,14,0.06578281729363092,0.3916054926812649,1
qwen32B-int4_airline_50runs,726e18b1-1e10-4cf0-aca3-ddf3f2f6a552,16,0.11034636307718153,0.3216160798774046,1
qwen32B-int4_airline_50runs,726e18b1-1e10-4cf0-aca3-ddf3f2f6a552,18,0.041296251753365154,0.08554169336954753,1
qwen32B-int4_airline_50runs,726e18b1-1e10-4cf0-aca3-ddf3f2f6a552,20,0.029681740682620764,0.13335119284592664,1
qwen32B-int4_airline_50runs,726e18b1-1e10-4cf0-aca3-ddf3f2f6a552,22,0.04731217439208593,1.0,1
qwen32B-int4_airline_50runs,726e18b1-1e10-4cf0-aca3-ddf3f2f6a552,24,0.02910622970691087,1.0,1
qwen32B-int4_airline_50runs,726e18b1-1e10-4cf0-aca3-ddf3f2f6a552,26,0.22531603194435165,0.15703182954054612,1
qwen32B-int4_airline_50runs,726e18b1-1e10-4cf0-aca3-ddf3f2f6a552,28,0.0012409514069866802,0.018773905359781705,1
qwen32B-int4_airline_50runs,3801079e-40f5-43b3-b273-b4c69273b5f6,0,,,1
qwen32B-int4_airline_50runs,3801079e-40f5-43b3-b273-b4c69273b5f6,2,0.23231856049249913,0.0,1
qwen32B-int4_airline_50runs,3801079e-40f5-43b3-b273-b4c69273b5f6,4,0.35583816141306396,0.05104414316324087,1
qwen32B-int4_airline_50runs,3801079e-40f5-43b3-b273-b4c69273b5f6,6,0.000130053877115107,0.05752485659387376,1
qwen32B-int4_airline_50runs,3801079e-40f5-43b3-b273-b4c69273b5f6,8,0.23776233973644018,0.21022341284953372,1
qwen32B-int4_airline_50runs,3801079e-40f5-43b3-b273-b4c69273b5f6,10,0.0012250268723422463,0.1135283609231313,1
qwen32B-int4_airline_50runs,3801079e-40f5-43b3-b273-b4c69273b5f6,12,0.13671713270555402,0.0469624540779028,1
qwen32B-int4_airline_50runs,3801079e-40f5-43b3-b273-b4c69273b5f6,14,0.11486491018277555,0.17140275168131633,1
qwen32B-int4_airline_50runs,3801079e-40f5-43b3-b273-b4c69273b5f6,16,0.08322517479772895,0.3431618891264263,1
qwen32B-int4_airline_50runs,3801079e-40f5-43b3-b273-b4c69273b5f6,18,0.2227918800604601,0.07322393639667614,1
qwen32B-int4_airline_50runs,3801079e-40f5-43b3-b273-b4c69273b5f6,20,0.10286683371020129,0.2985489900623049,1
qwen32B-int4_airline_50runs,3801079e-40f5-43b3-b273-b4c69273b5f6,22,0.0003806358305267797,0.02913211150602861,1
qwen32B-int4_airline_50runs,3801079e-40f5-43b3-b273-b4c69273b5f6,24,0.09682093177839544,0.2452844705581665,1
qwen32B-int4_airline_50runs,9a88eccf-ac8f-42e2-a11d-2d385b5a295d,0,,,1
qwen32B-int4_airline_50runs,9a88eccf-ac8f-42e2-a11d-2d385b5a295d,2,0.21115867045866696,0.0,1
qwen32B-int4_airline_50runs,9a88eccf-ac8f-42e2-a11d-2d385b5a295d,4,0.006058480623340893,0.0,1
qwen32B-int4_airline_50runs,9a88eccf-ac8f-42e2-a11d-2d385b5a295d,6,0.27682564216932265,0.12206898864946866,1
qwen32B-int4_airline_50runs,9a88eccf-ac8f-42e2-a11d-2d385b5a295d,8,0.014478574232923052,0.11723928451538086,1
qwen32B-int4_airline_50runs,9a88eccf-ac8f-42e2-a11d-2d385b5a295d,10,0.3167585240547309,0.1628661575642499,1
qwen32B-int4_airline_50runs,9a88eccf-ac8f-42e2-a11d-2d385b5a295d,12,7.306173961237523e-05,0.42949235439300537,1
qwen32B-int4_airline_50runs,9a88eccf-ac8f-42e2-a11d-2d385b5a295d,14,0.15158617392094387,0.10819807585249555,1
qwen32B-int4_airline_50runs,48f24d4d-ee21-4bdf-a034-aeb61e376670,0,,,1
qwen32B-int4_airline_50runs,48f24d4d-ee21-4bdf-a034-aeb61e376670,2,0.005419279791789187,0.0,1
qwen32B-int4_airline_50runs,48f24d4d-ee21-4bdf-a034-aeb61e376670,4,0.2531260667344283,0.022143315385889123,1
qwen32B-int4_airline_50runs,48f24d4d-ee21-4bdf-a034-aeb61e376670,6,0.3681744009642844,0.08921157817045848,1
qwen32B-int4_airline_50runs,48f24d4d-ee21-4bdf-a034-aeb61e376670,8,0.008948696722221032,0.0700175506728036,1
qwen32B-int4_airline_50runs,48f24d4d-ee21-4bdf-a034-aeb61e376670,10,0.1376862491978429,0.16557509087501687,1
qwen32B-int4_airline_50runs,c371e448-a3fc-42ea-a3da-055d7cff214c,0,,,1
qwen32B-int4_airline_50runs,c371e448-a3fc-42ea-a3da-055d7cff214c,2,0.3239480834037572,0.0,1
qwen32B-int4_airline_50runs,c371e448-a3fc-42ea-a3da-055d7cff214c,4,0.011276474749874588,0.0,1
qwen32B-int4_airline_50runs,c371e448-a3fc-42ea-a3da-055d7cff214c,6,0.17722620726023172,0.07937698231803046,1
qwen32B-int4_airline_50runs,c371e448-a3fc-42ea-a3da-055d7cff214c,8,0.30691533145634153,0.13481141645697098,1
qwen32B-int4_airline_50runs,c371e448-a3fc-42ea-a3da-055d7cff214c,10,0.1275997999201659,0.22003624084833506,1
qwen32B-int4_airline_50runs,c371e448-a3fc-42ea-a3da-055d7cff214c,12,0.01348051917203156,0.015498697757720947,1
qwen32B-int4_airline_50runs,c371e448-a3fc-42ea-a3da-055d7cff214c,14,0.09829305975821533,0.09466433193948533,1
qwen32B-int4_airline_50runs,e030c9ea-d795-4da0-b889-76bb0bf509a9,0,,,1
qwen32B-int4_airline_50runs,e030c9ea-d795-4da0-b889-76bb0bf509a9,2,0.185047589941163,0.0,1
qwen32B-int4_airline_50runs,e030c9ea-d795-4da0-b889-76bb0bf509a9,4,0.00011578346560638777,0.0,1
qwen32B-int4_airline_50runs,e030c9ea-d795-4da0-b889-76bb0bf509a9,6,0.4330376154243743,0.024172072825224503,1
qwen32B-int4_airline_50runs,e030c9ea-d795-4da0-b889-76bb0bf509a9,8,0.0006181046422608328,0.06787462532520294,1
qwen32B-int4_airline_50runs,e030c9ea-d795-4da0-b889-76bb0bf509a9,10,0.01402531213582467,0.991055428981781,1
qwen32B-int4_airline_50runs,e030c9ea-d795-4da0-b889-76bb0bf509a9,12,0.20921881765295028,0.11917602106676263,1
qwen32B-int4_airline_50runs,e030c9ea-d795-4da0-b889-76bb0bf509a9,14,0.2638479492417451,0.1551880640319631,1
qwen32B-int4_airline_50runs,e030c9ea-d795-4da0-b889-76bb0bf509a9,16,0.002684241363567903,0.08772940635681152,1
qwen32B-int4_airline_50runs,e030c9ea-d795-4da0-b889-76bb0bf509a9,18,0.20015730115803365,0.1935679457160864,1
qwen32B-int4_airline_50runs,ad9b35ee-cb2d-45c6-aba1-d03c97f7232a,0,,,0
qwen32B-int4_airline_50runs,ad9b35ee-cb2d-45c6-aba1-d03c97f7232a,2,0.01650386895552837,0.0,0
qwen32B-int4_airline_50runs,ad9b35ee-cb2d-45c6-aba1-d03c97f7232a,4,0.29684701812068603,0.0,0
qwen32B-int4_airline_50runs,ad9b35ee-cb2d-45c6-aba1-d03c97f7232a,6,0.009859626562611605,0.4242524206638336,0
qwen32B-int4_airline_50runs,ad9b35ee-cb2d-45c6-aba1-d03c97f7232a,8,0.2531692267226326,0.08496280759572983,0
qwen32B-int4_airline_50runs,ad9b35ee-cb2d-45c6-aba1-d03c97f7232a,10,0.0040068783302317,0.1314921498298645,0
qwen32B-int4_airline_50runs,ad9b35ee-cb2d-45c6-aba1-d03c97f7232a,12,0.33685728361893186,0.13423295815785724,0
qwen32B-int4_airline_50runs,ad9b35ee-cb2d-45c6-aba1-d03c97f7232a,14,0.26333230730964224,0.30524710140057976,0
qwen32B-int4_airline_50runs,61019198-9609-48d4-9426-e9648df47f36,0,,,1
qwen32B-int4_airline_50runs,61019198-9609-48d4-9426-e9648df47f36,2,0.3058964963085537,0.0,1
qwen32B-int4_airline_50runs,61019198-9609-48d4-9426-e9648df47f36,4,0.02793417390895621,0.0,1
qwen32B-int4_airline_50runs,61019198-9609-48d4-9426-e9648df47f36,6,0.17582599972132995,0.043410577944346836,1
qwen32B-int4_airline_50runs,61019198-9609-48d4-9426-e9648df47f36,8,0.000555631227815535,0.9924780130386353,1
qwen32B-int4_airline_50runs,61019198-9609-48d4-9426-e9648df47f36,10,0.1442461214688036,0.2526233290371142,1
qwen32B-int4_airline_50runs,61019198-9609-48d4-9426-e9648df47f36,12,0.018436269321515823,0.07754483073949814,1
qwen32B-int4_airline_50runs,61019198-9609-48d4-9426-e9648df47f36,14,0.18142572076221064,0.012385436466761999,1
qwen32B-int4_airline_50runs,61019198-9609-48d4-9426-e9648df47f36,16,6.967083933745882e-05,0.8429760061777555,1
qwen32B-int4_airline_50runs,61019198-9609-48d4-9426-e9648df47f36,18,0.28048866841729375,0.24349688399921762,1
qwen32B-int4_airline_50runs,61019198-9609-48d4-9426-e9648df47f36,20,2.549138035125618e-05,0.8452386580980741,1
qwen32B-int4_airline_50runs,61019198-9609-48d4-9426-e9648df47f36,22,0.2046307538378571,0.20363813915918041,1
qwen32B-int4_airline_50runs,61019198-9609-48d4-9426-e9648df47f36,24,4.101013293441506e-05,0.8453345344616816,1
qwen32B-int4_airline_50runs,61019198-9609-48d4-9426-e9648df47f36,26,0.14966905709491654,0.5271446023668561,1
qwen32B-int4_airline_50runs,61019198-9609-48d4-9426-e9648df47f36,28,0.0007098583943734764,0.03819984197616577,1
qwen32B-int4_airline_50runs,61019198-9609-48d4-9426-e9648df47f36,30,0.20223480022185164,0.21233249197200854,1
qwen32B-int4_airline_50runs,61019198-9609-48d4-9426-e9648df47f36,32,9.896663151754379e-05,0.03828157271657671,1
qwen32B-int4_airline_50runs,61019198-9609-48d4-9426-e9648df47f36,34,0.10272188052639661,0.03457205837423151,1
qwen32B-int4_airline_50runs,61019198-9609-48d4-9426-e9648df47f36,36,0.00012409735379037556,0.2172247568766276,1
qwen32B-int4_airline_50runs,61019198-9609-48d4-9426-e9648df47f36,38,0.0724799371936358,0.5879858187560377,1
qwen32B-int4_airline_50runs,4402d850-6825-4dde-b1b6-c84d47a2083a,0,,,1
qwen32B-int4_airline_50runs,4402d850-6825-4dde-b1b6-c84d47a2083a,2,0.2515545698718626,0.0,1
qwen32B-int4_airline_50runs,4402d850-6825-4dde-b1b6-c84d47a2083a,4,6.623467093736697e-05,0.0,1
qwen32B-int4_airline_50runs,4402d850-6825-4dde-b1b6-c84d47a2083a,6,0.19559845318331026,0.18555945319098396,1
qwen32B-int4_airline_50runs,4402d850-6825-4dde-b1b6-c84d47a2083a,8,0.002529169841884027,0.12248884439468384,1
qwen32B-int4_airline_50runs,4402d850-6825-4dde-b1b6-c84d47a2083a,10,0.14967744782261433,0.04710898399353027,1
qwen32B-int4_airline_50runs,4402d850-6825-4dde-b1b6-c84d47a2083a,12,0.2981149444882932,0.11262105192456927,1
qwen32B-int4_airline_50runs,4402d850-6825-4dde-b1b6-c84d47a2083a,14,0.21896856723231842,0.18086094747890125,1
qwen32B-int4_airline_50runs,4402d850-6825-4dde-b1b6-c84d47a2083a,16,0.005597147311775162,0.07209536688668387,1
qwen32B-int4_airline_50runs,4402d850-6825-4dde-b1b6-c84d47a2083a,18,0.20819903194847222,0.20547034740447997,1
qwen32B-int4_airline_50runs,f56744b4-1e6b-4325-8d15-91b1a1192256,0,,,1
qwen32B-int4_airline_50runs,f56744b4-1e6b-4325-8d15-91b1a1192256,2,0.2653503805818821,0.0,1
qwen32B-int4_airline_50runs,f56744b4-1e6b-4325-8d15-91b1a1192256,4,3.408552753848154e-05,0.0,1
qwen32B-int4_airline_50runs,f56744b4-1e6b-4325-8d15-91b1a1192256,6,0.2487998451636098,0.11071421205997468,1
qwen32B-int4_airline_50runs,f56744b4-1e6b-4325-8d15-91b1a1192256,8,0.01445022304822885,0.12728745937347413,1
qwen32B-int4_airline_50runs,f56744b4-1e6b-4325-8d15-91b1a1192256,10,0.20737691022934185,0.31333976171233435,1
qwen32B-int4_airline_50runs,f56744b4-1e6b-4325-8d15-91b1a1192256,12,0.02398991566325274,0.41775575280189514,1
qwen32B-int4_airline_50runs,f56744b4-1e6b-4325-8d15-91b1a1192256,14,0.03664421971297271,0.42826008796691895,1
qwen32B-int4_airline_50runs,f56744b4-1e6b-4325-8d15-91b1a1192256,16,0.1740888983635693,0.12161973750952519,1
qwen32B-int4_airline_50runs,f56744b4-1e6b-4325-8d15-91b1a1192256,18,0.0008802980076129074,0.43144530057907104,1
qwen32B-int4_airline_50runs,f56744b4-1e6b-4325-8d15-91b1a1192256,20,0.19036109378927635,0.1898927751340364,1
qwen32B-int4_airline_50runs,f56744b4-1e6b-4325-8d15-91b1a1192256,22,0.012093542634937681,0.06396368891000748,1
qwen32B-int4_airline_50runs,f56744b4-1e6b-4325-8d15-91b1a1192256,24,0.14359228242793132,0.17902987460567527,1
qwen32B-int4_airline_50runs,6940dd25-d42a-42fc-888e-2f2658dc7a89,0,,,0
qwen32B-int4_airline_50runs,6940dd25-d42a-42fc-888e-2f2658dc7a89,2,0.2774012346756339,0.0,0
qwen32B-int4_airline_50runs,6940dd25-d42a-42fc-888e-2f2658dc7a89,4,0.3092369127625557,0.09433878357730695,0
qwen32B-int4_airline_50runs,6940dd25-d42a-42fc-888e-2f2658dc7a89,6,0.1300832325478428,0.20162739239486993,0
qwen32B-int4_airline_50runs,6940dd25-d42a-42fc-888e-2f2658dc7a89,8,0.2800517655842648,0.13745290775821634,0
qwen32B-int4_airline_50runs,6940dd25-d42a-42fc-888e-2f2658dc7a89,10,0.2514756832312807,0.17418203492095505,0
qwen32B-int4_airline_50runs,6940dd25-d42a-42fc-888e-2f2658dc7a89,12,0.2845916076557575,0.5155194710040915,0
qwen32B-int4_airline_50runs,6940dd25-d42a-42fc-888e-2f2658dc7a89,14,0.24854243113628502,0.1769269745925377,0
qwen32B-int4_airline_50runs,6940dd25-d42a-42fc-888e-2f2658dc7a89,16,0.00277588624011945,0.0,0
qwen32B-int4_airline_50runs,d4a62128-65ad-40c5-88cb-df3289b6c6ee,0,,,0
qwen32B-int4_airline_50runs,d4a62128-65ad-40c5-88cb-df3289b6c6ee,2,0.15454288215998074,0.0,0
qwen32B-int4_airline_50runs,d4a62128-65ad-40c5-88cb-df3289b6c6ee,4,0.2723512157901477,0.05381331353817346,0
qwen32B-int4_airline_50runs,d4a62128-65ad-40c5-88cb-df3289b6c6ee,6,0.27640276026509986,0.13821208918536151,0
qwen32B-int4_airline_50runs,d4a62128-65ad-40c5-88cb-df3289b6c6ee,8,0.2201956796263341,0.21202530527627597,0
qwen32B-int4_airline_50runs,d4a62128-65ad-40c5-88cb-df3289b6c6ee,10,0.1265171268576634,0.13667848018499523,0
qwen32B-int4_airline_50runs,d4a62128-65ad-40c5-88cb-df3289b6c6ee,12,0.06258967408839848,0.34555917786013696,0
qwen32B-int4_airline_50runs,d4a62128-65ad-40c5-88cb-df3289b6c6ee,14,0.14904580428820874,1.0,0
qwen32B-int4_airline_50runs,d4a62128-65ad-40c5-88cb-df3289b6c6ee,16,0.11395504161031209,0.29807333512739703,0
qwen32B-int4_airline_50runs,d4a62128-65ad-40c5-88cb-df3289b6c6ee,18,0.09401645001777881,0.1767423003911972,0
qwen32B-int4_airline_50runs,d4a62128-65ad-40c5-88cb-df3289b6c6ee,20,0.1347695642374704,0.2913381791696316,0
qwen32B-int4_airline_50runs,d4a62128-65ad-40c5-88cb-df3289b6c6ee,22,0.14007756700616314,0.20636924918817012,0
qwen32B-int4_airline_50runs,d4a62128-65ad-40c5-88cb-df3289b6c6ee,24,0.03887498470200102,0.29329968988895416,0
qwen32B-int4_airline_50runs,d4a62128-65ad-40c5-88cb-df3289b6c6ee,26,0.19504977875300486,0.15748766018794133,0
qwen32B-int4_airline_50runs,d4a62128-65ad-40c5-88cb-df3289b6c6ee,28,0.03441473701781983,0.5490677833557128,0
qwen32B-int4_airline_50runs,d4a62128-65ad-40c5-88cb-df3289b6c6ee,30,0.13973508027558798,0.2381951758202086,0
qwen32B-int4_airline_50runs,d4a62128-65ad-40c5-88cb-df3289b6c6ee,32,0.0012098879566928337,0.9215142934218697,0
qwen32B-int4_airline_50runs,d4a62128-65ad-40c5-88cb-df3289b6c6ee,34,0.16323007738391368,0.18638206289169637,0
qwen32B-int4_airline_50runs,d4a62128-65ad-40c5-88cb-df3289b6c6ee,36,0.08778979012951774,0.26845436643909765,0
qwen32B-int4_airline_50runs,d4a62128-65ad-40c5-88cb-df3289b6c6ee,38,0.0726637231926542,1.0,0
qwen32B-int4_airline_50runs,d4a62128-65ad-40c5-88cb-df3289b6c6ee,40,0.09963999846694267,1.0,0
qwen32B-int4_airline_50runs,d4a62128-65ad-40c5-88cb-df3289b6c6ee,42,0.07757812049639891,1.0,0
qwen32B-int4_airline_50runs,d4a62128-65ad-40c5-88cb-df3289b6c6ee,44,0.08610663492892964,1.0,0
qwen32B-int4_airline_50runs,d4a62128-65ad-40c5-88cb-df3289b6c6ee,46,0.04899927919872523,1.0,0
qwen32B-int4_airline_50runs,d4a62128-65ad-40c5-88cb-df3289b6c6ee,48,0.059956067424857915,0.6044349854900724,0
qwen32B-int4_airline_50runs,d4a62128-65ad-40c5-88cb-df3289b6c6ee,50,0.022196231100356366,1.0,0
qwen32B-int4_airline_50runs,d4a62128-65ad-40c5-88cb-df3289b6c6ee,52,0.21505804569006337,0.17959506324168,0
qwen32B-int4_airline_50runs,b22bdbea-bd05-4647-9820-d467ab3a911a,0,,,1
qwen32B-int4_airline_50runs,b22bdbea-bd05-4647-9820-d467ab3a911a,2,0.2926420943192958,0.0,1
qwen32B-int4_airline_50runs,b22bdbea-bd05-4647-9820-d467ab3a911a,4,0.01262731213403582,0.0,1
qwen32B-int4_airline_50runs,b22bdbea-bd05-4647-9820-d467ab3a911a,6,0.00014759802023980647,0.39957961440086365,1
qwen32B-int4_airline_50runs,b22bdbea-bd05-4647-9820-d467ab3a911a,8,0.0009157083045801839,0.42826008796691895,1
qwen32B-int4_airline_50runs,b22bdbea-bd05-4647-9820-d467ab3a911a,10,0.2868452148143706,0.00844598939453346,1
qwen32B-int4_airline_50runs,b22bdbea-bd05-4647-9820-d467ab3a911a,12,0.16467653855251352,0.1650585036679923,1
qwen32B-int4_airline_50runs,b22bdbea-bd05-4647-9820-d467ab3a911a,14,0.07717507230459288,0.16770666998785896,1
qwen32B-int4_airline_50runs,b22bdbea-bd05-4647-9820-d467ab3a911a,16,0.22434631171613525,0.23248132944107056,1
qwen32B-int4_airline_50runs,b22bdbea-bd05-4647-9820-d467ab3a911a,18,0.008589647911909953,0.05280046463012695,1
qwen32B-int4_airline_50runs,b22bdbea-bd05-4647-9820-d467ab3a911a,20,0.1940768395933018,0.2771298885345459,1
qwen32B-int4_airline_50runs,2828e439-9b26-408c-81c4-e14f308b5efd,0,,,1
qwen32B-int4_airline_50runs,2828e439-9b26-408c-81c4-e14f308b5efd,2,0.30275154072160937,0.0,1
qwen32B-int4_airline_50runs,2828e439-9b26-408c-81c4-e14f308b5efd,4,1.630633779665085e-05,0.0,1
qwen32B-int4_airline_50runs,2828e439-9b26-408c-81c4-e14f308b5efd,6,0.3025073443519329,0.1507142023606734,1
qwen32B-int4_airline_50runs,2828e439-9b26-408c-81c4-e14f308b5efd,8,0.011771825705067972,0.05662202090024948,1
qwen32B-int4_airline_50runs,2828e439-9b26-408c-81c4-e14f308b5efd,10,0.3950700167559172,0.025950177149339157,1
qwen32B-int4_airline_50runs,2828e439-9b26-408c-81c4-e14f308b5efd,12,0.19809000729886417,0.1367320418357849,1
qwen32B-int4_airline_50runs,2828e439-9b26-408c-81c4-e14f308b5efd,14,0.29222444517344104,0.08095777662176834,1
qwen32B-int4_airline_50runs,2828e439-9b26-408c-81c4-e14f308b5efd,16,0.27003533532545254,0.13487301749744635,1
qwen32B-int4_airline_50runs,2828e439-9b26-408c-81c4-e14f308b5efd,18,0.0005363192687794128,1.0,1
qwen32B-int4_airline_50runs,2828e439-9b26-408c-81c4-e14f308b5efd,20,0.13515439087890674,0.15723529055311875,1
qwen32B-int4_airline_50runs,2828e439-9b26-408c-81c4-e14f308b5efd,22,0.18484815976503588,0.20047359996371797,1
qwen32B-int4_airline_50runs,2828e439-9b26-408c-81c4-e14f308b5efd,24,0.1458626363911199,1.0,1
qwen32B-int4_airline_50runs,2828e439-9b26-408c-81c4-e14f308b5efd,26,0.1862957356451155,0.2911563268521937,1
qwen32B-int4_airline_50runs,fb5331ce-98eb-4888-94ac-b1f2c5b667fd,0,,,1
qwen32B-int4_airline_50runs,fb5331ce-98eb-4888-94ac-b1f2c5b667fd,2,0.22926344737990062,0.0,1
qwen32B-int4_airline_50runs,fb5331ce-98eb-4888-94ac-b1f2c5b667fd,4,0.001365156357459322,0.0,1
qwen32B-int4_airline_50runs,fb5331ce-98eb-4888-94ac-b1f2c5b667fd,6,0.16229200812054773,0.13892249266306558,1
qwen32B-int4_airline_50runs,fb5331ce-98eb-4888-94ac-b1f2c5b667fd,8,0.25194333516195433,0.1242340276407641,1
qwen32B-int4_airline_50runs,fb5331ce-98eb-4888-94ac-b1f2c5b667fd,10,0.22228663332869417,0.103698352108831,1
qwen32B-int4_airline_50runs,fb5331ce-98eb-4888-94ac-b1f2c5b667fd,12,0.10363789893636108,0.21711528301239014,1
qwen32B-int4_airline_50runs,fb5331ce-98eb-4888-94ac-b1f2c5b667fd,14,0.01909514597918005,0.7094790624535602,1
qwen32B-int4_airline_50runs,fb5331ce-98eb-4888-94ac-b1f2c5b667fd,16,0.012540142857713913,0.7825106084346771,1
qwen32B-int4_airline_50runs,fb5331ce-98eb-4888-94ac-b1f2c5b667fd,18,0.01779315031918542,0.734173992405767,1
qwen32B-int4_airline_50runs,fb5331ce-98eb-4888-94ac-b1f2c5b667fd,20,0.006650681570000694,0.7802535891532898,1
qwen32B-int4_airline_50runs,fb5331ce-98eb-4888-94ac-b1f2c5b667fd,22,0.008961154888257791,0.7606248963962902,1
qwen32B-int4_airline_50runs,fb5331ce-98eb-4888-94ac-b1f2c5b667fd,24,0.00818438703713582,0.7823099195957184,1
qwen32B-int4_airline_50runs,fb5331ce-98eb-4888-94ac-b1f2c5b667fd,26,0.005758861043789258,0.7370133291591298,1
qwen32B-int4_airline_50runs,fb5331ce-98eb-4888-94ac-b1f2c5b667fd,28,0.042155149618863574,0.7871298938989639,1
qwen32B-int4_airline_50runs,fb5331ce-98eb-4888-94ac-b1f2c5b667fd,30,0.0223566933151557,0.7918439128182151,1
qwen32B-int4_airline_50runs,fb5331ce-98eb-4888-94ac-b1f2c5b667fd,32,0.049670545340404604,0.6973604875452378,1
qwen32B-int4_airline_50runs,fb5331ce-98eb-4888-94ac-b1f2c5b667fd,34,0.11346203481179169,0.5549767452936906,1
qwen32B-int4_airline_50runs,fb5331ce-98eb-4888-94ac-b1f2c5b667fd,36,0.1747888517868029,0.0689890835736249,1
qwen32B-int4_airline_50runs,934a7dd7-2412-4b7b-9120-0b0c1f2a7458,0,,,0
qwen32B-int4_airline_50runs,934a7dd7-2412-4b7b-9120-0b0c1f2a7458,2,0.1952402170558673,0.0,0
qwen32B-int4_airline_50runs,934a7dd7-2412-4b7b-9120-0b0c1f2a7458,4,0.026913142940964335,0.0,0
qwen32B-int4_airline_50runs,934a7dd7-2412-4b7b-9120-0b0c1f2a7458,6,0.31745142157068457,0.060236260294914246,0
qwen32B-int4_airline_50runs,934a7dd7-2412-4b7b-9120-0b0c1f2a7458,8,0.234373334983506,0.099082955292293,0
qwen32B-int4_airline_50runs,934a7dd7-2412-4b7b-9120-0b0c1f2a7458,10,0.18771876111117494,0.31688808865017365,0
qwen32B-int4_airline_50runs,934a7dd7-2412-4b7b-9120-0b0c1f2a7458,12,0.11533960638838073,0.3679666446476448,0
qwen32B-int4_airline_50runs,934a7dd7-2412-4b7b-9120-0b0c1f2a7458,14,3.2030188531669846e-05,0.10849272353308541,0
qwen32B-int4_airline_50runs,934a7dd7-2412-4b7b-9120-0b0c1f2a7458,16,0.15762261183440054,0.22712199796329843,0
qwen32B-int4_airline_50runs,0c9e1013-eb30-4ca9-b854-ee9a16e8562c,0,,,1
qwen32B-int4_airline_50runs,0c9e1013-eb30-4ca9-b854-ee9a16e8562c,2,0.27103486884245614,0.0,1
qwen32B-int4_airline_50runs,0c9e1013-eb30-4ca9-b854-ee9a16e8562c,4,3.2052146878195727e-05,0.0,1
qwen32B-int4_airline_50runs,0c9e1013-eb30-4ca9-b854-ee9a16e8562c,6,0.19888943906976744,0.0953068658709526,1
qwen32B-int4_airline_50runs,0c9e1013-eb30-4ca9-b854-ee9a16e8562c,8,0.00034537253002858497,0.13204760551452638,1
qwen32B-int4_airline_50runs,0c9e1013-eb30-4ca9-b854-ee9a16e8562c,10,0.0010525617818171896,0.40655624866485596,1
qwen32B-int4_airline_50runs,0c9e1013-eb30-4ca9-b854-ee9a16e8562c,12,0.002256964775274475,0.43123021721839905,1
qwen32B-int4_airline_50runs,0c9e1013-eb30-4ca9-b854-ee9a16e8562c,14,0.019759345374164353,0.41006016731262207,1
qwen32B-int4_airline_50runs,0c9e1013-eb30-4ca9-b854-ee9a16e8562c,16,0.029385913275575035,0.4305495619773865,1
qwen32B-int4_airline_50runs,0c9e1013-eb30-4ca9-b854-ee9a16e8562c,18,0.0318205461619815,0.44035425782203674,1
qwen32B-int4_airline_50runs,0c9e1013-eb30-4ca9-b854-ee9a16e8562c,20,0.028466098730560246,0.4159837067127228,1
qwen32B-int4_airline_50runs,0c9e1013-eb30-4ca9-b854-ee9a16e8562c,22,0.3693305482678748,0.019506090453692844,1
qwen32B-int4_airline_50runs,0c9e1013-eb30-4ca9-b854-ee9a16e8562c,24,0.020206250541389654,0.13704364299774172,1
qwen32B-int4_airline_50runs,0c9e1013-eb30-4ca9-b854-ee9a16e8562c,26,0.0011915227012749459,0.4301303029060364,1
qwen32B-int4_airline_50runs,0c9e1013-eb30-4ca9-b854-ee9a16e8562c,28,0.18714902294790833,0.20726947035900384,1
qwen32B-int4_airline_50runs,709ad87c-ee8c-434f-970c-3e06c7284dbc,0,,,1
qwen32B-int4_airline_50runs,709ad87c-ee8c-434f-970c-3e06c7284dbc,2,2.0082393552269744e-05,0.0,1
qwen32B-int4_airline_50runs,709ad87c-ee8c-434f-970c-3e06c7284dbc,4,0.26271935605945373,0.0,1
qwen32B-int4_airline_50runs,709ad87c-ee8c-434f-970c-3e06c7284dbc,6,0.017824080714381223,0.12419342994689941,1
qwen32B-int4_airline_50runs,709ad87c-ee8c-434f-970c-3e06c7284dbc,8,0.0012711564526449355,0.39099404215812683,1
qwen32B-int4_airline_50runs,709ad87c-ee8c-434f-970c-3e06c7284dbc,10,0.005025080836572416,0.422945111989975,1
qwen32B-int4_airline_50runs,709ad87c-ee8c-434f-970c-3e06c7284dbc,12,0.08390453133361996,0.4014943540096283,1
qwen32B-int4_airline_50runs,709ad87c-ee8c-434f-970c-3e06c7284dbc,14,0.02381360553199003,0.408431738615036,1
qwen32B-int4_airline_50runs,709ad87c-ee8c-434f-970c-3e06c7284dbc,16,0.02872784200091024,0.41884762048721313,1
qwen32B-int4_airline_50runs,709ad87c-ee8c-434f-970c-3e06c7284dbc,18,0.024602260133990993,0.44399428367614746,1
qwen32B-int4_airline_50runs,709ad87c-ee8c-434f-970c-3e06c7284dbc,20,0.21032268376167446,0.007851732448792793,1
qwen32B-int4_airline_50runs,709ad87c-ee8c-434f-970c-3e06c7284dbc,22,0.002790092180091456,0.1366698384284973,1
qwen32B-int4_airline_50runs,709ad87c-ee8c-434f-970c-3e06c7284dbc,24,0.0010371262553577527,0.4124426245689392,1
qwen32B-int4_airline_50runs,709ad87c-ee8c-434f-970c-3e06c7284dbc,26,0.21578786772281697,0.08424842625521542,1
qwen32B-int4_airline_50runs,5355c4fe-e8f5-48cf-878e-335b9b86ac8f,0,,,1
qwen32B-int4_airline_50runs,5355c4fe-e8f5-48cf-878e-335b9b86ac8f,2,0.2235989944873574,0.0,1
qwen32B-int4_airline_50runs,5355c4fe-e8f5-48cf-878e-335b9b86ac8f,4,0.00018069303256229574,0.0,1
qwen32B-int4_airline_50runs,5355c4fe-e8f5-48cf-878e-335b9b86ac8f,6,0.19818220661664604,0.1293268341284532,1
qwen32B-int4_airline_50runs,5355c4fe-e8f5-48cf-878e-335b9b86ac8f,8,0.007129315264931298,0.1332990527153015,1
qwen32B-int4_airline_50runs,5355c4fe-e8f5-48cf-878e-335b9b86ac8f,10,0.0005127193972720078,0.4253343343734741,1
qwen32B-int4_airline_50runs,5355c4fe-e8f5-48cf-878e-335b9b86ac8f,12,0.002155706092802063,0.4466470181941986,1
qwen32B-int4_airline_50runs,5355c4fe-e8f5-48cf-878e-335b9b86ac8f,14,0.003049459716949835,0.42399999499320984,1
qwen32B-int4_airline_50runs,5355c4fe-e8f5-48cf-878e-335b9b86ac8f,16,0.2694086027972182,0.01633168716688414,1
qwen32B-int4_airline_50runs,5355c4fe-e8f5-48cf-878e-335b9b86ac8f,18,0.0024534485191247766,0.4265992045402527,1
qwen32B-int4_airline_50runs,5355c4fe-e8f5-48cf-878e-335b9b86ac8f,20,0.13274383797672892,0.15635164494210102,1
qwen32B-int4_airline_50runs,d64d1ea0-ee90-4a86-8482-0dcee71a5ead,0,,,1
qwen32B-int4_airline_50runs,d64d1ea0-ee90-4a86-8482-0dcee71a5ead,2,0.19413549591846346,0.0,1
qwen32B-int4_airline_50runs,d64d1ea0-ee90-4a86-8482-0dcee71a5ead,4,0.24316376649517896,0.11862156788508096,1
qwen32B-int4_airline_50runs,d64d1ea0-ee90-4a86-8482-0dcee71a5ead,6,0.0014766392523779428,0.04941560178995132,1
qwen32B-int4_airline_50runs,d64d1ea0-ee90-4a86-8482-0dcee71a5ead,8,0.3507525477674512,0.0729835828145345,1
qwen32B-int4_airline_50runs,d64d1ea0-ee90-4a86-8482-0dcee71a5ead,10,0.32358493030350766,0.22030455415899103,1
qwen32B-int4_airline_50runs,d64d1ea0-ee90-4a86-8482-0dcee71a5ead,12,0.0009471634324608288,0.07820351421833038,1
qwen32B-int4_airline_50runs,d64d1ea0-ee90-4a86-8482-0dcee71a5ead,14,0.1957750672161942,0.37453384609783397,1
qwen32B-int4_airline_50runs,d64d1ea0-ee90-4a86-8482-0dcee71a5ead,16,0.15575330668857468,0.024944303170689994,1
qwen32B-int4_airline_50runs,d64d1ea0-ee90-4a86-8482-0dcee71a5ead,18,0.1629194279281039,0.24772148287814594,1
qwen32B-int4_airline_50runs,5f58e338-7fcf-4e46-a780-d158da6c240c,0,,,0
qwen32B-int4_airline_50runs,5f58e338-7fcf-4e46-a780-d158da6c240c,2,0.4151778871401925,0.0,0
qwen32B-int4_airline_50runs,5f58e338-7fcf-4e46-a780-d158da6c240c,4,0.2923463629424518,0.1751171133734963,0
qwen32B-int4_airline_50runs,c8db6133-906e-429e-888e-ec553ec943d5,0,,,1
qwen32B-int4_airline_50runs,c8db6133-906e-429e-888e-ec553ec943d5,2,0.22614423304302447,0.0,1
qwen32B-int4_airline_50runs,c8db6133-906e-429e-888e-ec553ec943d5,4,6.727812427098634e-05,0.0,1
qwen32B-int4_airline_50runs,c8db6133-906e-429e-888e-ec553ec943d5,6,0.31076554660913275,0.13996938864390054,1
qwen32B-int4_airline_50runs,c8db6133-906e-429e-888e-ec553ec943d5,8,0.2917770284232926,0.07596945762634277,1
qwen32B-int4_airline_50runs,c8db6133-906e-429e-888e-ec553ec943d5,10,0.16373908870128037,0.05343006178736687,1
qwen32B-int4_airline_50runs,c8db6133-906e-429e-888e-ec553ec943d5,12,0.2735354029422146,0.10460412913355334,1
qwen32B-int4_airline_50runs,c8db6133-906e-429e-888e-ec553ec943d5,14,0.24824607959935427,0.25334497292836505,1
qwen32B-int4_airline_50runs,c8db6133-906e-429e-888e-ec553ec943d5,16,0.16696102972696797,0.19710844213312323,1
qwen32B-int4_airline_50runs,c8db6133-906e-429e-888e-ec553ec943d5,18,0.02101820077424304,0.010336708788778267,1
qwen32B-int4_airline_50runs,c8db6133-906e-429e-888e-ec553ec943d5,20,0.020074451340021525,0.5512644410133362,1
qwen32B-int4_airline_50runs,c8db6133-906e-429e-888e-ec553ec943d5,22,0.18518532056574152,0.16056169271469117,1
qwen32B-int4_airline_50runs,c8db6133-906e-429e-888e-ec553ec943d5,24,0.07931212943164782,0.24929091930389405,1
qwen32B-int4_airline_50runs,c8db6133-906e-429e-888e-ec553ec943d5,26,0.055508719279686994,0.32763082716200087,1
qwen32B-int4_airline_50runs,c8db6133-906e-429e-888e-ec553ec943d5,28,0.10759542307265539,0.16599929332733154,1
qwen32B-int4_airline_50runs,c8db6133-906e-429e-888e-ec553ec943d5,30,0.000490361616804762,0.012467091453486475,1
qwen32B-int4_airline_50runs,c8db6133-906e-429e-888e-ec553ec943d5,32,0.1808867519719775,0.2990376055240631,1
qwen32B-int4_airline_50runs,c8db6133-906e-429e-888e-ec553ec943d5,34,0.002719146344989567,0.11571753025054932,1
qwen32B-int4_airline_50runs,c8db6133-906e-429e-888e-ec553ec943d5,36,0.1567349475235204,0.2231742888689041,1
qwen32B-int4_airline_50runs,b0e59e19-f444-4f39-a0f4-df7985ba542f,0,,,1
qwen32B-int4_airline_50runs,b0e59e19-f444-4f39-a0f4-df7985ba542f,2,0.31942505098562823,0.0,1
qwen32B-int4_airline_50runs,b0e59e19-f444-4f39-a0f4-df7985ba542f,4,0.0032822526026529556,0.0,1
qwen32B-int4_airline_50runs,b0e59e19-f444-4f39-a0f4-df7985ba542f,6,0.1382657569723249,0.0731870714499026,1
qwen32B-int4_airline_50runs,b0e59e19-f444-4f39-a0f4-df7985ba542f,8,0.13732752493082362,0.18933465348349676,1
qwen32B-int4_airline_50runs,e5edbc75-61b8-46cd-9b71-ad7f91ffa2b1,0,,,1
qwen32B-int4_airline_50runs,e5edbc75-61b8-46cd-9b71-ad7f91ffa2b1,2,0.3111914837912697,0.0,1
qwen32B-int4_airline_50runs,e5edbc75-61b8-46cd-9b71-ad7f91ffa2b1,4,0.003640139482898519,0.0,1
qwen32B-int4_airline_50runs,e5edbc75-61b8-46cd-9b71-ad7f91ffa2b1,6,0.16338220275361318,0.17600816984971362,1
qwen32B-int4_airline_50runs,e5edbc75-61b8-46cd-9b71-ad7f91ffa2b1,8,0.20929937677588736,0.4385380643170054,1
qwen32B-int4_airline_50runs,e5edbc75-61b8-46cd-9b71-ad7f91ffa2b1,10,0.05423700736621646,0.03095145659013228,1
qwen32B-int4_airline_50runs,924cda17-2d2e-4674-911b-385d8be5ca81,0,,,1
qwen32B-int4_airline_50runs,924cda17-2d2e-4674-911b-385d8be5ca81,2,0.20927350454693383,0.0,1
qwen32B-int4_airline_50runs,924cda17-2d2e-4674-911b-385d8be5ca81,4,0.17296473827248585,0.07624681293964386,1
qwen32B-int4_airline_50runs,924cda17-2d2e-4674-911b-385d8be5ca81,6,0.21356941943144722,0.1190514009574364,1
qwen32B-int4_airline_50runs,924cda17-2d2e-4674-911b-385d8be5ca81,8,0.07552893229226915,0.25527789062923856,1
qwen32B-int4_airline_50runs,924cda17-2d2e-4674-911b-385d8be5ca81,10,0.13059737358595752,0.3745417504940393,1
qwen32B-int4_airline_50runs,924cda17-2d2e-4674-911b-385d8be5ca81,12,0.2421643000247874,0.14455820247530937,1
qwen32B-int4_airline_50runs,924cda17-2d2e-4674-911b-385d8be5ca81,14,0.12523734408988735,0.17826341535594012,1
qwen32B-int4_airline_50runs,924cda17-2d2e-4674-911b-385d8be5ca81,16,0.17641783705975425,0.13531698499407088,1
qwen32B-int4_airline_50runs,924cda17-2d2e-4674-911b-385d8be5ca81,18,0.06268149740858797,0.3556826422291417,1
qwen32B-int4_airline_50runs,924cda17-2d2e-4674-911b-385d8be5ca81,20,0.22849361237048074,0.15455946904509815,1
qwen32B-int4_airline_50runs,924cda17-2d2e-4674-911b-385d8be5ca81,22,0.04575398319355947,0.37973412445613314,1
qwen32B-int4_airline_50runs,924cda17-2d2e-4674-911b-385d8be5ca81,24,0.24463689697668065,0.08266184685078072,1
qwen32B-int4_airline_50runs,924cda17-2d2e-4674-911b-385d8be5ca81,26,0.0412798564459668,0.5131951400211879,1
qwen32B-int4_airline_50runs,924cda17-2d2e-4674-911b-385d8be5ca81,28,0.10773596528755465,0.20841121673583984,1
qwen32B-int4_airline_50runs,924cda17-2d2e-4674-911b-385d8be5ca81,30,0.08677623935939589,0.16938079487193713,1
qwen32B-int4_airline_50runs,924cda17-2d2e-4674-911b-385d8be5ca81,32,0.024996444595791364,1.0,1
qwen32B-int4_airline_50runs,924cda17-2d2e-4674-911b-385d8be5ca81,34,0.07938690076432041,1.0,1
qwen32B-int4_airline_50runs,924cda17-2d2e-4674-911b-385d8be5ca81,36,0.10749672554395107,0.32024097442626953,1
qwen32B-int4_airline_50runs,924cda17-2d2e-4674-911b-385d8be5ca81,38,0.04463936980279727,1.0,1
qwen32B-int4_airline_50runs,924cda17-2d2e-4674-911b-385d8be5ca81,40,0.05859093573128299,1.0,1
qwen32B-int4_airline_50runs,924cda17-2d2e-4674-911b-385d8be5ca81,42,0.08573538902166494,1.0,1
qwen32B-int4_airline_50runs,924cda17-2d2e-4674-911b-385d8be5ca81,44,0.0671895861229926,1.0,1
qwen32B-int4_airline_50runs,924cda17-2d2e-4674-911b-385d8be5ca81,46,0.05743567588867064,1.0,1
qwen32B-int4_airline_50runs,924cda17-2d2e-4674-911b-385d8be5ca81,48,0.04660296864263625,1.0,1
qwen32B-int4_airline_50runs,924cda17-2d2e-4674-911b-385d8be5ca81,50,0.0011989380416662662,0.5826138960172053,1
qwen32B-int4_airline_50runs,07f2a344-093d-418e-9948-2fe9f0a8668a,0,,,1
qwen32B-int4_airline_50runs,07f2a344-093d-418e-9948-2fe9f0a8668a,2,0.3828246935444068,0.0,1
qwen32B-int4_airline_50runs,07f2a344-093d-418e-9948-2fe9f0a8668a,4,0.00027646912014052285,0.0,1
qwen32B-int4_airline_50runs,07f2a344-093d-418e-9948-2fe9f0a8668a,6,0.3859307481716314,0.16040470711020538,1
qwen32B-int4_airline_50runs,07f2a344-093d-418e-9948-2fe9f0a8668a,8,0.34326104369779176,0.19145630890468382,1
qwen32B-int4_airline_50runs,07f2a344-093d-418e-9948-2fe9f0a8668a,10,9.914786945046217e-05,0.4286547601222992,1
qwen32B-int4_airline_50runs,07f2a344-093d-418e-9948-2fe9f0a8668a,12,0.3714473123727862,0.21120633367906536,1
qwen32B-int4_airline_50runs,07f2a344-093d-418e-9948-2fe9f0a8668a,14,0.0011417289289234133,0.1061823844909668,1
qwen32B-int4_airline_50runs,07f2a344-093d-418e-9948-2fe9f0a8668a,16,0.3800700971996209,0.09729203581809998,1
qwen32B-int4_retail_50runs,003ba2fb-a4e2-460f-b7f9-95ceaa965b9b,0,,,1
qwen32B-int4_retail_50runs,003ba2fb-a4e2-460f-b7f9-95ceaa965b9b,2,0.010563171524619323,0.0,1
qwen32B-int4_retail_50runs,003ba2fb-a4e2-460f-b7f9-95ceaa965b9b,4,0.013275244647098184,0.07098164302962166,1
qwen32B-int4_retail_50runs,003ba2fb-a4e2-460f-b7f9-95ceaa965b9b,6,0.0003577760406519169,0.21767314275105792,1
qwen32B-int4_retail_50runs,003ba2fb-a4e2-460f-b7f9-95ceaa965b9b,8,0.352621002393665,0.009219922449277794,1
qwen32B-int4_retail_50runs,003ba2fb-a4e2-460f-b7f9-95ceaa965b9b,10,0.002409636479101085,0.16558651626110077,1
qwen32B-int4_retail_50runs,003ba2fb-a4e2-460f-b7f9-95ceaa965b9b,12,0.22598736873634917,0.04073512554168701,1
qwen32B-int4_retail_50runs,003ba2fb-a4e2-460f-b7f9-95ceaa965b9b,14,9.830111007098476e-05,0.12292004823684693,1
qwen32B-int4_retail_50runs,003ba2fb-a4e2-460f-b7f9-95ceaa965b9b,16,0.3140266119107629,0.10099806551073419,1
qwen32B-int4_retail_50runs,003ba2fb-a4e2-460f-b7f9-95ceaa965b9b,18,0.006481409588026565,0.4664062261581421,1
qwen32B-int4_retail_50runs,003ba2fb-a4e2-460f-b7f9-95ceaa965b9b,20,0.02052139579454114,0.46980753540992737,1
qwen32B-int4_retail_50runs,003ba2fb-a4e2-460f-b7f9-95ceaa965b9b,22,0.010313808579351415,0.4721570312976837,1
qwen32B-int4_retail_50runs,003ba2fb-a4e2-460f-b7f9-95ceaa965b9b,24,0.015914273019803974,0.4788602888584137,1
qwen32B-int4_retail_50runs,003ba2fb-a4e2-460f-b7f9-95ceaa965b9b,26,0.2758615772813456,0.014728870656755235,1
qwen32B-int4_retail_50runs,003ba2fb-a4e2-460f-b7f9-95ceaa965b9b,28,5.589995270566755e-05,0.22639519827706472,1
qwen32B-int4_retail_50runs,003ba2fb-a4e2-460f-b7f9-95ceaa965b9b,30,0.14707818511756365,0.22322088793704384,1
qwen32B-int4_retail_50runs,f6dcd166-a800-4fff-9aec-3731f7739cea,0,,,0
qwen32B-int4_retail_50runs,f6dcd166-a800-4fff-9aec-3731f7739cea,2,0.01537156745048911,0.0,0
qwen32B-int4_retail_50runs,f6dcd166-a800-4fff-9aec-3731f7739cea,4,0.1929150859677975,0.025536494595663886,0
qwen32B-int4_retail_50runs,f6dcd166-a800-4fff-9aec-3731f7739cea,6,2.4290550225537624e-05,0.9833536744117737,0
qwen32B-int4_retail_50runs,f6dcd166-a800-4fff-9aec-3731f7739cea,8,0.007852434917268414,0.06289134174585342,0
qwen32B-int4_retail_50runs,f6dcd166-a800-4fff-9aec-3731f7739cea,10,0.32966015377245184,0.01582894495555333,0
qwen32B-int4_retail_50runs,f6dcd166-a800-4fff-9aec-3731f7739cea,12,0.3396969780417604,0.035945863723754884,0
qwen32B-int4_retail_50runs,f6dcd166-a800-4fff-9aec-3731f7739cea,14,0.0033708364406017438,0.19480857253074646,0
qwen32B-int4_retail_50runs,f6dcd166-a800-4fff-9aec-3731f7739cea,16,0.008844139406520875,0.90896075963974,0
qwen32B-int4_retail_50runs,f6dcd166-a800-4fff-9aec-3731f7739cea,18,0.19681315197915245,0.17314252853393555,0
qwen32B-int4_retail_50runs,f6dcd166-a800-4fff-9aec-3731f7739cea,20,0.1593264174039639,0.26780158792223246,0
qwen32B-int4_retail_50runs,f6dcd166-a800-4fff-9aec-3731f7739cea,22,6.858326444710796e-05,0.07908046245574951,0
qwen32B-int4_retail_50runs,f6dcd166-a800-4fff-9aec-3731f7739cea,24,0.24194162041442457,0.05392798005718074,0
qwen32B-int4_retail_50runs,07169c1f-359f-43b6-8bb5-45ca08061d1d,0,,,0
qwen32B-int4_retail_50runs,07169c1f-359f-43b6-8bb5-45ca08061d1d,2,0.014346469603792045,0.0,0
qwen32B-int4_retail_50runs,07169c1f-359f-43b6-8bb5-45ca08061d1d,4,0.19202443817525622,0.025536494595663886,0
qwen32B-int4_retail_50runs,07169c1f-359f-43b6-8bb5-45ca08061d1d,6,2.5775534695229553e-05,0.9833536744117737,0
qwen32B-int4_retail_50runs,07169c1f-359f-43b6-8bb5-45ca08061d1d,8,0.27278746370347806,0.07032531906257976,0
qwen32B-int4_retail_50runs,07169c1f-359f-43b6-8bb5-45ca08061d1d,10,0.021264307953516998,0.06289134174585342,0
qwen32B-int4_retail_50runs,07169c1f-359f-43b6-8bb5-45ca08061d1d,12,0.20093821856483987,0.030734888007563927,0
qwen32B-int4_retail_50runs,07169c1f-359f-43b6-8bb5-45ca08061d1d,14,0.1886428650677764,0.3607517162958781,0
qwen32B-int4_retail_50runs,07169c1f-359f-43b6-8bb5-45ca08061d1d,16,0.27038791161054004,0.15225872066285875,0
qwen32B-int4_retail_50runs,07169c1f-359f-43b6-8bb5-45ca08061d1d,18,0.14092961405797785,0.3863519649756582,0
qwen32B-int4_retail_50runs,07169c1f-359f-43b6-8bb5-45ca08061d1d,20,4.3922731860329186e-05,0.012077492318655314,0
qwen32B-int4_retail_50runs,07169c1f-359f-43b6-8bb5-45ca08061d1d,22,0.1978341152387755,0.07607216546029756,0
qwen32B-int4_retail_50runs,07169c1f-359f-43b6-8bb5-45ca08061d1d,24,0.00010735650503944174,0.7481093555688858,0
qwen32B-int4_retail_50runs,07169c1f-359f-43b6-8bb5-45ca08061d1d,26,0.31982493098346376,0.19445302751329208,0
qwen32B-int4_retail_50runs,07169c1f-359f-43b6-8bb5-45ca08061d1d,28,0.005751493647464079,0.05499200688468085,0
qwen32B-int4_retail_50runs,07169c1f-359f-43b6-8bb5-45ca08061d1d,30,0.16673091287695785,0.11523317373715915,0
qwen32B-int4_retail_50runs,07169c1f-359f-43b6-8bb5-45ca08061d1d,32,3.18033280005338e-05,0.055238601234224104,0
qwen32B-int4_retail_50runs,07169c1f-359f-43b6-8bb5-45ca08061d1d,34,0.20489535131652595,0.035268071981576776,0
qwen32B-int4_retail_50runs,fd489b38-3523-4480-9052-7718cb574f45,0,,,1
qwen32B-int4_retail_50runs,fd489b38-3523-4480-9052-7718cb574f45,2,0.19719861801942487,0.0,1
qwen32B-int4_retail_50runs,fd489b38-3523-4480-9052-7718cb574f45,4,3.085430678705987e-05,0.01934917425287181,1
qwen32B-int4_retail_50runs,fd489b38-3523-4480-9052-7718cb574f45,6,0.0013017921554467904,0.09239841252565384,1
qwen32B-int4_retail_50runs,fd489b38-3523-4480-9052-7718cb574f45,8,0.29266369050146224,0.10180776459830147,1
qwen32B-int4_retail_50runs,fd489b38-3523-4480-9052-7718cb574f45,10,0.0016170493401917144,0.12382710725069046,1
qwen32B-int4_retail_50runs,fd489b38-3523-4480-9052-7718cb574f45,12,0.014612916539040646,0.21767314275105792,1
qwen32B-int4_retail_50runs,fd489b38-3523-4480-9052-7718cb574f45,14,0.19934123139378782,0.16630608174535963,1
qwen32B-int4_retail_50runs,fd489b38-3523-4480-9052-7718cb574f45,16,0.015439252389011547,0.1878022849559784,1
qwen32B-int4_retail_50runs,fd489b38-3523-4480-9052-7718cb574f45,18,0.018147170392827577,0.4664062261581421,1
qwen32B-int4_retail_50runs,fd489b38-3523-4480-9052-7718cb574f45,20,0.010121921533120417,0.03238964080810547,1
qwen32B-int4_retail_50runs,fd489b38-3523-4480-9052-7718cb574f45,22,0.20813475692401212,0.0675413945708612,1
qwen32B-int4_retail_50runs,fd489b38-3523-4480-9052-7718cb574f45,24,4.162759837651464e-05,0.08110470904244317,1
qwen32B-int4_retail_50runs,fd489b38-3523-4480-9052-7718cb574f45,26,0.3208609285310276,0.09612242100943982,1
qwen32B-int4_retail_50runs,fd489b38-3523-4480-9052-7718cb574f45,28,0.00018130419016121528,0.18545080721378326,1
qwen32B-int4_retail_50runs,fd489b38-3523-4480-9052-7718cb574f45,30,0.08131509871646676,0.07540016855512346,1
qwen32B-int4_retail_50runs,fd489b38-3523-4480-9052-7718cb574f45,32,3.263590778788128e-05,0.18660764396190643,1
qwen32B-int4_retail_50runs,fd489b38-3523-4480-9052-7718cb574f45,34,0.1292238143575923,0.26950876116752626,1
qwen32B-int4_retail_50runs,4a5f406c-80a6-4db2-aa73-d4bfaa483867,0,,,0
qwen32B-int4_retail_50runs,4a5f406c-80a6-4db2-aa73-d4bfaa483867,2,0.16023709207580067,0.0,0
qwen32B-int4_retail_50runs,4a5f406c-80a6-4db2-aa73-d4bfaa483867,4,3.20791821926668e-05,0.032345784337897046,0
qwen32B-int4_retail_50runs,4a5f406c-80a6-4db2-aa73-d4bfaa483867,6,0.27435798528122407,0.03381846679581536,0
qwen32B-int4_retail_50runs,4a5f406c-80a6-4db2-aa73-d4bfaa483867,8,0.018056365902565652,0.09152290970087051,0
qwen32B-int4_retail_50runs,4a5f406c-80a6-4db2-aa73-d4bfaa483867,10,0.33025864889992296,0.09296820958455404,0
qwen32B-int4_retail_50runs,4a5f406c-80a6-4db2-aa73-d4bfaa483867,12,4.878003998793328e-05,0.4855188727378845,0
qwen32B-int4_retail_50runs,4a5f406c-80a6-4db2-aa73-d4bfaa483867,14,0.14333821284191636,0.05758792161941528,0
qwen32B-int4_retail_50runs,4a5f406c-80a6-4db2-aa73-d4bfaa483867,16,0.0006615801021421307,0.12936140298843385,0
qwen32B-int4_retail_50runs,4a5f406c-80a6-4db2-aa73-d4bfaa483867,18,0.2743339674370565,0.16649703566844648,0
qwen32B-int4_retail_50runs,4a5f406c-80a6-4db2-aa73-d4bfaa483867,20,0.29722526988964465,0.24391134954848379,0
qwen32B-int4_retail_50runs,4a5f406c-80a6-4db2-aa73-d4bfaa483867,22,0.0036496229317147908,0.18887396156787872,0
qwen32B-int4_retail_50runs,4a5f406c-80a6-4db2-aa73-d4bfaa483867,24,0.19259579710262315,0.11536941696435978,0
qwen32B-int4_retail_50runs,4a5f406c-80a6-4db2-aa73-d4bfaa483867,26,0.10577060824606872,0.2187137078430693,0
qwen32B-int4_retail_50runs,4a5f406c-80a6-4db2-aa73-d4bfaa483867,28,0.0007836425427938599,0.09558909279959542,0
qwen32B-int4_retail_50runs,4a5f406c-80a6-4db2-aa73-d4bfaa483867,30,0.19473923149740258,0.1442936611175537,0
qwen32B-int4_retail_50runs,d12693dd-46fe-493c-8760-f21e3f1bfbce,0,,,1
qwen32B-int4_retail_50runs,d12693dd-46fe-493c-8760-f21e3f1bfbce,2,0.16484319926339494,0.0,1
qwen32B-int4_retail_50runs,d12693dd-46fe-493c-8760-f21e3f1bfbce,4,0.17979035642465552,0.0,1
qwen32B-int4_retail_50runs,d12693dd-46fe-493c-8760-f21e3f1bfbce,6,2.193070711895315e-05,0.07098164302962166,1
qwen32B-int4_retail_50runs,d12693dd-46fe-493c-8760-f21e3f1bfbce,8,0.3312037493550333,0.06424671695345924,1
qwen32B-int4_retail_50runs,d12693dd-46fe-493c-8760-f21e3f1bfbce,10,0.3904124236569182,0.09920025110244753,1
qwen32B-int4_retail_50runs,d12693dd-46fe-493c-8760-f21e3f1bfbce,12,6.183194492770383e-05,0.09239841252565384,1
qwen32B-int4_retail_50runs,d12693dd-46fe-493c-8760-f21e3f1bfbce,14,0.104190899284732,0.13896130500955783,1
qwen32B-int4_retail_50runs,d12693dd-46fe-493c-8760-f21e3f1bfbce,16,0.21304524210385636,0.13910997658967972,1
qwen32B-int4_retail_50runs,d12693dd-46fe-493c-8760-f21e3f1bfbce,18,0.27265734923274637,0.3047621204302861,1
qwen32B-int4_retail_50runs,d12693dd-46fe-493c-8760-f21e3f1bfbce,20,0.3081627643431749,0.25390185688582945,1
qwen32B-int4_retail_50runs,d12693dd-46fe-493c-8760-f21e3f1bfbce,22,0.1217658819290814,0.40227223070044266,1
qwen32B-int4_retail_50runs,d12693dd-46fe-493c-8760-f21e3f1bfbce,24,3.436293486851483e-05,0.012802023887634278,1
qwen32B-int4_retail_50runs,d12693dd-46fe-493c-8760-f21e3f1bfbce,26,0.0886178327521416,0.280011200135754,1
qwen32B-int4_retail_50runs,d12693dd-46fe-493c-8760-f21e3f1bfbce,28,0.10073404740416636,0.10462312897046407,1
qwen32B-int4_retail_50runs,d12693dd-46fe-493c-8760-f21e3f1bfbce,30,0.05255536642000037,0.6272576451301575,1
qwen32B-int4_retail_50runs,d12693dd-46fe-493c-8760-f21e3f1bfbce,32,0.0762039510659844,0.2908277805034931,1
qwen32B-int4_retail_50runs,d12693dd-46fe-493c-8760-f21e3f1bfbce,34,6.395059384809443e-05,0.052131505807240804,1
qwen32B-int4_retail_50runs,d12693dd-46fe-493c-8760-f21e3f1bfbce,36,0.04221738185397017,0.35563657991588116,1
qwen32B-int4_retail_50runs,d12693dd-46fe-493c-8760-f21e3f1bfbce,38,0.0702338922353624,0.2201115050405826,1
qwen32B-int4_retail_50runs,d12693dd-46fe-493c-8760-f21e3f1bfbce,40,0.08451187489726018,0.17304926448398164,1
qwen32B-int4_retail_50runs,8246e281-eea0-4b36-9861-b06bef0ccbad,0,,,0
qwen32B-int4_retail_50runs,8246e281-eea0-4b36-9861-b06bef0ccbad,2,0.11531146263481451,0.0,0
qwen32B-int4_retail_50runs,8246e281-eea0-4b36-9861-b06bef0ccbad,4,5.47309164856655e-05,0.03207440125314813,0
qwen32B-int4_retail_50runs,8246e281-eea0-4b36-9861-b06bef0ccbad,6,0.21265279231214526,0.03234031971763162,0
qwen32B-int4_retail_50runs,8246e281-eea0-4b36-9861-b06bef0ccbad,8,0.010950308296430887,0.06750904023647308,0
qwen32B-int4_retail_50runs,8246e281-eea0-4b36-9861-b06bef0ccbad,10,0.22196086265370882,0.07226849891043999,0
qwen32B-int4_retail_50runs,8246e281-eea0-4b36-9861-b06bef0ccbad,12,0.00013920756614810113,0.4574422836303711,0
qwen32B-int4_retail_50runs,8246e281-eea0-4b36-9861-b06bef0ccbad,14,0.22116136354485358,0.2030798827900606,0
qwen32B-int4_retail_50runs,8246e281-eea0-4b36-9861-b06bef0ccbad,16,0.0007271339720007987,0.1304039239883423,0
qwen32B-int4_retail_50runs,8246e281-eea0-4b36-9861-b06bef0ccbad,18,0.19847126760483863,0.060410801245241744,0
qwen32B-int4_retail_50runs,8246e281-eea0-4b36-9861-b06bef0ccbad,20,0.0003413285638680757,0.1300506353378296,0
qwen32B-int4_retail_50runs,8246e281-eea0-4b36-9861-b06bef0ccbad,22,0.243934486179359,0.13288593292236328,0
qwen32B-int4_retail_50runs,8246e281-eea0-4b36-9861-b06bef0ccbad,24,0.28864419002805025,0.15072367543523962,0
qwen32B-int4_retail_50runs,8246e281-eea0-4b36-9861-b06bef0ccbad,26,0.2766870070124296,0.40559118444269354,0
qwen32B-int4_retail_50runs,8246e281-eea0-4b36-9861-b06bef0ccbad,28,0.0011047602212383917,1.0,0
qwen32B-int4_retail_50runs,8246e281-eea0-4b36-9861-b06bef0ccbad,30,0.11239409730177678,0.08545787497000261,0
qwen32B-int4_retail_50runs,8246e281-eea0-4b36-9861-b06bef0ccbad,32,0.0004335796276368965,0.13404476642608643,0
qwen32B-int4_retail_50runs,8246e281-eea0-4b36-9861-b06bef0ccbad,34,0.16562911559349872,0.06993738810221353,0
qwen32B-int4_retail_50runs,8246e281-eea0-4b36-9861-b06bef0ccbad,36,0.001648874945846144,1.0,0
qwen32B-int4_retail_50runs,8246e281-eea0-4b36-9861-b06bef0ccbad,38,0.15021393356068885,0.3070538145739858,0
qwen32B-int4_retail_50runs,8246e281-eea0-4b36-9861-b06bef0ccbad,40,0.0004571026803464539,0.461046427488327,0
qwen32B-int4_retail_50runs,8246e281-eea0-4b36-9861-b06bef0ccbad,42,0.19258724462393154,0.12235829463371864,0
qwen32B-int4_retail_50runs,8246e281-eea0-4b36-9861-b06bef0ccbad,44,0.0369493731059226,0.18887396156787872,0
qwen32B-int4_retail_50runs,8246e281-eea0-4b36-9861-b06bef0ccbad,46,0.19731439311716878,0.1843098567082332,0
qwen32B-int4_retail_50runs,8246e281-eea0-4b36-9861-b06bef0ccbad,48,0.00024973061858659664,0.07753013074398041,0
qwen32B-int4_retail_50runs,8246e281-eea0-4b36-9861-b06bef0ccbad,50,0.13787123606030724,0.2405666677575362,0
qwen32B-int4_retail_50runs,a50c1577-9860-42e9-8658-3814063bd427,0,,,0
qwen32B-int4_retail_50runs,a50c1577-9860-42e9-8658-3814063bd427,2,0.23911721519672693,0.0,0
qwen32B-int4_retail_50runs,a50c1577-9860-42e9-8658-3814063bd427,4,2.2964592924444737e-05,0.02230693743779109,0
qwen32B-int4_retail_50runs,a50c1577-9860-42e9-8658-3814063bd427,6,0.2560972431431734,0.04359103739261627,0
qwen32B-int4_retail_50runs,a50c1577-9860-42e9-8658-3814063bd427,8,0.0002636681819193739,0.088372603058815,0
qwen32B-int4_retail_50runs,a50c1577-9860-42e9-8658-3814063bd427,10,0.21480441902953884,0.17675611446070116,0
qwen32B-int4_retail_50runs,a50c1577-9860-42e9-8658-3814063bd427,12,5.188407405276213e-05,0.13404476642608643,0
qwen32B-int4_retail_50runs,a50c1577-9860-42e9-8658-3814063bd427,14,0.18902255030510873,0.27527799010276793,0
qwen32B-int4_retail_50runs,a50c1577-9860-42e9-8658-3814063bd427,16,8.115539024432479e-05,0.4767491817474365,0
qwen32B-int4_retail_50runs,a50c1577-9860-42e9-8658-3814063bd427,18,0.10445924963689086,0.5519417154377904,0
qwen32B-int4_retail_50runs,a50c1577-9860-42e9-8658-3814063bd427,20,0.0001340654321463697,0.461046427488327,0
qwen32B-int4_retail_50runs,a50c1577-9860-42e9-8658-3814063bd427,22,0.23983796285026812,0.1550157942633698,0
qwen32B-int4_retail_50runs,a50c1577-9860-42e9-8658-3814063bd427,24,0.25539083889225106,0.08646330114913313,0
qwen32B-int4_retail_50runs,a50c1577-9860-42e9-8658-3814063bd427,26,0.25617857418553464,0.21261719087275063,0
qwen32B-int4_retail_50runs,a50c1577-9860-42e9-8658-3814063bd427,28,0.002731746224195852,0.01967837276129887,0
qwen32B-int4_retail_50runs,a50c1577-9860-42e9-8658-3814063bd427,30,0.14251015332503583,0.3444493733919584,0
qwen32B-int4_retail_50runs,a50c1577-9860-42e9-8658-3814063bd427,32,0.012612286875941715,1.0,0
qwen32B-int4_retail_50runs,a50c1577-9860-42e9-8658-3814063bd427,34,0.07983958527431764,0.47590637515331136,0
qwen32B-int4_retail_50runs,a50c1577-9860-42e9-8658-3814063bd427,36,0.00016099510820826167,0.07776498049497604,0
qwen32B-int4_retail_50runs,a50c1577-9860-42e9-8658-3814063bd427,38,0.12324555265965456,0.22876750076970745,0
qwen32B-int4_retail_50runs,7ad4ffb0-0847-4bfc-9813-353d85f57b37,0,,,0
qwen32B-int4_retail_50runs,7ad4ffb0-0847-4bfc-9813-353d85f57b37,2,0.09470803743186358,0.0,0
qwen32B-int4_retail_50runs,7ad4ffb0-0847-4bfc-9813-353d85f57b37,4,3.320708739007472e-05,0.0,0
qwen32B-int4_retail_50runs,7ad4ffb0-0847-4bfc-9813-353d85f57b37,6,0.0009277459069451765,0.160495924949646,0
qwen32B-int4_retail_50runs,7ad4ffb0-0847-4bfc-9813-353d85f57b37,8,0.09321819258130057,0.0,0
qwen32B-int4_retail_50runs,7ad4ffb0-0847-4bfc-9813-353d85f57b37,10,0.18545968882123284,0.09877225756645203,0
qwen32B-int4_retail_50runs,7ad4ffb0-0847-4bfc-9813-353d85f57b37,12,0.10806462182817754,0.42388696917172136,0
qwen32B-int4_retail_50runs,7ad4ffb0-0847-4bfc-9813-353d85f57b37,14,0.2019448410084688,0.20688526332378387,0
qwen32B-int4_retail_50runs,7ad4ffb0-0847-4bfc-9813-353d85f57b37,16,9.645435175542616e-05,0.0665462775663896,0
qwen32B-int4_retail_50runs,7ad4ffb0-0847-4bfc-9813-353d85f57b37,18,0.09126033236171342,0.4679978681462152,0
qwen32B-int4_retail_50runs,849bb9f8-95a2-44d0-a2fb-b7a41d9c38aa,0,,,1
qwen32B-int4_retail_50runs,849bb9f8-95a2-44d0-a2fb-b7a41d9c38aa,2,0.11509297726073235,0.0,1
qwen32B-int4_retail_50runs,849bb9f8-95a2-44d0-a2fb-b7a41d9c38aa,4,5.4741415189754305e-05,0.03207440125314813,1
qwen32B-int4_retail_50runs,849bb9f8-95a2-44d0-a2fb-b7a41d9c38aa,6,0.21258212085346936,0.03234031971763162,1
qwen32B-int4_retail_50runs,849bb9f8-95a2-44d0-a2fb-b7a41d9c38aa,8,0.010911250005037232,0.06750904023647308,1
qwen32B-int4_retail_50runs,849bb9f8-95a2-44d0-a2fb-b7a41d9c38aa,10,0.22216916952048313,0.07226849891043999,1
qwen32B-int4_retail_50runs,849bb9f8-95a2-44d0-a2fb-b7a41d9c38aa,12,0.00013911878849992923,0.4574422836303711,1
qwen32B-int4_retail_50runs,849bb9f8-95a2-44d0-a2fb-b7a41d9c38aa,14,0.22087188471773322,0.2030798827900606,1
qwen32B-int4_retail_50runs,849bb9f8-95a2-44d0-a2fb-b7a41d9c38aa,16,0.004895858610491094,0.1304039239883423,1
qwen32B-int4_retail_50runs,849bb9f8-95a2-44d0-a2fb-b7a41d9c38aa,18,0.16288756653477518,0.029158668315156976,1
qwen32B-int4_retail_50runs,849bb9f8-95a2-44d0-a2fb-b7a41d9c38aa,20,0.00013839241363200472,0.1300506353378296,1
qwen32B-int4_retail_50runs,849bb9f8-95a2-44d0-a2fb-b7a41d9c38aa,22,0.26695629779726393,0.12948355549260188,1
qwen32B-int4_retail_50runs,849bb9f8-95a2-44d0-a2fb-b7a41d9c38aa,24,0.00026289162174782826,0.4767491817474365,1
qwen32B-int4_retail_50runs,849bb9f8-95a2-44d0-a2fb-b7a41d9c38aa,26,0.2223035625656323,0.24870575435699957,1
qwen32B-int4_retail_50runs,849bb9f8-95a2-44d0-a2fb-b7a41d9c38aa,28,0.010541880394327774,1.0,1
qwen32B-int4_retail_50runs,849bb9f8-95a2-44d0-a2fb-b7a41d9c38aa,30,0.24379827567446313,0.3907028036039384,1
qwen32B-int4_retail_50runs,849bb9f8-95a2-44d0-a2fb-b7a41d9c38aa,32,0.22159218325924177,0.1328904196139305,1
qwen32B-int4_retail_50runs,849bb9f8-95a2-44d0-a2fb-b7a41d9c38aa,34,0.0006489672310656884,1.0,1
qwen32B-int4_retail_50runs,849bb9f8-95a2-44d0-a2fb-b7a41d9c38aa,36,0.16365227723078468,0.10016962513327599,1
qwen32B-int4_retail_50runs,849bb9f8-95a2-44d0-a2fb-b7a41d9c38aa,38,0.00018740490884063132,0.12936140298843385,1
qwen32B-int4_retail_50runs,849bb9f8-95a2-44d0-a2fb-b7a41d9c38aa,40,0.12700040406601407,0.07797881910356425,1
qwen32B-int4_retail_50runs,849bb9f8-95a2-44d0-a2fb-b7a41d9c38aa,42,0.012287136860460866,0.17811307311058044,1
qwen32B-int4_retail_50runs,849bb9f8-95a2-44d0-a2fb-b7a41d9c38aa,44,0.17839699362715705,0.1356912334010286,1
qwen32B-int4_retail_50runs,849bb9f8-95a2-44d0-a2fb-b7a41d9c38aa,46,0.01361409085514045,0.7738708125220405,1
qwen32B-int4_retail_50runs,849bb9f8-95a2-44d0-a2fb-b7a41d9c38aa,48,0.16181703963581123,0.21384594270161222,1
qwen32B-int4_retail_50runs,849bb9f8-95a2-44d0-a2fb-b7a41d9c38aa,50,0.009219315432155846,0.06308622360229492,1
qwen32B-int4_retail_50runs,849bb9f8-95a2-44d0-a2fb-b7a41d9c38aa,52,0.054015463243913146,0.20232003264957002,1
qwen32B-int4_retail_50runs,849bb9f8-95a2-44d0-a2fb-b7a41d9c38aa,54,0.005638609967897815,0.0702153378062778,1
qwen32B-int4_retail_50runs,849bb9f8-95a2-44d0-a2fb-b7a41d9c38aa,56,0.11556216042811482,0.06656721288507635,1
qwen32B-int4_retail_50runs,849bb9f8-95a2-44d0-a2fb-b7a41d9c38aa,58,0.00037045458411085684,0.7758229970932007,1
qwen32B-int4_retail_50runs,849bb9f8-95a2-44d0-a2fb-b7a41d9c38aa,60,0.2014836298948567,0.5013295156615121,1
qwen32B-int4_retail_50runs,849bb9f8-95a2-44d0-a2fb-b7a41d9c38aa,62,0.00038489241657947677,0.7757280535168118,1
qwen32B-int4_retail_50runs,849bb9f8-95a2-44d0-a2fb-b7a41d9c38aa,64,0.11895313979628666,0.556089000268416,1
qwen32B-int4_retail_50runs,849bb9f8-95a2-44d0-a2fb-b7a41d9c38aa,66,0.0005163018485097083,0.7772374616728889,1
qwen32B-int4_retail_50runs,849bb9f8-95a2-44d0-a2fb-b7a41d9c38aa,68,0.07127495889094587,0.6528887351353962,1
qwen32B-int4_retail_50runs,849bb9f8-95a2-44d0-a2fb-b7a41d9c38aa,70,0.0002904837604655965,0.7772723237673441,1
qwen32B-int4_retail_50runs,849bb9f8-95a2-44d0-a2fb-b7a41d9c38aa,72,0.14144597034398831,0.23818719387054443,1
qwen32B-int4_retail_50runs,849bb9f8-95a2-44d0-a2fb-b7a41d9c38aa,74,0.0001197076314928094,0.028167838003577257,1
qwen32B-int4_retail_50runs,6d13888f-1191-4411-879a-1fcc8f32ffa3,0,,,0
qwen32B-int4_retail_50runs,6d13888f-1191-4411-879a-1fcc8f32ffa3,2,0.21981357601804116,0.0,0
qwen32B-int4_retail_50runs,6d13888f-1191-4411-879a-1fcc8f32ffa3,4,1.8964875445388115e-05,0.02230693743779109,0
qwen32B-int4_retail_50runs,6d13888f-1191-4411-879a-1fcc8f32ffa3,6,0.01017723332381203,0.088372603058815,0
qwen32B-int4_retail_50runs,6d13888f-1191-4411-879a-1fcc8f32ffa3,8,0.2273651239612843,0.11349569006663998,0
qwen32B-int4_retail_50runs,6d13888f-1191-4411-879a-1fcc8f32ffa3,10,0.24676040019634254,0.3105729785230425,0
qwen32B-int4_retail_50runs,6d13888f-1191-4411-879a-1fcc8f32ffa3,12,0.024245082769391683,0.12983305454254152,0
qwen32B-int4_retail_50runs,6d13888f-1191-4411-879a-1fcc8f32ffa3,14,0.1907250600242386,0.038856909326885056,0
qwen32B-int4_retail_50runs,6d13888f-1191-4411-879a-1fcc8f32ffa3,16,0.00048431583182180715,1.0,0
qwen32B-int4_retail_50runs,6d13888f-1191-4411-879a-1fcc8f32ffa3,18,0.30510454678915216,0.22241108998274192,0
qwen32B-int4_retail_50runs,6d13888f-1191-4411-879a-1fcc8f32ffa3,20,0.0028888649311426665,1.0,0
qwen32B-int4_retail_50runs,6d13888f-1191-4411-879a-1fcc8f32ffa3,22,0.22620996931592327,0.044473213061951754,0
qwen32B-int4_retail_50runs,6d13888f-1191-4411-879a-1fcc8f32ffa3,24,7.165480988818287e-05,0.13404476642608643,0
qwen32B-int4_retail_50runs,6d13888f-1191-4411-879a-1fcc8f32ffa3,26,0.2194297602172311,0.15005684324673244,0
qwen32B-int4_retail_50runs,6d13888f-1191-4411-879a-1fcc8f32ffa3,28,0.00019729111368972413,0.4767491817474365,0
qwen32B-int4_retail_50runs,6d13888f-1191-4411-879a-1fcc8f32ffa3,30,0.19148845521683455,0.37875051299730933,0
qwen32B-int4_retail_50runs,6d13888f-1191-4411-879a-1fcc8f32ffa3,32,0.15513889579622717,0.13106795574756377,0
qwen32B-int4_retail_50runs,6d13888f-1191-4411-879a-1fcc8f32ffa3,34,0.15032789969265975,0.15606527328491213,0
qwen32B-int4_retail_50runs,6d13888f-1191-4411-879a-1fcc8f32ffa3,36,0.15257448497544696,0.11800616004250265,0
qwen32B-int4_retail_50runs,6d13888f-1191-4411-879a-1fcc8f32ffa3,38,0.12007657425791052,0.32519363379869304,0
qwen32B-int4_retail_50runs,6d13888f-1191-4411-879a-1fcc8f32ffa3,40,0.003936539271094652,0.0199649977684021,0
qwen32B-int4_retail_50runs,6d13888f-1191-4411-879a-1fcc8f32ffa3,42,0.21638730052354643,0.1590153203494307,0
qwen32B-int4_retail_50runs,5249670c-1694-4c92-92f0-1a4d72f4d1f2,0,,,1
qwen32B-int4_retail_50runs,5249670c-1694-4c92-92f0-1a4d72f4d1f2,2,0.09314946970932088,0.0,1
qwen32B-int4_retail_50runs,5249670c-1694-4c92-92f0-1a4d72f4d1f2,4,3.2850007691154204e-05,0.0,1
qwen32B-int4_retail_50runs,5249670c-1694-4c92-92f0-1a4d72f4d1f2,6,0.011025700461304192,0.160495924949646,1
qwen32B-int4_retail_50runs,5249670c-1694-4c92-92f0-1a4d72f4d1f2,8,0.2835534732825944,0.07652847663215968,1
qwen32B-int4_retail_50runs,5249670c-1694-4c92-92f0-1a4d72f4d1f2,10,0.16515313070528195,0.16581861900560785,1
qwen32B-int4_retail_50runs,5249670c-1694-4c92-92f0-1a4d72f4d1f2,12,0.20718511381251237,0.29297518014907836,1
qwen32B-int4_retail_50runs,5249670c-1694-4c92-92f0-1a4d72f4d1f2,14,0.0041481352310484,0.022866559439692003,1
qwen32B-int4_retail_50runs,5249670c-1694-4c92-92f0-1a4d72f4d1f2,16,0.0023620476670666137,0.462428480386734,1
qwen32B-int4_retail_50runs,5249670c-1694-4c92-92f0-1a4d72f4d1f2,18,0.1596513028520438,0.2837232411917993,1
qwen32B-int4_retail_50runs,ae5d30fa-1a96-4d24-8d37-2f2b7ff579ce,0,,,0
qwen32B-int4_retail_50runs,ae5d30fa-1a96-4d24-8d37-2f2b7ff579ce,2,0.09166670721369691,0.0,0
qwen32B-int4_retail_50runs,ae5d30fa-1a96-4d24-8d37-2f2b7ff579ce,4,2.4169823748865227e-05,0.0,0
qwen32B-int4_retail_50runs,ae5d30fa-1a96-4d24-8d37-2f2b7ff579ce,6,0.007403947945004082,0.160495924949646,0
qwen32B-int4_retail_50runs,ae5d30fa-1a96-4d24-8d37-2f2b7ff579ce,8,0.30303268231809655,0.01835179328918457,0
qwen32B-int4_retail_50runs,ae5d30fa-1a96-4d24-8d37-2f2b7ff579ce,10,0.02756125839437755,0.12628440856933595,0
qwen32B-int4_retail_50runs,ae5d30fa-1a96-4d24-8d37-2f2b7ff579ce,12,0.3536567785352049,0.047962489651470645,0
qwen32B-int4_retail_50runs,ae5d30fa-1a96-4d24-8d37-2f2b7ff579ce,14,0.002387879827094442,0.221056478364127,0
qwen32B-int4_retail_50runs,ae5d30fa-1a96-4d24-8d37-2f2b7ff579ce,16,0.2731979787930511,0.05430462031528868,0
qwen32B-int4_retail_50runs,cef8fe91-0da6-4a68-a0a6-3aaf53832f22,0,,,0
qwen32B-int4_retail_50runs,cef8fe91-0da6-4a68-a0a6-3aaf53832f22,2,0.09011461864817034,0.0,0
qwen32B-int4_retail_50runs,cef8fe91-0da6-4a68-a0a6-3aaf53832f22,4,4.6937193427520896e-05,0.0,0
qwen32B-int4_retail_50runs,cef8fe91-0da6-4a68-a0a6-3aaf53832f22,6,0.011371799398818657,0.160495924949646,0
qwen32B-int4_retail_50runs,cef8fe91-0da6-4a68-a0a6-3aaf53832f22,8,0.2237545476584627,0.029942033868847473,0
qwen32B-int4_retail_50runs,cef8fe91-0da6-4a68-a0a6-3aaf53832f22,10,0.2550976568606388,0.0844411994959857,0
qwen32B-int4_retail_50runs,cef8fe91-0da6-4a68-a0a6-3aaf53832f22,12,0.2284891166074447,0.08914319984614849,0
qwen32B-int4_retail_50runs,cef8fe91-0da6-4a68-a0a6-3aaf53832f22,14,0.001779244338653326,0.05267485618591309,0
qwen32B-int4_retail_50runs,cef8fe91-0da6-4a68-a0a6-3aaf53832f22,16,0.2068620007108921,0.17787973295178328,0
qwen32B-int4_retail_50runs,cef8fe91-0da6-4a68-a0a6-3aaf53832f22,18,2.6721728034589436e-05,0.6885358691215515,0
qwen32B-int4_retail_50runs,cef8fe91-0da6-4a68-a0a6-3aaf53832f22,20,0.1410935784915927,0.103240421662728,0
qwen32B-int4_retail_50runs,cef8fe91-0da6-4a68-a0a6-3aaf53832f22,22,0.22771572381200603,0.1542133331298828,0
qwen32B-int4_retail_50runs,cef8fe91-0da6-4a68-a0a6-3aaf53832f22,24,0.0934418515366274,0.06911652243655661,0
qwen32B-int4_retail_50runs,a013f891-cd3a-42ff-86fb-0a86f513fb07,0,,,1
qwen32B-int4_retail_50runs,a013f891-cd3a-42ff-86fb-0a86f513fb07,2,0.11627371755475721,0.0,1
qwen32B-int4_retail_50runs,a013f891-cd3a-42ff-86fb-0a86f513fb07,4,5.5790019722889994e-05,0.0,1
qwen32B-int4_retail_50runs,a013f891-cd3a-42ff-86fb-0a86f513fb07,6,0.3010654457889323,0.03470357921388414,1
qwen32B-int4_retail_50runs,a013f891-cd3a-42ff-86fb-0a86f513fb07,8,2.743863822492661e-05,0.160495924949646,1
qwen32B-int4_retail_50runs,a013f891-cd3a-42ff-86fb-0a86f513fb07,10,0.3140484896953894,0.1856885618633694,1
qwen32B-int4_retail_50runs,a013f891-cd3a-42ff-86fb-0a86f513fb07,12,0.1062085183859017,0.09459844893879361,1
qwen32B-int4_retail_50runs,a013f891-cd3a-42ff-86fb-0a86f513fb07,14,0.18966901911830292,0.09552206353443424,1
qwen32B-int4_retail_50runs,a013f891-cd3a-42ff-86fb-0a86f513fb07,16,0.2381303213445233,0.20096419295486137,1
qwen32B-int4_retail_50runs,a013f891-cd3a-42ff-86fb-0a86f513fb07,18,1.2839865589653917e-05,0.06595019860701128,1
qwen32B-int4_retail_50runs,a013f891-cd3a-42ff-86fb-0a86f513fb07,20,0.06284463478353265,0.24374511506822374,1
qwen32B-int4_retail_50runs,a013f891-cd3a-42ff-86fb-0a86f513fb07,22,0.11817092809101418,0.08735685795545578,1
qwen32B-int4_retail_50runs,a013f891-cd3a-42ff-86fb-0a86f513fb07,24,0.00045996184669022227,0.46605485677719116,1
qwen32B-int4_retail_50runs,a013f891-cd3a-42ff-86fb-0a86f513fb07,26,0.0923949865829174,0.28178331126337464,1
qwen32B-int4_retail_50runs,fbde9091-b302-45f7-9a65-e8884e5193d0,0,,,1
qwen32B-int4_retail_50runs,fbde9091-b302-45f7-9a65-e8884e5193d0,2,0.13706943847320055,0.0,1
qwen32B-int4_retail_50runs,fbde9091-b302-45f7-9a65-e8884e5193d0,4,6.097767680434207e-05,0.03149631776307758,1
qwen32B-int4_retail_50runs,fbde9091-b302-45f7-9a65-e8884e5193d0,6,0.25125801095365996,0.11760783195495605,1
qwen32B-int4_retail_50runs,fbde9091-b302-45f7-9a65-e8884e5193d0,8,0.2641731943505242,0.24325467122567668,1
qwen32B-int4_retail_50runs,fbde9091-b302-45f7-9a65-e8884e5193d0,10,0.0076851552996569875,0.10116634198597499,1
qwen32B-int4_retail_50runs,fbde9091-b302-45f7-9a65-e8884e5193d0,12,0.12704504846213432,0.1226352700820336,1
qwen32B-int4_retail_50runs,fbde9091-b302-45f7-9a65-e8884e5193d0,14,0.05115801358158285,0.005263456503550212,1
qwen32B-int4_retail_50runs,d83db933-d335-4b57-8ec1-3e01a164d45c,0,,,1
qwen32B-int4_retail_50runs,d83db933-d335-4b57-8ec1-3e01a164d45c,2,0.11986452236416767,0.0,1
qwen32B-int4_retail_50runs,d83db933-d335-4b57-8ec1-3e01a164d45c,4,5.006471999495208e-05,0.029134902358055118,1
qwen32B-int4_retail_50runs,d83db933-d335-4b57-8ec1-3e01a164d45c,6,0.22213442048398965,0.040992017303194316,1
qwen32B-int4_retail_50runs,d83db933-d335-4b57-8ec1-3e01a164d45c,8,0.002268943654116132,0.09643112123012543,1
qwen32B-int4_retail_50runs,d83db933-d335-4b57-8ec1-3e01a164d45c,10,0.2448242631811403,0.06625726819038391,1
qwen32B-int4_retail_50runs,d83db933-d335-4b57-8ec1-3e01a164d45c,12,0.2917383139528373,0.12106507474725897,1
qwen32B-int4_retail_50runs,d83db933-d335-4b57-8ec1-3e01a164d45c,14,0.23977608604611803,0.2172520515081045,1
qwen32B-int4_retail_50runs,d83db933-d335-4b57-8ec1-3e01a164d45c,16,0.2212668842851006,0.16389724455381693,1
qwen32B-int4_retail_50runs,d83db933-d335-4b57-8ec1-3e01a164d45c,18,0.2194899670767499,0.19038939266874078,1
qwen32B-int4_retail_50runs,d83db933-d335-4b57-8ec1-3e01a164d45c,20,0.14707074606416753,0.3224395767171332,1
qwen32B-int4_retail_50runs,d83db933-d335-4b57-8ec1-3e01a164d45c,22,5.2624049388771965e-05,0.0,1
qwen32B-int4_retail_50runs,d83db933-d335-4b57-8ec1-3e01a164d45c,24,0.09931036548189175,1.0,1
qwen32B-int4_retail_50runs,d83db933-d335-4b57-8ec1-3e01a164d45c,26,0.08756616414671588,0.27797940837012397,1
qwen32B-int4_retail_50runs,d83db933-d335-4b57-8ec1-3e01a164d45c,28,0.11622173510351057,1.0,1
qwen32B-int4_retail_50runs,d83db933-d335-4b57-8ec1-3e01a164d45c,30,0.1648385160177337,0.5392853053552764,1
qwen32B-int4_retail_50runs,d83db933-d335-4b57-8ec1-3e01a164d45c,32,0.04630986801145474,0.5428940972616506,1
qwen32B-int4_retail_50runs,d83db933-d335-4b57-8ec1-3e01a164d45c,34,0.00010801346310911342,0.020532243251800537,1
qwen32B-int4_retail_50runs,d83db933-d335-4b57-8ec1-3e01a164d45c,36,0.13274342738958209,0.3405868775314755,1
qwen32B-int4_retail_50runs,0d701eb9-7651-441e-8b90-a8dc4e2c8e09,0,,,0
qwen32B-int4_retail_50runs,0d701eb9-7651-441e-8b90-a8dc4e2c8e09,2,0.3598789072813985,0.0,0
qwen32B-int4_retail_50runs,0d701eb9-7651-441e-8b90-a8dc4e2c8e09,4,3.13999282904798e-05,0.031176097691059113,0
qwen32B-int4_retail_50runs,0d701eb9-7651-441e-8b90-a8dc4e2c8e09,6,0.25226500685245284,0.16997512578964236,0
qwen32B-int4_retail_50runs,0d701eb9-7651-441e-8b90-a8dc4e2c8e09,8,0.2392888133228955,0.0664798249589636,0
qwen32B-int4_retail_50runs,0d701eb9-7651-441e-8b90-a8dc4e2c8e09,10,0.2338953316401482,0.10407524903615316,0
qwen32B-int4_retail_50runs,0d701eb9-7651-441e-8b90-a8dc4e2c8e09,12,0.0010974269961539088,0.0,0
qwen32B-int4_retail_50runs,0d701eb9-7651-441e-8b90-a8dc4e2c8e09,14,0.23368177636643467,0.14491987228393555,0
qwen32B-int4_retail_50runs,0d701eb9-7651-441e-8b90-a8dc4e2c8e09,16,0.0030175352588968926,0.1273846507072449,0
qwen32B-int4_retail_50runs,0d701eb9-7651-441e-8b90-a8dc4e2c8e09,18,0.32377870504521866,0.17064897132956464,0
qwen32B-int4_retail_50runs,0d701eb9-7651-441e-8b90-a8dc4e2c8e09,20,0.2902991344435839,0.13567233804998727,0
qwen32B-int4_retail_50runs,0d701eb9-7651-441e-8b90-a8dc4e2c8e09,22,0.00010600001184142748,0.18588469922542572,0
qwen32B-int4_retail_50runs,0d701eb9-7651-441e-8b90-a8dc4e2c8e09,24,0.16828482840054837,0.10718955099582672,0
qwen32B-int4_retail_50runs,0d701eb9-7651-441e-8b90-a8dc4e2c8e09,26,0.04868460172914436,0.019415851682424545,0
qwen32B-int4_retail_50runs,f6042648-7062-4996-9458-993068fabfde,0,,,1
qwen32B-int4_retail_50runs,f6042648-7062-4996-9458-993068fabfde,2,0.10665172828712181,0.0,1
qwen32B-int4_retail_50runs,f6042648-7062-4996-9458-993068fabfde,4,5.64240580149346e-05,0.028559219269525437,1
qwen32B-int4_retail_50runs,f6042648-7062-4996-9458-993068fabfde,6,0.19281957453532098,0.02473106167533181,1
qwen32B-int4_retail_50runs,f6042648-7062-4996-9458-993068fabfde,8,0.003407461270087892,0.09643112123012543,1
qwen32B-int4_retail_50runs,f6042648-7062-4996-9458-993068fabfde,10,0.2266271164874106,0.08206471274880801,1
qwen32B-int4_retail_50runs,f6042648-7062-4996-9458-993068fabfde,12,0.00027046476691706717,0.12530925273895263,1
qwen32B-int4_retail_50runs,f6042648-7062-4996-9458-993068fabfde,14,0.031805739735848854,0.4613596200942993,1
qwen32B-int4_retail_50runs,f6042648-7062-4996-9458-993068fabfde,16,0.005432662601380204,0.46672677993774414,1
qwen32B-int4_retail_50runs,f6042648-7062-4996-9458-993068fabfde,18,0.22310568842380443,0.0,1
qwen32B-int4_retail_50runs,f6042648-7062-4996-9458-993068fabfde,20,0.0005202990769772837,0.07650411128997803,1
qwen32B-int4_retail_50runs,f6042648-7062-4996-9458-993068fabfde,22,0.0013368987684207303,0.7268494069576263,1
qwen32B-int4_retail_50runs,f6042648-7062-4996-9458-993068fabfde,24,0.15028427889102491,0.28385984897613525,1
qwen32B-int4_retail_50runs,f6042648-7062-4996-9458-993068fabfde,26,0.0006508213195897294,0.054814706246058144,1
qwen32B-int4_retail_50runs,f6042648-7062-4996-9458-993068fabfde,28,0.19732155609889868,0.17987558976659235,1
qwen32B-int4_retail_50runs,f6042648-7062-4996-9458-993068fabfde,30,0.00046441746322854223,1.0,1
qwen32B-int4_retail_50runs,f6042648-7062-4996-9458-993068fabfde,32,0.11472057154732641,0.24939293861389158,1
qwen32B-int4_retail_50runs,f6042648-7062-4996-9458-993068fabfde,34,0.0016108638412844776,0.4646330177783966,1
qwen32B-int4_retail_50runs,f6042648-7062-4996-9458-993068fabfde,36,0.19303379322980535,0.13678800384953338,1
qwen32B-int4_retail_50runs,f6042648-7062-4996-9458-993068fabfde,38,0.00424762836933949,0.12530925273895263,1
qwen32B-int4_retail_50runs,f6042648-7062-4996-9458-993068fabfde,40,0.0952325542094557,0.08283003252379749,1
qwen32B-int4_retail_50runs,f6042648-7062-4996-9458-993068fabfde,42,0.04449432289689907,1.0,1
qwen32B-int4_retail_50runs,f6042648-7062-4996-9458-993068fabfde,44,0.15418958163531363,0.07658267910800763,1
qwen32B-int4_retail_50runs,f6042648-7062-4996-9458-993068fabfde,46,0.14506501813696815,1.0,1
qwen32B-int4_retail_50runs,f6042648-7062-4996-9458-993068fabfde,48,0.12655540796901496,0.5118811707342825,1
qwen32B-int4_retail_50runs,f6042648-7062-4996-9458-993068fabfde,50,0.10067879096264472,0.5236472814050439,1
qwen32B-int4_retail_50runs,f6042648-7062-4996-9458-993068fabfde,52,0.08843334932623652,1.0,1
qwen32B-int4_retail_50runs,f6042648-7062-4996-9458-993068fabfde,54,0.13457043544475863,0.521816190551309,1
qwen32B-int4_retail_50runs,076407e4-5fbd-4029-9a4b-dd9c71646250,0,,,1
qwen32B-int4_retail_50runs,076407e4-5fbd-4029-9a4b-dd9c71646250,2,0.2628534361402284,0.0,1
qwen32B-int4_retail_50runs,076407e4-5fbd-4029-9a4b-dd9c71646250,4,1.3468381987561422e-05,0.015474489993519252,1
qwen32B-int4_retail_50runs,076407e4-5fbd-4029-9a4b-dd9c71646250,6,0.0032186017193886586,0.09506595134735107,1
qwen32B-int4_retail_50runs,076407e4-5fbd-4029-9a4b-dd9c71646250,8,0.29670907765253934,0.20627476018050622,1
qwen32B-int4_retail_50runs,076407e4-5fbd-4029-9a4b-dd9c71646250,10,0.0003795062855760597,0.1273846507072449,1
qwen32B-int4_retail_50runs,076407e4-5fbd-4029-9a4b-dd9c71646250,12,0.17317108478119828,0.21820804844163869,1
qwen32B-int4_retail_50runs,076407e4-5fbd-4029-9a4b-dd9c71646250,14,0.00668401347680072,0.1947890967130661,1
qwen32B-int4_retail_50runs,076407e4-5fbd-4029-9a4b-dd9c71646250,16,0.09027902039947502,0.301819105943044,1
qwen32B-int4_retail_50runs,076407e4-5fbd-4029-9a4b-dd9c71646250,18,0.1433842991969828,0.2090670928663137,1
qwen32B-int4_retail_50runs,076407e4-5fbd-4029-9a4b-dd9c71646250,20,0.0556788724817607,0.5814728790254735,1
qwen32B-int4_retail_50runs,076407e4-5fbd-4029-9a4b-dd9c71646250,22,0.36520105352930216,0.17027076039203376,1
qwen32B-int4_retail_50runs,076407e4-5fbd-4029-9a4b-dd9c71646250,24,0.16363008856797143,0.4459986556798984,1
qwen32B-int4_retail_50runs,076407e4-5fbd-4029-9a4b-dd9c71646250,26,0.1454834913810356,0.29997155647124013,1
qwen32B-int4_retail_50runs,076407e4-5fbd-4029-9a4b-dd9c71646250,28,0.14202680841036128,0.1640784740447998,1
qwen32B-int4_retail_50runs,a35e1c2a-af9e-4f7d-9cea-2f976dbe9005,0,,,1
qwen32B-int4_retail_50runs,a35e1c2a-af9e-4f7d-9cea-2f976dbe9005,2,0.12829622600227938,0.0,1
qwen32B-int4_retail_50runs,a35e1c2a-af9e-4f7d-9cea-2f976dbe9005,4,0.2553100262738982,0.23289670944213867,1
qwen32B-int4_retail_50runs,a35e1c2a-af9e-4f7d-9cea-2f976dbe9005,6,1.8991525089183548e-05,0.031108241332204717,1
qwen32B-int4_retail_50runs,a35e1c2a-af9e-4f7d-9cea-2f976dbe9005,8,0.24521004034991306,0.03339938740981253,1
qwen32B-int4_retail_50runs,a35e1c2a-af9e-4f7d-9cea-2f976dbe9005,10,0.0009355258170550465,0.14120084397933064,1
qwen32B-int4_retail_50runs,a35e1c2a-af9e-4f7d-9cea-2f976dbe9005,12,0.1287561158226586,0.12872319530557702,1
qwen32B-int4_retail_50runs,a35e1c2a-af9e-4f7d-9cea-2f976dbe9005,14,0.26561624875778495,0.14055990296251633,1
qwen32B-int4_retail_50runs,a35e1c2a-af9e-4f7d-9cea-2f976dbe9005,16,1.4195868127349816e-05,0.5058742231792874,1
qwen32B-int4_retail_50runs,a35e1c2a-af9e-4f7d-9cea-2f976dbe9005,18,0.051476795875962475,0.19756828442863797,1
qwen32B-int4_retail_50runs,bb408814-999f-4534-9c78-304d8e8f1049,0,,,1
qwen32B-int4_retail_50runs,bb408814-999f-4534-9c78-304d8e8f1049,2,0.1488338740340032,0.0,1
qwen32B-int4_retail_50runs,bb408814-999f-4534-9c78-304d8e8f1049,4,3.547476313122565e-05,0.03492550787172819,1
qwen32B-int4_retail_50runs,bb408814-999f-4534-9c78-304d8e8f1049,6,0.23542437009032044,0.0548012045121962,1
qwen32B-int4_retail_50runs,bb408814-999f-4534-9c78-304d8e8f1049,8,0.36305583093186694,0.13608983836390756,1
qwen32B-int4_retail_50runs,bb408814-999f-4534-9c78-304d8e8f1049,10,0.0021998709441088376,0.0926462933421135,1
qwen32B-int4_retail_50runs,bb408814-999f-4534-9c78-304d8e8f1049,12,0.24755939199770083,0.18738204666546412,1
qwen32B-int4_retail_50runs,bb408814-999f-4534-9c78-304d8e8f1049,14,0.005031161522523296,0.12078183889389038,1
qwen32B-int4_retail_50runs,bb408814-999f-4534-9c78-304d8e8f1049,16,0.021656088816309767,0.47166427969932556,1
qwen32B-int4_retail_50runs,bb408814-999f-4534-9c78-304d8e8f1049,18,0.037347466233666735,0.4798695147037506,1
qwen32B-int4_retail_50runs,bb408814-999f-4534-9c78-304d8e8f1049,20,0.18873095566810755,0.0,1
qwen32B-int4_retail_50runs,bb408814-999f-4534-9c78-304d8e8f1049,22,0.0002493591358834075,0.18387871980667114,1
qwen32B-int4_retail_50runs,bb408814-999f-4534-9c78-304d8e8f1049,24,0.2239466709487629,0.07911002533189182,1
qwen32B-int4_retail_50runs,bb408814-999f-4534-9c78-304d8e8f1049,26,0.1705604204210668,0.10578762888908386,1
qwen32B-int4_retail_50runs,bb408814-999f-4534-9c78-304d8e8f1049,28,0.00039592710061095535,1.0,1
qwen32B-int4_retail_50runs,bb408814-999f-4534-9c78-304d8e8f1049,30,0.0057501583957158065,1.0,1
qwen32B-int4_retail_50runs,bb408814-999f-4534-9c78-304d8e8f1049,32,0.10257827794437432,0.13338616343795276,1
qwen32B-int4_retail_50runs,bb408814-999f-4534-9c78-304d8e8f1049,34,0.12156181426591221,0.31969889727505774,1
qwen32B-int4_retail_50runs,bb408814-999f-4534-9c78-304d8e8f1049,36,0.14831082747760163,0.09984803199768066,1
qwen32B-int4_retail_50runs,bb408814-999f-4534-9c78-304d8e8f1049,38,0.11213674109123044,0.18855154514312744,1
qwen32B-int4_retail_50runs,1d3ebe52-ccdb-48fc-a699-921cf6ffb6c4,0,,,1
qwen32B-int4_retail_50runs,1d3ebe52-ccdb-48fc-a699-921cf6ffb6c4,2,0.19164633277064363,0.0,1
qwen32B-int4_retail_50runs,1d3ebe52-ccdb-48fc-a699-921cf6ffb6c4,4,0.28328463129007114,0.14972438501275104,1
qwen32B-int4_retail_50runs,1d3ebe52-ccdb-48fc-a699-921cf6ffb6c4,6,1.7662234599432245e-05,0.018220104773839313,1
qwen32B-int4_retail_50runs,1d3ebe52-ccdb-48fc-a699-921cf6ffb6c4,8,0.14497216160359275,0.22485076283153735,1
qwen32B-int4_retail_50runs,1d3ebe52-ccdb-48fc-a699-921cf6ffb6c4,10,0.03500717311581525,0.06150522828102112,1
qwen32B-int4_retail_50runs,1d3ebe52-ccdb-48fc-a699-921cf6ffb6c4,12,0.23073120100563696,0.04266318480173747,1
qwen32B-int4_retail_50runs,1d3ebe52-ccdb-48fc-a699-921cf6ffb6c4,14,0.0008847464509826792,1.0,1
qwen32B-int4_retail_50runs,1d3ebe52-ccdb-48fc-a699-921cf6ffb6c4,16,0.1674579735718519,0.5852077507203626,1
qwen32B-int4_retail_50runs,1d3ebe52-ccdb-48fc-a699-921cf6ffb6c4,18,0.0056763303216877045,1.0,1
qwen32B-int4_retail_50runs,1d3ebe52-ccdb-48fc-a699-921cf6ffb6c4,20,0.13914442962049323,0.6451092660427094,1
qwen32B-int4_retail_50runs,1d3ebe52-ccdb-48fc-a699-921cf6ffb6c4,22,7.927839795095517e-05,0.12355772256851197,1
qwen32B-int4_retail_50runs,1d3ebe52-ccdb-48fc-a699-921cf6ffb6c4,24,0.12233533708114874,0.04699044227600098,1
qwen32B-int4_retail_50runs,1d3ebe52-ccdb-48fc-a699-921cf6ffb6c4,26,0.00019500281411666265,0.12078183889389038,1
qwen32B-int4_retail_50runs,1d3ebe52-ccdb-48fc-a699-921cf6ffb6c4,28,0.15825118033675165,0.06058061413648652,1
qwen32B-int4_retail_50runs,1d3ebe52-ccdb-48fc-a699-921cf6ffb6c4,30,0.0001391708782019295,0.47166427969932556,1
qwen32B-int4_retail_50runs,1d3ebe52-ccdb-48fc-a699-921cf6ffb6c4,32,0.08859287220376896,0.10733158480037341,1
qwen32B-int4_retail_50runs,1d3ebe52-ccdb-48fc-a699-921cf6ffb6c4,34,0.0008738868747087277,0.1888236105442047,1
qwen32B-int4_retail_50runs,1d3ebe52-ccdb-48fc-a699-921cf6ffb6c4,36,0.16018937112839374,0.17057793916657915,1
qwen32B-int4_retail_50runs,1d3ebe52-ccdb-48fc-a699-921cf6ffb6c4,38,0.0004376079445207889,0.9053949117660522,1
qwen32B-int4_retail_50runs,1d3ebe52-ccdb-48fc-a699-921cf6ffb6c4,40,0.04201591431777554,0.36100615804845637,1
qwen32B-int4_retail_50runs,1d3ebe52-ccdb-48fc-a699-921cf6ffb6c4,42,0.0031451067361100257,0.900025486946106,1
qwen32B-int4_retail_50runs,1d3ebe52-ccdb-48fc-a699-921cf6ffb6c4,44,0.024754789680958643,0.37380181659351697,1
qwen32B-int4_retail_50runs,1d3ebe52-ccdb-48fc-a699-921cf6ffb6c4,46,0.003835415663501171,0.8818992972373962,1
qwen32B-int4_retail_50runs,1d3ebe52-ccdb-48fc-a699-921cf6ffb6c4,48,0.06768596842679118,0.21876743129480664,1
qwen32B-int4_retail_50runs,1d3ebe52-ccdb-48fc-a699-921cf6ffb6c4,50,0.07746893026491196,0.49785701365306456,1
qwen32B-int4_retail_50runs,1d3ebe52-ccdb-48fc-a699-921cf6ffb6c4,52,0.0019755910188615253,0.07830256223678589,1
qwen32B-int4_retail_50runs,1d3ebe52-ccdb-48fc-a699-921cf6ffb6c4,54,0.05828747282276392,0.5499165526458195,1
qwen32B-int4_retail_50runs,0a28198d-4f89-4ea4-b59f-a34451b17c62,0,,,0
qwen32B-int4_retail_50runs,0a28198d-4f89-4ea4-b59f-a34451b17c62,2,0.15191017200507145,0.0,0
qwen32B-int4_retail_50runs,0a28198d-4f89-4ea4-b59f-a34451b17c62,4,4.436465932214965e-05,0.026595180942898703,0
qwen32B-int4_retail_50runs,0a28198d-4f89-4ea4-b59f-a34451b17c62,6,0.22077637788391596,0.06952085371675162,0
qwen32B-int4_retail_50runs,0a28198d-4f89-4ea4-b59f-a34451b17c62,8,0.23032172286746289,0.10467490128108432,0
qwen32B-int4_retail_50runs,0a28198d-4f89-4ea4-b59f-a34451b17c62,10,0.3957614159088572,0.1380480731405863,0
qwen32B-int4_retail_50runs,0a28198d-4f89-4ea4-b59f-a34451b17c62,12,0.1442256675756127,0.13502776622772217,0
qwen32B-int4_retail_50runs,0a28198d-4f89-4ea4-b59f-a34451b17c62,14,0.16687476312955188,0.08751416444778443,0
qwen32B-int4_retail_50runs,0a28198d-4f89-4ea4-b59f-a34451b17c62,16,0.2956077776948041,0.07781719788908958,0
qwen32B-int4_retail_50runs,0a28198d-4f89-4ea4-b59f-a34451b17c62,18,0.019973663959367133,0.11776454223168864,0
qwen32B-int4_retail_50runs,b2c47c53-76ea-4d56-bf76-e3c2925553ba,0,,,1
qwen32B-int4_retail_50runs,b2c47c53-76ea-4d56-bf76-e3c2925553ba,2,0.15618289073410144,0.0,1
qwen32B-int4_retail_50runs,b2c47c53-76ea-4d56-bf76-e3c2925553ba,4,4.379678722659966e-05,0.0289325856027149,1
qwen32B-int4_retail_50runs,b2c47c53-76ea-4d56-bf76-e3c2925553ba,6,0.3782920691475275,0.018350927918045608,1
qwen32B-int4_retail_50runs,b2c47c53-76ea-4d56-bf76-e3c2925553ba,8,0.2902627598521317,0.10504591849542433,1
qwen32B-int4_retail_50runs,b2c47c53-76ea-4d56-bf76-e3c2925553ba,10,0.19391548335552727,0.05384953758295845,1
qwen32B-int4_retail_50runs,b2c47c53-76ea-4d56-bf76-e3c2925553ba,12,0.13527670998830763,0.15122895240783693,1
qwen32B-int4_retail_50runs,b2c47c53-76ea-4d56-bf76-e3c2925553ba,14,0.019161925851422318,0.0254035431605119,1
qwen32B-int4_retail_50runs,b2c47c53-76ea-4d56-bf76-e3c2925553ba,16,0.28408199482096297,0.17440575536559608,1
qwen32B-int4_retail_50runs,b2c47c53-76ea-4d56-bf76-e3c2925553ba,18,0.1218173993358873,0.10763606509646854,1
qwen32B-int4_retail_50runs,b2c47c53-76ea-4d56-bf76-e3c2925553ba,20,0.1461262401377564,0.26071178913116455,1
qwen32B-int4_retail_50runs,b2c47c53-76ea-4d56-bf76-e3c2925553ba,22,0.12968860481884073,0.34955008436993856,1
qwen32B-int4_retail_50runs,b2c47c53-76ea-4d56-bf76-e3c2925553ba,24,0.17763889468817465,0.31421297474911336,1
qwen32B-int4_retail_50runs,b2c47c53-76ea-4d56-bf76-e3c2925553ba,26,0.11180269259038533,0.27834955851236975,1
qwen32B-int4_retail_50runs,b2c47c53-76ea-4d56-bf76-e3c2925553ba,28,0.06280163010193415,0.4092534449365404,1
qwen32B-int4_retail_50runs,b2c47c53-76ea-4d56-bf76-e3c2925553ba,30,0.04277983510365435,0.5173641196612654,1
qwen32B-int4_retail_50runs,b2c47c53-76ea-4d56-bf76-e3c2925553ba,32,0.12957834657216646,0.13943486843469008,1
qwen32B-int4_retail_50runs,b2c47c53-76ea-4d56-bf76-e3c2925553ba,34,0.002834518059809507,0.024007884519440786,1
qwen32B-int4_retail_50runs,b2c47c53-76ea-4d56-bf76-e3c2925553ba,36,0.0648842999928984,0.1749718228975932,1
qwen32B-int4_retail_50runs,b2c47c53-76ea-4d56-bf76-e3c2925553ba,38,0.02343069997700654,0.7696664929389954,1
qwen32B-int4_retail_50runs,b2c47c53-76ea-4d56-bf76-e3c2925553ba,40,0.17199754562872577,0.22769314299027124,1
qwen32B-int4_retail_50runs,b2c47c53-76ea-4d56-bf76-e3c2925553ba,42,0.050641538098279204,0.010101263390647042,1
qwen32B-int4_retail_50runs,b5ab9856-ea23-4637-815f-e46449ce54de,0,,,0
qwen32B-int4_retail_50runs,b5ab9856-ea23-4637-815f-e46449ce54de,2,0.27978258171270853,0.0,0
qwen32B-int4_retail_50runs,b5ab9856-ea23-4637-815f-e46449ce54de,4,1.6862728019854483e-05,0.020326669873862432,0
qwen32B-int4_retail_50runs,b5ab9856-ea23-4637-815f-e46449ce54de,6,0.013436882785177363,0.09812162816524506,0
qwen32B-int4_retail_50runs,b5ab9856-ea23-4637-815f-e46449ce54de,8,0.30875434415712355,0.10572158373319186,0
qwen32B-int4_retail_50runs,b5ab9856-ea23-4637-815f-e46449ce54de,10,0.036810042278349504,0.12357065677642823,0
qwen32B-int4_retail_50runs,b5ab9856-ea23-4637-815f-e46449ce54de,12,0.004469089200683899,0.4736088812351227,0
qwen32B-int4_retail_50runs,b5ab9856-ea23-4637-815f-e46449ce54de,14,0.004201743278093479,0.4797394573688507,0
qwen32B-int4_retail_50runs,b5ab9856-ea23-4637-815f-e46449ce54de,16,0.16545089240577868,0.01836553119844006,0
qwen32B-int4_retail_50runs,b5ab9856-ea23-4637-815f-e46449ce54de,18,0.2564622119285222,0.10433820344633976,0
qwen32B-int4_retail_50runs,3f40c075-a57b-4a90-8a6d-959f783c4e00,0,,,0
qwen32B-int4_retail_50runs,3f40c075-a57b-4a90-8a6d-959f783c4e00,2,0.17149928118100263,0.0,0
qwen32B-int4_retail_50runs,3f40c075-a57b-4a90-8a6d-959f783c4e00,4,1.5920316656408634e-05,0.024360711375872292,0
qwen32B-int4_retail_50runs,3f40c075-a57b-4a90-8a6d-959f783c4e00,6,0.006472796135169106,0.09812162816524506,0
qwen32B-int4_retail_50runs,3f40c075-a57b-4a90-8a6d-959f783c4e00,8,0.24642543760732027,0.037945455434371014,0
qwen32B-int4_retail_50runs,3f40c075-a57b-4a90-8a6d-959f783c4e00,10,0.0014965955636941039,0.12357065677642823,0
qwen32B-int4_retail_50runs,3f40c075-a57b-4a90-8a6d-959f783c4e00,12,0.0011368190171616032,0.4736088812351227,0
qwen32B-int4_retail_50runs,3f40c075-a57b-4a90-8a6d-959f783c4e00,14,0.013446639235435105,0.4797394573688507,0
qwen32B-int4_retail_50runs,3f40c075-a57b-4a90-8a6d-959f783c4e00,16,0.2908135911403832,0.019033696254094443,0
qwen32B-int4_retail_50runs,3f40c075-a57b-4a90-8a6d-959f783c4e00,18,0.006524280144635099,0.21921348571777344,0
qwen32B-int4_retail_50runs,3f40c075-a57b-4a90-8a6d-959f783c4e00,20,0.16291447837999315,0.10372498205729892,0
qwen32B-int4_retail_50runs,57b083f1-bcc5-41b2-8fde-e76b2c7e17b7,0,,,1
qwen32B-int4_retail_50runs,57b083f1-bcc5-41b2-8fde-e76b2c7e17b7,2,0.18222269324089047,0.0,1
qwen32B-int4_retail_50runs,57b083f1-bcc5-41b2-8fde-e76b2c7e17b7,4,2.487316029421057e-05,0.017436142890684066,1
qwen32B-int4_retail_50runs,57b083f1-bcc5-41b2-8fde-e76b2c7e17b7,6,0.27010645008256845,0.14327868961152576,1
qwen32B-int4_retail_50runs,57b083f1-bcc5-41b2-8fde-e76b2c7e17b7,8,0.27798497424797536,0.09655045051323739,1
qwen32B-int4_retail_50runs,57b083f1-bcc5-41b2-8fde-e76b2c7e17b7,10,0.15788778021998293,0.14513553964330794,1
qwen32B-int4_retail_50runs,57b083f1-bcc5-41b2-8fde-e76b2c7e17b7,12,0.13398170272433124,0.12070380352638864,1
qwen32B-int4_retail_50runs,57b083f1-bcc5-41b2-8fde-e76b2c7e17b7,14,0.18252623710225607,0.25710499728167496,1
qwen32B-int4_retail_50runs,57b083f1-bcc5-41b2-8fde-e76b2c7e17b7,16,0.21236146074338602,0.2852715651194254,1
qwen32B-int4_retail_50runs,57b083f1-bcc5-41b2-8fde-e76b2c7e17b7,18,0.1777783529626469,1.0,1
qwen32B-int4_retail_50runs,57b083f1-bcc5-41b2-8fde-e76b2c7e17b7,20,0.03326856292400845,1.0,1
qwen32B-int4_retail_50runs,57b083f1-bcc5-41b2-8fde-e76b2c7e17b7,22,0.08222943389778756,0.2163373931594517,1
qwen32B-int4_retail_50runs,57b083f1-bcc5-41b2-8fde-e76b2c7e17b7,24,0.06147441167330067,0.37593686346914257,1
qwen32B-int4_retail_50runs,57b083f1-bcc5-41b2-8fde-e76b2c7e17b7,26,0.09645750716102229,0.3027409315109253,1
qwen32B-int4_retail_50runs,8d6c3fb1-99fc-48f5-9135-669f97ce323b,0,,,1
qwen32B-int4_retail_50runs,8d6c3fb1-99fc-48f5-9135-669f97ce323b,2,0.1536680299932007,0.0,1
qwen32B-int4_retail_50runs,8d6c3fb1-99fc-48f5-9135-669f97ce323b,4,9.664849760579526e-05,0.02924894955423143,1
qwen32B-int4_retail_50runs,8d6c3fb1-99fc-48f5-9135-669f97ce323b,6,0.004146534380998259,0.09812162816524506,1
qwen32B-int4_retail_50runs,8d6c3fb1-99fc-48f5-9135-669f97ce323b,8,0.2755960121087194,0.0632655881345272,1
qwen32B-int4_retail_50runs,8d6c3fb1-99fc-48f5-9135-669f97ce323b,10,0.24577889143243126,0.21853766902800528,1
qwen32B-int4_retail_50runs,8d6c3fb1-99fc-48f5-9135-669f97ce323b,12,0.008043171897830544,0.12357065677642823,1
qwen32B-int4_retail_50runs,8d6c3fb1-99fc-48f5-9135-669f97ce323b,14,0.27018378890891454,0.05354049530896274,1
qwen32B-int4_retail_50runs,8d6c3fb1-99fc-48f5-9135-669f97ce323b,16,0.002354376466345406,0.4736088812351227,1
qwen32B-int4_retail_50runs,8d6c3fb1-99fc-48f5-9135-669f97ce323b,18,0.21813372591494162,0.13418256208814425,1
qwen32B-int4_retail_50runs,8d6c3fb1-99fc-48f5-9135-669f97ce323b,20,0.0013582195361648056,0.21920396600450787,1
qwen32B-int4_retail_50runs,8d6c3fb1-99fc-48f5-9135-669f97ce323b,22,0.022415773180090158,0.5421087518334389,1
qwen32B-int4_retail_50runs,8d6c3fb1-99fc-48f5-9135-669f97ce323b,24,0.3007558628532351,0.0849600375538141,1
qwen32B-int4_retail_50runs,8d6c3fb1-99fc-48f5-9135-669f97ce323b,26,0.033389364877294,0.9904689192771912,1
qwen32B-int4_retail_50runs,8d6c3fb1-99fc-48f5-9135-669f97ce323b,28,0.2383177899561147,0.21274591044143393,1
qwen32B-int4_retail_50runs,8d6c3fb1-99fc-48f5-9135-669f97ce323b,30,0.00015110006538581188,1.0,1
qwen32B-int4_retail_50runs,8d6c3fb1-99fc-48f5-9135-669f97ce323b,32,0.19049998421325381,0.24245658942631312,1
qwen32B-int4_retail_50runs,8d6c3fb1-99fc-48f5-9135-669f97ce323b,34,0.0044551270931549695,1.0,1
qwen32B-int4_retail_50runs,8d6c3fb1-99fc-48f5-9135-669f97ce323b,36,0.2607307832818367,0.15165413943204012,1
qwen32B-int4_retail_50runs,124a461d-e0ed-4a81-9247-90e5a60866de,0,,,0
qwen32B-int4_retail_50runs,124a461d-e0ed-4a81-9247-90e5a60866de,2,8.375767290829117e-05,0.0,0
qwen32B-int4_retail_50runs,124a461d-e0ed-4a81-9247-90e5a60866de,4,0.02687480328353308,0.09812162816524506,0
qwen32B-int4_retail_50runs,124a461d-e0ed-4a81-9247-90e5a60866de,6,0.042489058835846014,0.11970053911209107,0
qwen32B-int4_retail_50runs,124a461d-e0ed-4a81-9247-90e5a60866de,8,0.041327335301166494,0.4736088812351227,0
qwen32B-int4_retail_50runs,124a461d-e0ed-4a81-9247-90e5a60866de,10,0.009017455833173697,0.19730299711227417,0
qwen32B-int4_retail_50runs,124a461d-e0ed-4a81-9247-90e5a60866de,12,0.3056301073543233,0.007229772053266826,0
qwen32B-int4_retail_50runs,124a461d-e0ed-4a81-9247-90e5a60866de,14,0.023317089211986518,1.0,0
qwen32B-int4_retail_50runs,124a461d-e0ed-4a81-9247-90e5a60866de,16,0.02385662770913336,0.19858157634735107,0
qwen32B-int4_retail_50runs,124a461d-e0ed-4a81-9247-90e5a60866de,18,0.004283374611748647,0.47007766366004944,0
qwen32B-int4_retail_50runs,124a461d-e0ed-4a81-9247-90e5a60866de,20,0.26382543222303406,0.010201225280761719,0
qwen32B-int4_retail_50runs,124a461d-e0ed-4a81-9247-90e5a60866de,22,0.0005183828431259308,0.07859616147147284,0
qwen32B-int4_retail_50runs,124a461d-e0ed-4a81-9247-90e5a60866de,24,0.0014752311919010274,0.7432105243206024,0
qwen32B-int4_retail_50runs,124a461d-e0ed-4a81-9247-90e5a60866de,26,0.23635676151497473,0.15288009413753648,0
qwen32B-int4_retail_50runs,9f183979-e7c5-4a58-93b8-192e7299cd95,0,,,1
qwen32B-int4_retail_50runs,9f183979-e7c5-4a58-93b8-192e7299cd95,2,0.052238547187689895,0.0,1
qwen32B-int4_retail_50runs,9f183979-e7c5-4a58-93b8-192e7299cd95,4,0.1588186143540201,0.030735954642295837,1
qwen32B-int4_retail_50runs,9f183979-e7c5-4a58-93b8-192e7299cd95,6,2.009948446693696e-05,0.0641409158706665,1
qwen32B-int4_retail_50runs,9f183979-e7c5-4a58-93b8-192e7299cd95,8,0.30501677975433994,0.15190688983814138,1
qwen32B-int4_retail_50runs,9f183979-e7c5-4a58-93b8-192e7299cd95,10,5.6672207572224426e-05,0.09653966128826141,1
qwen32B-int4_retail_50runs,9f183979-e7c5-4a58-93b8-192e7299cd95,12,0.2011364029172806,0.3699000133917882,1
qwen32B-int4_retail_50runs,9f183979-e7c5-4a58-93b8-192e7299cd95,14,0.010106371098892208,0.12671704292297364,1
qwen32B-int4_retail_50runs,9f183979-e7c5-4a58-93b8-192e7299cd95,16,0.3116887868038619,0.06027927568980626,1
qwen32B-int4_retail_50runs,9f183979-e7c5-4a58-93b8-192e7299cd95,18,0.004142910658247226,1.0,1
qwen32B-int4_retail_50runs,9f183979-e7c5-4a58-93b8-192e7299cd95,20,0.18587057807763752,0.26172751459208404,1
qwen32B-int4_retail_50runs,9f183979-e7c5-4a58-93b8-192e7299cd95,22,0.0001293249411209911,0.12826112508773804,1
qwen32B-int4_retail_50runs,9f183979-e7c5-4a58-93b8-192e7299cd95,24,0.23877757203475097,0.25800081399770886,1
qwen32B-int4_retail_50runs,9f183979-e7c5-4a58-93b8-192e7299cd95,26,0.012450027048019811,0.46193596720695496,1
qwen32B-int4_retail_50runs,9f183979-e7c5-4a58-93b8-192e7299cd95,28,0.22476357143415254,0.24089122004806995,1
qwen32B-int4_retail_50runs,9f183979-e7c5-4a58-93b8-192e7299cd95,30,0.0005317898843289963,1.0,1
qwen32B-int4_retail_50runs,9f183979-e7c5-4a58-93b8-192e7299cd95,32,0.10903084423615152,0.2502588667768113,1
qwen32B-int4_retail_50runs,9f183979-e7c5-4a58-93b8-192e7299cd95,34,0.00019272854594511312,0.12736660242080688,1
qwen32B-int4_retail_50runs,9f183979-e7c5-4a58-93b8-192e7299cd95,36,0.2440858679592781,0.1636765779189344,1
qwen32B-int4_retail_50runs,9f183979-e7c5-4a58-93b8-192e7299cd95,38,0.0032442644776054406,1.0,1
qwen32B-int4_retail_50runs,9f183979-e7c5-4a58-93b8-192e7299cd95,40,0.29447605756654005,0.15022194385528564,1
qwen32B-int4_retail_50runs,9f183979-e7c5-4a58-93b8-192e7299cd95,42,0.014348993129371136,1.0,1
qwen32B-int4_retail_50runs,9f183979-e7c5-4a58-93b8-192e7299cd95,44,0.16542270877479515,0.13050731023152667,1
qwen32B-int4_retail_50runs,9f183979-e7c5-4a58-93b8-192e7299cd95,46,0.13277092805721205,1.0,1
qwen32B-int4_retail_50runs,9f183979-e7c5-4a58-93b8-192e7299cd95,48,0.1959992554834026,0.1765242489901456,1
qwen32B-int4_retail_50runs,9f183979-e7c5-4a58-93b8-192e7299cd95,50,0.01610967366492536,1.0,1
qwen32B-int4_retail_50runs,9f183979-e7c5-4a58-93b8-192e7299cd95,52,0.3067493355129109,0.3369090009908207,1
qwen32B-int4_retail_50runs,9f183979-e7c5-4a58-93b8-192e7299cd95,54,0.010704891989391997,1.0,1
qwen32B-int4_retail_50runs,9f183979-e7c5-4a58-93b8-192e7299cd95,56,0.16943522035624262,0.6008951336145402,1
qwen32B-int4_retail_50runs,1c9ecfdb-3316-4750-97b3-205fedfa62c4,0,,,0
qwen32B-int4_retail_50runs,1c9ecfdb-3316-4750-97b3-205fedfa62c4,2,0.12247323615811688,0.0,0
qwen32B-int4_retail_50runs,1c9ecfdb-3316-4750-97b3-205fedfa62c4,4,5.742232053116616e-05,0.04019167025883993,0
qwen32B-int4_retail_50runs,1c9ecfdb-3316-4750-97b3-205fedfa62c4,6,0.0012130104002551433,0.09653966128826141,0
qwen32B-int4_retail_50runs,1c9ecfdb-3316-4750-97b3-205fedfa62c4,8,0.0963913461149983,0.04124659962124295,0
qwen32B-int4_retail_50runs,1c9ecfdb-3316-4750-97b3-205fedfa62c4,10,0.0015254232685584389,0.12826112508773804,0
qwen32B-int4_retail_50runs,1c9ecfdb-3316-4750-97b3-205fedfa62c4,12,0.2597447227809955,0.1161289795024975,0
qwen32B-int4_retail_50runs,1c9ecfdb-3316-4750-97b3-205fedfa62c4,14,0.23569143206418916,0.14613224267959596,0
qwen32B-int4_retail_50runs,1c9ecfdb-3316-4750-97b3-205fedfa62c4,16,0.20683929322001088,0.2053292433420817,0
qwen32B-int4_retail_50runs,1c9ecfdb-3316-4750-97b3-205fedfa62c4,18,0.00043656290014079484,1.0,0
qwen32B-int4_retail_50runs,1c9ecfdb-3316-4750-97b3-205fedfa62c4,20,0.18789319627638873,0.07385345175862312,0
qwen32B-int4_retail_50runs,1c9ecfdb-3316-4750-97b3-205fedfa62c4,22,0.11925070930436851,0.18541697093418666,0
qwen32B-int4_retail_50runs,1c9ecfdb-3316-4750-97b3-205fedfa62c4,24,0.15378517447533824,0.10563777910696494,0
qwen32B-int4_retail_50runs,1c9ecfdb-3316-4750-97b3-205fedfa62c4,26,0.3514530883886428,0.037540823221206665,0
qwen32B-int4_retail_50runs,1c9ecfdb-3316-4750-97b3-205fedfa62c4,28,0.1992558601185597,0.06210144077028547,0
qwen32B-int4_retail_50runs,1c9ecfdb-3316-4750-97b3-205fedfa62c4,30,0.0852323495177436,1.0,0
qwen32B-int4_retail_50runs,1c9ecfdb-3316-4750-97b3-205fedfa62c4,32,0.2154999961424105,0.19730797180762658,0
qwen32B-int4_retail_50runs,1c9ecfdb-3316-4750-97b3-205fedfa62c4,34,0.016854744211120244,0.11001170558087967,0
qwen32B-int4_retail_50runs,1c9ecfdb-3316-4750-97b3-205fedfa62c4,36,0.07012173720604627,1.0,0
qwen32B-int4_retail_50runs,1c9ecfdb-3316-4750-97b3-205fedfa62c4,38,0.08567302748503858,0.23806547983126208,0
qwen32B-int4_retail_50runs,1c9ecfdb-3316-4750-97b3-205fedfa62c4,40,0.1177572055370034,0.13205563816530952,0
qwen32B-int4_retail_50runs,1c9ecfdb-3316-4750-97b3-205fedfa62c4,42,0.01877263774529133,0.0990644983343176,0
qwen32B-int4_retail_50runs,1c9ecfdb-3316-4750-97b3-205fedfa62c4,44,0.08614544524384155,0.2720674935807573,0
qwen32B-int4_retail_50runs,1c9ecfdb-3316-4750-97b3-205fedfa62c4,46,0.10085924772258806,0.12477639432136829,0
qwen32B-int4_retail_50runs,1c9ecfdb-3316-4750-97b3-205fedfa62c4,48,0.22825067744678654,0.23771534647260392,0
qwen32B-int4_retail_50runs,1c9ecfdb-3316-4750-97b3-205fedfa62c4,50,0.00010233442478524424,0.03907570768805111,0
qwen32B-int4_retail_50runs,1c9ecfdb-3316-4750-97b3-205fedfa62c4,52,0.09198763376254632,0.2622537953513009,0
qwen32B-int4_retail_50runs,2a0329aa-ecc6-439b-8503-ca4bb3aea8d3,0,,,1
qwen32B-int4_retail_50runs,2a0329aa-ecc6-439b-8503-ca4bb3aea8d3,2,0.15949986980909023,0.0,1
qwen32B-int4_retail_50runs,2a0329aa-ecc6-439b-8503-ca4bb3aea8d3,4,3.878040853002383e-05,0.03774483501911163,1
qwen32B-int4_retail_50runs,2a0329aa-ecc6-439b-8503-ca4bb3aea8d3,6,0.1794376785914384,0.05174857118855352,1
qwen32B-int4_retail_50runs,2a0329aa-ecc6-439b-8503-ca4bb3aea8d3,8,0.11611269016729435,0.03437259793281555,1
qwen32B-int4_retail_50runs,2a0329aa-ecc6-439b-8503-ca4bb3aea8d3,10,0.24073891356511543,0.10992356082972358,1
qwen32B-int4_retail_50runs,2a0329aa-ecc6-439b-8503-ca4bb3aea8d3,12,5.269538202608616e-05,0.04371103048324585,1
qwen32B-int4_retail_50runs,2a0329aa-ecc6-439b-8503-ca4bb3aea8d3,14,0.33192605254967467,0.139420111477375,1
qwen32B-int4_retail_50runs,2a0329aa-ecc6-439b-8503-ca4bb3aea8d3,16,8.427030256810973e-05,0.4734874963760376,1
qwen32B-int4_retail_50runs,2a0329aa-ecc6-439b-8503-ca4bb3aea8d3,18,0.18739039744927857,0.14191611023510203,1
qwen32B-int4_retail_50runs,2a0329aa-ecc6-439b-8503-ca4bb3aea8d3,20,0.00011203423171371366,0.47383585572242737,1
qwen32B-int4_retail_50runs,2a0329aa-ecc6-439b-8503-ca4bb3aea8d3,22,0.16396451207483426,0.0901486172395594,1
qwen32B-int4_retail_50runs,2a0329aa-ecc6-439b-8503-ca4bb3aea8d3,24,0.23769680011217556,0.09038399766992639,1
qwen32B-int4_retail_50runs,2a0329aa-ecc6-439b-8503-ca4bb3aea8d3,26,0.07932712419524639,0.14253422211516986,1
qwen32B-int4_retail_50runs,2a0329aa-ecc6-439b-8503-ca4bb3aea8d3,28,0.16719889156721907,0.23546846372535432,1
qwen32B-int4_retail_50runs,2a0329aa-ecc6-439b-8503-ca4bb3aea8d3,30,0.00014842285707240344,0.07998358458280563,1
qwen32B-int4_retail_50runs,2a0329aa-ecc6-439b-8503-ca4bb3aea8d3,32,0.09190839298543538,0.22908751637327907,1
qwen32B-int4_retail_50runs,2a0329aa-ecc6-439b-8503-ca4bb3aea8d3,34,0.060787944949669465,0.07844287054292087,1
qwen32B-int4_retail_50runs,2a0329aa-ecc6-439b-8503-ca4bb3aea8d3,36,0.20593495570561185,0.24562963098287585,1
qwen32B-int4_retail_50runs,2a0329aa-ecc6-439b-8503-ca4bb3aea8d3,38,0.09693588395434381,0.351189740772905,1
qwen32B-int4_retail_50runs,2a0329aa-ecc6-439b-8503-ca4bb3aea8d3,40,0.10455607071145023,1.0,1
qwen32B-int4_retail_50runs,2a0329aa-ecc6-439b-8503-ca4bb3aea8d3,42,0.06747449807389994,0.6984577491169884,1
qwen32B-int4_retail_50runs,2a0329aa-ecc6-439b-8503-ca4bb3aea8d3,44,0.09103591613943073,1.0,1
qwen32B-int4_retail_50runs,2a0329aa-ecc6-439b-8503-ca4bb3aea8d3,46,0.11927535564986388,1.0,1
qwen32B-int4_retail_50runs,2a0329aa-ecc6-439b-8503-ca4bb3aea8d3,48,0.052550646491684685,1.0,1
qwen32B-int4_retail_50runs,2a0329aa-ecc6-439b-8503-ca4bb3aea8d3,50,0.19415822667682003,0.2221243903040886,1
qwen32B-int4_retail_50runs,2a0329aa-ecc6-439b-8503-ca4bb3aea8d3,52,0.07170041405903194,0.2728602939181858,1
qwen32B-int4_retail_50runs,2a0329aa-ecc6-439b-8503-ca4bb3aea8d3,54,0.04219096142188872,0.23583934704462686,1
qwen32B-int4_retail_50runs,2a0329aa-ecc6-439b-8503-ca4bb3aea8d3,56,0.06197008116001417,0.2152783366350027,1
qwen32B-int4_retail_50runs,2a0329aa-ecc6-439b-8503-ca4bb3aea8d3,58,0.023124415215122762,0.5689255538440886,1
qwen32B-int4_retail_50runs,2a0329aa-ecc6-439b-8503-ca4bb3aea8d3,60,0.06352713225817826,0.1751065092571711,1
qwen32B-int4_retail_50runs,ee94996d-26b8-45a6-99a7-5c1618c6ebab,0,,,1
qwen32B-int4_retail_50runs,ee94996d-26b8-45a6-99a7-5c1618c6ebab,2,0.20464000994964357,0.0,1
qwen32B-int4_retail_50runs,ee94996d-26b8-45a6-99a7-5c1618c6ebab,4,5.0490006735353695e-05,0.05525589942932129,1
qwen32B-int4_retail_50runs,ee94996d-26b8-45a6-99a7-5c1618c6ebab,6,0.33664258008763137,0.05436810026777551,1
qwen32B-int4_retail_50runs,ee94996d-26b8-45a6-99a7-5c1618c6ebab,8,0.0032336936759030264,0.09658563137054443,1
qwen32B-int4_retail_50runs,ee94996d-26b8-45a6-99a7-5c1618c6ebab,10,0.23059252321886478,0.10127188075672496,1
qwen32B-int4_retail_50runs,ee94996d-26b8-45a6-99a7-5c1618c6ebab,12,4.4977498338910055e-05,0.12178256511688233,1
qwen32B-int4_retail_50runs,ee94996d-26b8-45a6-99a7-5c1618c6ebab,14,0.2048465831901617,0.05699089595249721,1
qwen32B-int4_retail_50runs,ee94996d-26b8-45a6-99a7-5c1618c6ebab,16,0.2972549127807355,0.09139768160306491,1
qwen32B-int4_retail_50runs,4b952495-e8fd-4300-b698-d510ac62f3a1,0,,,1
qwen32B-int4_retail_50runs,4b952495-e8fd-4300-b698-d510ac62f3a1,2,0.2699424192114841,0.0,1
qwen32B-int4_retail_50runs,4b952495-e8fd-4300-b698-d510ac62f3a1,4,1.7926427426767138e-05,0.01800606958568096,1
qwen32B-int4_retail_50runs,4b952495-e8fd-4300-b698-d510ac62f3a1,6,0.2681974522962086,0.0797316547025714,1
qwen32B-int4_retail_50runs,4b952495-e8fd-4300-b698-d510ac62f3a1,8,0.006067268519469119,0.09658563137054443,1
qwen32B-int4_retail_50runs,4b952495-e8fd-4300-b698-d510ac62f3a1,10,0.27917593572850696,0.44611021876335144,1
qwen32B-int4_retail_50runs,4b952495-e8fd-4300-b698-d510ac62f3a1,12,0.0008425294556611925,0.12217696905136109,1
qwen32B-int4_retail_50runs,4b952495-e8fd-4300-b698-d510ac62f3a1,14,0.2632401893632234,0.08698023661323215,1
qwen32B-int4_retail_50runs,4b952495-e8fd-4300-b698-d510ac62f3a1,16,0.003327277125704242,0.18588708341121674,1
qwen32B-int4_retail_50runs,4b952495-e8fd-4300-b698-d510ac62f3a1,18,0.24633131115290216,0.2141595405081044,1
qwen32B-int4_retail_50runs,4b952495-e8fd-4300-b698-d510ac62f3a1,20,0.001865955529568568,0.13150530060132343,1
qwen32B-int4_retail_50runs,4b952495-e8fd-4300-b698-d510ac62f3a1,22,0.15830596731587257,0.06707578897476196,1
qwen32B-int4_retail_50runs,14757230-d7c7-4fd9-92cb-ba208c350d8c,0,,,1
qwen32B-int4_retail_50runs,14757230-d7c7-4fd9-92cb-ba208c350d8c,2,0.3068575759332908,0.0,1
qwen32B-int4_retail_50runs,14757230-d7c7-4fd9-92cb-ba208c350d8c,4,0.00014009848767821694,0.0,1
qwen32B-int4_retail_50runs,14757230-d7c7-4fd9-92cb-ba208c350d8c,6,0.0004316496932369429,0.4939332902431488,1
qwen32B-int4_retail_50runs,14757230-d7c7-4fd9-92cb-ba208c350d8c,8,0.2823231304713191,0.12093279911921576,1
qwen32B-int4_retail_50runs,14757230-d7c7-4fd9-92cb-ba208c350d8c,10,0.017496228881686702,0.10710391998291016,1
qwen32B-int4_retail_50runs,14757230-d7c7-4fd9-92cb-ba208c350d8c,12,0.15656266266180996,0.11873043908013237,1
qwen32B-int4_retail_50runs,14757230-d7c7-4fd9-92cb-ba208c350d8c,14,0.3746184302111896,0.16200532696463846,1
qwen32B-int4_retail_50runs,14757230-d7c7-4fd9-92cb-ba208c350d8c,16,0.00017747358650994322,0.4504314661026001,1
qwen32B-int4_retail_50runs,14757230-d7c7-4fd9-92cb-ba208c350d8c,18,0.2613026862167251,0.16748157402743466,1
qwen32B-int4_retail_50runs,73ddd3e0-add2-44b9-b1ac-ccc8f249c594,0,,,1
qwen32B-int4_retail_50runs,73ddd3e0-add2-44b9-b1ac-ccc8f249c594,2,0.21291268494727933,0.0,1
qwen32B-int4_retail_50runs,73ddd3e0-add2-44b9-b1ac-ccc8f249c594,4,3.0709220107727475e-05,0.0,1
qwen32B-int4_retail_50runs,73ddd3e0-add2-44b9-b1ac-ccc8f249c594,6,0.0005997417279706758,0.09487110376358032,1
qwen32B-int4_retail_50runs,73ddd3e0-add2-44b9-b1ac-ccc8f249c594,8,0.014948734915637741,0.15597190856933596,1
qwen32B-int4_retail_50runs,73ddd3e0-add2-44b9-b1ac-ccc8f249c594,10,0.39886158741092953,0.0,1
qwen32B-int4_retail_50runs,73ddd3e0-add2-44b9-b1ac-ccc8f249c594,12,0.2625928992320157,0.1231660626151345,1
qwen32B-int4_retail_50runs,73ddd3e0-add2-44b9-b1ac-ccc8f249c594,14,0.12988662302535012,0.09415476552901729,1
qwen32B-int4_retail_50runs,73ddd3e0-add2-44b9-b1ac-ccc8f249c594,16,0.30311754405387004,0.04192582227415958,1
qwen32B-int4_retail_50runs,73ddd3e0-add2-44b9-b1ac-ccc8f249c594,18,0.010703355633105267,0.07333196293223988,1
qwen32B-int4_retail_50runs,73ddd3e0-add2-44b9-b1ac-ccc8f249c594,20,0.3593865853959153,0.06723088509327657,1
qwen32B-int4_retail_50runs,73ddd3e0-add2-44b9-b1ac-ccc8f249c594,22,0.32533619637657124,0.07482051172039725,1
qwen32B-int4_retail_50runs,73ddd3e0-add2-44b9-b1ac-ccc8f249c594,24,5.9577273280578196e-05,0.161831796169281,1
qwen32B-int4_retail_50runs,73ddd3e0-add2-44b9-b1ac-ccc8f249c594,26,0.09486805569469978,0.09110558778047562,1
qwen32B-int4_retail_50runs,b60c846f-57c0-4f16-a4cf-721da58eaff4,0,,,1
qwen32B-int4_retail_50runs,b60c846f-57c0-4f16-a4cf-721da58eaff4,2,0.010517219362578399,0.0,1
qwen32B-int4_retail_50runs,b60c846f-57c0-4f16-a4cf-721da58eaff4,4,0.1903046907725199,0.02490040118044073,1
qwen32B-int4_retail_50runs,b60c846f-57c0-4f16-a4cf-721da58eaff4,6,3.568782423934991e-05,0.0953793153166771,1
qwen32B-int4_retail_50runs,b60c846f-57c0-4f16-a4cf-721da58eaff4,8,0.22177078615846585,0.2993775208791097,1
qwen32B-int4_retail_50runs,b60c846f-57c0-4f16-a4cf-721da58eaff4,10,4.042758661639632e-05,0.09487110376358032,1
qwen32B-int4_retail_50runs,b60c846f-57c0-4f16-a4cf-721da58eaff4,12,0.3491610824508334,0.03646685183048248,1
qwen32B-int4_retail_50runs,b60c846f-57c0-4f16-a4cf-721da58eaff4,14,0.3743212547968824,0.11159259974956512,1
qwen32B-int4_retail_50runs,b60c846f-57c0-4f16-a4cf-721da58eaff4,16,0.0001741700569879864,0.09812315553426743,1
qwen32B-int4_retail_50runs,b60c846f-57c0-4f16-a4cf-721da58eaff4,18,0.16737349776256508,0.3059534711970223,1
qwen32B-int4_retail_50runs,b60c846f-57c0-4f16-a4cf-721da58eaff4,20,0.17363709716086267,0.10850631339209421,1
qwen32B-int4_retail_50runs,b60c846f-57c0-4f16-a4cf-721da58eaff4,22,0.00599786750228481,0.05691658125983344,1
qwen32B-int4_retail_50runs,b60c846f-57c0-4f16-a4cf-721da58eaff4,24,0.3056531771977325,0.10644730925559998,1
qwen32B-int4_retail_50runs,b60c846f-57c0-4f16-a4cf-721da58eaff4,26,0.00866676263870787,0.13279393315315247,1
qwen32B-int4_retail_50runs,b60c846f-57c0-4f16-a4cf-721da58eaff4,28,0.17428342311979317,0.10060101747512817,1
qwen32B-int4_retail_50runs,59e54500-d88c-4200-9cc1-e7b03e897c9d,0,,,0
qwen32B-int4_retail_50runs,59e54500-d88c-4200-9cc1-e7b03e897c9d,2,0.1735662678918937,0.0,0
qwen32B-int4_retail_50runs,59e54500-d88c-4200-9cc1-e7b03e897c9d,4,9.977808820679863e-05,0.0,0
qwen32B-int4_retail_50runs,59e54500-d88c-4200-9cc1-e7b03e897c9d,6,0.00021494668822181023,0.1664003372192383,0
qwen32B-int4_retail_50runs,59e54500-d88c-4200-9cc1-e7b03e897c9d,8,0.27340466832533433,0.04836293440016489,0
qwen32B-int4_retail_50runs,59e54500-d88c-4200-9cc1-e7b03e897c9d,10,0.00019740311024256816,0.12508584260940553,0
qwen32B-int4_retail_50runs,59e54500-d88c-4200-9cc1-e7b03e897c9d,12,0.29927043930054886,0.18347191629987775,0
qwen32B-int4_retail_50runs,59e54500-d88c-4200-9cc1-e7b03e897c9d,14,3.1027149740768504e-05,0.2490936517715454,0
qwen32B-int4_retail_50runs,59e54500-d88c-4200-9cc1-e7b03e897c9d,16,0.13310156416146,0.18407596169777637,0
qwen32B-int4_retail_50runs,fcba53d8-9d78-4dca-a408-f4b0b2fbf0c7,0,,,1
qwen32B-int4_retail_50runs,fcba53d8-9d78-4dca-a408-f4b0b2fbf0c7,2,0.04792903012077781,0.0,1
qwen32B-int4_retail_50runs,fcba53d8-9d78-4dca-a408-f4b0b2fbf0c7,4,0.32747807116377503,0.0,1
qwen32B-int4_retail_50runs,fcba53d8-9d78-4dca-a408-f4b0b2fbf0c7,6,0.2617209308675248,0.1309294802077273,1
qwen32B-int4_retail_50runs,fcba53d8-9d78-4dca-a408-f4b0b2fbf0c7,8,0.016515021349432675,0.07506277731486728,1
qwen32B-int4_retail_50runs,fcba53d8-9d78-4dca-a408-f4b0b2fbf0c7,10,0.27871133846429735,0.2176607939703711,1
qwen32B-int4_retail_50runs,fcba53d8-9d78-4dca-a408-f4b0b2fbf0c7,12,0.005560590181375453,1.0,1
qwen32B-int4_retail_50runs,fcba53d8-9d78-4dca-a408-f4b0b2fbf0c7,14,0.2909804346110097,0.23264116287231446,1
qwen32B-int4_retail_50runs,fcba53d8-9d78-4dca-a408-f4b0b2fbf0c7,16,0.00934994929678865,0.09753155708312988,1
qwen32B-int4_retail_50runs,fcba53d8-9d78-4dca-a408-f4b0b2fbf0c7,18,0.30075755750077116,0.08397998660802841,1
qwen32B-int4_retail_50runs,fcba53d8-9d78-4dca-a408-f4b0b2fbf0c7,20,0.16075463813262353,0.10442635108684671,1
qwen32B-int4_retail_50runs,fcba53d8-9d78-4dca-a408-f4b0b2fbf0c7,22,0.0001595087267330264,0.20003646612167358,1
qwen32B-int4_retail_50runs,fcba53d8-9d78-4dca-a408-f4b0b2fbf0c7,24,0.0809225657706212,0.29254287481307983,1
qwen32B-int4_retail_50runs,fcba53d8-9d78-4dca-a408-f4b0b2fbf0c7,26,0.16483354794450153,0.228969791479278,1
qwen32B-int4_retail_50runs,f70f76d8-c916-4f82-924f-1fac1dc3fb44,0,,,1
qwen32B-int4_retail_50runs,f70f76d8-c916-4f82-924f-1fac1dc3fb44,2,0.0049779042229163885,0.0,1
qwen32B-int4_retail_50runs,f70f76d8-c916-4f82-924f-1fac1dc3fb44,4,0.3410282582775086,0.0,1
qwen32B-int4_retail_50runs,f70f76d8-c916-4f82-924f-1fac1dc3fb44,6,0.003708584656100494,0.09760873224221024,1
qwen32B-int4_retail_50runs,f70f76d8-c916-4f82-924f-1fac1dc3fb44,8,0.15529557551929452,0.19918724110251979,1
qwen32B-int4_retail_50runs,f70f76d8-c916-4f82-924f-1fac1dc3fb44,10,0.16134853432485588,0.19391389356719124,1
qwen32B-int4_retail_50runs,f70f76d8-c916-4f82-924f-1fac1dc3fb44,12,0.3407505526330272,0.12217981998737043,1
qwen32B-int4_retail_50runs,f70f76d8-c916-4f82-924f-1fac1dc3fb44,14,0.047150670923245507,0.02104419626687702,1
qwen32B-int4_retail_50runs,f70f76d8-c916-4f82-924f-1fac1dc3fb44,16,0.18161348490711612,0.11350306180807261,1
qwen32B-int4_retail_50runs,f70f76d8-c916-4f82-924f-1fac1dc3fb44,18,0.18811350593871573,0.22170263178208297,1
qwen32B-int4_retail_50runs,f70f76d8-c916-4f82-924f-1fac1dc3fb44,20,0.0016079248795600812,0.06629259139299393,1
qwen32B-int4_retail_50runs,f70f76d8-c916-4f82-924f-1fac1dc3fb44,22,0.16303653500780477,0.41437068581581116,1
qwen32B-int4_retail_50runs,8a89e48d-3c85-4d21-a446-db46c5ac5e8d,0,,,0
qwen32B-int4_retail_50runs,8a89e48d-3c85-4d21-a446-db46c5ac5e8d,2,0.09727808482869953,0.0,0
qwen32B-int4_retail_50runs,8a89e48d-3c85-4d21-a446-db46c5ac5e8d,4,0.00013097854588816442,0.02940564780008225,0
qwen32B-int4_retail_50runs,8a89e48d-3c85-4d21-a446-db46c5ac5e8d,6,0.2252133810024862,0.03885463599500985,0
qwen32B-int4_retail_50runs,8a89e48d-3c85-4d21-a446-db46c5ac5e8d,8,0.2254031138943495,0.05132278800010681,0
qwen32B-int4_retail_50runs,8a89e48d-3c85-4d21-a446-db46c5ac5e8d,10,0.2932981276261036,0.09962485313415527,0
qwen32B-int4_retail_50runs,8a89e48d-3c85-4d21-a446-db46c5ac5e8d,12,0.11683069067691661,0.13911631372239855,0
qwen32B-int4_retail_50runs,8a89e48d-3c85-4d21-a446-db46c5ac5e8d,14,0.385526648078309,0.0439983113952305,0
qwen32B-int4_retail_50runs,8a89e48d-3c85-4d21-a446-db46c5ac5e8d,16,0.17728994304801982,0.06293257077534993,0
qwen32B-int4_retail_50runs,8a89e48d-3c85-4d21-a446-db46c5ac5e8d,18,0.32329667993977407,0.08049162030220032,0
qwen32B-int4_retail_50runs,8a89e48d-3c85-4d21-a446-db46c5ac5e8d,20,0.0009977996490620087,0.18817733315860524,0
qwen32B-int4_retail_50runs,8a89e48d-3c85-4d21-a446-db46c5ac5e8d,22,0.07654222942828769,0.3338537693023682,0
qwen32B-int4_retail_50runs,b8b27395-f61a-44d9-9466-400c42a7c77d,0,,,1
qwen32B-int4_retail_50runs,b8b27395-f61a-44d9-9466-400c42a7c77d,2,0.17978459428975177,0.0,1
qwen32B-int4_retail_50runs,b8b27395-f61a-44d9-9466-400c42a7c77d,4,4.694987662112737e-05,0.02326520725532814,1
qwen32B-int4_retail_50runs,b8b27395-f61a-44d9-9466-400c42a7c77d,6,0.015602920701157074,0.09266862273216248,1
qwen32B-int4_retail_50runs,b8b27395-f61a-44d9-9466-400c42a7c77d,8,0.19807168425161373,0.09311798640659877,1
qwen32B-int4_retail_50runs,b8b27395-f61a-44d9-9466-400c42a7c77d,10,0.0012086340716391847,0.1295868992805481,1
qwen32B-int4_retail_50runs,b8b27395-f61a-44d9-9466-400c42a7c77d,12,0.22099711257988697,0.24467870800994163,1
qwen32B-int4_retail_50runs,b8b27395-f61a-44d9-9466-400c42a7c77d,14,7.151744915192794e-05,0.15049959954462552,1
qwen32B-int4_retail_50runs,b8b27395-f61a-44d9-9466-400c42a7c77d,16,0.11461895502608319,0.5567939141217401,1
qwen32B-int4_retail_50runs,b8b27395-f61a-44d9-9466-400c42a7c77d,18,0.001525910977220428,0.6358489526642693,1
qwen32B-int4_retail_50runs,b8b27395-f61a-44d9-9466-400c42a7c77d,20,0.11768517418090482,0.32196664810180664,1
qwen32B-int4_retail_50runs,b8b27395-f61a-44d9-9466-400c42a7c77d,22,0.00217530798471041,1.0,1
qwen32B-int4_retail_50runs,b8b27395-f61a-44d9-9466-400c42a7c77d,24,0.19260598302028362,0.1674748107790947,1
qwen32B-int4_retail_50runs,b8b27395-f61a-44d9-9466-400c42a7c77d,26,0.00022321610278687597,0.1252583622932434,1
qwen32B-int4_retail_50runs,b8b27395-f61a-44d9-9466-400c42a7c77d,28,0.12276018929636721,0.12529234509719045,1
qwen32B-int4_retail_50runs,b8b27395-f61a-44d9-9466-400c42a7c77d,30,0.2701274599819233,0.12977009279686108,1
qwen32B-int4_retail_50runs,b8b27395-f61a-44d9-9466-400c42a7c77d,32,0.008544043059905268,0.19319914281368256,1
qwen32B-int4_retail_50runs,b8b27395-f61a-44d9-9466-400c42a7c77d,34,0.20316240191928225,0.2603933133862235,1
qwen32B-int4_retail_50runs,b8b27395-f61a-44d9-9466-400c42a7c77d,36,0.21039603526514256,0.27354975109514984,1
qwen32B-int4_retail_50runs,b8b27395-f61a-44d9-9466-400c42a7c77d,38,0.0003100677493177861,0.07499159872531891,1
qwen32B-int4_retail_50runs,b8b27395-f61a-44d9-9466-400c42a7c77d,40,0.05984690438615754,0.173789759813729,1
qwen32B-int4_retail_50runs,358cc614-45b8-49eb-856a-0a890f1094ee,0,,,1
qwen32B-int4_retail_50runs,358cc614-45b8-49eb-856a-0a890f1094ee,2,0.013016429641082867,0.0,1
qwen32B-int4_retail_50runs,358cc614-45b8-49eb-856a-0a890f1094ee,4,0.17720432515710766,0.02521353108542306,1
qwen32B-int4_retail_50runs,358cc614-45b8-49eb-856a-0a890f1094ee,6,2.1446583412521036e-05,0.0953793153166771,1
qwen32B-int4_retail_50runs,358cc614-45b8-49eb-856a-0a890f1094ee,8,0.1352564209718205,0.36544595523314044,1
qwen32B-int4_retail_50runs,358cc614-45b8-49eb-856a-0a890f1094ee,10,3.063267811885918e-05,0.09487110376358032,1
qwen32B-int4_retail_50runs,358cc614-45b8-49eb-856a-0a890f1094ee,12,0.26850113526735225,0.04215537732647311,1
qwen32B-int4_retail_50runs,358cc614-45b8-49eb-856a-0a890f1094ee,14,0.2302717722825329,0.13993182307795474,1
qwen32B-int4_retail_50runs,358cc614-45b8-49eb-856a-0a890f1094ee,16,0.2613023106772655,0.2150329326589902,1
qwen32B-int4_retail_50runs,358cc614-45b8-49eb-856a-0a890f1094ee,18,0.32726358416329554,0.16906622578116023,1
qwen32B-int4_retail_50runs,358cc614-45b8-49eb-856a-0a890f1094ee,20,0.001190106708180574,0.0,1
qwen32B-int4_retail_50runs,358cc614-45b8-49eb-856a-0a890f1094ee,22,0.15533477751160707,0.1530049678891204,1
qwen32B-int4_retail_50runs,358cc614-45b8-49eb-856a-0a890f1094ee,24,0.23562918706394423,0.04070481492413415,1
qwen32B-int4_retail_50runs,358cc614-45b8-49eb-856a-0a890f1094ee,26,0.17448268801542383,0.2602578416655335,1
qwen32B-int4_retail_50runs,358cc614-45b8-49eb-856a-0a890f1094ee,28,0.23878813365519372,0.14106837550147633,1
qwen32B-int4_retail_50runs,358cc614-45b8-49eb-856a-0a890f1094ee,30,0.00015120550293626155,0.0,1
qwen32B-int4_retail_50runs,358cc614-45b8-49eb-856a-0a890f1094ee,32,0.10291078698800699,0.17718708979619013,1
qwen32B-int4_retail_50runs,358cc614-45b8-49eb-856a-0a890f1094ee,34,9.792565759156178e-05,0.9774961471557617,1
qwen32B-int4_retail_50runs,358cc614-45b8-49eb-856a-0a890f1094ee,36,0.2247604062042898,0.2108344733715057,1
qwen32B-int4_retail_50runs,358cc614-45b8-49eb-856a-0a890f1094ee,38,0.010071489605447733,1.0,1
qwen32B-int4_retail_50runs,358cc614-45b8-49eb-856a-0a890f1094ee,40,0.049797047942156655,0.20807647705078125,1
qwen32B-int4_retail_50runs,358cc614-45b8-49eb-856a-0a890f1094ee,42,0.0005012036075912812,1.0,1
qwen32B-int4_retail_50runs,358cc614-45b8-49eb-856a-0a890f1094ee,44,0.09871008603117704,0.5462547302246094,1
qwen32B-int4_retail_50runs,358cc614-45b8-49eb-856a-0a890f1094ee,46,0.0034636072557983,0.9953544735908508,1
qwen32B-int4_retail_50runs,358cc614-45b8-49eb-856a-0a890f1094ee,48,0.05756014967980046,0.7830030893792912,1
qwen32B-int4_retail_50runs,358cc614-45b8-49eb-856a-0a890f1094ee,50,0.006752887897385882,1.0,1
qwen32B-int4_retail_50runs,358cc614-45b8-49eb-856a-0a890f1094ee,52,0.05210507631056753,0.8898960174398219,1
qwen32B-int4_retail_50runs,358cc614-45b8-49eb-856a-0a890f1094ee,54,0.013627077101274868,1.0,1
qwen32B-int4_retail_50runs,358cc614-45b8-49eb-856a-0a890f1094ee,56,0.10901115442779874,0.71129526146527,1
qwen32B-int4_retail_50runs,358cc614-45b8-49eb-856a-0a890f1094ee,58,0.000896264598759332,1.0,1
qwen32B-int4_retail_50runs,358cc614-45b8-49eb-856a-0a890f1094ee,60,0.06957380048036978,0.6459274310618639,1
qwen32B-int4_retail_50runs,358cc614-45b8-49eb-856a-0a890f1094ee,62,0.006595477941449769,1.0,1
qwen32B-int4_retail_50runs,358cc614-45b8-49eb-856a-0a890f1094ee,64,0.07620043154747558,0.5278223630260019,1
qwen32B-int4_retail_50runs,358cc614-45b8-49eb-856a-0a890f1094ee,66,0.01714563394986071,1.0,1
qwen32B-int4_retail_50runs,358cc614-45b8-49eb-856a-0a890f1094ee,68,0.05963828410335367,0.8648471874103211,1
qwen32B-int4_retail_50runs,358cc614-45b8-49eb-856a-0a890f1094ee,70,0.1435571692811686,0.13477114575808166,1
qwen32B-int4_retail_50runs,358cc614-45b8-49eb-856a-0a890f1094ee,72,0.00016256053300323678,0.0,1
qwen32B-int4_retail_50runs,ee42733b-582d-474b-b186-d260daec1eb1,0,,,1
qwen32B-int4_retail_50runs,ee42733b-582d-474b-b186-d260daec1eb1,2,0.17138261120075016,0.0,1
qwen32B-int4_retail_50runs,ee42733b-582d-474b-b186-d260daec1eb1,4,1.6922053404432415e-05,0.029719442129135132,1
qwen32B-int4_retail_50runs,ee42733b-582d-474b-b186-d260daec1eb1,6,0.002034303558228944,0.06608984619379044,1
qwen32B-int4_retail_50runs,ee42733b-582d-474b-b186-d260daec1eb1,8,0.19890640758029676,0.015276141026440789,1
qwen32B-int4_retail_50runs,ee42733b-582d-474b-b186-d260daec1eb1,10,0.23195211389937848,0.0724558254419747,1
qwen32B-int4_retail_50runs,ee42733b-582d-474b-b186-d260daec1eb1,12,0.10963468327241509,0.17574938138326007,1
qwen32B-int4_retail_50runs,ee42733b-582d-474b-b186-d260daec1eb1,14,0.14030128343060588,0.3580114451738504,1
qwen32B-int4_retail_50runs,ee42733b-582d-474b-b186-d260daec1eb1,16,0.2507689694039586,0.2560432811281574,1
qwen32B-int4_retail_50runs,3e9de05b-0df6-4fa1-8bf2-9d22de77d33a,0,,,0
qwen32B-int4_retail_50runs,3e9de05b-0df6-4fa1-8bf2-9d22de77d33a,2,0.10052322594811781,0.0,0
qwen32B-int4_retail_50runs,3e9de05b-0df6-4fa1-8bf2-9d22de77d33a,4,3.27705466820999e-05,0.0342062513033549,0
qwen32B-int4_retail_50runs,3e9de05b-0df6-4fa1-8bf2-9d22de77d33a,6,0.3134102662384102,0.06269504626592,0
qwen32B-int4_retail_50runs,3e9de05b-0df6-4fa1-8bf2-9d22de77d33a,8,0.01839945132929063,0.06448415666818619,0
qwen32B-int4_retail_50runs,3e9de05b-0df6-4fa1-8bf2-9d22de77d33a,10,0.14849920764342792,0.09615160624186198,0
qwen32B-int4_retail_50runs,3e9de05b-0df6-4fa1-8bf2-9d22de77d33a,12,9.669089791002656e-05,0.49396952986717224,0
qwen32B-int4_retail_50runs,3e9de05b-0df6-4fa1-8bf2-9d22de77d33a,14,0.2282011490942967,0.40969725297047543,0
qwen32B-int4_retail_50runs,3e9de05b-0df6-4fa1-8bf2-9d22de77d33a,16,0.00022393465513498108,0.48466628789901733,0
qwen32B-int4_retail_50runs,3e9de05b-0df6-4fa1-8bf2-9d22de77d33a,18,0.20852926652695422,0.015488141112857394,0
qwen32B-int4_retail_50runs,3e9de05b-0df6-4fa1-8bf2-9d22de77d33a,20,0.21240134942495068,0.23997803131739298,0
qwen32B-int4_retail_50runs,3e9de05b-0df6-4fa1-8bf2-9d22de77d33a,22,0.0009633644720269292,0.22172897202627997,0
qwen32B-int4_retail_50runs,3e9de05b-0df6-4fa1-8bf2-9d22de77d33a,24,0.1937411668762931,0.1870721181233724,0
qwen32B-int4_retail_50runs,f24ec70b-d40e-4c78-99c1-fa80888a474f,0,,,0
qwen32B-int4_retail_50runs,f24ec70b-d40e-4c78-99c1-fa80888a474f,2,0.1327318035206105,0.0,0
qwen32B-int4_retail_50runs,f24ec70b-d40e-4c78-99c1-fa80888a474f,4,4.589725363353166e-05,0.0342062513033549,0
qwen32B-int4_retail_50runs,f24ec70b-d40e-4c78-99c1-fa80888a474f,6,0.18364594635986398,0.035890657326270795,0
qwen32B-int4_retail_50runs,f24ec70b-d40e-4c78-99c1-fa80888a474f,8,0.006003826553789996,0.06513470411300659,0
qwen32B-int4_retail_50runs,f24ec70b-d40e-4c78-99c1-fa80888a474f,10,0.22081089355341016,0.04684222388911892,0
qwen32B-int4_retail_50runs,f24ec70b-d40e-4c78-99c1-fa80888a474f,12,0.00017252355726439278,0.48466628789901733,0
qwen32B-int4_retail_50runs,f24ec70b-d40e-4c78-99c1-fa80888a474f,14,0.3313116693418317,0.030382016609454977,0
qwen32B-int4_retail_50runs,f24ec70b-d40e-4c78-99c1-fa80888a474f,16,0.03306820241087623,0.19291792809963226,0
qwen32B-int4_retail_50runs,f24ec70b-d40e-4c78-99c1-fa80888a474f,18,0.21695281367228123,0.17970588656722522,0
qwen32B-int4_retail_50runs,f24ec70b-d40e-4c78-99c1-fa80888a474f,20,0.22516917101382428,0.1579167471557367,0
qwen32B-int4_retail_50runs,f24ec70b-d40e-4c78-99c1-fa80888a474f,22,0.13152161378096888,0.2924597366996433,0
qwen32B-int4_retail_50runs,f24ec70b-d40e-4c78-99c1-fa80888a474f,24,3.999165901031887e-05,0.02143807483441902,0
qwen32B-int4_retail_50runs,f24ec70b-d40e-4c78-99c1-fa80888a474f,26,0.14661629340970497,0.24803763881642768,0
qwen32B-int4_retail_50runs,b37929bb-4139-43fe-8521-2047ac1a8bd7,0,,,0
qwen32B-int4_retail_50runs,b37929bb-4139-43fe-8521-2047ac1a8bd7,2,0.20279781498073493,0.0,0
qwen32B-int4_retail_50runs,b37929bb-4139-43fe-8521-2047ac1a8bd7,4,3.675119096819112e-05,0.020309450449766935,0
qwen32B-int4_retail_50runs,b37929bb-4139-43fe-8521-2047ac1a8bd7,6,0.019728756332837057,0.06402084976434708,0
qwen32B-int4_retail_50runs,b37929bb-4139-43fe-8521-2047ac1a8bd7,8,0.15376633857612987,0.04768526699484848,0
qwen32B-int4_retail_50runs,b37929bb-4139-43fe-8521-2047ac1a8bd7,10,0.00012479366583306728,0.4945038855075836,0
qwen32B-int4_retail_50runs,b37929bb-4139-43fe-8521-2047ac1a8bd7,12,0.29119215671695176,0.021980869965475113,0
qwen32B-int4_retail_50runs,b37929bb-4139-43fe-8521-2047ac1a8bd7,14,0.22758422290445074,0.25208954773251974,0
qwen32B-int4_retail_50runs,b37929bb-4139-43fe-8521-2047ac1a8bd7,16,0.00015265929137693016,0.2225328002657209,0
qwen32B-int4_retail_50runs,b37929bb-4139-43fe-8521-2047ac1a8bd7,18,0.07563245244108377,0.3486454095413436,0
qwen32B-int4_retail_50runs,3ea46536-257f-4a5a-95b2-fd83a2f6f070,0,,,1
qwen32B-int4_retail_50runs,3ea46536-257f-4a5a-95b2-fd83a2f6f070,2,0.10172108223572608,0.0,1
qwen32B-int4_retail_50runs,3ea46536-257f-4a5a-95b2-fd83a2f6f070,4,7.24381855359641e-05,0.03213710533945184,1
qwen32B-int4_retail_50runs,3ea46536-257f-4a5a-95b2-fd83a2f6f070,6,0.3188519691425139,0.03505242255426222,1
qwen32B-int4_retail_50runs,3ea46536-257f-4a5a-95b2-fd83a2f6f070,8,0.07274138561728191,0.08046725392341614,1
qwen32B-int4_retail_50runs,3ea46536-257f-4a5a-95b2-fd83a2f6f070,10,0.24045000767960817,0.12599617403906746,1
qwen32B-int4_retail_50runs,3ea46536-257f-4a5a-95b2-fd83a2f6f070,12,0.09950252855768066,0.09396122296651205,1
qwen32B-int4_retail_50runs,3ea46536-257f-4a5a-95b2-fd83a2f6f070,14,0.2451552086761646,0.09416770935058594,1
qwen32B-int4_retail_50runs,3ea46536-257f-4a5a-95b2-fd83a2f6f070,16,0.19868049266284002,0.07187507702754094,1
qwen32B-int4_retail_50runs,3ea46536-257f-4a5a-95b2-fd83a2f6f070,18,9.828360177458442e-05,0.07807585265901353,1
qwen32B-int4_retail_50runs,3ea46536-257f-4a5a-95b2-fd83a2f6f070,20,0.12569240817845045,0.11145003139972687,1
qwen32B-int4_retail_50runs,3ea46536-257f-4a5a-95b2-fd83a2f6f070,22,0.24860207151234937,0.09943626608167375,1
qwen32B-int4_retail_50runs,8058b006-6a7a-4d78-8098-9efbf7b05fea,0,,,0
qwen32B-int4_retail_50runs,8058b006-6a7a-4d78-8098-9efbf7b05fea,2,0.2631538241532659,0.0,0
qwen32B-int4_retail_50runs,8058b006-6a7a-4d78-8098-9efbf7b05fea,4,2.7768137239127874e-05,0.02666209773583846,0
qwen32B-int4_retail_50runs,8058b006-6a7a-4d78-8098-9efbf7b05fea,6,0.26918447871999823,0.04826259129756206,0
qwen32B-int4_retail_50runs,8058b006-6a7a-4d78-8098-9efbf7b05fea,8,0.000561096294827242,0.09308439493179321,0
qwen32B-int4_retail_50runs,8058b006-6a7a-4d78-8098-9efbf7b05fea,10,0.32731877342668964,0.15819835662841797,0
qwen32B-int4_retail_50runs,8058b006-6a7a-4d78-8098-9efbf7b05fea,12,0.12672207734501767,0.42956032790243626,0
qwen32B-int4_retail_50runs,8058b006-6a7a-4d78-8098-9efbf7b05fea,14,0.09661713548427145,0.6555907583236695,0
qwen32B-int4_retail_50runs,8058b006-6a7a-4d78-8098-9efbf7b05fea,16,0.08979653507179068,0.7166824707618126,0
qwen32B-int4_retail_50runs,8058b006-6a7a-4d78-8098-9efbf7b05fea,18,0.0581384326225343,0.730105164051056,0
qwen32B-int4_retail_50runs,8058b006-6a7a-4d78-8098-9efbf7b05fea,20,0.1774923953056165,0.07731159397813141,0
qwen32B-int4_retail_50runs,8058b006-6a7a-4d78-8098-9efbf7b05fea,22,4.555651235861722e-05,0.04203924426326045,0
qwen32B-int4_retail_50runs,8058b006-6a7a-4d78-8098-9efbf7b05fea,24,0.29012408920604504,0.029073180221929784,0
qwen32B-int4_telecom_50runs,3754b5ae-add7-441c-af2a-ad5ba926920c,0,,,0
qwen32B-int4_telecom_50runs,3754b5ae-add7-441c-af2a-ad5ba926920c,2,0.26006089638057567,0.0,0
qwen32B-int4_telecom_50runs,3754b5ae-add7-441c-af2a-ad5ba926920c,8,0.24042222023451285,0.22321669230094324,0
qwen32B-int4_telecom_50runs,3754b5ae-add7-441c-af2a-ad5ba926920c,15,0.18289673162326542,0.048172857801792986,0
qwen32B-int4_telecom_50runs,e75caaf1-f9ee-4f27-81d6-9c73a4adec3d,0,,,0
qwen32B-int4_telecom_50runs,e75caaf1-f9ee-4f27-81d6-9c73a4adec3d,2,0.08466810531083269,0.0,0
qwen32B-int4_telecom_50runs,e75caaf1-f9ee-4f27-81d6-9c73a4adec3d,4,0.2664531628979724,0.0,0
qwen32B-int4_telecom_50runs,e75caaf1-f9ee-4f27-81d6-9c73a4adec3d,6,1.9241386320199803e-05,0.09769789661679948,0
qwen32B-int4_telecom_50runs,e75caaf1-f9ee-4f27-81d6-9c73a4adec3d,8,0.3533254674383359,0.07401867610652273,0
qwen32B-int4_telecom_50runs,e75caaf1-f9ee-4f27-81d6-9c73a4adec3d,10,0.0002585993115956054,0.10930568973223367,0
qwen32B-int4_telecom_50runs,e75caaf1-f9ee-4f27-81d6-9c73a4adec3d,12,0.3858565111038575,0.054816694095216945,0
qwen32B-int4_telecom_50runs,e75caaf1-f9ee-4f27-81d6-9c73a4adec3d,16,0.2951963138871016,0.08766543498406044,0
qwen32B-int4_telecom_50runs,e75caaf1-f9ee-4f27-81d6-9c73a4adec3d,20,0.14188474535469972,0.06153268855193566,0
qwen32B-int4_telecom_50runs,e75caaf1-f9ee-4f27-81d6-9c73a4adec3d,24,0.26953820481884644,0.05686000720509943,0
qwen32B-int4_telecom_50runs,4207d4e9-ce60-42db-9d99-1332cb36dbc5,0,,,0
qwen32B-int4_telecom_50runs,4207d4e9-ce60-42db-9d99-1332cb36dbc5,2,0.26006089638057567,0.0,0
qwen32B-int4_telecom_50runs,4207d4e9-ce60-42db-9d99-1332cb36dbc5,8,0.3316716496865246,0.1461762498164999,0
qwen32B-int4_telecom_50runs,4207d4e9-ce60-42db-9d99-1332cb36dbc5,13,0.25375194069023094,0.13937608842496518,0
qwen32B-int4_telecom_50runs,4207d4e9-ce60-42db-9d99-1332cb36dbc5,18,0.19144657241641877,0.23326295155745286,0
qwen32B-int4_telecom_50runs,4207d4e9-ce60-42db-9d99-1332cb36dbc5,24,0.21988502467490367,0.1693968568977557,0
qwen32B-int4_telecom_50runs,4207d4e9-ce60-42db-9d99-1332cb36dbc5,26,2.0283911519627775e-05,0.0,0
qwen32B-int4_telecom_50runs,4207d4e9-ce60-42db-9d99-1332cb36dbc5,28,0.23588603846707004,0.16187344264175932,0
qwen32B-int4_telecom_50runs,4207d4e9-ce60-42db-9d99-1332cb36dbc5,30,1.8095183135959413e-05,0.1407792568206787,0
qwen32B-int4_telecom_50runs,4207d4e9-ce60-42db-9d99-1332cb36dbc5,32,0.1673726534603663,0.12071745535906624,0
qwen32B-int4_telecom_50runs,4207d4e9-ce60-42db-9d99-1332cb36dbc5,34,0.18828815933136955,0.12092028764578013,0
qwen32B-int4_telecom_50runs,4207d4e9-ce60-42db-9d99-1332cb36dbc5,36,0.015825492555661336,0.0845750942826271,0
qwen32B-int4_telecom_50runs,4207d4e9-ce60-42db-9d99-1332cb36dbc5,38,0.2281111590585976,0.07689453504587475,0
qwen32B-int4_telecom_50runs,4207d4e9-ce60-42db-9d99-1332cb36dbc5,42,0.23042984371494188,0.07363598136340871,0
qwen32B-int4_telecom_50runs,a1e98920-f713-4daa-99e1-e25630a6c8c7,0,,,1
qwen32B-int4_telecom_50runs,a1e98920-f713-4daa-99e1-e25630a6c8c7,2,0.3113807525553331,0.0,1
qwen32B-int4_telecom_50runs,a1e98920-f713-4daa-99e1-e25630a6c8c7,7,0.21434221421932226,0.21018123520272117,1
qwen32B-int4_telecom_50runs,a1e98920-f713-4daa-99e1-e25630a6c8c7,11,0.16567947005717765,0.14923446944781713,1
qwen32B-int4_telecom_50runs,a1e98920-f713-4daa-99e1-e25630a6c8c7,16,0.1223542360791178,0.24818027615547178,1
qwen32B-int4_telecom_50runs,a1e98920-f713-4daa-99e1-e25630a6c8c7,20,0.13688297029439309,0.2395997272347504,1
qwen32B-int4_telecom_50runs,a1e98920-f713-4daa-99e1-e25630a6c8c7,26,0.18430898651241223,0.16621572331145956,1
qwen32B-int4_telecom_50runs,a1e98920-f713-4daa-99e1-e25630a6c8c7,28,2.3221013248619263e-05,0.0,1
qwen32B-int4_telecom_50runs,a1e98920-f713-4daa-99e1-e25630a6c8c7,30,0.2429837578184614,0.11449168294163073,1
qwen32B-int4_telecom_50runs,a1e98920-f713-4daa-99e1-e25630a6c8c7,32,0.0016711349971319468,0.1407792568206787,1
qwen32B-int4_telecom_50runs,a1e98920-f713-4daa-99e1-e25630a6c8c7,34,0.11135150333331595,0.12700456475454663,1
qwen32B-int4_telecom_50runs,a1e98920-f713-4daa-99e1-e25630a6c8c7,36,0.07550028149615635,0.14713802407769597,1
qwen32B-int4_telecom_50runs,a1e98920-f713-4daa-99e1-e25630a6c8c7,40,0.2329695289408614,0.04861705470830202,1
qwen32B-int4_telecom_50runs,6a6e2377-7448-482a-a9f6-213706c8c81b,0,,,0
qwen32B-int4_telecom_50runs,6a6e2377-7448-482a-a9f6-213706c8c81b,2,0.25149270629162146,0.0,0
qwen32B-int4_telecom_50runs,6a6e2377-7448-482a-a9f6-213706c8c81b,6,0.2805991144259097,0.20340475688378015,0
qwen32B-int4_telecom_50runs,6a6e2377-7448-482a-a9f6-213706c8c81b,10,0.1914566956347314,0.08738537440224299,0
qwen32B-int4_telecom_50runs,6a6e2377-7448-482a-a9f6-213706c8c81b,14,0.23635434446293244,0.2197493016719818,0
qwen32B-int4_telecom_50runs,6a6e2377-7448-482a-a9f6-213706c8c81b,18,0.12212973599331624,0.2103338397067526,0
qwen32B-int4_telecom_50runs,6a6e2377-7448-482a-a9f6-213706c8c81b,26,0.1756505370059579,0.14418582618236542,0
qwen32B-int4_telecom_50runs,6a6e2377-7448-482a-a9f6-213706c8c81b,34,0.13998597496679716,0.26572513580322266,0
qwen32B-int4_telecom_50runs,6a6e2377-7448-482a-a9f6-213706c8c81b,42,0.10291779721917367,0.1248202863729225,0
qwen32B-int4_telecom_50runs,a2303c65-5c35-4da6-b1ee-9a058ca49785,0,,,0
qwen32B-int4_telecom_50runs,a2303c65-5c35-4da6-b1ee-9a058ca49785,2,0.0778534462971199,0.0,0
qwen32B-int4_telecom_50runs,a2303c65-5c35-4da6-b1ee-9a058ca49785,4,0.28662120177153033,0.0,0
qwen32B-int4_telecom_50runs,a2303c65-5c35-4da6-b1ee-9a058ca49785,6,0.0009080728068791808,0.11352376143137613,0
qwen32B-int4_telecom_50runs,a2303c65-5c35-4da6-b1ee-9a058ca49785,8,0.26574408609830147,0.12493971613950508,0
qwen32B-int4_telecom_50runs,a2303c65-5c35-4da6-b1ee-9a058ca49785,10,0.0007470622512432984,0.10960021615028381,0
qwen32B-int4_telecom_50runs,a2303c65-5c35-4da6-b1ee-9a058ca49785,12,0.33631273114493393,0.03838584730119416,0
qwen32B-int4_telecom_50runs,a2303c65-5c35-4da6-b1ee-9a058ca49785,16,0.2657773188285595,0.09114765164292889,0
qwen32B-int4_telecom_50runs,a2303c65-5c35-4da6-b1ee-9a058ca49785,22,0.27875877471055016,0.20610199847691496,0
qwen32B-int4_telecom_50runs,a2303c65-5c35-4da6-b1ee-9a058ca49785,26,0.15915830418245047,0.26221316307783127,0
qwen32B-int4_telecom_50runs,a2303c65-5c35-4da6-b1ee-9a058ca49785,30,0.21664350752564718,0.05329360681421617,0
qwen32B-int4_telecom_50runs,a2303c65-5c35-4da6-b1ee-9a058ca49785,34,0.3121852069955985,0.048678803443908694,0
qwen32B-int4_telecom_50runs,a2303c65-5c35-4da6-b1ee-9a058ca49785,36,0.085771821732391,0.09299455007704177,0
qwen32B-int4_telecom_50runs,f9f5a1f8-f133-4bea-9638-5ae07182d154,0,,,1
qwen32B-int4_telecom_50runs,f9f5a1f8-f133-4bea-9638-5ae07182d154,2,0.25096194383514975,0.0,1
qwen32B-int4_telecom_50runs,f9f5a1f8-f133-4bea-9638-5ae07182d154,6,0.28108276755454203,0.20340475688378015,1
qwen32B-int4_telecom_50runs,f9f5a1f8-f133-4bea-9638-5ae07182d154,10,0.1977909524796377,0.19499866664409637,1
qwen32B-int4_telecom_50runs,f9f5a1f8-f133-4bea-9638-5ae07182d154,14,0.2302300976608645,0.21895178124822418,1
qwen32B-int4_telecom_50runs,f9f5a1f8-f133-4bea-9638-5ae07182d154,18,0.16386872137808492,0.11148588008740369,1
qwen32B-int4_telecom_50runs,f9f5a1f8-f133-4bea-9638-5ae07182d154,22,0.13316899475528832,0.14223719344419591,1
qwen32B-int4_telecom_50runs,f9f5a1f8-f133-4bea-9638-5ae07182d154,28,0.1853169335630483,0.22840969007590722,1
qwen32B-int4_telecom_50runs,f9f5a1f8-f133-4bea-9638-5ae07182d154,36,0.18282328043169901,0.25357943773269653,1
qwen32B-int4_telecom_50runs,f9f5a1f8-f133-4bea-9638-5ae07182d154,42,0.14294619079664797,0.05994418594572279,1
qwen32B-int4_telecom_50runs,f9f5a1f8-f133-4bea-9638-5ae07182d154,44,1.529149037709738e-05,0.0,1
qwen32B-int4_telecom_50runs,f9f5a1f8-f133-4bea-9638-5ae07182d154,46,0.24750037114170612,0.15721401808753846,1
qwen32B-int4_telecom_50runs,f9f5a1f8-f133-4bea-9638-5ae07182d154,48,1.2566317492494014e-05,0.1407792568206787,1
qwen32B-int4_telecom_50runs,f9f5a1f8-f133-4bea-9638-5ae07182d154,50,0.1468448113692443,0.14933503241766066,1
qwen32B-int4_telecom_50runs,f9f5a1f8-f133-4bea-9638-5ae07182d154,52,0.07489987716595863,0.1008231569738949,1
qwen32B-int4_telecom_50runs,f9f5a1f8-f133-4bea-9638-5ae07182d154,56,0.14556324894084713,0.14523939291636148,1
qwen32B-int4_telecom_50runs,f9f5a1f8-f133-4bea-9638-5ae07182d154,58,0.1842418611617137,0.11071868376298384,1
qwen32B-int4_telecom_50runs,f9f5a1f8-f133-4bea-9638-5ae07182d154,60,7.649988557981383e-05,0.03508649645624934,1
qwen32B-int4_telecom_50runs,f9f5a1f8-f133-4bea-9638-5ae07182d154,62,0.1152773425429771,0.1687193711598714,1
qwen32B-int4_telecom_50runs,f9f5a1f8-f133-4bea-9638-5ae07182d154,68,0.11903076459004905,1.0,1
qwen32B-int4_telecom_50runs,f9f5a1f8-f133-4bea-9638-5ae07182d154,70,0.09266759894669749,0.26239712421710676,1
qwen32B-int4_telecom_50runs,f9f5a1f8-f133-4bea-9638-5ae07182d154,74,0.19605850376939457,0.07378166222917862,1
qwen32B-int4_telecom_50runs,f9f5a1f8-f133-4bea-9638-5ae07182d154,76,0.0002498832010240604,0.023365469689064836,1
qwen32B-int4_telecom_50runs,68c6a971-18b2-450b-8c4a-0011b8812143,0,,,0
qwen32B-int4_telecom_50runs,68c6a971-18b2-450b-8c4a-0011b8812143,2,0.31233704092186115,0.0,0
qwen32B-int4_telecom_50runs,68c6a971-18b2-450b-8c4a-0011b8812143,4,3.170890838843067e-05,0.0,0
qwen32B-int4_telecom_50runs,68c6a971-18b2-450b-8c4a-0011b8812143,6,0.2572564804180743,0.11410346031188964,0
qwen32B-int4_telecom_50runs,68c6a971-18b2-450b-8c4a-0011b8812143,8,5.268388039404633e-05,0.11092932025591531,0
qwen32B-int4_telecom_50runs,68c6a971-18b2-450b-8c4a-0011b8812143,10,0.3230468037531566,0.03247977609503759,0
qwen32B-int4_telecom_50runs,68c6a971-18b2-450b-8c4a-0011b8812143,16,0.23962676008019604,0.1869424658436929,0
qwen32B-int4_telecom_50runs,68c6a971-18b2-450b-8c4a-0011b8812143,23,0.1846024970834807,0.1897000204771757,0
qwen32B-int4_telecom_50runs,68c6a971-18b2-450b-8c4a-0011b8812143,29,0.23923169715325723,0.057642613664085476,0
qwen32B-int4_telecom_50runs,fd65371a-5bdb-4249-9582-28ef31dd9dd5,0,,,1
qwen32B-int4_telecom_50runs,fd65371a-5bdb-4249-9582-28ef31dd9dd5,2,0.0779893445626925,0.0,1
qwen32B-int4_telecom_50runs,fd65371a-5bdb-4249-9582-28ef31dd9dd5,4,0.2875267301681444,0.0,1
qwen32B-int4_telecom_50runs,fd65371a-5bdb-4249-9582-28ef31dd9dd5,6,0.0009080728068791808,0.11352376143137613,1
qwen32B-int4_telecom_50runs,fd65371a-5bdb-4249-9582-28ef31dd9dd5,8,0.2662251772973883,0.12493971613950508,1
qwen32B-int4_telecom_50runs,fd65371a-5bdb-4249-9582-28ef31dd9dd5,10,0.0007475121842675743,0.10960021615028381,1
qwen32B-int4_telecom_50runs,fd65371a-5bdb-4249-9582-28ef31dd9dd5,12,0.33618125243505237,0.03838584730119416,1
qwen32B-int4_telecom_50runs,fd65371a-5bdb-4249-9582-28ef31dd9dd5,16,0.2213646089031863,0.09420263956463526,1
qwen32B-int4_telecom_50runs,fd65371a-5bdb-4249-9582-28ef31dd9dd5,20,0.19378338549651689,0.19503839313983914,1
qwen32B-int4_telecom_50runs,fd65371a-5bdb-4249-9582-28ef31dd9dd5,24,0.19509361069070844,0.1098013841188871,1
qwen32B-int4_telecom_50runs,fd65371a-5bdb-4249-9582-28ef31dd9dd5,28,0.17484313467738047,0.07665068473456041,1
qwen32B-int4_telecom_50runs,fd65371a-5bdb-4249-9582-28ef31dd9dd5,32,0.15424655438107138,0.1234179103013241,1
qwen32B-int4_telecom_50runs,fd65371a-5bdb-4249-9582-28ef31dd9dd5,36,0.21172270660254253,0.18829644401118442,1
qwen32B-int4_telecom_50runs,fd65371a-5bdb-4249-9582-28ef31dd9dd5,40,0.11595077029014354,0.10310769932610647,1
qwen32B-int4_telecom_50runs,fd65371a-5bdb-4249-9582-28ef31dd9dd5,44,0.23375400815709294,0.11016379935400826,1
qwen32B-int4_telecom_50runs,fd65371a-5bdb-4249-9582-28ef31dd9dd5,48,0.3020593074072401,0.13470952386979934,1
qwen32B-int4_telecom_50runs,fd65371a-5bdb-4249-9582-28ef31dd9dd5,52,0.1427514954354946,0.21775049132269783,1
qwen32B-int4_telecom_50runs,fd65371a-5bdb-4249-9582-28ef31dd9dd5,56,0.04290437266349315,0.19125866889953613,1
qwen32B-int4_telecom_50runs,fd65371a-5bdb-4249-9582-28ef31dd9dd5,60,0.3145454901577254,0.06328006224198775,1
qwen32B-int4_telecom_50runs,fd65371a-5bdb-4249-9582-28ef31dd9dd5,62,0.18872096177501102,0.06005447561090643,1
qwen32B-int4_telecom_50runs,fd65371a-5bdb-4249-9582-28ef31dd9dd5,64,0.0025266204378216854,0.03984982201031276,1
qwen32B-int4_telecom_50runs,d11bcd2a-db5d-44ad-8956-0a24aedf56c8,0,,,1
qwen32B-int4_telecom_50runs,d11bcd2a-db5d-44ad-8956-0a24aedf56c8,2,0.07807649182866593,0.0,1
qwen32B-int4_telecom_50runs,d11bcd2a-db5d-44ad-8956-0a24aedf56c8,4,0.28746683431812925,0.0,1
qwen32B-int4_telecom_50runs,d11bcd2a-db5d-44ad-8956-0a24aedf56c8,6,0.0009080819745857746,0.11352376143137613,1
qwen32B-int4_telecom_50runs,d11bcd2a-db5d-44ad-8956-0a24aedf56c8,8,0.2662528155674002,0.12493971613950508,1
qwen32B-int4_telecom_50runs,d11bcd2a-db5d-44ad-8956-0a24aedf56c8,10,0.0007470692609764321,0.10960021615028381,1
qwen32B-int4_telecom_50runs,d11bcd2a-db5d-44ad-8956-0a24aedf56c8,12,0.33612078238179743,0.03838584730119416,1
qwen32B-int4_telecom_50runs,d11bcd2a-db5d-44ad-8956-0a24aedf56c8,16,0.28120966141957254,0.06217826350351398,1
qwen32B-int4_telecom_50runs,d11bcd2a-db5d-44ad-8956-0a24aedf56c8,22,0.031798714990840186,0.1557825704415639,1
qwen32B-int4_telecom_50runs,d11bcd2a-db5d-44ad-8956-0a24aedf56c8,24,0.23392169423501347,0.14696154236793518,1
qwen32B-int4_telecom_50runs,d11bcd2a-db5d-44ad-8956-0a24aedf56c8,28,0.17615638222976807,0.10217927027186123,1
qwen32B-int4_telecom_50runs,d11bcd2a-db5d-44ad-8956-0a24aedf56c8,38,0.09185309144926611,0.11839620272318521,1
qwen32B-int4_telecom_50runs,d11bcd2a-db5d-44ad-8956-0a24aedf56c8,44,0.12554609848845782,0.3258960797236516,1
qwen32B-int4_telecom_50runs,d11bcd2a-db5d-44ad-8956-0a24aedf56c8,51,0.19809625009489867,0.18623009324073792,1
qwen32B-int4_telecom_50runs,d11bcd2a-db5d-44ad-8956-0a24aedf56c8,61,0.16996453264324668,0.16466071775981359,1
qwen32B-int4_telecom_50runs,d11bcd2a-db5d-44ad-8956-0a24aedf56c8,63,0.0035372140121593455,0.022455370651101165,1
qwen32B-int4_telecom_50runs,05e4839d-c565-468e-8b89-b940dde5ef2f,0,,,1
qwen32B-int4_telecom_50runs,05e4839d-c565-468e-8b89-b940dde5ef2f,2,0.3123580341232943,0.0,1
qwen32B-int4_telecom_50runs,05e4839d-c565-468e-8b89-b940dde5ef2f,4,3.182799163134393e-05,0.0,1
qwen32B-int4_telecom_50runs,05e4839d-c565-468e-8b89-b940dde5ef2f,6,0.2564402257867201,0.11410346031188964,1
qwen32B-int4_telecom_50runs,05e4839d-c565-468e-8b89-b940dde5ef2f,8,5.2697904375186095e-05,0.11092932025591531,1
qwen32B-int4_telecom_50runs,05e4839d-c565-468e-8b89-b940dde5ef2f,10,0.32295324983372187,0.03247977609503759,1
qwen32B-int4_telecom_50runs,05e4839d-c565-468e-8b89-b940dde5ef2f,16,0.29986758686234993,0.13338276509488567,1
qwen32B-int4_telecom_50runs,05e4839d-c565-468e-8b89-b940dde5ef2f,22,0.21674128727745443,0.17257322827164007,1
qwen32B-int4_telecom_50runs,05e4839d-c565-468e-8b89-b940dde5ef2f,24,0.1348103782316496,0.19572550600225275,1
qwen32B-int4_telecom_50runs,05e4839d-c565-468e-8b89-b940dde5ef2f,30,0.09186996602621395,0.28195804357528687,1
qwen32B-int4_telecom_50runs,05e4839d-c565-468e-8b89-b940dde5ef2f,36,0.0929250779785538,0.34745553706554655,1
qwen32B-int4_telecom_50runs,05e4839d-c565-468e-8b89-b940dde5ef2f,40,0.051329353166891065,0.590931216875712,1
qwen32B-int4_telecom_50runs,05e4839d-c565-468e-8b89-b940dde5ef2f,46,0.12648021213427219,0.36284054040908814,1
qwen32B-int4_telecom_50runs,05e4839d-c565-468e-8b89-b940dde5ef2f,52,0.3600239931013144,0.02770894103580051,1
qwen32B-int4_telecom_50runs,05e4839d-c565-468e-8b89-b940dde5ef2f,54,0.1761031135278035,0.07510944083333015,1
qwen32B-int4_telecom_50runs,05e4839d-c565-468e-8b89-b940dde5ef2f,56,0.08428840227263219,0.056160885554093584,1
qwen32B-int4_telecom_50runs,c8da8cae-3411-4a98-808c-8a02e3f1df0f,0,,,1
qwen32B-int4_telecom_50runs,c8da8cae-3411-4a98-808c-8a02e3f1df0f,2,0.0844608057032596,0.0,1
qwen32B-int4_telecom_50runs,c8da8cae-3411-4a98-808c-8a02e3f1df0f,4,0.26643506334399647,0.0,1
qwen32B-int4_telecom_50runs,c8da8cae-3411-4a98-808c-8a02e3f1df0f,6,1.769818418222549e-05,0.09769789661679948,1
qwen32B-int4_telecom_50runs,c8da8cae-3411-4a98-808c-8a02e3f1df0f,8,0.35696720725044173,0.07401867610652273,1
qwen32B-int4_telecom_50runs,c8da8cae-3411-4a98-808c-8a02e3f1df0f,10,0.00024854147546511906,0.10930568973223367,1
qwen32B-int4_telecom_50runs,c8da8cae-3411-4a98-808c-8a02e3f1df0f,12,0.34904086264528494,0.055050681345164776,1
qwen32B-int4_telecom_50runs,c8da8cae-3411-4a98-808c-8a02e3f1df0f,16,0.02304084165300641,0.09952075282732645,1
qwen32B-int4_telecom_50runs,c8da8cae-3411-4a98-808c-8a02e3f1df0f,18,0.32882631449311855,0.06609009504318238,1
qwen32B-int4_telecom_50runs,c8da8cae-3411-4a98-808c-8a02e3f1df0f,20,0.00010570507500792578,1.0,1
qwen32B-int4_telecom_50runs,c8da8cae-3411-4a98-808c-8a02e3f1df0f,22,0.21303242394752198,0.30126216476910733,1
qwen32B-int4_telecom_50runs,c8da8cae-3411-4a98-808c-8a02e3f1df0f,24,0.22319650956013315,0.19248657043163594,1
qwen32B-int4_telecom_50runs,c8da8cae-3411-4a98-808c-8a02e3f1df0f,28,0.12217992260769782,0.3754285515331831,1
qwen32B-int4_telecom_50runs,c8da8cae-3411-4a98-808c-8a02e3f1df0f,32,0.165284533618885,0.260322027023022,1
qwen32B-int4_telecom_50runs,c8da8cae-3411-4a98-808c-8a02e3f1df0f,36,0.07492290431981172,0.23275604741326691,1
qwen32B-int4_telecom_50runs,c8da8cae-3411-4a98-808c-8a02e3f1df0f,40,0.22965519453880945,0.06992919577492608,1
qwen32B-int4_telecom_50runs,c8da8cae-3411-4a98-808c-8a02e3f1df0f,42,0.16309717856333403,0.1792020489772161,1
qwen32B-int4_telecom_50runs,c8da8cae-3411-4a98-808c-8a02e3f1df0f,46,0.18393821616975778,0.2328677842250237,1
qwen32B-int4_telecom_50runs,c8da8cae-3411-4a98-808c-8a02e3f1df0f,52,0.0388462320722644,0.19556652415882456,1
qwen32B-int4_telecom_50runs,c8da8cae-3411-4a98-808c-8a02e3f1df0f,56,0.09882489860513313,0.3808956604737502,1
qwen32B-int4_telecom_50runs,c8da8cae-3411-4a98-808c-8a02e3f1df0f,60,0.007161535718524401,0.9285725434621175,1
qwen32B-int4_telecom_50runs,c8da8cae-3411-4a98-808c-8a02e3f1df0f,64,0.13725551731509505,0.06107745156055544,1
qwen32B-int4_telecom_50runs,c8da8cae-3411-4a98-808c-8a02e3f1df0f,66,0.00018068434132457792,0.016873784603611115,1
qwen32B-int4_telecom_50runs,43ba9603-4494-4a4c-9f1a-05f1a8d5d249,0,,,1
qwen32B-int4_telecom_50runs,43ba9603-4494-4a4c-9f1a-05f1a8d5d249,2,0.0845723130924884,0.0,1
qwen32B-int4_telecom_50runs,43ba9603-4494-4a4c-9f1a-05f1a8d5d249,4,0.2669304948714384,0.0,1
qwen32B-int4_telecom_50runs,43ba9603-4494-4a4c-9f1a-05f1a8d5d249,6,1.931166463155256e-05,0.09769789661679948,1
qwen32B-int4_telecom_50runs,43ba9603-4494-4a4c-9f1a-05f1a8d5d249,8,0.35294242030767314,0.07401867610652273,1
qwen32B-int4_telecom_50runs,43ba9603-4494-4a4c-9f1a-05f1a8d5d249,10,0.0002517402445382168,0.10930568973223367,1
qwen32B-int4_telecom_50runs,43ba9603-4494-4a4c-9f1a-05f1a8d5d249,12,0.38591182964272974,0.054816694095216945,1
qwen32B-int4_telecom_50runs,43ba9603-4494-4a4c-9f1a-05f1a8d5d249,16,0.0018581693423788456,0.09952075282732645,1
qwen32B-int4_telecom_50runs,43ba9603-4494-4a4c-9f1a-05f1a8d5d249,18,0.3366056364118719,0.07439621259917074,1
qwen32B-int4_telecom_50runs,43ba9603-4494-4a4c-9f1a-05f1a8d5d249,22,0.2865288480312327,0.1012801640742534,1
qwen32B-int4_telecom_50runs,43ba9603-4494-4a4c-9f1a-05f1a8d5d249,28,0.245182633934182,0.1437192710619124,1
qwen32B-int4_telecom_50runs,43ba9603-4494-4a4c-9f1a-05f1a8d5d249,34,0.299213954790213,0.08309045609305886,1
qwen32B-int4_telecom_50runs,43ba9603-4494-4a4c-9f1a-05f1a8d5d249,36,0.23728464373763591,0.11214167885966116,1
qwen32B-int4_telecom_50runs,43ba9603-4494-4a4c-9f1a-05f1a8d5d249,43,0.2255929554538957,0.07705848428267467,1
qwen32B-int4_telecom_50runs,43ba9603-4494-4a4c-9f1a-05f1a8d5d249,47,0.22045101150231905,0.17256846172469,1
qwen32B-int4_telecom_50runs,43ba9603-4494-4a4c-9f1a-05f1a8d5d249,51,0.19278537638010299,0.2859439091248946,1
qwen32B-int4_telecom_50runs,43ba9603-4494-4a4c-9f1a-05f1a8d5d249,55,0.31032305155810075,0.10174226760864258,1
qwen32B-int4_telecom_50runs,43ba9603-4494-4a4c-9f1a-05f1a8d5d249,57,0.14955551004601633,0.15893900107878906,1
qwen32B-int4_telecom_50runs,43ba9603-4494-4a4c-9f1a-05f1a8d5d249,63,0.13063956730243773,0.5304149756064782,1
qwen32B-int4_telecom_50runs,43ba9603-4494-4a4c-9f1a-05f1a8d5d249,67,0.10131875762105044,0.28507459677498914,1
qwen32B-int4_telecom_50runs,43ba9603-4494-4a4c-9f1a-05f1a8d5d249,79,0.15277452868901967,0.141223878126878,1
qwen32B-int4_telecom_50runs,43ba9603-4494-4a4c-9f1a-05f1a8d5d249,85,0.14127704047472134,0.19864273970981813,1
qwen32B-int4_telecom_50runs,43ba9603-4494-4a4c-9f1a-05f1a8d5d249,87,0.14192054614363694,0.12175814013614833,1
qwen32B-int4_telecom_50runs,43ba9603-4494-4a4c-9f1a-05f1a8d5d249,89,0.007354818272077068,0.021329891681671143,1
qwen32B-int4_telecom_50runs,54a0ad1d-3f35-4ea1-b88b-e33f69cafbe5,0,,,1
qwen32B-int4_telecom_50runs,54a0ad1d-3f35-4ea1-b88b-e33f69cafbe5,2,0.08434319882637595,0.0,1
qwen32B-int4_telecom_50runs,54a0ad1d-3f35-4ea1-b88b-e33f69cafbe5,4,0.26722764576777824,0.0,1
qwen32B-int4_telecom_50runs,54a0ad1d-3f35-4ea1-b88b-e33f69cafbe5,6,1.7655404585107193e-05,0.09769789661679948,1
qwen32B-int4_telecom_50runs,54a0ad1d-3f35-4ea1-b88b-e33f69cafbe5,8,0.35706747404357386,0.07401867610652273,1
qwen32B-int4_telecom_50runs,54a0ad1d-3f35-4ea1-b88b-e33f69cafbe5,10,0.0002556738531663762,0.10930568973223367,1
qwen32B-int4_telecom_50runs,54a0ad1d-3f35-4ea1-b88b-e33f69cafbe5,12,0.3486408746167832,0.055050681345164776,1
qwen32B-int4_telecom_50runs,54a0ad1d-3f35-4ea1-b88b-e33f69cafbe5,16,0.0006995921446054744,0.09952075282732645,1
qwen32B-int4_telecom_50runs,54a0ad1d-3f35-4ea1-b88b-e33f69cafbe5,18,0.3157384118261412,0.10162024355646389,1
qwen32B-int4_telecom_50runs,54a0ad1d-3f35-4ea1-b88b-e33f69cafbe5,22,0.25970170965763817,0.11737106718234162,1
qwen32B-int4_telecom_50runs,54a0ad1d-3f35-4ea1-b88b-e33f69cafbe5,26,0.05524591083463339,0.09299791852633157,1
qwen32B-int4_telecom_50runs,54a0ad1d-3f35-4ea1-b88b-e33f69cafbe5,28,0.31199848625080884,0.05968992660442988,1
qwen32B-int4_telecom_50runs,54a0ad1d-3f35-4ea1-b88b-e33f69cafbe5,32,0.29752911110403735,0.0646823508583981,1
qwen32B-int4_telecom_50runs,54a0ad1d-3f35-4ea1-b88b-e33f69cafbe5,34,0.29393035242306775,0.11970810014374401,1
qwen32B-int4_telecom_50runs,54a0ad1d-3f35-4ea1-b88b-e33f69cafbe5,38,0.11592066007853115,0.42970117678244907,1
qwen32B-int4_telecom_50runs,54a0ad1d-3f35-4ea1-b88b-e33f69cafbe5,40,0.13278919305555628,0.2296593375952847,1
qwen32B-int4_telecom_50runs,54a0ad1d-3f35-4ea1-b88b-e33f69cafbe5,44,0.19085419969342443,0.12428375130349939,1
qwen32B-int4_telecom_50runs,54a0ad1d-3f35-4ea1-b88b-e33f69cafbe5,48,0.0879300756163046,0.1805013550652398,1
qwen32B-int4_telecom_50runs,54a0ad1d-3f35-4ea1-b88b-e33f69cafbe5,52,0.2205892996088743,0.042327311303880476,1
qwen32B-int4_telecom_50runs,54a0ad1d-3f35-4ea1-b88b-e33f69cafbe5,54,0.1337800364618144,0.16183662605285645,1
qwen32B-int4_telecom_50runs,54a0ad1d-3f35-4ea1-b88b-e33f69cafbe5,58,0.02825176260566553,0.4351482368432558,1
qwen32B-int4_telecom_50runs,54a0ad1d-3f35-4ea1-b88b-e33f69cafbe5,62,0.020081196332692175,0.3133143723011017,1
qwen32B-int4_telecom_50runs,54a0ad1d-3f35-4ea1-b88b-e33f69cafbe5,66,0.13363409483055189,0.09464647272507921,1
qwen32B-int4_telecom_50runs,54a0ad1d-3f35-4ea1-b88b-e33f69cafbe5,68,0.14344247339247582,0.19071040749549864,1
qwen32B-int4_telecom_50runs,54a0ad1d-3f35-4ea1-b88b-e33f69cafbe5,72,0.07533246983076423,0.6145628981101208,1
qwen32B-int4_telecom_50runs,54a0ad1d-3f35-4ea1-b88b-e33f69cafbe5,74,0.18975791993728824,0.2640694865473994,1
qwen32B-int4_telecom_50runs,54a0ad1d-3f35-4ea1-b88b-e33f69cafbe5,76,0.015106798875468763,0.21500033208693584,1
qwen32B-int4_telecom_50runs,54a0ad1d-3f35-4ea1-b88b-e33f69cafbe5,80,0.19002911960569932,0.13330238733602606,1
qwen32B-int4_telecom_50runs,54a0ad1d-3f35-4ea1-b88b-e33f69cafbe5,82,0.2169890122436638,0.13374049406425625,1
qwen32B-int4_telecom_50runs,54a0ad1d-3f35-4ea1-b88b-e33f69cafbe5,84,0.1680906274060701,0.20187425867040107,1
qwen32B-int4_telecom_50runs,54a0ad1d-3f35-4ea1-b88b-e33f69cafbe5,86,0.1897731187128834,0.2896195076130054,1
qwen32B-int4_telecom_50runs,54a0ad1d-3f35-4ea1-b88b-e33f69cafbe5,88,0.04308784212371761,0.18635026028281765,1
qwen32B-int4_telecom_50runs,54a0ad1d-3f35-4ea1-b88b-e33f69cafbe5,90,0.13033977311428138,0.1858828628764433,1
qwen32B-int4_telecom_50runs,54a0ad1d-3f35-4ea1-b88b-e33f69cafbe5,92,0.10030451815287049,0.28228595623603236,1
qwen32B-int4_telecom_50runs,54a0ad1d-3f35-4ea1-b88b-e33f69cafbe5,94,0.1273671645385409,0.08795569772305696,1
qwen32B-int4_telecom_50runs,54a0ad1d-3f35-4ea1-b88b-e33f69cafbe5,96,0.02432561261351757,0.18139134590015854,1
qwen32B-int4_telecom_50runs,54a0ad1d-3f35-4ea1-b88b-e33f69cafbe5,100,0.10773142656011366,0.32701103389263153,1
qwen32B-int4_telecom_50runs,54a0ad1d-3f35-4ea1-b88b-e33f69cafbe5,102,0.18081446306418963,0.14771816410969213,1
qwen32B-int4_telecom_50runs,54a0ad1d-3f35-4ea1-b88b-e33f69cafbe5,104,0.22431479779484878,0.09415701896913589,1
qwen32B-int4_telecom_50runs,d6d9d1c4-c6f5-45e8-980f-a36f796f2480,0,,,0
qwen32B-int4_telecom_50runs,d6d9d1c4-c6f5-45e8-980f-a36f796f2480,2,0.2509429776978659,0.0,0
qwen32B-int4_telecom_50runs,d6d9d1c4-c6f5-45e8-980f-a36f796f2480,6,0.19712648106396918,0.07108209764256197,0
qwen32B-int4_telecom_50runs,d6d9d1c4-c6f5-45e8-980f-a36f796f2480,10,0.16305182965427995,0.13163231694421101,0
qwen32B-int4_telecom_50runs,d6d9d1c4-c6f5-45e8-980f-a36f796f2480,14,0.16594490147557506,0.119520943011007,0
qwen32B-int4_telecom_50runs,d6d9d1c4-c6f5-45e8-980f-a36f796f2480,18,0.16358975322050298,0.34002584702259786,0
qwen32B-int4_telecom_50runs,d6d9d1c4-c6f5-45e8-980f-a36f796f2480,22,0.16487716264017077,0.14704574780030683,0
qwen32B-int4_telecom_50runs,d6d9d1c4-c6f5-45e8-980f-a36f796f2480,26,0.1170040465255633,0.17493170058285748,0
qwen32B-int4_telecom_50runs,d6d9d1c4-c6f5-45e8-980f-a36f796f2480,30,0.10690251860183435,0.19052927196025848,0
qwen32B-int4_telecom_50runs,d6d9d1c4-c6f5-45e8-980f-a36f796f2480,36,0.043563963701943466,0.14030567915351302,0
qwen32B-int4_telecom_50runs,d6d9d1c4-c6f5-45e8-980f-a36f796f2480,40,0.15340921937461693,0.2144605797879836,0
qwen32B-int4_telecom_50runs,d6d9d1c4-c6f5-45e8-980f-a36f796f2480,44,0.11524985617444083,0.3674003899097443,0
qwen32B-int4_telecom_50runs,d6d9d1c4-c6f5-45e8-980f-a36f796f2480,48,0.08238956901005383,0.28497764212744575,0
qwen32B-int4_telecom_50runs,d6d9d1c4-c6f5-45e8-980f-a36f796f2480,52,0.022936445811454043,0.4025517327444894,0
qwen32B-int4_telecom_50runs,d6d9d1c4-c6f5-45e8-980f-a36f796f2480,56,0.15638940154297196,0.126008953737176,0
qwen32B-int4_telecom_50runs,f5fc3a0d-6755-47a9-87a6-370d6eeb8b1b,0,,,1
qwen32B-int4_telecom_50runs,f5fc3a0d-6755-47a9-87a6-370d6eeb8b1b,2,0.25090781216563746,0.0,1
qwen32B-int4_telecom_50runs,f5fc3a0d-6755-47a9-87a6-370d6eeb8b1b,6,0.21682904274706663,0.12032150843786814,1
qwen32B-int4_telecom_50runs,f5fc3a0d-6755-47a9-87a6-370d6eeb8b1b,12,0.0871893093028433,0.22754180090767998,1
qwen32B-int4_telecom_50runs,f5fc3a0d-6755-47a9-87a6-370d6eeb8b1b,16,0.16758945736066208,0.13271718439848526,1
qwen32B-int4_telecom_50runs,f5fc3a0d-6755-47a9-87a6-370d6eeb8b1b,20,0.0840107194355879,0.18575796391814947,1
qwen32B-int4_telecom_50runs,f5fc3a0d-6755-47a9-87a6-370d6eeb8b1b,26,0.1361557160040355,0.25348678780229467,1
qwen32B-int4_telecom_50runs,f5fc3a0d-6755-47a9-87a6-370d6eeb8b1b,34,0.22679632590129017,0.05591716417452185,1
qwen32B-int4_telecom_50runs,f5fc3a0d-6755-47a9-87a6-370d6eeb8b1b,36,1.8795838038615183e-05,0.0,1
qwen32B-int4_telecom_50runs,f5fc3a0d-6755-47a9-87a6-370d6eeb8b1b,38,0.14449469396372794,0.16004367308183148,1
qwen32B-int4_telecom_50runs,f5fc3a0d-6755-47a9-87a6-370d6eeb8b1b,40,0.08705641948443325,0.19288664393954805,1
qwen32B-int4_telecom_50runs,f5fc3a0d-6755-47a9-87a6-370d6eeb8b1b,42,1.947393742003538e-05,0.14921317994594574,1
qwen32B-int4_telecom_50runs,f5fc3a0d-6755-47a9-87a6-370d6eeb8b1b,44,0.1945857002000032,0.15335661835140652,1
qwen32B-int4_telecom_50runs,f5fc3a0d-6755-47a9-87a6-370d6eeb8b1b,46,0.1169282283962021,1.0,1
qwen32B-int4_telecom_50runs,f5fc3a0d-6755-47a9-87a6-370d6eeb8b1b,48,0.08831169951613721,0.2264340739983779,1
qwen32B-int4_telecom_50runs,f5fc3a0d-6755-47a9-87a6-370d6eeb8b1b,50,0.0813687611094675,0.19313051104545592,1
qwen32B-int4_telecom_50runs,f5fc3a0d-6755-47a9-87a6-370d6eeb8b1b,52,0.1714845558194416,0.07059275777372595,1
qwen32B-int4_telecom_50runs,f5fc3a0d-6755-47a9-87a6-370d6eeb8b1b,58,0.22840365654310216,0.10310947453534161,1
qwen32B-int4_telecom_50runs,f5fc3a0d-6755-47a9-87a6-370d6eeb8b1b,64,0.12271682474029921,0.2947899925557873,1
qwen32B-int4_telecom_50runs,f5fc3a0d-6755-47a9-87a6-370d6eeb8b1b,74,0.20573908155983106,0.13306030550518552,1
qwen32B-int4_telecom_50runs,f5fc3a0d-6755-47a9-87a6-370d6eeb8b1b,76,9.713561675988258e-05,0.044870857311331704,1
qwen32B-int4_telecom_50runs,0b3e6973-ac91-46cb-a2f8-ff436171cebb,0,,,1
qwen32B-int4_telecom_50runs,0b3e6973-ac91-46cb-a2f8-ff436171cebb,2,0.07819159507243303,0.0,1
qwen32B-int4_telecom_50runs,0b3e6973-ac91-46cb-a2f8-ff436171cebb,4,0.2869338884853864,0.0,1
qwen32B-int4_telecom_50runs,0b3e6973-ac91-46cb-a2f8-ff436171cebb,6,0.0009074658032123859,0.11352376143137613,1
qwen32B-int4_telecom_50runs,0b3e6973-ac91-46cb-a2f8-ff436171cebb,8,0.2661055077174212,0.12493971613950508,1
qwen32B-int4_telecom_50runs,0b3e6973-ac91-46cb-a2f8-ff436171cebb,10,0.0007468954690578504,0.10960021615028381,1
qwen32B-int4_telecom_50runs,0b3e6973-ac91-46cb-a2f8-ff436171cebb,12,0.4035660780894697,0.053888119500258874,1
qwen32B-int4_telecom_50runs,0b3e6973-ac91-46cb-a2f8-ff436171cebb,16,0.29983924821082975,0.07684954729947177,1
qwen32B-int4_telecom_50runs,0b3e6973-ac91-46cb-a2f8-ff436171cebb,20,0.2971633984039136,0.15387065556584573,1
qwen32B-int4_telecom_50runs,0b3e6973-ac91-46cb-a2f8-ff436171cebb,26,0.18170134740474383,0.14918312273527445,1
qwen32B-int4_telecom_50runs,0b3e6973-ac91-46cb-a2f8-ff436171cebb,32,0.16457560198363236,0.1427188842527328,1
qwen32B-int4_telecom_50runs,0b3e6973-ac91-46cb-a2f8-ff436171cebb,40,0.21719106689343753,0.05448769640039514,1
qwen32B-int4_telecom_50runs,0b3e6973-ac91-46cb-a2f8-ff436171cebb,42,0.15003628414553338,0.03813497803427956,1
qwen32B-int4_telecom_50runs,0b3e6973-ac91-46cb-a2f8-ff436171cebb,44,0.00012760437338131756,0.04578625758488973,1
qwen32B-int4_telecom_50runs,c3bf7ad1-5fd1-47e3-a16a-a2d6b21fef85,0,,,0
qwen32B-int4_telecom_50runs,c3bf7ad1-5fd1-47e3-a16a-a2d6b21fef85,2,0.31236039296779805,0.0,0
qwen32B-int4_telecom_50runs,c3bf7ad1-5fd1-47e3-a16a-a2d6b21fef85,4,3.183410489326341e-05,0.0,0
qwen32B-int4_telecom_50runs,c3bf7ad1-5fd1-47e3-a16a-a2d6b21fef85,6,0.25656367391188106,0.11410346031188964,0
qwen32B-int4_telecom_50runs,c3bf7ad1-5fd1-47e3-a16a-a2d6b21fef85,8,5.269789947996461e-05,0.11092932025591531,0
qwen32B-int4_telecom_50runs,c3bf7ad1-5fd1-47e3-a16a-a2d6b21fef85,10,0.32272969748822417,0.03247977609503759,0
qwen32B-int4_telecom_50runs,c3bf7ad1-5fd1-47e3-a16a-a2d6b21fef85,16,0.25527168736832834,0.18962002271100092,0
qwen32B-int4_telecom_50runs,c3bf7ad1-5fd1-47e3-a16a-a2d6b21fef85,22,0.2570499138787371,0.32566115130548895,0
qwen32B-int4_telecom_50runs,c3bf7ad1-5fd1-47e3-a16a-a2d6b21fef85,30,0.24016521621348286,0.21934834867715833,0
qwen32B-int4_telecom_50runs,c3bf7ad1-5fd1-47e3-a16a-a2d6b21fef85,39,0.17024890683732916,0.033505129091667404,0
qwen32B-int4_telecom_50runs,62264cd9-2b7e-4d20-80e9-c5039421f201,0,,,1
qwen32B-int4_telecom_50runs,62264cd9-2b7e-4d20-80e9-c5039421f201,2,0.08457154995978584,0.0,1
qwen32B-int4_telecom_50runs,62264cd9-2b7e-4d20-80e9-c5039421f201,4,0.2669580333203205,0.0,1
qwen32B-int4_telecom_50runs,62264cd9-2b7e-4d20-80e9-c5039421f201,6,1.9219995051454858e-05,0.09769789661679948,1
qwen32B-int4_telecom_50runs,62264cd9-2b7e-4d20-80e9-c5039421f201,8,0.353881284877114,0.07401867610652273,1
qwen32B-int4_telecom_50runs,62264cd9-2b7e-4d20-80e9-c5039421f201,10,0.0002517472542813818,0.10930568973223367,1
qwen32B-int4_telecom_50runs,62264cd9-2b7e-4d20-80e9-c5039421f201,12,0.38640418709636104,0.054816694095216945,1
qwen32B-int4_telecom_50runs,62264cd9-2b7e-4d20-80e9-c5039421f201,16,0.24513620148940193,0.04697010391636899,1
qwen32B-int4_telecom_50runs,62264cd9-2b7e-4d20-80e9-c5039421f201,20,0.28752785689111543,0.10264676291009654,1
qwen32B-int4_telecom_50runs,62264cd9-2b7e-4d20-80e9-c5039421f201,22,0.3015841647108977,0.16274041659904248,1
qwen32B-int4_telecom_50runs,62264cd9-2b7e-4d20-80e9-c5039421f201,26,0.23548094802243646,0.2158412722980275,1
qwen32B-int4_telecom_50runs,62264cd9-2b7e-4d20-80e9-c5039421f201,30,0.1824452529572591,0.22355683950277477,1
qwen32B-int4_telecom_50runs,62264cd9-2b7e-4d20-80e9-c5039421f201,34,0.246371474734189,0.08928377480851006,1
qwen32B-int4_telecom_50runs,62264cd9-2b7e-4d20-80e9-c5039421f201,38,0.24820266647461126,0.1426587386711224,1
qwen32B-int4_telecom_50runs,62264cd9-2b7e-4d20-80e9-c5039421f201,42,0.09438430234091204,0.1795889139175415,1
qwen32B-int4_telecom_50runs,62264cd9-2b7e-4d20-80e9-c5039421f201,46,0.12597947418082042,0.17334774260719615,1
qwen32B-int4_telecom_50runs,62264cd9-2b7e-4d20-80e9-c5039421f201,50,0.21076964822557318,0.07817228138446808,1
qwen32B-int4_telecom_50runs,62264cd9-2b7e-4d20-80e9-c5039421f201,54,0.14082135434286547,0.10272701245087844,1
qwen32B-int4_telecom_50runs,62264cd9-2b7e-4d20-80e9-c5039421f201,58,0.08663403941061407,0.18070702650109116,1
qwen32B-int4_telecom_50runs,62264cd9-2b7e-4d20-80e9-c5039421f201,62,0.029810018714301837,0.6590530356845341,1
qwen32B-int4_telecom_50runs,62264cd9-2b7e-4d20-80e9-c5039421f201,66,0.26709499600917613,0.1193988174200058,1
qwen32B-int4_telecom_50runs,62264cd9-2b7e-4d20-80e9-c5039421f201,68,0.15000100617799686,0.11203465991550023,1
qwen32B-int4_telecom_50runs,62264cd9-2b7e-4d20-80e9-c5039421f201,70,0.006829913297744458,0.035313336288227755,1
qwen32B-int4_telecom_50runs,101adb64-3e09-421a-8791-eb74efd73b72,0,,,1
qwen32B-int4_telecom_50runs,101adb64-3e09-421a-8791-eb74efd73b72,2,0.2599520403500206,0.0,1
qwen32B-int4_telecom_50runs,101adb64-3e09-421a-8791-eb74efd73b72,8,0.1955242608802102,0.17532494108555682,1
qwen32B-int4_telecom_50runs,101adb64-3e09-421a-8791-eb74efd73b72,14,0.18713577736492296,0.20374586929877597,1
qwen32B-int4_telecom_50runs,101adb64-3e09-421a-8791-eb74efd73b72,21,0.2338465042336133,0.15464546062328197,1
qwen32B-int4_telecom_50runs,101adb64-3e09-421a-8791-eb74efd73b72,28,0.19000863309230515,0.18621153170519536,1
qwen32B-int4_telecom_50runs,101adb64-3e09-421a-8791-eb74efd73b72,34,0.2215039447692093,0.19474407668425656,1
qwen32B-int4_telecom_50runs,101adb64-3e09-421a-8791-eb74efd73b72,36,0.14189807507113097,0.258884514371554,1
qwen32B-int4_telecom_50runs,101adb64-3e09-421a-8791-eb74efd73b72,43,0.15034514997776424,0.348783898980994,1
qwen32B-int4_telecom_50runs,101adb64-3e09-421a-8791-eb74efd73b72,45,0.1589008799168267,0.2307912356713239,1
qwen32B-int4_telecom_50runs,101adb64-3e09-421a-8791-eb74efd73b72,49,0.17854747459284706,0.10649498649265454,1
qwen32B-int4_telecom_50runs,c256d11c-3588-457e-bfed-9d8cea2c5bce,0,,,1
qwen32B-int4_telecom_50runs,c256d11c-3588-457e-bfed-9d8cea2c5bce,2,0.08466611306341605,0.0,1
qwen32B-int4_telecom_50runs,c256d11c-3588-457e-bfed-9d8cea2c5bce,4,0.26643990471113166,0.0,1
qwen32B-int4_telecom_50runs,c256d11c-3588-457e-bfed-9d8cea2c5bce,6,1.769818418222549e-05,0.09769789661679948,1
qwen32B-int4_telecom_50runs,c256d11c-3588-457e-bfed-9d8cea2c5bce,8,0.3575352146593626,0.07401867610652273,1
qwen32B-int4_telecom_50runs,c256d11c-3588-457e-bfed-9d8cea2c5bce,10,0.0002485344629399703,0.10930568973223367,1
qwen32B-int4_telecom_50runs,c256d11c-3588-457e-bfed-9d8cea2c5bce,12,0.3610900191754797,0.053177478638562294,1
qwen32B-int4_telecom_50runs,c256d11c-3588-457e-bfed-9d8cea2c5bce,16,0.0010808278245500683,0.09952075282732645,1
qwen32B-int4_telecom_50runs,c256d11c-3588-457e-bfed-9d8cea2c5bce,18,0.29672600355887974,0.05935878707812382,1
qwen32B-int4_telecom_50runs,c256d11c-3588-457e-bfed-9d8cea2c5bce,22,0.29150503227752994,0.07016932389822352,1
qwen32B-int4_telecom_50runs,c256d11c-3588-457e-bfed-9d8cea2c5bce,26,0.29943382945048513,0.15212537961847641,1
qwen32B-int4_telecom_50runs,c256d11c-3588-457e-bfed-9d8cea2c5bce,32,0.18737183218425937,0.11000641187032063,1
qwen32B-int4_telecom_50runs,c256d11c-3588-457e-bfed-9d8cea2c5bce,39,0.26732392065644284,0.08045976748690009,1
qwen32B-int4_telecom_50runs,c256d11c-3588-457e-bfed-9d8cea2c5bce,41,0.07568645586806408,0.15528502087203824,1
qwen32B-int4_telecom_50runs,c256d11c-3588-457e-bfed-9d8cea2c5bce,45,0.050157562980610526,0.5800907669528839,1
qwen32B-int4_telecom_50runs,c256d11c-3588-457e-bfed-9d8cea2c5bce,49,0.1945951144937016,0.37566802605338717,1
qwen32B-int4_telecom_50runs,c256d11c-3588-457e-bfed-9d8cea2c5bce,53,0.22331585990161684,0.08591786131158576,1
qwen32B-int4_telecom_50runs,6b5e43a4-928a-4a00-bcaf-2cd24e541021,0,,,1
qwen32B-int4_telecom_50runs,6b5e43a4-928a-4a00-bcaf-2cd24e541021,2,0.25108997148308543,0.0,1
qwen32B-int4_telecom_50runs,6b5e43a4-928a-4a00-bcaf-2cd24e541021,6,0.21672645106677338,0.12032150843786814,1
qwen32B-int4_telecom_50runs,6b5e43a4-928a-4a00-bcaf-2cd24e541021,12,0.08731409864944137,0.22754180090767998,1
qwen32B-int4_telecom_50runs,6b5e43a4-928a-4a00-bcaf-2cd24e541021,16,0.1673859651110935,0.13271718439848526,1
qwen32B-int4_telecom_50runs,6b5e43a4-928a-4a00-bcaf-2cd24e541021,20,0.08350214284615148,0.18575796391814947,1
qwen32B-int4_telecom_50runs,6b5e43a4-928a-4a00-bcaf-2cd24e541021,26,0.13586376049814636,0.25348678780229467,1
qwen32B-int4_telecom_50runs,6b5e43a4-928a-4a00-bcaf-2cd24e541021,34,0.2274312672469214,0.05591716417452185,1
qwen32B-int4_telecom_50runs,6b5e43a4-928a-4a00-bcaf-2cd24e541021,36,1.8648662067858248e-05,0.0,1
qwen32B-int4_telecom_50runs,6b5e43a4-928a-4a00-bcaf-2cd24e541021,38,0.14421107315811454,0.16004367308183148,1
qwen32B-int4_telecom_50runs,6b5e43a4-928a-4a00-bcaf-2cd24e541021,40,0.0870178906462229,0.19288664393954805,1
qwen32B-int4_telecom_50runs,6b5e43a4-928a-4a00-bcaf-2cd24e541021,42,1.948768894494562e-05,0.14921317994594574,1
qwen32B-int4_telecom_50runs,6b5e43a4-928a-4a00-bcaf-2cd24e541021,44,0.12392474057766177,0.16684200431479781,1
qwen32B-int4_telecom_50runs,6b5e43a4-928a-4a00-bcaf-2cd24e541021,46,0.10552153089597109,0.08931734034272491,1
qwen32B-int4_telecom_50runs,6b5e43a4-928a-4a00-bcaf-2cd24e541021,50,0.15321633863658293,0.11854640208184719,1
qwen32B-int4_telecom_50runs,6b5e43a4-928a-4a00-bcaf-2cd24e541021,52,0.09807194947024322,0.19631995988446613,1
qwen32B-int4_telecom_50runs,6b5e43a4-928a-4a00-bcaf-2cd24e541021,54,0.15733077079217775,0.09174689911959463,1
qwen32B-int4_telecom_50runs,6b5e43a4-928a-4a00-bcaf-2cd24e541021,56,0.08014141983669555,0.1454487201329824,1
qwen32B-int4_telecom_50runs,6b5e43a4-928a-4a00-bcaf-2cd24e541021,58,0.11856818416477857,0.20164608816767848,1
qwen32B-int4_telecom_50runs,6b5e43a4-928a-4a00-bcaf-2cd24e541021,66,0.13043356511191084,0.1490687598352847,1
qwen32B-int4_telecom_50runs,6b5e43a4-928a-4a00-bcaf-2cd24e541021,74,0.03322094500735062,0.01715385913848877,1
qwen32B-int4_telecom_50runs,6b5e43a4-928a-4a00-bcaf-2cd24e541021,76,0.04073343116742032,0.3790753760508129,1
qwen32B-int4_telecom_50runs,6b5e43a4-928a-4a00-bcaf-2cd24e541021,80,0.14066643064556975,0.2156095598873339,1
qwen32B-int4_telecom_50runs,6b5e43a4-928a-4a00-bcaf-2cd24e541021,86,0.11285651269280296,0.053964578053530526,1
qwen32B-int4_telecom_50runs,6b5e43a4-928a-4a00-bcaf-2cd24e541021,92,0.11575462354136995,0.11029032082624837,1
qwen32B-int4_telecom_50runs,6b5e43a4-928a-4a00-bcaf-2cd24e541021,94,0.003323363000208103,0.026078981823391384,1
qwen32B-int4_telecom_50runs,b49f4bfb-d91b-4dfd-9988-377c5ea1f1dd,0,,,1
qwen32B-int4_telecom_50runs,b49f4bfb-d91b-4dfd-9988-377c5ea1f1dd,2,0.25128968255301404,0.0,1
qwen32B-int4_telecom_50runs,b49f4bfb-d91b-4dfd-9988-377c5ea1f1dd,6,0.19739673923006157,0.07108209764256197,1
qwen32B-int4_telecom_50runs,b49f4bfb-d91b-4dfd-9988-377c5ea1f1dd,10,0.16286982383884716,0.13163231694421101,1
qwen32B-int4_telecom_50runs,b49f4bfb-d91b-4dfd-9988-377c5ea1f1dd,14,0.16649794431580506,0.119520943011007,1
qwen32B-int4_telecom_50runs,b49f4bfb-d91b-4dfd-9988-377c5ea1f1dd,18,0.16359058026223408,0.34002584702259786,1
qwen32B-int4_telecom_50runs,b49f4bfb-d91b-4dfd-9988-377c5ea1f1dd,22,0.16528573339806849,0.14704574780030683,1
qwen32B-int4_telecom_50runs,b49f4bfb-d91b-4dfd-9988-377c5ea1f1dd,26,0.11659795712026365,0.17493170058285748,1
qwen32B-int4_telecom_50runs,b49f4bfb-d91b-4dfd-9988-377c5ea1f1dd,30,0.10676707948101109,0.19052927196025848,1
qwen32B-int4_telecom_50runs,b49f4bfb-d91b-4dfd-9988-377c5ea1f1dd,36,0.043490928841890604,0.14030567915351302,1
qwen32B-int4_telecom_50runs,b49f4bfb-d91b-4dfd-9988-377c5ea1f1dd,40,0.15353411573084613,0.2144605797879836,1
qwen32B-int4_telecom_50runs,b49f4bfb-d91b-4dfd-9988-377c5ea1f1dd,44,0.11490110331632357,0.3674003899097443,1
qwen32B-int4_telecom_50runs,b49f4bfb-d91b-4dfd-9988-377c5ea1f1dd,48,0.08255316593775745,0.28497764212744575,1
qwen32B-int4_telecom_50runs,b49f4bfb-d91b-4dfd-9988-377c5ea1f1dd,52,0.0227606467777699,0.4025517327444894,1
qwen32B-int4_telecom_50runs,b49f4bfb-d91b-4dfd-9988-377c5ea1f1dd,56,0.20348559960959697,0.12481784464708015,1
qwen32B-int4_telecom_50runs,b49f4bfb-d91b-4dfd-9988-377c5ea1f1dd,58,1.9195648103304312e-05,0.0,1
qwen32B-int4_telecom_50runs,b49f4bfb-d91b-4dfd-9988-377c5ea1f1dd,60,0.15709015613934832,0.16438261993595812,1
qwen32B-int4_telecom_50runs,b49f4bfb-d91b-4dfd-9988-377c5ea1f1dd,62,0.005814125943196302,0.14166760444641113,1
qwen32B-int4_telecom_50runs,b49f4bfb-d91b-4dfd-9988-377c5ea1f1dd,64,0.13777866577688083,0.22883014289700254,1
qwen32B-int4_telecom_50runs,b49f4bfb-d91b-4dfd-9988-377c5ea1f1dd,66,0.004022047314765751,0.4649209976196289,1
qwen32B-int4_telecom_50runs,b49f4bfb-d91b-4dfd-9988-377c5ea1f1dd,68,0.09266755402200341,0.3080976269184015,1
qwen32B-int4_telecom_50runs,b49f4bfb-d91b-4dfd-9988-377c5ea1f1dd,70,4.7662422631151896e-05,0.4802197515964508,1
qwen32B-int4_telecom_50runs,b49f4bfb-d91b-4dfd-9988-377c5ea1f1dd,72,0.0430122889255214,0.770388159059709,1
qwen32B-int4_telecom_50runs,b49f4bfb-d91b-4dfd-9988-377c5ea1f1dd,74,9.735937901403155e-05,0.4729155898094177,1
qwen32B-int4_telecom_50runs,b49f4bfb-d91b-4dfd-9988-377c5ea1f1dd,76,0.10426944993537551,0.3624466962002693,1
qwen32B-int4_telecom_50runs,b49f4bfb-d91b-4dfd-9988-377c5ea1f1dd,78,0.027174118239750467,0.05257813526051385,1
qwen32B-int4_telecom_50runs,b49f4bfb-d91b-4dfd-9988-377c5ea1f1dd,82,0.1458707960897306,0.10569017740987963,1
qwen32B-int4_telecom_50runs,b49f4bfb-d91b-4dfd-9988-377c5ea1f1dd,84,0.02109512175067252,0.0,1
qwen32B-int4_telecom_50runs,b49f4bfb-d91b-4dfd-9988-377c5ea1f1dd,86,0.1946558202463206,0.08070983866165425,1
qwen32B-int4_telecom_50runs,b49f4bfb-d91b-4dfd-9988-377c5ea1f1dd,88,9.341396140287488e-05,0.28390034039815265,1
qwen32B-int4_telecom_50runs,b49f4bfb-d91b-4dfd-9988-377c5ea1f1dd,90,0.14967721332365888,0.20191526412963867,1
qwen32B-int4_telecom_50runs,b49f4bfb-d91b-4dfd-9988-377c5ea1f1dd,96,0.047070907369725745,0.03315125978910006,1
qwen32B-int4_telecom_50runs,b49f4bfb-d91b-4dfd-9988-377c5ea1f1dd,100,0.18297855705186064,0.13088805495568043,1
qwen32B-int4_telecom_50runs,b49f4bfb-d91b-4dfd-9988-377c5ea1f1dd,104,0.2244899816775443,0.1440700042394944,1
qwen32B-int4_telecom_50runs,b49f4bfb-d91b-4dfd-9988-377c5ea1f1dd,106,0.22365305175420036,0.15833926421624642,1
qwen32B-int4_telecom_50runs,b49f4bfb-d91b-4dfd-9988-377c5ea1f1dd,108,0.12155342671099345,0.17213298099628394,1
qwen32B-int4_telecom_50runs,b49f4bfb-d91b-4dfd-9988-377c5ea1f1dd,110,0.02764646339920674,0.18175080120563508,1
qwen32B-int4_telecom_50runs,b49f4bfb-d91b-4dfd-9988-377c5ea1f1dd,114,0.06493196739616688,0.139545027349816,1
qwen32B-int4_telecom_50runs,b49f4bfb-d91b-4dfd-9988-377c5ea1f1dd,118,0.02452718537041763,0.5129489531883827,1
qwen32B-int4_telecom_50runs,b49f4bfb-d91b-4dfd-9988-377c5ea1f1dd,122,0.20813452155818687,0.08307685785823397,1
qwen32B-int4_telecom_50runs,b49f4bfb-d91b-4dfd-9988-377c5ea1f1dd,124,0.00019825649540531517,0.03086902226431895,1
qwen32B-int4_telecom_50runs,39b00650-d091-4f58-8416-69809150275d,0,,,1
qwen32B-int4_telecom_50runs,39b00650-d091-4f58-8416-69809150275d,2,0.08457154995978584,0.0,1
qwen32B-int4_telecom_50runs,39b00650-d091-4f58-8416-69809150275d,4,0.26721213534386357,0.0,1
qwen32B-int4_telecom_50runs,39b00650-d091-4f58-8416-69809150275d,6,1.769512754543566e-05,0.09769789661679948,1
qwen32B-int4_telecom_50runs,39b00650-d091-4f58-8416-69809150275d,8,0.356337311195135,0.07401867610652273,1
qwen32B-int4_telecom_50runs,39b00650-d091-4f58-8416-69809150275d,10,0.00024854147546511906,0.10930568973223367,1
qwen32B-int4_telecom_50runs,39b00650-d091-4f58-8416-69809150275d,12,0.34892804669660243,0.055050681345164776,1
qwen32B-int4_telecom_50runs,39b00650-d091-4f58-8416-69809150275d,16,0.3004324192785752,0.060674960933514495,1
qwen32B-int4_telecom_50runs,39b00650-d091-4f58-8416-69809150275d,20,0.22095220896129056,0.20650687970613177,1
qwen32B-int4_telecom_50runs,39b00650-d091-4f58-8416-69809150275d,24,0.15756206838335435,0.29263448070835424,1
qwen32B-int4_telecom_50runs,39b00650-d091-4f58-8416-69809150275d,28,0.11560811205355657,0.06727997252815648,1
qwen32B-int4_telecom_50runs,2e9dfebb-8d9f-4820-9cc8-90e653164f0e,0,,,1
qwen32B-int4_telecom_50runs,2e9dfebb-8d9f-4820-9cc8-90e653164f0e,2,0.25103280831990527,0.0,1
qwen32B-int4_telecom_50runs,2e9dfebb-8d9f-4820-9cc8-90e653164f0e,6,0.21085613971938735,0.06372928982827722,1
qwen32B-int4_telecom_50runs,2e9dfebb-8d9f-4820-9cc8-90e653164f0e,14,0.2407006545671106,0.13011868794759116,1
qwen32B-int4_telecom_50runs,2e9dfebb-8d9f-4820-9cc8-90e653164f0e,20,0.1717099408246302,0.0896238423465343,1
qwen32B-int4_telecom_50runs,2e9dfebb-8d9f-4820-9cc8-90e653164f0e,28,0.21039684560761596,0.10314795888703444,1
qwen32B-int4_telecom_50runs,2e9dfebb-8d9f-4820-9cc8-90e653164f0e,30,2.2241799671467573e-05,0.0,1
qwen32B-int4_telecom_50runs,2e9dfebb-8d9f-4820-9cc8-90e653164f0e,32,0.23939316246267878,0.1536044478416443,1
qwen32B-int4_telecom_50runs,2e9dfebb-8d9f-4820-9cc8-90e653164f0e,34,0.20041914552113482,0.15232815345128375,1
qwen32B-int4_telecom_50runs,2e9dfebb-8d9f-4820-9cc8-90e653164f0e,36,0.001942427635233147,0.14166760444641113,1
qwen32B-int4_telecom_50runs,2e9dfebb-8d9f-4820-9cc8-90e653164f0e,38,0.09853031496860332,0.22040767192840577,1
qwen32B-int4_telecom_50runs,2e9dfebb-8d9f-4820-9cc8-90e653164f0e,40,0.17597076509943244,0.06323991677699944,1
qwen32B-int4_telecom_50runs,2e9dfebb-8d9f-4820-9cc8-90e653164f0e,44,0.1471163228120376,0.102546950802207,1
qwen32B-int4_telecom_50runs,2e9dfebb-8d9f-4820-9cc8-90e653164f0e,46,0.000653889079546245,0.01980021044060036,1
qwen32B-int4_telecom_50runs,a5fd5a98-afec-46c2-b699-9bdb2c3cf6ed,0,,,1
qwen32B-int4_telecom_50runs,a5fd5a98-afec-46c2-b699-9bdb2c3cf6ed,2,0.2510026609113637,0.0,1
qwen32B-int4_telecom_50runs,a5fd5a98-afec-46c2-b699-9bdb2c3cf6ed,6,0.19711734760568675,0.07108209764256197,1
qwen32B-int4_telecom_50runs,a5fd5a98-afec-46c2-b699-9bdb2c3cf6ed,10,0.24718665708310344,0.10807653861259346,1
qwen32B-int4_telecom_50runs,a5fd5a98-afec-46c2-b699-9bdb2c3cf6ed,14,0.1603731588791225,0.36242633133099,1
qwen32B-int4_telecom_50runs,a5fd5a98-afec-46c2-b699-9bdb2c3cf6ed,18,0.16478968277817818,0.08687860239297152,1
qwen32B-int4_telecom_50runs,a5fd5a98-afec-46c2-b699-9bdb2c3cf6ed,22,0.11483163426048329,0.1296232742599294,1
qwen32B-int4_telecom_50runs,a5fd5a98-afec-46c2-b699-9bdb2c3cf6ed,29,0.1701806433164331,0.11656079666559085,1
qwen32B-int4_telecom_50runs,a5fd5a98-afec-46c2-b699-9bdb2c3cf6ed,33,0.10424844061585158,0.15080158039927483,1
qwen32B-int4_telecom_50runs,a5fd5a98-afec-46c2-b699-9bdb2c3cf6ed,39,0.18990667463932207,0.07099695950746536,1
qwen32B-int4_telecom_50runs,a5fd5a98-afec-46c2-b699-9bdb2c3cf6ed,41,1.7394846665088353e-05,0.0,1
qwen32B-int4_telecom_50runs,a5fd5a98-afec-46c2-b699-9bdb2c3cf6ed,43,0.17818976053851085,0.20100750029087067,1
qwen32B-int4_telecom_50runs,a5fd5a98-afec-46c2-b699-9bdb2c3cf6ed,45,0.0008077133367815092,0.1407792568206787,1
qwen32B-int4_telecom_50runs,a5fd5a98-afec-46c2-b699-9bdb2c3cf6ed,47,0.031656272878743646,0.4802197515964508,1
qwen32B-int4_telecom_50runs,a5fd5a98-afec-46c2-b699-9bdb2c3cf6ed,49,0.011086212413973366,0.4729155898094177,1
qwen32B-int4_telecom_50runs,a5fd5a98-afec-46c2-b699-9bdb2c3cf6ed,51,0.22258635172993443,0.009860612452030182,1
qwen32B-int4_telecom_50runs,a5fd5a98-afec-46c2-b699-9bdb2c3cf6ed,55,0.08123419547124704,0.460878664372014,1
qwen32B-int4_telecom_50runs,a5fd5a98-afec-46c2-b699-9bdb2c3cf6ed,61,0.13687793688292305,0.05240161167947869,1
qwen32B-int4_telecom_50runs,a5fd5a98-afec-46c2-b699-9bdb2c3cf6ed,63,0.1133403514046906,0.1308964192867279,1
qwen32B-int4_telecom_50runs,e0185eb5-33bd-4243-a571-422031a5133a,0,,,1
qwen32B-int4_telecom_50runs,e0185eb5-33bd-4243-a571-422031a5133a,2,0.2508793342854885,0.0,1
qwen32B-int4_telecom_50runs,e0185eb5-33bd-4243-a571-422031a5133a,6,0.2170748490460063,0.12032150843786814,1
qwen32B-int4_telecom_50runs,e0185eb5-33bd-4243-a571-422031a5133a,12,0.08698259608056601,0.22754180090767998,1
qwen32B-int4_telecom_50runs,e0185eb5-33bd-4243-a571-422031a5133a,16,0.16747242131537587,0.13271718439848526,1
qwen32B-int4_telecom_50runs,e0185eb5-33bd-4243-a571-422031a5133a,20,0.08349308704793301,0.18575796391814947,1
qwen32B-int4_telecom_50runs,e0185eb5-33bd-4243-a571-422031a5133a,26,0.13567809500424122,0.25348678780229467,1
qwen32B-int4_telecom_50runs,e0185eb5-33bd-4243-a571-422031a5133a,34,0.2274747997840758,0.05591716417452185,1
qwen32B-int4_telecom_50runs,e0185eb5-33bd-4243-a571-422031a5133a,36,1.8659180374084252e-05,0.0,1
qwen32B-int4_telecom_50runs,e0185eb5-33bd-4243-a571-422031a5133a,38,0.14420626480384,0.16004367308183148,1
qwen32B-int4_telecom_50runs,e0185eb5-33bd-4243-a571-422031a5133a,40,0.0835188106995542,0.23166432069695514,1
qwen32B-int4_telecom_50runs,e0185eb5-33bd-4243-a571-422031a5133a,42,1.4331307655405331e-05,0.14921317994594574,1
qwen32B-int4_telecom_50runs,e0185eb5-33bd-4243-a571-422031a5133a,44,0.1281696023095924,0.16684200431479781,1
qwen32B-int4_telecom_50runs,e0185eb5-33bd-4243-a571-422031a5133a,46,0.10898091328504839,0.08931734034272491,1
qwen32B-int4_telecom_50runs,e0185eb5-33bd-4243-a571-422031a5133a,50,0.10917048013724301,0.10695152543485165,1
qwen32B-int4_telecom_50runs,e0185eb5-33bd-4243-a571-422031a5133a,52,0.00451715620207744,0.024017921515873498,1
qwen32B-int4_telecom_50runs,e0185eb5-33bd-4243-a571-422031a5133a,54,0.19394496723999238,0.04984787794259878,1
qwen32B-int4_telecom_50runs,e0185eb5-33bd-4243-a571-422031a5133a,56,0.00042295236648201936,0.28390034039815265,1
qwen32B-int4_telecom_50runs,e0185eb5-33bd-4243-a571-422031a5133a,58,0.16117762876529715,0.16781519606428327,1
qwen32B-int4_telecom_50runs,e0185eb5-33bd-4243-a571-422031a5133a,66,0.13056410489128858,0.05154969844412296,1
qwen32B-int4_telecom_50runs,e0185eb5-33bd-4243-a571-422031a5133a,76,0.14115023523834797,0.16572923303764556,1
qwen32B-int4_telecom_50runs,e0185eb5-33bd-4243-a571-422031a5133a,78,0.00013049619528522115,0.03372863405629208,1
qwen32B-int4_telecom_50runs,37c8fd6a-3b63-4620-946f-880ddcfe50c3,0,,,1
qwen32B-int4_telecom_50runs,37c8fd6a-3b63-4620-946f-880ddcfe50c3,2,0.07832283152111756,0.0,1
qwen32B-int4_telecom_50runs,37c8fd6a-3b63-4620-946f-880ddcfe50c3,4,0.2874520007525036,0.0,1
qwen32B-int4_telecom_50runs,37c8fd6a-3b63-4620-946f-880ddcfe50c3,6,0.0009070535116338673,0.11352376143137613,1
qwen32B-int4_telecom_50runs,37c8fd6a-3b63-4620-946f-880ddcfe50c3,8,0.2654190045200618,0.12493971613950508,1
qwen32B-int4_telecom_50runs,37c8fd6a-3b63-4620-946f-880ddcfe50c3,10,0.000746950089350662,0.10960021615028381,1
qwen32B-int4_telecom_50runs,37c8fd6a-3b63-4620-946f-880ddcfe50c3,12,0.4034050306021853,0.053888119500258874,1
qwen32B-int4_telecom_50runs,37c8fd6a-3b63-4620-946f-880ddcfe50c3,16,0.2991456554250117,0.07684954729947177,1
qwen32B-int4_telecom_50runs,37c8fd6a-3b63-4620-946f-880ddcfe50c3,20,0.3223641830385041,0.1412119754525118,1
qwen32B-int4_telecom_50runs,37c8fd6a-3b63-4620-946f-880ddcfe50c3,24,0.19137734801932046,0.16973458017621723,1
qwen32B-int4_telecom_50runs,37c8fd6a-3b63-4620-946f-880ddcfe50c3,28,0.17759650617890546,0.11548928171396254,1
qwen32B-int4_telecom_50runs,37c8fd6a-3b63-4620-946f-880ddcfe50c3,32,0.2289433411307678,0.10400375566984477,1
qwen32B-int4_telecom_50runs,37c8fd6a-3b63-4620-946f-880ddcfe50c3,36,0.11718782241776143,0.2563653992068383,1
qwen32B-int4_telecom_50runs,37c8fd6a-3b63-4620-946f-880ddcfe50c3,40,0.17135634359394558,0.2222961865938627,1
qwen32B-int4_telecom_50runs,37c8fd6a-3b63-4620-946f-880ddcfe50c3,44,0.12170765927487938,0.28314968814020575,1
qwen32B-int4_telecom_50runs,37c8fd6a-3b63-4620-946f-880ddcfe50c3,48,0.16558515998892284,0.3776925404866536,1
qwen32B-int4_telecom_50runs,37c8fd6a-3b63-4620-946f-880ddcfe50c3,52,0.14810014477249628,0.19801062547554404,1
qwen32B-int4_telecom_50runs,37c8fd6a-3b63-4620-946f-880ddcfe50c3,54,0.08285837477062104,0.08860839190690413,1
qwen32B-int4_telecom_50runs,37c8fd6a-3b63-4620-946f-880ddcfe50c3,56,0.08928462253257338,0.35662290879658287,1
qwen32B-int4_telecom_50runs,37c8fd6a-3b63-4620-946f-880ddcfe50c3,60,0.19488915931971212,0.08171763590403965,1
qwen32B-int4_telecom_50runs,37c8fd6a-3b63-4620-946f-880ddcfe50c3,62,0.0033663364864168735,0.019767183065414428,1
qwen32B-int4_telecom_50runs,08cbb451-8060-4b07-968f-73e90ecfc2e0,0,,,1
qwen32B-int4_telecom_50runs,08cbb451-8060-4b07-968f-73e90ecfc2e0,2,0.08457154995978584,0.0,1
qwen32B-int4_telecom_50runs,08cbb451-8060-4b07-968f-73e90ecfc2e0,4,0.26679409987990427,0.0,1
qwen32B-int4_telecom_50runs,08cbb451-8060-4b07-968f-73e90ecfc2e0,6,1.9219995051454858e-05,0.09769789661679948,1
qwen32B-int4_telecom_50runs,08cbb451-8060-4b07-968f-73e90ecfc2e0,8,0.3531538729250556,0.07401867610652273,1
qwen32B-int4_telecom_50runs,08cbb451-8060-4b07-968f-73e90ecfc2e0,10,0.0002517472542813818,0.10930568973223367,1
qwen32B-int4_telecom_50runs,08cbb451-8060-4b07-968f-73e90ecfc2e0,12,0.38564089092204057,0.054816694095216945,1
qwen32B-int4_telecom_50runs,08cbb451-8060-4b07-968f-73e90ecfc2e0,16,0.24638267293194235,0.027193197062317754,1
qwen32B-int4_telecom_50runs,08cbb451-8060-4b07-968f-73e90ecfc2e0,20,0.1718945863295691,0.30871560512962987,1
qwen32B-int4_telecom_50runs,08cbb451-8060-4b07-968f-73e90ecfc2e0,24,0.14899996330738585,0.2402873009443283,1
qwen32B-int4_telecom_50runs,08cbb451-8060-4b07-968f-73e90ecfc2e0,28,0.17551540429991483,0.1987676800243438,1
qwen32B-int4_telecom_50runs,08cbb451-8060-4b07-968f-73e90ecfc2e0,32,0.15067773781071503,0.080980118115743,1
qwen32B-int4_telecom_50runs,2366ac66-c028-43b4-ba64-65083c9c38e5,0,,,0
qwen32B-int4_telecom_50runs,2366ac66-c028-43b4-ba64-65083c9c38e5,2,0.0779737344714789,0.0,0
qwen32B-int4_telecom_50runs,2366ac66-c028-43b4-ba64-65083c9c38e5,4,0.28742561041877773,0.0,0
qwen32B-int4_telecom_50runs,2366ac66-c028-43b4-ba64-65083c9c38e5,6,0.0009080758627813787,0.11352376143137613,0
qwen32B-int4_telecom_50runs,2366ac66-c028-43b4-ba64-65083c9c38e5,8,0.2655232572711874,0.12493971613950508,0
qwen32B-int4_telecom_50runs,2366ac66-c028-43b4-ba64-65083c9c38e5,10,0.0007477735932644022,0.10960021615028381,0
qwen32B-int4_telecom_50runs,2366ac66-c028-43b4-ba64-65083c9c38e5,12,0.33573469233114756,0.03838584730119416,0
qwen32B-int4_telecom_50runs,2366ac66-c028-43b4-ba64-65083c9c38e5,16,0.2256796571660612,0.0677458399631938,0
qwen32B-int4_telecom_50runs,2366ac66-c028-43b4-ba64-65083c9c38e5,21,0.1783125846550431,0.1216809983764376,0
qwen32B-int4_telecom_50runs,2366ac66-c028-43b4-ba64-65083c9c38e5,23,0.255805378391456,0.11378521810878407,0
qwen32B-int4_telecom_50runs,2366ac66-c028-43b4-ba64-65083c9c38e5,28,0.1919788928801224,0.18236355483531952,0
qwen32B-int4_telecom_50runs,2366ac66-c028-43b4-ba64-65083c9c38e5,32,0.09305013024231172,0.14986419677734375,0
qwen32B-int4_telecom_50runs,2366ac66-c028-43b4-ba64-65083c9c38e5,36,0.14806498980226676,0.11966826180194287,0
qwen32B-int4_telecom_50runs,2366ac66-c028-43b4-ba64-65083c9c38e5,40,0.1446985711320489,0.12402276947813215,0
qwen32B-int4_telecom_50runs,2366ac66-c028-43b4-ba64-65083c9c38e5,44,0.17077080111713985,0.23378934310032773,0
qwen32B-int4_telecom_50runs,2366ac66-c028-43b4-ba64-65083c9c38e5,48,0.06345038280999815,0.6634519840108938,0
qwen32B-int4_telecom_50runs,2366ac66-c028-43b4-ba64-65083c9c38e5,52,0.2500635462337889,0.1174581742581026,0
qwen32B-int4_telecom_50runs,2366ac66-c028-43b4-ba64-65083c9c38e5,54,0.0008014327476780855,0.0,0
qwen32B-int4_telecom_50runs,2366ac66-c028-43b4-ba64-65083c9c38e5,56,0.1312982697486245,0.16183722569392278,0
qwen32B-int4_telecom_50runs,2366ac66-c028-43b4-ba64-65083c9c38e5,58,4.7390412073712994e-05,0.22765747706095377,0
qwen32B-int4_telecom_50runs,2366ac66-c028-43b4-ba64-65083c9c38e5,60,0.15712891699262918,0.06949748070734853,0
qwen32B-int4_telecom_50runs,2366ac66-c028-43b4-ba64-65083c9c38e5,64,0.1034117042542639,0.1526691282496733,0
qwen32B-int4_telecom_50runs,02ac42e7-7292-4a73-8902-a7a230856e30,0,,,1
qwen32B-int4_telecom_50runs,02ac42e7-7292-4a73-8902-a7a230856e30,2,0.25088677135066834,0.0,1
qwen32B-int4_telecom_50runs,02ac42e7-7292-4a73-8902-a7a230856e30,6,0.18612118849993722,0.19733890267305595,1
qwen32B-int4_telecom_50runs,02ac42e7-7292-4a73-8902-a7a230856e30,10,0.12696097264265593,0.44989636540412903,1
qwen32B-int4_telecom_50runs,02ac42e7-7292-4a73-8902-a7a230856e30,16,0.15602265455035436,0.15830669150902674,1
qwen32B-int4_telecom_50runs,02ac42e7-7292-4a73-8902-a7a230856e30,24,0.15434040451654438,0.16178476189573604,1
qwen32B-int4_telecom_50runs,02ac42e7-7292-4a73-8902-a7a230856e30,34,0.2256250572655654,0.0775848673535632,1
qwen32B-int4_telecom_50runs,02ac42e7-7292-4a73-8902-a7a230856e30,36,0.0017604191282017429,0.017643105525236864,1
qwen32B-int4_telecom_50runs,f2f20e69-1a92-42d9-b238-8777b8070bb7,0,,,1
qwen32B-int4_telecom_50runs,f2f20e69-1a92-42d9-b238-8777b8070bb7,2,0.08457154995978584,0.0,1
qwen32B-int4_telecom_50runs,f2f20e69-1a92-42d9-b238-8777b8070bb7,4,0.26652188775326685,0.0,1
qwen32B-int4_telecom_50runs,f2f20e69-1a92-42d9-b238-8777b8070bb7,6,1.9219995051454858e-05,0.09769789661679948,1
qwen32B-int4_telecom_50runs,f2f20e69-1a92-42d9-b238-8777b8070bb7,8,0.3529270061201436,0.07401867610652273,1
qwen32B-int4_telecom_50runs,f2f20e69-1a92-42d9-b238-8777b8070bb7,10,0.0002585922992309557,0.10930568973223367,1
qwen32B-int4_telecom_50runs,f2f20e69-1a92-42d9-b238-8777b8070bb7,12,0.38566606295851746,0.054816694095216945,1
qwen32B-int4_telecom_50runs,f2f20e69-1a92-42d9-b238-8777b8070bb7,16,0.007996589898847656,0.09952075282732645,1
qwen32B-int4_telecom_50runs,f2f20e69-1a92-42d9-b238-8777b8070bb7,18,0.3353061266898928,0.07387654016267008,1
qwen32B-int4_telecom_50runs,f2f20e69-1a92-42d9-b238-8777b8070bb7,23,0.2599928954208533,0.06918558352430101,1
qwen32B-int4_telecom_50runs,f2f20e69-1a92-42d9-b238-8777b8070bb7,28,0.26367955819647343,0.2626556616563063,1
qwen32B-int4_telecom_50runs,f2f20e69-1a92-42d9-b238-8777b8070bb7,34,0.19507090119528625,0.21470850154205606,1
qwen32B-int4_telecom_50runs,f2f20e69-1a92-42d9-b238-8777b8070bb7,39,0.18921998396297615,0.22346564601449406,1
qwen32B-int4_telecom_50runs,f2f20e69-1a92-42d9-b238-8777b8070bb7,45,0.20819005658999792,0.11543453671038151,1
qwen32B-int4_telecom_50runs,f2f20e69-1a92-42d9-b238-8777b8070bb7,47,0.3024059535473026,0.086302070906668,1
qwen32B-int4_telecom_50runs,f2f20e69-1a92-42d9-b238-8777b8070bb7,49,0.1868248673131652,0.04559140589277623,1
qwen32B-int4_telecom_50runs,f2f20e69-1a92-42d9-b238-8777b8070bb7,51,0.00021110019349896745,0.026770024072556266,1
qwen32B-int4_telecom_50runs,f1233686-d278-4e4e-a0b8-9669c90ab0c1,0,,,1
qwen32B-int4_telecom_50runs,f1233686-d278-4e4e-a0b8-9669c90ab0c1,2,0.2506923414851626,0.0,1
qwen32B-int4_telecom_50runs,f1233686-d278-4e4e-a0b8-9669c90ab0c1,6,0.21102895822891984,0.06372928982827722,1
qwen32B-int4_telecom_50runs,f1233686-d278-4e4e-a0b8-9669c90ab0c1,14,0.1507629207796772,0.09259915415276873,1
qwen32B-int4_telecom_50runs,f1233686-d278-4e4e-a0b8-9669c90ab0c1,20,0.16759497848327343,0.11968230161555977,1
qwen32B-int4_telecom_50runs,f1233686-d278-4e4e-a0b8-9669c90ab0c1,28,0.1485265417840904,0.19693607694647286,1
qwen32B-int4_telecom_50runs,f1233686-d278-4e4e-a0b8-9669c90ab0c1,36,0.1408676704353045,0.25899526652167826,1
qwen32B-int4_telecom_50runs,f1233686-d278-4e4e-a0b8-9669c90ab0c1,47,0.20884058959982008,0.07925971220898372,1
qwen32B-int4_telecom_50runs,f1233686-d278-4e4e-a0b8-9669c90ab0c1,49,0.0004339915804298232,0.02610567354020618,1
qwen32B-int4_telecom_50runs,83c94577-9219-4136-a119-1a162b5d55fc,0,,,1
qwen32B-int4_telecom_50runs,83c94577-9219-4136-a119-1a162b5d55fc,2,0.2510918182955337,0.0,1
qwen32B-int4_telecom_50runs,83c94577-9219-4136-a119-1a162b5d55fc,6,0.18574836956385649,0.19733890267305595,1
qwen32B-int4_telecom_50runs,83c94577-9219-4136-a119-1a162b5d55fc,10,0.10396740224970266,0.5311042070388794,1
qwen32B-int4_telecom_50runs,83c94577-9219-4136-a119-1a162b5d55fc,14,0.09757861593637343,0.31157459901726764,1
qwen32B-int4_telecom_50runs,83c94577-9219-4136-a119-1a162b5d55fc,22,0.08868409070785978,0.18573373051012976,1
qwen32B-int4_telecom_50runs,83c94577-9219-4136-a119-1a162b5d55fc,32,0.16905981762768812,0.08510446647802988,1
qwen32B-int4_telecom_50runs,83c94577-9219-4136-a119-1a162b5d55fc,34,1.910582634386227e-05,0.0,1
qwen32B-int4_telecom_50runs,83c94577-9219-4136-a119-1a162b5d55fc,36,0.2262047318259615,0.18544073402881622,1
qwen32B-int4_telecom_50runs,83c94577-9219-4136-a119-1a162b5d55fc,38,2.2354126775015768e-05,0.1407792568206787,1
qwen32B-int4_telecom_50runs,83c94577-9219-4136-a119-1a162b5d55fc,40,0.10317690307190629,0.09597077539988925,1
qwen32B-int4_telecom_50runs,83c94577-9219-4136-a119-1a162b5d55fc,42,0.10647637180222498,0.14164236783981324,1
qwen32B-int4_telecom_50runs,83c94577-9219-4136-a119-1a162b5d55fc,46,0.13090329658593433,0.22970662034791092,1
qwen32B-int4_telecom_50runs,83c94577-9219-4136-a119-1a162b5d55fc,54,0.05876193524268621,0.29837759596402524,1
qwen32B-int4_telecom_50runs,83c94577-9219-4136-a119-1a162b5d55fc,62,0.29693403280586467,0.1069767862558365,1
qwen32B-int4_telecom_50runs,83c94577-9219-4136-a119-1a162b5d55fc,64,0.00020830406735608688,0.037303770963962264,1
qwen32B-int4_telecom_50runs,091c0113-be22-4f49-9d64-76d19f2109a1,0,,,1
qwen32B-int4_telecom_50runs,091c0113-be22-4f49-9d64-76d19f2109a1,2,0.08467678435712828,0.0,1
qwen32B-int4_telecom_50runs,091c0113-be22-4f49-9d64-76d19f2109a1,4,0.2667210728043975,0.0,1
qwen32B-int4_telecom_50runs,091c0113-be22-4f49-9d64-76d19f2109a1,6,1.923527526205595e-05,0.09769789661679948,1
qwen32B-int4_telecom_50runs,091c0113-be22-4f49-9d64-76d19f2109a1,8,0.3534117701764686,0.07401867610652273,1
qwen32B-int4_telecom_50runs,091c0113-be22-4f49-9d64-76d19f2109a1,10,0.00025859229924098684,0.10930568973223367,1
qwen32B-int4_telecom_50runs,091c0113-be22-4f49-9d64-76d19f2109a1,12,0.38553505657475867,0.054816694095216945,1
qwen32B-int4_telecom_50runs,091c0113-be22-4f49-9d64-76d19f2109a1,16,0.004952936887044175,0.09952075282732645,1
qwen32B-int4_telecom_50runs,091c0113-be22-4f49-9d64-76d19f2109a1,18,0.33478752040861753,0.0761443303181575,1
qwen32B-int4_telecom_50runs,091c0113-be22-4f49-9d64-76d19f2109a1,23,0.34784435626737786,0.06639059765698158,1
qwen32B-int4_telecom_50runs,091c0113-be22-4f49-9d64-76d19f2109a1,29,0.31954963091993505,0.12857929974386137,1
qwen32B-int4_telecom_50runs,091c0113-be22-4f49-9d64-76d19f2109a1,34,0.20707694353109374,0.10443455860263011,1
qwen32B-int4_telecom_50runs,091c0113-be22-4f49-9d64-76d19f2109a1,39,0.21110527842945728,0.22255426400328335,1
qwen32B-int4_telecom_50runs,091c0113-be22-4f49-9d64-76d19f2109a1,45,0.17792647094380304,0.10066715637842814,1
qwen32B-int4_telecom_50runs,091c0113-be22-4f49-9d64-76d19f2109a1,47,0.3222092953226297,0.0838251077398962,1
qwen32B-int4_telecom_50runs,091c0113-be22-4f49-9d64-76d19f2109a1,49,0.11998886564857274,0.08455504032603481,1
qwen32B-int4_telecom_50runs,091c0113-be22-4f49-9d64-76d19f2109a1,51,0.001386254216275368,0.015479613095521927,1
qwen32B-int4_telecom_50runs,ce0d0f84-15f3-422b-9a04-a7ba19dc9610,0,,,1
qwen32B-int4_telecom_50runs,ce0d0f84-15f3-422b-9a04-a7ba19dc9610,2,0.07796630373335821,0.0,1
qwen32B-int4_telecom_50runs,ce0d0f84-15f3-422b-9a04-a7ba19dc9610,4,0.2868905240371947,0.0,1
qwen32B-int4_telecom_50runs,ce0d0f84-15f3-422b-9a04-a7ba19dc9610,6,0.0009081003099989624,0.11352376143137613,1
qwen32B-int4_telecom_50runs,ce0d0f84-15f3-422b-9a04-a7ba19dc9610,8,0.2662004614426325,0.12493971613950508,1
qwen32B-int4_telecom_50runs,ce0d0f84-15f3-422b-9a04-a7ba19dc9610,10,0.0007469290408713104,0.10960021615028381,1
qwen32B-int4_telecom_50runs,ce0d0f84-15f3-422b-9a04-a7ba19dc9610,12,0.4037340725302382,0.053888119500258874,1
qwen32B-int4_telecom_50runs,ce0d0f84-15f3-422b-9a04-a7ba19dc9610,16,0.197573784656609,0.061729011864497745,1
qwen32B-int4_telecom_50runs,ce0d0f84-15f3-422b-9a04-a7ba19dc9610,21,0.24506152436808135,0.08822322616706024,1
qwen32B-int4_telecom_50runs,ce0d0f84-15f3-422b-9a04-a7ba19dc9610,25,0.23037603468255816,0.2596908636165388,1
qwen32B-int4_telecom_50runs,ce0d0f84-15f3-422b-9a04-a7ba19dc9610,29,0.2110918627761319,0.18542232364416122,1
qwen32B-int4_telecom_50runs,ce0d0f84-15f3-422b-9a04-a7ba19dc9610,33,0.19368088530629426,0.12065447866916656,1
qwen32B-int4_telecom_50runs,ce0d0f84-15f3-422b-9a04-a7ba19dc9610,37,0.021948339359761655,0.0,1
qwen32B-int4_telecom_50runs,ce0d0f84-15f3-422b-9a04-a7ba19dc9610,39,0.28573743789901446,0.10587615892291069,1
qwen32B-int4_telecom_50runs,ce0d0f84-15f3-422b-9a04-a7ba19dc9610,43,0.22623605501070088,0.1424602036540573,1
qwen32B-int4_telecom_50runs,ce0d0f84-15f3-422b-9a04-a7ba19dc9610,45,0.25476617179800354,0.1401326852686265,1
qwen32B-int4_telecom_50runs,ce0d0f84-15f3-422b-9a04-a7ba19dc9610,47,8.894884490665525e-05,0.0,1
qwen32B-int4_telecom_50runs,ce0d0f84-15f3-422b-9a04-a7ba19dc9610,49,0.1578866418790641,0.2717387757518075,1
qwen32B-int4_telecom_50runs,ce0d0f84-15f3-422b-9a04-a7ba19dc9610,53,0.1849930545141777,0.13175084359116024,1
qwen32B-int4_telecom_50runs,ce0d0f84-15f3-422b-9a04-a7ba19dc9610,58,0.12849242841159586,0.43135929107666016,1
qwen32B-int4_telecom_50runs,ce0d0f84-15f3-422b-9a04-a7ba19dc9610,62,0.08572455107605445,0.2918749776753512,1
qwen32B-int4_telecom_50runs,ce0d0f84-15f3-422b-9a04-a7ba19dc9610,68,0.27085960784397667,0.0456522011462553,1
qwen32B-int4_telecom_50runs,ce0d0f84-15f3-422b-9a04-a7ba19dc9610,70,0.09091060336828806,0.06788925647735596,1
qwen32B-int4_telecom_50runs,ce0d0f84-15f3-422b-9a04-a7ba19dc9610,72,0.00031035051155245847,0.034139358080350436,1
qwen32B-int4_telecom_50runs,835c81a7-24b9-4d24-b974-a7687e46e803,0,,,0
qwen32B-int4_telecom_50runs,835c81a7-24b9-4d24-b974-a7687e46e803,2,0.20817566762100367,0.0,0
qwen32B-int4_telecom_50runs,835c81a7-24b9-4d24-b974-a7687e46e803,6,0.21796239540591003,0.06453331102404677,0
qwen32B-int4_telecom_50runs,835c81a7-24b9-4d24-b974-a7687e46e803,10,0.20079450540096916,0.1945995149158296,0
qwen32B-int4_telecom_50runs,835c81a7-24b9-4d24-b974-a7687e46e803,16,0.13150616284355002,0.21165527538819745,0
qwen32B-int4_telecom_50runs,835c81a7-24b9-4d24-b974-a7687e46e803,20,0.08229484235985238,0.041901853680610654,0
qwen32B-int4_telecom_50runs,4197bd3d-a4d3-4761-90cc-5e54c845bf93,0,,,0
qwen32B-int4_telecom_50runs,4197bd3d-a4d3-4761-90cc-5e54c845bf93,2,0.2176793276327824,0.0,0
qwen32B-int4_telecom_50runs,4197bd3d-a4d3-4761-90cc-5e54c845bf93,6,0.152732665378394,0.11346071737783926,0
qwen32B-int4_telecom_50runs,4197bd3d-a4d3-4761-90cc-5e54c845bf93,10,0.12772915512247493,0.25249324526105604,0
qwen32B-int4_telecom_50runs,4197bd3d-a4d3-4761-90cc-5e54c845bf93,14,0.14241614716227843,0.1914552989460173,0
qwen32B-int4_telecom_50runs,4197bd3d-a4d3-4761-90cc-5e54c845bf93,18,0.18529214450771392,0.05893862535876612,0
qwen32B-int4_telecom_50runs,4197bd3d-a4d3-4761-90cc-5e54c845bf93,20,0.14311524151508168,0.41721154536519733,0
qwen32B-int4_telecom_50runs,4197bd3d-a4d3-4761-90cc-5e54c845bf93,22,0.13719671497960736,0.36361358208315714,0
qwen32B-int4_telecom_50runs,4197bd3d-a4d3-4761-90cc-5e54c845bf93,24,0.15548467856080989,0.18427112390255107,0
qwen32B-int4_telecom_50runs,4197bd3d-a4d3-4761-90cc-5e54c845bf93,26,0.00011217109278349151,0.03476509542176218,0
qwen32B-int4_telecom_50runs,c72b1e17-d52e-47c7-893c-6cf76a2f54f3,0,,,1
qwen32B-int4_telecom_50runs,c72b1e17-d52e-47c7-893c-6cf76a2f54f3,2,0.20792494409397827,0.0,1
qwen32B-int4_telecom_50runs,c72b1e17-d52e-47c7-893c-6cf76a2f54f3,6,0.21737703747138817,0.06453331102404677,1
qwen32B-int4_telecom_50runs,c72b1e17-d52e-47c7-893c-6cf76a2f54f3,10,0.20058395996745476,0.1945995149158296,1
qwen32B-int4_telecom_50runs,c72b1e17-d52e-47c7-893c-6cf76a2f54f3,16,0.16408542042692748,0.1797645886739095,1
qwen32B-int4_telecom_50runs,c72b1e17-d52e-47c7-893c-6cf76a2f54f3,22,0.1505603854860774,0.3061668341810053,1
qwen32B-int4_telecom_50runs,c72b1e17-d52e-47c7-893c-6cf76a2f54f3,26,0.04948778049523846,0.11160596211751302,1
qwen32B-int4_telecom_50runs,c72b1e17-d52e-47c7-893c-6cf76a2f54f3,28,0.0014112262061946456,0.02620059412878913,1
qwen32B-int4_telecom_50runs,34f8384f-bcbf-4b36-a8c6-a3e0ab4334aa,0,,,0
qwen32B-int4_telecom_50runs,34f8384f-bcbf-4b36-a8c6-a3e0ab4334aa,2,0.1961587153000834,0.0,0
qwen32B-int4_telecom_50runs,34f8384f-bcbf-4b36-a8c6-a3e0ab4334aa,6,0.20457313043955666,0.0828918559210641,0
qwen32B-int4_telecom_50runs,34f8384f-bcbf-4b36-a8c6-a3e0ab4334aa,10,0.2660655473700041,0.15008333994417775,0
qwen32B-int4_telecom_50runs,34f8384f-bcbf-4b36-a8c6-a3e0ab4334aa,14,0.17673162623138466,0.06817233349595751,0
qwen32B-int4_telecom_50runs,34f8384f-bcbf-4b36-a8c6-a3e0ab4334aa,18,0.20771896074254872,0.1555377750073449,0
qwen32B-int4_telecom_50runs,34f8384f-bcbf-4b36-a8c6-a3e0ab4334aa,20,0.05319463830685678,0.1755627989768982,0
qwen32B-int4_telecom_50runs,34f8384f-bcbf-4b36-a8c6-a3e0ab4334aa,22,0.00025126092231736745,0.0692808429400126,0
qwen32B-int4_telecom_50runs,6bf35b88-2999-43fc-b122-7bd2bbda3013,0,,,0
qwen32B-int4_telecom_50runs,6bf35b88-2999-43fc-b122-7bd2bbda3013,2,0.1960776230146697,0.0,0
qwen32B-int4_telecom_50runs,6bf35b88-2999-43fc-b122-7bd2bbda3013,6,0.1797849615222036,0.09771050382078739,0
qwen32B-int4_telecom_50runs,6bf35b88-2999-43fc-b122-7bd2bbda3013,10,0.18772801629582656,0.2701295395286716,0
qwen32B-int4_telecom_50runs,6bf35b88-2999-43fc-b122-7bd2bbda3013,14,0.20797296757341854,0.17475924698206094,0
qwen32B-int4_telecom_50runs,6bf35b88-2999-43fc-b122-7bd2bbda3013,18,0.3070134000234338,0.05099268826571378,0
qwen32B-int4_telecom_50runs,6bf35b88-2999-43fc-b122-7bd2bbda3013,20,0.16543594767583003,0.12711116790771484,0
qwen32B-int4_telecom_50runs,6bf35b88-2999-43fc-b122-7bd2bbda3013,24,0.21594416003624622,0.16816718237740652,0
qwen32B-int4_telecom_50runs,6bf35b88-2999-43fc-b122-7bd2bbda3013,26,0.16307066776133322,0.19849662780761718,0
qwen32B-int4_telecom_50runs,6bf35b88-2999-43fc-b122-7bd2bbda3013,28,0.0025477502876933493,0.0737150416654699,0
qwen32B-int4_telecom_50runs,3b5147ed-104d-41a5-90d2-444b9850612d,0,,,0
qwen32B-int4_telecom_50runs,3b5147ed-104d-41a5-90d2-444b9850612d,2,0.19561979574847754,0.0,0
qwen32B-int4_telecom_50runs,3b5147ed-104d-41a5-90d2-444b9850612d,6,0.18037475487526528,0.09771050382078739,0
qwen32B-int4_telecom_50runs,3b5147ed-104d-41a5-90d2-444b9850612d,10,0.18751302699270594,0.2701295395286716,0
qwen32B-int4_telecom_50runs,3b5147ed-104d-41a5-90d2-444b9850612d,14,0.20807083166006834,0.17475924698206094,0
qwen32B-int4_telecom_50runs,3b5147ed-104d-41a5-90d2-444b9850612d,18,0.11742076337416563,0.22031402587890625,0
qwen32B-int4_telecom_50runs,3b5147ed-104d-41a5-90d2-444b9850612d,22,0.10405175649998008,0.27144479751586914,0
qwen32B-int4_telecom_50runs,3b5147ed-104d-41a5-90d2-444b9850612d,26,0.10395024527170864,0.1531254243850708,0
qwen32B-int4_telecom_50runs,3b5147ed-104d-41a5-90d2-444b9850612d,32,0.2520776597081737,0.1087871752679348,0
qwen32B-int4_telecom_50runs,3b5147ed-104d-41a5-90d2-444b9850612d,34,1.8531385028223093e-05,0.0,0
qwen32B-int4_telecom_50runs,3b5147ed-104d-41a5-90d2-444b9850612d,36,0.1345232183017751,0.1534037325117323,0
qwen32B-int4_telecom_50runs,3b5147ed-104d-41a5-90d2-444b9850612d,38,0.0023850759471512307,0.1407792568206787,0
qwen32B-int4_telecom_50runs,3b5147ed-104d-41a5-90d2-444b9850612d,40,0.007898459296925444,0.4802197515964508,0
qwen32B-int4_telecom_50runs,3b5147ed-104d-41a5-90d2-444b9850612d,42,0.12941184250973556,0.2160272470542363,0
qwen32B-int4_telecom_50runs,3b5147ed-104d-41a5-90d2-444b9850612d,44,0.021138379469745314,0.1392833709716797,0
qwen32B-int4_telecom_50runs,3b5147ed-104d-41a5-90d2-444b9850612d,46,0.1484565310355721,0.17184186674827753,0
qwen32B-int4_telecom_50runs,3b5147ed-104d-41a5-90d2-444b9850612d,48,3.3156007577161974e-05,0.2817514936129252,0
qwen32B-int4_telecom_50runs,3b5147ed-104d-41a5-90d2-444b9850612d,50,0.11255791934837239,0.2785934748188142,0
qwen32B-int4_telecom_50runs,3b5147ed-104d-41a5-90d2-444b9850612d,54,0.0008985562384109772,0.17822995781898499,0
qwen32B-int4_telecom_50runs,3b5147ed-104d-41a5-90d2-444b9850612d,56,0.16517568704767205,0.06007565770830427,0
qwen32B-int4_telecom_50runs,3b5147ed-104d-41a5-90d2-444b9850612d,60,0.1076971980536148,0.04142416157621018,0
qwen32B-int4_telecom_50runs,4adf12e3-623c-48d3-ad7b-9a26aa835def,0,,,1
qwen32B-int4_telecom_50runs,4adf12e3-623c-48d3-ad7b-9a26aa835def,2,0.21663165885271174,0.0,1
qwen32B-int4_telecom_50runs,4adf12e3-623c-48d3-ad7b-9a26aa835def,6,0.23270714047658345,0.10308846831321716,1
qwen32B-int4_telecom_50runs,4adf12e3-623c-48d3-ad7b-9a26aa835def,10,0.14649832724257397,0.19903705922924742,1
qwen32B-int4_telecom_50runs,4adf12e3-623c-48d3-ad7b-9a26aa835def,14,0.15513871292339892,0.16761618740153764,1
qwen32B-int4_telecom_50runs,4adf12e3-623c-48d3-ad7b-9a26aa835def,18,0.13558159002069883,0.1896327404265708,1
qwen32B-int4_telecom_50runs,4adf12e3-623c-48d3-ad7b-9a26aa835def,22,0.09264455271268696,0.15036969714694554,1
qwen32B-int4_telecom_50runs,4adf12e3-623c-48d3-ad7b-9a26aa835def,26,0.18401482268234784,0.14194999739181163,1
qwen32B-int4_telecom_50runs,4adf12e3-623c-48d3-ad7b-9a26aa835def,30,0.1931420376697013,0.14223106340928512,1
qwen32B-int4_telecom_50runs,4adf12e3-623c-48d3-ad7b-9a26aa835def,32,2.3851995907578196e-05,0.0,1
qwen32B-int4_telecom_50runs,4adf12e3-623c-48d3-ad7b-9a26aa835def,34,0.1686045203943128,0.18392205770526612,1
qwen32B-int4_telecom_50runs,4adf12e3-623c-48d3-ad7b-9a26aa835def,36,0.016400788150054305,0.08347259249005999,1
qwen32B-int4_telecom_50runs,4adf12e3-623c-48d3-ad7b-9a26aa835def,40,0.18521851011362472,0.2655261073793684,1
qwen32B-int4_telecom_50runs,4adf12e3-623c-48d3-ad7b-9a26aa835def,42,0.01613357418977555,0.08218961954116821,1
qwen32B-int4_telecom_50runs,4adf12e3-623c-48d3-ad7b-9a26aa835def,44,0.20903527495487872,0.1523502990603447,1
qwen32B-int4_telecom_50runs,4adf12e3-623c-48d3-ad7b-9a26aa835def,46,0.00039545013289625784,0.2817514936129252,1
qwen32B-int4_telecom_50runs,4adf12e3-623c-48d3-ad7b-9a26aa835def,48,0.14626629026117186,0.11792560724111704,1
qwen32B-int4_telecom_50runs,4adf12e3-623c-48d3-ad7b-9a26aa835def,52,0.014871363750708374,0.17822995781898499,1
qwen32B-int4_telecom_50runs,4adf12e3-623c-48d3-ad7b-9a26aa835def,54,0.13897515096651453,0.011771321296691895,1
qwen32B-int4_telecom_50runs,4adf12e3-623c-48d3-ad7b-9a26aa835def,58,0.15974608872789622,0.02431631088256836,1
qwen32B-int4_telecom_50runs,f1972f18-fde4-4951-8ef6-d576173fcc8a,0,,,0
qwen32B-int4_telecom_50runs,f1972f18-fde4-4951-8ef6-d576173fcc8a,2,0.21668687687539945,0.0,0
qwen32B-int4_telecom_50runs,f1972f18-fde4-4951-8ef6-d576173fcc8a,6,0.2002722456606696,0.09636172258628989,0
qwen32B-int4_telecom_50runs,f1972f18-fde4-4951-8ef6-d576173fcc8a,10,0.31098844751441823,0.16583167729170425,0
qwen32B-int4_telecom_50runs,f1972f18-fde4-4951-8ef6-d576173fcc8a,12,0.15883099425072247,0.23573286056518555,0
qwen32B-int4_telecom_50runs,f1972f18-fde4-4951-8ef6-d576173fcc8a,16,0.27460884626259047,0.179180290184769,0
qwen32B-int4_telecom_50runs,f1972f18-fde4-4951-8ef6-d576173fcc8a,20,0.19327717716275944,0.20017815178090875,0
qwen32B-int4_telecom_50runs,f1972f18-fde4-4951-8ef6-d576173fcc8a,24,0.14391560362010763,0.11646551191806792,0
qwen32B-int4_telecom_50runs,f1972f18-fde4-4951-8ef6-d576173fcc8a,30,0.16538258693916613,0.03072132630781694,0
qwen32B-int4_telecom_50runs,ded09971-26a1-4368-a380-a0f9cc15ac9f,0,,,1
qwen32B-int4_telecom_50runs,ded09971-26a1-4368-a380-a0f9cc15ac9f,2,0.21646100999245496,0.0,1
qwen32B-int4_telecom_50runs,ded09971-26a1-4368-a380-a0f9cc15ac9f,6,0.20076696535564736,0.09636172258628989,1
qwen32B-int4_telecom_50runs,ded09971-26a1-4368-a380-a0f9cc15ac9f,10,0.31145825146413064,0.16583167729170425,1
qwen32B-int4_telecom_50runs,ded09971-26a1-4368-a380-a0f9cc15ac9f,12,0.1591842897812309,0.23573286056518555,1
qwen32B-int4_telecom_50runs,ded09971-26a1-4368-a380-a0f9cc15ac9f,16,0.27442586489495036,0.179180290184769,1
qwen32B-int4_telecom_50runs,ded09971-26a1-4368-a380-a0f9cc15ac9f,20,0.10496726542561333,0.21358197927474973,1
qwen32B-int4_telecom_50runs,ded09971-26a1-4368-a380-a0f9cc15ac9f,26,0.18970178992948117,0.03482484190087569,1
qwen32B-int4_telecom_50runs,ded09971-26a1-4368-a380-a0f9cc15ac9f,28,0.1160688943850902,0.44959009634821034,1
qwen32B-int4_telecom_50runs,ded09971-26a1-4368-a380-a0f9cc15ac9f,30,0.11923052539282471,0.4076782939955592,1
qwen32B-int4_telecom_50runs,ded09971-26a1-4368-a380-a0f9cc15ac9f,32,0.13194864299595205,0.17699043839066117,1
qwen32B-int4_telecom_50runs,ded09971-26a1-4368-a380-a0f9cc15ac9f,34,0.057910133032741014,0.5593078782161076,1
qwen32B-int4_telecom_50runs,ded09971-26a1-4368-a380-a0f9cc15ac9f,36,0.09272630320153256,0.08963494766049268,1
qwen32B-int4_telecom_50runs,8b17d49a-8df2-4610-92e7-030aff28068f,0,,,0
qwen32B-int4_telecom_50runs,8b17d49a-8df2-4610-92e7-030aff28068f,2,0.21646892794915534,0.0,0
qwen32B-int4_telecom_50runs,8b17d49a-8df2-4610-92e7-030aff28068f,6,0.23324218525357168,0.10308846831321716,0
qwen32B-int4_telecom_50runs,8b17d49a-8df2-4610-92e7-030aff28068f,10,0.14690288662310105,0.19903705922924742,0
qwen32B-int4_telecom_50runs,8b17d49a-8df2-4610-92e7-030aff28068f,14,0.15517429031821361,0.16761618740153764,0
qwen32B-int4_telecom_50runs,8b17d49a-8df2-4610-92e7-030aff28068f,18,0.13565274776704353,0.1896327404265708,0
qwen32B-int4_telecom_50runs,8b17d49a-8df2-4610-92e7-030aff28068f,22,0.06307059589787224,0.17772500138533742,0
qwen32B-int4_telecom_50runs,8b17d49a-8df2-4610-92e7-030aff28068f,26,0.0552676302612581,0.2495709082909993,0
qwen32B-int4_telecom_50runs,8b17d49a-8df2-4610-92e7-030aff28068f,30,0.19051872208453724,0.1308168888092041,0
qwen32B-int4_telecom_50runs,8b17d49a-8df2-4610-92e7-030aff28068f,32,6.646079381035427e-05,0.0,0
qwen32B-int4_telecom_50runs,8b17d49a-8df2-4610-92e7-030aff28068f,34,0.13694671802922675,0.20451441407203674,0
qwen32B-int4_telecom_50runs,8b17d49a-8df2-4610-92e7-030aff28068f,36,0.1347849401937715,0.19746825669674165,0
qwen32B-int4_telecom_50runs,8b17d49a-8df2-4610-92e7-030aff28068f,38,0.04081136266524877,0.4366377592086792,0
qwen32B-int4_telecom_50runs,8b17d49a-8df2-4610-92e7-030aff28068f,40,0.17393236441680568,0.22874958240068874,0
qwen32B-int4_telecom_50runs,8b17d49a-8df2-4610-92e7-030aff28068f,42,0.21758713494788934,0.11102993320673704,0
qwen32B-int4_telecom_50runs,8b17d49a-8df2-4610-92e7-030aff28068f,44,0.08548597398667059,0.1688563993998936,0
qwen32B-int4_telecom_50runs,8b17d49a-8df2-4610-92e7-030aff28068f,46,0.11087083469249254,0.34854414420468466,0
qwen32B-int4_telecom_50runs,8b17d49a-8df2-4610-92e7-030aff28068f,52,0.13971063902973194,0.12588091525766584,0
qwen32B-int4_telecom_50runs,8b17d49a-8df2-4610-92e7-030aff28068f,54,0.10071114407482151,0.20600290596485138,0
qwen32B-int4_telecom_50runs,8b17d49a-8df2-4610-92e7-030aff28068f,58,0.18538205396543725,0.09196740769325418,0
qwen32B-int4_telecom_50runs,8b17d49a-8df2-4610-92e7-030aff28068f,62,0.20942438843107294,0.029438550655658428,0
qwen32B-int4_telecom_50runs,8b17d49a-8df2-4610-92e7-030aff28068f,64,0.17172896745720503,0.15687929500233044,0
qwen32B-int4_telecom_50runs,8b17d49a-8df2-4610-92e7-030aff28068f,66,0.13514853865569668,0.12217344687535213,0
qwen32B-int4_telecom_50runs,8b17d49a-8df2-4610-92e7-030aff28068f,68,0.00010014699137771363,0.05498224496841431,0
qwen32B-int4_telecom_50runs,d1ed0f38-fcff-4935-a1c6-14f6bd93baab,0,,,1
qwen32B-int4_telecom_50runs,d1ed0f38-fcff-4935-a1c6-14f6bd93baab,2,0.21638433698892232,0.0,1
qwen32B-int4_telecom_50runs,d1ed0f38-fcff-4935-a1c6-14f6bd93baab,6,0.23331285061076953,0.10308846831321716,1
qwen32B-int4_telecom_50runs,d1ed0f38-fcff-4935-a1c6-14f6bd93baab,10,0.14644849077733343,0.19903705922924742,1
qwen32B-int4_telecom_50runs,d1ed0f38-fcff-4935-a1c6-14f6bd93baab,14,0.15539199167475765,0.16761618740153764,1
qwen32B-int4_telecom_50runs,d1ed0f38-fcff-4935-a1c6-14f6bd93baab,18,0.13564038626029995,0.1896327404265708,1
qwen32B-int4_telecom_50runs,d1ed0f38-fcff-4935-a1c6-14f6bd93baab,22,0.09253408105724384,0.15036969714694554,1
qwen32B-int4_telecom_50runs,d1ed0f38-fcff-4935-a1c6-14f6bd93baab,26,0.18320748524997316,0.14194999739181163,1
qwen32B-int4_telecom_50runs,d1ed0f38-fcff-4935-a1c6-14f6bd93baab,30,0.1929600728746486,0.14223106340928512,1
qwen32B-int4_telecom_50runs,d1ed0f38-fcff-4935-a1c6-14f6bd93baab,32,2.385900975015682e-05,0.0,1
qwen32B-int4_telecom_50runs,d1ed0f38-fcff-4935-a1c6-14f6bd93baab,34,0.16883657500447952,0.18392205770526612,1
qwen32B-int4_telecom_50runs,d1ed0f38-fcff-4935-a1c6-14f6bd93baab,36,0.016487506291353447,0.08347259249005999,1
qwen32B-int4_telecom_50runs,d1ed0f38-fcff-4935-a1c6-14f6bd93baab,40,0.18523775494063552,0.2655261073793684,1
qwen32B-int4_telecom_50runs,d1ed0f38-fcff-4935-a1c6-14f6bd93baab,42,0.016133283749918497,0.08218961954116821,1
qwen32B-int4_telecom_50runs,d1ed0f38-fcff-4935-a1c6-14f6bd93baab,44,0.2087549115576848,0.1523502990603447,1
qwen32B-int4_telecom_50runs,d1ed0f38-fcff-4935-a1c6-14f6bd93baab,46,0.0003958313700223925,0.2817514936129252,1
qwen32B-int4_telecom_50runs,d1ed0f38-fcff-4935-a1c6-14f6bd93baab,48,0.1460878043492843,0.11792560724111704,1
qwen32B-int4_telecom_50runs,d1ed0f38-fcff-4935-a1c6-14f6bd93baab,52,0.014704215978995135,0.17822995781898499,1
qwen32B-int4_telecom_50runs,d1ed0f38-fcff-4935-a1c6-14f6bd93baab,54,0.13940107395428517,0.011771321296691895,1
qwen32B-int4_telecom_50runs,d1ed0f38-fcff-4935-a1c6-14f6bd93baab,58,0.24834134658594106,0.14337047053055024,1
qwen32B-int4_telecom_50runs,d1ed0f38-fcff-4935-a1c6-14f6bd93baab,62,0.09871687707662805,0.17260179764185196,1
qwen32B-int4_telecom_50runs,d1ed0f38-fcff-4935-a1c6-14f6bd93baab,66,0.11395827852058045,0.33779283492795886,1
qwen32B-int4_telecom_50runs,d1ed0f38-fcff-4935-a1c6-14f6bd93baab,70,0.05376026153087537,0.15045001475434552,1
qwen32B-int4_telecom_50runs,d1ed0f38-fcff-4935-a1c6-14f6bd93baab,74,0.0019164392748600133,0.13577145651767128,1
qwen32B-int4_telecom_50runs,d1ed0f38-fcff-4935-a1c6-14f6bd93baab,78,0.20719804686349538,0.056059756368960975,1
qwen32B-int4_telecom_50runs,d1ed0f38-fcff-4935-a1c6-14f6bd93baab,82,0.14900690078237233,0.03602020586690595,1
qwen32B-int4_telecom_50runs,d1ed0f38-fcff-4935-a1c6-14f6bd93baab,84,0.10865162536073653,0.5430926084518433,1
qwen32B-int4_telecom_50runs,d1ed0f38-fcff-4935-a1c6-14f6bd93baab,86,0.070278048918952,0.1839922136730618,1
qwen32B-int4_telecom_50runs,d1ed0f38-fcff-4935-a1c6-14f6bd93baab,90,0.12701888026127836,0.10600492000579834,1
qwen32B-int4_telecom_50runs,d1ed0f38-fcff-4935-a1c6-14f6bd93baab,94,0.194863717742536,0.19466257748538499,1
qwen32B-int4_telecom_50runs,d1ed0f38-fcff-4935-a1c6-14f6bd93baab,96,0.20431219844867643,0.17593520529129925,1
qwen32B-int4_telecom_50runs,d1ed0f38-fcff-4935-a1c6-14f6bd93baab,98,0.11653313754517994,0.2604817736382578,1
qwen32B-int4_telecom_50runs,d1ed0f38-fcff-4935-a1c6-14f6bd93baab,100,0.09016998385025364,0.15645023187001547,1
qwen32B-int4_telecom_50runs,7e811871-d44f-4c42-9522-b3a428889e76,0,,,1
qwen32B-int4_telecom_50runs,7e811871-d44f-4c42-9522-b3a428889e76,2,0.20811396030492835,0.0,1
qwen32B-int4_telecom_50runs,7e811871-d44f-4c42-9522-b3a428889e76,6,0.21762230165738428,0.06453331102404677,1
qwen32B-int4_telecom_50runs,7e811871-d44f-4c42-9522-b3a428889e76,10,0.20042314058378727,0.1945995149158296,1
qwen32B-int4_telecom_50runs,7e811871-d44f-4c42-9522-b3a428889e76,16,0.1643141739701887,0.1797645886739095,1
qwen32B-int4_telecom_50runs,7e811871-d44f-4c42-9522-b3a428889e76,22,0.150734868240688,0.3061668341810053,1
qwen32B-int4_telecom_50runs,7e811871-d44f-4c42-9522-b3a428889e76,26,0.049822683238640794,0.11160596211751302,1
qwen32B-int4_telecom_50runs,7e811871-d44f-4c42-9522-b3a428889e76,28,0.0013739576191653669,0.02620059412878913,1
qwen32B-int4_telecom_50runs,e2375b19-abad-4092-b340-e58797a1b83e,0,,,0
qwen32B-int4_telecom_50runs,e2375b19-abad-4092-b340-e58797a1b83e,2,0.21645042380396973,0.0,0
qwen32B-int4_telecom_50runs,e2375b19-abad-4092-b340-e58797a1b83e,6,0.23322076831215413,0.10308846831321716,0
qwen32B-int4_telecom_50runs,e2375b19-abad-4092-b340-e58797a1b83e,10,0.14620002669975274,0.19903705922924742,0
qwen32B-int4_telecom_50runs,e2375b19-abad-4092-b340-e58797a1b83e,14,0.15496687030611542,0.16761618740153764,0
qwen32B-int4_telecom_50runs,e2375b19-abad-4092-b340-e58797a1b83e,18,0.13552587555841594,0.1896327404265708,0
qwen32B-int4_telecom_50runs,e2375b19-abad-4092-b340-e58797a1b83e,22,0.0630480866461372,0.17772500138533742,0
qwen32B-int4_telecom_50runs,e2375b19-abad-4092-b340-e58797a1b83e,26,0.05559470895808497,0.2495709082909993,0
qwen32B-int4_telecom_50runs,e2375b19-abad-4092-b340-e58797a1b83e,30,0.18990700114445366,0.1308168888092041,0
qwen32B-int4_telecom_50runs,e2375b19-abad-4092-b340-e58797a1b83e,32,6.624346306965629e-05,0.0,0
qwen32B-int4_telecom_50runs,e2375b19-abad-4092-b340-e58797a1b83e,34,0.13692375830019496,0.20451441407203674,0
qwen32B-int4_telecom_50runs,e2375b19-abad-4092-b340-e58797a1b83e,36,0.1350750202167189,0.19746825669674165,0
qwen32B-int4_telecom_50runs,e2375b19-abad-4092-b340-e58797a1b83e,38,0.040813800311388614,0.4366377592086792,0
qwen32B-int4_telecom_50runs,e2375b19-abad-4092-b340-e58797a1b83e,40,0.11919154746262767,0.2889052246298109,0
qwen32B-int4_telecom_50runs,e2375b19-abad-4092-b340-e58797a1b83e,42,0.14179229830830975,0.1280692534013228,0
qwen32B-int4_telecom_50runs,e2375b19-abad-4092-b340-e58797a1b83e,44,0.13211017764272592,0.13298975626627604,0
qwen32B-int4_telecom_50runs,e2375b19-abad-4092-b340-e58797a1b83e,46,0.12335291129302378,0.21130842775911898,0
qwen32B-int4_telecom_50runs,e2375b19-abad-4092-b340-e58797a1b83e,52,0.1487803522662798,0.12684061527252197,0
qwen32B-int4_telecom_50runs,e2375b19-abad-4092-b340-e58797a1b83e,54,0.12011969086411246,0.09272918105125427,0
qwen32B-int4_telecom_50runs,e2375b19-abad-4092-b340-e58797a1b83e,58,0.17557583715636457,0.024525993400149874,0
qwen32B-int4_telecom_50runs,6bd1bd58-e12b-4163-a5f1-9ac1c0d9a03d,0,,,1
qwen32B-int4_telecom_50runs,6bd1bd58-e12b-4163-a5f1-9ac1c0d9a03d,2,0.20812768986971478,0.0,1
qwen32B-int4_telecom_50runs,6bd1bd58-e12b-4163-a5f1-9ac1c0d9a03d,6,0.21756926597018791,0.06453331102404677,1
qwen32B-int4_telecom_50runs,6bd1bd58-e12b-4163-a5f1-9ac1c0d9a03d,10,0.2005852215998881,0.1945995149158296,1
qwen32B-int4_telecom_50runs,6bd1bd58-e12b-4163-a5f1-9ac1c0d9a03d,16,0.23887678907111456,0.04678756682599177,1
qwen32B-int4_telecom_50runs,6bd1bd58-e12b-4163-a5f1-9ac1c0d9a03d,18,0.18850399806475623,0.0891939178109169,1
qwen32B-int4_telecom_50runs,6bd1bd58-e12b-4163-a5f1-9ac1c0d9a03d,20,0.15283490528274513,0.3119588111128126,1
qwen32B-int4_telecom_50runs,6bd1bd58-e12b-4163-a5f1-9ac1c0d9a03d,26,0.1888464332623311,0.1003356206984747,1
qwen32B-int4_telecom_50runs,6bd1bd58-e12b-4163-a5f1-9ac1c0d9a03d,28,0.12010643408209859,0.2341515522498589,1
qwen32B-int4_telecom_50runs,6bd1bd58-e12b-4163-a5f1-9ac1c0d9a03d,30,0.08275806964185957,0.42445595627245697,1
qwen32B-int4_telecom_50runs,6bd1bd58-e12b-4163-a5f1-9ac1c0d9a03d,32,0.05625268543173259,0.0805890838821213,1
qwen32B-int4_telecom_50runs,6bd1bd58-e12b-4163-a5f1-9ac1c0d9a03d,38,0.2008546209258769,0.08789677199195413,1
qwen72B-int4_airline_50runs,2d8082d7-ef8e-4f76-a5b1-ea8be8dd30f6,0,,,1
qwen72B-int4_airline_50runs,2d8082d7-ef8e-4f76-a5b1-ea8be8dd30f6,2,0.1844434892860641,0.0,1
qwen72B-int4_airline_50runs,2d8082d7-ef8e-4f76-a5b1-ea8be8dd30f6,4,0.1518409069085024,0.05175773850802717,1
qwen72B-int4_airline_50runs,2d8082d7-ef8e-4f76-a5b1-ea8be8dd30f6,6,0.1462892596892772,0.0458230363561752,1
qwen72B-int4_airline_50runs,2d8082d7-ef8e-4f76-a5b1-ea8be8dd30f6,8,0.1724207724873977,0.17707424640655517,1
qwen72B-int4_airline_50runs,2d8082d7-ef8e-4f76-a5b1-ea8be8dd30f6,10,0.17433316869845744,0.19166464917361736,1
qwen72B-int4_airline_50runs,2d8082d7-ef8e-4f76-a5b1-ea8be8dd30f6,12,0.09619766089163011,0.13459992408752441,1
qwen72B-int4_airline_50runs,2d8082d7-ef8e-4f76-a5b1-ea8be8dd30f6,14,0.14972007275296584,0.3434729089542311,1
qwen72B-int4_airline_50runs,2d8082d7-ef8e-4f76-a5b1-ea8be8dd30f6,16,0.18499642436796604,0.16101107361552477,1
qwen72B-int4_airline_50runs,2d8082d7-ef8e-4f76-a5b1-ea8be8dd30f6,18,0.12138768422453493,0.12887354347170615,1
qwen72B-int4_airline_50runs,2d8082d7-ef8e-4f76-a5b1-ea8be8dd30f6,20,8.143699551921875e-05,0.036386697876210114,1
qwen72B-int4_airline_50runs,dbafc80a-36d6-4b7b-be08-12b2cd41b577,0,,,1
qwen72B-int4_airline_50runs,dbafc80a-36d6-4b7b-be08-12b2cd41b577,2,0.1642244806502049,0.0,1
qwen72B-int4_airline_50runs,dbafc80a-36d6-4b7b-be08-12b2cd41b577,4,0.16188536509636856,0.07766411039564344,1
qwen72B-int4_airline_50runs,dbafc80a-36d6-4b7b-be08-12b2cd41b577,6,0.18120643229437927,0.15327267108425016,1
qwen72B-int4_airline_50runs,dbafc80a-36d6-4b7b-be08-12b2cd41b577,8,7.238892957440341e-05,0.0,1
qwen72B-int4_airline_50runs,dbafc80a-36d6-4b7b-be08-12b2cd41b577,10,0.11318894711869845,0.07546931789034889,1
qwen72B-int4_airline_50runs,dbafc80a-36d6-4b7b-be08-12b2cd41b577,12,6.943212492387828e-05,0.11927070617675782,1
qwen72B-int4_airline_50runs,dbafc80a-36d6-4b7b-be08-12b2cd41b577,14,0.2068302252112919,0.11980566323972215,1
qwen72B-int4_airline_50runs,dbafc80a-36d6-4b7b-be08-12b2cd41b577,16,0.08212925599408392,0.1445132133207823,1
qwen72B-int4_airline_50runs,dbafc80a-36d6-4b7b-be08-12b2cd41b577,18,0.0067531375265809995,0.09515529870986938,1
qwen72B-int4_airline_50runs,dbafc80a-36d6-4b7b-be08-12b2cd41b577,20,0.0002767431050262472,0.5718095541000366,1
qwen72B-int4_airline_50runs,dbafc80a-36d6-4b7b-be08-12b2cd41b577,22,0.0001076150073876162,0.5575334429740906,1
qwen72B-int4_airline_50runs,dbafc80a-36d6-4b7b-be08-12b2cd41b577,24,0.23631421208482362,0.0,1
qwen72B-int4_airline_50runs,dbafc80a-36d6-4b7b-be08-12b2cd41b577,26,0.22783642275630767,0.1601435174775678,1
qwen72B-int4_airline_50runs,38b5032c-afe9-4623-9b33-e3ea780c90d6,0,,,1
qwen72B-int4_airline_50runs,38b5032c-afe9-4623-9b33-e3ea780c90d6,2,0.0845557372773893,0.0,1
qwen72B-int4_airline_50runs,38b5032c-afe9-4623-9b33-e3ea780c90d6,4,0.13969592626658195,0.12376123925913934,1
qwen72B-int4_airline_50runs,38b5032c-afe9-4623-9b33-e3ea780c90d6,6,0.10554768438896844,0.1316211982206865,1
qwen72B-int4_airline_50runs,38b5032c-afe9-4623-9b33-e3ea780c90d6,8,0.06295329041006356,0.2714688554406166,1
qwen72B-int4_airline_50runs,38b5032c-afe9-4623-9b33-e3ea780c90d6,10,0.11991771116203268,0.20953111179539416,1
qwen72B-int4_airline_50runs,38b5032c-afe9-4623-9b33-e3ea780c90d6,12,0.03673717173063661,0.21083655953407288,1
qwen72B-int4_airline_50runs,38b5032c-afe9-4623-9b33-e3ea780c90d6,14,0.03678698063860493,0.30913301557302475,1
qwen72B-int4_airline_50runs,38b5032c-afe9-4623-9b33-e3ea780c90d6,16,0.0136274934211604,0.635508805513382,1
qwen72B-int4_airline_50runs,38b5032c-afe9-4623-9b33-e3ea780c90d6,18,0.02663105621970414,0.38193578431100556,1
qwen72B-int4_airline_50runs,38b5032c-afe9-4623-9b33-e3ea780c90d6,20,0.1131605779959065,0.053908685585121054,1
qwen72B-int4_airline_50runs,38b5032c-afe9-4623-9b33-e3ea780c90d6,22,0.1089053068515761,0.19350065564622684,1
qwen72B-int4_airline_50runs,38b5032c-afe9-4623-9b33-e3ea780c90d6,24,0.049417483546811525,0.13708579376952287,1
qwen72B-int4_airline_50runs,38b5032c-afe9-4623-9b33-e3ea780c90d6,26,0.06285855685468976,0.3088974400264461,1
qwen72B-int4_airline_50runs,511c3279-50e4-44f2-b26c-afac26c0726f,0,,,0
qwen72B-int4_airline_50runs,511c3279-50e4-44f2-b26c-afac26c0726f,2,0.0002857815527883645,0.0,0
qwen72B-int4_airline_50runs,511c3279-50e4-44f2-b26c-afac26c0726f,4,0.0009417712538604424,0.11733534336090089,0
qwen72B-int4_airline_50runs,511c3279-50e4-44f2-b26c-afac26c0726f,6,0.20962849371336692,0.0,0
qwen72B-int4_airline_50runs,511c3279-50e4-44f2-b26c-afac26c0726f,8,0.004031300435407796,1.0,0
qwen72B-int4_airline_50runs,511c3279-50e4-44f2-b26c-afac26c0726f,10,0.17866520769990757,0.04827208694864492,0
qwen72B-int4_airline_50runs,511c3279-50e4-44f2-b26c-afac26c0726f,12,0.10689942315846254,0.060868671962193074,0
qwen72B-int4_airline_50runs,511c3279-50e4-44f2-b26c-afac26c0726f,14,7.811265257485825e-05,0.050219240188598635,0
qwen72B-int4_airline_50runs,9e1c3c70-4103-42f7-ac16-69d294536cca,0,,,0
qwen72B-int4_airline_50runs,9e1c3c70-4103-42f7-ac16-69d294536cca,2,0.00011818901890018416,0.0,0
qwen72B-int4_airline_50runs,9e1c3c70-4103-42f7-ac16-69d294536cca,4,0.2225542896032093,0.0,0
qwen72B-int4_airline_50runs,9e1c3c70-4103-42f7-ac16-69d294536cca,6,0.006973966865395263,0.11458972784189078,0
qwen72B-int4_airline_50runs,9e1c3c70-4103-42f7-ac16-69d294536cca,8,0.144255067015002,0.16054974496364594,0
qwen72B-int4_airline_50runs,9e1c3c70-4103-42f7-ac16-69d294536cca,10,0.12517588935677443,0.14295721465143663,0
qwen72B-int4_airline_50runs,9e1c3c70-4103-42f7-ac16-69d294536cca,12,8.291640714774255e-05,0.04615079363187154,0
qwen72B-int4_airline_50runs,a8aad260-7c5b-4bcb-920a-4755247e9ee9,0,,,1
qwen72B-int4_airline_50runs,a8aad260-7c5b-4bcb-920a-4755247e9ee9,2,0.18719054299006246,0.0,1
qwen72B-int4_airline_50runs,a8aad260-7c5b-4bcb-920a-4755247e9ee9,4,0.2474673854828896,0.07915998793937065,1
qwen72B-int4_airline_50runs,a8aad260-7c5b-4bcb-920a-4755247e9ee9,6,0.0038064079203640705,0.05785534473565909,1
qwen72B-int4_airline_50runs,a8aad260-7c5b-4bcb-920a-4755247e9ee9,8,0.1598434144066059,0.07923877820736024,1
qwen72B-int4_airline_50runs,a8aad260-7c5b-4bcb-920a-4755247e9ee9,10,0.08972933265820275,1.0,1
qwen72B-int4_airline_50runs,a8aad260-7c5b-4bcb-920a-4755247e9ee9,12,0.07641450563242035,0.28917922377586364,1
qwen72B-int4_airline_50runs,a8aad260-7c5b-4bcb-920a-4755247e9ee9,14,0.15546248435182797,0.11988020794732229,1
qwen72B-int4_airline_50runs,a8aad260-7c5b-4bcb-920a-4755247e9ee9,16,0.14083664036961419,0.25288894484120034,1
qwen72B-int4_airline_50runs,a8aad260-7c5b-4bcb-920a-4755247e9ee9,18,0.1064759307735068,0.39004048660619933,1
qwen72B-int4_airline_50runs,a8aad260-7c5b-4bcb-920a-4755247e9ee9,20,0.042264420698134915,0.06661264300346374,1
qwen72B-int4_airline_50runs,a8aad260-7c5b-4bcb-920a-4755247e9ee9,22,0.060524431710643256,0.13104259627205986,1
qwen72B-int4_airline_50runs,cfcac136-e077-4cf3-b575-cbc525d10262,0,,,0
qwen72B-int4_airline_50runs,cfcac136-e077-4cf3-b575-cbc525d10262,2,0.21141949480713237,0.0,0
qwen72B-int4_airline_50runs,cfcac136-e077-4cf3-b575-cbc525d10262,4,0.10909020509110076,0.18098862813069272,0
qwen72B-int4_airline_50runs,cfcac136-e077-4cf3-b575-cbc525d10262,6,0.18014026125727697,0.07788367760487092,0
qwen72B-int4_airline_50runs,cfcac136-e077-4cf3-b575-cbc525d10262,8,0.10998056249549981,0.18798141820090156,0
qwen72B-int4_airline_50runs,cfcac136-e077-4cf3-b575-cbc525d10262,10,0.1307769635143513,0.14131523787029204,0
qwen72B-int4_airline_50runs,cfcac136-e077-4cf3-b575-cbc525d10262,12,0.04809753358928943,0.18781067394628756,0
qwen72B-int4_airline_50runs,cfcac136-e077-4cf3-b575-cbc525d10262,14,0.06796671848644639,0.29315677908963933,0
qwen72B-int4_airline_50runs,cfcac136-e077-4cf3-b575-cbc525d10262,16,0.1155309971430012,0.1314622082493522,0
qwen72B-int4_airline_50runs,cfcac136-e077-4cf3-b575-cbc525d10262,18,0.09251439401575463,0.18680037874164004,0
qwen72B-int4_airline_50runs,cfcac136-e077-4cf3-b575-cbc525d10262,20,0.00012193012943615294,0.023807318210601808,0
qwen72B-int4_airline_50runs,32a99bda-f37e-4b54-87f5-e563dc713c99,0,,,1
qwen72B-int4_airline_50runs,32a99bda-f37e-4b54-87f5-e563dc713c99,2,0.22592725233457145,0.0,1
qwen72B-int4_airline_50runs,32a99bda-f37e-4b54-87f5-e563dc713c99,4,0.005415447607993848,0.0,1
qwen72B-int4_airline_50runs,32a99bda-f37e-4b54-87f5-e563dc713c99,6,0.0001171369635241713,0.4058138132095337,1
qwen72B-int4_airline_50runs,32a99bda-f37e-4b54-87f5-e563dc713c99,8,0.09055975901668334,0.035257332626430465,1
qwen72B-int4_airline_50runs,32a99bda-f37e-4b54-87f5-e563dc713c99,10,0.1931838672504659,0.10262314816738696,1
qwen72B-int4_airline_50runs,32a99bda-f37e-4b54-87f5-e563dc713c99,12,0.0011188221171594865,0.063077103523981,1
qwen72B-int4_airline_50runs,32a99bda-f37e-4b54-87f5-e563dc713c99,14,0.045795867884876676,0.2837552310216545,1
qwen72B-int4_airline_50runs,32a99bda-f37e-4b54-87f5-e563dc713c99,16,0.0763413568044971,0.10126616738059303,1
qwen72B-int4_airline_50runs,32a99bda-f37e-4b54-87f5-e563dc713c99,18,0.017499579255678167,0.17641735076904297,1
qwen72B-int4_airline_50runs,32a99bda-f37e-4b54-87f5-e563dc713c99,20,0.001297534579868228,0.3863028117588588,1
qwen72B-int4_airline_50runs,32a99bda-f37e-4b54-87f5-e563dc713c99,22,0.004896849392018233,0.3832874977797793,1
qwen72B-int4_airline_50runs,32a99bda-f37e-4b54-87f5-e563dc713c99,24,0.021471991678261155,0.21338425576686862,1
qwen72B-int4_airline_50runs,32a99bda-f37e-4b54-87f5-e563dc713c99,26,0.0025851488619582598,0.012078500071237253,1
qwen72B-int4_airline_50runs,32a99bda-f37e-4b54-87f5-e563dc713c99,28,0.030057213027082526,0.4192403256893158,1
qwen72B-int4_airline_50runs,32a99bda-f37e-4b54-87f5-e563dc713c99,30,0.06979049133629694,0.03235178784682201,1
qwen72B-int4_airline_50runs,135d193b-ad86-4b7b-a891-fc9c781b0c20,0,,,1
qwen72B-int4_airline_50runs,135d193b-ad86-4b7b-a891-fc9c781b0c20,2,0.10945565957152711,0.0,1
qwen72B-int4_airline_50runs,135d193b-ad86-4b7b-a891-fc9c781b0c20,4,0.20197109082794876,0.08036506175994873,1
qwen72B-int4_airline_50runs,135d193b-ad86-4b7b-a891-fc9c781b0c20,6,0.08633303100489229,0.2651397943496704,1
qwen72B-int4_airline_50runs,135d193b-ad86-4b7b-a891-fc9c781b0c20,8,0.11363802543014549,0.09444879492123921,1
qwen72B-int4_airline_50runs,135d193b-ad86-4b7b-a891-fc9c781b0c20,10,0.04177185814389216,0.08494848012924194,1
qwen72B-int4_airline_50runs,135d193b-ad86-4b7b-a891-fc9c781b0c20,12,0.14254876151591722,0.22001415207272484,1
qwen72B-int4_airline_50runs,135d193b-ad86-4b7b-a891-fc9c781b0c20,14,0.08238172079224389,0.4052789118554857,1
qwen72B-int4_airline_50runs,135d193b-ad86-4b7b-a891-fc9c781b0c20,16,0.028075764654942856,0.11816292378439833,1
qwen72B-int4_airline_50runs,135d193b-ad86-4b7b-a891-fc9c781b0c20,18,0.05025485657298411,0.3770624368618696,1
qwen72B-int4_airline_50runs,135d193b-ad86-4b7b-a891-fc9c781b0c20,20,0.04946665737286041,0.10565845036910752,1
qwen72B-int4_airline_50runs,67214255-dad6-4f7f-91bc-bc49cd5b4ee4,0,,,1
qwen72B-int4_airline_50runs,67214255-dad6-4f7f-91bc-bc49cd5b4ee4,2,0.16747030881230823,0.0,1
qwen72B-int4_airline_50runs,67214255-dad6-4f7f-91bc-bc49cd5b4ee4,4,0.12734208745464115,0.14014435836247036,1
qwen72B-int4_airline_50runs,67214255-dad6-4f7f-91bc-bc49cd5b4ee4,6,0.11410789527135157,0.15179815047826523,1
qwen72B-int4_airline_50runs,67214255-dad6-4f7f-91bc-bc49cd5b4ee4,8,0.16036147278060175,0.12945560216903687,1
qwen72B-int4_airline_50runs,67214255-dad6-4f7f-91bc-bc49cd5b4ee4,10,0.13573212530319442,0.2141264419929654,1
qwen72B-int4_airline_50runs,67214255-dad6-4f7f-91bc-bc49cd5b4ee4,12,0.05182971844713659,0.14629384745722232,1
qwen72B-int4_airline_50runs,67214255-dad6-4f7f-91bc-bc49cd5b4ee4,14,0.01256747171775055,0.4156129418349848,1
qwen72B-int4_airline_50runs,67214255-dad6-4f7f-91bc-bc49cd5b4ee4,16,0.03486927625374444,0.619159375467608,1
qwen72B-int4_airline_50runs,67214255-dad6-4f7f-91bc-bc49cd5b4ee4,18,0.04271451255186796,0.24719894764035247,1
qwen72B-int4_airline_50runs,67214255-dad6-4f7f-91bc-bc49cd5b4ee4,20,0.12552874054086852,0.10200751586393876,1
qwen72B-int4_airline_50runs,67214255-dad6-4f7f-91bc-bc49cd5b4ee4,22,0.03871013575685895,0.26054033637046814,1
qwen72B-int4_airline_50runs,67214255-dad6-4f7f-91bc-bc49cd5b4ee4,24,0.02242916818690109,0.11500467521598541,1
qwen72B-int4_airline_50runs,67214255-dad6-4f7f-91bc-bc49cd5b4ee4,26,0.060328535073519755,0.2048715169613178,1
qwen72B-int4_airline_50runs,67214255-dad6-4f7f-91bc-bc49cd5b4ee4,28,0.02738395295723271,0.5399562760403281,1
qwen72B-int4_airline_50runs,13f48751-bcad-47bd-ae16-02b269ca0660,0,,,0
qwen72B-int4_airline_50runs,13f48751-bcad-47bd-ae16-02b269ca0660,2,0.0729850244689458,0.0,0
qwen72B-int4_airline_50runs,13f48751-bcad-47bd-ae16-02b269ca0660,4,3.123115362958136e-05,0.0,0
qwen72B-int4_airline_50runs,13f48751-bcad-47bd-ae16-02b269ca0660,6,0.17503923142356734,0.0656929612159729,0
qwen72B-int4_airline_50runs,13f48751-bcad-47bd-ae16-02b269ca0660,8,0.0235709108674561,0.11330125331878663,0
qwen72B-int4_airline_50runs,13f48751-bcad-47bd-ae16-02b269ca0660,10,0.1697895223466394,0.053571898004283074,0
qwen72B-int4_airline_50runs,13f48751-bcad-47bd-ae16-02b269ca0660,12,0.0017439930441522902,0.11315614443558913,0
qwen72B-int4_airline_50runs,13f48751-bcad-47bd-ae16-02b269ca0660,14,0.09915920096844617,0.07879528578589944,0
qwen72B-int4_airline_50runs,5100c075-c38b-4438-92be-4fd1e9f5d684,0,,,1
qwen72B-int4_airline_50runs,5100c075-c38b-4438-92be-4fd1e9f5d684,2,0.09249472925413384,0.0,1
qwen72B-int4_airline_50runs,5100c075-c38b-4438-92be-4fd1e9f5d684,4,0.0008710724813016194,0.0,1
qwen72B-int4_airline_50runs,5100c075-c38b-4438-92be-4fd1e9f5d684,6,0.14956699489332445,0.20405358228928003,1
qwen72B-int4_airline_50runs,5100c075-c38b-4438-92be-4fd1e9f5d684,8,0.00014657158487807465,0.13231804370880126,1
qwen72B-int4_airline_50runs,5100c075-c38b-4438-92be-4fd1e9f5d684,10,0.15859745759146762,0.13833645851381365,1
qwen72B-int4_airline_50runs,5100c075-c38b-4438-92be-4fd1e9f5d684,12,0.00247814999260614,0.0660405158996582,1
qwen72B-int4_airline_50runs,5100c075-c38b-4438-92be-4fd1e9f5d684,14,0.035328647748778044,0.19564715027809143,1
qwen72B-int4_airline_50runs,5100c075-c38b-4438-92be-4fd1e9f5d684,16,0.02404038267712055,0.08788363113999367,1
qwen72B-int4_airline_50runs,5100c075-c38b-4438-92be-4fd1e9f5d684,18,0.07094327966953401,0.14822050976374793,1
qwen72B-int4_airline_50runs,5100c075-c38b-4438-92be-4fd1e9f5d684,20,0.0024144734450269865,0.05533726215362549,1
qwen72B-int4_airline_50runs,5100c075-c38b-4438-92be-4fd1e9f5d684,22,0.06193093342888878,0.16215408540541126,1
qwen72B-int4_airline_50runs,92bdc8dd-e60e-4338-b78d-9635bf50f7d6,0,,,1
qwen72B-int4_airline_50runs,92bdc8dd-e60e-4338-b78d-9635bf50f7d6,2,0.0903845019607837,0.0,1
qwen72B-int4_airline_50runs,92bdc8dd-e60e-4338-b78d-9635bf50f7d6,4,0.24628252286242708,0.03993973731994629,1
qwen72B-int4_airline_50runs,92bdc8dd-e60e-4338-b78d-9635bf50f7d6,6,0.0016645491913842415,0.09671781957149506,1
qwen72B-int4_airline_50runs,92bdc8dd-e60e-4338-b78d-9635bf50f7d6,8,0.0872478139148865,0.13240506649017333,1
qwen72B-int4_airline_50runs,92bdc8dd-e60e-4338-b78d-9635bf50f7d6,10,0.07572115350839002,0.16757137718654813,1
qwen72B-int4_airline_50runs,92bdc8dd-e60e-4338-b78d-9635bf50f7d6,12,0.09859822085646612,0.04557197154322757,1
qwen72B-int4_airline_50runs,92bdc8dd-e60e-4338-b78d-9635bf50f7d6,14,0.011248128778337151,0.050219194013245254,1
qwen72B-int4_airline_50runs,92bdc8dd-e60e-4338-b78d-9635bf50f7d6,16,0.07204891721897642,0.15248626470565796,1
qwen72B-int4_airline_50runs,92bdc8dd-e60e-4338-b78d-9635bf50f7d6,18,0.09230401656136794,0.3443054521785063,1
qwen72B-int4_airline_50runs,92bdc8dd-e60e-4338-b78d-9635bf50f7d6,20,0.06919165592292066,0.26170344617631697,1
qwen72B-int4_airline_50runs,92bdc8dd-e60e-4338-b78d-9635bf50f7d6,22,0.059911119588480694,0.3033603754910556,1
qwen72B-int4_airline_50runs,92bdc8dd-e60e-4338-b78d-9635bf50f7d6,24,0.030028924940995617,0.2365032684803009,1
qwen72B-int4_airline_50runs,0f558898-a9f7-40a7-8e57-9200ca479cc4,0,,,0
qwen72B-int4_airline_50runs,0f558898-a9f7-40a7-8e57-9200ca479cc4,2,0.1329656466081807,0.0,0
qwen72B-int4_airline_50runs,0f558898-a9f7-40a7-8e57-9200ca479cc4,4,0.00020853331775413152,0.0,0
qwen72B-int4_airline_50runs,0f558898-a9f7-40a7-8e57-9200ca479cc4,6,0.2400396782744415,0.05784500378828782,0
qwen72B-int4_airline_50runs,0f558898-a9f7-40a7-8e57-9200ca479cc4,8,0.010966339099805409,0.0654514953494072,0
qwen72B-int4_airline_50runs,0f558898-a9f7-40a7-8e57-9200ca479cc4,10,0.07682984068911267,0.13816441265882642,0
qwen72B-int4_airline_50runs,0f558898-a9f7-40a7-8e57-9200ca479cc4,12,0.029428140524123354,0.06341893970966339,0
qwen72B-int4_airline_50runs,0f558898-a9f7-40a7-8e57-9200ca479cc4,14,0.12073343380392347,0.12759490869939327,0
qwen72B-int4_airline_50runs,0f558898-a9f7-40a7-8e57-9200ca479cc4,16,0.005116279865787534,0.03367383480072021,0
qwen72B-int4_airline_50runs,0f558898-a9f7-40a7-8e57-9200ca479cc4,18,0.17956307042809797,0.08829425880224398,0
qwen72B-int4_airline_50runs,0f558898-a9f7-40a7-8e57-9200ca479cc4,20,0.02696629051865718,0.07753726314095889,0
qwen72B-int4_airline_50runs,0f558898-a9f7-40a7-8e57-9200ca479cc4,22,0.09716612855561527,0.27052438259124756,0
qwen72B-int4_airline_50runs,0f558898-a9f7-40a7-8e57-9200ca479cc4,24,0.00015299707459873795,0.4313821494579315,0
qwen72B-int4_airline_50runs,0f558898-a9f7-40a7-8e57-9200ca479cc4,26,0.08591015056324021,0.3605923189057244,0
qwen72B-int4_airline_50runs,0f558898-a9f7-40a7-8e57-9200ca479cc4,28,0.0001263342557648098,0.02627193047241731,0
qwen72B-int4_airline_50runs,4de624ea-1e04-499c-b698-73b9a5b1d050,0,,,1
qwen72B-int4_airline_50runs,4de624ea-1e04-499c-b698-73b9a5b1d050,2,0.002094056651108289,0.0,1
qwen72B-int4_airline_50runs,4de624ea-1e04-499c-b698-73b9a5b1d050,4,0.08599863663998072,0.0,1
qwen72B-int4_airline_50runs,4de624ea-1e04-499c-b698-73b9a5b1d050,6,0.14832258855694228,0.09098697358911688,1
qwen72B-int4_airline_50runs,4de624ea-1e04-499c-b698-73b9a5b1d050,8,3.3347016020154486e-05,0.13045446872711183,1
qwen72B-int4_airline_50runs,4de624ea-1e04-499c-b698-73b9a5b1d050,10,0.12391095331539433,0.12041397965871371,1
qwen72B-int4_airline_50runs,4de624ea-1e04-499c-b698-73b9a5b1d050,12,0.0029735944821938087,1.0,1
qwen72B-int4_airline_50runs,4de624ea-1e04-499c-b698-73b9a5b1d050,14,0.10072049043836204,0.08526513155768899,1
qwen72B-int4_airline_50runs,4de624ea-1e04-499c-b698-73b9a5b1d050,16,0.045916756162802566,0.06202789396047592,1
qwen72B-int4_airline_50runs,4de624ea-1e04-499c-b698-73b9a5b1d050,18,0.00230270589863224,0.05988369882106781,1
qwen72B-int4_airline_50runs,4de624ea-1e04-499c-b698-73b9a5b1d050,20,0.02789214594383365,0.18299114136468794,1
qwen72B-int4_airline_50runs,4de624ea-1e04-499c-b698-73b9a5b1d050,22,0.037776538171598054,0.10962030535838643,1
qwen72B-int4_airline_50runs,4de624ea-1e04-499c-b698-73b9a5b1d050,24,0.07370083715159276,0.1601165123283863,1
qwen72B-int4_airline_50runs,4de624ea-1e04-499c-b698-73b9a5b1d050,26,0.0019811276645140367,0.07767198003571608,1
qwen72B-int4_airline_50runs,4de624ea-1e04-499c-b698-73b9a5b1d050,28,0.028719186713861637,0.18349964890563697,1
qwen72B-int4_airline_50runs,018ecad8-3e7c-46bf-94c0-b95091b40c6d,0,,,1
qwen72B-int4_airline_50runs,018ecad8-3e7c-46bf-94c0-b95091b40c6d,2,0.1185630469389319,0.0,1
qwen72B-int4_airline_50runs,018ecad8-3e7c-46bf-94c0-b95091b40c6d,4,0.14638327603465634,0.05748064177376883,1
qwen72B-int4_airline_50runs,018ecad8-3e7c-46bf-94c0-b95091b40c6d,6,0.09418585252576264,0.2351018227636814,1
qwen72B-int4_airline_50runs,018ecad8-3e7c-46bf-94c0-b95091b40c6d,8,0.14242912601363497,0.29522033400005765,1
qwen72B-int4_airline_50runs,018ecad8-3e7c-46bf-94c0-b95091b40c6d,10,0.09215178234097103,0.12272489793372877,1
qwen72B-int4_airline_50runs,018ecad8-3e7c-46bf-94c0-b95091b40c6d,12,0.16443053532610294,0.21231758897587402,1
qwen72B-int4_airline_50runs,018ecad8-3e7c-46bf-94c0-b95091b40c6d,14,0.01452257555007037,0.20524516701698303,1
qwen72B-int4_airline_50runs,018ecad8-3e7c-46bf-94c0-b95091b40c6d,16,0.17061381758059949,0.2119262424799112,1
qwen72B-int4_airline_50runs,018ecad8-3e7c-46bf-94c0-b95091b40c6d,18,0.05387416952387134,1.0,1
qwen72B-int4_airline_50runs,018ecad8-3e7c-46bf-94c0-b95091b40c6d,20,0.12206355724968193,0.20461878553032872,1
qwen72B-int4_airline_50runs,018ecad8-3e7c-46bf-94c0-b95091b40c6d,22,0.19114139589025156,0.16997814609343748,1
qwen72B-int4_airline_50runs,018ecad8-3e7c-46bf-94c0-b95091b40c6d,24,0.06822095936242441,0.2615865222338972,1
qwen72B-int4_airline_50runs,018ecad8-3e7c-46bf-94c0-b95091b40c6d,26,0.09856491990583617,0.21713086417023564,1
qwen72B-int4_airline_50runs,018ecad8-3e7c-46bf-94c0-b95091b40c6d,28,9.379805486313324e-05,0.03447035831563613,1
qwen72B-int4_airline_50runs,368244af-aefa-46f8-a524-8954c44c5cb9,0,,,1
qwen72B-int4_airline_50runs,368244af-aefa-46f8-a524-8954c44c5cb9,2,0.06809772265543174,0.0,1
qwen72B-int4_airline_50runs,368244af-aefa-46f8-a524-8954c44c5cb9,4,4.5303104661087444e-05,0.0,1
qwen72B-int4_airline_50runs,368244af-aefa-46f8-a524-8954c44c5cb9,6,0.17124842723182548,0.026161396503448488,1
qwen72B-int4_airline_50runs,368244af-aefa-46f8-a524-8954c44c5cb9,8,0.0016591053085988415,0.12740467786788942,1
qwen72B-int4_airline_50runs,368244af-aefa-46f8-a524-8954c44c5cb9,10,0.011667179585505968,0.42114490270614624,1
qwen72B-int4_airline_50runs,368244af-aefa-46f8-a524-8954c44c5cb9,12,0.0005084871475534669,0.4183371365070343,1
qwen72B-int4_airline_50runs,368244af-aefa-46f8-a524-8954c44c5cb9,14,0.00011431681557310797,0.4400654435157776,1
qwen72B-int4_airline_50runs,368244af-aefa-46f8-a524-8954c44c5cb9,16,0.0002899488086446612,0.43748947978019714,1
qwen72B-int4_airline_50runs,368244af-aefa-46f8-a524-8954c44c5cb9,18,0.000519240052670037,0.42129820585250854,1
qwen72B-int4_airline_50runs,368244af-aefa-46f8-a524-8954c44c5cb9,20,0.042261234217724895,0.0,1
qwen72B-int4_airline_50runs,368244af-aefa-46f8-a524-8954c44c5cb9,22,0.00015981110554654586,0.06727426499128342,1
qwen72B-int4_airline_50runs,368244af-aefa-46f8-a524-8954c44c5cb9,24,8.127891995583654e-05,0.6757049475397383,1
qwen72B-int4_airline_50runs,368244af-aefa-46f8-a524-8954c44c5cb9,26,0.0005043540508761136,0.4334464371204376,1
qwen72B-int4_airline_50runs,368244af-aefa-46f8-a524-8954c44c5cb9,28,0.0001254764399907754,0.99778151512146,1
qwen72B-int4_airline_50runs,368244af-aefa-46f8-a524-8954c44c5cb9,30,0.0009057338134826872,0.6506504331316267,1
qwen72B-int4_airline_50runs,368244af-aefa-46f8-a524-8954c44c5cb9,32,0.00010542112925681157,0.9975587129592896,1
qwen72B-int4_airline_50runs,368244af-aefa-46f8-a524-8954c44c5cb9,34,0.00012039704318780117,0.6775638035365513,1
qwen72B-int4_airline_50runs,368244af-aefa-46f8-a524-8954c44c5cb9,36,0.00014179697426590238,0.6564618859972273,1
qwen72B-int4_airline_50runs,368244af-aefa-46f8-a524-8954c44c5cb9,38,0.000998552154067665,0.6415491018976485,1
qwen72B-int4_airline_50runs,368244af-aefa-46f8-a524-8954c44c5cb9,40,9.242023470691028e-05,0.6799331307411194,1
qwen72B-int4_airline_50runs,368244af-aefa-46f8-a524-8954c44c5cb9,42,0.00018648385018130994,0.4391392171382904,1
qwen72B-int4_airline_50runs,368244af-aefa-46f8-a524-8954c44c5cb9,44,0.00010140812005297242,0.6773555278778076,1
qwen72B-int4_airline_50runs,368244af-aefa-46f8-a524-8954c44c5cb9,46,0.04914375411674727,0.0,1
qwen72B-int4_airline_50runs,368244af-aefa-46f8-a524-8954c44c5cb9,48,0.0016385811493218544,0.0823112428188324,1
qwen72B-int4_airline_50runs,368244af-aefa-46f8-a524-8954c44c5cb9,50,0.001731864542015277,0.418375465604994,1
qwen72B-int4_airline_50runs,368244af-aefa-46f8-a524-8954c44c5cb9,52,0.0001734446694111561,0.5632652521133422,1
qwen72B-int4_airline_50runs,368244af-aefa-46f8-a524-8954c44c5cb9,54,0.00013225420897995305,0.47018179297447205,1
qwen72B-int4_airline_50runs,368244af-aefa-46f8-a524-8954c44c5cb9,56,0.00020405760678975248,0.46673765778541565,1
qwen72B-int4_airline_50runs,368244af-aefa-46f8-a524-8954c44c5cb9,58,0.03727799921306348,0.0158081299219376,1
qwen72B-int4_airline_50runs,03817e3c-79da-4cca-af83-30b24d984cff,0,,,1
qwen72B-int4_airline_50runs,03817e3c-79da-4cca-af83-30b24d984cff,2,0.07660371847842971,0.0,1
qwen72B-int4_airline_50runs,03817e3c-79da-4cca-af83-30b24d984cff,4,0.21041211267105417,0.16006486030185924,1
qwen72B-int4_airline_50runs,03817e3c-79da-4cca-af83-30b24d984cff,6,0.002918473247439124,0.03831014193986591,1
qwen72B-int4_airline_50runs,03817e3c-79da-4cca-af83-30b24d984cff,8,0.21363014384171067,0.20603554844856262,1
qwen72B-int4_airline_50runs,03817e3c-79da-4cca-af83-30b24d984cff,10,0.024652435081991088,0.40416809916496277,1
qwen72B-int4_airline_50runs,03817e3c-79da-4cca-af83-30b24d984cff,12,0.13592000566110607,0.29128290547264946,1
qwen72B-int4_airline_50runs,03817e3c-79da-4cca-af83-30b24d984cff,14,0.0030456525788144207,0.41634607315063477,1
qwen72B-int4_airline_50runs,03817e3c-79da-4cca-af83-30b24d984cff,16,0.04806216688719673,0.4674728214740754,1
qwen72B-int4_airline_50runs,03817e3c-79da-4cca-af83-30b24d984cff,18,0.007127826280159182,0.4180864095687866,1
qwen72B-int4_airline_50runs,03817e3c-79da-4cca-af83-30b24d984cff,20,0.08078432383160024,1.0,1
qwen72B-int4_airline_50runs,03817e3c-79da-4cca-af83-30b24d984cff,22,0.14472825759665844,0.2528580217748075,1
qwen72B-int4_airline_50runs,03817e3c-79da-4cca-af83-30b24d984cff,24,0.018125585789776674,0.12948250770568848,1
qwen72B-int4_airline_50runs,03817e3c-79da-4cca-af83-30b24d984cff,26,0.13592701128534226,0.048914983354765795,1
qwen72B-int4_airline_50runs,03817e3c-79da-4cca-af83-30b24d984cff,28,0.11266284288145616,1.0,1
qwen72B-int4_airline_50runs,03817e3c-79da-4cca-af83-30b24d984cff,30,0.09739051788625296,0.16400394588708878,1
qwen72B-int4_airline_50runs,03817e3c-79da-4cca-af83-30b24d984cff,32,0.052344796826646875,1.0,1
qwen72B-int4_airline_50runs,03817e3c-79da-4cca-af83-30b24d984cff,34,0.06765866570595716,0.3843035504221916,1
qwen72B-int4_airline_50runs,03817e3c-79da-4cca-af83-30b24d984cff,36,0.008931291789263014,0.3467329426815635,1
qwen72B-int4_airline_50runs,03817e3c-79da-4cca-af83-30b24d984cff,38,0.009532338711775864,1.0,1
qwen72B-int4_airline_50runs,03817e3c-79da-4cca-af83-30b24d984cff,40,0.0025744326606821724,0.5073663321408358,1
qwen72B-int4_airline_50runs,03817e3c-79da-4cca-af83-30b24d984cff,42,0.03187472038346377,0.222348149617513,1
qwen72B-int4_airline_50runs,03817e3c-79da-4cca-af83-30b24d984cff,44,0.11554486697224997,0.06294916213398248,1
qwen72B-int4_airline_50runs,03817e3c-79da-4cca-af83-30b24d984cff,46,0.014326827157799373,0.046225442336155824,1
qwen72B-int4_airline_50runs,03817e3c-79da-4cca-af83-30b24d984cff,48,0.07394975291524827,0.1930759221735135,1
qwen72B-int4_airline_50runs,03817e3c-79da-4cca-af83-30b24d984cff,50,0.09058636560131736,1.0,1
qwen72B-int4_airline_50runs,03817e3c-79da-4cca-af83-30b24d984cff,52,0.09636288126502328,0.3397383666038513,1
qwen72B-int4_airline_50runs,03817e3c-79da-4cca-af83-30b24d984cff,54,0.04551669989315513,0.1614228259311633,1
qwen72B-int4_airline_50runs,03817e3c-79da-4cca-af83-30b24d984cff,56,0.0563546025230618,0.15086264890782974,1
qwen72B-int4_airline_50runs,03817e3c-79da-4cca-af83-30b24d984cff,58,9.347404535768527e-05,0.012040011686821506,1
qwen72B-int4_airline_50runs,ddcc8e69-ede4-4078-bfda-5e5ce176d96b,0,,,1
qwen72B-int4_airline_50runs,ddcc8e69-ede4-4078-bfda-5e5ce176d96b,2,0.10510542997448066,0.0,1
qwen72B-int4_airline_50runs,ddcc8e69-ede4-4078-bfda-5e5ce176d96b,4,4.574660169322992e-05,0.0,1
qwen72B-int4_airline_50runs,ddcc8e69-ede4-4078-bfda-5e5ce176d96b,6,0.10916811681204494,0.18462910917070177,1
qwen72B-int4_airline_50runs,ddcc8e69-ede4-4078-bfda-5e5ce176d96b,8,0.0001510177568991257,0.1321575164794922,1
qwen72B-int4_airline_50runs,ddcc8e69-ede4-4078-bfda-5e5ce176d96b,10,0.11175305402609476,0.21415056688029593,1
qwen72B-int4_airline_50runs,ddcc8e69-ede4-4078-bfda-5e5ce176d96b,12,0.0664038340466159,0.44736693943700484,1
qwen72B-int4_airline_50runs,ddcc8e69-ede4-4078-bfda-5e5ce176d96b,14,0.1852885205504356,0.20618397455949047,1
qwen72B-int4_airline_50runs,ddcc8e69-ede4-4078-bfda-5e5ce176d96b,16,0.16452139759119205,1.0,1
qwen72B-int4_airline_50runs,ddcc8e69-ede4-4078-bfda-5e5ce176d96b,18,0.07355349961965965,1.0,1
qwen72B-int4_airline_50runs,ddcc8e69-ede4-4078-bfda-5e5ce176d96b,20,0.047077253988256094,1.0,1
qwen72B-int4_airline_50runs,ddcc8e69-ede4-4078-bfda-5e5ce176d96b,22,0.21472704168927287,0.12527784304832343,1
qwen72B-int4_airline_50runs,ddcc8e69-ede4-4078-bfda-5e5ce176d96b,24,0.0994693994253355,0.07922670730324678,1
qwen72B-int4_airline_50runs,ddcc8e69-ede4-4078-bfda-5e5ce176d96b,26,0.21569411946987488,0.22388805987987112,1
qwen72B-int4_airline_50runs,ceeea9b7-52df-4812-b9eb-4e42c6634fde,0,,,1
qwen72B-int4_airline_50runs,ceeea9b7-52df-4812-b9eb-4e42c6634fde,2,0.1079654422501554,0.0,1
qwen72B-int4_airline_50runs,ceeea9b7-52df-4812-b9eb-4e42c6634fde,4,0.14641024683881107,0.10260511438051859,1
qwen72B-int4_airline_50runs,ceeea9b7-52df-4812-b9eb-4e42c6634fde,6,0.00010314954895694972,0.06944902737935384,1
qwen72B-int4_airline_50runs,ceeea9b7-52df-4812-b9eb-4e42c6634fde,8,0.08026870500676891,0.10704754025508195,1
qwen72B-int4_airline_50runs,ceeea9b7-52df-4812-b9eb-4e42c6634fde,10,0.18623682992041368,0.09551483024785548,1
qwen72B-int4_airline_50runs,ceeea9b7-52df-4812-b9eb-4e42c6634fde,12,0.00042140391982162635,0.06020228564739227,1
qwen72B-int4_airline_50runs,ceeea9b7-52df-4812-b9eb-4e42c6634fde,14,0.10637147988855059,0.2408335071343642,1
qwen72B-int4_airline_50runs,ceeea9b7-52df-4812-b9eb-4e42c6634fde,16,0.004746021909618037,0.07880298714888723,1
qwen72B-int4_airline_50runs,ceeea9b7-52df-4812-b9eb-4e42c6634fde,18,0.05907109957447528,0.18847700067468592,1
qwen72B-int4_airline_50runs,047cae26-974c-4fe7-a72a-26bf9ab86700,0,,,1
qwen72B-int4_airline_50runs,047cae26-974c-4fe7-a72a-26bf9ab86700,2,0.04471845063796313,0.0,1
qwen72B-int4_airline_50runs,047cae26-974c-4fe7-a72a-26bf9ab86700,4,0.00016898994126924823,0.0,1
qwen72B-int4_airline_50runs,047cae26-974c-4fe7-a72a-26bf9ab86700,6,0.11232113363704076,0.11300982038180032,1
qwen72B-int4_airline_50runs,047cae26-974c-4fe7-a72a-26bf9ab86700,8,0.0007505002332322874,0.13145238161087036,1
qwen72B-int4_airline_50runs,047cae26-974c-4fe7-a72a-26bf9ab86700,10,0.14990759382890212,0.1583422933306013,1
qwen72B-int4_airline_50runs,047cae26-974c-4fe7-a72a-26bf9ab86700,12,0.042266352401869,0.2583338837874563,1
qwen72B-int4_airline_50runs,047cae26-974c-4fe7-a72a-26bf9ab86700,14,0.15831113464885763,0.08682269603013992,1
qwen72B-int4_airline_50runs,047cae26-974c-4fe7-a72a-26bf9ab86700,16,0.09294149387374095,0.0784657017825401,1
qwen72B-int4_airline_50runs,047cae26-974c-4fe7-a72a-26bf9ab86700,18,0.04127820025274322,0.2879474572281339,1
qwen72B-int4_airline_50runs,047cae26-974c-4fe7-a72a-26bf9ab86700,20,0.07868039787771317,0.3388227874582464,1
qwen72B-int4_airline_50runs,047cae26-974c-4fe7-a72a-26bf9ab86700,22,0.1399230800227745,0.2417010720570882,1
qwen72B-int4_airline_50runs,047cae26-974c-4fe7-a72a-26bf9ab86700,24,0.047834307008803284,0.3066789564632234,1
qwen72B-int4_airline_50runs,57420af9-b42e-4169-b1e8-ed6f53965978,0,,,1
qwen72B-int4_airline_50runs,57420af9-b42e-4169-b1e8-ed6f53965978,2,0.07467620642546394,0.0,1
qwen72B-int4_airline_50runs,57420af9-b42e-4169-b1e8-ed6f53965978,4,5.677607906513289e-05,0.0,1
qwen72B-int4_airline_50runs,57420af9-b42e-4169-b1e8-ed6f53965978,6,0.2107644976375511,0.15625229903629848,1
qwen72B-int4_airline_50runs,57420af9-b42e-4169-b1e8-ed6f53965978,8,0.029233718325291244,0.126633620262146,1
qwen72B-int4_airline_50runs,57420af9-b42e-4169-b1e8-ed6f53965978,10,0.09998517071806572,0.15624790638685226,1
qwen72B-int4_airline_50runs,57420af9-b42e-4169-b1e8-ed6f53965978,12,0.026081300250138446,0.6369185949626722,1
qwen72B-int4_airline_50runs,57420af9-b42e-4169-b1e8-ed6f53965978,14,0.03260817903980777,0.8010590251754311,1
qwen72B-int4_airline_50runs,57420af9-b42e-4169-b1e8-ed6f53965978,16,0.013368252367083363,0.820806762751411,1
qwen72B-int4_airline_50runs,57420af9-b42e-4169-b1e8-ed6f53965978,18,0.064367014151341,0.03111898060888052,1
qwen72B-int4_airline_50runs,57420af9-b42e-4169-b1e8-ed6f53965978,20,0.10156480781682811,0.07313417808877097,1
qwen72B-int4_airline_50runs,57420af9-b42e-4169-b1e8-ed6f53965978,22,0.039659255948025406,0.1284319731073642,1
qwen72B-int4_airline_50runs,57420af9-b42e-4169-b1e8-ed6f53965978,24,0.12180115987214256,0.20397509780584597,1
qwen72B-int4_airline_50runs,57420af9-b42e-4169-b1e8-ed6f53965978,26,0.003984698832024831,0.09273427724838257,1
qwen72B-int4_airline_50runs,57420af9-b42e-4169-b1e8-ed6f53965978,28,0.05535230228404608,0.19385656437922996,1
qwen72B-int4_airline_50runs,57420af9-b42e-4169-b1e8-ed6f53965978,30,0.0003491862255098673,0.8171740391037682,1
qwen72B-int4_airline_50runs,57420af9-b42e-4169-b1e8-ed6f53965978,32,0.08959858043498244,0.03598985566368586,1
qwen72B-int4_airline_50runs,57420af9-b42e-4169-b1e8-ed6f53965978,34,0.0002873058441074026,0.9045453837939671,1
qwen72B-int4_airline_50runs,57420af9-b42e-4169-b1e8-ed6f53965978,36,0.04333473143126048,0.09508024196367007,1
qwen72B-int4_airline_50runs,57420af9-b42e-4169-b1e8-ed6f53965978,38,1.550029870294393e-05,0.1354605944260307,1
qwen72B-int4_airline_50runs,57420af9-b42e-4169-b1e8-ed6f53965978,40,0.0454352932125093,0.5771261215209961,1
qwen72B-int4_airline_50runs,3c709e14-684a-4b59-a726-3373d0cb22f3,0,,,1
qwen72B-int4_airline_50runs,3c709e14-684a-4b59-a726-3373d0cb22f3,2,0.13151675570373877,0.0,1
qwen72B-int4_airline_50runs,3c709e14-684a-4b59-a726-3373d0cb22f3,4,0.1290385517406327,0.06501494734375565,1
qwen72B-int4_airline_50runs,3c709e14-684a-4b59-a726-3373d0cb22f3,6,0.17647451958600163,0.13457268476486206,1
qwen72B-int4_airline_50runs,3c709e14-684a-4b59-a726-3373d0cb22f3,8,0.04522805141562421,0.17934135290292594,1
qwen72B-int4_airline_50runs,3c709e14-684a-4b59-a726-3373d0cb22f3,10,0.08235406696316817,0.10691129344783416,1
qwen72B-int4_airline_50runs,3c709e14-684a-4b59-a726-3373d0cb22f3,12,0.09527667555500453,0.32637098601886205,1
qwen72B-int4_airline_50runs,3c709e14-684a-4b59-a726-3373d0cb22f3,14,0.059845389710618965,0.1307589460063625,1
qwen72B-int4_airline_50runs,3c709e14-684a-4b59-a726-3373d0cb22f3,16,0.05005539161687379,0.24366915546437745,1
qwen72B-int4_airline_50runs,3c709e14-684a-4b59-a726-3373d0cb22f3,18,0.06770813808363564,0.17883576680037935,1
qwen72B-int4_airline_50runs,3c709e14-684a-4b59-a726-3373d0cb22f3,20,0.0051885576456560676,0.16446446237109955,1
qwen72B-int4_airline_50runs,3c709e14-684a-4b59-a726-3373d0cb22f3,22,0.02384280412333607,0.5339185490327722,1
qwen72B-int4_airline_50runs,09f6df86-a092-4730-abb7-52360a991f99,0,,,1
qwen72B-int4_airline_50runs,09f6df86-a092-4730-abb7-52360a991f99,2,0.11219945268625357,0.0,1
qwen72B-int4_airline_50runs,09f6df86-a092-4730-abb7-52360a991f99,4,0.14914853881729806,0.06136390566825867,1
qwen72B-int4_airline_50runs,09f6df86-a092-4730-abb7-52360a991f99,6,0.002095948797765395,0.0523401636343736,1
qwen72B-int4_airline_50runs,09f6df86-a092-4730-abb7-52360a991f99,8,0.1443206983250185,0.44812488555908203,1
qwen72B-int4_airline_50runs,09f6df86-a092-4730-abb7-52360a991f99,10,0.0005534048493479177,0.12263402938842774,1
qwen72B-int4_airline_50runs,09f6df86-a092-4730-abb7-52360a991f99,12,0.13137862109847248,0.0581879648897383,1
qwen72B-int4_airline_50runs,09f6df86-a092-4730-abb7-52360a991f99,14,0.07092858340180723,0.20855603218078614,1
qwen72B-int4_airline_50runs,09f6df86-a092-4730-abb7-52360a991f99,16,0.04655300660109073,0.4603670835494995,1
qwen72B-int4_airline_50runs,09f6df86-a092-4730-abb7-52360a991f99,18,0.009120796566576448,0.5971443057060242,1
qwen72B-int4_airline_50runs,09f6df86-a092-4730-abb7-52360a991f99,20,0.17010732804491674,0.36866860286049224,1
qwen72B-int4_airline_50runs,09f6df86-a092-4730-abb7-52360a991f99,22,0.10260527371554778,0.4272200079525218,1
qwen72B-int4_airline_50runs,09f6df86-a092-4730-abb7-52360a991f99,24,0.025483656574585272,0.37947917729616165,1
qwen72B-int4_airline_50runs,09f6df86-a092-4730-abb7-52360a991f99,26,0.043824632404659294,0.529331268935368,1
qwen72B-int4_airline_50runs,09f6df86-a092-4730-abb7-52360a991f99,28,0.02187570193339287,0.5650051087141037,1
qwen72B-int4_airline_50runs,09f6df86-a092-4730-abb7-52360a991f99,30,0.03132649489344836,0.30343184179189253,1
qwen72B-int4_airline_50runs,09f6df86-a092-4730-abb7-52360a991f99,32,0.015808690744790462,0.5195909924805164,1
qwen72B-int4_airline_50runs,09f6df86-a092-4730-abb7-52360a991f99,34,0.003940025162359022,0.5575112774968147,1
qwen72B-int4_airline_50runs,09f6df86-a092-4730-abb7-52360a991f99,36,0.002979336971048021,0.5271144546568394,1
qwen72B-int4_airline_50runs,09f6df86-a092-4730-abb7-52360a991f99,38,0.006571212365013793,0.5645894954601924,1
qwen72B-int4_airline_50runs,09f6df86-a092-4730-abb7-52360a991f99,40,0.10522494056161502,0.21721061761828436,1
qwen72B-int4_airline_50runs,09f6df86-a092-4730-abb7-52360a991f99,42,0.0020491561463899686,0.5197741203010082,1
qwen72B-int4_airline_50runs,09f6df86-a092-4730-abb7-52360a991f99,44,0.008911340610114803,0.5587963685393333,1
qwen72B-int4_airline_50runs,09f6df86-a092-4730-abb7-52360a991f99,46,0.0003150925911167348,0.5290031063145604,1
qwen72B-int4_airline_50runs,09f6df86-a092-4730-abb7-52360a991f99,48,0.009777307219793795,0.5632374435663223,1
qwen72B-int4_airline_50runs,09f6df86-a092-4730-abb7-52360a991f99,50,0.024772924325323888,0.5130675937000074,1
qwen72B-int4_airline_50runs,09f6df86-a092-4730-abb7-52360a991f99,52,0.012978851252592084,0.5597085307041805,1
qwen72B-int4_airline_50runs,09f6df86-a092-4730-abb7-52360a991f99,54,0.0065221167617696,0.5173890193303426,1
qwen72B-int4_airline_50runs,09f6df86-a092-4730-abb7-52360a991f99,56,0.01007280568972886,0.5633535713985048,1
qwen72B-int4_airline_50runs,09f6df86-a092-4730-abb7-52360a991f99,58,0.05515480885151008,0.22352347323592278,1
qwen72B-int4_airline_50runs,09f6df86-a092-4730-abb7-52360a991f99,60,0.005711660235765586,0.27588381316210775,1
qwen72B-int4_airline_50runs,09f6df86-a092-4730-abb7-52360a991f99,62,0.01666538699290181,0.5391201376914978,1
qwen72B-int4_airline_50runs,09f6df86-a092-4730-abb7-52360a991f99,64,0.0035593633327996024,0.5295032817741919,1
qwen72B-int4_airline_50runs,09f6df86-a092-4730-abb7-52360a991f99,66,0.004034981220213434,0.5658369685212772,1
qwen72B-int4_airline_50runs,09f6df86-a092-4730-abb7-52360a991f99,68,0.016269278356468662,0.4837442694640741,1
qwen72B-int4_airline_50runs,09f6df86-a092-4730-abb7-52360a991f99,70,0.01405727251013799,0.5131526039196895,1
qwen72B-int4_airline_50runs,09f6df86-a092-4730-abb7-52360a991f99,72,0.02814513231527521,0.22350428740183514,1
qwen72B-int4_airline_50runs,09f6df86-a092-4730-abb7-52360a991f99,74,0.005997874739599595,0.5201819860018216,1
qwen72B-int4_airline_50runs,09f6df86-a092-4730-abb7-52360a991f99,76,0.00896308853781461,0.6011055564880371,1
qwen72B-int4_airline_50runs,09f6df86-a092-4730-abb7-52360a991f99,78,0.01879971302898109,0.5289835744890673,1
qwen72B-int4_airline_50runs,09f6df86-a092-4730-abb7-52360a991f99,80,0.025100042739458567,0.5637662907441457,1
qwen72B-int4_airline_50runs,09f6df86-a092-4730-abb7-52360a991f99,82,0.011752125730597172,0.48266452405510885,1
qwen72B-int4_airline_50runs,09f6df86-a092-4730-abb7-52360a991f99,84,0.015836184042990878,0.5124939725949215,1
qwen72B-int4_airline_50runs,09f6df86-a092-4730-abb7-52360a991f99,86,0.014690164879082854,0.2376837343782992,1
qwen72B-int4_airline_50runs,09f6df86-a092-4730-abb7-52360a991f99,88,0.011582469063164567,0.525103495671199,1
qwen72B-int4_airline_50runs,09f6df86-a092-4730-abb7-52360a991f99,90,0.017148694640715598,0.6000356268882752,1
qwen72B-int4_airline_50runs,09f6df86-a092-4730-abb7-52360a991f99,92,0.013759380821448381,0.5265797227621078,1
qwen72B-int4_airline_50runs,09f6df86-a092-4730-abb7-52360a991f99,94,0.001757296103643221,0.5625462606549263,1
qwen72B-int4_airline_50runs,09f6df86-a092-4730-abb7-52360a991f99,96,0.010867117561312877,0.4824426261390128,1
qwen72B-int4_airline_50runs,09f6df86-a092-4730-abb7-52360a991f99,98,0.019748055185339553,0.5113278443996723,1
qwen72B-int4_airline_50runs,09f6df86-a092-4730-abb7-52360a991f99,100,0.004862398247501614,0.23711972945445295,1
qwen72B-int4_airline_50runs,09f6df86-a092-4730-abb7-52360a991f99,102,0.01726061211274723,0.5256310609670786,1
qwen72B-int4_airline_50runs,09f6df86-a092-4730-abb7-52360a991f99,104,0.009565971195478758,0.6020476508140564,1
qwen72B-int4_airline_50runs,09f6df86-a092-4730-abb7-52360a991f99,106,0.010828345866426878,0.5291652309483494,1
qwen72B-int4_airline_50runs,09f6df86-a092-4730-abb7-52360a991f99,108,0.007898119684176497,0.5625677928328514,1
qwen72B-int4_airline_50runs,09f6df86-a092-4730-abb7-52360a991f99,110,0.01023405220676999,0.4835776381376313,1
qwen72B-int4_airline_50runs,09f6df86-a092-4730-abb7-52360a991f99,112,0.00947157417649281,0.5108126699924469,1
qwen72B-int4_airline_50runs,09f6df86-a092-4730-abb7-52360a991f99,114,0.004158740187888148,0.23789496035189242,1
qwen72B-int4_airline_50runs,09f6df86-a092-4730-abb7-52360a991f99,116,0.01746403064423159,0.5276085780217098,1
qwen72B-int4_airline_50runs,09f6df86-a092-4730-abb7-52360a991f99,118,0.055642571984114805,0.4370289278030396,1
qwen72B-int4_airline_50runs,09f6df86-a092-4730-abb7-52360a991f99,120,0.011822366834442455,0.13429593581419724,1
qwen72B-int4_airline_50runs,09f6df86-a092-4730-abb7-52360a991f99,122,0.019911554000467777,0.5263053998351097,1
qwen72B-int4_airline_50runs,09f6df86-a092-4730-abb7-52360a991f99,124,0.011397110417932553,0.5584435122353689,1
qwen72B-int4_airline_50runs,09f6df86-a092-4730-abb7-52360a991f99,126,0.012854399593776628,0.482265376463169,1
qwen72B-int4_airline_50runs,09f6df86-a092-4730-abb7-52360a991f99,128,0.006526177864109373,0.5115484664073358,1
qwen72B-int4_airline_50runs,09f6df86-a092-4730-abb7-52360a991f99,130,0.0012012983166476943,0.23694847081158613,1
qwen72B-int4_airline_50runs,09f6df86-a092-4730-abb7-52360a991f99,132,0.017959205970344515,0.5228623977074257,1
qwen72B-int4_airline_50runs,09f6df86-a092-4730-abb7-52360a991f99,134,0.0027363682848198976,0.6014690852165222,1
qwen72B-int4_airline_50runs,09f6df86-a092-4730-abb7-52360a991f99,136,0.023141515132607787,0.5283372772151026,1
qwen72B-int4_airline_50runs,09f6df86-a092-4730-abb7-52360a991f99,138,0.0019024051013079352,0.5625094026327133,1
qwen72B-int4_airline_50runs,09f6df86-a092-4730-abb7-52360a991f99,140,0.0034264933579155176,0.4828308355517504,1
qwen72B-int4_airline_50runs,09f6df86-a092-4730-abb7-52360a991f99,142,0.005622707004188513,0.5107374924879807,1
qwen72B-int4_airline_50runs,09f6df86-a092-4730-abb7-52360a991f99,144,0.002749923590514649,0.23746947984437686,1
qwen72B-int4_airline_50runs,09f6df86-a092-4730-abb7-52360a991f99,146,0.013386627894075168,0.5261411300072304,1
qwen72B-int4_airline_50runs,09f6df86-a092-4730-abb7-52360a991f99,148,0.016477606559335205,0.6016081094741821,1
qwen72B-int4_airline_50runs,09f6df86-a092-4730-abb7-52360a991f99,150,0.011381457005965757,0.5276449620723724,1
qwen72B-int4_airline_50runs,09f6df86-a092-4730-abb7-52360a991f99,152,0.0035061574713941557,0.5629494190216064,1
qwen72B-int4_airline_50runs,09f6df86-a092-4730-abb7-52360a991f99,154,0.007203723607053902,0.48339997268304596,1
qwen72B-int4_airline_50runs,09f6df86-a092-4730-abb7-52360a991f99,156,0.005613278640183866,0.5113695447261517,1
qwen72B-int4_airline_50runs,09f6df86-a092-4730-abb7-52360a991f99,158,0.002954545512147807,0.23759638940965808,1
qwen72B-int4_airline_50runs,09f6df86-a092-4730-abb7-52360a991f99,160,0.02573794478371599,0.5268020263084999,1
qwen72B-int4_airline_50runs,09f6df86-a092-4730-abb7-52360a991f99,162,0.007324830539239859,0.6009145736694336,1
qwen72B-int4_airline_50runs,09f6df86-a092-4730-abb7-52360a991f99,164,0.007991149416428093,0.5262288898229599,1
qwen72B-int4_airline_50runs,09f6df86-a092-4730-abb7-52360a991f99,166,0.010297411987496266,0.5639632890621822,1
qwen72B-int4_airline_50runs,09f6df86-a092-4730-abb7-52360a991f99,168,0.00976861340523342,0.4838974679388651,1
qwen72B-int4_airline_50runs,09f6df86-a092-4730-abb7-52360a991f99,170,0.011934097823346911,0.511705953341264,1
qwen72B-int4_airline_50runs,09f6df86-a092-4730-abb7-52360a991f99,172,0.002883499528967499,0.23725746451197446,1
qwen72B-int4_airline_50runs,09f6df86-a092-4730-abb7-52360a991f99,174,0.010284321881795124,0.531587527348445,1
qwen72B-int4_airline_50runs,09f6df86-a092-4730-abb7-52360a991f99,176,0.003370802149134263,0.6075483727455139,1
qwen72B-int4_airline_50runs,09f6df86-a092-4730-abb7-52360a991f99,178,0.012409509793604664,0.5258513689041138,1
qwen72B-int4_airline_50runs,09f6df86-a092-4730-abb7-52360a991f99,180,0.024521218675076357,0.5636537323395412,1
qwen72B-int4_airline_50runs,09f6df86-a092-4730-abb7-52360a991f99,182,0.012863400698410505,0.48408476027046765,1
qwen72B-int4_airline_50runs,09f6df86-a092-4730-abb7-52360a991f99,184,0.017690244770686328,0.5130010017981896,1
qwen72B-int4_airline_50runs,09f6df86-a092-4730-abb7-52360a991f99,186,0.0019553353359807652,0.2375399583094829,1
qwen72B-int4_airline_50runs,09f6df86-a092-4730-abb7-52360a991f99,188,0.025328063726933612,0.5264252149141752,1
qwen72B-int4_airline_50runs,09f6df86-a092-4730-abb7-52360a991f99,190,0.014245506749940372,0.606051766872406,1
qwen72B-int4_airline_50runs,09f6df86-a092-4730-abb7-52360a991f99,192,0.012625552901107282,0.5282072979828406,1
qwen72B-int4_airline_50runs,09f6df86-a092-4730-abb7-52360a991f99,194,0.014930634740340449,0.5629045814275742,1
qwen72B-int4_airline_50runs,09f6df86-a092-4730-abb7-52360a991f99,196,0.010063432401539708,0.48344068701674303,1
qwen72B-int4_airline_50runs,09f6df86-a092-4730-abb7-52360a991f99,198,0.0017360858329575585,0.5115774228022649,1
qwen72B-int4_airline_50runs,09f6df86-a092-4730-abb7-52360a991f99,200,0.001574465825206752,0.23778213037026896,1
qwen72B-int4_airline_50runs,54c2a802-dec1-46d0-9ff0-0852387f96d7,0,,,1
qwen72B-int4_airline_50runs,54c2a802-dec1-46d0-9ff0-0852387f96d7,2,0.06026988805117739,0.0,1
qwen72B-int4_airline_50runs,54c2a802-dec1-46d0-9ff0-0852387f96d7,4,0.0003113280621483506,0.0,1
qwen72B-int4_airline_50runs,54c2a802-dec1-46d0-9ff0-0852387f96d7,6,0.0675206159333524,0.0788893848657608,1
qwen72B-int4_airline_50runs,54c2a802-dec1-46d0-9ff0-0852387f96d7,8,0.0014608872298092024,0.11723928451538086,1
qwen72B-int4_airline_50runs,54c2a802-dec1-46d0-9ff0-0852387f96d7,10,0.005801680762597145,0.417524129152298,1
qwen72B-int4_airline_50runs,54c2a802-dec1-46d0-9ff0-0852387f96d7,12,0.05040340417549214,0.11684279806084104,1
qwen72B-int4_airline_50runs,54c2a802-dec1-46d0-9ff0-0852387f96d7,14,0.12115312690187885,0.07122186024983725,1
qwen72B-int4_airline_50runs,54c2a802-dec1-46d0-9ff0-0852387f96d7,16,0.10140570763295802,0.08060292821181447,1
qwen72B-int4_airline_50runs,67dd39a3-5602-4af2-b3ab-0c1e76fb28f6,0,,,1
qwen72B-int4_airline_50runs,67dd39a3-5602-4af2-b3ab-0c1e76fb28f6,2,0.22388376486466596,0.0,1
qwen72B-int4_airline_50runs,67dd39a3-5602-4af2-b3ab-0c1e76fb28f6,4,2.8371130460177105e-05,0.0,1
qwen72B-int4_airline_50runs,67dd39a3-5602-4af2-b3ab-0c1e76fb28f6,6,0.13588245177302236,0.30010393575618144,1
qwen72B-int4_airline_50runs,67dd39a3-5602-4af2-b3ab-0c1e76fb28f6,8,0.03921683749591672,0.15515542030334473,1
qwen72B-int4_airline_50runs,67dd39a3-5602-4af2-b3ab-0c1e76fb28f6,10,0.12874782294196407,0.03445254961649577,1
qwen72B-int4_airline_50runs,67dd39a3-5602-4af2-b3ab-0c1e76fb28f6,12,2.7379545254080784e-05,0.8646734952926636,1
qwen72B-int4_airline_50runs,67dd39a3-5602-4af2-b3ab-0c1e76fb28f6,14,0.10179275303254509,0.30189833164215085,1
qwen72B-int4_airline_50runs,67dd39a3-5602-4af2-b3ab-0c1e76fb28f6,16,5.0844319434162345e-05,1.0,1
qwen72B-int4_airline_50runs,67dd39a3-5602-4af2-b3ab-0c1e76fb28f6,18,0.17241370928353333,0.11483267463486771,1
qwen72B-int4_airline_50runs,67dd39a3-5602-4af2-b3ab-0c1e76fb28f6,20,0.002779411653744017,0.12103482484817506,1
qwen72B-int4_airline_50runs,67dd39a3-5602-4af2-b3ab-0c1e76fb28f6,22,0.1146623470069254,1.0,1
qwen72B-int4_airline_50runs,67dd39a3-5602-4af2-b3ab-0c1e76fb28f6,24,0.0808772574131432,0.30595458759350724,1
qwen72B-int4_airline_50runs,67dd39a3-5602-4af2-b3ab-0c1e76fb28f6,26,5.4373091341973335e-05,0.10358371845511503,1
qwen72B-int4_airline_50runs,67dd39a3-5602-4af2-b3ab-0c1e76fb28f6,28,0.1351903085102122,0.1614293448532684,1
qwen72B-int4_airline_50runs,67dd39a3-5602-4af2-b3ab-0c1e76fb28f6,30,2.6621177957192938e-06,0.9640502352868358,1
qwen72B-int4_airline_50runs,67dd39a3-5602-4af2-b3ab-0c1e76fb28f6,32,0.016194202590295744,0.09601145737791714,1
qwen72B-int4_airline_50runs,9bfbcbbe-a1e1-4b6d-a9e3-438578665635,0,,,1
qwen72B-int4_airline_50runs,9bfbcbbe-a1e1-4b6d-a9e3-438578665635,2,0.16064374855200309,0.0,1
qwen72B-int4_airline_50runs,9bfbcbbe-a1e1-4b6d-a9e3-438578665635,4,0.08293363383322513,0.05745157205833579,1
qwen72B-int4_airline_50runs,9bfbcbbe-a1e1-4b6d-a9e3-438578665635,6,0.0922902673971394,1.0,1
qwen72B-int4_airline_50runs,9bfbcbbe-a1e1-4b6d-a9e3-438578665635,8,0.15676974445252714,0.17784737783765034,1
qwen72B-int4_airline_50runs,9bfbcbbe-a1e1-4b6d-a9e3-438578665635,10,0.14210728733210398,0.06803631186485291,1
qwen72B-int4_airline_50runs,9bfbcbbe-a1e1-4b6d-a9e3-438578665635,12,0.09080174364476057,0.17272978027661642,1
qwen72B-int4_airline_50runs,9bfbcbbe-a1e1-4b6d-a9e3-438578665635,14,0.08322509082415805,0.1560443151428039,1
qwen72B-int4_airline_50runs,9bfbcbbe-a1e1-4b6d-a9e3-438578665635,16,0.0005372946376023959,0.0609153996814381,1
qwen72B-int4_airline_50runs,0f66a46c-3623-470b-aad4-9ca72a745a3a,0,,,1
qwen72B-int4_airline_50runs,0f66a46c-3623-470b-aad4-9ca72a745a3a,2,0.17397299077994338,0.0,1
qwen72B-int4_airline_50runs,0f66a46c-3623-470b-aad4-9ca72a745a3a,4,0.1486904849947467,0.06127726554870606,1
qwen72B-int4_airline_50runs,0f66a46c-3623-470b-aad4-9ca72a745a3a,6,0.10565380700662162,0.07083306047651503,1
qwen72B-int4_airline_50runs,0f66a46c-3623-470b-aad4-9ca72a745a3a,8,0.15755319024998463,0.14897314476412396,1
qwen72B-int4_airline_50runs,0f66a46c-3623-470b-aad4-9ca72a745a3a,10,0.13611265062264238,0.1534737707817391,1
qwen72B-int4_airline_50runs,0f66a46c-3623-470b-aad4-9ca72a745a3a,12,0.15948522123279935,0.12620403737197686,1
qwen72B-int4_airline_50runs,0f66a46c-3623-470b-aad4-9ca72a745a3a,14,0.14420382888408897,0.06857769829886301,1
qwen72B-int4_airline_50runs,0f66a46c-3623-470b-aad4-9ca72a745a3a,16,0.12018052279792416,0.1614402937889099,1
qwen72B-int4_airline_50runs,0f66a46c-3623-470b-aad4-9ca72a745a3a,18,0.16161929229465402,0.14745426177978516,1
qwen72B-int4_airline_50runs,0f66a46c-3623-470b-aad4-9ca72a745a3a,20,0.12030423213672636,0.4241761219772425,1
qwen72B-int4_airline_50runs,0f66a46c-3623-470b-aad4-9ca72a745a3a,22,0.10919462893083424,0.11143206633054294,1
qwen72B-int4_airline_50runs,0f66a46c-3623-470b-aad4-9ca72a745a3a,24,9.657983670314551e-05,0.03582690541560833,1
qwen72B-int4_airline_50runs,0461ebf7-6f84-46a8-93e7-7c253e58c3fc,0,,,1
qwen72B-int4_airline_50runs,0461ebf7-6f84-46a8-93e7-7c253e58c3fc,2,0.008556875247422227,0.0,1
qwen72B-int4_airline_50runs,0461ebf7-6f84-46a8-93e7-7c253e58c3fc,4,0.12942395704389348,0.018700020817609936,1
qwen72B-int4_airline_50runs,0461ebf7-6f84-46a8-93e7-7c253e58c3fc,6,0.05815334849485546,0.04287507385015488,1
qwen72B-int4_airline_50runs,0461ebf7-6f84-46a8-93e7-7c253e58c3fc,8,0.08065288594422156,0.16258321025154807,1
qwen72B-int4_airline_50runs,0461ebf7-6f84-46a8-93e7-7c253e58c3fc,10,0.04726802588185329,0.17923895190743838,1
qwen72B-int4_airline_50runs,0461ebf7-6f84-46a8-93e7-7c253e58c3fc,12,0.09010313379695459,0.20973843579389612,1
qwen72B-int4_airline_50runs,0461ebf7-6f84-46a8-93e7-7c253e58c3fc,14,0.006368721126833398,0.04875817207189707,1
qwen72B-int4_airline_50runs,0461ebf7-6f84-46a8-93e7-7c253e58c3fc,16,0.06853129083992698,0.35320647060871124,1
qwen72B-int4_airline_50runs,0461ebf7-6f84-46a8-93e7-7c253e58c3fc,18,0.054864571293259945,0.3665052199027907,1
qwen72B-int4_airline_50runs,dabf71fd-5a9e-49c7-b117-5acd556643ae,0,,,0
qwen72B-int4_airline_50runs,dabf71fd-5a9e-49c7-b117-5acd556643ae,2,0.08990658727840314,0.0,0
qwen72B-int4_airline_50runs,dabf71fd-5a9e-49c7-b117-5acd556643ae,4,0.00029359829511892914,0.0,0
qwen72B-int4_airline_50runs,dabf71fd-5a9e-49c7-b117-5acd556643ae,6,0.14152617356154046,0.10732453859458536,0
qwen72B-int4_airline_50runs,dabf71fd-5a9e-49c7-b117-5acd556643ae,8,0.08328825245812482,0.10957678182180537,0
qwen72B-int4_airline_50runs,dabf71fd-5a9e-49c7-b117-5acd556643ae,10,0.14165944831462182,0.2222516095196759,0
qwen72B-int4_airline_50runs,dabf71fd-5a9e-49c7-b117-5acd556643ae,12,0.009044798611460939,0.04122627550555814,0
qwen72B-int4_airline_50runs,dabf71fd-5a9e-49c7-b117-5acd556643ae,14,0.10875530499991297,0.09630378087361653,0
qwen72B-int4_airline_50runs,3452ab28-43bb-41c8-a955-2f50f46ea237,0,,,1
qwen72B-int4_airline_50runs,3452ab28-43bb-41c8-a955-2f50f46ea237,2,0.07770549556455505,0.0,1
qwen72B-int4_airline_50runs,3452ab28-43bb-41c8-a955-2f50f46ea237,4,0.0002294693875811049,0.0,1
qwen72B-int4_airline_50runs,3452ab28-43bb-41c8-a955-2f50f46ea237,6,0.16845817497608087,0.08435507863759995,1
qwen72B-int4_airline_50runs,3452ab28-43bb-41c8-a955-2f50f46ea237,8,5.154332562085528e-05,0.1314921498298645,1
qwen72B-int4_airline_50runs,3452ab28-43bb-41c8-a955-2f50f46ea237,10,0.10454970695536506,0.10650789499282838,1
qwen72B-int4_airline_50runs,3452ab28-43bb-41c8-a955-2f50f46ea237,12,0.06437951237609688,0.06198722794651985,1
qwen72B-int4_airline_50runs,3452ab28-43bb-41c8-a955-2f50f46ea237,14,0.0070463938293417626,0.10571925980704171,1
qwen72B-int4_airline_50runs,3452ab28-43bb-41c8-a955-2f50f46ea237,16,0.14168512651290505,0.11142297632553998,1
qwen72B-int4_airline_50runs,70d305da-b4d1-4626-a2c5-cf1030b242a9,0,,,1
qwen72B-int4_airline_50runs,70d305da-b4d1-4626-a2c5-cf1030b242a9,2,0.09988217209154751,0.0,1
qwen72B-int4_airline_50runs,70d305da-b4d1-4626-a2c5-cf1030b242a9,4,0.00011086083984347775,0.0,1
qwen72B-int4_airline_50runs,70d305da-b4d1-4626-a2c5-cf1030b242a9,6,0.27793068843769025,0.1080441384604483,1
qwen72B-int4_airline_50runs,70d305da-b4d1-4626-a2c5-cf1030b242a9,8,0.005689118113279723,0.05447711423039436,1
qwen72B-int4_airline_50runs,70d305da-b4d1-4626-a2c5-cf1030b242a9,10,0.18830701852021053,0.03987846440739102,1
qwen72B-int4_airline_50runs,70d305da-b4d1-4626-a2c5-cf1030b242a9,12,0.0003330435772304617,0.6444294537816729,1
qwen72B-int4_airline_50runs,70d305da-b4d1-4626-a2c5-cf1030b242a9,14,0.052243594716296624,0.057282941285953966,1
qwen72B-int4_airline_50runs,70d305da-b4d1-4626-a2c5-cf1030b242a9,16,0.017796637452120807,0.06632819026708603,1
qwen72B-int4_airline_50runs,70d305da-b4d1-4626-a2c5-cf1030b242a9,18,0.1357792499610047,0.08871032503144495,1
qwen72B-int4_airline_50runs,70d305da-b4d1-4626-a2c5-cf1030b242a9,20,0.015404106280384156,0.4260273873806,1
qwen72B-int4_airline_50runs,70d305da-b4d1-4626-a2c5-cf1030b242a9,22,0.04684639943707915,0.17298188198495795,1
qwen72B-int4_airline_50runs,70d305da-b4d1-4626-a2c5-cf1030b242a9,24,0.2528850010176557,0.044645817049088016,1
qwen72B-int4_airline_50runs,70d305da-b4d1-4626-a2c5-cf1030b242a9,26,0.00953402726911104,0.46797203650841346,1
qwen72B-int4_airline_50runs,70d305da-b4d1-4626-a2c5-cf1030b242a9,28,0.14922721966964242,0.28441197221929376,1
qwen72B-int4_airline_50runs,70d305da-b4d1-4626-a2c5-cf1030b242a9,30,0.0012809749488114106,0.6761817044990007,1
qwen72B-int4_airline_50runs,70d305da-b4d1-4626-a2c5-cf1030b242a9,32,0.07180574400594227,0.10981212887499069,1
qwen72B-int4_airline_50runs,6c722917-9c9f-4636-b6e3-d1fd1b5664b1,0,,,1
qwen72B-int4_airline_50runs,6c722917-9c9f-4636-b6e3-d1fd1b5664b1,2,0.11167717463241537,0.0,1
qwen72B-int4_airline_50runs,6c722917-9c9f-4636-b6e3-d1fd1b5664b1,4,0.05717901174033422,0.030343156793843144,1
qwen72B-int4_airline_50runs,6c722917-9c9f-4636-b6e3-d1fd1b5664b1,6,0.09254400689347404,0.0364467826756564,1
qwen72B-int4_airline_50runs,6c722917-9c9f-4636-b6e3-d1fd1b5664b1,8,0.08877238623773964,0.06564070612697277,1
qwen72B-int4_airline_50runs,6c722917-9c9f-4636-b6e3-d1fd1b5664b1,10,0.044765088568191766,0.25383501833882827,1
qwen72B-int4_airline_50runs,6c722917-9c9f-4636-b6e3-d1fd1b5664b1,12,0.02744450320333667,0.34501211266768606,1
qwen72B-int4_airline_50runs,6c722917-9c9f-4636-b6e3-d1fd1b5664b1,14,0.08278262499378392,1.0,1
qwen72B-int4_airline_50runs,6c722917-9c9f-4636-b6e3-d1fd1b5664b1,16,0.03373019891489495,0.48793936195507853,1
qwen72B-int4_airline_50runs,6c722917-9c9f-4636-b6e3-d1fd1b5664b1,18,0.09954647105140967,0.12259775059563774,1
qwen72B-int4_airline_50runs,6c722917-9c9f-4636-b6e3-d1fd1b5664b1,20,0.034883249995005125,0.27228461320583636,1
qwen72B-int4_airline_50runs,6c722917-9c9f-4636-b6e3-d1fd1b5664b1,22,0.07230929170778957,0.24700366552561928,1
qwen72B-int4_airline_50runs,567aa1ba-7156-46ca-8771-5ce78d823888,0,,,1
qwen72B-int4_airline_50runs,567aa1ba-7156-46ca-8771-5ce78d823888,2,0.11463989624521684,0.0,1
qwen72B-int4_airline_50runs,567aa1ba-7156-46ca-8771-5ce78d823888,4,0.16391449609483885,0.06203450939872048,1
qwen72B-int4_airline_50runs,567aa1ba-7156-46ca-8771-5ce78d823888,6,0.0016181435415989558,0.026624105042881433,1
qwen72B-int4_airline_50runs,567aa1ba-7156-46ca-8771-5ce78d823888,8,0.13999292826540993,0.09599134196405826,1
qwen72B-int4_airline_50runs,567aa1ba-7156-46ca-8771-5ce78d823888,10,0.022991651597355493,0.11924248933792114,1
qwen72B-int4_airline_50runs,567aa1ba-7156-46ca-8771-5ce78d823888,12,0.0762847651862475,0.09669175568748922,1
qwen72B-int4_airline_50runs,567aa1ba-7156-46ca-8771-5ce78d823888,14,0.16715804805257198,0.14289525715080467,1
qwen72B-int4_airline_50runs,567aa1ba-7156-46ca-8771-5ce78d823888,16,0.008333133285286181,0.43144530057907104,1
qwen72B-int4_airline_50runs,567aa1ba-7156-46ca-8771-5ce78d823888,18,0.07110911460037368,0.07541637420654297,1
qwen72B-int4_airline_50runs,567aa1ba-7156-46ca-8771-5ce78d823888,20,0.07052054601484736,0.06949558819041532,1
qwen72B-int4_airline_50runs,567aa1ba-7156-46ca-8771-5ce78d823888,22,0.000219381316215004,0.07151213192170666,1
qwen72B-int4_airline_50runs,567aa1ba-7156-46ca-8771-5ce78d823888,24,0.12854182440855508,0.08546358262988883,1
qwen72B-int4_airline_50runs,567aa1ba-7156-46ca-8771-5ce78d823888,26,4.392946506092951e-06,0.9991129040718079,1
qwen72B-int4_airline_50runs,567aa1ba-7156-46ca-8771-5ce78d823888,28,0.01579132934955029,0.09066169629705713,1
qwen72B-int4_airline_50runs,c2999a7c-eac7-4d97-89a2-32d0df7308e9,0,,,1
qwen72B-int4_airline_50runs,c2999a7c-eac7-4d97-89a2-32d0df7308e9,2,0.11366926004993523,0.0,1
qwen72B-int4_airline_50runs,c2999a7c-eac7-4d97-89a2-32d0df7308e9,4,0.059628939541824265,0.030343156793843144,1
qwen72B-int4_airline_50runs,c2999a7c-eac7-4d97-89a2-32d0df7308e9,6,0.08438542807366649,0.03761730776276699,1
qwen72B-int4_airline_50runs,c2999a7c-eac7-4d97-89a2-32d0df7308e9,8,0.0741412987395057,0.09547242973790024,1
qwen72B-int4_airline_50runs,c2999a7c-eac7-4d97-89a2-32d0df7308e9,10,0.05192872485981657,0.22132179737091065,1
qwen72B-int4_airline_50runs,c2999a7c-eac7-4d97-89a2-32d0df7308e9,12,0.051659152275458295,0.19299703605415286,1
qwen72B-int4_airline_50runs,c2999a7c-eac7-4d97-89a2-32d0df7308e9,14,0.08128405042149896,1.0,1
qwen72B-int4_airline_50runs,c2999a7c-eac7-4d97-89a2-32d0df7308e9,16,0.036249885474327774,0.5414113343601495,1
qwen72B-int4_airline_50runs,c2999a7c-eac7-4d97-89a2-32d0df7308e9,18,0.09287059459210058,0.17634139550748723,1
qwen72B-int4_airline_50runs,c2999a7c-eac7-4d97-89a2-32d0df7308e9,20,0.01348466382058114,0.21527805025615387,1
qwen72B-int4_airline_50runs,c2999a7c-eac7-4d97-89a2-32d0df7308e9,22,0.05121809619966849,0.33435883522033694,1
qwen72B-int4_airline_50runs,c2999a7c-eac7-4d97-89a2-32d0df7308e9,24,0.04630814620412641,0.3588965769055523,1
qwen72B-int4_airline_50runs,ad9308a5-5073-4f9e-9a85-0e7a09659e28,0,,,1
qwen72B-int4_airline_50runs,ad9308a5-5073-4f9e-9a85-0e7a09659e28,2,0.21268531538826407,0.0,1
qwen72B-int4_airline_50runs,ad9308a5-5073-4f9e-9a85-0e7a09659e28,4,0.031099283306474934,0.2115087716475777,1
qwen72B-int4_airline_50runs,ad9308a5-5073-4f9e-9a85-0e7a09659e28,6,0.1258215104498226,0.09187675086227624,1
qwen72B-int4_airline_50runs,ad9308a5-5073-4f9e-9a85-0e7a09659e28,8,0.08359364677077652,0.11130327528173274,1
qwen72B-int4_airline_50runs,ad9308a5-5073-4f9e-9a85-0e7a09659e28,10,0.11078458771501412,0.17910602546873547,1
qwen72B-int4_airline_50runs,ad9308a5-5073-4f9e-9a85-0e7a09659e28,12,0.01494740777733475,0.09045764272527176,1
qwen72B-int4_airline_50runs,ad9308a5-5073-4f9e-9a85-0e7a09659e28,14,0.0527434264802841,0.16939288069461952,1
qwen72B-int4_airline_50runs,ad9308a5-5073-4f9e-9a85-0e7a09659e28,16,0.01243076918987681,0.1114762680871146,1
qwen72B-int4_airline_50runs,ad9308a5-5073-4f9e-9a85-0e7a09659e28,18,0.0706013263147012,0.21484893692864312,1
qwen72B-int4_airline_50runs,d101c4e3-844c-4d54-90ea-2bebca313b7c,0,,,1
qwen72B-int4_airline_50runs,d101c4e3-844c-4d54-90ea-2bebca313b7c,2,0.06531156442067686,0.0,1
qwen72B-int4_airline_50runs,d101c4e3-844c-4d54-90ea-2bebca313b7c,4,0.16815341664670824,0.03910624279695399,1
qwen72B-int4_airline_50runs,d101c4e3-844c-4d54-90ea-2bebca313b7c,6,0.04614376075897475,0.012716012756998947,1
qwen72B-int4_airline_50runs,d101c4e3-844c-4d54-90ea-2bebca313b7c,8,0.0003962637508425797,0.39957961440086365,1
qwen72B-int4_airline_50runs,d101c4e3-844c-4d54-90ea-2bebca313b7c,10,0.002278243869598876,0.42826008796691895,1
qwen72B-int4_airline_50runs,d101c4e3-844c-4d54-90ea-2bebca313b7c,12,0.0798331658673255,0.006452188543651415,1
qwen72B-int4_airline_50runs,d101c4e3-844c-4d54-90ea-2bebca313b7c,14,0.00011483416554462475,0.1466236114501953,1
qwen72B-int4_airline_50runs,d101c4e3-844c-4d54-90ea-2bebca313b7c,16,0.003770737636391459,0.4133525788784027,1
qwen72B-int4_airline_50runs,d101c4e3-844c-4d54-90ea-2bebca313b7c,18,0.11649233097225134,0.33607454841787165,1
qwen72B-int4_airline_50runs,d101c4e3-844c-4d54-90ea-2bebca313b7c,20,0.004645063774698018,0.06277453899383545,1
qwen72B-int4_airline_50runs,d101c4e3-844c-4d54-90ea-2bebca313b7c,22,0.04880496421152991,0.1665047718131024,1
qwen72B-int4_airline_50runs,d101c4e3-844c-4d54-90ea-2bebca313b7c,24,0.02571406387491894,0.14465269263909789,1
qwen72B-int4_airline_50runs,d101c4e3-844c-4d54-90ea-2bebca313b7c,26,0.014879912809350962,0.07897859811782837,1
qwen72B-int4_airline_50runs,d101c4e3-844c-4d54-90ea-2bebca313b7c,28,0.10412638500860566,0.017376312935674515,1
qwen72B-int4_airline_50runs,d101c4e3-844c-4d54-90ea-2bebca313b7c,30,0.0001984569707947377,0.03631557311330522,1
qwen72B-int4_airline_50runs,d101c4e3-844c-4d54-90ea-2bebca313b7c,32,0.11383219240436876,0.16954780933333607,1
qwen72B-int4_airline_50runs,d101c4e3-844c-4d54-90ea-2bebca313b7c,34,9.998323559069104e-06,0.05892455094569438,1
qwen72B-int4_airline_50runs,d101c4e3-844c-4d54-90ea-2bebca313b7c,36,0.03489593578306859,0.08452196012843739,1
qwen72B-int4_airline_50runs,edbc0e22-5295-436c-8ece-c3595bd975ee,0,,,1
qwen72B-int4_airline_50runs,edbc0e22-5295-436c-8ece-c3595bd975ee,2,0.0516072487564152,0.0,1
qwen72B-int4_airline_50runs,edbc0e22-5295-436c-8ece-c3595bd975ee,4,3.83705860180557e-05,0.0,1
qwen72B-int4_airline_50runs,edbc0e22-5295-436c-8ece-c3595bd975ee,6,0.14641707796710385,0.11981938435481146,1
qwen72B-int4_airline_50runs,edbc0e22-5295-436c-8ece-c3595bd975ee,8,0.07204836533923407,0.21205004401828934,1
qwen72B-int4_airline_50runs,edbc0e22-5295-436c-8ece-c3595bd975ee,10,0.018497651813850442,0.29842763121535143,1
qwen72B-int4_airline_50runs,edbc0e22-5295-436c-8ece-c3595bd975ee,12,0.018540357772965692,0.6419660363878523,1
qwen72B-int4_airline_50runs,edbc0e22-5295-436c-8ece-c3595bd975ee,14,0.020793084265642796,0.6570532538674094,1
qwen72B-int4_airline_50runs,edbc0e22-5295-436c-8ece-c3595bd975ee,16,0.136443996342187,0.0533084511756897,1
qwen72B-int4_airline_50runs,edbc0e22-5295-436c-8ece-c3595bd975ee,18,0.2189646014725893,0.11412177302620628,1
qwen72B-int4_airline_50runs,edbc0e22-5295-436c-8ece-c3595bd975ee,20,0.0932517994941417,1.0,1
qwen72B-int4_airline_50runs,edbc0e22-5295-436c-8ece-c3595bd975ee,22,0.10721946528555323,0.421945177949965,1
qwen72B-int4_airline_50runs,edbc0e22-5295-436c-8ece-c3595bd975ee,24,0.11561556875102247,0.08823075697019503,1
qwen72B-int4_airline_50runs,edbc0e22-5295-436c-8ece-c3595bd975ee,26,0.06510613273314565,0.26255608852519546,1
qwen72B-int4_airline_50runs,fcc9de31-16f9-4b21-b361-6b5b2aa92da6,0,,,0
qwen72B-int4_airline_50runs,fcc9de31-16f9-4b21-b361-6b5b2aa92da6,2,0.09526040959536175,0.0,0
qwen72B-int4_airline_50runs,fcc9de31-16f9-4b21-b361-6b5b2aa92da6,4,0.011685788012927882,0.0,0
qwen72B-int4_airline_50runs,fcc9de31-16f9-4b21-b361-6b5b2aa92da6,6,0.1672697762655214,0.02097932355744498,0
qwen72B-int4_airline_50runs,fcc9de31-16f9-4b21-b361-6b5b2aa92da6,8,7.738456577923439e-05,0.1346764998002486,0
qwen72B-int4_airline_50runs,fcc9de31-16f9-4b21-b361-6b5b2aa92da6,10,0.05193263441088083,0.10329929727022766,0
qwen72B-int4_airline_50runs,1d59bcf5-65b9-4a06-9f89-85c17d8cda75,0,,,1
qwen72B-int4_airline_50runs,1d59bcf5-65b9-4a06-9f89-85c17d8cda75,2,0.13881046844392933,0.0,1
qwen72B-int4_airline_50runs,1d59bcf5-65b9-4a06-9f89-85c17d8cda75,4,0.16038643682629436,0.13120734137158063,1
qwen72B-int4_airline_50runs,1d59bcf5-65b9-4a06-9f89-85c17d8cda75,6,0.07654621168120447,0.1498397077832903,1
qwen72B-int4_airline_50runs,1d59bcf5-65b9-4a06-9f89-85c17d8cda75,8,0.11853226244853568,0.11714341511597505,1
qwen72B-int4_airline_50runs,1d59bcf5-65b9-4a06-9f89-85c17d8cda75,10,0.04744044758495144,0.14193419752449826,1
qwen72B-int4_airline_50runs,1d59bcf5-65b9-4a06-9f89-85c17d8cda75,12,0.11025103719686105,0.1449426748813727,1
qwen72B-int4_airline_50runs,1d59bcf5-65b9-4a06-9f89-85c17d8cda75,14,0.007762124139930322,0.13234878167873476,1
qwen72B-int4_airline_50runs,1d59bcf5-65b9-4a06-9f89-85c17d8cda75,16,0.004999134171975518,0.7453526569449384,1
qwen72B-int4_airline_50runs,1d59bcf5-65b9-4a06-9f89-85c17d8cda75,18,0.0038454240750636463,0.617360376394712,1
qwen72B-int4_airline_50runs,1d59bcf5-65b9-4a06-9f89-85c17d8cda75,20,0.012963794827089464,0.46194612979888916,1
qwen72B-int4_airline_50runs,1d59bcf5-65b9-4a06-9f89-85c17d8cda75,22,7.023813381219064e-05,0.11626364089347221,1
qwen72B-int4_airline_50runs,1d59bcf5-65b9-4a06-9f89-85c17d8cda75,24,0.00022176559644341992,0.13952829714479117,1
qwen72B-int4_airline_50runs,1d59bcf5-65b9-4a06-9f89-85c17d8cda75,26,0.06541914089191278,0.06739745537439981,1
qwen72B-int4_airline_50runs,095a8b8c-3ad0-4f71-91fa-81cc43cbf1d9,0,,,1
qwen72B-int4_airline_50runs,095a8b8c-3ad0-4f71-91fa-81cc43cbf1d9,2,0.13174209463717476,0.0,1
qwen72B-int4_airline_50runs,095a8b8c-3ad0-4f71-91fa-81cc43cbf1d9,4,0.18452683656241456,0.10904054157435894,1
qwen72B-int4_airline_50runs,095a8b8c-3ad0-4f71-91fa-81cc43cbf1d9,6,0.1090007621121641,0.22204186087069303,1
qwen72B-int4_airline_50runs,095a8b8c-3ad0-4f71-91fa-81cc43cbf1d9,8,0.1875993227046755,0.07899402744240232,1
qwen72B-int4_airline_50runs,095a8b8c-3ad0-4f71-91fa-81cc43cbf1d9,10,0.14437700945403095,0.10761934121449789,1
qwen72B-int4_airline_50runs,095a8b8c-3ad0-4f71-91fa-81cc43cbf1d9,12,0.08688159810160025,0.086068008283172,1
qwen72B-int4_airline_50runs,095a8b8c-3ad0-4f71-91fa-81cc43cbf1d9,14,0.039449919733042606,0.0778814453189656,1
qwen72B-int4_airline_50runs,095a8b8c-3ad0-4f71-91fa-81cc43cbf1d9,16,0.050923260950940866,0.16008773575658383,1
qwen72B-int4_airline_50runs,095a8b8c-3ad0-4f71-91fa-81cc43cbf1d9,18,0.015926362650265955,0.3433253362774849,1
qwen72B-int4_airline_50runs,095a8b8c-3ad0-4f71-91fa-81cc43cbf1d9,20,0.02220039409291969,0.5803317626317341,1
qwen72B-int4_airline_50runs,095a8b8c-3ad0-4f71-91fa-81cc43cbf1d9,22,0.07561920496959738,0.33857777288981844,1
qwen72B-int4_airline_50runs,095a8b8c-3ad0-4f71-91fa-81cc43cbf1d9,24,0.00014179302580743304,0.4226057957380246,1
qwen72B-int4_airline_50runs,095a8b8c-3ad0-4f71-91fa-81cc43cbf1d9,26,0.0088804031924498,0.7082012512467125,1
qwen72B-int4_airline_50runs,095a8b8c-3ad0-4f71-91fa-81cc43cbf1d9,28,0.014671408666533953,0.7781494458516439,1
qwen72B-int4_airline_50runs,095a8b8c-3ad0-4f71-91fa-81cc43cbf1d9,30,0.010918078293126523,0.36167702525854106,1
qwen72B-int4_airline_50runs,095a8b8c-3ad0-4f71-91fa-81cc43cbf1d9,32,0.007429152159158529,0.5779048601786295,1
qwen72B-int4_airline_50runs,095a8b8c-3ad0-4f71-91fa-81cc43cbf1d9,34,0.003509491591961691,0.3517650504444921,1
qwen72B-int4_airline_50runs,095a8b8c-3ad0-4f71-91fa-81cc43cbf1d9,36,0.01099514853808394,0.5347646331787109,1
qwen72B-int4_airline_50runs,095a8b8c-3ad0-4f71-91fa-81cc43cbf1d9,38,0.0076956050567871005,0.6901916807348079,1
qwen72B-int4_airline_50runs,095a8b8c-3ad0-4f71-91fa-81cc43cbf1d9,40,0.007551927805365425,0.7361558675765991,1
qwen72B-int4_airline_50runs,095a8b8c-3ad0-4f71-91fa-81cc43cbf1d9,42,0.005855032826652553,0.4329817205667496,1
qwen72B-int4_airline_50runs,095a8b8c-3ad0-4f71-91fa-81cc43cbf1d9,44,0.01216063074657593,0.7283798510378058,1
qwen72B-int4_airline_50runs,095a8b8c-3ad0-4f71-91fa-81cc43cbf1d9,46,0.0045754456172514705,0.6400348458971297,1
qwen72B-int4_airline_50runs,095a8b8c-3ad0-4f71-91fa-81cc43cbf1d9,48,0.0014829272829721505,0.44444118496737905,1
qwen72B-int4_airline_50runs,095a8b8c-3ad0-4f71-91fa-81cc43cbf1d9,50,0.01136329248161408,0.723373678597537,1
qwen72B-int4_airline_50runs,095a8b8c-3ad0-4f71-91fa-81cc43cbf1d9,52,0.030202501688167634,0.20308499611341038,1
qwen72B-int4_airline_50runs,fa494cd4-a24d-4bdf-a057-3917a1ea1326,0,,,0
qwen72B-int4_airline_50runs,fa494cd4-a24d-4bdf-a057-3917a1ea1326,2,1.945073447591349e-05,0.0,0
qwen72B-int4_airline_50runs,fa494cd4-a24d-4bdf-a057-3917a1ea1326,4,0.17391979014774267,0.0,0
qwen72B-int4_airline_50runs,fa494cd4-a24d-4bdf-a057-3917a1ea1326,6,0.000645066792156257,0.12419342994689941,0
qwen72B-int4_airline_50runs,fa494cd4-a24d-4bdf-a057-3917a1ea1326,8,0.004829595239327429,0.39099404215812683,0
qwen72B-int4_airline_50runs,fa494cd4-a24d-4bdf-a057-3917a1ea1326,10,0.00017946127001358455,0.422945111989975,0
qwen72B-int4_airline_50runs,fa494cd4-a24d-4bdf-a057-3917a1ea1326,12,0.0007359905812742795,0.4014943540096283,0
qwen72B-int4_airline_50runs,fa494cd4-a24d-4bdf-a057-3917a1ea1326,14,0.0003525355785946807,0.408431738615036,0
qwen72B-int4_airline_50runs,fa494cd4-a24d-4bdf-a057-3917a1ea1326,16,0.0003825159294589862,0.41884762048721313,0
qwen72B-int4_airline_50runs,fa494cd4-a24d-4bdf-a057-3917a1ea1326,18,0.0002864520688924826,0.44399428367614746,0
qwen72B-int4_airline_50runs,fa494cd4-a24d-4bdf-a057-3917a1ea1326,20,0.06731895974154178,0.006025128150254153,0
qwen72B-int4_airline_50runs,fa494cd4-a24d-4bdf-a057-3917a1ea1326,22,0.08045817210763023,0.2408583603673062,0
qwen72B-int4_airline_50runs,fa494cd4-a24d-4bdf-a057-3917a1ea1326,24,0.005871486502910273,0.14242758750915527,0
qwen72B-int4_airline_50runs,fa494cd4-a24d-4bdf-a057-3917a1ea1326,26,0.03271435662141479,0.22944699014936173,0
qwen72B-int4_airline_50runs,b4ac9163-81dd-4c15-9279-8106e99d4379,0,,,1
qwen72B-int4_airline_50runs,b4ac9163-81dd-4c15-9279-8106e99d4379,2,0.07698713438288786,0.0,1
qwen72B-int4_airline_50runs,b4ac9163-81dd-4c15-9279-8106e99d4379,4,0.15317000035327222,0.0572214505889199,1
qwen72B-int4_airline_50runs,b4ac9163-81dd-4c15-9279-8106e99d4379,6,0.002181294122458821,0.060248709860302146,1
qwen72B-int4_airline_50runs,b4ac9163-81dd-4c15-9279-8106e99d4379,8,0.11896603818502245,0.3177615824867697,1
qwen72B-int4_airline_50runs,b4ac9163-81dd-4c15-9279-8106e99d4379,10,0.0037462568011966475,0.12224768400192261,1
qwen72B-int4_airline_50runs,b4ac9163-81dd-4c15-9279-8106e99d4379,12,0.1452008514799354,0.16803389900135546,1
qwen72B-int4_airline_50runs,b4ac9163-81dd-4c15-9279-8106e99d4379,14,0.02424524515794219,0.412293404340744,1
qwen72B-int4_airline_50runs,b4ac9163-81dd-4c15-9279-8106e99d4379,16,0.10609483882036877,0.22122245311737063,1
qwen72B-int4_airline_50runs,b4ac9163-81dd-4c15-9279-8106e99d4379,18,8.112045510188182e-05,0.4466470181941986,1
qwen72B-int4_airline_50runs,b4ac9163-81dd-4c15-9279-8106e99d4379,20,0.04028391422351732,0.5678311857310209,1
qwen72B-int4_airline_50runs,b4ac9163-81dd-4c15-9279-8106e99d4379,22,0.00026250504012418437,0.42399999499320984,1
qwen72B-int4_airline_50runs,b4ac9163-81dd-4c15-9279-8106e99d4379,24,0.10656055638384271,0.07389956116676331,1
qwen72B-int4_airline_50runs,b4ac9163-81dd-4c15-9279-8106e99d4379,26,0.2071544357819583,0.11128905935024996,1
qwen72B-int4_airline_50runs,b4ac9163-81dd-4c15-9279-8106e99d4379,28,0.04943186839213848,0.2021779716014862,1
qwen72B-int4_airline_50runs,b4ac9163-81dd-4c15-9279-8106e99d4379,30,0.06341575372444125,0.360804625919887,1
qwen72B-int4_airline_50runs,b4ac9163-81dd-4c15-9279-8106e99d4379,32,0.0680920673828066,0.1317242954088294,1
qwen72B-int4_airline_50runs,cebc36c9-46f2-41d3-8d3d-d401e8b5f42f,0,,,1
qwen72B-int4_airline_50runs,cebc36c9-46f2-41d3-8d3d-d401e8b5f42f,2,0.015241714124540041,0.0,1
qwen72B-int4_airline_50runs,cebc36c9-46f2-41d3-8d3d-d401e8b5f42f,4,0.11151813032893387,0.011677864719839656,1
qwen72B-int4_airline_50runs,cebc36c9-46f2-41d3-8d3d-d401e8b5f42f,6,0.11574145506684844,0.19648310632416696,1
qwen72B-int4_airline_50runs,cebc36c9-46f2-41d3-8d3d-d401e8b5f42f,8,0.1262456229024541,0.056714565904290824,1
qwen72B-int4_airline_50runs,cebc36c9-46f2-41d3-8d3d-d401e8b5f42f,10,0.1403854975599786,0.20299897382133883,1
qwen72B-int4_airline_50runs,cebc36c9-46f2-41d3-8d3d-d401e8b5f42f,12,0.00010331798755053594,0.0,1
qwen72B-int4_airline_50runs,92242c3a-802f-45b7-a4e4-7963a76d1789,0,,,0
qwen72B-int4_airline_50runs,92242c3a-802f-45b7-a4e4-7963a76d1789,2,0.10882406464944365,0.0,0
qwen72B-int4_airline_50runs,92242c3a-802f-45b7-a4e4-7963a76d1789,4,0.14176834880140154,0.07891989523364651,0
qwen72B-int4_airline_50runs,92242c3a-802f-45b7-a4e4-7963a76d1789,6,0.08547572447352898,0.18763233555687797,0
qwen72B-int4_airline_50runs,92242c3a-802f-45b7-a4e4-7963a76d1789,8,0.037438029109442265,0.26682148196480493,0
qwen72B-int4_airline_50runs,92242c3a-802f-45b7-a4e4-7963a76d1789,10,0.0931627519542928,0.05052342414855957,0
qwen72B-int4_airline_50runs,92242c3a-802f-45b7-a4e4-7963a76d1789,12,0.1361629179434537,0.04156866470972697,0
qwen72B-int4_airline_50runs,92242c3a-802f-45b7-a4e4-7963a76d1789,14,0.26760006119869323,0.17268786666005156,0
qwen72B-int4_airline_50runs,58a77039-ea75-44ae-84df-35d6b5203404,0,,,1
qwen72B-int4_airline_50runs,58a77039-ea75-44ae-84df-35d6b5203404,2,0.13053908787103435,0.0,1
qwen72B-int4_airline_50runs,58a77039-ea75-44ae-84df-35d6b5203404,4,0.22784533299655335,0.07841070798727183,1
qwen72B-int4_airline_50runs,58a77039-ea75-44ae-84df-35d6b5203404,6,0.003627154586410164,0.1287996470928192,1
qwen72B-int4_airline_50runs,58a77039-ea75-44ae-84df-35d6b5203404,8,0.10620353171630736,0.07590346932411195,1
qwen72B-int4_airline_50runs,58a77039-ea75-44ae-84df-35d6b5203404,10,0.08986185886034659,0.18228275620419046,1
qwen72B-int4_airline_50runs,58a77039-ea75-44ae-84df-35d6b5203404,12,0.08751486981381798,0.07226787859134459,1
qwen72B-int4_airline_50runs,58a77039-ea75-44ae-84df-35d6b5203404,14,0.0023991270480526994,0.061487446228663124,1
qwen72B-int4_airline_50runs,58a77039-ea75-44ae-84df-35d6b5203404,16,0.06779381638103907,0.10882894461413464,1
qwen72B-int4_airline_50runs,3828aa92-d38d-409f-929d-700775375f4a,0,,,0
qwen72B-int4_airline_50runs,3828aa92-d38d-409f-929d-700775375f4a,2,2.793205510065455e-05,0.0,0
qwen72B-int4_airline_50runs,3828aa92-d38d-409f-929d-700775375f4a,4,0.17634877451830808,0.016765107711156208,0
qwen72B-int4_airline_50runs,3828aa92-d38d-409f-929d-700775375f4a,6,0.09945928150318567,0.12016277228082929,0
qwen72B-int4_airline_50runs,3828aa92-d38d-409f-929d-700775375f4a,8,0.02552149743905119,0.5557568197449048,0
qwen72B-int4_airline_50runs,3828aa92-d38d-409f-929d-700775375f4a,10,0.013736568268756856,0.3459397388829125,0
qwen72B-int4_airline_50runs,3828aa92-d38d-409f-929d-700775375f4a,12,0.008732475427959059,0.33702196560653985,0
qwen72B-int4_airline_50runs,3828aa92-d38d-409f-929d-700775375f4a,14,0.04018892370918862,0.2937606102541873,0
qwen72B-int4_airline_50runs,3828aa92-d38d-409f-929d-700775375f4a,16,0.11778539489316191,0.20172830603339453,0
qwen72B-int4_airline_50runs,3828aa92-d38d-409f-929d-700775375f4a,18,0.017437688363626632,0.1797250121831894,0
qwen72B-int4_airline_50runs,3828aa92-d38d-409f-929d-700775375f4a,20,0.03350330389630233,0.39788663387298584,0
qwen72B-int4_airline_50runs,3828aa92-d38d-409f-929d-700775375f4a,22,0.007912554045344172,0.6402538987723263,0
qwen72B-int4_airline_50runs,3828aa92-d38d-409f-929d-700775375f4a,24,0.0021616625838283905,0.4451313295534679,0
qwen72B-int4_airline_50runs,3828aa92-d38d-409f-929d-700775375f4a,26,0.010791180520906897,0.4242228865623474,0
qwen72B-int4_airline_50runs,3828aa92-d38d-409f-929d-700775375f4a,28,0.07362096199713677,0.2424582578241825,0
qwen72B-int4_airline_50runs,3828aa92-d38d-409f-929d-700775375f4a,30,0.08785213440176641,0.10487764676411947,0
qwen72B-int4_airline_50runs,3828aa92-d38d-409f-929d-700775375f4a,32,0.06724346399434572,0.20173172073231804,0
qwen72B-int4_airline_50runs,3828aa92-d38d-409f-929d-700775375f4a,34,0.011649837264978667,0.251343457203991,0
qwen72B-int4_airline_50runs,3828aa92-d38d-409f-929d-700775375f4a,36,0.005829621630683024,0.6768998622894287,0
qwen72B-int4_airline_50runs,3828aa92-d38d-409f-929d-700775375f4a,38,0.07403628305269043,0.19347506580930768,0
qwen72B-int4_airline_50runs,15d3324b-c4a1-4f1a-823d-df5ea594ab2c,0,,,1
qwen72B-int4_airline_50runs,15d3324b-c4a1-4f1a-823d-df5ea594ab2c,2,0.04723716848466701,0.0,1
qwen72B-int4_airline_50runs,15d3324b-c4a1-4f1a-823d-df5ea594ab2c,4,0.19645302636007725,0.08988262547387017,1
qwen72B-int4_airline_50runs,15d3324b-c4a1-4f1a-823d-df5ea594ab2c,6,0.07313848322785332,0.04639827746611375,1
qwen72B-int4_airline_50runs,15d3324b-c4a1-4f1a-823d-df5ea594ab2c,8,0.07400667145797765,0.15434714432420402,1
qwen72B-int4_airline_50runs,15d3324b-c4a1-4f1a-823d-df5ea594ab2c,10,0.08089359503511344,0.23885134388418758,1
qwen72B-int4_airline_50runs,3aed2ab8-39c0-40f8-8ab1-a92d753035bb,0,,,0
qwen72B-int4_airline_50runs,3aed2ab8-39c0-40f8-8ab1-a92d753035bb,2,0.001580416069781056,0.0,0
qwen72B-int4_airline_50runs,3aed2ab8-39c0-40f8-8ab1-a92d753035bb,4,0.24468328649836457,0.0,0
qwen72B-int4_airline_50runs,3aed2ab8-39c0-40f8-8ab1-a92d753035bb,6,0.013593763541446053,1.0,0
qwen72B-int4_airline_50runs,3aed2ab8-39c0-40f8-8ab1-a92d753035bb,8,0.20983804064709233,0.17665320821106434,0
qwen72B-int4_airline_50runs,3aed2ab8-39c0-40f8-8ab1-a92d753035bb,10,0.1209571364320933,1.0,0
qwen72B-int4_airline_50runs,3aed2ab8-39c0-40f8-8ab1-a92d753035bb,12,0.12044770192191886,0.5036345444343708,0
qwen72B-int4_airline_50runs,3aed2ab8-39c0-40f8-8ab1-a92d753035bb,14,0.1314315045516262,0.056931662990386225,0
qwen72B-int4_airline_50runs,3aed2ab8-39c0-40f8-8ab1-a92d753035bb,16,8.289129083188503e-05,0.04043049138525258,0
qwen72B-int4_retail_50runs,425a57ac-0f88-4ed8-96c7-e7efd5ab4d28,0,,,0
qwen72B-int4_retail_50runs,425a57ac-0f88-4ed8-96c7-e7efd5ab4d28,2,0.06450117221152296,0.0,0
qwen72B-int4_retail_50runs,425a57ac-0f88-4ed8-96c7-e7efd5ab4d28,4,0.1711524487059815,0.18322341401001505,0
qwen72B-int4_retail_50runs,425a57ac-0f88-4ed8-96c7-e7efd5ab4d28,6,1.7515845990108876e-05,0.10767112459455216,0
qwen72B-int4_retail_50runs,425a57ac-0f88-4ed8-96c7-e7efd5ab4d28,8,0.0821889384509741,0.058045353208269396,0
qwen72B-int4_retail_50runs,425a57ac-0f88-4ed8-96c7-e7efd5ab4d28,10,0.05746677442343823,0.03227409680684408,0
qwen72B-int4_retail_50runs,425a57ac-0f88-4ed8-96c7-e7efd5ab4d28,12,0.15789948238576149,0.08583895343073299,0
qwen72B-int4_retail_50runs,425a57ac-0f88-4ed8-96c7-e7efd5ab4d28,14,0.004294579164523278,0.028899013996124268,0
qwen72B-int4_retail_50runs,425a57ac-0f88-4ed8-96c7-e7efd5ab4d28,16,0.058282646709094735,0.19086395899454753,0
qwen72B-int4_retail_50runs,425a57ac-0f88-4ed8-96c7-e7efd5ab4d28,18,0.0026788196880208454,0.07908046245574951,0
qwen72B-int4_retail_50runs,425a57ac-0f88-4ed8-96c7-e7efd5ab4d28,20,0.03846835075162366,0.42053459728917764,0
qwen72B-int4_retail_50runs,ba8a8c84-5f12-4c79-b638-7a78e9b48e15,0,,,1
qwen72B-int4_retail_50runs,ba8a8c84-5f12-4c79-b638-7a78e9b48e15,2,0.06450117221152296,0.0,1
qwen72B-int4_retail_50runs,ba8a8c84-5f12-4c79-b638-7a78e9b48e15,4,0.1714126614902999,0.18322341401001505,1
qwen72B-int4_retail_50runs,ba8a8c84-5f12-4c79-b638-7a78e9b48e15,6,1.786273761723578e-05,0.10767112459455216,1
qwen72B-int4_retail_50runs,ba8a8c84-5f12-4c79-b638-7a78e9b48e15,8,0.08287342372570766,0.058045353208269396,1
qwen72B-int4_retail_50runs,ba8a8c84-5f12-4c79-b638-7a78e9b48e15,10,0.057530014595918354,0.03227409680684408,1
qwen72B-int4_retail_50runs,ba8a8c84-5f12-4c79-b638-7a78e9b48e15,12,0.09106862814670971,0.17217954294181165,1
qwen72B-int4_retail_50runs,ba8a8c84-5f12-4c79-b638-7a78e9b48e15,14,0.004883343810356399,0.028899013996124268,1
qwen72B-int4_retail_50runs,ba8a8c84-5f12-4c79-b638-7a78e9b48e15,16,0.05600769923331198,0.2974136052904902,1
qwen72B-int4_retail_50runs,ba8a8c84-5f12-4c79-b638-7a78e9b48e15,18,0.05205684969711996,0.4530784365458366,1
qwen72B-int4_retail_50runs,ba8a8c84-5f12-4c79-b638-7a78e9b48e15,20,0.0006649525189594047,0.07903653383255005,1
qwen72B-int4_retail_50runs,ba8a8c84-5f12-4c79-b638-7a78e9b48e15,22,0.05934772059479349,0.394061886234048,1
qwen72B-int4_retail_50runs,37fac977-db3d-495d-8fd8-8669f7ed898f,0,,,0
qwen72B-int4_retail_50runs,37fac977-db3d-495d-8fd8-8669f7ed898f,2,0.09013871407294606,0.0,0
qwen72B-int4_retail_50runs,37fac977-db3d-495d-8fd8-8669f7ed898f,4,0.1024596287578815,0.2761500263214111,0
qwen72B-int4_retail_50runs,37fac977-db3d-495d-8fd8-8669f7ed898f,6,2.0657121911287708e-05,0.1154803991317749,0
qwen72B-int4_retail_50runs,37fac977-db3d-495d-8fd8-8669f7ed898f,8,0.1514680612893195,0.10190948280128273,0
qwen72B-int4_retail_50runs,37fac977-db3d-495d-8fd8-8669f7ed898f,10,0.20645690261776284,0.05113054173333304,0
qwen72B-int4_retail_50runs,37fac977-db3d-495d-8fd8-8669f7ed898f,12,0.07106247030395581,0.23965930566191673,0
qwen72B-int4_retail_50runs,37fac977-db3d-495d-8fd8-8669f7ed898f,14,0.03853810951227956,0.10948337176266838,0
qwen72B-int4_retail_50runs,37fac977-db3d-495d-8fd8-8669f7ed898f,16,0.07405470433835476,0.1079023733530959,0
qwen72B-int4_retail_50runs,37fac977-db3d-495d-8fd8-8669f7ed898f,18,0.03409104987103165,0.2413772141061178,0
qwen72B-int4_retail_50runs,37fac977-db3d-495d-8fd8-8669f7ed898f,20,0.15028582349740874,0.25411948379205196,0
qwen72B-int4_retail_50runs,37fac977-db3d-495d-8fd8-8669f7ed898f,22,0.022783172690353796,0.16053278023196804,0
qwen72B-int4_retail_50runs,37fac977-db3d-495d-8fd8-8669f7ed898f,24,0.038024810066838236,0.4123084700625876,0
qwen72B-int4_retail_50runs,37fac977-db3d-495d-8fd8-8669f7ed898f,26,0.055732380581671154,0.14330979694019663,0
qwen72B-int4_retail_50runs,37fac977-db3d-495d-8fd8-8669f7ed898f,28,0.02602441142242058,0.47939058316165,0
qwen72B-int4_retail_50runs,37fac977-db3d-495d-8fd8-8669f7ed898f,30,0.04871751332648047,0.13612990932805197,0
qwen72B-int4_retail_50runs,37fac977-db3d-495d-8fd8-8669f7ed898f,32,0.06860072227440384,0.10887891779074799,0
qwen72B-int4_retail_50runs,37fac977-db3d-495d-8fd8-8669f7ed898f,34,0.04876774718737796,0.12267624696095784,0
qwen72B-int4_retail_50runs,2fc47873-8c64-4874-9773-f06620086232,0,,,1
qwen72B-int4_retail_50runs,2fc47873-8c64-4874-9773-f06620086232,2,0.1532422207759274,0.0,1
qwen72B-int4_retail_50runs,2fc47873-8c64-4874-9773-f06620086232,4,0.08184560202348821,0.18991955689021517,1
qwen72B-int4_retail_50runs,2fc47873-8c64-4874-9773-f06620086232,6,0.1671680445040208,0.2833836169346519,1
qwen72B-int4_retail_50runs,2fc47873-8c64-4874-9773-f06620086232,8,0.11910113678075122,0.14294559614998953,1
qwen72B-int4_retail_50runs,2fc47873-8c64-4874-9773-f06620086232,10,0.001757632437651719,0.024040966122238723,1
qwen72B-int4_retail_50runs,2fc47873-8c64-4874-9773-f06620086232,12,0.05277062927993124,0.23135711703189585,1
qwen72B-int4_retail_50runs,2fc47873-8c64-4874-9773-f06620086232,14,0.09047734017382363,0.33099177931294294,1
qwen72B-int4_retail_50runs,2fc47873-8c64-4874-9773-f06620086232,16,0.034638390721978156,0.3255621447707667,1
qwen72B-int4_retail_50runs,2fc47873-8c64-4874-9773-f06620086232,18,0.0017647486089548098,0.8284452259540558,1
qwen72B-int4_retail_50runs,2fc47873-8c64-4874-9773-f06620086232,20,0.1154936934002246,0.0395721801813098,1
qwen72B-int4_retail_50runs,2fc47873-8c64-4874-9773-f06620086232,22,0.018293125224719375,0.07992187887430191,1
qwen72B-int4_retail_50runs,2fc47873-8c64-4874-9773-f06620086232,24,0.06271607585391889,0.23442026693373919,1
qwen72B-int4_retail_50runs,5649a15f-cb6c-4195-ad4c-e02f01a588f6,0,,,1
qwen72B-int4_retail_50runs,5649a15f-cb6c-4195-ad4c-e02f01a588f6,2,0.11600512657224578,0.0,1
qwen72B-int4_retail_50runs,5649a15f-cb6c-4195-ad4c-e02f01a588f6,4,0.13777538121904911,0.27524876594543457,1
qwen72B-int4_retail_50runs,5649a15f-cb6c-4195-ad4c-e02f01a588f6,6,0.000105637894436149,0.06784729162851968,1
qwen72B-int4_retail_50runs,5649a15f-cb6c-4195-ad4c-e02f01a588f6,8,0.08719525765636806,0.05138610852392096,1
qwen72B-int4_retail_50runs,5649a15f-cb6c-4195-ad4c-e02f01a588f6,10,0.2524339845664465,0.04307150702143824,1
qwen72B-int4_retail_50runs,5649a15f-cb6c-4195-ad4c-e02f01a588f6,12,0.05976624369819983,0.38425625960032145,1
qwen72B-int4_retail_50runs,5649a15f-cb6c-4195-ad4c-e02f01a588f6,14,0.09415723119618712,0.20663082921827164,1
qwen72B-int4_retail_50runs,5649a15f-cb6c-4195-ad4c-e02f01a588f6,16,0.0708430484146271,0.07858519894736153,1
qwen72B-int4_retail_50runs,5649a15f-cb6c-4195-ad4c-e02f01a588f6,18,0.0458533963960838,0.0961796740690867,1
qwen72B-int4_retail_50runs,5649a15f-cb6c-4195-ad4c-e02f01a588f6,20,0.1501685884909441,0.18975324715886796,1
qwen72B-int4_retail_50runs,5649a15f-cb6c-4195-ad4c-e02f01a588f6,22,0.044896402885514546,0.21876265653749793,1
qwen72B-int4_retail_50runs,5649a15f-cb6c-4195-ad4c-e02f01a588f6,24,0.062454398755646574,0.2269669012589888,1
qwen72B-int4_retail_50runs,5649a15f-cb6c-4195-ad4c-e02f01a588f6,26,0.01932944546321835,0.14544644663410802,1
qwen72B-int4_retail_50runs,5649a15f-cb6c-4195-ad4c-e02f01a588f6,28,0.053632816824488394,0.13011087389553294,1
qwen72B-int4_retail_50runs,5649a15f-cb6c-4195-ad4c-e02f01a588f6,30,0.05707993188176661,0.287333737004478,1
qwen72B-int4_retail_50runs,5649a15f-cb6c-4195-ad4c-e02f01a588f6,32,0.020382786876074827,0.3360259411286335,1
qwen72B-int4_retail_50runs,5649a15f-cb6c-4195-ad4c-e02f01a588f6,34,0.027695959353793473,0.12297496795654297,1
qwen72B-int4_retail_50runs,5649a15f-cb6c-4195-ad4c-e02f01a588f6,36,0.03834629642519121,0.3371689641286456,1
qwen72B-int4_retail_50runs,6bec59c0-f6f1-4efa-a5db-ea74fdc30c31,0,,,1
qwen72B-int4_retail_50runs,6bec59c0-f6f1-4efa-a5db-ea74fdc30c31,2,0.1227464154754351,0.0,1
qwen72B-int4_retail_50runs,6bec59c0-f6f1-4efa-a5db-ea74fdc30c31,4,0.13641298200610832,0.3906285282104246,1
qwen72B-int4_retail_50runs,6bec59c0-f6f1-4efa-a5db-ea74fdc30c31,6,1.2441303206382297e-05,0.05836025873819987,1
qwen72B-int4_retail_50runs,6bec59c0-f6f1-4efa-a5db-ea74fdc30c31,8,0.14216546064293256,0.08104313164949417,1
qwen72B-int4_retail_50runs,6bec59c0-f6f1-4efa-a5db-ea74fdc30c31,10,0.003838590771904236,0.088372603058815,1
qwen72B-int4_retail_50runs,6bec59c0-f6f1-4efa-a5db-ea74fdc30c31,12,0.07301417946971943,0.014455776948195238,1
qwen72B-int4_retail_50runs,6bec59c0-f6f1-4efa-a5db-ea74fdc30c31,14,0.009873759867044272,0.12936140298843385,1
qwen72B-int4_retail_50runs,6bec59c0-f6f1-4efa-a5db-ea74fdc30c31,16,0.08320071770552333,0.12273308292764132,1
qwen72B-int4_retail_50runs,6bec59c0-f6f1-4efa-a5db-ea74fdc30c31,18,0.020898329287876913,0.19117818772792816,1
qwen72B-int4_retail_50runs,6bec59c0-f6f1-4efa-a5db-ea74fdc30c31,20,0.00029597428411306273,0.9090621471405029,1
qwen72B-int4_retail_50runs,6bec59c0-f6f1-4efa-a5db-ea74fdc30c31,22,0.06267755162799382,0.15941231006599335,1
qwen72B-int4_retail_50runs,6bec59c0-f6f1-4efa-a5db-ea74fdc30c31,24,0.07028861853341523,0.1732833413516774,1
qwen72B-int4_retail_50runs,6bec59c0-f6f1-4efa-a5db-ea74fdc30c31,26,0.00028760293252668627,0.07902863621711731,1
qwen72B-int4_retail_50runs,6bec59c0-f6f1-4efa-a5db-ea74fdc30c31,28,0.04851181655627449,0.2894976256806173,1
qwen72B-int4_retail_50runs,28f1c493-b95e-4db9-93aa-4a87f4140785,0,,,1
qwen72B-int4_retail_50runs,28f1c493-b95e-4db9-93aa-4a87f4140785,2,0.12298715050259287,0.0,1
qwen72B-int4_retail_50runs,28f1c493-b95e-4db9-93aa-4a87f4140785,4,0.13097703497076416,0.42562265634536744,1
qwen72B-int4_retail_50runs,28f1c493-b95e-4db9-93aa-4a87f4140785,6,1.3508699988228222e-05,0.06430461731824008,1
qwen72B-int4_retail_50runs,28f1c493-b95e-4db9-93aa-4a87f4140785,8,0.1489274256865685,0.07470026810963948,1
qwen72B-int4_retail_50runs,28f1c493-b95e-4db9-93aa-4a87f4140785,10,0.016639370051888227,0.088372603058815,1
qwen72B-int4_retail_50runs,28f1c493-b95e-4db9-93aa-4a87f4140785,12,0.15974408296033482,0.025700640678405762,1
qwen72B-int4_retail_50runs,28f1c493-b95e-4db9-93aa-4a87f4140785,14,0.048678655894459806,0.31589809145246234,1
qwen72B-int4_retail_50runs,28f1c493-b95e-4db9-93aa-4a87f4140785,16,0.020400651994415063,0.28635128806619087,1
qwen72B-int4_retail_50runs,28f1c493-b95e-4db9-93aa-4a87f4140785,18,0.05267574359890699,0.3901040694292854,1
qwen72B-int4_retail_50runs,28f1c493-b95e-4db9-93aa-4a87f4140785,20,0.08990459948664312,0.11087908987271583,1
qwen72B-int4_retail_50runs,28f1c493-b95e-4db9-93aa-4a87f4140785,22,0.042805396097450536,0.10790108442306517,1
qwen72B-int4_retail_50runs,28f1c493-b95e-4db9-93aa-4a87f4140785,24,0.052839892092916875,0.35746661822001136,1
qwen72B-int4_retail_50runs,28f1c493-b95e-4db9-93aa-4a87f4140785,26,0.022860958400686325,0.16850948333740234,1
qwen72B-int4_retail_50runs,28f1c493-b95e-4db9-93aa-4a87f4140785,28,0.0909371352622614,0.2708110375837846,1
qwen72B-int4_retail_50runs,28f1c493-b95e-4db9-93aa-4a87f4140785,30,0.062463886529624466,0.134190417999445,1
qwen72B-int4_retail_50runs,28f1c493-b95e-4db9-93aa-4a87f4140785,32,0.02096018007741321,0.4003537915787607,1
qwen72B-int4_retail_50runs,28f1c493-b95e-4db9-93aa-4a87f4140785,34,0.002276363465510034,0.0,1
qwen72B-int4_retail_50runs,28f1c493-b95e-4db9-93aa-4a87f4140785,36,0.07334915105202042,0.2088301032781601,1
qwen72B-int4_retail_50runs,28f1c493-b95e-4db9-93aa-4a87f4140785,38,0.1157302784776436,0.03341942327097058,1
qwen72B-int4_retail_50runs,f8cd1985-dd64-44fd-bdbc-414a722b31ae,0,,,1
qwen72B-int4_retail_50runs,f8cd1985-dd64-44fd-bdbc-414a722b31ae,2,0.12258244314770457,0.0,1
qwen72B-int4_retail_50runs,f8cd1985-dd64-44fd-bdbc-414a722b31ae,4,0.13678203352123997,0.3906285282104246,1
qwen72B-int4_retail_50runs,f8cd1985-dd64-44fd-bdbc-414a722b31ae,6,1.2496926431992961e-05,0.05836025873819987,1
qwen72B-int4_retail_50runs,f8cd1985-dd64-44fd-bdbc-414a722b31ae,8,0.14319265921105384,0.08104313164949417,1
qwen72B-int4_retail_50runs,f8cd1985-dd64-44fd-bdbc-414a722b31ae,10,0.003922032518445917,0.088372603058815,1
qwen72B-int4_retail_50runs,f8cd1985-dd64-44fd-bdbc-414a722b31ae,12,0.13413452681372717,0.02588066389394361,1
qwen72B-int4_retail_50runs,f8cd1985-dd64-44fd-bdbc-414a722b31ae,14,0.04917404665032446,0.34664513915777206,1
qwen72B-int4_retail_50runs,f8cd1985-dd64-44fd-bdbc-414a722b31ae,16,0.04905685586355429,0.5238730036295377,1
qwen72B-int4_retail_50runs,f8cd1985-dd64-44fd-bdbc-414a722b31ae,18,0.15011457627182095,0.1558813861772126,1
qwen72B-int4_retail_50runs,f8cd1985-dd64-44fd-bdbc-414a722b31ae,20,0.05290910422609844,0.1642696147269391,1
qwen72B-int4_retail_50runs,f8cd1985-dd64-44fd-bdbc-414a722b31ae,22,0.0014637546939937351,0.0306833165032523,1
qwen72B-int4_retail_50runs,f8cd1985-dd64-44fd-bdbc-414a722b31ae,24,0.04540614787850866,0.23396823883056642,1
qwen72B-int4_retail_50runs,f8cd1985-dd64-44fd-bdbc-414a722b31ae,26,0.08012160265352146,0.2964021503061488,1
qwen72B-int4_retail_50runs,f8cd1985-dd64-44fd-bdbc-414a722b31ae,28,0.00020922800123406303,0.07744812965393066,1
qwen72B-int4_retail_50runs,f8cd1985-dd64-44fd-bdbc-414a722b31ae,30,0.11748553043440746,0.17407307170686268,1
qwen72B-int4_retail_50runs,822a11e7-320d-4918-b69a-26844effa2a0,0,,,1
qwen72B-int4_retail_50runs,822a11e7-320d-4918-b69a-26844effa2a0,2,0.12265555444961415,0.0,1
qwen72B-int4_retail_50runs,822a11e7-320d-4918-b69a-26844effa2a0,4,0.13684969206309822,0.3906285282104246,1
qwen72B-int4_retail_50runs,822a11e7-320d-4918-b69a-26844effa2a0,6,1.2404223301921825e-05,0.05836025873819987,1
qwen72B-int4_retail_50runs,822a11e7-320d-4918-b69a-26844effa2a0,8,0.14319265921105384,0.08104313164949417,1
qwen72B-int4_retail_50runs,822a11e7-320d-4918-b69a-26844effa2a0,10,0.003920017436469024,0.088372603058815,1
qwen72B-int4_retail_50runs,822a11e7-320d-4918-b69a-26844effa2a0,12,0.1340475860832494,0.02588066389394361,1
qwen72B-int4_retail_50runs,822a11e7-320d-4918-b69a-26844effa2a0,14,0.049146737596933894,0.34664513915777206,1
qwen72B-int4_retail_50runs,822a11e7-320d-4918-b69a-26844effa2a0,16,0.0489017729674216,0.5238730036295377,1
qwen72B-int4_retail_50runs,822a11e7-320d-4918-b69a-26844effa2a0,18,0.1500062051798381,0.1558813861772126,1
qwen72B-int4_retail_50runs,822a11e7-320d-4918-b69a-26844effa2a0,20,0.060369799368514665,0.1567333698272705,1
qwen72B-int4_retail_50runs,822a11e7-320d-4918-b69a-26844effa2a0,22,0.007124203679992314,0.040443402070265554,1
qwen72B-int4_retail_50runs,822a11e7-320d-4918-b69a-26844effa2a0,24,0.036528952131041355,0.17963936411101242,1
qwen72B-int4_retail_50runs,822a11e7-320d-4918-b69a-26844effa2a0,26,0.060370363811017014,0.1684988021850586,1
qwen72B-int4_retail_50runs,822a11e7-320d-4918-b69a-26844effa2a0,28,0.00013262332160994815,0.07767290621995926,1
qwen72B-int4_retail_50runs,822a11e7-320d-4918-b69a-26844effa2a0,30,0.0802571631934868,0.371263430586883,1
qwen72B-int4_retail_50runs,67e4cc7d-7a39-4253-a46e-09ea56be2af7,0,,,0
qwen72B-int4_retail_50runs,67e4cc7d-7a39-4253-a46e-09ea56be2af7,2,0.12223018294493956,0.0,0
qwen72B-int4_retail_50runs,67e4cc7d-7a39-4253-a46e-09ea56be2af7,4,0.1364411137504379,0.3906285282104246,0
qwen72B-int4_retail_50runs,67e4cc7d-7a39-4253-a46e-09ea56be2af7,6,1.2343414632533091e-05,0.05836025873819987,0
qwen72B-int4_retail_50runs,67e4cc7d-7a39-4253-a46e-09ea56be2af7,8,0.1614389473499035,0.08102091401815414,0
qwen72B-int4_retail_50runs,67e4cc7d-7a39-4253-a46e-09ea56be2af7,10,0.005478614872115467,0.088372603058815,0
qwen72B-int4_retail_50runs,67e4cc7d-7a39-4253-a46e-09ea56be2af7,12,0.08687499945504054,0.0732101843907283,0
qwen72B-int4_retail_50runs,67e4cc7d-7a39-4253-a46e-09ea56be2af7,14,3.469689379824496e-05,0.13404476642608643,0
qwen72B-int4_retail_50runs,67e4cc7d-7a39-4253-a46e-09ea56be2af7,16,0.15058450844876972,0.2031746669249101,0
qwen72B-int4_retail_50runs,67e4cc7d-7a39-4253-a46e-09ea56be2af7,18,5.667605546428713e-05,0.4767491817474365,0
qwen72B-int4_retail_50runs,67e4cc7d-7a39-4253-a46e-09ea56be2af7,20,0.09399381510367272,0.32226482216192753,0
qwen72B-int4_retail_50runs,67e4cc7d-7a39-4253-a46e-09ea56be2af7,22,3.4792561198683277e-05,0.461046427488327,0
qwen72B-int4_retail_50runs,67e4cc7d-7a39-4253-a46e-09ea56be2af7,24,0.1282028768385752,0.1268046498298645,0
qwen72B-int4_retail_50runs,67e4cc7d-7a39-4253-a46e-09ea56be2af7,26,0.01627001636164333,0.18887396156787872,0
qwen72B-int4_retail_50runs,67e4cc7d-7a39-4253-a46e-09ea56be2af7,28,0.06795061629614675,0.18153898991071263,0
qwen72B-int4_retail_50runs,67e4cc7d-7a39-4253-a46e-09ea56be2af7,30,0.0007223522129823579,0.07752801477909088,0
qwen72B-int4_retail_50runs,67e4cc7d-7a39-4253-a46e-09ea56be2af7,32,0.04824822947752193,0.21854555121687955,0
qwen72B-int4_retail_50runs,dacf7743-1a63-4361-91c6-92d8c471471e,0,,,0
qwen72B-int4_retail_50runs,dacf7743-1a63-4361-91c6-92d8c471471e,2,0.07601041735189354,0.0,0
qwen72B-int4_retail_50runs,dacf7743-1a63-4361-91c6-92d8c471471e,4,0.1315906208292738,0.31930368680220383,0
qwen72B-int4_retail_50runs,dacf7743-1a63-4361-91c6-92d8c471471e,6,2.8481822782724623e-05,0.05531833569208781,0
qwen72B-int4_retail_50runs,dacf7743-1a63-4361-91c6-92d8c471471e,8,0.15045768826944475,0.18883641408039975,0
qwen72B-int4_retail_50runs,dacf7743-1a63-4361-91c6-92d8c471471e,10,0.0001722662544614284,0.09513522684574127,0
qwen72B-int4_retail_50runs,dacf7743-1a63-4361-91c6-92d8c471471e,12,0.19785902479770417,0.07446566507929847,0
qwen72B-int4_retail_50runs,dacf7743-1a63-4361-91c6-92d8c471471e,14,3.119372363329376e-05,0.160495924949646,0
qwen72B-int4_retail_50runs,dacf7743-1a63-4361-91c6-92d8c471471e,16,0.10007670390280543,0.19572712580362955,0
qwen72B-int4_retail_50runs,dacf7743-1a63-4361-91c6-92d8c471471e,18,0.07325360492885825,0.22170469611883165,0
qwen72B-int4_retail_50runs,dacf7743-1a63-4361-91c6-92d8c471471e,20,0.0031261696362419353,0.12592880725860597,0
qwen72B-int4_retail_50runs,dacf7743-1a63-4361-91c6-92d8c471471e,22,0.06499679204172865,0.09070400720418886,0
qwen72B-int4_retail_50runs,dacf7743-1a63-4361-91c6-92d8c471471e,24,0.1316879170074584,0.1840521627002292,0
qwen72B-int4_retail_50runs,dacf7743-1a63-4361-91c6-92d8c471471e,26,0.0008421006968977925,0.0950288251042366,0
qwen72B-int4_retail_50runs,dacf7743-1a63-4361-91c6-92d8c471471e,28,0.12982545599813197,0.11930667757987976,0
qwen72B-int4_retail_50runs,0d5b9894-a4ab-4c23-b3f8-d944cb5897bf,0,,,0
qwen72B-int4_retail_50runs,0d5b9894-a4ab-4c23-b3f8-d944cb5897bf,2,0.07638622948645338,0.0,0
qwen72B-int4_retail_50runs,0d5b9894-a4ab-4c23-b3f8-d944cb5897bf,4,0.10168916115625022,0.33071694374084476,0
qwen72B-int4_retail_50runs,0d5b9894-a4ab-4c23-b3f8-d944cb5897bf,6,0.11248793194146842,0.15616078887666973,0
qwen72B-int4_retail_50runs,0d5b9894-a4ab-4c23-b3f8-d944cb5897bf,8,0.1257923468709017,0.06199020952791781,0
qwen72B-int4_retail_50runs,0d5b9894-a4ab-4c23-b3f8-d944cb5897bf,10,0.12708490960474098,0.08392598479986191,0
qwen72B-int4_retail_50runs,0d5b9894-a4ab-4c23-b3f8-d944cb5897bf,12,0.03039977931939547,0.17717584408819675,0
qwen72B-int4_retail_50runs,0d5b9894-a4ab-4c23-b3f8-d944cb5897bf,14,0.08851709260804778,0.17682945728302002,0
qwen72B-int4_retail_50runs,0d5b9894-a4ab-4c23-b3f8-d944cb5897bf,16,0.046603895803407104,0.1648129940032959,0
qwen72B-int4_retail_50runs,0d5b9894-a4ab-4c23-b3f8-d944cb5897bf,18,0.12095773167617022,0.29650193868681446,0
qwen72B-int4_retail_50runs,0d5b9894-a4ab-4c23-b3f8-d944cb5897bf,20,0.0464076496994901,0.46571457386016846,0
qwen72B-int4_retail_50runs,0d5b9894-a4ab-4c23-b3f8-d944cb5897bf,22,0.03351304525104044,0.36380704756705995,0
qwen72B-int4_retail_50runs,0d5b9894-a4ab-4c23-b3f8-d944cb5897bf,24,0.0425802605761967,0.3131123416953617,0
qwen72B-int4_retail_50runs,0d5b9894-a4ab-4c23-b3f8-d944cb5897bf,26,0.07021406794492242,0.2755811136701833,0
qwen72B-int4_retail_50runs,8fdc0eba-c1b6-4305-a76b-154f316877b3,0,,,0
qwen72B-int4_retail_50runs,8fdc0eba-c1b6-4305-a76b-154f316877b3,2,0.101558857403701,0.0,0
qwen72B-int4_retail_50runs,8fdc0eba-c1b6-4305-a76b-154f316877b3,4,3.3495556634788315e-05,0.0,0
qwen72B-int4_retail_50runs,8fdc0eba-c1b6-4305-a76b-154f316877b3,6,0.10169755663298406,0.07591497330438522,0
qwen72B-int4_retail_50runs,8fdc0eba-c1b6-4305-a76b-154f316877b3,8,0.004014556931569047,0.160495924949646,0
qwen72B-int4_retail_50runs,8fdc0eba-c1b6-4305-a76b-154f316877b3,10,0.1274317838599474,0.15201403742486783,0
qwen72B-int4_retail_50runs,8fdc0eba-c1b6-4305-a76b-154f316877b3,12,0.00037725140693994333,0.12628440856933595,0
qwen72B-int4_retail_50runs,8fdc0eba-c1b6-4305-a76b-154f316877b3,14,0.0006390675648230493,0.462428480386734,0
qwen72B-int4_retail_50runs,8fdc0eba-c1b6-4305-a76b-154f316877b3,16,0.07344811834926473,0.11608149253186725,0
qwen72B-int4_retail_50runs,8fdc0eba-c1b6-4305-a76b-154f316877b3,18,0.22052525920072266,0.14371531009674074,0
qwen72B-int4_retail_50runs,8fdc0eba-c1b6-4305-a76b-154f316877b3,20,9.452954848929896e-05,0.09469041228294373,0
qwen72B-int4_retail_50runs,8fdc0eba-c1b6-4305-a76b-154f316877b3,22,0.1367603738664192,0.21334186722250545,0
qwen72B-int4_retail_50runs,8fdc0eba-c1b6-4305-a76b-154f316877b3,24,0.1290033820795047,0.2003665391136618,0
qwen72B-int4_retail_50runs,8fdc0eba-c1b6-4305-a76b-154f316877b3,26,0.00014868445607911434,0.038720296275231145,0
qwen72B-int4_retail_50runs,549b0f04-115c-48a5-9ec9-dd5afc6413e3,0,,,0
qwen72B-int4_retail_50runs,549b0f04-115c-48a5-9ec9-dd5afc6413e3,2,0.002067349896938575,0.0,0
qwen72B-int4_retail_50runs,549b0f04-115c-48a5-9ec9-dd5afc6413e3,4,0.17064035009455616,0.024834193565227366,0
qwen72B-int4_retail_50runs,549b0f04-115c-48a5-9ec9-dd5afc6413e3,6,0.1312046485477246,0.07621255905731865,0
qwen72B-int4_retail_50runs,549b0f04-115c-48a5-9ec9-dd5afc6413e3,8,0.008660803856691967,0.10420336723327638,0
qwen72B-int4_retail_50runs,549b0f04-115c-48a5-9ec9-dd5afc6413e3,10,0.014058537715444259,0.462428480386734,0
qwen72B-int4_retail_50runs,549b0f04-115c-48a5-9ec9-dd5afc6413e3,12,0.08020433617325338,0.056541413795657275,0
qwen72B-int4_retail_50runs,549b0f04-115c-48a5-9ec9-dd5afc6413e3,14,0.12723130804170188,0.22632253317185388,0
qwen72B-int4_retail_50runs,549b0f04-115c-48a5-9ec9-dd5afc6413e3,16,0.00025365996326694255,0.09469041228294373,0
qwen72B-int4_retail_50runs,549b0f04-115c-48a5-9ec9-dd5afc6413e3,18,0.2061416137026282,0.1701974835035936,0
qwen72B-int4_retail_50runs,549b0f04-115c-48a5-9ec9-dd5afc6413e3,20,4.379724784724976e-05,0.6885358691215515,0
qwen72B-int4_retail_50runs,549b0f04-115c-48a5-9ec9-dd5afc6413e3,22,0.11655417586944572,0.09439435408961389,0
qwen72B-int4_retail_50runs,1820e76f-460f-45ba-95ab-e8dc67abc77b,0,,,0
qwen72B-int4_retail_50runs,1820e76f-460f-45ba-95ab-e8dc67abc77b,2,0.1759195517415954,0.0,0
qwen72B-int4_retail_50runs,1820e76f-460f-45ba-95ab-e8dc67abc77b,4,3.061891186217913e-05,0.0,0
qwen72B-int4_retail_50runs,1820e76f-460f-45ba-95ab-e8dc67abc77b,6,0.08800677856026991,0.06393930624271262,0
qwen72B-int4_retail_50runs,1820e76f-460f-45ba-95ab-e8dc67abc77b,8,0.0005143980615789208,0.160495924949646,0
qwen72B-int4_retail_50runs,1820e76f-460f-45ba-95ab-e8dc67abc77b,10,0.1127677594061078,0.09604026046064165,0
qwen72B-int4_retail_50runs,1820e76f-460f-45ba-95ab-e8dc67abc77b,12,0.006326285360410895,0.12628440856933595,0
qwen72B-int4_retail_50runs,1820e76f-460f-45ba-95ab-e8dc67abc77b,14,0.08957040581815047,0.12418112062638806,0
qwen72B-int4_retail_50runs,1820e76f-460f-45ba-95ab-e8dc67abc77b,16,3.0421323267183918e-05,0.462428480386734,0
qwen72B-int4_retail_50runs,1820e76f-460f-45ba-95ab-e8dc67abc77b,18,0.04759351211761194,0.0777377820994756,0
qwen72B-int4_retail_50runs,1820e76f-460f-45ba-95ab-e8dc67abc77b,20,0.12467592692115517,0.14607894879121047,0
qwen72B-int4_retail_50runs,1820e76f-460f-45ba-95ab-e8dc67abc77b,22,0.0015273935979884694,0.22106947217668804,0
qwen72B-int4_retail_50runs,1820e76f-460f-45ba-95ab-e8dc67abc77b,24,0.055370580168592,0.22457477781507704,0
qwen72B-int4_retail_50runs,1820e76f-460f-45ba-95ab-e8dc67abc77b,26,0.0008683270497110707,0.46782898902893066,0
qwen72B-int4_retail_50runs,1820e76f-460f-45ba-95ab-e8dc67abc77b,28,0.05980572680128845,0.1690505284529466,0
qwen72B-int4_retail_50runs,64171bcd-1b4b-4e48-b9a5-cab970ae6981,0,,,1
qwen72B-int4_retail_50runs,64171bcd-1b4b-4e48-b9a5-cab970ae6981,2,0.07810354697479387,0.0,1
qwen72B-int4_retail_50runs,64171bcd-1b4b-4e48-b9a5-cab970ae6981,4,0.07112073638015269,0.3179788112640381,1
qwen72B-int4_retail_50runs,64171bcd-1b4b-4e48-b9a5-cab970ae6981,6,3.5255505337236066e-05,0.10011571103876286,1
qwen72B-int4_retail_50runs,64171bcd-1b4b-4e48-b9a5-cab970ae6981,8,0.127759374366744,0.10680693201720715,1
qwen72B-int4_retail_50runs,64171bcd-1b4b-4e48-b9a5-cab970ae6981,10,0.0003116894486466542,0.09643112123012543,1
qwen72B-int4_retail_50runs,64171bcd-1b4b-4e48-b9a5-cab970ae6981,12,0.156241838920639,0.05960948020219803,1
qwen72B-int4_retail_50runs,64171bcd-1b4b-4e48-b9a5-cab970ae6981,14,4.9791580133567804e-05,0.12211049795150758,1
qwen72B-int4_retail_50runs,64171bcd-1b4b-4e48-b9a5-cab970ae6981,16,0.09871149275968877,0.08881183577255464,1
qwen72B-int4_retail_50runs,64171bcd-1b4b-4e48-b9a5-cab970ae6981,18,0.05954589904527815,0.039453171766721286,1
qwen72B-int4_retail_50runs,64171bcd-1b4b-4e48-b9a5-cab970ae6981,20,0.14893734393710484,0.11335332360532549,1
qwen72B-int4_retail_50runs,64171bcd-1b4b-4e48-b9a5-cab970ae6981,22,0.06928522762634828,0.2340106666088104,1
qwen72B-int4_retail_50runs,4d02d956-ee8e-4695-b902-00f6992d503b,0,,,0
qwen72B-int4_retail_50runs,4d02d956-ee8e-4695-b902-00f6992d503b,2,0.0035548942333715997,0.0,0
qwen72B-int4_retail_50runs,4d02d956-ee8e-4695-b902-00f6992d503b,4,0.2665352809775811,0.024827928770156132,0
qwen72B-int4_retail_50runs,4d02d956-ee8e-4695-b902-00f6992d503b,6,0.0018337092979018425,0.06309143453836441,0
qwen72B-int4_retail_50runs,4d02d956-ee8e-4695-b902-00f6992d503b,8,0.14663525236435712,0.030794974830415513,0
qwen72B-int4_retail_50runs,4d02d956-ee8e-4695-b902-00f6992d503b,10,7.335145224995898e-06,0.15889572328136814,0
qwen72B-int4_retail_50runs,4d02d956-ee8e-4695-b902-00f6992d503b,12,0.043188840700511134,0.29300616042954586,0
qwen72B-int4_retail_50runs,84e39072-461e-492b-b674-1b3439402bd8,0,,,0
qwen72B-int4_retail_50runs,84e39072-461e-492b-b674-1b3439402bd8,2,0.11311394837034834,0.0,0
qwen72B-int4_retail_50runs,84e39072-461e-492b-b674-1b3439402bd8,4,0.10796500849738354,0.3834905794688634,0
qwen72B-int4_retail_50runs,84e39072-461e-492b-b674-1b3439402bd8,6,5.0001513817750396e-05,0.05620900630950928,0
qwen72B-int4_retail_50runs,84e39072-461e-492b-b674-1b3439402bd8,8,0.07547393422511185,0.08442364633083344,0
qwen72B-int4_retail_50runs,84e39072-461e-492b-b674-1b3439402bd8,10,0.07324947142809465,0.18035624104161416,0
qwen72B-int4_retail_50runs,84e39072-461e-492b-b674-1b3439402bd8,12,0.14229109261002443,0.25686729699373245,0
qwen72B-int4_retail_50runs,84e39072-461e-492b-b674-1b3439402bd8,14,0.07465735541659985,0.4639338552951813,0
qwen72B-int4_retail_50runs,84e39072-461e-492b-b674-1b3439402bd8,16,0.05865911226825198,0.21659231499621742,0
qwen72B-int4_retail_50runs,84e39072-461e-492b-b674-1b3439402bd8,18,0.06954437595862657,0.15277358293533327,0
qwen72B-int4_retail_50runs,84e39072-461e-492b-b674-1b3439402bd8,20,0.18103637028527517,0.2187899998996569,0
qwen72B-int4_retail_50runs,84e39072-461e-492b-b674-1b3439402bd8,22,0.008251357158968247,0.07451080530881882,0
qwen72B-int4_retail_50runs,84e39072-461e-492b-b674-1b3439402bd8,24,0.11326210545977458,0.21165659913310297,0
qwen72B-int4_retail_50runs,84e39072-461e-492b-b674-1b3439402bd8,26,0.0668990210464845,0.18773661827554508,0
qwen72B-int4_retail_50runs,84e39072-461e-492b-b674-1b3439402bd8,28,0.0588802927644027,0.2632357311803241,0
qwen72B-int4_retail_50runs,84e39072-461e-492b-b674-1b3439402bd8,30,0.043186701867004615,0.34926310926675797,0
qwen72B-int4_retail_50runs,e51e892f-1ad3-4a25-aa08-082109c1afb5,0,,,0
qwen72B-int4_retail_50runs,e51e892f-1ad3-4a25-aa08-082109c1afb5,2,0.17662806919799587,0.0,0
qwen72B-int4_retail_50runs,e51e892f-1ad3-4a25-aa08-082109c1afb5,4,0.2750368464883408,0.19626685090967128,0
qwen72B-int4_retail_50runs,e51e892f-1ad3-4a25-aa08-082109c1afb5,6,5.302957201651843e-05,0.06975677981972694,0
qwen72B-int4_retail_50runs,e51e892f-1ad3-4a25-aa08-082109c1afb5,8,0.175423845750476,0.11983766976524803,0
qwen72B-int4_retail_50runs,e51e892f-1ad3-4a25-aa08-082109c1afb5,10,0.0001270489437054323,0.09506595134735107,0
qwen72B-int4_retail_50runs,e51e892f-1ad3-4a25-aa08-082109c1afb5,12,0.09651934302558095,0.21013243946918223,0
qwen72B-int4_retail_50runs,e51e892f-1ad3-4a25-aa08-082109c1afb5,14,0.1388366109769754,0.0776624635738485,0
qwen72B-int4_retail_50runs,e51e892f-1ad3-4a25-aa08-082109c1afb5,16,0.1508137800696793,0.05981488823890686,0
qwen72B-int4_retail_50runs,e51e892f-1ad3-4a25-aa08-082109c1afb5,18,0.18954105365498702,0.1991985228753859,0
qwen72B-int4_retail_50runs,e51e892f-1ad3-4a25-aa08-082109c1afb5,20,0.007803075269506199,0.013051866292953492,0
qwen72B-int4_retail_50runs,e51e892f-1ad3-4a25-aa08-082109c1afb5,22,0.10428286864945381,0.11104687750339508,0
qwen72B-int4_retail_50runs,2bfb5354-c557-4c0f-942b-82cfda37a222,0,,,1
qwen72B-int4_retail_50runs,2bfb5354-c557-4c0f-942b-82cfda37a222,2,0.00024156208156570259,0.0,1
qwen72B-int4_retail_50runs,2bfb5354-c557-4c0f-942b-82cfda37a222,4,0.028082135790570107,0.09506595134735107,1
qwen72B-int4_retail_50runs,2bfb5354-c557-4c0f-942b-82cfda37a222,6,0.022343879380574683,0.1273846507072449,1
qwen72B-int4_retail_50runs,2bfb5354-c557-4c0f-942b-82cfda37a222,8,0.006730554355781103,0.19235791265964508,1
qwen72B-int4_retail_50runs,2bfb5354-c557-4c0f-942b-82cfda37a222,10,0.0005906515942398521,0.8816401958465576,1
qwen72B-int4_retail_50runs,2bfb5354-c557-4c0f-942b-82cfda37a222,12,1.6660483349218956e-05,0.9319350123405457,1
qwen72B-int4_retail_50runs,2bfb5354-c557-4c0f-942b-82cfda37a222,14,0.0804345132944836,0.0,1
qwen72B-int4_retail_50runs,2bfb5354-c557-4c0f-942b-82cfda37a222,16,0.08576780740687527,1.0,1
qwen72B-int4_retail_50runs,2bfb5354-c557-4c0f-942b-82cfda37a222,18,0.019371081806471405,0.5950155854225159,1
qwen72B-int4_retail_50runs,84703bd2-f5c0-4c78-94d7-8937d9c39a3b,0,,,1
qwen72B-int4_retail_50runs,84703bd2-f5c0-4c78-94d7-8937d9c39a3b,2,0.005196756263249824,0.0,1
qwen72B-int4_retail_50runs,84703bd2-f5c0-4c78-94d7-8937d9c39a3b,4,0.2425832702044568,0.013205644914082118,1
qwen72B-int4_retail_50runs,84703bd2-f5c0-4c78-94d7-8937d9c39a3b,6,3.629551282377787e-05,0.0926462933421135,1
qwen72B-int4_retail_50runs,84703bd2-f5c0-4c78-94d7-8937d9c39a3b,8,0.1263773138877187,0.022994242462457393,1
qwen72B-int4_retail_50runs,84703bd2-f5c0-4c78-94d7-8937d9c39a3b,10,0.01655243488208929,0.367816267342403,1
qwen72B-int4_retail_50runs,84703bd2-f5c0-4c78-94d7-8937d9c39a3b,12,0.14217734557160014,0.07624323801560835,1
qwen72B-int4_retail_50runs,84703bd2-f5c0-4c78-94d7-8937d9c39a3b,14,0.010355219580384484,0.02852058724353188,1
qwen72B-int4_retail_50runs,84703bd2-f5c0-4c78-94d7-8937d9c39a3b,16,0.11310021298678674,0.2098614139990373,1
qwen72B-int4_retail_50runs,84703bd2-f5c0-4c78-94d7-8937d9c39a3b,18,0.011325237692945635,1.0,1
qwen72B-int4_retail_50runs,84703bd2-f5c0-4c78-94d7-8937d9c39a3b,20,0.11226440381749463,0.29802562793095905,1
qwen72B-int4_retail_50runs,84703bd2-f5c0-4c78-94d7-8937d9c39a3b,22,0.00781305168980324,0.05371881855858696,1
qwen72B-int4_retail_50runs,84703bd2-f5c0-4c78-94d7-8937d9c39a3b,24,0.057781044690697454,0.4350898166497549,1
qwen72B-int4_retail_50runs,84703bd2-f5c0-4c78-94d7-8937d9c39a3b,26,4.48038658257488e-05,0.6451791375875473,1
qwen72B-int4_retail_50runs,84703bd2-f5c0-4c78-94d7-8937d9c39a3b,28,0.07433857855419783,0.13911864663114643,1
qwen72B-int4_retail_50runs,566caf5b-2f51-427d-b21a-68e2cb2e27da,0,,,1
qwen72B-int4_retail_50runs,566caf5b-2f51-427d-b21a-68e2cb2e27da,2,0.0720407407389525,0.0,1
qwen72B-int4_retail_50runs,566caf5b-2f51-427d-b21a-68e2cb2e27da,4,0.05833198952009947,0.25314416488011676,1
qwen72B-int4_retail_50runs,566caf5b-2f51-427d-b21a-68e2cb2e27da,6,9.983609012288576e-06,0.06024205684661865,1
qwen72B-int4_retail_50runs,566caf5b-2f51-427d-b21a-68e2cb2e27da,8,0.11166700832106496,0.12242911493076998,1
qwen72B-int4_retail_50runs,566caf5b-2f51-427d-b21a-68e2cb2e27da,10,0.24300222378958442,0.3062173943770559,1
qwen72B-int4_retail_50runs,566caf5b-2f51-427d-b21a-68e2cb2e27da,12,0.0025595587085303307,0.10438403396895438,1
qwen72B-int4_retail_50runs,566caf5b-2f51-427d-b21a-68e2cb2e27da,14,0.08430665277213645,0.14369750022888184,1
qwen72B-int4_retail_50runs,566caf5b-2f51-427d-b21a-68e2cb2e27da,16,0.08046140627271531,0.16228665803608142,1
qwen72B-int4_retail_50runs,566caf5b-2f51-427d-b21a-68e2cb2e27da,18,0.1673624469587263,0.20218699425458908,1
qwen72B-int4_retail_50runs,566caf5b-2f51-427d-b21a-68e2cb2e27da,20,6.615677111322309e-05,0.22320588276936457,1
qwen72B-int4_retail_50runs,566caf5b-2f51-427d-b21a-68e2cb2e27da,22,0.012434772076276808,0.31196409463882446,1
qwen72B-int4_retail_50runs,566caf5b-2f51-427d-b21a-68e2cb2e27da,24,0.06187934069003255,0.3424986639330464,1
qwen72B-int4_retail_50runs,566caf5b-2f51-427d-b21a-68e2cb2e27da,26,0.0801501831679666,0.10246922572453816,1
qwen72B-int4_retail_50runs,566caf5b-2f51-427d-b21a-68e2cb2e27da,28,0.08480236860657235,0.16589419997256735,1
qwen72B-int4_retail_50runs,566caf5b-2f51-427d-b21a-68e2cb2e27da,30,4.616678192697066e-05,0.2541646228896247,1
qwen72B-int4_retail_50runs,566caf5b-2f51-427d-b21a-68e2cb2e27da,32,0.06451326636489804,0.39394242272657504,1
qwen72B-int4_retail_50runs,55079dbe-cefd-4b06-abb9-3c080f5c0441,0,,,1
qwen72B-int4_retail_50runs,55079dbe-cefd-4b06-abb9-3c080f5c0441,2,0.12857066174108586,0.0,1
qwen72B-int4_retail_50runs,55079dbe-cefd-4b06-abb9-3c080f5c0441,4,0.1138973426019572,0.36711119328226366,1
qwen72B-int4_retail_50runs,55079dbe-cefd-4b06-abb9-3c080f5c0441,6,8.958552931106725e-06,0.05455185890197754,1
qwen72B-int4_retail_50runs,55079dbe-cefd-4b06-abb9-3c080f5c0441,8,0.198692811325892,0.061953135899135044,1
qwen72B-int4_retail_50runs,55079dbe-cefd-4b06-abb9-3c080f5c0441,10,0.09340454453415689,0.061170611530542374,1
qwen72B-int4_retail_50runs,55079dbe-cefd-4b06-abb9-3c080f5c0441,12,0.19695994540102732,0.18496287445868215,1
qwen72B-int4_retail_50runs,55079dbe-cefd-4b06-abb9-3c080f5c0441,14,0.0002009002494508921,0.11953220367431641,1
qwen72B-int4_retail_50runs,55079dbe-cefd-4b06-abb9-3c080f5c0441,16,0.1830987234513089,0.16324918270111086,1
qwen72B-int4_retail_50runs,55079dbe-cefd-4b06-abb9-3c080f5c0441,18,1.8910254419093408e-05,0.12183022499084473,1
qwen72B-int4_retail_50runs,55079dbe-cefd-4b06-abb9-3c080f5c0441,20,0.06442625963386597,0.1324647458232179,1
qwen72B-int4_retail_50runs,55079dbe-cefd-4b06-abb9-3c080f5c0441,22,0.020631416497202862,0.4754028638203939,1
qwen72B-int4_retail_50runs,55079dbe-cefd-4b06-abb9-3c080f5c0441,24,0.13406655178070223,0.21840236688915052,1
qwen72B-int4_retail_50runs,55079dbe-cefd-4b06-abb9-3c080f5c0441,26,0.08470792872269102,0.07230491066972415,1
qwen72B-int4_retail_50runs,55079dbe-cefd-4b06-abb9-3c080f5c0441,28,0.013617427161687689,0.03605394209584882,1
qwen72B-int4_retail_50runs,55079dbe-cefd-4b06-abb9-3c080f5c0441,30,0.06050799709927401,0.1751805973834679,1
qwen72B-int4_retail_50runs,55079dbe-cefd-4b06-abb9-3c080f5c0441,32,0.0037929569146095002,0.07784567028284073,1
qwen72B-int4_retail_50runs,55079dbe-cefd-4b06-abb9-3c080f5c0441,34,0.05323927353892536,0.15645064534367742,1
qwen72B-int4_retail_50runs,276ea82e-fff6-4547-91f9-1e38d6255245,0,,,1
qwen72B-int4_retail_50runs,276ea82e-fff6-4547-91f9-1e38d6255245,2,0.0995833546402607,0.0,1
qwen72B-int4_retail_50runs,276ea82e-fff6-4547-91f9-1e38d6255245,4,0.20446948539827509,0.17503488063812256,1
qwen72B-int4_retail_50runs,276ea82e-fff6-4547-91f9-1e38d6255245,6,0.2634264607659184,0.19839853812486696,1
qwen72B-int4_retail_50runs,276ea82e-fff6-4547-91f9-1e38d6255245,8,0.001602493851770248,0.02317944878623599,1
qwen72B-int4_retail_50runs,276ea82e-fff6-4547-91f9-1e38d6255245,10,0.19875728363722994,0.08775606854208585,1
qwen72B-int4_retail_50runs,276ea82e-fff6-4547-91f9-1e38d6255245,12,0.15614199018828334,0.09976442093434541,1
qwen72B-int4_retail_50runs,276ea82e-fff6-4547-91f9-1e38d6255245,14,0.09411572016019286,1.0,1
qwen72B-int4_retail_50runs,276ea82e-fff6-4547-91f9-1e38d6255245,16,0.10352400611830026,0.21982599707210765,1
qwen72B-int4_retail_50runs,276ea82e-fff6-4547-91f9-1e38d6255245,18,0.23715947149256286,0.1084301389496902,1
qwen72B-int4_retail_50runs,276ea82e-fff6-4547-91f9-1e38d6255245,20,0.10092382917800206,0.13192974217236042,1
qwen72B-int4_retail_50runs,276ea82e-fff6-4547-91f9-1e38d6255245,22,0.00011591344794600158,0.024323002858595417,1
qwen72B-int4_retail_50runs,d5810ac8-27b8-4122-8346-051634167d17,0,,,1
qwen72B-int4_retail_50runs,d5810ac8-27b8-4122-8346-051634167d17,2,0.19365443610570654,0.0,1
qwen72B-int4_retail_50runs,d5810ac8-27b8-4122-8346-051634167d17,4,0.21328976579122655,0.28408712533212477,1
qwen72B-int4_retail_50runs,d5810ac8-27b8-4122-8346-051634167d17,6,4.4413678181361624e-05,0.06226446628570557,1
qwen72B-int4_retail_50runs,d5810ac8-27b8-4122-8346-051634167d17,8,0.13959506735994792,0.16284715838548613,1
qwen72B-int4_retail_50runs,d5810ac8-27b8-4122-8346-051634167d17,10,0.12009048439823584,0.1675298497080803,1
qwen72B-int4_retail_50runs,d5810ac8-27b8-4122-8346-051634167d17,12,0.2175635041328167,1.0,1
qwen72B-int4_retail_50runs,d5810ac8-27b8-4122-8346-051634167d17,14,0.1331101530710142,0.21895436942577362,1
qwen72B-int4_retail_50runs,d5810ac8-27b8-4122-8346-051634167d17,16,0.10119152320715995,0.2945300323622567,1
qwen72B-int4_retail_50runs,d5810ac8-27b8-4122-8346-051634167d17,18,0.0009448821326538061,0.021253201468237514,1
qwen72B-int4_retail_50runs,d5810ac8-27b8-4122-8346-051634167d17,20,0.1151870385658778,0.23309397490128228,1
qwen72B-int4_retail_50runs,d5810ac8-27b8-4122-8346-051634167d17,22,0.000270880901525728,0.0,1
qwen72B-int4_retail_50runs,a7f41f34-4664-421e-8ff3-6b9fee4b85ce,0,,,1
qwen72B-int4_retail_50runs,a7f41f34-4664-421e-8ff3-6b9fee4b85ce,2,0.0003269506239324945,0.0,1
qwen72B-int4_retail_50runs,a7f41f34-4664-421e-8ff3-6b9fee4b85ce,4,0.26529150235875487,0.022241190627769185,1
qwen72B-int4_retail_50runs,a7f41f34-4664-421e-8ff3-6b9fee4b85ce,6,0.010816057179834474,0.09812162816524506,1
qwen72B-int4_retail_50runs,a7f41f34-4664-421e-8ff3-6b9fee4b85ce,8,0.03904271015449522,0.17012778789766372,1
qwen72B-int4_retail_50runs,a7f41f34-4664-421e-8ff3-6b9fee4b85ce,10,0.1710580476470971,0.12177672169425272,1
qwen72B-int4_retail_50runs,a7f41f34-4664-421e-8ff3-6b9fee4b85ce,12,0.15160925134371311,0.09714572239613187,1
qwen72B-int4_retail_50runs,a7f41f34-4664-421e-8ff3-6b9fee4b85ce,14,0.031373477854185136,0.3241866606253165,1
qwen72B-int4_retail_50runs,a7f41f34-4664-421e-8ff3-6b9fee4b85ce,16,0.11958627354286061,0.21737282761072707,1
qwen72B-int4_retail_50runs,a7f41f34-4664-421e-8ff3-6b9fee4b85ce,18,0.011561766361222543,0.3292432338633436,1
qwen72B-int4_retail_50runs,a7f41f34-4664-421e-8ff3-6b9fee4b85ce,20,0.14252387523612686,0.13165485042415254,1
qwen72B-int4_retail_50runs,a7f41f34-4664-421e-8ff3-6b9fee4b85ce,22,0.028872532967081248,0.3010971608914827,1
qwen72B-int4_retail_50runs,a7f41f34-4664-421e-8ff3-6b9fee4b85ce,24,0.10223755673843174,0.1653764272729556,1
qwen72B-int4_retail_50runs,a7f41f34-4664-421e-8ff3-6b9fee4b85ce,26,0.16349635539913313,0.26089001203838147,1
qwen72B-int4_retail_50runs,a7f41f34-4664-421e-8ff3-6b9fee4b85ce,28,0.06267221979818426,0.14013737440109253,1
qwen72B-int4_retail_50runs,a7f41f34-4664-421e-8ff3-6b9fee4b85ce,30,0.01168951316967376,0.24729054146691373,1
qwen72B-int4_retail_50runs,a7f41f34-4664-421e-8ff3-6b9fee4b85ce,32,0.06348545042117937,0.2851578117462627,1
qwen72B-int4_retail_50runs,a7f41f34-4664-421e-8ff3-6b9fee4b85ce,34,0.12760412551467107,0.11241205312587596,1
qwen72B-int4_retail_50runs,a7f41f34-4664-421e-8ff3-6b9fee4b85ce,36,0.0402303612142181,0.17872461318969726,1
qwen72B-int4_retail_50runs,a7f41f34-4664-421e-8ff3-6b9fee4b85ce,38,0.11593305167528126,0.21554828131640397,1
qwen72B-int4_retail_50runs,a7f41f34-4664-421e-8ff3-6b9fee4b85ce,40,0.07706225514613003,0.356203843807352,1
qwen72B-int4_retail_50runs,a7f41f34-4664-421e-8ff3-6b9fee4b85ce,42,0.09599037453850602,0.4844196471300992,1
qwen72B-int4_retail_50runs,624e91be-928a-43f4-aa9a-de9b8d5bc98f,0,,,1
qwen72B-int4_retail_50runs,624e91be-928a-43f4-aa9a-de9b8d5bc98f,2,0.07578168665424284,0.0,1
qwen72B-int4_retail_50runs,624e91be-928a-43f4-aa9a-de9b8d5bc98f,4,0.15770514238803846,0.2275787380433852,1
qwen72B-int4_retail_50runs,624e91be-928a-43f4-aa9a-de9b8d5bc98f,6,6.231909461260128e-05,0.10506094538647195,1
qwen72B-int4_retail_50runs,624e91be-928a-43f4-aa9a-de9b8d5bc98f,8,0.2515118887935152,0.04458545338023792,1
qwen72B-int4_retail_50runs,624e91be-928a-43f4-aa9a-de9b8d5bc98f,10,0.016511411204408924,0.06992688775062561,1
qwen72B-int4_retail_50runs,624e91be-928a-43f4-aa9a-de9b8d5bc98f,12,0.26735625049368944,0.12608127792676288,1
qwen72B-int4_retail_50runs,624e91be-928a-43f4-aa9a-de9b8d5bc98f,14,0.03742560679608905,1.0,1
qwen72B-int4_retail_50runs,624e91be-928a-43f4-aa9a-de9b8d5bc98f,16,0.15414501755460835,0.32179755193215825,1
qwen72B-int4_retail_50runs,624e91be-928a-43f4-aa9a-de9b8d5bc98f,18,0.002358319535195432,0.12648367881774902,1
qwen72B-int4_retail_50runs,624e91be-928a-43f4-aa9a-de9b8d5bc98f,20,0.1439876913210543,0.21916510229525357,1
qwen72B-int4_retail_50runs,624e91be-928a-43f4-aa9a-de9b8d5bc98f,22,0.012084348259917953,0.11970053911209107,1
qwen72B-int4_retail_50runs,624e91be-928a-43f4-aa9a-de9b8d5bc98f,24,0.09491231429799105,0.1529034160705934,1
qwen72B-int4_retail_50runs,624e91be-928a-43f4-aa9a-de9b8d5bc98f,26,0.004589615550554147,0.21920396600450787,1
qwen72B-int4_retail_50runs,624e91be-928a-43f4-aa9a-de9b8d5bc98f,28,0.137025100282727,0.2526501282568901,1
qwen72B-int4_retail_50runs,624e91be-928a-43f4-aa9a-de9b8d5bc98f,30,0.000681136764052237,0.5421087518334389,1
qwen72B-int4_retail_50runs,624e91be-928a-43f4-aa9a-de9b8d5bc98f,32,0.08302817635651122,1.0,1
qwen72B-int4_retail_50runs,624e91be-928a-43f4-aa9a-de9b8d5bc98f,34,0.12978016668313674,0.14403686890235315,1
qwen72B-int4_retail_50runs,624e91be-928a-43f4-aa9a-de9b8d5bc98f,36,0.11673756840682294,0.10400095556536293,1
qwen72B-int4_retail_50runs,624e91be-928a-43f4-aa9a-de9b8d5bc98f,38,0.09135134042308914,0.5017436544100443,1
qwen72B-int4_retail_50runs,59ea9131-e3cb-48c9-8fda-0349ebeb3b9e,0,,,0
qwen72B-int4_retail_50runs,59ea9131-e3cb-48c9-8fda-0349ebeb3b9e,2,0.09943811850231439,0.0,0
qwen72B-int4_retail_50runs,59ea9131-e3cb-48c9-8fda-0349ebeb3b9e,4,0.13379057456054164,0.45346573124761164,0
qwen72B-int4_retail_50runs,59ea9131-e3cb-48c9-8fda-0349ebeb3b9e,6,3.158813303419568e-05,0.06572087786414407,0
qwen72B-int4_retail_50runs,59ea9131-e3cb-48c9-8fda-0349ebeb3b9e,8,0.18596817796165602,0.06652192388262067,0
qwen72B-int4_retail_50runs,59ea9131-e3cb-48c9-8fda-0349ebeb3b9e,10,0.018861402310747163,0.09812162816524506,0
qwen72B-int4_retail_50runs,59ea9131-e3cb-48c9-8fda-0349ebeb3b9e,12,0.175580536937109,0.13800303678254824,0
qwen72B-int4_retail_50runs,59ea9131-e3cb-48c9-8fda-0349ebeb3b9e,14,0.08207662184700645,0.2162028117613359,0
qwen72B-int4_retail_50runs,59ea9131-e3cb-48c9-8fda-0349ebeb3b9e,16,0.09316701627980085,0.38394940660354937,0
qwen72B-int4_retail_50runs,59ea9131-e3cb-48c9-8fda-0349ebeb3b9e,18,0.054708263225775496,0.39971501984686225,0
qwen72B-int4_retail_50runs,59ea9131-e3cb-48c9-8fda-0349ebeb3b9e,20,0.05153909052385262,0.2663620313008626,0
qwen72B-int4_retail_50runs,59ea9131-e3cb-48c9-8fda-0349ebeb3b9e,22,0.034906749109679634,0.6077894369761149,0
qwen72B-int4_retail_50runs,59ea9131-e3cb-48c9-8fda-0349ebeb3b9e,24,0.03874640319312258,1.0,0
qwen72B-int4_retail_50runs,59ea9131-e3cb-48c9-8fda-0349ebeb3b9e,26,0.0974778912177095,0.25627147184835897,0
qwen72B-int4_retail_50runs,59ea9131-e3cb-48c9-8fda-0349ebeb3b9e,28,0.09769975775500381,0.10564564512326168,0
qwen72B-int4_retail_50runs,59ea9131-e3cb-48c9-8fda-0349ebeb3b9e,30,0.04754765367035248,0.4234701097011566,0
qwen72B-int4_retail_50runs,59ea9131-e3cb-48c9-8fda-0349ebeb3b9e,32,0.0330843953610477,0.16737910866737366,0
qwen72B-int4_retail_50runs,59ea9131-e3cb-48c9-8fda-0349ebeb3b9e,34,0.031007418564132395,0.2069594020574865,0
qwen72B-int4_retail_50runs,0872c32a-2530-4f75-b793-b92353447123,0,,,1
qwen72B-int4_retail_50runs,0872c32a-2530-4f75-b793-b92353447123,2,0.11233095042997254,0.0,1
qwen72B-int4_retail_50runs,0872c32a-2530-4f75-b793-b92353447123,4,0.13855651746476608,0.23135682844346572,1
qwen72B-int4_retail_50runs,0872c32a-2530-4f75-b793-b92353447123,6,8.462701458253403e-05,0.10013144949208135,1
qwen72B-int4_retail_50runs,0872c32a-2530-4f75-b793-b92353447123,8,0.16506831269683056,0.0362855315208435,1
qwen72B-int4_retail_50runs,0872c32a-2530-4f75-b793-b92353447123,10,0.04600755585966557,0.06666065752506256,1
qwen72B-int4_retail_50runs,0872c32a-2530-4f75-b793-b92353447123,12,0.10622168382232407,0.13005721812345541,1
qwen72B-int4_retail_50runs,0872c32a-2530-4f75-b793-b92353447123,14,0.09504909898575929,0.26332825802742166,1
qwen72B-int4_retail_50runs,0872c32a-2530-4f75-b793-b92353447123,16,0.02569938392021141,1.0,1
qwen72B-int4_retail_50runs,0872c32a-2530-4f75-b793-b92353447123,18,0.09802030405965359,0.5377549071644627,1
qwen72B-int4_retail_50runs,0872c32a-2530-4f75-b793-b92353447123,20,0.006501108303887345,0.4353874623775482,1
qwen72B-int4_retail_50runs,0872c32a-2530-4f75-b793-b92353447123,22,0.03435489915817677,1.0,1
qwen72B-int4_retail_50runs,0872c32a-2530-4f75-b793-b92353447123,24,0.1532732514447119,0.3212163714425904,1
qwen72B-int4_retail_50runs,0872c32a-2530-4f75-b793-b92353447123,26,0.09030652327778463,1.0,1
qwen72B-int4_retail_50runs,0872c32a-2530-4f75-b793-b92353447123,28,0.04779508053094759,1.0,1
qwen72B-int4_retail_50runs,0872c32a-2530-4f75-b793-b92353447123,30,0.046708787870842934,0.723942936531135,1
qwen72B-int4_retail_50runs,0872c32a-2530-4f75-b793-b92353447123,32,0.08960101102610225,0.12460039017048287,1
qwen72B-int4_retail_50runs,0872c32a-2530-4f75-b793-b92353447123,34,0.00011027965658621197,0.05019152791876542,1
qwen72B-int4_retail_50runs,f3700446-2455-4ff6-858f-a1e8e8ed7262,0,,,1
qwen72B-int4_retail_50runs,f3700446-2455-4ff6-858f-a1e8e8ed7262,2,0.1437348000979013,0.0,1
qwen72B-int4_retail_50runs,f3700446-2455-4ff6-858f-a1e8e8ed7262,4,0.17398312840063118,0.06754620805863411,1
qwen72B-int4_retail_50runs,f3700446-2455-4ff6-858f-a1e8e8ed7262,6,2.6009209689942487e-05,0.07200218439102173,1
qwen72B-int4_retail_50runs,f3700446-2455-4ff6-858f-a1e8e8ed7262,8,0.18382252231082472,0.04403688876252425,1
qwen72B-int4_retail_50runs,f3700446-2455-4ff6-858f-a1e8e8ed7262,10,0.2333248547193817,0.11355926632881165,1
qwen72B-int4_retail_50runs,f3700446-2455-4ff6-858f-a1e8e8ed7262,12,0.0002569569688863904,0.09688674658536911,1
qwen72B-int4_retail_50runs,f3700446-2455-4ff6-858f-a1e8e8ed7262,14,0.12167230816632683,0.15542945629212915,1
qwen72B-int4_retail_50runs,f3700446-2455-4ff6-858f-a1e8e8ed7262,16,0.0820272460342715,0.19500890317952857,1
qwen72B-int4_retail_50runs,f3700446-2455-4ff6-858f-a1e8e8ed7262,18,0.010982513476232102,0.12208269834518433,1
qwen72B-int4_retail_50runs,f3700446-2455-4ff6-858f-a1e8e8ed7262,20,0.00013322169423323933,0.47245654463768005,1
qwen72B-int4_retail_50runs,f3700446-2455-4ff6-858f-a1e8e8ed7262,22,0.06693378572709052,0.11313016169539121,1
qwen72B-int4_retail_50runs,f3700446-2455-4ff6-858f-a1e8e8ed7262,24,0.01615098772778115,0.20146681368350983,1
qwen72B-int4_retail_50runs,f3700446-2455-4ff6-858f-a1e8e8ed7262,26,0.2088665358825377,0.059528328547967926,1
qwen72B-int4_retail_50runs,f3700446-2455-4ff6-858f-a1e8e8ed7262,28,0.010646009975409024,0.21504420042037964,1
qwen72B-int4_retail_50runs,f3700446-2455-4ff6-858f-a1e8e8ed7262,30,0.12069855387537735,0.17016987437787262,1
qwen72B-int4_retail_50runs,f3700446-2455-4ff6-858f-a1e8e8ed7262,32,0.10476234548131726,0.13120795471567503,1
qwen72B-int4_retail_50runs,f3700446-2455-4ff6-858f-a1e8e8ed7262,34,0.03573617060451503,0.14552125293914586,1
qwen72B-int4_retail_50runs,f3700446-2455-4ff6-858f-a1e8e8ed7262,36,0.13897396885648,1.0,1
qwen72B-int4_retail_50runs,f3700446-2455-4ff6-858f-a1e8e8ed7262,38,0.020408407491557215,1.0,1
qwen72B-int4_retail_50runs,f3700446-2455-4ff6-858f-a1e8e8ed7262,40,0.07178623881943973,1.0,1
qwen72B-int4_retail_50runs,f3700446-2455-4ff6-858f-a1e8e8ed7262,42,0.02175723592806548,1.0,1
qwen72B-int4_retail_50runs,f3700446-2455-4ff6-858f-a1e8e8ed7262,44,0.07672388670419045,0.24426870346069335,1
qwen72B-int4_retail_50runs,f3700446-2455-4ff6-858f-a1e8e8ed7262,46,0.04760273941176536,0.26540176932876175,1
qwen72B-int4_retail_50runs,f3700446-2455-4ff6-858f-a1e8e8ed7262,48,0.03904189189668933,0.23867061432827724,1
qwen72B-int4_retail_50runs,f3700446-2455-4ff6-858f-a1e8e8ed7262,50,0.08262188376418056,0.2136790382601049,1
qwen72B-int4_retail_50runs,f3700446-2455-4ff6-858f-a1e8e8ed7262,52,0.00388712309357678,0.10236861184239386,1
qwen72B-int4_retail_50runs,f3700446-2455-4ff6-858f-a1e8e8ed7262,54,0.010629799164389102,0.12629727522532144,1
qwen72B-int4_retail_50runs,f3700446-2455-4ff6-858f-a1e8e8ed7262,56,0.05262083333166147,0.2751676512927544,1
qwen72B-int4_retail_50runs,f3700446-2455-4ff6-858f-a1e8e8ed7262,58,0.015148193218887582,0.5093338896588581,1
qwen72B-int4_retail_50runs,f3700446-2455-4ff6-858f-a1e8e8ed7262,60,0.04482425794061494,0.2518836218014098,1
qwen72B-int4_retail_50runs,f3700446-2455-4ff6-858f-a1e8e8ed7262,62,0.017909227292465354,0.4938148049747243,1
qwen72B-int4_retail_50runs,f3700446-2455-4ff6-858f-a1e8e8ed7262,64,0.01239582963255561,1.0,1
qwen72B-int4_retail_50runs,f3700446-2455-4ff6-858f-a1e8e8ed7262,66,0.038500249805971345,0.15292125774754417,1
qwen72B-int4_retail_50runs,f3700446-2455-4ff6-858f-a1e8e8ed7262,68,0.06990130306139199,0.5663070559501647,1
qwen72B-int4_retail_50runs,f3700446-2455-4ff6-858f-a1e8e8ed7262,70,0.02767257867652918,0.8777476856785437,1
qwen72B-int4_retail_50runs,f3700446-2455-4ff6-858f-a1e8e8ed7262,72,0.09488696228826429,0.2868871469246714,1
qwen72B-int4_retail_50runs,57636cc1-28f2-451e-9216-6da3d135439f,0,,,1
qwen72B-int4_retail_50runs,57636cc1-28f2-451e-9216-6da3d135439f,2,0.13831520868352518,0.0,1
qwen72B-int4_retail_50runs,57636cc1-28f2-451e-9216-6da3d135439f,4,0.27373880270785916,0.23897709073247136,1
qwen72B-int4_retail_50runs,57636cc1-28f2-451e-9216-6da3d135439f,6,4.433522026352095e-05,0.06507989764213562,1
qwen72B-int4_retail_50runs,57636cc1-28f2-451e-9216-6da3d135439f,8,0.14427890188308412,0.23169720957153722,1
qwen72B-int4_retail_50runs,57636cc1-28f2-451e-9216-6da3d135439f,10,0.27841867907476964,0.07081622046393317,1
qwen72B-int4_retail_50runs,57636cc1-28f2-451e-9216-6da3d135439f,12,0.012617396954444051,0.06525883823633194,1
qwen72B-int4_retail_50runs,57636cc1-28f2-451e-9216-6da3d135439f,14,0.14407447016151206,0.09519798681139946,1
qwen72B-int4_retail_50runs,57636cc1-28f2-451e-9216-6da3d135439f,16,0.01564075410626756,0.47597548365592957,1
qwen72B-int4_retail_50runs,57636cc1-28f2-451e-9216-6da3d135439f,18,0.1350875165665916,0.42605454126993814,1
qwen72B-int4_retail_50runs,57636cc1-28f2-451e-9216-6da3d135439f,20,0.01888360792287113,0.46193596720695496,1
qwen72B-int4_retail_50runs,57636cc1-28f2-451e-9216-6da3d135439f,22,0.09641049648802737,0.48127943404177403,1
qwen72B-int4_retail_50runs,57636cc1-28f2-451e-9216-6da3d135439f,24,0.08005416799835853,1.0,1
qwen72B-int4_retail_50runs,57636cc1-28f2-451e-9216-6da3d135439f,26,0.09725260522346824,0.2601025375452909,1
qwen72B-int4_retail_50runs,57636cc1-28f2-451e-9216-6da3d135439f,28,0.10340041411800342,0.09498735131888554,1
qwen72B-int4_retail_50runs,57636cc1-28f2-451e-9216-6da3d135439f,30,0.06870742426357389,0.20978601276874542,1
qwen72B-int4_retail_50runs,57636cc1-28f2-451e-9216-6da3d135439f,32,0.045168025141228245,0.3908423255471622,1
qwen72B-int4_retail_50runs,57636cc1-28f2-451e-9216-6da3d135439f,34,0.016739419408183645,0.3623818096361662,1
qwen72B-int4_retail_50runs,57636cc1-28f2-451e-9216-6da3d135439f,36,0.05805786281322817,0.22295337915420532,1
qwen72B-int4_retail_50runs,bb08ccba-9126-4dd6-afed-0b237b5831c4,0,,,0
qwen72B-int4_retail_50runs,bb08ccba-9126-4dd6-afed-0b237b5831c4,2,0.11620287376929618,0.0,0
qwen72B-int4_retail_50runs,bb08ccba-9126-4dd6-afed-0b237b5831c4,4,0.19983994235451716,0.3121256599059472,0
qwen72B-int4_retail_50runs,bb08ccba-9126-4dd6-afed-0b237b5831c4,6,0.0002120732592859104,0.058722944259643556,0
qwen72B-int4_retail_50runs,bb08ccba-9126-4dd6-afed-0b237b5831c4,8,0.11331847689665768,0.19956585855195016,0
qwen72B-int4_retail_50runs,bb08ccba-9126-4dd6-afed-0b237b5831c4,10,0.20736944333670168,0.12506101005955744,0
qwen72B-int4_retail_50runs,bb08ccba-9126-4dd6-afed-0b237b5831c4,12,0.058388542270363504,0.20566932252935463,0
qwen72B-int4_retail_50runs,bb08ccba-9126-4dd6-afed-0b237b5831c4,14,0.057825907753073905,0.4195118883381719,0
qwen72B-int4_retail_50runs,bb08ccba-9126-4dd6-afed-0b237b5831c4,16,0.14609964642434067,0.11760158538818359,0
qwen72B-int4_retail_50runs,bb08ccba-9126-4dd6-afed-0b237b5831c4,18,0.026362793250628083,0.5047789780717147,0
qwen72B-int4_retail_50runs,bb08ccba-9126-4dd6-afed-0b237b5831c4,20,0.11074426466653653,0.1489563945567969,0
qwen72B-int4_retail_50runs,bb08ccba-9126-4dd6-afed-0b237b5831c4,22,0.15524609325687477,0.12024272110924793,0
qwen72B-int4_retail_50runs,bb08ccba-9126-4dd6-afed-0b237b5831c4,24,0.11260083008063258,0.20500737564130264,0
qwen72B-int4_retail_50runs,bb08ccba-9126-4dd6-afed-0b237b5831c4,26,0.08417744287111989,0.18071931927171472,0
qwen72B-int4_retail_50runs,bb08ccba-9126-4dd6-afed-0b237b5831c4,28,0.08140214191192338,0.3650474987531963,0
qwen72B-int4_retail_50runs,bb08ccba-9126-4dd6-afed-0b237b5831c4,30,0.024651417035577338,0.6797910001542833,0
qwen72B-int4_retail_50runs,bb08ccba-9126-4dd6-afed-0b237b5831c4,32,0.04033286138445555,0.21127778571099043,0
qwen72B-int4_retail_50runs,bb08ccba-9126-4dd6-afed-0b237b5831c4,34,0.05829167199085772,0.1450974435517282,0
qwen72B-int4_retail_50runs,bb08ccba-9126-4dd6-afed-0b237b5831c4,36,0.1018079825138961,0.20943441757789025,0
qwen72B-int4_retail_50runs,bb08ccba-9126-4dd6-afed-0b237b5831c4,38,0.047690401824285876,0.1849195446286883,0
qwen72B-int4_retail_50runs,bb08ccba-9126-4dd6-afed-0b237b5831c4,40,0.05115215094708072,0.21525938402522693,0
qwen72B-int4_retail_50runs,bb08ccba-9126-4dd6-afed-0b237b5831c4,42,0.05927556673316295,0.4395545494967493,0
qwen72B-int4_retail_50runs,bb08ccba-9126-4dd6-afed-0b237b5831c4,44,0.03032757697401127,0.18402460548612806,0
qwen72B-int4_retail_50runs,bb08ccba-9126-4dd6-afed-0b237b5831c4,46,0.06750070919173866,0.08315551943249172,0
qwen72B-int4_retail_50runs,bb08ccba-9126-4dd6-afed-0b237b5831c4,48,0.1072658777251871,0.19591218944805772,0
qwen72B-int4_retail_50runs,bb08ccba-9126-4dd6-afed-0b237b5831c4,50,0.023161582904585417,0.4655719470977783,0
qwen72B-int4_retail_50runs,bb08ccba-9126-4dd6-afed-0b237b5831c4,52,0.08883153836247244,0.1110260316303798,0
qwen72B-int4_retail_50runs,bad6246e-acc2-439b-98a0-58080b3f2439,0,,,1
qwen72B-int4_retail_50runs,bad6246e-acc2-439b-98a0-58080b3f2439,2,0.124540071053193,0.0,1
qwen72B-int4_retail_50runs,bad6246e-acc2-439b-98a0-58080b3f2439,4,0.1911542706364924,0.23406127383632047,1
qwen72B-int4_retail_50runs,bad6246e-acc2-439b-98a0-58080b3f2439,6,6.621227066732678e-05,0.10836717757311734,1
qwen72B-int4_retail_50runs,bad6246e-acc2-439b-98a0-58080b3f2439,8,0.2236554607352999,0.051029251332868605,1
qwen72B-int4_retail_50runs,bad6246e-acc2-439b-98a0-58080b3f2439,10,6.345991236382058e-05,0.09658563137054443,1
qwen72B-int4_retail_50runs,bad6246e-acc2-439b-98a0-58080b3f2439,12,0.1276498479042166,0.30781654211191034,1
qwen72B-int4_retail_50runs,bad6246e-acc2-439b-98a0-58080b3f2439,14,5.485491388020787e-05,0.121975314617157,1
qwen72B-int4_retail_50runs,bad6246e-acc2-439b-98a0-58080b3f2439,16,0.07531674501193605,0.07152697410476341,1
qwen72B-int4_retail_50runs,bad6246e-acc2-439b-98a0-58080b3f2439,18,0.16601153122174958,0.08193129065789675,1
qwen72B-int4_retail_50runs,bad6246e-acc2-439b-98a0-58080b3f2439,20,0.05975851873998419,0.06749983876943588,1
qwen72B-int4_retail_50runs,bad6246e-acc2-439b-98a0-58080b3f2439,22,0.059218105905813154,0.18404611257406384,1
qwen72B-int4_retail_50runs,6c5e44e8-af71-42eb-a6aa-d75b37e82059,0,,,1
qwen72B-int4_retail_50runs,6c5e44e8-af71-42eb-a6aa-d75b37e82059,2,0.14072870573253846,0.0,1
qwen72B-int4_retail_50runs,6c5e44e8-af71-42eb-a6aa-d75b37e82059,4,0.1429941146920815,0.19649547689101274,1
qwen72B-int4_retail_50runs,6c5e44e8-af71-42eb-a6aa-d75b37e82059,6,0.032795479414251594,0.18443475509512014,1
qwen72B-int4_retail_50runs,6c5e44e8-af71-42eb-a6aa-d75b37e82059,8,0.21446550736712885,0.13031188079289027,1
qwen72B-int4_retail_50runs,6c5e44e8-af71-42eb-a6aa-d75b37e82059,10,0.027965570914905154,0.22470023311101472,1
qwen72B-int4_retail_50runs,6c5e44e8-af71-42eb-a6aa-d75b37e82059,12,0.15307744730407258,0.1972171992671733,1
qwen72B-int4_retail_50runs,1d55a321-f438-4b5a-9bb7-8f3151522714,0,,,0
qwen72B-int4_retail_50runs,1d55a321-f438-4b5a-9bb7-8f3151522714,2,0.13608393578438063,0.0,0
qwen72B-int4_retail_50runs,1d55a321-f438-4b5a-9bb7-8f3151522714,4,0.1343380454902249,0.31352904282118144,0
qwen72B-int4_retail_50runs,1d55a321-f438-4b5a-9bb7-8f3151522714,6,0.17056848901109326,0.1589142254420689,0
qwen72B-int4_retail_50runs,1d55a321-f438-4b5a-9bb7-8f3151522714,8,0.07751271338735131,0.28778824680729914,0
qwen72B-int4_retail_50runs,1d55a321-f438-4b5a-9bb7-8f3151522714,10,0.12462936931123245,0.10026167829831441,0
qwen72B-int4_retail_50runs,1d55a321-f438-4b5a-9bb7-8f3151522714,12,0.053208850514502484,0.20421228042015663,0
qwen72B-int4_retail_50runs,1d55a321-f438-4b5a-9bb7-8f3151522714,14,0.0831403824551144,0.20854438052457921,0
qwen72B-int4_retail_50runs,1d55a321-f438-4b5a-9bb7-8f3151522714,16,0.017434445511908852,0.2070178052653437,0
qwen72B-int4_retail_50runs,1d55a321-f438-4b5a-9bb7-8f3151522714,18,0.09956127912381212,0.18259603447384304,0
qwen72B-int4_retail_50runs,1d55a321-f438-4b5a-9bb7-8f3151522714,20,0.0300143972410023,0.6919986435345241,0
qwen72B-int4_retail_50runs,1d55a321-f438-4b5a-9bb7-8f3151522714,22,0.0023916577665622648,0.6734187752008438,0
qwen72B-int4_retail_50runs,1d55a321-f438-4b5a-9bb7-8f3151522714,24,0.019072511649210873,0.6929136599813189,0
qwen72B-int4_retail_50runs,1d55a321-f438-4b5a-9bb7-8f3151522714,26,0.12398373278091336,0.11739752822452121,0
qwen72B-int4_retail_50runs,1d55a321-f438-4b5a-9bb7-8f3151522714,28,0.1962965650633163,0.10353694138703522,0
qwen72B-int4_retail_50runs,1d55a321-f438-4b5a-9bb7-8f3151522714,30,0.09168968913201722,0.1496467924118042,0
qwen72B-int4_retail_50runs,1d55a321-f438-4b5a-9bb7-8f3151522714,32,0.06475964499491528,0.2517042290873644,0
qwen72B-int4_retail_50runs,1d55a321-f438-4b5a-9bb7-8f3151522714,34,0.057123516831433074,0.3288421710332235,0
qwen72B-int4_retail_50runs,1d55a321-f438-4b5a-9bb7-8f3151522714,36,0.08353606651873849,0.24963918854208555,0
qwen72B-int4_retail_50runs,1d55a321-f438-4b5a-9bb7-8f3151522714,38,0.08083606770982438,1.0,0
qwen72B-int4_retail_50runs,1d55a321-f438-4b5a-9bb7-8f3151522714,40,0.07489756535163801,0.23272819702441874,0
qwen72B-int4_retail_50runs,1d55a321-f438-4b5a-9bb7-8f3151522714,42,0.010636608831973017,1.0,0
qwen72B-int4_retail_50runs,1d55a321-f438-4b5a-9bb7-8f3151522714,44,0.016303627831536764,0.3183278543608529,0
qwen72B-int4_retail_50runs,1d55a321-f438-4b5a-9bb7-8f3151522714,46,0.01123449759091165,0.8045775477702801,0
qwen72B-int4_retail_50runs,1d55a321-f438-4b5a-9bb7-8f3151522714,48,0.020636077339847403,0.06609121210434857,0
qwen72B-int4_retail_50runs,1d55a321-f438-4b5a-9bb7-8f3151522714,50,0.004383719171184949,0.2123320438760392,0
qwen72B-int4_retail_50runs,1d55a321-f438-4b5a-9bb7-8f3151522714,52,0.0552057739958822,0.47877663457897346,0
qwen72B-int4_retail_50runs,1d55a321-f438-4b5a-9bb7-8f3151522714,54,0.02651555696982113,0.3108865838301809,0
qwen72B-int4_retail_50runs,1d55a321-f438-4b5a-9bb7-8f3151522714,56,0.01565795076806799,0.0699430566567641,0
qwen72B-int4_retail_50runs,1d55a321-f438-4b5a-9bb7-8f3151522714,58,0.00966249048068468,0.11785403056578203,0
qwen72B-int4_retail_50runs,1d55a321-f438-4b5a-9bb7-8f3151522714,60,0.00470274759853901,0.2399569927377904,0
qwen72B-int4_retail_50runs,1d55a321-f438-4b5a-9bb7-8f3151522714,62,0.02147641813924554,0.28305378225114614,0
qwen72B-int4_retail_50runs,4357a5ae-c9d2-4b53-b0ad-8174a743ab3f,0,,,1
qwen72B-int4_retail_50runs,4357a5ae-c9d2-4b53-b0ad-8174a743ab3f,2,0.13939511432576354,0.0,1
qwen72B-int4_retail_50runs,4357a5ae-c9d2-4b53-b0ad-8174a743ab3f,4,0.21079044236624309,0.3224158745545608,1
qwen72B-int4_retail_50runs,4357a5ae-c9d2-4b53-b0ad-8174a743ab3f,6,8.912258216898682e-05,0.06711148080371675,1
qwen72B-int4_retail_50runs,4357a5ae-c9d2-4b53-b0ad-8174a743ab3f,8,0.16834623527486395,0.06605885968063817,1
qwen72B-int4_retail_50runs,4357a5ae-c9d2-4b53-b0ad-8174a743ab3f,10,0.00015192563087808712,0.09812315553426743,1
qwen72B-int4_retail_50runs,4357a5ae-c9d2-4b53-b0ad-8174a743ab3f,12,0.04983402359147228,0.09783632827527595,1
qwen72B-int4_retail_50runs,4357a5ae-c9d2-4b53-b0ad-8174a743ab3f,14,0.19597621363199877,0.09320907129181756,1
qwen72B-int4_retail_50runs,4357a5ae-c9d2-4b53-b0ad-8174a743ab3f,16,0.07000749201390521,0.039756050592736354,1
qwen72B-int4_retail_50runs,4357a5ae-c9d2-4b53-b0ad-8174a743ab3f,18,0.01023807446274888,0.06836616451090033,1
qwen72B-int4_retail_50runs,4357a5ae-c9d2-4b53-b0ad-8174a743ab3f,20,0.1557021315216241,0.13560757853768088,1
qwen72B-int4_retail_50runs,4357a5ae-c9d2-4b53-b0ad-8174a743ab3f,22,0.0028045078448677946,1.0,1
qwen72B-int4_retail_50runs,4357a5ae-c9d2-4b53-b0ad-8174a743ab3f,24,0.09178903698245094,0.5436004519462585,1
qwen72B-int4_retail_50runs,4357a5ae-c9d2-4b53-b0ad-8174a743ab3f,26,0.004763241626017918,1.0,1
qwen72B-int4_retail_50runs,4357a5ae-c9d2-4b53-b0ad-8174a743ab3f,28,0.0455069003582638,0.15132314443588257,1
qwen72B-int4_retail_50runs,4357a5ae-c9d2-4b53-b0ad-8174a743ab3f,30,0.0042051802677386795,1.0,1
qwen72B-int4_retail_50runs,4357a5ae-c9d2-4b53-b0ad-8174a743ab3f,32,0.16600907146269703,0.08917322901428722,1
qwen72B-int4_retail_50runs,4357a5ae-c9d2-4b53-b0ad-8174a743ab3f,34,0.008836455686402228,0.13279393315315247,1
qwen72B-int4_retail_50runs,4357a5ae-c9d2-4b53-b0ad-8174a743ab3f,36,0.04478812881980807,0.13284143101085316,1
qwen72B-int4_retail_50runs,4357a5ae-c9d2-4b53-b0ad-8174a743ab3f,38,0.10792030977334828,0.3431883222526974,1
qwen72B-int4_retail_50runs,3931e694-b531-41f6-bae5-0b4f49039989,0,,,1
qwen72B-int4_retail_50runs,3931e694-b531-41f6-bae5-0b4f49039989,2,0.14717045172288842,0.0,1
qwen72B-int4_retail_50runs,3931e694-b531-41f6-bae5-0b4f49039989,4,0.08049349933188626,0.2559484885289119,1
qwen72B-int4_retail_50runs,3931e694-b531-41f6-bae5-0b4f49039989,6,4.4357536911928975e-05,0.06680153665088472,1
qwen72B-int4_retail_50runs,3931e694-b531-41f6-bae5-0b4f49039989,8,0.1616757048237353,0.0723516507582231,1
qwen72B-int4_retail_50runs,3931e694-b531-41f6-bae5-0b4f49039989,10,0.0002210531308128155,0.09812315553426743,1
qwen72B-int4_retail_50runs,3931e694-b531-41f6-bae5-0b4f49039989,12,0.03311463319903942,0.15108548402786257,1
qwen72B-int4_retail_50runs,3931e694-b531-41f6-bae5-0b4f49039989,14,0.13458380666969638,0.11486374697786696,1
qwen72B-int4_retail_50runs,3931e694-b531-41f6-bae5-0b4f49039989,16,0.12409058064263094,0.1261616359322758,1
qwen72B-int4_retail_50runs,3931e694-b531-41f6-bae5-0b4f49039989,18,0.010779806978673026,0.0841087730307328,1
qwen72B-int4_retail_50runs,3931e694-b531-41f6-bae5-0b4f49039989,20,0.14304102168890181,0.24984950629564429,1
qwen72B-int4_retail_50runs,3931e694-b531-41f6-bae5-0b4f49039989,22,0.07640244840447812,0.32788582777572894,1
qwen72B-int4_retail_50runs,3931e694-b531-41f6-bae5-0b4f49039989,24,0.1453958676647133,0.044992667223726,1
qwen72B-int4_retail_50runs,3931e694-b531-41f6-bae5-0b4f49039989,26,0.00037851793678944645,0.0,1
qwen72B-int4_retail_50runs,3931e694-b531-41f6-bae5-0b4f49039989,28,0.13871077978470603,0.1808641254901886,1
qwen72B-int4_retail_50runs,3931e694-b531-41f6-bae5-0b4f49039989,30,0.001990608719270407,1.0,1
qwen72B-int4_retail_50runs,3931e694-b531-41f6-bae5-0b4f49039989,32,0.11721446714299728,0.11157148224966866,1
qwen72B-int4_retail_50runs,3931e694-b531-41f6-bae5-0b4f49039989,34,7.978203355731382e-05,0.042355899299894056,1
qwen72B-int4_retail_50runs,de89f76c-8773-45d0-bc56-45fae8a0eb90,0,,,0
qwen72B-int4_retail_50runs,de89f76c-8773-45d0-bc56-45fae8a0eb90,2,0.17393141525786093,0.0,0
qwen72B-int4_retail_50runs,de89f76c-8773-45d0-bc56-45fae8a0eb90,4,0.08520458060244643,0.283520316824,0
qwen72B-int4_retail_50runs,de89f76c-8773-45d0-bc56-45fae8a0eb90,6,0.09325478922561616,0.11825776827044604,0
qwen72B-int4_retail_50runs,de89f76c-8773-45d0-bc56-45fae8a0eb90,8,0.12109312790421096,0.1718616625841926,0
qwen72B-int4_retail_50runs,de89f76c-8773-45d0-bc56-45fae8a0eb90,10,0.18138423841753398,0.1583296225426045,0
qwen72B-int4_retail_50runs,de89f76c-8773-45d0-bc56-45fae8a0eb90,12,0.07903128582294171,0.16529516875743866,0
qwen72B-int4_retail_50runs,de89f76c-8773-45d0-bc56-45fae8a0eb90,14,0.11986963604865666,0.18497620578165405,0
qwen72B-int4_retail_50runs,de89f76c-8773-45d0-bc56-45fae8a0eb90,16,0.07196839374684921,0.2636929200245784,0
qwen72B-int4_retail_50runs,de89f76c-8773-45d0-bc56-45fae8a0eb90,18,0.028860704561965305,0.4473586864769459,0
qwen72B-int4_retail_50runs,de89f76c-8773-45d0-bc56-45fae8a0eb90,20,0.061628585305077026,0.17889681531161797,0
qwen72B-int4_retail_50runs,de89f76c-8773-45d0-bc56-45fae8a0eb90,22,0.05433838789647173,0.12879729270935059,0
qwen72B-int4_retail_50runs,de89f76c-8773-45d0-bc56-45fae8a0eb90,24,0.1423200108184718,0.13464136343253286,0
qwen72B-int4_retail_50runs,5a48d283-8d96-4c83-be7e-456cc60a4607,0,,,0
qwen72B-int4_retail_50runs,5a48d283-8d96-4c83-be7e-456cc60a4607,2,0.15131893793414275,0.0,0
qwen72B-int4_retail_50runs,5a48d283-8d96-4c83-be7e-456cc60a4607,4,0.0863576047371856,0.257212547155527,0
qwen72B-int4_retail_50runs,5a48d283-8d96-4c83-be7e-456cc60a4607,6,4.9241905855978985e-05,0.06680153665088472,0
qwen72B-int4_retail_50runs,5a48d283-8d96-4c83-be7e-456cc60a4607,8,0.18176289107943835,0.07089611978241891,0
qwen72B-int4_retail_50runs,5a48d283-8d96-4c83-be7e-456cc60a4607,10,0.0006149589063571996,0.09812315553426743,0
qwen72B-int4_retail_50runs,5a48d283-8d96-4c83-be7e-456cc60a4607,12,0.037183195560300794,0.16855218777289757,0
qwen72B-int4_retail_50runs,5a48d283-8d96-4c83-be7e-456cc60a4607,14,0.1670679379898216,0.055829579631487526,0
qwen72B-int4_retail_50runs,5a48d283-8d96-4c83-be7e-456cc60a4607,16,0.14784081152299028,0.13416119523950526,0
qwen72B-int4_retail_50runs,5a48d283-8d96-4c83-be7e-456cc60a4607,18,0.040995360367420734,0.13984202014075384,0
qwen72B-int4_retail_50runs,5a48d283-8d96-4c83-be7e-456cc60a4607,20,0.11874455127202133,0.14649536609649658,0
qwen72B-int4_retail_50runs,5a48d283-8d96-4c83-be7e-456cc60a4607,22,0.11355287599973445,0.14156074596173837,0
qwen72B-int4_retail_50runs,5a48d283-8d96-4c83-be7e-456cc60a4607,24,0.0003111936477733704,0.18138979162488664,0
qwen72B-int4_retail_50runs,5a48d283-8d96-4c83-be7e-456cc60a4607,26,0.08771045383980876,0.1150668054013639,0
qwen72B-int4_retail_50runs,5a48d283-8d96-4c83-be7e-456cc60a4607,28,0.07865073950965804,1.0,0
qwen72B-int4_retail_50runs,5a48d283-8d96-4c83-be7e-456cc60a4607,30,0.05646994079998647,0.3999467079456036,0
qwen72B-int4_retail_50runs,5a48d283-8d96-4c83-be7e-456cc60a4607,32,0.013211690164895812,0.03558509051799774,0
qwen72B-int4_retail_50runs,5a48d283-8d96-4c83-be7e-456cc60a4607,34,0.00014786924578016265,0.8753983974456787,0
qwen72B-int4_retail_50runs,5a48d283-8d96-4c83-be7e-456cc60a4607,36,9.09269927560782e-05,0.917403519153595,0
qwen72B-int4_retail_50runs,5a48d283-8d96-4c83-be7e-456cc60a4607,38,0.04173712094578146,0.0,0
qwen72B-int4_retail_50runs,5a48d283-8d96-4c83-be7e-456cc60a4607,40,0.042480278061028644,1.0,0
qwen72B-int4_retail_50runs,5a48d283-8d96-4c83-be7e-456cc60a4607,42,0.028216532471461532,0.2369074821472168,0
qwen72B-int4_retail_50runs,5a48d283-8d96-4c83-be7e-456cc60a4607,44,0.0635488056894297,1.0,0
qwen72B-int4_retail_50runs,5a48d283-8d96-4c83-be7e-456cc60a4607,46,0.0379537653195769,1.0,0
qwen72B-int4_retail_50runs,5a48d283-8d96-4c83-be7e-456cc60a4607,48,0.030362114105693155,0.5265214565125379,0
qwen72B-int4_retail_50runs,5a48d283-8d96-4c83-be7e-456cc60a4607,50,0.05032017012430623,0.15499505496794178,0
qwen72B-int4_retail_50runs,abf5b808-cf04-433e-b7ac-e26a2dde5e40,0,,,0
qwen72B-int4_retail_50runs,abf5b808-cf04-433e-b7ac-e26a2dde5e40,2,0.17312477744855775,0.0,0
qwen72B-int4_retail_50runs,abf5b808-cf04-433e-b7ac-e26a2dde5e40,4,0.22804530830200198,0.15965162004743302,0
qwen72B-int4_retail_50runs,abf5b808-cf04-433e-b7ac-e26a2dde5e40,6,1.2739955866824072e-05,0.04067361685964796,0
qwen72B-int4_retail_50runs,abf5b808-cf04-433e-b7ac-e26a2dde5e40,8,0.26480031642632096,0.161953710374378,0
qwen72B-int4_retail_50runs,abf5b808-cf04-433e-b7ac-e26a2dde5e40,10,0.000551274596951361,0.0976811870932579,0
qwen72B-int4_retail_50runs,abf5b808-cf04-433e-b7ac-e26a2dde5e40,12,0.012036641943555818,0.04666173899615252,0
qwen72B-int4_retail_50runs,abf5b808-cf04-433e-b7ac-e26a2dde5e40,14,0.10628935992029259,0.2709563549827127,0
qwen72B-int4_retail_50runs,abf5b808-cf04-433e-b7ac-e26a2dde5e40,16,0.10740495168457047,0.23954208820096906,0
qwen72B-int4_retail_50runs,abf5b808-cf04-433e-b7ac-e26a2dde5e40,18,0.1509927026181763,0.1628350704274279,0
qwen72B-int4_retail_50runs,abf5b808-cf04-433e-b7ac-e26a2dde5e40,20,0.0019313146615005242,0.0667007877713158,0
qwen72B-int4_retail_50runs,abf5b808-cf04-433e-b7ac-e26a2dde5e40,22,0.0770267392609229,0.19023448770696466,0
qwen72B-int4_retail_50runs,3b49f374-1ef3-421c-9bf0-27d97003ddcd,0,,,1
qwen72B-int4_retail_50runs,3b49f374-1ef3-421c-9bf0-27d97003ddcd,2,0.008850077017398424,0.0,1
qwen72B-int4_retail_50runs,3b49f374-1ef3-421c-9bf0-27d97003ddcd,4,0.1948805909586859,0.0,1
qwen72B-int4_retail_50runs,3b49f374-1ef3-421c-9bf0-27d97003ddcd,6,0.0025082286676155053,0.09371391607790577,1
qwen72B-int4_retail_50runs,3b49f374-1ef3-421c-9bf0-27d97003ddcd,8,0.04173722337382857,0.1632623145213494,1
qwen72B-int4_retail_50runs,3b49f374-1ef3-421c-9bf0-27d97003ddcd,10,0.18229944014113839,0.07729245375280511,1
qwen72B-int4_retail_50runs,3b49f374-1ef3-421c-9bf0-27d97003ddcd,12,0.0010271233487126425,0.05665872494379679,1
qwen72B-int4_retail_50runs,3b49f374-1ef3-421c-9bf0-27d97003ddcd,14,0.10760180170202932,0.17326142958232335,1
qwen72B-int4_retail_50runs,3b49f374-1ef3-421c-9bf0-27d97003ddcd,16,0.10443334680429932,0.15524630611007278,1
qwen72B-int4_retail_50runs,3b49f374-1ef3-421c-9bf0-27d97003ddcd,18,4.590193034051147e-05,0.18653042614459991,1
qwen72B-int4_retail_50runs,3b49f374-1ef3-421c-9bf0-27d97003ddcd,20,0.052277547084605296,0.1563184845204256,1
qwen72B-int4_retail_50runs,1738d928-17ff-4efb-a1e4-6a29cf5df803,0,,,1
qwen72B-int4_retail_50runs,1738d928-17ff-4efb-a1e4-6a29cf5df803,2,0.05812677638582083,0.0,1
qwen72B-int4_retail_50runs,1738d928-17ff-4efb-a1e4-6a29cf5df803,4,0.0010855361223175532,0.09818881005048752,1
qwen72B-int4_retail_50runs,1738d928-17ff-4efb-a1e4-6a29cf5df803,6,0.1888589950909385,0.04362386259539374,1
qwen72B-int4_retail_50runs,1738d928-17ff-4efb-a1e4-6a29cf5df803,8,0.24130897430985662,0.12282651035409224,1
qwen72B-int4_retail_50runs,1738d928-17ff-4efb-a1e4-6a29cf5df803,10,0.0005323712133749344,0.09266862273216248,1
qwen72B-int4_retail_50runs,1738d928-17ff-4efb-a1e4-6a29cf5df803,12,0.18214264654802068,0.07860889651558615,1
qwen72B-int4_retail_50runs,1738d928-17ff-4efb-a1e4-6a29cf5df803,14,0.10703428074954088,0.125319242477417,1
qwen72B-int4_retail_50runs,1738d928-17ff-4efb-a1e4-6a29cf5df803,16,0.05925535123659611,0.19474582794385076,1
qwen72B-int4_retail_50runs,1738d928-17ff-4efb-a1e4-6a29cf5df803,18,0.11995234115828278,0.17348669634924993,1
qwen72B-int4_retail_50runs,1738d928-17ff-4efb-a1e4-6a29cf5df803,20,0.11471820878698973,0.1703147481127483,1
qwen72B-int4_retail_50runs,1738d928-17ff-4efb-a1e4-6a29cf5df803,22,0.07530048412069881,0.41229248046875,1
qwen72B-int4_retail_50runs,1738d928-17ff-4efb-a1e4-6a29cf5df803,24,0.08411975688713548,0.12654058870516324,1
qwen72B-int4_retail_50runs,1738d928-17ff-4efb-a1e4-6a29cf5df803,26,0.01435102373128897,0.2372146561994391,1
qwen72B-int4_retail_50runs,1738d928-17ff-4efb-a1e4-6a29cf5df803,28,0.0978886197366676,0.13749436986061836,1
qwen72B-int4_retail_50runs,72bdd102-a5c7-42cc-b7d3-a180a39c5358,0,,,1
qwen72B-int4_retail_50runs,72bdd102-a5c7-42cc-b7d3-a180a39c5358,2,0.15594323629583742,0.0,1
qwen72B-int4_retail_50runs,72bdd102-a5c7-42cc-b7d3-a180a39c5358,4,0.16996757029772724,0.18655378307615006,1
qwen72B-int4_retail_50runs,72bdd102-a5c7-42cc-b7d3-a180a39c5358,6,0.00010496203624186442,0.08795899152755737,1
qwen72B-int4_retail_50runs,72bdd102-a5c7-42cc-b7d3-a180a39c5358,8,0.1206683348454508,0.0993585485093137,1
qwen72B-int4_retail_50runs,72bdd102-a5c7-42cc-b7d3-a180a39c5358,10,0.10507888951247232,0.26201822928019936,1
qwen72B-int4_retail_50runs,72bdd102-a5c7-42cc-b7d3-a180a39c5358,12,0.007056798337929187,0.06283508241176605,1
qwen72B-int4_retail_50runs,72bdd102-a5c7-42cc-b7d3-a180a39c5358,14,0.09633672436356262,0.06417922086493913,1
qwen72B-int4_retail_50runs,72bdd102-a5c7-42cc-b7d3-a180a39c5358,16,0.1470151286332979,0.20968408562312615,1
qwen72B-int4_retail_50runs,72bdd102-a5c7-42cc-b7d3-a180a39c5358,18,0.07827996170158026,0.3372300788036828,1
qwen72B-int4_retail_50runs,72bdd102-a5c7-42cc-b7d3-a180a39c5358,20,0.0036789762132161193,0.0060893505403440285,1
qwen72B-int4_retail_50runs,72bdd102-a5c7-42cc-b7d3-a180a39c5358,22,0.0001326440103137506,0.8989615440368652,1
qwen72B-int4_retail_50runs,72bdd102-a5c7-42cc-b7d3-a180a39c5358,24,0.035292909465675995,1.0,1
qwen72B-int4_retail_50runs,72bdd102-a5c7-42cc-b7d3-a180a39c5358,26,0.05675414480453954,0.1920330673456192,1
qwen72B-int4_retail_50runs,72bdd102-a5c7-42cc-b7d3-a180a39c5358,28,0.046281546903264296,1.0,1
qwen72B-int4_retail_50runs,72bdd102-a5c7-42cc-b7d3-a180a39c5358,30,0.026194012646484563,1.0,1
qwen72B-int4_retail_50runs,72bdd102-a5c7-42cc-b7d3-a180a39c5358,32,0.011450336079746506,1.0,1
qwen72B-int4_retail_50runs,72bdd102-a5c7-42cc-b7d3-a180a39c5358,34,0.026300748873394807,0.8163571953773499,1
qwen72B-int4_retail_50runs,72bdd102-a5c7-42cc-b7d3-a180a39c5358,36,0.02933941240352253,1.0,1
qwen72B-int4_retail_50runs,72bdd102-a5c7-42cc-b7d3-a180a39c5358,38,0.023762654916539082,1.0,1
qwen72B-int4_retail_50runs,72bdd102-a5c7-42cc-b7d3-a180a39c5358,40,0.006330478463340257,1.0,1
qwen72B-int4_retail_50runs,72bdd102-a5c7-42cc-b7d3-a180a39c5358,42,0.004114588645566974,1.0,1
qwen72B-int4_retail_50runs,72bdd102-a5c7-42cc-b7d3-a180a39c5358,44,0.020600656207688677,1.0,1
qwen72B-int4_retail_50runs,72bdd102-a5c7-42cc-b7d3-a180a39c5358,46,0.008821193966186242,1.0,1
qwen72B-int4_retail_50runs,72bdd102-a5c7-42cc-b7d3-a180a39c5358,48,0.0046438578516274556,1.0,1
qwen72B-int4_retail_50runs,72bdd102-a5c7-42cc-b7d3-a180a39c5358,50,0.004508036868376949,1.0,1
qwen72B-int4_retail_50runs,72bdd102-a5c7-42cc-b7d3-a180a39c5358,52,0.007726725219606248,1.0,1
qwen72B-int4_retail_50runs,72bdd102-a5c7-42cc-b7d3-a180a39c5358,54,0.004498201710575704,1.0,1
qwen72B-int4_retail_50runs,72bdd102-a5c7-42cc-b7d3-a180a39c5358,56,0.004353341879729621,1.0,1
qwen72B-int4_retail_50runs,72bdd102-a5c7-42cc-b7d3-a180a39c5358,58,0.0040921591292944984,1.0,1
qwen72B-int4_retail_50runs,72bdd102-a5c7-42cc-b7d3-a180a39c5358,60,0.005407573910003471,1.0,1
qwen72B-int4_retail_50runs,72bdd102-a5c7-42cc-b7d3-a180a39c5358,62,0.002417595674881656,1.0,1
qwen72B-int4_retail_50runs,72bdd102-a5c7-42cc-b7d3-a180a39c5358,64,0.00541939594489168,1.0,1
qwen72B-int4_retail_50runs,72bdd102-a5c7-42cc-b7d3-a180a39c5358,66,0.005160130551796866,1.0,1
qwen72B-int4_retail_50runs,72bdd102-a5c7-42cc-b7d3-a180a39c5358,68,0.005988276632219945,1.0,1
qwen72B-int4_retail_50runs,72bdd102-a5c7-42cc-b7d3-a180a39c5358,70,0.0015741679884155796,1.0,1
qwen72B-int4_retail_50runs,72bdd102-a5c7-42cc-b7d3-a180a39c5358,72,0.004198468886888129,1.0,1
qwen72B-int4_retail_50runs,72bdd102-a5c7-42cc-b7d3-a180a39c5358,74,0.004840105277651393,1.0,1
qwen72B-int4_retail_50runs,72bdd102-a5c7-42cc-b7d3-a180a39c5358,76,0.007237527211801383,1.0,1
qwen72B-int4_retail_50runs,72bdd102-a5c7-42cc-b7d3-a180a39c5358,78,0.0006050688023472342,1.0,1
qwen72B-int4_retail_50runs,72bdd102-a5c7-42cc-b7d3-a180a39c5358,80,0.0034540624078694885,1.0,1
qwen72B-int4_retail_50runs,72bdd102-a5c7-42cc-b7d3-a180a39c5358,82,0.003996879424627445,1.0,1
qwen72B-int4_retail_50runs,72bdd102-a5c7-42cc-b7d3-a180a39c5358,84,0.007495918069110121,1.0,1
qwen72B-int4_retail_50runs,72bdd102-a5c7-42cc-b7d3-a180a39c5358,86,0.0010054454247415653,1.0,1
qwen72B-int4_retail_50runs,72bdd102-a5c7-42cc-b7d3-a180a39c5358,88,0.010101906390246317,1.0,1
qwen72B-int4_retail_50runs,72bdd102-a5c7-42cc-b7d3-a180a39c5358,90,0.01579521269945281,0.7531006061113799,1
qwen72B-int4_retail_50runs,030efc6e-ca07-4676-916d-7bb3a4ff9a94,0,,,0
qwen72B-int4_retail_50runs,030efc6e-ca07-4676-916d-7bb3a4ff9a94,2,0.09955861790802142,0.0,0
qwen72B-int4_retail_50runs,030efc6e-ca07-4676-916d-7bb3a4ff9a94,4,0.1296564848282953,0.2357055522777416,0
qwen72B-int4_retail_50runs,030efc6e-ca07-4676-916d-7bb3a4ff9a94,6,0.0001060407433633902,0.12329121953562686,0
qwen72B-int4_retail_50runs,030efc6e-ca07-4676-916d-7bb3a4ff9a94,8,0.0862385437252844,0.06343390792608261,0
qwen72B-int4_retail_50runs,030efc6e-ca07-4676-916d-7bb3a4ff9a94,10,0.10865833425105803,0.09856477696844872,0
qwen72B-int4_retail_50runs,030efc6e-ca07-4676-916d-7bb3a4ff9a94,12,0.14451545126396362,0.2517987570520175,0
qwen72B-int4_retail_50runs,030efc6e-ca07-4676-916d-7bb3a4ff9a94,14,0.18841495832455,0.1285866598288218,0
qwen72B-int4_retail_50runs,030efc6e-ca07-4676-916d-7bb3a4ff9a94,16,0.0015981408745625813,0.03109738594148217,0
qwen72B-int4_retail_50runs,030efc6e-ca07-4676-916d-7bb3a4ff9a94,18,0.07732110030837418,0.22359462082386017,0
qwen72B-int4_retail_50runs,31db575a-c8fc-4b1e-8be2-79894dba30bb,0,,,0
qwen72B-int4_retail_50runs,31db575a-c8fc-4b1e-8be2-79894dba30bb,2,0.1693109912018793,0.0,0
qwen72B-int4_retail_50runs,31db575a-c8fc-4b1e-8be2-79894dba30bb,4,8.447390279779181e-06,0.04115021613336378,0
qwen72B-int4_retail_50runs,31db575a-c8fc-4b1e-8be2-79894dba30bb,6,0.11601839239309099,0.1443635500394381,0
qwen72B-int4_retail_50runs,31db575a-c8fc-4b1e-8be2-79894dba30bb,8,2.539609368335688e-05,0.09121479094028473,0
qwen72B-int4_retail_50runs,31db575a-c8fc-4b1e-8be2-79894dba30bb,10,0.15679085073759136,0.14706149416149789,0
qwen72B-int4_retail_50runs,31db575a-c8fc-4b1e-8be2-79894dba30bb,12,2.0648452128813822e-05,0.12188298702239991,0
qwen72B-int4_retail_50runs,31db575a-c8fc-4b1e-8be2-79894dba30bb,14,0.06575539519412277,0.0240144282579422,0
qwen72B-int4_retail_50runs,31db575a-c8fc-4b1e-8be2-79894dba30bb,16,0.11787656623656602,0.08150206624934103,0
qwen72B-int4_retail_50runs,31db575a-c8fc-4b1e-8be2-79894dba30bb,18,4.965548800706784e-05,0.09002965927124024,0
qwen72B-int4_retail_50runs,31db575a-c8fc-4b1e-8be2-79894dba30bb,20,0.02986637742977026,1.0,0
qwen72B-int4_retail_50runs,31db575a-c8fc-4b1e-8be2-79894dba30bb,22,0.13959855432914658,0.11555096736321083,0
qwen72B-int4_retail_50runs,31db575a-c8fc-4b1e-8be2-79894dba30bb,24,0.06373897496684554,0.2533284810281569,0
qwen72B-int4_retail_50runs,15e5ceb8-b0f8-4136-9c12-5ef188d2329c,0,,,0
qwen72B-int4_retail_50runs,15e5ceb8-b0f8-4136-9c12-5ef188d2329c,2,0.07548938392586517,0.0,0
qwen72B-int4_retail_50runs,15e5ceb8-b0f8-4136-9c12-5ef188d2329c,4,0.13890899095036602,0.30756433804829914,0
qwen72B-int4_retail_50runs,15e5ceb8-b0f8-4136-9c12-5ef188d2329c,6,0.00014687530340701637,0.05851537485917409,0
qwen72B-int4_retail_50runs,15e5ceb8-b0f8-4136-9c12-5ef188d2329c,8,0.14333812196146192,0.13761663436889648,0
qwen72B-int4_retail_50runs,15e5ceb8-b0f8-4136-9c12-5ef188d2329c,10,0.17628047239552225,0.16361980689199346,0
qwen72B-int4_retail_50runs,15e5ceb8-b0f8-4136-9c12-5ef188d2329c,12,0.0671810868853428,0.0784341601225046,0
qwen72B-int4_retail_50runs,15e5ceb8-b0f8-4136-9c12-5ef188d2329c,14,0.07518498807034203,0.12508077263832093,0
qwen72B-int4_retail_50runs,15e5ceb8-b0f8-4136-9c12-5ef188d2329c,16,0.1427638115073152,0.2086115837097168,0
qwen72B-int4_retail_50runs,15e5ceb8-b0f8-4136-9c12-5ef188d2329c,18,0.049527395603532226,0.19328522000994,0
qwen72B-int4_retail_50runs,15e5ceb8-b0f8-4136-9c12-5ef188d2329c,20,0.05647877797381266,0.22568700453814336,0
qwen72B-int4_retail_50runs,0221dfa2-105c-4103-89f4-a60033f37a9e,0,,,0
qwen72B-int4_retail_50runs,0221dfa2-105c-4103-89f4-a60033f37a9e,2,0.11868261051747514,0.0,0
qwen72B-int4_retail_50runs,0221dfa2-105c-4103-89f4-a60033f37a9e,4,0.05793587109999285,0.43130284547805786,0
qwen72B-int4_retail_50runs,0221dfa2-105c-4103-89f4-a60033f37a9e,6,0.0009662214387232258,0.059802740812301636,0
qwen72B-int4_retail_50runs,0221dfa2-105c-4103-89f4-a60033f37a9e,8,0.17405404577806646,0.2156965732574463,0
qwen72B-int4_retail_50runs,0221dfa2-105c-4103-89f4-a60033f37a9e,10,0.0004114190531100741,1.0,0
qwen72B-int4_retail_50runs,0221dfa2-105c-4103-89f4-a60033f37a9e,12,0.2008643695751708,0.18309649299172795,0
qwen72B-int4_retail_50runs,0221dfa2-105c-4103-89f4-a60033f37a9e,14,0.09554788477337049,0.11742096055637707,0
qwen72B-int4_retail_50runs,0221dfa2-105c-4103-89f4-a60033f37a9e,16,0.1648156619863966,0.08801895275450589,0
qwen72B-int4_retail_50runs,0221dfa2-105c-4103-89f4-a60033f37a9e,18,0.18569274150973616,0.2030851396463685,0
qwen72B-int4_retail_50runs,0221dfa2-105c-4103-89f4-a60033f37a9e,20,0.0009953398999896527,0.04429187998175621,0
qwen72B-int4_retail_50runs,0221dfa2-105c-4103-89f4-a60033f37a9e,22,0.10123519386719854,0.2012369257130035,0
qwen72B-int4_retail_50runs,0221dfa2-105c-4103-89f4-a60033f37a9e,24,0.04729422812224939,0.20114641478567413,0
qwen72B-int4_retail_50runs,0221dfa2-105c-4103-89f4-a60033f37a9e,26,0.09302408830346778,0.08643873660795151,0
qwen72B-int4_retail_50runs,0221dfa2-105c-4103-89f4-a60033f37a9e,28,0.04693793026004103,0.24910594458165378,0
qwen72B-int4_retail_50runs,0221dfa2-105c-4103-89f4-a60033f37a9e,30,0.06394233213440557,0.28918105363845825,0
qwen72B-int4_retail_50runs,0221dfa2-105c-4103-89f4-a60033f37a9e,32,0.14911311610008884,0.21452774107456207,0
qwen72B-int4_retail_50runs,0221dfa2-105c-4103-89f4-a60033f37a9e,34,0.022085834213558565,0.26400601863861084,0
qwen72B-int4_retail_50runs,0221dfa2-105c-4103-89f4-a60033f37a9e,36,0.08126862544973111,0.1680757999420166,0
qwen72B-int4_retail_50runs,0221dfa2-105c-4103-89f4-a60033f37a9e,38,0.0793719798049005,0.1464615035475346,0
qwen72B-int4_retail_50runs,0221dfa2-105c-4103-89f4-a60033f37a9e,40,0.10318732075274206,0.292090220110757,0
qwen72B-int4_retail_50runs,0221dfa2-105c-4103-89f4-a60033f37a9e,42,0.036489214169882704,0.18528583748587246,0
qwen72B-int4_retail_50runs,0221dfa2-105c-4103-89f4-a60033f37a9e,44,0.00014006472236803203,0.021885372698307037,0
qwen72B-int4_retail_50runs,04b6bfbb-4cc8-4aa9-8255-f820b5bee16c,0,,,0
qwen72B-int4_retail_50runs,04b6bfbb-4cc8-4aa9-8255-f820b5bee16c,2,0.07543324809260872,0.0,0
qwen72B-int4_retail_50runs,04b6bfbb-4cc8-4aa9-8255-f820b5bee16c,4,0.1404623236684366,0.30756433804829914,0
qwen72B-int4_retail_50runs,04b6bfbb-4cc8-4aa9-8255-f820b5bee16c,6,0.00014718741854538134,0.05851537485917409,0
qwen72B-int4_retail_50runs,04b6bfbb-4cc8-4aa9-8255-f820b5bee16c,8,0.14358723773960566,0.13761663436889648,0
qwen72B-int4_retail_50runs,04b6bfbb-4cc8-4aa9-8255-f820b5bee16c,10,0.17559488839090087,0.16361980689199346,0
qwen72B-int4_retail_50runs,04b6bfbb-4cc8-4aa9-8255-f820b5bee16c,12,0.09668599475590298,0.10445039088909443,0
qwen72B-int4_retail_50runs,04b6bfbb-4cc8-4aa9-8255-f820b5bee16c,14,0.0934131695842202,0.09588846283138923,0
qwen72B-int4_retail_50runs,04b6bfbb-4cc8-4aa9-8255-f820b5bee16c,16,0.13805446139937966,0.1761210100217299,0
qwen72B-int4_retail_50runs,04b6bfbb-4cc8-4aa9-8255-f820b5bee16c,18,0.003443031403576053,0.11713753296778753,0
qwen72B-int4_retail_50runs,04b6bfbb-4cc8-4aa9-8255-f820b5bee16c,20,0.0591537927730077,0.18578957799655288,0
qwen72B-int4_retail_50runs,0d4abcb1-a169-4318-9f74-9f61932ccc13,0,,,0
qwen72B-int4_retail_50runs,0d4abcb1-a169-4318-9f74-9f61932ccc13,2,0.10775128308322719,0.0,0
qwen72B-int4_retail_50runs,0d4abcb1-a169-4318-9f74-9f61932ccc13,4,0.2572975553642496,0.057751725701724786,0
qwen72B-int4_retail_50runs,0d4abcb1-a169-4318-9f74-9f61932ccc13,6,0.1412525918486247,0.40192351738611853,0
qwen72B-int4_retail_50runs,0d4abcb1-a169-4318-9f74-9f61932ccc13,8,0.1564169501594734,0.06084829188407735,0
qwen72B-int4_retail_50runs,0d4abcb1-a169-4318-9f74-9f61932ccc13,10,0.08434224615098002,0.1239111268002054,0
qwen72B-int4_retail_50runs,0d4abcb1-a169-4318-9f74-9f61932ccc13,12,0.08498049289719757,0.2004164988930161,0
qwen72B-int4_retail_50runs,0d4abcb1-a169-4318-9f74-9f61932ccc13,14,0.0664517156918789,0.06585128167096306,0
qwen72B-int4_retail_50runs,0d4abcb1-a169-4318-9f74-9f61932ccc13,16,0.07320266768095512,0.08593814074993134,0
qwen72B-int4_retail_50runs,0d4abcb1-a169-4318-9f74-9f61932ccc13,18,0.053063844289080904,0.17661337783703437,0
qwen72B-int4_retail_50runs,7cc652b1-1570-40d9-aef8-783663f83a94,0,,,0
qwen72B-int4_retail_50runs,7cc652b1-1570-40d9-aef8-783663f83a94,2,0.07258839002609624,0.0,0
qwen72B-int4_retail_50runs,7cc652b1-1570-40d9-aef8-783663f83a94,4,0.1443607106893747,0.22987512946128844,0
qwen72B-int4_retail_50runs,7cc652b1-1570-40d9-aef8-783663f83a94,6,0.0005233310631132591,0.11127267642454666,0
qwen72B-int4_retail_50runs,7cc652b1-1570-40d9-aef8-783663f83a94,8,0.1741633668474375,0.08099392403003781,0
qwen72B-int4_retail_50runs,7cc652b1-1570-40d9-aef8-783663f83a94,10,0.2110886996384727,0.25277273654937743,0
qwen72B-int4_retail_50runs,7cc652b1-1570-40d9-aef8-783663f83a94,12,0.05552948821664952,0.14856191114945846,0
qwen72B-int4_retail_50runs,7cc652b1-1570-40d9-aef8-783663f83a94,14,0.23580892435568768,0.25016053517659503,0
qwen72B-int4_retail_50runs,7cc652b1-1570-40d9-aef8-783663f83a94,16,0.0834206166874933,0.33672913908958435,0
qwen72B-int4_retail_50runs,7cc652b1-1570-40d9-aef8-783663f83a94,18,0.09065159417034031,0.21176788825837392,0
qwen72B-int4_retail_50runs,7cc652b1-1570-40d9-aef8-783663f83a94,20,0.07997472663236087,0.3675362321565736,0
qwen72B-int4_retail_50runs,7cc652b1-1570-40d9-aef8-783663f83a94,22,0.07308649859896306,0.18855354751365772,0
qwen72B-int4_retail_50runs,7cc652b1-1570-40d9-aef8-783663f83a94,24,0.09585694954235714,0.39438401675615153,0
qwen72B-int4_telecom_50runs,557351de-36cb-4b28-a6e0-a067899cbffb,0,,,0
qwen72B-int4_telecom_50runs,557351de-36cb-4b28-a6e0-a067899cbffb,2,9.508992003508651e-05,0.0,0
qwen72B-int4_telecom_50runs,557351de-36cb-4b28-a6e0-a067899cbffb,4,0.23904909219117182,0.0,0
qwen72B-int4_telecom_50runs,557351de-36cb-4b28-a6e0-a067899cbffb,8,0.11396504925346866,0.12250712513923645,0
qwen72B-int4_telecom_50runs,8679fac0-8e56-447d-aaa7-803f509a8e7d,0,,,0
qwen72B-int4_telecom_50runs,8679fac0-8e56-447d-aaa7-803f509a8e7d,2,4.6610439524553223e-05,0.0,0
qwen72B-int4_telecom_50runs,8679fac0-8e56-447d-aaa7-803f509a8e7d,4,0.30098594072569523,0.0,0
qwen72B-int4_telecom_50runs,8679fac0-8e56-447d-aaa7-803f509a8e7d,8,0.15036614294542952,0.13062201294244505,0
qwen72B-int4_telecom_50runs,8679fac0-8e56-447d-aaa7-803f509a8e7d,12,0.09117953338838454,0.15347861233404128,0
qwen72B-int4_telecom_50runs,8679fac0-8e56-447d-aaa7-803f509a8e7d,16,0.1127077495434477,0.21636840257238835,0
qwen72B-int4_telecom_50runs,8679fac0-8e56-447d-aaa7-803f509a8e7d,24,0.08982014014575977,0.20803971724076703,0
qwen72B-int4_telecom_50runs,8679fac0-8e56-447d-aaa7-803f509a8e7d,28,0.06547626149129929,0.2820083009345191,0
qwen72B-int4_telecom_50runs,8679fac0-8e56-447d-aaa7-803f509a8e7d,38,0.060885772242962745,0.24770880718620453,0
qwen72B-int4_telecom_50runs,eb37ff2f-9220-4bba-8460-e7dfb4481709,0,,,1
qwen72B-int4_telecom_50runs,eb37ff2f-9220-4bba-8460-e7dfb4481709,2,9.558268150927314e-05,0.0,1
qwen72B-int4_telecom_50runs,eb37ff2f-9220-4bba-8460-e7dfb4481709,4,0.2395232687529744,0.0,1
qwen72B-int4_telecom_50runs,eb37ff2f-9220-4bba-8460-e7dfb4481709,12,0.13458854311799687,0.06929481516079027,1
qwen72B-int4_telecom_50runs,eb37ff2f-9220-4bba-8460-e7dfb4481709,16,0.10933740094159286,0.16382284926586463,1
qwen72B-int4_telecom_50runs,eb37ff2f-9220-4bba-8460-e7dfb4481709,20,0.07148909909066797,0.17920772153504042,1
qwen72B-int4_telecom_50runs,eb37ff2f-9220-4bba-8460-e7dfb4481709,24,0.12199145111990789,0.28930293842100757,1
qwen72B-int4_telecom_50runs,eb37ff2f-9220-4bba-8460-e7dfb4481709,28,0.06941830491570371,0.17699739417514287,1
qwen72B-int4_telecom_50runs,eb37ff2f-9220-4bba-8460-e7dfb4481709,36,0.1476633396933441,0.14420708390169365,1
qwen72B-int4_telecom_50runs,eb37ff2f-9220-4bba-8460-e7dfb4481709,42,0.16183553502432874,0.16683175400191663,1
qwen72B-int4_telecom_50runs,eb37ff2f-9220-4bba-8460-e7dfb4481709,44,0.1104283146500794,0.10318074278209521,1
qwen72B-int4_telecom_50runs,eb37ff2f-9220-4bba-8460-e7dfb4481709,46,0.1110674077785647,0.16582713688121123,1
qwen72B-int4_telecom_50runs,eb37ff2f-9220-4bba-8460-e7dfb4481709,48,0.12563185267991286,0.16832155811375585,1
qwen72B-int4_telecom_50runs,eb37ff2f-9220-4bba-8460-e7dfb4481709,56,0.12371071581111513,0.06649784097131693,1
qwen72B-int4_telecom_50runs,eb37ff2f-9220-4bba-8460-e7dfb4481709,66,0.13357538331629748,0.1338999789694081,1
qwen72B-int4_telecom_50runs,eb37ff2f-9220-4bba-8460-e7dfb4481709,68,0.07826637997032837,0.06508229570142153,1
qwen72B-int4_telecom_50runs,eb37ff2f-9220-4bba-8460-e7dfb4481709,70,0.00013313023792929207,0.017493139790452045,1
qwen72B-int4_telecom_50runs,7c8f93ef-616a-4d46-b255-f9e80d0df407,0,,,1
qwen72B-int4_telecom_50runs,7c8f93ef-616a-4d46-b255-f9e80d0df407,2,8.044155662478194e-05,0.0,1
qwen72B-int4_telecom_50runs,7c8f93ef-616a-4d46-b255-f9e80d0df407,4,0.21353959435084666,0.0,1
qwen72B-int4_telecom_50runs,7c8f93ef-616a-4d46-b255-f9e80d0df407,8,0.21876581202192508,0.28719295154918323,1
qwen72B-int4_telecom_50runs,7c8f93ef-616a-4d46-b255-f9e80d0df407,12,0.14389771790478179,0.13499047445214313,1
qwen72B-int4_telecom_50runs,7c8f93ef-616a-4d46-b255-f9e80d0df407,18,0.08687884646566406,0.2152665878864045,1
qwen72B-int4_telecom_50runs,7c8f93ef-616a-4d46-b255-f9e80d0df407,24,0.07867277330597962,0.2404533959506603,1
qwen72B-int4_telecom_50runs,7c8f93ef-616a-4d46-b255-f9e80d0df407,32,0.11188434294838229,0.23396342221428368,1
qwen72B-int4_telecom_50runs,7c8f93ef-616a-4d46-b255-f9e80d0df407,38,0.10188168647950278,0.14870079855124155,1
qwen72B-int4_telecom_50runs,7c8f93ef-616a-4d46-b255-f9e80d0df407,40,0.07109605849020131,0.17689685967930574,1
qwen72B-int4_telecom_50runs,7c8f93ef-616a-4d46-b255-f9e80d0df407,42,0.11243271659659668,0.3165329369631681,1
qwen72B-int4_telecom_50runs,7c8f93ef-616a-4d46-b255-f9e80d0df407,44,0.16286632835313836,0.11264100670814514,1
qwen72B-int4_telecom_50runs,7c8f93ef-616a-4d46-b255-f9e80d0df407,46,0.00952259172640495,0.0263141532276952,1
qwen72B-int4_telecom_50runs,7c8f93ef-616a-4d46-b255-f9e80d0df407,48,0.10805576515294638,0.17087522480222914,1
qwen72B-int4_telecom_50runs,7c8f93ef-616a-4d46-b255-f9e80d0df407,56,0.09984952911950455,0.083019507187669,1
qwen72B-int4_telecom_50runs,7c8f93ef-616a-4d46-b255-f9e80d0df407,62,0.12386044795059627,0.29881084666532626,1
qwen72B-int4_telecom_50runs,7c8f93ef-616a-4d46-b255-f9e80d0df407,66,0.14767755883640624,0.0742986723780632,1
qwen72B-int4_telecom_50runs,7c8f93ef-616a-4d46-b255-f9e80d0df407,68,0.10919036648739863,0.16984050876491671,1
qwen72B-int4_telecom_50runs,7c8f93ef-616a-4d46-b255-f9e80d0df407,72,0.08317752505877904,0.13598267826033225,1
qwen72B-int4_telecom_50runs,7c8f93ef-616a-4d46-b255-f9e80d0df407,74,0.00014195224189780662,0.012563664521744003,1
qwen72B-int4_telecom_50runs,e1797c54-6aef-4c14-b809-c1f2a43c1866,0,,,0
qwen72B-int4_telecom_50runs,e1797c54-6aef-4c14-b809-c1f2a43c1866,2,9.430373074416273e-05,0.0,0
qwen72B-int4_telecom_50runs,e1797c54-6aef-4c14-b809-c1f2a43c1866,4,0.3153418590571042,0.0,0
qwen72B-int4_telecom_50runs,e1797c54-6aef-4c14-b809-c1f2a43c1866,8,0.18876584567996182,0.16690494244297344,0
qwen72B-int4_telecom_50runs,e1797c54-6aef-4c14-b809-c1f2a43c1866,12,0.07165991554900143,0.27742104870932444,0
qwen72B-int4_telecom_50runs,e1797c54-6aef-4c14-b809-c1f2a43c1866,16,0.12757375239581378,0.13986108700434366,0
qwen72B-int4_telecom_50runs,e1797c54-6aef-4c14-b809-c1f2a43c1866,20,0.07927231626338307,0.24204432169596354,0
qwen72B-int4_telecom_50runs,e1797c54-6aef-4c14-b809-c1f2a43c1866,24,0.060258623419106795,0.4810819082400378,0
qwen72B-int4_telecom_50runs,5087b846-a7a5-4171-bd4b-854bbdb77a9d,0,,,1
qwen72B-int4_telecom_50runs,5087b846-a7a5-4171-bd4b-854bbdb77a9d,2,9.395345386643746e-05,0.0,1
qwen72B-int4_telecom_50runs,5087b846-a7a5-4171-bd4b-854bbdb77a9d,4,0.31527625435169127,0.0,1
qwen72B-int4_telecom_50runs,5087b846-a7a5-4171-bd4b-854bbdb77a9d,8,0.23183038688103197,0.17175289193789164,1
qwen72B-int4_telecom_50runs,5087b846-a7a5-4171-bd4b-854bbdb77a9d,12,0.17624267582159175,0.16493088320681923,1
qwen72B-int4_telecom_50runs,5087b846-a7a5-4171-bd4b-854bbdb77a9d,16,0.12978903440039885,0.1327113671736284,1
qwen72B-int4_telecom_50runs,5087b846-a7a5-4171-bd4b-854bbdb77a9d,20,0.12909412639596443,0.17975640584187336,1
qwen72B-int4_telecom_50runs,5087b846-a7a5-4171-bd4b-854bbdb77a9d,24,0.11912211781593997,0.3554451339385089,1
qwen72B-int4_telecom_50runs,5087b846-a7a5-4171-bd4b-854bbdb77a9d,28,0.09043967134577459,0.24394932499638308,1
qwen72B-int4_telecom_50runs,5087b846-a7a5-4171-bd4b-854bbdb77a9d,34,0.11782510416083215,0.18450363228718442,1
qwen72B-int4_telecom_50runs,5087b846-a7a5-4171-bd4b-854bbdb77a9d,42,0.06220289610588567,0.18770363926887512,1
qwen72B-int4_telecom_50runs,5087b846-a7a5-4171-bd4b-854bbdb77a9d,46,0.06415774326590906,0.32636437416076663,1
qwen72B-int4_telecom_50runs,5087b846-a7a5-4171-bd4b-854bbdb77a9d,54,0.1385127799361124,0.07088165836674826,1
qwen72B-int4_telecom_50runs,5087b846-a7a5-4171-bd4b-854bbdb77a9d,56,9.314915647289754e-05,0.01704527735710144,1
qwen72B-int4_telecom_50runs,5087b846-a7a5-4171-bd4b-854bbdb77a9d,58,0.052916002454244965,0.18054590933024883,1
qwen72B-int4_telecom_50runs,5087b846-a7a5-4171-bd4b-854bbdb77a9d,62,0.09756701652100683,0.22731749899685383,1
qwen72B-int4_telecom_50runs,5087b846-a7a5-4171-bd4b-854bbdb77a9d,64,0.16873858663718053,0.14736388711368337,1
qwen72B-int4_telecom_50runs,4d20a810-0e48-480e-86b7-5e3bdbc88b01,0,,,0
qwen72B-int4_telecom_50runs,4d20a810-0e48-480e-86b7-5e3bdbc88b01,2,0.00034841400366633147,0.0,0
qwen72B-int4_telecom_50runs,4d20a810-0e48-480e-86b7-5e3bdbc88b01,4,0.2689550406553845,0.0,0
qwen72B-int4_telecom_50runs,4d20a810-0e48-480e-86b7-5e3bdbc88b01,8,0.15433165376517052,0.07008164662581225,0
qwen72B-int4_telecom_50runs,4d20a810-0e48-480e-86b7-5e3bdbc88b01,12,0.21964399135176116,0.09703713822587627,0
qwen72B-int4_telecom_50runs,4d20a810-0e48-480e-86b7-5e3bdbc88b01,16,0.13268733486224127,0.2641948662242111,0
qwen72B-int4_telecom_50runs,a4a61b68-7817-4ab4-8897-aaf8ff036786,0,,,0
qwen72B-int4_telecom_50runs,a4a61b68-7817-4ab4-8897-aaf8ff036786,2,0.0006850899307151959,0.0,0
qwen72B-int4_telecom_50runs,a4a61b68-7817-4ab4-8897-aaf8ff036786,4,0.201679831389789,0.0,0
qwen72B-int4_telecom_50runs,a4a61b68-7817-4ab4-8897-aaf8ff036786,8,0.09307838397977072,0.30973757035804517,0
qwen72B-int4_telecom_50runs,a4a61b68-7817-4ab4-8897-aaf8ff036786,12,0.1111692428637398,0.20380353461951017,0
qwen72B-int4_telecom_50runs,a4a61b68-7817-4ab4-8897-aaf8ff036786,14,0.11805051419322883,0.1516804681883918,0
qwen72B-int4_telecom_50runs,a4a61b68-7817-4ab4-8897-aaf8ff036786,16,0.09202974082371343,0.24194403290748595,0
qwen72B-int4_telecom_50runs,a4a61b68-7817-4ab4-8897-aaf8ff036786,24,0.09711693234800879,0.16770977059076,0
qwen72B-int4_telecom_50runs,a4a61b68-7817-4ab4-8897-aaf8ff036786,28,0.09931371197815694,0.2682399592901531,0
qwen72B-int4_telecom_50runs,a4a61b68-7817-4ab4-8897-aaf8ff036786,34,0.09777519289305511,0.21717068935051942,0
qwen72B-int4_telecom_50runs,a4a61b68-7817-4ab4-8897-aaf8ff036786,42,0.0883622531237549,0.39505221870508084,0
qwen72B-int4_telecom_50runs,793cad19-cf73-48bf-aac9-366f9c76fb48,0,,,0
qwen72B-int4_telecom_50runs,793cad19-cf73-48bf-aac9-366f9c76fb48,2,0.0006850864262716109,0.0,0
qwen72B-int4_telecom_50runs,793cad19-cf73-48bf-aac9-366f9c76fb48,4,0.20177500839026546,0.0,0
qwen72B-int4_telecom_50runs,793cad19-cf73-48bf-aac9-366f9c76fb48,8,0.21505858867996835,0.1381369646714658,0
qwen72B-int4_telecom_50runs,793cad19-cf73-48bf-aac9-366f9c76fb48,12,0.10098315226844064,0.2661125413302718,0
qwen72B-int4_telecom_50runs,793cad19-cf73-48bf-aac9-366f9c76fb48,16,0.06153832811980384,0.3882447156039151,0
qwen72B-int4_telecom_50runs,793cad19-cf73-48bf-aac9-366f9c76fb48,20,0.02689770705635714,0.29560313953293693,0
qwen72B-int4_telecom_50runs,793cad19-cf73-48bf-aac9-366f9c76fb48,24,0.09429059702739857,0.2384500702222188,0
qwen72B-int4_telecom_50runs,793cad19-cf73-48bf-aac9-366f9c76fb48,28,0.08286326978872145,0.22818220501214684,0
qwen72B-int4_telecom_50runs,793cad19-cf73-48bf-aac9-366f9c76fb48,34,0.006391577278522152,0.5117654090835935,0
qwen72B-int4_telecom_50runs,793cad19-cf73-48bf-aac9-366f9c76fb48,38,0.11676472755151195,0.1403154915776746,0
qwen72B-int4_telecom_50runs,793cad19-cf73-48bf-aac9-366f9c76fb48,40,0.028041441887370573,0.0,0
qwen72B-int4_telecom_50runs,793cad19-cf73-48bf-aac9-366f9c76fb48,42,0.09556974455607509,0.126869926850001,0
qwen72B-int4_telecom_50runs,793cad19-cf73-48bf-aac9-366f9c76fb48,44,0.10688714775849045,0.15013231415497627,0
qwen72B-int4_telecom_50runs,793cad19-cf73-48bf-aac9-366f9c76fb48,46,0.058357283077077424,0.1070697167340447,0
qwen72B-int4_telecom_50runs,793cad19-cf73-48bf-aac9-366f9c76fb48,50,0.0744557731025657,0.38576283499046604,0
qwen72B-int4_telecom_50runs,793cad19-cf73-48bf-aac9-366f9c76fb48,54,0.11697923515318195,0.14765686083988971,0
qwen72B-int4_telecom_50runs,793cad19-cf73-48bf-aac9-366f9c76fb48,58,0.009513234439397066,0.5825831932680948,0
qwen72B-int4_telecom_50runs,793cad19-cf73-48bf-aac9-366f9c76fb48,62,0.07014959586122874,0.30766531080007553,0
qwen72B-int4_telecom_50runs,793cad19-cf73-48bf-aac9-366f9c76fb48,64,0.17176790050089333,0.0950438380241394,0
qwen72B-int4_telecom_50runs,793cad19-cf73-48bf-aac9-366f9c76fb48,66,0.10485071550282711,0.12686622661093006,0
qwen72B-int4_telecom_50runs,793cad19-cf73-48bf-aac9-366f9c76fb48,68,0.03867149225062096,0.18841139674186708,0
qwen72B-int4_telecom_50runs,793cad19-cf73-48bf-aac9-366f9c76fb48,72,0.037197537949464246,0.32265933937039865,0
qwen72B-int4_telecom_50runs,1a1f84b8-7e75-495f-a178-8cba7b7c324a,0,,,1
qwen72B-int4_telecom_50runs,1a1f84b8-7e75-495f-a178-8cba7b7c324a,2,0.00035308694978005117,0.0,1
qwen72B-int4_telecom_50runs,1a1f84b8-7e75-495f-a178-8cba7b7c324a,4,0.26853539907758783,0.0,1
qwen72B-int4_telecom_50runs,1a1f84b8-7e75-495f-a178-8cba7b7c324a,8,0.19476897220410025,0.07482605342623554,1
qwen72B-int4_telecom_50runs,1a1f84b8-7e75-495f-a178-8cba7b7c324a,10,0.14556452728474842,0.06243707239627838,1
qwen72B-int4_telecom_50runs,1a1f84b8-7e75-495f-a178-8cba7b7c324a,14,0.11259277305776748,0.16625686275198104,1
qwen72B-int4_telecom_50runs,1a1f84b8-7e75-495f-a178-8cba7b7c324a,22,0.09672490644991157,0.16328336482637384,1
qwen72B-int4_telecom_50runs,1a1f84b8-7e75-495f-a178-8cba7b7c324a,30,0.08869294875052024,0.22144073838054545,1
qwen72B-int4_telecom_50runs,1a1f84b8-7e75-495f-a178-8cba7b7c324a,40,0.0882704927936092,0.29921292386403897,1
qwen72B-int4_telecom_50runs,1a1f84b8-7e75-495f-a178-8cba7b7c324a,46,0.1210051716496672,0.10441653302737644,1
qwen72B-int4_telecom_50runs,1a1f84b8-7e75-495f-a178-8cba7b7c324a,48,0.00021270578958770532,0.01900065787460493,1
qwen72B-int4_telecom_50runs,9ca36fa7-5d42-4e09-8a32-0d80aacd2ea6,0,,,1
qwen72B-int4_telecom_50runs,9ca36fa7-5d42-4e09-8a32-0d80aacd2ea6,2,4.661745012371324e-05,0.0,1
qwen72B-int4_telecom_50runs,9ca36fa7-5d42-4e09-8a32-0d80aacd2ea6,4,0.30119972945628115,0.0,1
qwen72B-int4_telecom_50runs,9ca36fa7-5d42-4e09-8a32-0d80aacd2ea6,8,0.24585397671548448,0.1099827970777239,1
qwen72B-int4_telecom_50runs,9ca36fa7-5d42-4e09-8a32-0d80aacd2ea6,12,0.10696137850853714,0.16741321608424187,1
qwen72B-int4_telecom_50runs,9ca36fa7-5d42-4e09-8a32-0d80aacd2ea6,20,0.1188510153950488,0.1481593567878008,1
qwen72B-int4_telecom_50runs,9ca36fa7-5d42-4e09-8a32-0d80aacd2ea6,30,0.059685079930952366,0.2596255513124688,1
qwen72B-int4_telecom_50runs,9ca36fa7-5d42-4e09-8a32-0d80aacd2ea6,32,0.0835579221907717,0.11520003875096639,1
qwen72B-int4_telecom_50runs,9ca36fa7-5d42-4e09-8a32-0d80aacd2ea6,34,0.17491312063444944,0.20768003396584953,1
qwen72B-int4_telecom_50runs,9ca36fa7-5d42-4e09-8a32-0d80aacd2ea6,40,0.0642152211084826,0.4053556242106873,1
qwen72B-int4_telecom_50runs,9ca36fa7-5d42-4e09-8a32-0d80aacd2ea6,42,0.0004620975643238455,0.0,1
qwen72B-int4_telecom_50runs,ae18fa6e-0e6f-4e18-a4c1-1fed6aee1440,0,,,1
qwen72B-int4_telecom_50runs,ae18fa6e-0e6f-4e18-a4c1-1fed6aee1440,2,0.0006850864262716109,0.0,1
qwen72B-int4_telecom_50runs,ae18fa6e-0e6f-4e18-a4c1-1fed6aee1440,4,0.2018971156381159,0.0,1
qwen72B-int4_telecom_50runs,ae18fa6e-0e6f-4e18-a4c1-1fed6aee1440,8,0.1394877723188939,0.16204244805418927,1
qwen72B-int4_telecom_50runs,ae18fa6e-0e6f-4e18-a4c1-1fed6aee1440,28,0.1263765542215344,0.21607210279321995,1
qwen72B-int4_telecom_50runs,ae18fa6e-0e6f-4e18-a4c1-1fed6aee1440,32,0.08352093142845962,0.20301789045333862,1
qwen72B-int4_telecom_50runs,ae18fa6e-0e6f-4e18-a4c1-1fed6aee1440,42,0.10806443854653532,0.2831682394479067,1
qwen72B-int4_telecom_50runs,ae18fa6e-0e6f-4e18-a4c1-1fed6aee1440,44,0.006197397283942179,0.0051715479956732854,1
qwen72B-int4_telecom_50runs,ae18fa6e-0e6f-4e18-a4c1-1fed6aee1440,46,0.0572135187708941,0.19105225801467896,1
qwen72B-int4_telecom_50runs,ae18fa6e-0e6f-4e18-a4c1-1fed6aee1440,48,5.7413398210820323e-05,0.22690749168395996,1
qwen72B-int4_telecom_50runs,ae18fa6e-0e6f-4e18-a4c1-1fed6aee1440,50,0.053782842162422774,0.14369069175286728,1
qwen72B-int4_telecom_50runs,ae18fa6e-0e6f-4e18-a4c1-1fed6aee1440,56,0.05074522895451497,0.2528746426105499,1
qwen72B-int4_telecom_50runs,ae18fa6e-0e6f-4e18-a4c1-1fed6aee1440,58,0.0007083952802273997,0.5451276699701945,1
qwen72B-int4_telecom_50runs,ae18fa6e-0e6f-4e18-a4c1-1fed6aee1440,60,0.05987304421024811,0.2106816636828276,1
qwen72B-int4_telecom_50runs,ae18fa6e-0e6f-4e18-a4c1-1fed6aee1440,62,6.1807364534325e-05,0.10397675207683017,1
qwen72B-int4_telecom_50runs,ae18fa6e-0e6f-4e18-a4c1-1fed6aee1440,64,0.10011494864641331,0.15820821050469203,1
qwen72B-int4_telecom_50runs,ae18fa6e-0e6f-4e18-a4c1-1fed6aee1440,70,0.05695274591054995,0.37173051725734363,1
qwen72B-int4_telecom_50runs,ae18fa6e-0e6f-4e18-a4c1-1fed6aee1440,74,0.07865473517373635,0.262015596989098,1
qwen72B-int4_telecom_50runs,ae18fa6e-0e6f-4e18-a4c1-1fed6aee1440,78,0.0679483761968546,0.5313050829701954,1
qwen72B-int4_telecom_50runs,ae18fa6e-0e6f-4e18-a4c1-1fed6aee1440,80,0.07256967290108332,0.37938542451177326,1
qwen72B-int4_telecom_50runs,ae18fa6e-0e6f-4e18-a4c1-1fed6aee1440,86,0.12683062009684146,0.08483101108859728,1
qwen72B-int4_telecom_50runs,c89df975-f924-43c1-bb45-7ea8cef47a31,0,,,0
qwen72B-int4_telecom_50runs,c89df975-f924-43c1-bb45-7ea8cef47a31,2,9.368005580010757e-05,0.0,0
qwen72B-int4_telecom_50runs,c89df975-f924-43c1-bb45-7ea8cef47a31,4,0.31490625045534404,0.0,0
qwen72B-int4_telecom_50runs,c89df975-f924-43c1-bb45-7ea8cef47a31,8,0.09833673718806266,0.13241465312918438,0
qwen72B-int4_telecom_50runs,c89df975-f924-43c1-bb45-7ea8cef47a31,16,0.15842548152730718,0.13279088889018142,0
qwen72B-int4_telecom_50runs,c89df975-f924-43c1-bb45-7ea8cef47a31,20,0.15596023869479114,0.14649106108624002,0
qwen72B-int4_telecom_50runs,971fb0ec-e207-491f-9ffc-9390502e4349,0,,,1
qwen72B-int4_telecom_50runs,971fb0ec-e207-491f-9ffc-9390502e4349,2,4.646332978641045e-05,0.0,1
qwen72B-int4_telecom_50runs,971fb0ec-e207-491f-9ffc-9390502e4349,4,0.30153645312707106,0.0,1
qwen72B-int4_telecom_50runs,971fb0ec-e207-491f-9ffc-9390502e4349,8,0.18658227163033933,0.05905255812023758,1
qwen72B-int4_telecom_50runs,971fb0ec-e207-491f-9ffc-9390502e4349,16,0.018964076655219344,0.07068981975317001,1
qwen72B-int4_telecom_50runs,971fb0ec-e207-491f-9ffc-9390502e4349,18,0.13008494155716546,0.11793521232903004,1
qwen72B-int4_telecom_50runs,971fb0ec-e207-491f-9ffc-9390502e4349,28,0.13175707383443028,0.10362081648258681,1
qwen72B-int4_telecom_50runs,971fb0ec-e207-491f-9ffc-9390502e4349,32,0.07763815274881546,0.15114699149953909,1
qwen72B-int4_telecom_50runs,971fb0ec-e207-491f-9ffc-9390502e4349,34,0.11877600742773094,0.09498102379881818,1
qwen72B-int4_telecom_50runs,971fb0ec-e207-491f-9ffc-9390502e4349,36,0.08842743125640108,0.23222961386696236,1
qwen72B-int4_telecom_50runs,971fb0ec-e207-491f-9ffc-9390502e4349,42,0.14988425412946227,0.1878705386457772,1
qwen72B-int4_telecom_50runs,971fb0ec-e207-491f-9ffc-9390502e4349,44,0.11255758634025058,0.11919896742876838,1
qwen72B-int4_telecom_50runs,971fb0ec-e207-491f-9ffc-9390502e4349,46,0.00015877508040025652,0.052173449804908345,1
qwen72B-int4_telecom_50runs,6dfe35bd-5ebc-42fe-a5f2-42061ec0da92,0,,,0
qwen72B-int4_telecom_50runs,6dfe35bd-5ebc-42fe-a5f2-42061ec0da92,2,9.290584771297758e-05,0.0,0
qwen72B-int4_telecom_50runs,6dfe35bd-5ebc-42fe-a5f2-42061ec0da92,4,0.31479779559852844,0.0,0
qwen72B-int4_telecom_50runs,6dfe35bd-5ebc-42fe-a5f2-42061ec0da92,8,0.14278266575894122,0.2538650456596823,0
qwen72B-int4_telecom_50runs,6dfe35bd-5ebc-42fe-a5f2-42061ec0da92,12,0.17154648332516784,0.1527042281196778,0
qwen72B-int4_telecom_50runs,6dfe35bd-5ebc-42fe-a5f2-42061ec0da92,16,0.05028979203248204,0.0,0
qwen72B-int4_telecom_50runs,6dfe35bd-5ebc-42fe-a5f2-42061ec0da92,18,0.09138428850062119,0.2732772223920707,0
qwen72B-int4_telecom_50runs,6dfe35bd-5ebc-42fe-a5f2-42061ec0da92,22,0.174327561556195,0.14107948541641235,0
qwen72B-int4_telecom_50runs,6dfe35bd-5ebc-42fe-a5f2-42061ec0da92,26,0.12849325305431242,0.0964136398755587,0
qwen72B-int4_telecom_50runs,6dfe35bd-5ebc-42fe-a5f2-42061ec0da92,30,0.020389336803255467,0.0,0
qwen72B-int4_telecom_50runs,6dfe35bd-5ebc-42fe-a5f2-42061ec0da92,32,0.09249268628895507,0.28284405762294557,0
qwen72B-int4_telecom_50runs,6dfe35bd-5ebc-42fe-a5f2-42061ec0da92,36,0.10950287071835366,0.4886187125996846,0
qwen72B-int4_telecom_50runs,6dfe35bd-5ebc-42fe-a5f2-42061ec0da92,40,0.14404285592190513,0.21260300549593839,0
qwen72B-int4_telecom_50runs,6dfe35bd-5ebc-42fe-a5f2-42061ec0da92,44,0.09577339600295827,0.2136460921981118,0
qwen72B-int4_telecom_50runs,c41df14a-2f01-45d0-bb86-83caaa48c31d,0,,,1
qwen72B-int4_telecom_50runs,c41df14a-2f01-45d0-bb86-83caaa48c31d,2,4.634765201128697e-05,0.0,1
qwen72B-int4_telecom_50runs,c41df14a-2f01-45d0-bb86-83caaa48c31d,4,0.3014015550109519,0.0,1
qwen72B-int4_telecom_50runs,c41df14a-2f01-45d0-bb86-83caaa48c31d,8,0.1502056747930034,0.13062201294244505,1
qwen72B-int4_telecom_50runs,c41df14a-2f01-45d0-bb86-83caaa48c31d,12,0.10168008324103765,0.23543535868326823,1
qwen72B-int4_telecom_50runs,c41df14a-2f01-45d0-bb86-83caaa48c31d,18,0.11207749571747944,0.1477096560524731,1
qwen72B-int4_telecom_50runs,c41df14a-2f01-45d0-bb86-83caaa48c31d,22,0.08271895949352458,0.10710051137468089,1
qwen72B-int4_telecom_50runs,c41df14a-2f01-45d0-bb86-83caaa48c31d,26,0.2044518005030529,0.12061229417490406,1
qwen72B-int4_telecom_50runs,c41df14a-2f01-45d0-bb86-83caaa48c31d,30,0.16024508549652178,0.07894310084256259,1
qwen72B-int4_telecom_50runs,c41df14a-2f01-45d0-bb86-83caaa48c31d,32,0.056088670465877816,0.20213249273467482,1
qwen72B-int4_telecom_50runs,c41df14a-2f01-45d0-bb86-83caaa48c31d,34,0.10163795193535052,0.19048738479614258,1
qwen72B-int4_telecom_50runs,c41df14a-2f01-45d0-bb86-83caaa48c31d,36,0.03912359214183064,0.6851615224565779,1
qwen72B-int4_telecom_50runs,c41df14a-2f01-45d0-bb86-83caaa48c31d,38,0.07430482322735889,0.4672795534133911,1
qwen72B-int4_telecom_50runs,c41df14a-2f01-45d0-bb86-83caaa48c31d,40,0.13412481921698127,0.1046318613431033,1
qwen72B-int4_telecom_50runs,c41df14a-2f01-45d0-bb86-83caaa48c31d,42,0.19286859989818822,0.08737427255381708,1
qwen72B-int4_telecom_50runs,c41df14a-2f01-45d0-bb86-83caaa48c31d,46,0.13068554633769416,0.05445266228455763,1
qwen72B-int4_telecom_50runs,c41df14a-2f01-45d0-bb86-83caaa48c31d,50,0.07494027517004882,0.08461517011615592,1
qwen72B-int4_telecom_50runs,c41df14a-2f01-45d0-bb86-83caaa48c31d,54,0.08123334520464337,0.14032935612910502,1
qwen72B-int4_telecom_50runs,c41df14a-2f01-45d0-bb86-83caaa48c31d,58,0.0767814952796315,0.09221097962422804,1
qwen72B-int4_telecom_50runs,c41df14a-2f01-45d0-bb86-83caaa48c31d,62,0.19555129616109732,0.050779483148029866,1
qwen72B-int4_telecom_50runs,c41df14a-2f01-45d0-bb86-83caaa48c31d,64,0.12598080893469898,0.13519323149392773,1
qwen72B-int4_telecom_50runs,c41df14a-2f01-45d0-bb86-83caaa48c31d,68,0.034610093042611846,0.1766361083303179,1
qwen72B-int4_telecom_50runs,c41df14a-2f01-45d0-bb86-83caaa48c31d,72,0.05404634956585723,0.4991355267438021,1
qwen72B-int4_telecom_50runs,c41df14a-2f01-45d0-bb86-83caaa48c31d,76,0.08576709682094359,0.31839756667613983,1
qwen72B-int4_telecom_50runs,c41df14a-2f01-45d0-bb86-83caaa48c31d,80,0.04317965192118833,0.7009087868456572,1
qwen72B-int4_telecom_50runs,c41df14a-2f01-45d0-bb86-83caaa48c31d,84,0.04761415222404237,0.5882683971471954,1
qwen72B-int4_telecom_50runs,c41df14a-2f01-45d0-bb86-83caaa48c31d,88,0.09954538675886226,0.274859619140625,1
qwen72B-int4_telecom_50runs,c41df14a-2f01-45d0-bb86-83caaa48c31d,90,0.04000155420237701,0.33310939444870247,1
qwen72B-int4_telecom_50runs,c41df14a-2f01-45d0-bb86-83caaa48c31d,94,0.031102677849786063,0.7105323214863623,1
qwen72B-int4_telecom_50runs,c41df14a-2f01-45d0-bb86-83caaa48c31d,96,0.05359779586244124,0.16737794024603705,1
qwen72B-int4_telecom_50runs,c41df14a-2f01-45d0-bb86-83caaa48c31d,100,0.10077718764968767,0.1311147495997038,1
qwen72B-int4_telecom_50runs,cb4e1097-46ce-487c-b534-595924007066,0,,,1
qwen72B-int4_telecom_50runs,cb4e1097-46ce-487c-b534-595924007066,2,0.0006867241187132954,0.0,1
qwen72B-int4_telecom_50runs,cb4e1097-46ce-487c-b534-595924007066,4,0.20212716357733868,0.0,1
qwen72B-int4_telecom_50runs,cb4e1097-46ce-487c-b534-595924007066,8,0.15624994817919352,0.11502982159050143,1
qwen72B-int4_telecom_50runs,cb4e1097-46ce-487c-b534-595924007066,12,0.09047650083454414,0.5639172060923143,1
qwen72B-int4_telecom_50runs,cb4e1097-46ce-487c-b534-595924007066,16,0.13073232748845018,0.18858045431283804,1
qwen72B-int4_telecom_50runs,cb4e1097-46ce-487c-b534-595924007066,20,0.09867866610019602,0.15089960356016419,1
qwen72B-int4_telecom_50runs,cb4e1097-46ce-487c-b534-595924007066,24,0.14450778573651812,0.11686390638351442,1
qwen72B-int4_telecom_50runs,cb4e1097-46ce-487c-b534-595924007066,28,0.10298237899458729,0.22420669112886701,1
qwen72B-int4_telecom_50runs,cb4e1097-46ce-487c-b534-595924007066,32,0.11586496855106332,0.18369027972221375,1
qwen72B-int4_telecom_50runs,cb4e1097-46ce-487c-b534-595924007066,36,0.0981570473644917,0.2070511147216126,1
qwen72B-int4_telecom_50runs,cb4e1097-46ce-487c-b534-595924007066,40,0.06585997123415761,0.29968110539696435,1
qwen72B-int4_telecom_50runs,cb4e1097-46ce-487c-b534-595924007066,44,0.09772932544239568,0.30146150768927804,1
qwen72B-int4_telecom_50runs,cb4e1097-46ce-487c-b534-595924007066,50,0.0396033646744668,0.4068184999319223,1
qwen72B-int4_telecom_50runs,cb4e1097-46ce-487c-b534-595924007066,54,0.14158344947785992,0.13053459632727835,1
qwen72B-int4_telecom_50runs,0579faab-9b53-4462-8d43-f023ab871a4f,0,,,0
qwen72B-int4_telecom_50runs,0579faab-9b53-4462-8d43-f023ab871a4f,2,9.480952386177385e-05,0.0,0
qwen72B-int4_telecom_50runs,0579faab-9b53-4462-8d43-f023ab871a4f,4,0.23916769565815063,0.0,0
qwen72B-int4_telecom_50runs,0579faab-9b53-4462-8d43-f023ab871a4f,12,0.17844703833051948,0.08805939784416786,0
qwen72B-int4_telecom_50runs,feb4dc4c-d851-49fa-bc04-a81eeebbce9a,0,,,0
qwen72B-int4_telecom_50runs,feb4dc4c-d851-49fa-bc04-a81eeebbce9a,2,0.0003533988519735357,0.0,0
qwen72B-int4_telecom_50runs,feb4dc4c-d851-49fa-bc04-a81eeebbce9a,4,0.26854340510634817,0.0,0
qwen72B-int4_telecom_50runs,feb4dc4c-d851-49fa-bc04-a81eeebbce9a,8,0.11692813145011274,0.10940333030053548,0
qwen72B-int4_telecom_50runs,feb4dc4c-d851-49fa-bc04-a81eeebbce9a,12,0.06880758221557995,0.3938256245393019,0
qwen72B-int4_telecom_50runs,feb4dc4c-d851-49fa-bc04-a81eeebbce9a,16,0.07077426881302426,0.2082982676369803,0
qwen72B-int4_telecom_50runs,feb4dc4c-d851-49fa-bc04-a81eeebbce9a,20,0.10142138319874057,0.2643583242910622,0
qwen72B-int4_telecom_50runs,feb4dc4c-d851-49fa-bc04-a81eeebbce9a,24,0.08074153919982421,0.2703477290211892,0
qwen72B-int4_telecom_50runs,feb4dc4c-d851-49fa-bc04-a81eeebbce9a,28,0.05824148402322811,0.33741720020771027,0
qwen72B-int4_telecom_50runs,feb4dc4c-d851-49fa-bc04-a81eeebbce9a,32,0.0947215453778661,0.22611223845868494,0
qwen72B-int4_telecom_50runs,feb4dc4c-d851-49fa-bc04-a81eeebbce9a,36,0.11633542300048129,0.11831361391851979,0
qwen72B-int4_telecom_50runs,b6da7070-6afc-4bb5-b6bc-c63d05a11c99,0,,,1
qwen72B-int4_telecom_50runs,b6da7070-6afc-4bb5-b6bc-c63d05a11c99,2,4.625313835174773e-05,0.0,1
qwen72B-int4_telecom_50runs,b6da7070-6afc-4bb5-b6bc-c63d05a11c99,4,0.3012516066768337,0.0,1
qwen72B-int4_telecom_50runs,b6da7070-6afc-4bb5-b6bc-c63d05a11c99,8,0.13200326008345323,0.09302231406464297,1
qwen72B-int4_telecom_50runs,b6da7070-6afc-4bb5-b6bc-c63d05a11c99,12,0.10865956418006865,0.15641850751379263,1
qwen72B-int4_telecom_50runs,b6da7070-6afc-4bb5-b6bc-c63d05a11c99,20,0.1357924294428499,0.13036439816157022,1
qwen72B-int4_telecom_50runs,b6da7070-6afc-4bb5-b6bc-c63d05a11c99,30,0.08913642142047139,0.2847936625887708,1
qwen72B-int4_telecom_50runs,b6da7070-6afc-4bb5-b6bc-c63d05a11c99,40,0.06838615795167804,0.40436730665319104,1
qwen72B-int4_telecom_50runs,b6da7070-6afc-4bb5-b6bc-c63d05a11c99,52,0.09056803866911298,0.5367349719717389,1
qwen72B-int4_telecom_50runs,b6da7070-6afc-4bb5-b6bc-c63d05a11c99,64,0.1091290938655063,0.12640551261812727,1
qwen72B-int4_telecom_50runs,b6da7070-6afc-4bb5-b6bc-c63d05a11c99,66,0.00016180666758982087,0.027126797745304722,1
qwen72B-int4_telecom_50runs,6e7cde85-19a8-42b9-94a9-32ecfc23c880,0,,,1
qwen72B-int4_telecom_50runs,6e7cde85-19a8-42b9-94a9-32ecfc23c880,2,9.339635021632375e-05,0.0,1
qwen72B-int4_telecom_50runs,6e7cde85-19a8-42b9-94a9-32ecfc23c880,4,0.3150841906671891,0.0,1
qwen72B-int4_telecom_50runs,6e7cde85-19a8-42b9-94a9-32ecfc23c880,8,0.0983755255522902,0.13241465312918438,1
qwen72B-int4_telecom_50runs,6e7cde85-19a8-42b9-94a9-32ecfc23c880,16,0.15891592843216365,0.13279088889018142,1
qwen72B-int4_telecom_50runs,6e7cde85-19a8-42b9-94a9-32ecfc23c880,20,0.155951637088647,0.14649106108624002,1
qwen72B-int4_telecom_50runs,6e7cde85-19a8-42b9-94a9-32ecfc23c880,30,0.09384341734550573,0.1786449263172765,1
qwen72B-int4_telecom_50runs,6e7cde85-19a8-42b9-94a9-32ecfc23c880,40,0.08425922850025515,0.261357741355896,1
qwen72B-int4_telecom_50runs,6e7cde85-19a8-42b9-94a9-32ecfc23c880,48,0.15040108335195315,0.11295813135802746,1
qwen72B-int4_telecom_50runs,6e7cde85-19a8-42b9-94a9-32ecfc23c880,50,0.10890506110618775,0.13548013487377683,1
qwen72B-int4_telecom_50runs,6e7cde85-19a8-42b9-94a9-32ecfc23c880,52,0.06570932724545764,0.21608943060824745,1
qwen72B-int4_telecom_50runs,2a26c10a-3ecb-4cbb-80ad-03f704a9c204,0,,,1
qwen72B-int4_telecom_50runs,2a26c10a-3ecb-4cbb-80ad-03f704a9c204,2,9.328419052720578e-05,0.0,1
qwen72B-int4_telecom_50runs,2a26c10a-3ecb-4cbb-80ad-03f704a9c204,4,0.3147268878753907,0.0,1
qwen72B-int4_telecom_50runs,2a26c10a-3ecb-4cbb-80ad-03f704a9c204,8,0.14276556200450524,0.2538650456596823,1
qwen72B-int4_telecom_50runs,2a26c10a-3ecb-4cbb-80ad-03f704a9c204,12,0.17189461496777297,0.1527042281196778,1
qwen72B-int4_telecom_50runs,2a26c10a-3ecb-4cbb-80ad-03f704a9c204,16,0.050503565041670785,0.0,1
qwen72B-int4_telecom_50runs,2a26c10a-3ecb-4cbb-80ad-03f704a9c204,18,0.09118404898947943,0.2732772223920707,1
qwen72B-int4_telecom_50runs,2a26c10a-3ecb-4cbb-80ad-03f704a9c204,22,0.17484536887046498,0.14107948541641235,1
qwen72B-int4_telecom_50runs,2a26c10a-3ecb-4cbb-80ad-03f704a9c204,26,0.12803190338704531,0.0964136398755587,1
qwen72B-int4_telecom_50runs,2a26c10a-3ecb-4cbb-80ad-03f704a9c204,30,0.020250279620291557,0.0,1
qwen72B-int4_telecom_50runs,2a26c10a-3ecb-4cbb-80ad-03f704a9c204,32,0.09251744357684648,0.28284405762294557,1
qwen72B-int4_telecom_50runs,2a26c10a-3ecb-4cbb-80ad-03f704a9c204,36,0.11027775377848274,0.4886187125996846,1
qwen72B-int4_telecom_50runs,2a26c10a-3ecb-4cbb-80ad-03f704a9c204,40,0.14406395314984954,0.21260300549593839,1
qwen72B-int4_telecom_50runs,2a26c10a-3ecb-4cbb-80ad-03f704a9c204,44,0.09543249447531937,0.2136460921981118,1
qwen72B-int4_telecom_50runs,2a26c10a-3ecb-4cbb-80ad-03f704a9c204,48,0.05924066919846353,0.2640691375732422,1
qwen72B-int4_telecom_50runs,2a26c10a-3ecb-4cbb-80ad-03f704a9c204,52,0.07767389590963009,0.1642200861658369,1
qwen72B-int4_telecom_50runs,2a26c10a-3ecb-4cbb-80ad-03f704a9c204,56,0.03340989341462393,0.0,1
qwen72B-int4_telecom_50runs,2a26c10a-3ecb-4cbb-80ad-03f704a9c204,58,0.08838807053765613,0.1661059202686433,1
qwen72B-int4_telecom_50runs,2a26c10a-3ecb-4cbb-80ad-03f704a9c204,62,0.0346464400083504,0.4336070172926959,1
qwen72B-int4_telecom_50runs,2a26c10a-3ecb-4cbb-80ad-03f704a9c204,68,0.15300965695512928,0.07880341379266036,1
qwen72B-int4_telecom_50runs,2a26c10a-3ecb-4cbb-80ad-03f704a9c204,70,0.18723871219218127,0.15382039691171337,1
qwen72B-int4_telecom_50runs,2a26c10a-3ecb-4cbb-80ad-03f704a9c204,72,0.10703715558250708,0.10933250472659156,1
qwen72B-int4_telecom_50runs,2a26c10a-3ecb-4cbb-80ad-03f704a9c204,74,0.14142423400028495,0.15608712742405553,1
qwen72B-int4_telecom_50runs,2cdc4dc7-1dce-4d77-8e33-cda515a263a4,0,,,1
qwen72B-int4_telecom_50runs,2cdc4dc7-1dce-4d77-8e33-cda515a263a4,2,4.625313835174773e-05,0.0,1
qwen72B-int4_telecom_50runs,2cdc4dc7-1dce-4d77-8e33-cda515a263a4,4,0.3015455102803396,0.0,1
qwen72B-int4_telecom_50runs,2cdc4dc7-1dce-4d77-8e33-cda515a263a4,8,0.150530234129967,0.13062201294244505,1
qwen72B-int4_telecom_50runs,2cdc4dc7-1dce-4d77-8e33-cda515a263a4,14,0.028088409696775125,0.1231534481048584,1
qwen72B-int4_telecom_50runs,2cdc4dc7-1dce-4d77-8e33-cda515a263a4,16,0.11472296842335857,0.14694930335222667,1
qwen72B-int4_telecom_50runs,2cdc4dc7-1dce-4d77-8e33-cda515a263a4,20,0.0556221495382204,0.2164203643798828,1
qwen72B-int4_telecom_50runs,2cdc4dc7-1dce-4d77-8e33-cda515a263a4,28,0.004555775312857767,0.07803493738174438,1
qwen72B-int4_telecom_50runs,2cdc4dc7-1dce-4d77-8e33-cda515a263a4,30,0.06607787640257407,0.2764510127805894,1
qwen72B-int4_telecom_50runs,2cdc4dc7-1dce-4d77-8e33-cda515a263a4,34,0.0204219796076364,0.10105768839518228,1
qwen72B-int4_telecom_50runs,2cdc4dc7-1dce-4d77-8e33-cda515a263a4,36,0.012317691916083128,0.46718888687637616,1
qwen72B-int4_telecom_50runs,2cdc4dc7-1dce-4d77-8e33-cda515a263a4,40,0.0009055678426127164,0.19493083159128824,1
qwen72B-int4_telecom_50runs,2cdc4dc7-1dce-4d77-8e33-cda515a263a4,42,0.07023305164579875,0.20533062323280005,1
qwen72B-int4_telecom_50runs,2cdc4dc7-1dce-4d77-8e33-cda515a263a4,48,0.15179083905519597,0.027708027913020208,1
qwen72B-int4_telecom_50runs,2cdc4dc7-1dce-4d77-8e33-cda515a263a4,52,0.06468055454249243,0.0957569192956995,1
qwen72B-int4_telecom_50runs,4009e6e0-1033-4169-b4d7-02f529453260,0,,,1
qwen72B-int4_telecom_50runs,4009e6e0-1033-4169-b4d7-02f529453260,2,9.368005580010757e-05,0.0,1
qwen72B-int4_telecom_50runs,4009e6e0-1033-4169-b4d7-02f529453260,4,0.28356702072261003,0.0,1
qwen72B-int4_telecom_50runs,4009e6e0-1033-4169-b4d7-02f529453260,8,0.2164760288837569,0.16437649726867676,1
qwen72B-int4_telecom_50runs,4009e6e0-1033-4169-b4d7-02f529453260,14,0.10048574261351245,0.24654033266264816,1
qwen72B-int4_telecom_50runs,4009e6e0-1033-4169-b4d7-02f529453260,20,0.14771637931803716,0.21894538164138796,1
qwen72B-int4_telecom_50runs,4009e6e0-1033-4169-b4d7-02f529453260,24,0.10899780137845053,0.12752780161405866,1
qwen72B-int4_telecom_50runs,4009e6e0-1033-4169-b4d7-02f529453260,32,0.12964194597058334,0.1483108225990744,1
qwen72B-int4_telecom_50runs,4009e6e0-1033-4169-b4d7-02f529453260,34,0.10181415803521614,0.1876107369150434,1
qwen72B-int4_telecom_50runs,4009e6e0-1033-4169-b4d7-02f529453260,36,0.050382672638361374,0.28763846653263747,1
qwen72B-int4_telecom_50runs,4009e6e0-1033-4169-b4d7-02f529453260,42,0.10143003026737776,0.19625235258877932,1
qwen72B-int4_telecom_50runs,4009e6e0-1033-4169-b4d7-02f529453260,48,0.15242325637196316,0.21566119817929846,1
qwen72B-int4_telecom_50runs,5cb23bae-6c3a-4243-8e15-368a6256bb5c,0,,,1
qwen72B-int4_telecom_50runs,5cb23bae-6c3a-4243-8e15-368a6256bb5c,2,4.6088303484737025e-05,0.0,1
qwen72B-int4_telecom_50runs,5cb23bae-6c3a-4243-8e15-368a6256bb5c,4,0.3014538289419954,0.0,1
qwen72B-int4_telecom_50runs,5cb23bae-6c3a-4243-8e15-368a6256bb5c,8,0.12555714455681072,0.08483706271811707,1
qwen72B-int4_telecom_50runs,5cb23bae-6c3a-4243-8e15-368a6256bb5c,12,0.08186187883922982,0.43339724067983953,1
qwen72B-int4_telecom_50runs,5cb23bae-6c3a-4243-8e15-368a6256bb5c,16,0.1958999495755019,0.10617258719035558,1
qwen72B-int4_telecom_50runs,5cb23bae-6c3a-4243-8e15-368a6256bb5c,20,0.008688707440410708,0.0,1
qwen72B-int4_telecom_50runs,5cb23bae-6c3a-4243-8e15-368a6256bb5c,22,0.09087105060766724,0.18211341217944496,1
qwen72B-int4_telecom_50runs,5cb23bae-6c3a-4243-8e15-368a6256bb5c,26,0.039638237944276816,0.5337994152849371,1
qwen72B-int4_telecom_50runs,5cb23bae-6c3a-4243-8e15-368a6256bb5c,30,0.09631429207362698,0.15676737825075787,1
qwen72B-int4_telecom_50runs,5cb23bae-6c3a-4243-8e15-368a6256bb5c,36,0.040570971726620476,0.5051602363586426,1
qwen72B-int4_telecom_50runs,5cb23bae-6c3a-4243-8e15-368a6256bb5c,40,0.10506741617508054,0.10586011074901966,1
qwen72B-int4_telecom_50runs,5cb23bae-6c3a-4243-8e15-368a6256bb5c,42,0.09253009982920718,0.30299325021978923,1
qwen72B-int4_telecom_50runs,5cb23bae-6c3a-4243-8e15-368a6256bb5c,44,0.07049436473499504,0.3294044654620321,1
qwen72B-int4_telecom_50runs,5cb23bae-6c3a-4243-8e15-368a6256bb5c,46,0.07805718719081776,0.16045455659022095,1
qwen72B-int4_telecom_50runs,5cb23bae-6c3a-4243-8e15-368a6256bb5c,50,0.10574059798896468,0.22868650990563472,1
qwen72B-int4_telecom_50runs,5cb23bae-6c3a-4243-8e15-368a6256bb5c,54,0.014433248029642253,0.19087645097782738,1
qwen72B-int4_telecom_50runs,5cb23bae-6c3a-4243-8e15-368a6256bb5c,58,0.03513924337972305,0.536012676027086,1
qwen72B-int4_telecom_50runs,5cb23bae-6c3a-4243-8e15-368a6256bb5c,62,0.14638978875836223,0.05058116424414847,1
qwen72B-int4_telecom_50runs,5cb23bae-6c3a-4243-8e15-368a6256bb5c,66,0.016907932679419185,0.5553848296403885,1
qwen72B-int4_telecom_50runs,5cb23bae-6c3a-4243-8e15-368a6256bb5c,70,0.09519157312979021,0.18588213766774825,1
qwen72B-int4_telecom_50runs,5cb23bae-6c3a-4243-8e15-368a6256bb5c,72,0.14541246065933258,0.09976545430846133,1
qwen72B-int4_telecom_50runs,5cb23bae-6c3a-4243-8e15-368a6256bb5c,74,0.05942278459675252,0.23511747156198207,1
qwen72B-int4_telecom_50runs,5cb23bae-6c3a-4243-8e15-368a6256bb5c,78,0.035530961278706266,0.22678921790350054,1
qwen72B-int4_telecom_50runs,78d677fe-3912-4878-ae04-0d108f759249,0,,,1
qwen72B-int4_telecom_50runs,78d677fe-3912-4878-ae04-0d108f759249,2,9.34279042522569e-05,0.0,1
qwen72B-int4_telecom_50runs,78d677fe-3912-4878-ae04-0d108f759249,4,0.2843282745029472,0.0,1
qwen72B-int4_telecom_50runs,78d677fe-3912-4878-ae04-0d108f759249,8,0.17969106671115628,0.12913696191929003,1
qwen72B-int4_telecom_50runs,78d677fe-3912-4878-ae04-0d108f759249,12,0.11506119314862562,0.28848523252150593,1
qwen72B-int4_telecom_50runs,78d677fe-3912-4878-ae04-0d108f759249,18,0.1466956076147798,0.15174649908857527,1
qwen72B-int4_telecom_50runs,78d677fe-3912-4878-ae04-0d108f759249,22,0.06117396192595436,0.14325948322520538,1
qwen72B-int4_telecom_50runs,78d677fe-3912-4878-ae04-0d108f759249,26,0.12165386887185035,0.14140532651673193,1
qwen72B-int4_telecom_50runs,78d677fe-3912-4878-ae04-0d108f759249,32,0.05394362858935466,0.17548106610774994,1
qwen72B-int4_telecom_50runs,78d677fe-3912-4878-ae04-0d108f759249,36,0.07195120818644678,0.2195335262351566,1
qwen72B-int4_telecom_50runs,78d677fe-3912-4878-ae04-0d108f759249,42,0.0672796870620936,0.4361022114753723,1
qwen72B-int4_telecom_50runs,78d677fe-3912-4878-ae04-0d108f759249,50,0.12083421870484759,0.061069985994925864,1
qwen72B-int4_telecom_50runs,78d677fe-3912-4878-ae04-0d108f759249,52,0.0001676115340772885,0.02998391389846802,1
qwen72B-int4_telecom_50runs,e997fc3a-f7ed-478e-a172-e1cbaeb20fb8,0,,,1
qwen72B-int4_telecom_50runs,e997fc3a-f7ed-478e-a172-e1cbaeb20fb8,2,0.0006850899322131872,0.0,1
qwen72B-int4_telecom_50runs,e997fc3a-f7ed-478e-a172-e1cbaeb20fb8,4,0.20182051501017106,0.0,1
qwen72B-int4_telecom_50runs,e997fc3a-f7ed-478e-a172-e1cbaeb20fb8,8,0.15603352959752004,0.11502982159050143,1
qwen72B-int4_telecom_50runs,e997fc3a-f7ed-478e-a172-e1cbaeb20fb8,12,0.0909462223455819,0.5639172060923143,1
qwen72B-int4_telecom_50runs,e997fc3a-f7ed-478e-a172-e1cbaeb20fb8,16,0.1201676801899802,0.21596962103137265,1
qwen72B-int4_telecom_50runs,e997fc3a-f7ed-478e-a172-e1cbaeb20fb8,20,0.05795117357263558,0.25512448946634925,1
qwen72B-int4_telecom_50runs,e997fc3a-f7ed-478e-a172-e1cbaeb20fb8,24,0.10936496338797565,0.21759443060826444,1
qwen72B-int4_telecom_50runs,e997fc3a-f7ed-478e-a172-e1cbaeb20fb8,28,0.0867538653595193,0.2580505779811314,1
qwen72B-int4_telecom_50runs,e997fc3a-f7ed-478e-a172-e1cbaeb20fb8,32,0.11181517870457758,0.38842758735020955,1
qwen72B-int4_telecom_50runs,e997fc3a-f7ed-478e-a172-e1cbaeb20fb8,36,0.07534861792477938,0.14382544199625652,1
qwen72B-int4_telecom_50runs,e997fc3a-f7ed-478e-a172-e1cbaeb20fb8,42,0.07117496164429382,0.35897321360451834,1
qwen72B-int4_telecom_50runs,e997fc3a-f7ed-478e-a172-e1cbaeb20fb8,48,0.06299399433367493,0.2680448505976429,1
qwen72B-int4_telecom_50runs,e997fc3a-f7ed-478e-a172-e1cbaeb20fb8,52,0.044375666167780714,0.37222330687475985,1
qwen72B-int4_telecom_50runs,e997fc3a-f7ed-478e-a172-e1cbaeb20fb8,60,0.11626299420341928,0.12832948366800945,1
qwen72B-int4_telecom_50runs,e997fc3a-f7ed-478e-a172-e1cbaeb20fb8,62,0.10655374399217094,0.1993068733385631,1
qwen72B-int4_telecom_50runs,e997fc3a-f7ed-478e-a172-e1cbaeb20fb8,64,0.08605211550386263,0.21557913507734025,1
qwen72B-int4_telecom_50runs,e997fc3a-f7ed-478e-a172-e1cbaeb20fb8,66,0.03793860435362935,0.12192400835328182,1
qwen72B-int4_telecom_50runs,e997fc3a-f7ed-478e-a172-e1cbaeb20fb8,72,0.09367739872109725,0.09257773349159641,1
qwen72B-int4_telecom_50runs,e997fc3a-f7ed-478e-a172-e1cbaeb20fb8,74,0.10861078565776047,0.19768735134240353,1
qwen72B-int4_telecom_50runs,e997fc3a-f7ed-478e-a172-e1cbaeb20fb8,76,0.11572297622909232,0.17036879435181618,1
qwen72B-int4_telecom_50runs,e997fc3a-f7ed-478e-a172-e1cbaeb20fb8,86,0.16580082411795877,0.1668609336570457,1
qwen72B-int4_telecom_50runs,e997fc3a-f7ed-478e-a172-e1cbaeb20fb8,88,0.050837669658346435,1.0,1
qwen72B-int4_telecom_50runs,e997fc3a-f7ed-478e-a172-e1cbaeb20fb8,90,0.07630547326729112,0.11565472565445245,1
qwen72B-int4_telecom_50runs,e997fc3a-f7ed-478e-a172-e1cbaeb20fb8,96,0.09508005097338083,0.20725450650700983,1
qwen72B-int4_telecom_50runs,e997fc3a-f7ed-478e-a172-e1cbaeb20fb8,106,0.09503904201886001,0.1727750082667783,1
qwen72B-int4_telecom_50runs,e997fc3a-f7ed-478e-a172-e1cbaeb20fb8,108,0.00011712761627604238,0.015512264826718499,1
qwen72B-int4_telecom_50runs,0014153f-fc57-4fbd-a7d7-cd3fc4962146,0,,,1
qwen72B-int4_telecom_50runs,0014153f-fc57-4fbd-a7d7-cd3fc4962146,2,0.0006850899322131872,0.0,1
qwen72B-int4_telecom_50runs,0014153f-fc57-4fbd-a7d7-cd3fc4962146,4,0.186404199758663,0.0,1
qwen72B-int4_telecom_50runs,0014153f-fc57-4fbd-a7d7-cd3fc4962146,8,0.1277655637610769,0.15993394088326837,1
qwen72B-int4_telecom_50runs,0014153f-fc57-4fbd-a7d7-cd3fc4962146,12,0.05122098487651186,0.4595901239408206,1
qwen72B-int4_telecom_50runs,0014153f-fc57-4fbd-a7d7-cd3fc4962146,16,0.06363847156838025,0.42005114257335663,1
qwen72B-int4_telecom_50runs,0014153f-fc57-4fbd-a7d7-cd3fc4962146,20,0.012942771155973212,0.5857224123818534,1
qwen72B-int4_telecom_50runs,0014153f-fc57-4fbd-a7d7-cd3fc4962146,24,0.052463492074616466,0.47272624545975733,1
qwen72B-int4_telecom_50runs,0014153f-fc57-4fbd-a7d7-cd3fc4962146,30,0.12830161705924037,0.12314035907968299,1
qwen72B-int4_telecom_50runs,0014153f-fc57-4fbd-a7d7-cd3fc4962146,34,0.07032043110593345,0.24566934419714886,1
qwen72B-int4_telecom_50runs,0014153f-fc57-4fbd-a7d7-cd3fc4962146,40,0.037629923903058145,0.4153391607105732,1
qwen72B-int4_telecom_50runs,0014153f-fc57-4fbd-a7d7-cd3fc4962146,48,0.07498060501534413,0.33579247752460867,1
qwen72B-int4_telecom_50runs,0014153f-fc57-4fbd-a7d7-cd3fc4962146,58,0.15239582996118575,0.16009217557452973,1
qwen72B-int4_telecom_50runs,0014153f-fc57-4fbd-a7d7-cd3fc4962146,60,0.0977987510409154,0.16774867640601263,1
qwen72B-int4_telecom_50runs,0014153f-fc57-4fbd-a7d7-cd3fc4962146,62,0.06062641515260557,0.21334683955317796,1
qwen72B-int4_telecom_50runs,0014153f-fc57-4fbd-a7d7-cd3fc4962146,68,0.10265990084845644,0.23628714960068464,1
qwen72B-int4_telecom_50runs,0014153f-fc57-4fbd-a7d7-cd3fc4962146,76,0.07596671885976437,0.07426200509071351,1
qwen72B-int4_telecom_50runs,0014153f-fc57-4fbd-a7d7-cd3fc4962146,78,0.0618350133154518,0.16977208237799385,1
qwen72B-int4_telecom_50runs,0014153f-fc57-4fbd-a7d7-cd3fc4962146,80,0.0973690415346603,0.37727467219034827,1
qwen72B-int4_telecom_50runs,0014153f-fc57-4fbd-a7d7-cd3fc4962146,86,0.07601434684613183,0.0846555658051225,1
qwen72B-int4_telecom_50runs,0014153f-fc57-4fbd-a7d7-cd3fc4962146,88,0.08066490304918207,0.39501965812274387,1
qwen72B-int4_telecom_50runs,0014153f-fc57-4fbd-a7d7-cd3fc4962146,92,0.011444239582170597,0.06224931541242097,1
qwen72B-int4_telecom_50runs,0014153f-fc57-4fbd-a7d7-cd3fc4962146,94,0.04328803584547427,0.10893054000318866,1
qwen72B-int4_telecom_50runs,0014153f-fc57-4fbd-a7d7-cd3fc4962146,96,0.02958645305180824,0.39811135828495026,1
qwen72B-int4_telecom_50runs,0014153f-fc57-4fbd-a7d7-cd3fc4962146,100,0.14360621851053393,0.10504677523801356,1
qwen72B-int4_telecom_50runs,24c009e4-3435-4f85-9381-3173f22c96b7,0,,,1
qwen72B-int4_telecom_50runs,24c009e4-3435-4f85-9381-3173f22c96b7,2,4.622846808058846e-05,0.0,1
qwen72B-int4_telecom_50runs,24c009e4-3435-4f85-9381-3173f22c96b7,4,0.3017189286785455,0.0,1
qwen72B-int4_telecom_50runs,24c009e4-3435-4f85-9381-3173f22c96b7,8,0.1505018216593513,0.13062201294244505,1
qwen72B-int4_telecom_50runs,24c009e4-3435-4f85-9381-3173f22c96b7,14,0.13958635178300696,0.26897453816969,1
qwen72B-int4_telecom_50runs,24c009e4-3435-4f85-9381-3173f22c96b7,20,0.030583912055542093,0.0,1
qwen72B-int4_telecom_50runs,24c009e4-3435-4f85-9381-3173f22c96b7,22,0.045121530693173394,0.28537509441375736,1
qwen72B-int4_telecom_50runs,24c009e4-3435-4f85-9381-3173f22c96b7,28,0.06510077231007959,0.14697798490524291,1
qwen72B-int4_telecom_50runs,24c009e4-3435-4f85-9381-3173f22c96b7,32,0.13656294551542061,0.25633085051248244,1
qwen72B-int4_telecom_50runs,24c009e4-3435-4f85-9381-3173f22c96b7,36,0.08153604802737219,0.17242862590371744,1
qwen72B-int4_telecom_50runs,24c009e4-3435-4f85-9381-3173f22c96b7,42,0.05426933750779971,0.21609427073062992,1
qwen72B-int4_telecom_50runs,24c009e4-3435-4f85-9381-3173f22c96b7,46,0.09042924303542293,0.4111593299441867,1
qwen72B-int4_telecom_50runs,24c009e4-3435-4f85-9381-3173f22c96b7,50,0.11992175804932054,0.1697660113635816,1
qwen72B-int4_telecom_50runs,24c009e4-3435-4f85-9381-3173f22c96b7,54,0.00112545885976493,0.0,1
qwen72B-int4_telecom_50runs,24c009e4-3435-4f85-9381-3173f22c96b7,56,0.07051760353683112,0.2012589887568825,1
qwen72B-int4_telecom_50runs,24c009e4-3435-4f85-9381-3173f22c96b7,62,0.09727114434544558,0.24885868444675352,1
qwen72B-int4_telecom_50runs,24c009e4-3435-4f85-9381-3173f22c96b7,66,0.08415383564512519,0.08521291510812168,1
qwen72B-int4_telecom_50runs,24c009e4-3435-4f85-9381-3173f22c96b7,72,0.010373722817354478,0.7518186494708061,1
qwen72B-int4_telecom_50runs,24c009e4-3435-4f85-9381-3173f22c96b7,76,0.17337041970492933,0.13845506958339526,1
qwen72B-int4_telecom_50runs,24c009e4-3435-4f85-9381-3173f22c96b7,78,0.14518533816983847,0.06768392957746983,1
qwen72B-int4_telecom_50runs,24c009e4-3435-4f85-9381-3173f22c96b7,80,0.10738176207071733,0.15546451952006365,1
qwen72B-int4_telecom_50runs,39978ba7-2bcf-49af-ae8e-79c2bfc9fd01,0,,,1
qwen72B-int4_telecom_50runs,39978ba7-2bcf-49af-ae8e-79c2bfc9fd01,2,9.395696053025952e-05,0.0,1
qwen72B-int4_telecom_50runs,39978ba7-2bcf-49af-ae8e-79c2bfc9fd01,4,0.24664569122243046,0.0,1
qwen72B-int4_telecom_50runs,39978ba7-2bcf-49af-ae8e-79c2bfc9fd01,8,0.14028424756482705,0.10586414166859218,1
qwen72B-int4_telecom_50runs,39978ba7-2bcf-49af-ae8e-79c2bfc9fd01,16,0.13741412083548196,0.14864671230316162,1
qwen72B-int4_telecom_50runs,39978ba7-2bcf-49af-ae8e-79c2bfc9fd01,22,0.09986055154807708,0.11378931999206543,1
qwen72B-int4_telecom_50runs,39978ba7-2bcf-49af-ae8e-79c2bfc9fd01,26,0.1545593384752743,0.2081393074989319,1
qwen72B-int4_telecom_50runs,39978ba7-2bcf-49af-ae8e-79c2bfc9fd01,52,0.14511517464052778,0.06307795544465383,1
qwen72B-int4_telecom_50runs,39978ba7-2bcf-49af-ae8e-79c2bfc9fd01,54,0.01532203573476155,0.0,1
qwen72B-int4_telecom_50runs,39978ba7-2bcf-49af-ae8e-79c2bfc9fd01,56,0.112206085584488,0.2499061129132255,1
qwen72B-int4_telecom_50runs,39978ba7-2bcf-49af-ae8e-79c2bfc9fd01,58,0.12764275520515414,0.12824012621029005,1
qwen72B-int4_telecom_50runs,39978ba7-2bcf-49af-ae8e-79c2bfc9fd01,60,0.06132935497184639,0.13431295595671,1
qwen72B-int4_telecom_50runs,39978ba7-2bcf-49af-ae8e-79c2bfc9fd01,62,0.08304962926265004,0.25760725682432,1
qwen72B-int4_telecom_50runs,39978ba7-2bcf-49af-ae8e-79c2bfc9fd01,66,0.056716282345216994,0.29821577548980716,1
qwen72B-int4_telecom_50runs,39978ba7-2bcf-49af-ae8e-79c2bfc9fd01,68,0.09845151483390077,0.33539385157962176,1
qwen72B-int4_telecom_50runs,39978ba7-2bcf-49af-ae8e-79c2bfc9fd01,70,0.11550100959794628,0.3146067653831683,1
qwen72B-int4_telecom_50runs,39978ba7-2bcf-49af-ae8e-79c2bfc9fd01,72,0.040525632274923264,0.174184495752508,1
qwen72B-int4_telecom_50runs,39978ba7-2bcf-49af-ae8e-79c2bfc9fd01,78,0.1708461293390875,0.06849061961125846,1
qwen72B-int4_telecom_50runs,39978ba7-2bcf-49af-ae8e-79c2bfc9fd01,80,0.12431919174773146,0.23094806883294702,1
qwen72B-int4_telecom_50runs,fb37558b-66de-4283-9074-7df6dfef8b1c,0,,,1
qwen72B-int4_telecom_50runs,fb37558b-66de-4283-9074-7df6dfef8b1c,2,9.368005580010757e-05,0.0,1
qwen72B-int4_telecom_50runs,fb37558b-66de-4283-9074-7df6dfef8b1c,4,0.31490625045534404,0.0,1
qwen72B-int4_telecom_50runs,fb37558b-66de-4283-9074-7df6dfef8b1c,8,0.12156640782900302,0.18292784148996527,1
qwen72B-int4_telecom_50runs,fb37558b-66de-4283-9074-7df6dfef8b1c,26,0.14394200039675858,0.19290496826171877,1
qwen72B-int4_telecom_50runs,fb37558b-66de-4283-9074-7df6dfef8b1c,36,0.11072073231262677,0.22118357225106314,1
qwen72B-int4_telecom_50runs,fb37558b-66de-4283-9074-7df6dfef8b1c,38,0.10392869454366525,0.1591870134527033,1
qwen72B-int4_telecom_50runs,fb37558b-66de-4283-9074-7df6dfef8b1c,40,0.10767821672155733,0.16368206492010154,1
qwen72B-int4_telecom_50runs,fb37558b-66de-4283-9074-7df6dfef8b1c,44,0.14227435631786853,0.12050877724375045,1
qwen72B-int4_telecom_50runs,609fcb88-853b-438c-9764-ea3bb15b0ba6,0,,,1
qwen72B-int4_telecom_50runs,609fcb88-853b-438c-9764-ea3bb15b0ba6,2,9.368005580010757e-05,0.0,1
qwen72B-int4_telecom_50runs,609fcb88-853b-438c-9764-ea3bb15b0ba6,4,0.31490625045534404,0.0,1
qwen72B-int4_telecom_50runs,609fcb88-853b-438c-9764-ea3bb15b0ba6,8,0.1572552600526266,0.2355695366859436,1
qwen72B-int4_telecom_50runs,609fcb88-853b-438c-9764-ea3bb15b0ba6,16,0.10254754103188386,0.3074728003863631,1
qwen72B-int4_telecom_50runs,609fcb88-853b-438c-9764-ea3bb15b0ba6,24,0.15251717722318453,0.17969369888305664,1
qwen72B-int4_telecom_50runs,609fcb88-853b-438c-9764-ea3bb15b0ba6,32,0.0004941464803874236,0.0,1
qwen72B-int4_telecom_50runs,609fcb88-853b-438c-9764-ea3bb15b0ba6,34,0.20097254265774794,0.0704853633128175,1
qwen72B-int4_telecom_50runs,609fcb88-853b-438c-9764-ea3bb15b0ba6,36,0.12850516923068336,0.06899693321723205,1
qwen72B-int4_telecom_50runs,609fcb88-853b-438c-9764-ea3bb15b0ba6,38,0.07914660125049898,0.09594674293811505,1
qwen72B-int4_telecom_50runs,609fcb88-853b-438c-9764-ea3bb15b0ba6,42,0.08740290150404002,0.1174447507743376,1
qwen72B-int4_telecom_50runs,609fcb88-853b-438c-9764-ea3bb15b0ba6,50,0.08497150457897105,0.3668896555900574,1
qwen72B-int4_telecom_50runs,609fcb88-853b-438c-9764-ea3bb15b0ba6,58,0.10354538648584898,0.09060573346406511,1
qwen72B-int4_telecom_50runs,609fcb88-853b-438c-9764-ea3bb15b0ba6,60,0.00020609056440135695,0.03190601185748451,1
qwen72B-int4_telecom_50runs,dcba3f75-b17c-4835-b9b3-06933f57e462,0,,,1
qwen72B-int4_telecom_50runs,dcba3f75-b17c-4835-b9b3-06933f57e462,2,4.6603424244170475e-05,0.0,1
qwen72B-int4_telecom_50runs,dcba3f75-b17c-4835-b9b3-06933f57e462,4,0.30159331109996923,0.0,1
qwen72B-int4_telecom_50runs,dcba3f75-b17c-4835-b9b3-06933f57e462,8,0.12598316332955392,0.08483706271811707,1
qwen72B-int4_telecom_50runs,dcba3f75-b17c-4835-b9b3-06933f57e462,12,0.08216484481487225,0.43339724067983953,1
qwen72B-int4_telecom_50runs,dcba3f75-b17c-4835-b9b3-06933f57e462,16,0.08888858055288784,0.24283986342580693,1
qwen72B-int4_telecom_50runs,dcba3f75-b17c-4835-b9b3-06933f57e462,20,0.020108106847083,0.5986548353124548,1
qwen72B-int4_telecom_50runs,dcba3f75-b17c-4835-b9b3-06933f57e462,24,0.020846655917473852,0.6936348233904157,1
qwen72B-int4_telecom_50runs,dcba3f75-b17c-4835-b9b3-06933f57e462,28,0.15998800434292795,0.20377580241153115,1
qwen72B-int4_telecom_50runs,dcba3f75-b17c-4835-b9b3-06933f57e462,32,0.06153555628826436,0.09185445998325821,1
qwen72B-int4_telecom_50runs,dcba3f75-b17c-4835-b9b3-06933f57e462,34,0.09367694830320585,0.10103280965019674,1
qwen72B-int4_telecom_50runs,dcba3f75-b17c-4835-b9b3-06933f57e462,36,0.05528240771457915,0.36486033827830583,1
qwen72B-int4_telecom_50runs,dcba3f75-b17c-4835-b9b3-06933f57e462,40,0.058259380521628136,0.5117260194138477,1
qwen72B-int4_telecom_50runs,dcba3f75-b17c-4835-b9b3-06933f57e462,44,0.07783046325667961,0.462130145593123,1
qwen72B-int4_telecom_50runs,dcba3f75-b17c-4835-b9b3-06933f57e462,48,0.032892417018789644,0.5007044970989227,1
qwen72B-int4_telecom_50runs,dcba3f75-b17c-4835-b9b3-06933f57e462,52,0.06353455272930053,0.267752593563449,1
qwen72B-int4_telecom_50runs,dcba3f75-b17c-4835-b9b3-06933f57e462,56,0.028683974579301334,0.49279003143310546,1
qwen72B-int4_telecom_50runs,dcba3f75-b17c-4835-b9b3-06933f57e462,60,0.015549452351372436,0.5549222098456489,1
qwen72B-int4_telecom_50runs,dcba3f75-b17c-4835-b9b3-06933f57e462,64,0.007111719413127048,0.5520877131709345,1
qwen72B-int4_telecom_50runs,dcba3f75-b17c-4835-b9b3-06933f57e462,68,0.054016363516818766,0.1700088530778885,1
qwen72B-int4_telecom_50runs,dcba3f75-b17c-4835-b9b3-06933f57e462,70,0.0421078984149253,0.33856070836385094,1
qwen72B-int4_telecom_50runs,dcba3f75-b17c-4835-b9b3-06933f57e462,74,0.008755316920990946,0.4983292553159926,1
qwen72B-int4_telecom_50runs,dcba3f75-b17c-4835-b9b3-06933f57e462,78,0.0022911703896734024,0.399910407140851,1
qwen72B-int4_telecom_50runs,dcba3f75-b17c-4835-b9b3-06933f57e462,82,0.02480750751955085,0.1600804328918457,1
qwen72B-int4_telecom_50runs,dcba3f75-b17c-4835-b9b3-06933f57e462,84,0.04473181271956811,0.5102920666169584,1
qwen72B-int4_telecom_50runs,dcba3f75-b17c-4835-b9b3-06933f57e462,86,0.021517083864076438,0.33705457587914966,1
qwen72B-int4_telecom_50runs,dcba3f75-b17c-4835-b9b3-06933f57e462,88,0.011897101019322677,0.3952756490219723,1
qwen72B-int4_telecom_50runs,dcba3f75-b17c-4835-b9b3-06933f57e462,92,0.004833451973691955,0.5009483883255407,1
qwen72B-int4_telecom_50runs,dcba3f75-b17c-4835-b9b3-06933f57e462,96,0.004263896708013961,0.1845629313993736,1
qwen72B-int4_telecom_50runs,dcba3f75-b17c-4835-b9b3-06933f57e462,98,0.005578949342872382,0.3856674926034336,1
qwen72B-int4_telecom_50runs,dcba3f75-b17c-4835-b9b3-06933f57e462,102,0.0039009151115537394,0.9180774100032852,1
qwen72B-int4_telecom_50runs,dcba3f75-b17c-4835-b9b3-06933f57e462,104,0.004648994049564549,0.4166171641289433,1
qwen72B-int4_telecom_50runs,dcba3f75-b17c-4835-b9b3-06933f57e462,108,0.00017750275550382796,0.5514965057373047,1
qwen72B-int4_telecom_50runs,dcba3f75-b17c-4835-b9b3-06933f57e462,112,0.015040435677560103,0.2130089925556648,1
qwen72B-int4_telecom_50runs,dcba3f75-b17c-4835-b9b3-06933f57e462,114,0.015160136292091793,0.4323596539704696,1
qwen72B-int4_telecom_50runs,dcba3f75-b17c-4835-b9b3-06933f57e462,116,0.004483162546953041,0.5507980942726135,1
qwen72B-int4_telecom_50runs,dcba3f75-b17c-4835-b9b3-06933f57e462,120,0.000656567996862415,0.5507980942726135,1
qwen72B-int4_telecom_50runs,dcba3f75-b17c-4835-b9b3-06933f57e462,124,0.039269715153830834,0.1496148157564009,1
qwen72B-int4_telecom_50runs,dcba3f75-b17c-4835-b9b3-06933f57e462,126,0.1449501395829199,0.11336752615476908,1
qwen72B-int4_telecom_50runs,dcba3f75-b17c-4835-b9b3-06933f57e462,128,0.11889060095746548,0.3475523836472455,1
qwen72B-int4_telecom_50runs,e4b8c394-784f-4ed9-9c8e-bbcb3572e96e,0,,,1
qwen72B-int4_telecom_50runs,e4b8c394-784f-4ed9-9c8e-bbcb3572e96e,2,4.622846808058846e-05,0.0,1
qwen72B-int4_telecom_50runs,e4b8c394-784f-4ed9-9c8e-bbcb3572e96e,4,0.3016081056482994,0.0,1
qwen72B-int4_telecom_50runs,e4b8c394-784f-4ed9-9c8e-bbcb3572e96e,8,0.12593284720213171,0.08483706271811707,1
qwen72B-int4_telecom_50runs,e4b8c394-784f-4ed9-9c8e-bbcb3572e96e,12,0.10528413990726311,0.16957724192103402,1
qwen72B-int4_telecom_50runs,e4b8c394-784f-4ed9-9c8e-bbcb3572e96e,16,0.07539873464753868,0.3222218625473254,1
qwen72B-int4_telecom_50runs,e4b8c394-784f-4ed9-9c8e-bbcb3572e96e,20,0.0647395094749353,0.0,1
qwen72B-int4_telecom_50runs,e4b8c394-784f-4ed9-9c8e-bbcb3572e96e,22,0.14849055754601298,0.17878112196922302,1
qwen72B-int4_telecom_50runs,e4b8c394-784f-4ed9-9c8e-bbcb3572e96e,26,0.16232129656236471,0.19944873487248138,1
qwen72B-int4_telecom_50runs,e4b8c394-784f-4ed9-9c8e-bbcb3572e96e,30,0.01388519554437885,1.0,1
qwen72B-int4_telecom_50runs,e4b8c394-784f-4ed9-9c8e-bbcb3572e96e,32,0.17555148938126308,0.12973980903625487,1
qwen72B-int4_telecom_50runs,e4b8c394-784f-4ed9-9c8e-bbcb3572e96e,34,0.13096193643836923,0.14585782065987588,1
qwen72B-int4_telecom_50runs,c4bcf465-78c2-4c5f-ab42-de1800d1b543,0,,,0
qwen72B-int4_telecom_50runs,c4bcf465-78c2-4c5f-ab42-de1800d1b543,2,5.752699961108727e-05,0.0,0
qwen72B-int4_telecom_50runs,c4bcf465-78c2-4c5f-ab42-de1800d1b543,4,0.16367609516151002,0.0,0
qwen72B-int4_telecom_50runs,c4bcf465-78c2-4c5f-ab42-de1800d1b543,8,0.14894267118635957,0.18759631398898452,0
qwen72B-int4_telecom_50runs,c4bcf465-78c2-4c5f-ab42-de1800d1b543,10,0.09781836347526046,0.21258858342965445,0
qwen72B-int4_telecom_50runs,c4bcf465-78c2-4c5f-ab42-de1800d1b543,14,0.08248643555296757,0.28952963844589563,0
qwen72B-int4_telecom_50runs,c4bcf465-78c2-4c5f-ab42-de1800d1b543,18,0.17983683244405502,0.029369485789331896,0
qwen72B-int4_telecom_50runs,c4bcf465-78c2-4c5f-ab42-de1800d1b543,22,0.14413289644638336,0.31223388181792366,0
qwen72B-int4_telecom_50runs,c4bcf465-78c2-4c5f-ab42-de1800d1b543,24,0.01004933460318551,0.0,0
qwen72B-int4_telecom_50runs,c4bcf465-78c2-4c5f-ab42-de1800d1b543,26,0.16860982434620927,0.14121226654496305,0
qwen72B-int4_telecom_50runs,c4bcf465-78c2-4c5f-ab42-de1800d1b543,28,0.00038015128363835365,0.0,0
qwen72B-int4_telecom_50runs,d00481de-dc44-4dc0-953c-aa8bff23704e,0,,,1
qwen72B-int4_telecom_50runs,d00481de-dc44-4dc0-953c-aa8bff23704e,2,0.0006850864262716109,0.0,1
qwen72B-int4_telecom_50runs,d00481de-dc44-4dc0-953c-aa8bff23704e,4,0.20174259170627526,0.0,1
qwen72B-int4_telecom_50runs,d00481de-dc44-4dc0-953c-aa8bff23704e,8,0.13766953231779627,0.1143944724550787,1
qwen72B-int4_telecom_50runs,d00481de-dc44-4dc0-953c-aa8bff23704e,14,0.07689802960095127,0.1626675804456075,1
qwen72B-int4_telecom_50runs,d00481de-dc44-4dc0-953c-aa8bff23704e,18,0.09323177905421973,0.16612914958632136,1
qwen72B-int4_telecom_50runs,d00481de-dc44-4dc0-953c-aa8bff23704e,26,0.13498199894839086,0.11495585585462635,1
qwen72B-int4_telecom_50runs,d00481de-dc44-4dc0-953c-aa8bff23704e,36,0.0867716177536316,0.30786252190481944,1
qwen72B-int4_telecom_50runs,d00481de-dc44-4dc0-953c-aa8bff23704e,40,0.05434152381998472,0.40415188941088587,1
qwen72B-int4_telecom_50runs,d00481de-dc44-4dc0-953c-aa8bff23704e,50,0.05212482336332054,0.44902212279183523,1
qwen72B-int4_telecom_50runs,d00481de-dc44-4dc0-953c-aa8bff23704e,60,0.053637718087473446,0.44575209787913733,1
qwen72B-int4_telecom_50runs,d00481de-dc44-4dc0-953c-aa8bff23704e,66,0.06536472956552929,0.31395534674326575,1
qwen72B-int4_telecom_50runs,d00481de-dc44-4dc0-953c-aa8bff23704e,76,0.12833949279041484,0.11241369888562115,1
qwen72B-int4_telecom_50runs,d00481de-dc44-4dc0-953c-aa8bff23704e,78,0.00012061219169517674,0.03157738013701005,1
qwen72B-int4_telecom_50runs,582a3312-d1c3-46be-b491-b48dc1574308,0,,,0
qwen72B-int4_telecom_50runs,582a3312-d1c3-46be-b491-b48dc1574308,2,5.729920577584166e-05,0.0,0
qwen72B-int4_telecom_50runs,582a3312-d1c3-46be-b491-b48dc1574308,4,0.1633749633374931,0.0,0
qwen72B-int4_telecom_50runs,582a3312-d1c3-46be-b491-b48dc1574308,8,0.1247664781197641,0.14202291435665554,0
qwen72B-int4_telecom_50runs,582a3312-d1c3-46be-b491-b48dc1574308,12,0.12913450904265836,0.2379570945780328,0
qwen72B-int4_telecom_50runs,582a3312-d1c3-46be-b491-b48dc1574308,16,0.13176728987846043,0.2930617022017638,0
qwen72B-int4_telecom_50runs,582a3312-d1c3-46be-b491-b48dc1574308,20,0.13898646022616137,0.06959761182467142,0
qwen72B-int4_telecom_50runs,138731a9-4b17-4e52-88d8-901215ff6b57,0,,,1
qwen72B-int4_telecom_50runs,138731a9-4b17-4e52-88d8-901215ff6b57,4,0.1433590526193909,0.0,1
qwen72B-int4_telecom_50runs,138731a9-4b17-4e52-88d8-901215ff6b57,8,0.06513472416393976,0.20614232925268322,1
qwen72B-int4_telecom_50runs,138731a9-4b17-4e52-88d8-901215ff6b57,12,0.12797511775744871,0.07416754552762803,1
qwen72B-int4_telecom_50runs,138731a9-4b17-4e52-88d8-901215ff6b57,16,0.17460186691400567,0.13125397654680107,1
qwen72B-int4_telecom_50runs,7fc73e28-bfd2-4f0e-927b-c2e29c5a9669,0,,,0
qwen72B-int4_telecom_50runs,7fc73e28-bfd2-4f0e-927b-c2e29c5a9669,2,5.750596239676377e-05,0.0,0
qwen72B-int4_telecom_50runs,7fc73e28-bfd2-4f0e-927b-c2e29c5a9669,4,0.16252899197987133,0.0,0
qwen72B-int4_telecom_50runs,7fc73e28-bfd2-4f0e-927b-c2e29c5a9669,8,0.12507443939275406,0.14198163262119998,0
qwen72B-int4_telecom_50runs,7fc73e28-bfd2-4f0e-927b-c2e29c5a9669,12,0.08659936092907951,0.23535335063934326,0
qwen72B-int4_telecom_50runs,7fc73e28-bfd2-4f0e-927b-c2e29c5a9669,16,0.1399488295303917,0.2501832178005805,0
qwen72B-int4_telecom_50runs,7fc73e28-bfd2-4f0e-927b-c2e29c5a9669,20,0.0987676105321598,0.14424827098846435,0
qwen72B-int4_telecom_50runs,7fc73e28-bfd2-4f0e-927b-c2e29c5a9669,24,0.17663899624767668,0.09978951000776448,0
qwen72B-int4_telecom_50runs,7fc73e28-bfd2-4f0e-927b-c2e29c5a9669,26,0.1308813172113858,0.0785678884257441,0
qwen72B-int4_telecom_50runs,7fc73e28-bfd2-4f0e-927b-c2e29c5a9669,28,0.0019569983027416527,0.039473772048950195,0
qwen72B-int4_telecom_50runs,7fc73e28-bfd2-4f0e-927b-c2e29c5a9669,30,0.09187162430493552,0.10225737498978436,0
qwen72B-int4_telecom_50runs,7fc73e28-bfd2-4f0e-927b-c2e29c5a9669,32,0.11414246004071162,0.1917626876984873,0
qwen72B-int4_telecom_50runs,7fc73e28-bfd2-4f0e-927b-c2e29c5a9669,34,0.11727648128955553,0.17120697979743663,0
qwen72B-int4_telecom_50runs,7fc73e28-bfd2-4f0e-927b-c2e29c5a9669,40,0.140141638457323,1.0,0
qwen72B-int4_telecom_50runs,7fc73e28-bfd2-4f0e-927b-c2e29c5a9669,42,0.05291119877373198,0.29946075677871703,0
qwen72B-int4_telecom_50runs,7fc73e28-bfd2-4f0e-927b-c2e29c5a9669,44,0.1523467718898946,0.16590824852819028,0
qwen72B-int4_telecom_50runs,0d861758-e55a-4b8c-8180-b71a61c38447,0,,,1
qwen72B-int4_telecom_50runs,0d861758-e55a-4b8c-8180-b71a61c38447,4,0.15897421507890497,0.0,1
qwen72B-int4_telecom_50runs,0d861758-e55a-4b8c-8180-b71a61c38447,6,0.14183162702566138,0.15812037573304288,1
qwen72B-int4_telecom_50runs,0d861758-e55a-4b8c-8180-b71a61c38447,10,0.15924176469842294,0.10301016953031895,1
qwen72B-int4_telecom_50runs,0d861758-e55a-4b8c-8180-b71a61c38447,14,0.040527633096178885,0.16993127590002016,1
qwen72B-int4_telecom_50runs,0d861758-e55a-4b8c-8180-b71a61c38447,18,0.10269124263151837,0.15191966524490944,1
qwen72B-int4_telecom_50runs,0d861758-e55a-4b8c-8180-b71a61c38447,22,0.0772791114557122,0.47601404855417645,1
qwen72B-int4_telecom_50runs,0d861758-e55a-4b8c-8180-b71a61c38447,26,0.09434692085471308,0.1361334357463138,1
qwen72B-int4_telecom_50runs,0d861758-e55a-4b8c-8180-b71a61c38447,30,0.04149470688590203,0.2869310528039932,1
qwen72B-int4_telecom_50runs,0d861758-e55a-4b8c-8180-b71a61c38447,34,0.09430506839753033,0.2051069460417095,1
qwen72B-int4_telecom_50runs,0d861758-e55a-4b8c-8180-b71a61c38447,36,0.13043731753965926,0.052318434823643074,1
qwen72B-int4_telecom_50runs,0d861758-e55a-4b8c-8180-b71a61c38447,38,1.1094026304156101e-05,0.006401636231113487,1
qwen72B-int4_telecom_50runs,0d861758-e55a-4b8c-8180-b71a61c38447,40,0.11239305744167098,0.20668062766393025,1
qwen72B-int4_telecom_50runs,0d861758-e55a-4b8c-8180-b71a61c38447,42,0.010845899331241693,0.10947209596633911,1
qwen72B-int4_telecom_50runs,0d861758-e55a-4b8c-8180-b71a61c38447,44,0.11964832969708103,0.15437733043323862,1
qwen72B-int4_telecom_50runs,0d861758-e55a-4b8c-8180-b71a61c38447,46,0.00011886493811405934,0.029906829962363612,1
qwen72B-int4_telecom_50runs,370de7cc-7a59-4905-8fe7-02f1ac2f6d67,0,,,1
qwen72B-int4_telecom_50runs,370de7cc-7a59-4905-8fe7-02f1ac2f6d67,4,0.1597522661199452,0.0,1
qwen72B-int4_telecom_50runs,370de7cc-7a59-4905-8fe7-02f1ac2f6d67,6,0.12026195069653844,0.15257000923156738,1
qwen72B-int4_telecom_50runs,370de7cc-7a59-4905-8fe7-02f1ac2f6d67,10,0.09942860000014515,0.018130160967508954,1
qwen72B-int4_telecom_50runs,370de7cc-7a59-4905-8fe7-02f1ac2f6d67,14,0.09049749054061841,0.19620092793514854,1
qwen72B-int4_telecom_50runs,370de7cc-7a59-4905-8fe7-02f1ac2f6d67,16,0.09548336874322357,0.10030507004779318,1
qwen72B-int4_telecom_50runs,370de7cc-7a59-4905-8fe7-02f1ac2f6d67,18,0.1058733401606743,0.1806264826745698,1
qwen72B-int4_telecom_50runs,370de7cc-7a59-4905-8fe7-02f1ac2f6d67,22,0.08054810841060196,0.5252524586611016,1
qwen72B-int4_telecom_50runs,370de7cc-7a59-4905-8fe7-02f1ac2f6d67,26,0.10913447915536793,0.1742670089006424,1
qwen72B-int4_telecom_50runs,370de7cc-7a59-4905-8fe7-02f1ac2f6d67,32,0.08992129029608856,0.17985523280812735,1
qwen72B-int4_telecom_50runs,370de7cc-7a59-4905-8fe7-02f1ac2f6d67,54,0.11879210422792513,0.19806928453700884,1
qwen72B-int4_telecom_50runs,6491d05b-69c2-4526-82b6-c38bd8be5e2b,0,,,1
qwen72B-int4_telecom_50runs,6491d05b-69c2-4526-82b6-c38bd8be5e2b,2,0.0033794095067769927,0.0,1
qwen72B-int4_telecom_50runs,6491d05b-69c2-4526-82b6-c38bd8be5e2b,4,0.21442909894643972,0.0,1
qwen72B-int4_telecom_50runs,6491d05b-69c2-4526-82b6-c38bd8be5e2b,8,0.10047765307142958,0.16234894404335626,1
qwen72B-int4_telecom_50runs,6491d05b-69c2-4526-82b6-c38bd8be5e2b,12,0.1081453758446478,0.24109604954719543,1
qwen72B-int4_telecom_50runs,6491d05b-69c2-4526-82b6-c38bd8be5e2b,16,0.15663941253481797,0.15789561324259813,1
qwen72B-int4_telecom_50runs,6491d05b-69c2-4526-82b6-c38bd8be5e2b,20,0.11504110351099606,0.19413979900510686,1
qwen72B-int4_telecom_50runs,6491d05b-69c2-4526-82b6-c38bd8be5e2b,24,0.1284111265936838,0.2040068358182907,1
qwen72B-int4_telecom_50runs,6491d05b-69c2-4526-82b6-c38bd8be5e2b,28,0.025798060959323896,0.0,1
qwen72B-int4_telecom_50runs,6491d05b-69c2-4526-82b6-c38bd8be5e2b,30,0.11614178813290588,0.13224096057262827,1
qwen72B-int4_telecom_50runs,6491d05b-69c2-4526-82b6-c38bd8be5e2b,32,0.1019040476487689,0.17072386532039432,1
qwen72B-int4_telecom_50runs,6491d05b-69c2-4526-82b6-c38bd8be5e2b,36,0.1140953921492625,0.15064823684784082,1
qwen72B-int4_telecom_50runs,6491d05b-69c2-4526-82b6-c38bd8be5e2b,40,0.021030534604045963,0.5251882901558509,1
qwen72B-int4_telecom_50runs,6491d05b-69c2-4526-82b6-c38bd8be5e2b,44,0.07668004136083661,0.2571559664115165,1
qwen72B-int4_telecom_50runs,6491d05b-69c2-4526-82b6-c38bd8be5e2b,48,0.1602617372739884,0.09600769955178966,1
qwen72B-int4_telecom_50runs,6491d05b-69c2-4526-82b6-c38bd8be5e2b,50,0.1638999521922382,0.09284378750168758,1
qwen72B-int4_telecom_50runs,f29cb4d8-b61f-43ba-b2bb-7cf41d0b113c,0,,,0
qwen72B-int4_telecom_50runs,f29cb4d8-b61f-43ba-b2bb-7cf41d0b113c,2,0.0032853567786443622,0.0,0
qwen72B-int4_telecom_50runs,f29cb4d8-b61f-43ba-b2bb-7cf41d0b113c,4,0.21417178118707353,0.0,0
qwen72B-int4_telecom_50runs,f29cb4d8-b61f-43ba-b2bb-7cf41d0b113c,8,0.1000706473664998,0.16234894404335626,0
qwen72B-int4_telecom_50runs,f29cb4d8-b61f-43ba-b2bb-7cf41d0b113c,12,0.108283379060468,0.24109604954719543,0
qwen72B-int4_telecom_50runs,f29cb4d8-b61f-43ba-b2bb-7cf41d0b113c,16,0.202849600633552,0.09095461317833434,0
qwen72B-int4_telecom_50runs,f29cb4d8-b61f-43ba-b2bb-7cf41d0b113c,18,0.10353479165409372,0.183700395154429,0
qwen72B-int4_telecom_50runs,f29cb4d8-b61f-43ba-b2bb-7cf41d0b113c,20,0.08083555076780283,0.18336054403334856,0
qwen72B-int4_telecom_50runs,f29cb4d8-b61f-43ba-b2bb-7cf41d0b113c,22,0.11474968836880127,0.1648482741141806,0
qwen72B-int4_telecom_50runs,f29cb4d8-b61f-43ba-b2bb-7cf41d0b113c,24,0.11392881345422742,0.2262220388109034,0
qwen72B-int4_telecom_50runs,f29cb4d8-b61f-43ba-b2bb-7cf41d0b113c,26,0.00015407628966887375,0.0182070464923464,0
qwen72B-int4_telecom_50runs,2bf96e45-93da-4b63-8a3a-ab44825f1873,0,,,1
qwen72B-int4_telecom_50runs,2bf96e45-93da-4b63-8a3a-ab44825f1873,2,0.0032851535260524025,0.0,1
qwen72B-int4_telecom_50runs,2bf96e45-93da-4b63-8a3a-ab44825f1873,4,0.22697522203050632,0.0,1
qwen72B-int4_telecom_50runs,2bf96e45-93da-4b63-8a3a-ab44825f1873,8,0.15131249357576493,0.027101897675058117,1
qwen72B-int4_telecom_50runs,2bf96e45-93da-4b63-8a3a-ab44825f1873,10,0.12580995059548827,0.47516593066128815,1
qwen72B-int4_telecom_50runs,2bf96e45-93da-4b63-8a3a-ab44825f1873,14,0.1389187242994278,0.10677689168511367,1
qwen72B-int4_telecom_50runs,2bf96e45-93da-4b63-8a3a-ab44825f1873,18,0.05634020824930985,0.0,1
qwen72B-int4_telecom_50runs,2bf96e45-93da-4b63-8a3a-ab44825f1873,20,0.07495105198390656,0.1283853237445538,1
qwen72B-int4_telecom_50runs,2bf96e45-93da-4b63-8a3a-ab44825f1873,24,0.002989606542485035,0.20616463820139566,1
qwen72B-int4_telecom_50runs,2bf96e45-93da-4b63-8a3a-ab44825f1873,26,0.12484937823193638,0.17227349653840066,1
qwen72B-int4_telecom_50runs,2bf96e45-93da-4b63-8a3a-ab44825f1873,28,0.10612800302093724,0.17106463943702588,1
qwen72B-int4_telecom_50runs,2bf96e45-93da-4b63-8a3a-ab44825f1873,30,0.16419723410582765,0.06590836794576913,1
qwen72B-int4_telecom_50runs,2a668e0b-2a8e-49f1-9540-0c6a562a5a17,0,,,1
qwen72B-int4_telecom_50runs,2a668e0b-2a8e-49f1-9540-0c6a562a5a17,2,0.0032851430080136747,0.0,1
qwen72B-int4_telecom_50runs,2a668e0b-2a8e-49f1-9540-0c6a562a5a17,4,0.2142776601270727,0.0,1
qwen72B-int4_telecom_50runs,2a668e0b-2a8e-49f1-9540-0c6a562a5a17,8,0.10041218645025865,0.16234894404335626,1
qwen72B-int4_telecom_50runs,2a668e0b-2a8e-49f1-9540-0c6a562a5a17,12,0.10858161046489521,0.24109604954719543,1
qwen72B-int4_telecom_50runs,2a668e0b-2a8e-49f1-9540-0c6a562a5a17,16,0.202798182640106,0.09095461317833434,1
qwen72B-int4_telecom_50runs,2a668e0b-2a8e-49f1-9540-0c6a562a5a17,18,0.10324584797309842,0.183700395154429,1
qwen72B-int4_telecom_50runs,2a668e0b-2a8e-49f1-9540-0c6a562a5a17,20,0.06475686546969724,0.12412443595963556,1
qwen72B-int4_telecom_50runs,2a668e0b-2a8e-49f1-9540-0c6a562a5a17,22,0.15091648446723913,0.1520450472831726,1
qwen72B-int4_telecom_50runs,2a668e0b-2a8e-49f1-9540-0c6a562a5a17,24,0.1026145176657132,0.2072402885085658,1
qwen72B-int4_telecom_50runs,2a668e0b-2a8e-49f1-9540-0c6a562a5a17,26,0.1518764363431787,0.09898360246835752,1
qwen72B-int4_telecom_50runs,74d2da29-b7f8-4953-8d5e-b6a64e02948e,0,,,1
qwen72B-int4_telecom_50runs,74d2da29-b7f8-4953-8d5e-b6a64e02948e,2,0.0032851535260524025,0.0,1
qwen72B-int4_telecom_50runs,74d2da29-b7f8-4953-8d5e-b6a64e02948e,4,0.22636694095510446,0.0,1
qwen72B-int4_telecom_50runs,74d2da29-b7f8-4953-8d5e-b6a64e02948e,8,0.15131247572594034,0.027101897675058117,1
qwen72B-int4_telecom_50runs,74d2da29-b7f8-4953-8d5e-b6a64e02948e,10,0.1255509796045391,0.47516593066128815,1
qwen72B-int4_telecom_50runs,74d2da29-b7f8-4953-8d5e-b6a64e02948e,14,0.1388015777729884,0.10677689168511367,1
qwen72B-int4_telecom_50runs,74d2da29-b7f8-4953-8d5e-b6a64e02948e,18,0.11177659186688566,0.1929512470960617,1
qwen72B-int4_telecom_50runs,74d2da29-b7f8-4953-8d5e-b6a64e02948e,22,0.08178095917936468,0.33195535121140657,1
qwen72B-int4_telecom_50runs,74d2da29-b7f8-4953-8d5e-b6a64e02948e,26,0.1092552360418354,0.12079539207311778,1
qwen72B-int4_telecom_50runs,74d2da29-b7f8-4953-8d5e-b6a64e02948e,30,0.09024168998853585,0.21923579488481792,1
qwen72B-int4_telecom_50runs,74d2da29-b7f8-4953-8d5e-b6a64e02948e,34,0.05880774884884285,0.2520861875179202,1
qwen72B-int4_telecom_50runs,74d2da29-b7f8-4953-8d5e-b6a64e02948e,38,0.03296841609069838,0.5531648132536147,1
qwen72B-int4_telecom_50runs,74d2da29-b7f8-4953-8d5e-b6a64e02948e,42,0.12928415565795856,0.19201520416471693,1
qwen72B-int4_telecom_50runs,74d2da29-b7f8-4953-8d5e-b6a64e02948e,44,0.1202412839013328,0.19503007215612075,1
qwen72B-int4_telecom_50runs,74d2da29-b7f8-4953-8d5e-b6a64e02948e,46,0.030375591160618907,0.01661934583417831,1
qwen72B-int4_telecom_50runs,74d2da29-b7f8-4953-8d5e-b6a64e02948e,48,0.06262762518207671,0.2331867218017578,1
qwen72B-int4_telecom_50runs,74d2da29-b7f8-4953-8d5e-b6a64e02948e,52,0.09903799748823652,0.09079427978266841,1
qwen72B-int4_telecom_50runs,74d2da29-b7f8-4953-8d5e-b6a64e02948e,54,0.10033853811812292,0.432733463686566,1
qwen72B-int4_telecom_50runs,74d2da29-b7f8-4953-8d5e-b6a64e02948e,56,0.1609048324207094,0.10764172497917623,1
qwen72B-int4_telecom_50runs,74d2da29-b7f8-4953-8d5e-b6a64e02948e,58,0.1606739237053496,0.16111464075522847,1
qwen72B-int4_telecom_50runs,920b65e4-6c6f-4535-b611-32ca0c3ca0f0,0,,,1
qwen72B-int4_telecom_50runs,920b65e4-6c6f-4535-b611-32ca0c3ca0f0,2,0.0032851535260524025,0.0,1
qwen72B-int4_telecom_50runs,920b65e4-6c6f-4535-b611-32ca0c3ca0f0,4,0.2146799829263338,0.0,1
qwen72B-int4_telecom_50runs,920b65e4-6c6f-4535-b611-32ca0c3ca0f0,8,0.10035233755980191,0.16234894404335626,1
qwen72B-int4_telecom_50runs,920b65e4-6c6f-4535-b611-32ca0c3ca0f0,12,0.10820123752087196,0.24109604954719543,1
qwen72B-int4_telecom_50runs,920b65e4-6c6f-4535-b611-32ca0c3ca0f0,16,0.15639048761003274,0.15789561324259813,1
qwen72B-int4_telecom_50runs,920b65e4-6c6f-4535-b611-32ca0c3ca0f0,20,0.11531455715136049,0.19413979900510686,1
qwen72B-int4_telecom_50runs,920b65e4-6c6f-4535-b611-32ca0c3ca0f0,24,0.11112155942247781,0.26179102533742005,1
qwen72B-int4_telecom_50runs,920b65e4-6c6f-4535-b611-32ca0c3ca0f0,28,0.13204687906632342,0.21065597236156464,1
qwen72B-int4_telecom_50runs,920b65e4-6c6f-4535-b611-32ca0c3ca0f0,32,0.1362967998008056,0.2887285853687086,1
qwen72B-int4_telecom_50runs,920b65e4-6c6f-4535-b611-32ca0c3ca0f0,36,0.05440051750758732,0.7127899397164583,1
qwen72B-int4_telecom_50runs,920b65e4-6c6f-4535-b611-32ca0c3ca0f0,40,0.13775583207931733,0.1638548625520913,1
qwen72B-int4_telecom_50runs,920b65e4-6c6f-4535-b611-32ca0c3ca0f0,42,0.0965515119233903,0.1998632252216339,1
qwen72B-int4_telecom_50runs,920b65e4-6c6f-4535-b611-32ca0c3ca0f0,44,0.07688478791649109,0.27727107206980384,1
qwen72B-int4_telecom_50runs,920b65e4-6c6f-4535-b611-32ca0c3ca0f0,46,0.10145270259876783,0.1796862344916274,1
qwen72B-int4_telecom_50runs,920b65e4-6c6f-4535-b611-32ca0c3ca0f0,48,0.005739546201038641,0.019193283640421353,1
qwen72B-int4_telecom_50runs,920b65e4-6c6f-4535-b611-32ca0c3ca0f0,50,0.10591547988632745,0.19493214495770342,1
qwen72B-int4_telecom_50runs,920b65e4-6c6f-4535-b611-32ca0c3ca0f0,52,0.00021179168443126174,0.23325703825269425,1
qwen72B-int4_telecom_50runs,920b65e4-6c6f-4535-b611-32ca0c3ca0f0,54,0.10468207609024571,0.1774395807036038,1
qwen72B-int4_telecom_50runs,920b65e4-6c6f-4535-b611-32ca0c3ca0f0,58,0.08213897761266664,1.0,1
qwen72B-int4_telecom_50runs,920b65e4-6c6f-4535-b611-32ca0c3ca0f0,60,0.10504409258611125,1.0,1
qwen72B-int4_telecom_50runs,920b65e4-6c6f-4535-b611-32ca0c3ca0f0,62,0.07275061258148066,1.0,1
qwen72B-int4_telecom_50runs,920b65e4-6c6f-4535-b611-32ca0c3ca0f0,64,0.06103325045288699,1.0,1
qwen72B-int4_telecom_50runs,920b65e4-6c6f-4535-b611-32ca0c3ca0f0,66,0.040015775360903144,1.0,1
qwen72B-int4_telecom_50runs,920b65e4-6c6f-4535-b611-32ca0c3ca0f0,68,0.0185262212051363,1.0,1
qwen72B-int4_telecom_50runs,920b65e4-6c6f-4535-b611-32ca0c3ca0f0,70,0.013063648934358388,1.0,1
qwen72B-int4_telecom_50runs,920b65e4-6c6f-4535-b611-32ca0c3ca0f0,72,0.016463799712202434,1.0,1
qwen72B-int4_telecom_50runs,920b65e4-6c6f-4535-b611-32ca0c3ca0f0,74,0.01953896141365191,1.0,1
qwen72B-int4_telecom_50runs,920b65e4-6c6f-4535-b611-32ca0c3ca0f0,76,0.01737267041053279,1.0,1
qwen72B-int4_telecom_50runs,920b65e4-6c6f-4535-b611-32ca0c3ca0f0,78,0.016177155901279567,1.0,1
qwen72B-int4_telecom_50runs,920b65e4-6c6f-4535-b611-32ca0c3ca0f0,80,0.01659881081455683,1.0,1
qwen72B-int4_telecom_50runs,920b65e4-6c6f-4535-b611-32ca0c3ca0f0,82,0.015311870799259383,1.0,1
qwen72B-int4_telecom_50runs,920b65e4-6c6f-4535-b611-32ca0c3ca0f0,84,0.07293443932391927,1.0,1
qwen72B-int4_telecom_50runs,920b65e4-6c6f-4535-b611-32ca0c3ca0f0,86,0.11045721998952093,0.35452153231646566,1
qwen72B-int4_telecom_50runs,920b65e4-6c6f-4535-b611-32ca0c3ca0f0,88,0.0003236750919050361,0.0346353901060004,1
qwen72B-int4_telecom_50runs,7801b6ab-672e-454e-bdbc-9dd7287f8bf3,0,,,0
qwen72B-int4_telecom_50runs,7801b6ab-672e-454e-bdbc-9dd7287f8bf3,4,0.13876016896063875,0.0,0
qwen72B-int4_telecom_50runs,7801b6ab-672e-454e-bdbc-9dd7287f8bf3,8,0.15250421358571511,0.058383774466630886,0
qwen72B-int4_telecom_50runs,7801b6ab-672e-454e-bdbc-9dd7287f8bf3,10,0.14477285584404181,0.12280019297116045,0
qwen72B-int4_telecom_50runs,7801b6ab-672e-454e-bdbc-9dd7287f8bf3,14,0.1644944208804064,0.13138600076947893,0
qwen72B-int4_telecom_50runs,7801b6ab-672e-454e-bdbc-9dd7287f8bf3,18,0.08146151198434382,0.19248178601264954,0
qwen72B-int4_telecom_50runs,7801b6ab-672e-454e-bdbc-9dd7287f8bf3,24,0.18580551922729774,0.14540347622500524,0
qwen72B-int4_telecom_50runs,7801b6ab-672e-454e-bdbc-9dd7287f8bf3,26,1.8831919569267337e-05,0.0,0
qwen72B-int4_telecom_50runs,7801b6ab-672e-454e-bdbc-9dd7287f8bf3,28,0.09640402581890727,0.1754190358248624,0
qwen72B-int4_telecom_50runs,7801b6ab-672e-454e-bdbc-9dd7287f8bf3,30,0.09198044213539423,0.3634022965150721,0
qwen72B-int4_telecom_50runs,7801b6ab-672e-454e-bdbc-9dd7287f8bf3,32,0.0612504745559133,0.1678081274032593,0
qwen72B-int4_telecom_50runs,7801b6ab-672e-454e-bdbc-9dd7287f8bf3,34,0.11329163277532667,0.11949203564570501,0
qwen72B-int4_telecom_50runs,7801b6ab-672e-454e-bdbc-9dd7287f8bf3,36,0.0006237196390426192,0.023580805176780337,0
qwen72B-int4_telecom_50runs,7801b6ab-672e-454e-bdbc-9dd7287f8bf3,38,0.13416906387594024,0.1664619702918857,0
qwen72B-int4_telecom_50runs,7801b6ab-672e-454e-bdbc-9dd7287f8bf3,44,0.029690535856096583,0.11821371827806745,0
qwen72B-int4_telecom_50runs,7801b6ab-672e-454e-bdbc-9dd7287f8bf3,46,0.12697861167633864,0.04890460073947906,0
qwen72B-int4_telecom_50runs,c359ca17-778a-431b-8826-add3a7b5f28a,0,,,1
qwen72B-int4_telecom_50runs,c359ca17-778a-431b-8826-add3a7b5f28a,4,0.13907727692428806,0.0,1
qwen72B-int4_telecom_50runs,c359ca17-778a-431b-8826-add3a7b5f28a,8,0.15246316996841555,0.058383774466630886,1
qwen72B-int4_telecom_50runs,c359ca17-778a-431b-8826-add3a7b5f28a,10,0.14477285584404181,0.12280019297116045,1
qwen72B-int4_telecom_50runs,c359ca17-778a-431b-8826-add3a7b5f28a,14,0.11548650907006727,0.0853148424762419,1
qwen72B-int4_telecom_50runs,c359ca17-778a-431b-8826-add3a7b5f28a,18,0.12516818897424234,0.3014764994023794,1
qwen72B-int4_telecom_50runs,c359ca17-778a-431b-8826-add3a7b5f28a,20,0.088033997982261,0.08175003373777712,1
qwen72B-int4_telecom_50runs,c359ca17-778a-431b-8826-add3a7b5f28a,22,0.05852080791524778,0.25284750038577664,1
qwen72B-int4_telecom_50runs,c359ca17-778a-431b-8826-add3a7b5f28a,24,0.10239182192652493,0.1670985344128731,1
qwen72B-int4_telecom_50runs,c359ca17-778a-431b-8826-add3a7b5f28a,26,0.10257515015764805,0.16877437773204984,1
qwen72B-int4_telecom_50runs,c359ca17-778a-431b-8826-add3a7b5f28a,30,0.1447229098911531,0.0953561519937856,1
qwen72B-int4_telecom_50runs,c359ca17-778a-431b-8826-add3a7b5f28a,32,0.03498196850894397,0.14673649181019177,1
qwen72B-int4_telecom_50runs,c359ca17-778a-431b-8826-add3a7b5f28a,34,0.08777707036730845,0.28671375274658206,1
qwen72B-int4_telecom_50runs,c359ca17-778a-431b-8826-add3a7b5f28a,36,0.09879321955164853,1.0,1
qwen72B-int4_telecom_50runs,c359ca17-778a-431b-8826-add3a7b5f28a,38,0.07833065053067685,0.09220839937527975,1
qwen72B-int4_telecom_50runs,c359ca17-778a-431b-8826-add3a7b5f28a,42,0.08969243824779354,0.2513644743938835,1
qwen72B-int4_telecom_50runs,c359ca17-778a-431b-8826-add3a7b5f28a,44,0.06638057991629137,0.3391937186133187,1
qwen72B-int4_telecom_50runs,c359ca17-778a-431b-8826-add3a7b5f28a,46,0.07795345282646589,0.40978468630624854,1
qwen72B-int4_telecom_50runs,c359ca17-778a-431b-8826-add3a7b5f28a,48,0.06464181492007362,0.2309221126748331,1
qwen72B-int4_telecom_50runs,c359ca17-778a-431b-8826-add3a7b5f28a,50,0.1077438579660683,0.38692623721666575,1
qwen72B-int4_telecom_50runs,c359ca17-778a-431b-8826-add3a7b5f28a,52,0.08783892063171624,0.3124238874601281,1
qwen72B-int4_telecom_50runs,c359ca17-778a-431b-8826-add3a7b5f28a,56,0.07385302196559927,0.17864828796709997,1
qwen72B-int4_telecom_50runs,c359ca17-778a-431b-8826-add3a7b5f28a,58,0.10147568241288338,0.24531934903636915,1
qwen72B-int4_telecom_50runs,c359ca17-778a-431b-8826-add3a7b5f28a,60,0.035593587253519555,0.13941716181265343,1
qwen72B-int4_telecom_50runs,c359ca17-778a-431b-8826-add3a7b5f28a,62,0.09148019332995007,0.18270451867062115,1
qwen72B-int4_telecom_50runs,c359ca17-778a-431b-8826-add3a7b5f28a,64,0.07650333753299905,0.15237347737646303,1
