cell,precision,traj_id,step_idx,n_steps,actor,n_tokens,n_content_tokens,U_all,U_stopfilter,U_content,mean_prob,label_fail
qwen14B-int4_retail_50runs,bf16,4410334e-ace0-4df5-83e4-02fec4bb7d2f,2,22,agent,105,32,1.6195593457759732,1.8359694919148304,3.019578879699111,0.5836274112245871,0
qwen14B-int4_retail_50runs,bf16,4410334e-ace0-4df5-83e4-02fec4bb7d2f,4,22,agent,74,16,3.215684488170761,3.027733671997536,6.656119983643293,0.49710157787364795,0
qwen14B-int4_retail_50runs,bf16,4410334e-ace0-4df5-83e4-02fec4bb7d2f,6,22,agent,52,18,0.9866866276204729,1.2753601709645928,1.4134454768564966,0.6908121870569826,0
qwen14B-int4_retail_50runs,bf16,4410334e-ace0-4df5-83e4-02fec4bb7d2f,8,22,agent,227,67,0.617411438387633,0.6296728612838128,1.2833907037083783,0.6999056529118185,0
qwen14B-int4_retail_50runs,bf16,4410334e-ace0-4df5-83e4-02fec4bb7d2f,10,22,agent,62,14,3.489783604149934,3.272678666276111,7.162642793995993,0.4417863325611848,0
qwen14B-int4_retail_50runs,bf16,4410334e-ace0-4df5-83e4-02fec4bb7d2f,12,22,agent,160,30,0.33370818809436875,0.3328904080799546,1.06548260251681,0.8110192280674202,0
qwen14B-int4_retail_50runs,bf16,4410334e-ace0-4df5-83e4-02fec4bb7d2f,14,22,agent,248,48,0.4559328616727004,0.3678066564024486,1.1389752789400518,0.7879099843523771,0
qwen14B-int4_retail_50runs,bf16,4410334e-ace0-4df5-83e4-02fec4bb7d2f,16,22,agent,283,34,0.2924599960080793,0.21231426429464953,0.975844365051564,0.8645033181079406,0
qwen14B-int4_retail_50runs,bf16,4410334e-ace0-4df5-83e4-02fec4bb7d2f,18,22,agent,135,16,1.6474364099409142,1.5516688712225213,7.237790857907385,0.7418890754460609,0
qwen14B-int4_retail_50runs,bf16,4410334e-ace0-4df5-83e4-02fec4bb7d2f,20,22,agent,175,30,0.4013657153270545,0.4153681336729386,1.2441379368305205,0.8140201113956901,0
qwen14B-int4_retail_50runs,bf16,6d320d4a-98b5-42a1-b9d5-05305aef3ae9,2,26,agent,37,14,4.19558069238523,5.335501918418123,5.964459268110139,0.3859260676566744,1
qwen14B-int4_retail_50runs,bf16,6d320d4a-98b5-42a1-b9d5-05305aef3ae9,4,26,agent,62,17,0.4252220917285683,0.4327927402450206,0.8127432509380228,0.7550396463435652,1
qwen14B-int4_retail_50runs,bf16,6d320d4a-98b5-42a1-b9d5-05305aef3ae9,6,26,agent,67,22,1.0387401122368485,1.129962253334588,1.642949295992201,0.5929384189629183,1
qwen14B-int4_retail_50runs,bf16,6d320d4a-98b5-42a1-b9d5-05305aef3ae9,8,26,agent,130,34,0.9689498808875178,1.1393854800708807,2.260227555737776,0.6418777763879934,1
qwen14B-int4_retail_50runs,bf16,6d320d4a-98b5-42a1-b9d5-05305aef3ae9,10,26,agent,83,27,0.8985231660262661,1.1881410185137842,1.9602030018965404,0.6670166219953849,1
qwen14B-int4_retail_50runs,bf16,6d320d4a-98b5-42a1-b9d5-05305aef3ae9,12,26,agent,61,13,0.26428901564497825,0.28156168134661735,0.840159800190192,0.8293661113763735,1
qwen14B-int4_retail_50runs,bf16,6d320d4a-98b5-42a1-b9d5-05305aef3ae9,14,26,agent,63,19,0.42070716914994966,0.41750847407268377,0.7480750911329922,0.7405602233352544,1
qwen14B-int4_retail_50runs,bf16,6d320d4a-98b5-42a1-b9d5-05305aef3ae9,16,26,agent,257,25,0.19317275093589914,0.16103644717056845,1.081494641304016,0.8977567448082119,1
qwen14B-int4_retail_50runs,bf16,6d320d4a-98b5-42a1-b9d5-05305aef3ae9,18,26,agent,51,12,0.4585213356363496,0.48916281931550415,1.2210414204746485,0.765282255346736,1
qwen14B-int4_retail_50runs,bf16,6d320d4a-98b5-42a1-b9d5-05305aef3ae9,20,26,agent,153,21,0.41206431686353223,0.3973435224071369,0.9846511440617698,0.831510724303199,1
qwen14B-int4_retail_50runs,bf16,6d320d4a-98b5-42a1-b9d5-05305aef3ae9,22,26,agent,113,15,0.6195261541461107,0.6868252270395616,3.795145953694979,0.8536525433382176,1
qwen14B-int4_retail_50runs,bf16,6d320d4a-98b5-42a1-b9d5-05305aef3ae9,24,26,agent,125,14,0.31545712617983596,0.3126664410276038,1.1499153077602386,0.8593796256063192,1
qwen14B-int4_retail_50runs,bf16,8ef40c5b-9d9e-45d0-9c12-38c78c1420b5,2,28,agent,78,26,2.0933211788105135,2.7038095724615827,4.35272696098456,0.5362542269138992,1
qwen14B-int4_retail_50runs,bf16,8ef40c5b-9d9e-45d0-9c12-38c78c1420b5,4,28,agent,72,19,3.3352566234973766,3.202441400055309,6.635062680432671,0.5083627156804176,1
qwen14B-int4_retail_50runs,bf16,8ef40c5b-9d9e-45d0-9c12-38c78c1420b5,6,28,agent,64,25,0.8258675068442115,0.9692785217735354,1.4118879061937333,0.6517134480987732,1
qwen14B-int4_retail_50runs,bf16,8ef40c5b-9d9e-45d0-9c12-38c78c1420b5,8,28,agent,77,23,1.223893944813717,1.5295572688586476,1.5909291492856068,0.609729644797438,1
qwen14B-int4_retail_50runs,bf16,8ef40c5b-9d9e-45d0-9c12-38c78c1420b5,10,28,agent,66,26,1.2338984916661333,1.7712911033498433,2.4249624598484774,0.5770376165339794,1
qwen14B-int4_retail_50runs,bf16,8ef40c5b-9d9e-45d0-9c12-38c78c1420b5,12,28,agent,55,18,1.1289711488168823,1.3368782115746785,1.8952748659584258,0.5877801390547482,1
qwen14B-int4_retail_50runs,bf16,8ef40c5b-9d9e-45d0-9c12-38c78c1420b5,14,28,agent,67,15,0.6180535188418158,0.4911709169190291,1.1442164639631907,0.7059735542307596,1
qwen14B-int4_retail_50runs,bf16,8ef40c5b-9d9e-45d0-9c12-38c78c1420b5,16,28,agent,45,17,0.8652931471219568,1.0956379071932498,1.9825382162542904,0.7102884676683678,1
qwen14B-int4_retail_50runs,bf16,8ef40c5b-9d9e-45d0-9c12-38c78c1420b5,18,28,agent,50,8,0.20491519486395873,0.17750629453008254,0.47149018570780754,0.850932749612139,1
qwen14B-int4_retail_50runs,bf16,8ef40c5b-9d9e-45d0-9c12-38c78c1420b5,20,28,agent,90,19,0.47916424057490675,0.4632608312515897,1.137799695134163,0.7654895888573182,1
qwen14B-int4_retail_50runs,bf16,8ef40c5b-9d9e-45d0-9c12-38c78c1420b5,22,28,agent,65,20,0.47245042365471424,0.48460450247429504,0.952365817129612,0.732575383864743,1
qwen14B-int4_retail_50runs,bf16,8ef40c5b-9d9e-45d0-9c12-38c78c1420b5,24,28,agent,60,7,0.17549356439416536,0.15204043547951793,0.5456642891679492,0.8833581462221074,1
qwen14B-int4_retail_50runs,bf16,8ef40c5b-9d9e-45d0-9c12-38c78c1420b5,26,28,agent,122,20,0.48562553070037273,0.5397170591260051,1.7052176967263222,0.8146368393588677,1
qwen14B-int4_retail_50runs,bf16,f6190ee4-cbd0-4223-ad2d-c58745b16076,2,28,agent,105,38,1.8800151106182186,2.3441692082535215,2.881878520705198,0.5383622093155318,1
qwen14B-int4_retail_50runs,bf16,f6190ee4-cbd0-4223-ad2d-c58745b16076,4,28,agent,50,12,1.1056035737053025,1.0694340300995262,2.340003687888384,0.6790141851926765,1
qwen14B-int4_retail_50runs,bf16,f6190ee4-cbd0-4223-ad2d-c58745b16076,6,28,agent,118,26,0.6493535470323063,0.4825677946407661,1.0861792171803804,0.7065407818033395,1
qwen14B-int4_retail_50runs,bf16,f6190ee4-cbd0-4223-ad2d-c58745b16076,8,28,agent,61,15,1.2225829038388358,1.7640672888929316,3.053947189450264,0.5967443589469819,1
qwen14B-int4_retail_50runs,bf16,f6190ee4-cbd0-4223-ad2d-c58745b16076,10,28,agent,75,19,3.160688640985251,2.9971112765303096,6.317904688810048,0.533192320300531,1
qwen14B-int4_retail_50runs,bf16,f6190ee4-cbd0-4223-ad2d-c58745b16076,12,28,agent,47,12,0.47762925348890223,0.4668288429067557,0.9349892325699329,0.7508395829207305,1
qwen14B-int4_retail_50runs,bf16,f6190ee4-cbd0-4223-ad2d-c58745b16076,14,28,agent,72,19,0.3277635635995632,0.40134619501125357,0.7072845630739865,0.8113332327764451,1
qwen14B-int4_retail_50runs,bf16,f6190ee4-cbd0-4223-ad2d-c58745b16076,16,28,agent,129,19,0.3582892947814073,0.27307660606525513,0.8282206372210854,0.7996388688744669,1
qwen14B-int4_retail_50runs,bf16,f6190ee4-cbd0-4223-ad2d-c58745b16076,18,28,agent,58,10,3.8558161987765582,3.6557795816595435,11.655993647873402,0.5160020839741273,1
qwen14B-int4_retail_50runs,bf16,f6190ee4-cbd0-4223-ad2d-c58745b16076,20,28,agent,184,53,0.8123235994081702,0.9605638161928445,2.032723087887719,0.6901291237249532,1
qwen14B-int4_retail_50runs,bf16,f6190ee4-cbd0-4223-ad2d-c58745b16076,22,28,agent,180,32,0.433281642306067,0.3831992853659039,1.3275786475278437,0.8150349630598321,1
qwen14B-int4_retail_50runs,bf16,f6190ee4-cbd0-4223-ad2d-c58745b16076,24,28,agent,107,20,2.179716882436794,2.04635441089658,6.83643222078681,0.6875936927148546,1
qwen14B-int4_retail_50runs,bf16,f6190ee4-cbd0-4223-ad2d-c58745b16076,26,28,agent,155,19,0.21487252705323834,0.18850431317750574,0.750453360770878,0.8842368864427532,1
qwen14B-int4_retail_50runs,bf16,ff0c06f9-baa8-44c4-bcdf-150028fa2a2f,2,30,agent,76,29,2.896403678044228,3.902727592912967,4.852516743129697,0.46840533982367516,1
qwen14B-int4_retail_50runs,bf16,ff0c06f9-baa8-44c4-bcdf-150028fa2a2f,4,30,agent,73,20,3.3786524401773788,3.2442505085321014,6.0782088220119475,0.509011300426435,1
qwen14B-int4_retail_50runs,bf16,ff0c06f9-baa8-44c4-bcdf-150028fa2a2f,6,30,agent,73,20,0.8441261330455544,0.8509523998673911,1.6493997894227506,0.6556657699815392,1
qwen14B-int4_retail_50runs,bf16,ff0c06f9-baa8-44c4-bcdf-150028fa2a2f,8,30,agent,43,20,1.1530339458209198,1.3415911758248544,1.5372662056237458,0.5757787597046673,1
qwen14B-int4_retail_50runs,bf16,ff0c06f9-baa8-44c4-bcdf-150028fa2a2f,10,30,agent,67,15,0.3766252346370317,0.41045979728340726,0.9555884182453156,0.7574956917448374,1
qwen14B-int4_retail_50runs,bf16,ff0c06f9-baa8-44c4-bcdf-150028fa2a2f,12,30,agent,91,24,0.765761822780614,0.800342156884417,1.7542542181909084,0.6959611002329028,1
qwen14B-int4_retail_50runs,bf16,ff0c06f9-baa8-44c4-bcdf-150028fa2a2f,14,30,agent,56,16,3.757845692240372,3.56968567686691,7.379773881752044,0.4946377483939344,1
qwen14B-int4_retail_50runs,bf16,ff0c06f9-baa8-44c4-bcdf-150028fa2a2f,16,30,agent,70,13,0.2918406849802206,0.2971225504819174,0.6427793869605432,0.8038507388402247,1
qwen14B-int4_retail_50runs,bf16,ff0c06f9-baa8-44c4-bcdf-150028fa2a2f,18,30,agent,109,24,0.40854708289695557,0.425551291351609,0.8725224770605564,0.7876945291531144,1
qwen14B-int4_retail_50runs,bf16,ff0c06f9-baa8-44c4-bcdf-150028fa2a2f,20,30,agent,59,12,3.811960709559034,3.668901000377719,9.102174467096726,0.47445267235613786,1
qwen14B-int4_retail_50runs,bf16,ff0c06f9-baa8-44c4-bcdf-150028fa2a2f,22,30,agent,84,16,0.26874436289832687,0.2292239396181194,0.5805058334954083,0.8228953416778599,1
qwen14B-int4_retail_50runs,bf16,ff0c06f9-baa8-44c4-bcdf-150028fa2a2f,24,30,agent,128,37,0.3955707319178471,0.3971018990406962,0.7705568123508144,0.7653348052036354,1
qwen14B-int4_retail_50runs,bf16,ff0c06f9-baa8-44c4-bcdf-150028fa2a2f,26,30,agent,114,18,0.24300353447579867,0.13888451882121403,0.4093954960505168,0.8376590890723463,1
qwen14B-int4_retail_50runs,bf16,ff0c06f9-baa8-44c4-bcdf-150028fa2a2f,28,30,agent,104,11,0.15919582103645627,0.13622421749801095,0.5550821152600375,0.9076962953192992,1
qwen14B-int4_retail_50runs,bf16,1b3fc6a3-ec12-49ae-b727-5fab3bf08d28,2,44,agent,49,20,5.892256365401928,5.6513368670101345,7.704601050913334,0.3018484252344219,1
qwen14B-int4_retail_50runs,bf16,1b3fc6a3-ec12-49ae-b727-5fab3bf08d28,4,44,agent,31,10,2.261451430452538,2.0640807103986725,2.086492483317852,0.5813561142693486,1
qwen14B-int4_retail_50runs,bf16,1b3fc6a3-ec12-49ae-b727-5fab3bf08d28,6,44,agent,54,13,0.6366082174546909,0.7272716130836347,1.3995400122725046,0.7456704978266367,1
qwen14B-int4_retail_50runs,bf16,1b3fc6a3-ec12-49ae-b727-5fab3bf08d28,8,44,agent,88,14,0.3279389849128909,0.3127464625742563,1.2936595508030482,0.8386196888434316,1
qwen14B-int4_retail_50runs,bf16,1b3fc6a3-ec12-49ae-b727-5fab3bf08d28,10,44,agent,73,22,1.3327505013479428,1.4991075787116053,2.2313566973263566,0.618714669300994,1
qwen14B-int4_retail_50runs,bf16,1b3fc6a3-ec12-49ae-b727-5fab3bf08d28,12,44,agent,58,16,1.225803412714105,1.8540838778168223,3.33120134845376,0.6230138778284141,1
qwen14B-int4_retail_50runs,bf16,1b3fc6a3-ec12-49ae-b727-5fab3bf08d28,14,44,agent,44,11,1.1368095139214862,1.300080760247013,3.0306751646778802,0.7016204217430897,1
qwen14B-int4_retail_50runs,bf16,1b3fc6a3-ec12-49ae-b727-5fab3bf08d28,16,44,agent,60,16,0.6698721452379227,0.9023950675894707,1.7323572263121605,0.7112589306954752,1
qwen14B-int4_retail_50runs,bf16,1b3fc6a3-ec12-49ae-b727-5fab3bf08d28,18,44,agent,90,28,0.723683660362477,0.9359031801562828,1.4463004390043872,0.6684253515685393,1
qwen14B-int4_retail_50runs,bf16,1b3fc6a3-ec12-49ae-b727-5fab3bf08d28,20,44,agent,97,27,0.6391811927412381,0.7388953858591746,1.3746210858225822,0.6758816986042356,1
qwen14B-int4_retail_50runs,bf16,1b3fc6a3-ec12-49ae-b727-5fab3bf08d28,22,44,agent,70,12,0.5328083168087562,0.5680288268732502,1.3682901250819366,0.7671997604260986,1
qwen14B-int4_retail_50runs,bf16,1b3fc6a3-ec12-49ae-b727-5fab3bf08d28,24,44,agent,58,11,3.7631264246779907,3.5634844784188293,10.273353164846247,0.5128410167041493,1
qwen14B-int4_retail_50runs,bf16,1b3fc6a3-ec12-49ae-b727-5fab3bf08d28,26,44,agent,68,7,0.16100418627947868,0.14585772019209453,0.6250717661210469,0.8858526213757858,1
qwen14B-int4_retail_50runs,bf16,1b3fc6a3-ec12-49ae-b727-5fab3bf08d28,28,44,agent,59,10,3.5958775154218925,3.4213698294253274,11.280881643295288,0.512900133383016,1
qwen14B-int4_retail_50runs,bf16,1b3fc6a3-ec12-49ae-b727-5fab3bf08d28,30,44,agent,58,5,0.052540550338575985,0.05095400689063732,0.24294071793556213,0.9540529552803627,1
qwen14B-int4_retail_50runs,bf16,1b3fc6a3-ec12-49ae-b727-5fab3bf08d28,32,44,agent,59,12,3.4370411111769,3.207836190444228,8.695851465066275,0.49679306306844795,1
qwen14B-int4_retail_50runs,bf16,1b3fc6a3-ec12-49ae-b727-5fab3bf08d28,34,44,agent,122,23,0.37585435998920375,0.3560665800581774,1.0189236175754797,0.7857651290573398,1
qwen14B-int4_retail_50runs,bf16,1b3fc6a3-ec12-49ae-b727-5fab3bf08d28,36,44,agent,176,29,0.29792689456251165,0.3073673250774376,0.908870422120752,0.8312071538866771,1
qwen14B-int4_retail_50runs,bf16,1b3fc6a3-ec12-49ae-b727-5fab3bf08d28,38,44,agent,353,60,0.3135519481820912,0.36142273615957377,1.033396489173174,0.8258368706237031,1
qwen14B-int4_retail_50runs,bf16,1b3fc6a3-ec12-49ae-b727-5fab3bf08d28,40,44,agent,322,67,0.36329495712108734,0.3940514208112787,0.9866908026942566,0.785783959416145,1
qwen14B-int4_retail_50runs,bf16,1b3fc6a3-ec12-49ae-b727-5fab3bf08d28,42,44,agent,214,35,0.4373197569886061,0.4567261545012931,1.5539168594138963,0.8133539046410124,1
qwen14B-int4_retail_50runs,bf16,4287708a-772a-45c1-850f-0bed0fd939be,2,38,agent,40,12,3.462860205177276,4.736607739729073,7.1338427774608135,0.47248032268282775,1
qwen14B-int4_retail_50runs,bf16,4287708a-772a-45c1-850f-0bed0fd939be,4,38,agent,73,21,3.566440967132368,3.4009280131380195,6.276362645484152,0.5019366948026193,1
qwen14B-int4_retail_50runs,bf16,4287708a-772a-45c1-850f-0bed0fd939be,6,38,agent,129,44,0.9706848541713431,1.2538609217290555,2.165819773619825,0.6486214231639761,1
qwen14B-int4_retail_50runs,bf16,4287708a-772a-45c1-850f-0bed0fd939be,8,38,agent,19,7,1.1511993502805893,1.332877635024488,1.9430418823446547,0.485795617829857,1
qwen14B-int4_retail_50runs,bf16,4287708a-772a-45c1-850f-0bed0fd939be,10,38,agent,51,13,0.3864567751375565,0.4957880993558768,1.1521479097696452,0.7630497281236369,1
qwen14B-int4_retail_50runs,bf16,4287708a-772a-45c1-850f-0bed0fd939be,12,38,agent,58,15,0.36555510204268526,0.3726502300132757,0.6965632816155751,0.756644260481331,1
qwen14B-int4_retail_50runs,bf16,4287708a-772a-45c1-850f-0bed0fd939be,14,38,agent,68,20,0.5650510661482107,0.6131580572095138,1.2727591786533594,0.7406971282847647,1
qwen14B-int4_retail_50runs,bf16,4287708a-772a-45c1-850f-0bed0fd939be,16,38,agent,58,8,0.33359259984006195,0.2442063682930958,0.9128089100122452,0.8509516213847509,1
qwen14B-int4_retail_50runs,bf16,4287708a-772a-45c1-850f-0bed0fd939be,18,38,agent,207,40,0.3668965651407263,0.35622240636369334,1.0336396457627415,0.8040118775407591,1
qwen14B-int4_retail_50runs,bf16,4287708a-772a-45c1-850f-0bed0fd939be,20,38,agent,55,16,0.918758402697296,0.8282503068915956,1.7748834677040577,0.6904746624266498,1
qwen14B-int4_retail_50runs,bf16,4287708a-772a-45c1-850f-0bed0fd939be,22,38,agent,178,27,0.2193490683727492,0.20540915062797155,0.6282427567574713,0.8665312186132915,1
qwen14B-int4_retail_50runs,bf16,4287708a-772a-45c1-850f-0bed0fd939be,24,38,agent,76,13,0.4255931299574181,0.39390100856720417,1.4259889320685313,0.8301204235773195,1
qwen14B-int4_retail_50runs,bf16,4287708a-772a-45c1-850f-0bed0fd939be,26,38,agent,203,6,0.3739967593368823,0.4553631251678134,11.147897840787968,0.9529055435747168,1
qwen14B-int4_retail_50runs,bf16,4287708a-772a-45c1-850f-0bed0fd939be,28,38,agent,158,35,0.5464486199242546,0.5178147917612929,1.6171791847263064,0.7846639073953038,1
qwen14B-int4_retail_50runs,bf16,4287708a-772a-45c1-850f-0bed0fd939be,30,38,agent,104,20,0.4005061206931406,0.29493579732526437,1.1251509748399258,0.8336108214264366,1
qwen14B-int4_retail_50runs,bf16,4287708a-772a-45c1-850f-0bed0fd939be,32,38,agent,97,15,0.5511842345236647,0.36308479058234966,1.4407851348320644,0.8018563496120192,1
qwen14B-int4_retail_50runs,bf16,4287708a-772a-45c1-850f-0bed0fd939be,34,38,agent,152,15,0.27129724531836885,0.1732238747757763,0.9260636652509372,0.864656359028137,1
qwen14B-int4_retail_50runs,bf16,4287708a-772a-45c1-850f-0bed0fd939be,36,38,agent,163,16,0.3294007887099664,0.3075210488888001,2.0119348294101655,0.8755516847115148,1
qwen14B-int4_retail_50runs,bf16,780d34d9-b407-4a4c-9dfe-ec2798dfc3ce,2,35,agent,40,12,3.495118064575672,4.837437134276589,7.227486909677585,0.46407903746045653,1
qwen14B-int4_retail_50runs,bf16,780d34d9-b407-4a4c-9dfe-ec2798dfc3ce,4,35,agent,75,20,3.592089383134016,3.4443474034729853,5.949143300205469,0.48542880248836884,1
qwen14B-int4_retail_50runs,bf16,780d34d9-b407-4a4c-9dfe-ec2798dfc3ce,6,35,agent,86,29,1.09151389966711,1.2427372824086145,1.9413018730180016,0.592444880339145,1
qwen14B-int4_retail_50runs,bf16,780d34d9-b407-4a4c-9dfe-ec2798dfc3ce,8,35,agent,61,16,3.7520769195777364,3.6459830265938855,7.765670305117965,0.4472762208821775,1
qwen14B-int4_retail_50runs,bf16,780d34d9-b407-4a4c-9dfe-ec2798dfc3ce,10,35,agent,55,12,0.45923362523620453,0.6349462107737038,1.4251912062366803,0.7655210443665156,1
qwen14B-int4_retail_50runs,bf16,780d34d9-b407-4a4c-9dfe-ec2798dfc3ce,12,35,agent,67,16,0.4579798893612202,0.41050431832162854,0.9303509369492531,0.7437874708918137,1
qwen14B-int4_retail_50runs,bf16,780d34d9-b407-4a4c-9dfe-ec2798dfc3ce,14,35,agent,34,7,0.4491825069190407,0.507971894630048,0.9570875998054232,0.7608437004504909,1
qwen14B-int4_retail_50runs,bf16,780d34d9-b407-4a4c-9dfe-ec2798dfc3ce,16,35,agent,64,17,0.6044345395180795,0.7485982822924695,1.1795747315182405,0.672055731295589,1
qwen14B-int4_retail_50runs,bf16,780d34d9-b407-4a4c-9dfe-ec2798dfc3ce,18,35,agent,34,13,0.4622398612334698,0.5755464026033223,0.847232420857136,0.7043092897843566,1
qwen14B-int4_retail_50runs,bf16,780d34d9-b407-4a4c-9dfe-ec2798dfc3ce,20,35,agent,52,12,0.43751153467377873,0.544145998162646,1.1223197815318902,0.7501757193114897,1
qwen14B-int4_retail_50runs,bf16,780d34d9-b407-4a4c-9dfe-ec2798dfc3ce,22,35,agent,30,11,0.4446778101055884,0.49708153438058117,0.7920125628059561,0.7251632370181416,1
qwen14B-int4_retail_50runs,bf16,780d34d9-b407-4a4c-9dfe-ec2798dfc3ce,24,35,agent,86,24,0.6053728361217654,0.5685521177406047,1.218738683188955,0.6723910740913638,1
qwen14B-int4_retail_50runs,bf16,780d34d9-b407-4a4c-9dfe-ec2798dfc3ce,26,35,agent,63,23,0.520760454537044,0.4924130393025357,0.7637064709611561,0.7008453785002217,1
qwen14B-int4_retail_50runs,bf16,780d34d9-b407-4a4c-9dfe-ec2798dfc3ce,28,35,agent,99,28,0.8914739363248909,1.1813810691639988,1.9909495588924204,0.6413014863260891,1
qwen14B-int4_retail_50runs,bf16,780d34d9-b407-4a4c-9dfe-ec2798dfc3ce,30,35,agent,134,42,2.67266933612817,2.677907211369531,4.567809182618346,0.5393377562084749,1
qwen14B-int4_retail_50runs,bf16,780d34d9-b407-4a4c-9dfe-ec2798dfc3ce,33,35,agent,18,0,0.8576304450563532,0.7817772411953948,,0.8834306001626594,1
qwen14B-int4_retail_50runs,bf16,387e6df6-f634-464f-ad06-830d7863d98e,2,44,agent,76,29,2.7582447133717993,3.726329259851238,4.631427542402826,0.46905812646257855,0
qwen14B-int4_retail_50runs,bf16,387e6df6-f634-464f-ad06-830d7863d98e,4,44,agent,71,19,3.4858190871192085,3.3772617854946363,6.664226411204589,0.5172748372253524,0
qwen14B-int4_retail_50runs,bf16,387e6df6-f634-464f-ad06-830d7863d98e,6,44,agent,87,26,0.6395750858063203,0.7665099937875859,1.3738105517740433,0.7031529986171796,0
qwen14B-int4_retail_50runs,bf16,387e6df6-f634-464f-ad06-830d7863d98e,8,44,agent,23,11,1.4428355421708978,1.9225638709031045,2.592173446308483,0.5251873733803525,0
qwen14B-int4_retail_50runs,bf16,387e6df6-f634-464f-ad06-830d7863d98e,10,44,agent,78,11,0.32845579444564804,0.2749231249435458,1.238495647907257,0.8460330647204287,0
qwen14B-int4_retail_50runs,bf16,387e6df6-f634-464f-ad06-830d7863d98e,12,44,agent,41,10,0.7256610701726378,0.9253196380224741,2.7740330792963506,0.7917014555912306,0
qwen14B-int4_retail_50runs,bf16,387e6df6-f634-464f-ad06-830d7863d98e,14,44,agent,75,15,0.36458167143791625,0.28443579914858963,0.7604961673418681,0.7668679409334126,0
qwen14B-int4_retail_50runs,bf16,387e6df6-f634-464f-ad06-830d7863d98e,16,44,agent,36,5,0.17738922601760976,0.2334168830246902,1.0058517187833786,0.8982533516630521,0
qwen14B-int4_retail_50runs,bf16,387e6df6-f634-464f-ad06-830d7863d98e,18,44,agent,96,21,0.35150937988665953,0.2990040922099553,0.7291475271894818,0.8028465551442899,0
qwen14B-int4_retail_50runs,bf16,387e6df6-f634-464f-ad06-830d7863d98e,20,44,agent,119,31,0.4040320998109496,0.4488244529598466,0.8904262021664651,0.762773938474298,0
qwen14B-int4_retail_50runs,bf16,387e6df6-f634-464f-ad06-830d7863d98e,22,44,agent,83,17,0.3455970347428536,0.38929565923954096,1.2956040598013823,0.831112345168263,0
qwen14B-int4_retail_50runs,bf16,387e6df6-f634-464f-ad06-830d7863d98e,24,44,agent,106,18,0.20317036428008586,0.23213919582122186,0.6296059282289611,0.8625816562502242,0
qwen14B-int4_retail_50runs,bf16,387e6df6-f634-464f-ad06-830d7863d98e,26,44,agent,61,11,0.2124600547627892,0.24184288400513512,0.7732179205526005,0.8695455916091382,0
qwen14B-int4_retail_50runs,bf16,387e6df6-f634-464f-ad06-830d7863d98e,28,44,agent,166,28,0.38333163811310866,0.41462371047818963,1.7893865103168147,0.8501561727875349,0
qwen14B-int4_retail_50runs,bf16,387e6df6-f634-464f-ad06-830d7863d98e,30,44,agent,172,17,0.3132818877338254,0.31779487654824984,2.060522909988375,0.8907988781494518,0
qwen14B-int4_retail_50runs,bf16,387e6df6-f634-464f-ad06-830d7863d98e,32,44,agent,212,44,0.6263353388570873,0.7306833155758091,2.1750758090479807,0.7668387034919941,0
qwen14B-int4_retail_50runs,bf16,387e6df6-f634-464f-ad06-830d7863d98e,34,44,agent,149,39,0.6916228605014296,0.776122118172633,1.351326255271068,0.69474488640709,0
qwen14B-int4_retail_50runs,bf16,387e6df6-f634-464f-ad06-830d7863d98e,36,44,agent,54,16,0.3909232177208095,0.4201779058774215,0.7076872051693499,0.7607852081007438,0
qwen14B-int4_retail_50runs,bf16,387e6df6-f634-464f-ad06-830d7863d98e,38,44,agent,126,17,0.2881537341195935,0.2448024587266426,0.9961727612158832,0.8265497120953794,0
qwen14B-int4_retail_50runs,bf16,387e6df6-f634-464f-ad06-830d7863d98e,40,44,agent,136,12,0.2132260167756071,0.18546858506714684,0.8177416721979777,0.8870541310166284,0
qwen14B-int4_retail_50runs,bf16,387e6df6-f634-464f-ad06-830d7863d98e,42,44,agent,170,22,0.30943287663381086,0.32471512833599503,1.6361508965492249,0.8700821458971916,0
qwen14B-int4_retail_50runs,bf16,275b79d1-c1ec-4b4b-9c8d-46aa3e584c55,2,12,agent,40,13,3.404514128269477,4.7717241828835855,6.337858909597764,0.4849428854443719,0
qwen14B-int4_retail_50runs,bf16,275b79d1-c1ec-4b4b-9c8d-46aa3e584c55,4,12,agent,62,14,4.043241480794717,3.789681742556833,8.420076710837227,0.4230775471466291,0
qwen14B-int4_retail_50runs,bf16,275b79d1-c1ec-4b4b-9c8d-46aa3e584c55,6,12,agent,45,15,1.0122185746052965,1.1960588656734867,2.072678950428963,0.6581729029593142,0
qwen14B-int4_retail_50runs,bf16,275b79d1-c1ec-4b4b-9c8d-46aa3e584c55,8,12,agent,45,14,0.8803649709493673,1.1834645605140395,2.062213321881635,0.6847711526793132,0
qwen14B-int4_retail_50runs,bf16,275b79d1-c1ec-4b4b-9c8d-46aa3e584c55,10,12,agent,77,23,0.7457514112866555,0.8498865785792221,1.3665356150139933,0.6742194671173725,0
qwen14B-int4_retail_50runs,bf16,846c3587-2700-45ff-b242-d538fbd13335,2,26,agent,116,41,2.070170534955099,2.788276870648617,3.552848211875776,0.4820061292703296,1
qwen14B-int4_retail_50runs,bf16,846c3587-2700-45ff-b242-d538fbd13335,4,26,agent,61,18,3.939325526839344,3.7873533474842165,7.232933865653144,0.4395997846597792,1
qwen14B-int4_retail_50runs,bf16,846c3587-2700-45ff-b242-d538fbd13335,6,26,agent,119,29,0.6120774573658884,0.7402059843544816,1.0363587359416073,0.72009814084496,1
qwen14B-int4_retail_50runs,bf16,846c3587-2700-45ff-b242-d538fbd13335,8,26,agent,81,14,0.30187721158486974,0.2759829269314377,0.8976336547306606,0.8145176882016227,1
qwen14B-int4_retail_50runs,bf16,846c3587-2700-45ff-b242-d538fbd13335,10,26,agent,73,9,0.29595959169590136,0.24486969403163944,0.8793045464489195,0.847810017988508,1
qwen14B-int4_retail_50runs,bf16,846c3587-2700-45ff-b242-d538fbd13335,12,26,agent,116,23,0.5295805893801316,0.46396026433651827,1.046570456870224,0.731004498524415,1
qwen14B-int4_retail_50runs,bf16,846c3587-2700-45ff-b242-d538fbd13335,14,26,agent,334,31,0.24846941935893133,0.1568504810908338,0.8464870909529347,0.8725113605452895,1
qwen14B-int4_retail_50runs,bf16,846c3587-2700-45ff-b242-d538fbd13335,16,26,agent,117,19,1.8149252494933,1.7421705791398105,6.283673841702311,0.7069930633937789,1
qwen14B-int4_retail_50runs,bf16,846c3587-2700-45ff-b242-d538fbd13335,18,26,agent,138,33,0.4733292898128352,0.5504574230736309,1.121190493079749,0.7640946484090857,1
qwen14B-int4_retail_50runs,bf16,846c3587-2700-45ff-b242-d538fbd13335,20,26,agent,254,43,1.5278964079690254,1.5186164536868911,4.725872822798962,0.6908937511417896,1
qwen14B-int4_retail_50runs,bf16,846c3587-2700-45ff-b242-d538fbd13335,24,26,agent,96,27,1.1026472993781056,0.7432877718473329,1.17796577182081,0.6868107902832709,1
qwen14B-int4_retail_50runs,bf16,e3ebc6e9-2d8e-4557-893c-f9fb6366c8c3,2,48,agent,76,29,2.857106592704488,3.817901317390436,4.7147689333249785,0.4632204238225766,1
qwen14B-int4_retail_50runs,bf16,e3ebc6e9-2d8e-4557-893c-f9fb6366c8c3,4,48,agent,75,19,3.219451389029316,3.0624535353251376,5.7593253207834145,0.4934485510200553,1
qwen14B-int4_retail_50runs,bf16,e3ebc6e9-2d8e-4557-893c-f9fb6366c8c3,6,48,agent,110,36,0.7154474641118682,0.8335011204137214,1.3844595895045333,0.6778156775073262,1
qwen14B-int4_retail_50runs,bf16,e3ebc6e9-2d8e-4557-893c-f9fb6366c8c3,8,48,agent,76,24,0.8139352588528155,0.9118087093094008,1.406136328044037,0.6369840496585035,1
qwen14B-int4_retail_50runs,bf16,e3ebc6e9-2d8e-4557-893c-f9fb6366c8c3,10,48,agent,59,16,4.002101607249496,3.8259089733069773,7.260468615218997,0.44857197532988186,1
qwen14B-int4_retail_50runs,bf16,e3ebc6e9-2d8e-4557-893c-f9fb6366c8c3,12,48,agent,80,14,0.47190248302939314,0.5152271077076391,1.4148367696574755,0.7783289199151675,1
qwen14B-int4_retail_50runs,bf16,e3ebc6e9-2d8e-4557-893c-f9fb6366c8c3,14,48,agent,57,13,3.743632024631408,3.496781000920951,9.420358116810139,0.5229363605611443,1
qwen14B-int4_retail_50runs,bf16,e3ebc6e9-2d8e-4557-893c-f9fb6366c8c3,16,48,agent,78,15,0.30723796542467124,0.27432513900056416,0.7915613134702046,0.8148050678679114,1
qwen14B-int4_retail_50runs,bf16,e3ebc6e9-2d8e-4557-893c-f9fb6366c8c3,18,48,agent,148,32,0.5377323739764391,0.5473944130435757,1.10702781425789,0.7232103275016044,1
qwen14B-int4_retail_50runs,bf16,e3ebc6e9-2d8e-4557-893c-f9fb6366c8c3,20,48,agent,61,14,3.334294689928733,3.105318176205784,6.581169148640973,0.46975998745900105,1
qwen14B-int4_retail_50runs,bf16,e3ebc6e9-2d8e-4557-893c-f9fb6366c8c3,22,48,agent,109,22,0.3590326541744205,0.3899444804009846,0.9898684028197419,0.7887530548420022,1
qwen14B-int4_retail_50runs,bf16,e3ebc6e9-2d8e-4557-893c-f9fb6366c8c3,24,48,agent,60,11,3.4655054289782563,3.3440413201983854,9.300198554992676,0.48917347102386083,1
qwen14B-int4_retail_50runs,bf16,e3ebc6e9-2d8e-4557-893c-f9fb6366c8c3,26,48,agent,106,23,0.3744838350545036,0.41692933992885245,0.8012135968260143,0.7672582152039801,1
qwen14B-int4_retail_50runs,bf16,e3ebc6e9-2d8e-4557-893c-f9fb6366c8c3,28,48,agent,149,32,0.36157006152364973,0.3351070047665209,0.8487051432020962,0.78793117357717,1
qwen14B-int4_retail_50runs,bf16,e3ebc6e9-2d8e-4557-893c-f9fb6366c8c3,30,48,agent,79,30,0.6468074336811188,0.7911987502553381,1.1423021612068018,0.6707868465268297,1
qwen14B-int4_retail_50runs,bf16,e3ebc6e9-2d8e-4557-893c-f9fb6366c8c3,32,48,agent,96,15,0.20994502108731314,0.2153486894865977,0.664671224852403,0.8558099315112436,1
qwen14B-int4_retail_50runs,bf16,e3ebc6e9-2d8e-4557-893c-f9fb6366c8c3,34,48,agent,92,7,0.13739786448495048,0.10476914690645152,0.5235463338238853,0.9059601636859537,1
qwen14B-int4_retail_50runs,bf16,e3ebc6e9-2d8e-4557-893c-f9fb6366c8c3,36,48,agent,125,19,0.22852603787958775,0.2689666483569331,0.8735838908898202,0.8567786904242392,1
qwen14B-int4_retail_50runs,bf16,e3ebc6e9-2d8e-4557-893c-f9fb6366c8c3,38,48,agent,116,31,0.40491734009572883,0.3912041427734706,0.8000980968917569,0.7527322524626265,1
qwen14B-int4_retail_50runs,bf16,e3ebc6e9-2d8e-4557-893c-f9fb6366c8c3,40,48,agent,124,16,0.20789145039503235,0.17797458880203607,0.7115897871553898,0.8698266121370023,1
qwen14B-int4_retail_50runs,bf16,e3ebc6e9-2d8e-4557-893c-f9fb6366c8c3,42,48,agent,128,37,0.6053367271106513,0.7849251422423703,1.367050280240742,0.7501046777468159,1
qwen14B-int4_retail_50runs,bf16,e3ebc6e9-2d8e-4557-893c-f9fb6366c8c3,44,48,agent,77,23,3.150613480466705,3.235951847038043,5.307090750207072,0.5071432328625475,1
qwen14B-int4_retail_50runs,bf16,e3ebc6e9-2d8e-4557-893c-f9fb6366c8c3,46,48,agent,18,2,2.933599364171303,1.8755875502368102,4.63907778263092,0.6208016932706754,1
qwen14B-int4_retail_50runs,bf16,58fe29bf-e3df-41e2-9842-9b7466ee7bca,2,62,agent,57,14,2.014687095378985,2.622471101713988,4.8370225088936945,0.5992223964725281,1
qwen14B-int4_retail_50runs,bf16,58fe29bf-e3df-41e2-9842-9b7466ee7bca,4,62,agent,62,17,4.1962292948608475,4.0203937276753825,7.881339734968017,0.42607326290950814,1
qwen14B-int4_retail_50runs,bf16,58fe29bf-e3df-41e2-9842-9b7466ee7bca,6,62,agent,44,13,0.8889410699883388,1.2686442909155,2.4184027096399894,0.6950062854980297,1
qwen14B-int4_retail_50runs,bf16,58fe29bf-e3df-41e2-9842-9b7466ee7bca,8,62,agent,87,22,0.859989942994711,0.9304607478078377,1.9631849703463642,0.7085806325821219,1
qwen14B-int4_retail_50runs,bf16,58fe29bf-e3df-41e2-9842-9b7466ee7bca,10,62,agent,57,14,0.6101505039778842,0.7666628710087805,1.2683462926319666,0.7193488978513722,1
qwen14B-int4_retail_50runs,bf16,58fe29bf-e3df-41e2-9842-9b7466ee7bca,12,62,agent,35,7,0.38598442233965863,0.3631792277749628,0.439561454313142,0.7727822463653956,1
qwen14B-int4_retail_50runs,bf16,58fe29bf-e3df-41e2-9842-9b7466ee7bca,14,62,agent,76,22,0.6803366226438682,0.7295048430895066,1.549557699398561,0.7369428218759922,1
qwen14B-int4_retail_50runs,bf16,58fe29bf-e3df-41e2-9842-9b7466ee7bca,16,62,agent,111,21,0.41581121130913357,0.4411513417051478,0.9578632914594242,0.8084888564665217,1
qwen14B-int4_retail_50runs,bf16,58fe29bf-e3df-41e2-9842-9b7466ee7bca,18,62,agent,106,25,0.6786010234493074,0.7722308186872893,1.3495895287394524,0.6752085316409665,1
qwen14B-int4_retail_50runs,bf16,58fe29bf-e3df-41e2-9842-9b7466ee7bca,20,62,agent,70,21,0.5937746447777865,0.649895208530802,1.505736937835103,0.7365141989145597,1
qwen14B-int4_retail_50runs,bf16,58fe29bf-e3df-41e2-9842-9b7466ee7bca,22,62,agent,115,31,0.39898118369991303,0.48249094351957283,0.9451957407497591,0.7879179973574314,1
qwen14B-int4_retail_50runs,bf16,58fe29bf-e3df-41e2-9842-9b7466ee7bca,24,62,agent,136,31,0.44657694725268765,0.6129559058873703,1.3128294324682606,0.7683837190313558,1
qwen14B-int4_retail_50runs,bf16,58fe29bf-e3df-41e2-9842-9b7466ee7bca,26,62,agent,78,21,0.6684380059776637,0.7982781211294092,1.952084226622468,0.7606675768496142,1
qwen14B-int4_retail_50runs,bf16,58fe29bf-e3df-41e2-9842-9b7466ee7bca,28,62,agent,161,33,0.2690133528463584,0.3156293884728134,0.7595937446211324,0.8328512914199243,1
qwen14B-int4_retail_50runs,bf16,58fe29bf-e3df-41e2-9842-9b7466ee7bca,30,62,agent,117,25,0.7907082578092917,0.810808099593563,2.00995447576046,0.7171497049246572,1
qwen14B-int4_retail_50runs,bf16,58fe29bf-e3df-41e2-9842-9b7466ee7bca,32,62,agent,74,24,3.6867987947693464,3.4993183777568153,6.259317169586818,0.44200852645971794,1
qwen14B-int4_retail_50runs,bf16,58fe29bf-e3df-41e2-9842-9b7466ee7bca,34,62,agent,98,14,0.3703200755853006,0.2954254345391947,1.2751266828605108,0.8566168291900377,1
qwen14B-int4_retail_50runs,bf16,58fe29bf-e3df-41e2-9842-9b7466ee7bca,36,62,agent,145,13,1.8397062549019674,1.6838860452093245,8.88110605111489,0.6975421694771348,1
qwen14B-int4_retail_50runs,bf16,58fe29bf-e3df-41e2-9842-9b7466ee7bca,39,62,agent,125,6,0.11987917266784132,0.11987763585952271,0.9287714660167694,0.9271065887159613,1
qwen14B-int4_retail_50runs,bf16,58fe29bf-e3df-41e2-9842-9b7466ee7bca,41,62,agent,138,14,0.1755536095190048,0.2116195993899937,0.9684435501694679,0.9008828774577402,1
qwen14B-int4_retail_50runs,bf16,58fe29bf-e3df-41e2-9842-9b7466ee7bca,43,62,agent,141,16,2.0022998353942456,1.8921752786979693,8.595114826690406,0.7065439769707348,1
qwen14B-int4_retail_50runs,bf16,58fe29bf-e3df-41e2-9842-9b7466ee7bca,46,62,agent,125,7,0.07490259257288046,0.0979458424456175,0.5671270127807345,0.950132286717289,1
qwen14B-int4_retail_50runs,bf16,58fe29bf-e3df-41e2-9842-9b7466ee7bca,48,62,agent,118,26,0.320648534299091,0.307543928207804,0.8555043543187472,0.8295915823885007,1
qwen14B-int4_retail_50runs,bf16,58fe29bf-e3df-41e2-9842-9b7466ee7bca,50,62,agent,106,12,0.30935925460321456,0.3465911405496715,1.7961049067477386,0.8667084613896471,1
qwen14B-int4_retail_50runs,bf16,58fe29bf-e3df-41e2-9842-9b7466ee7bca,52,62,agent,108,7,0.2262392125830546,0.22690441662539848,1.7801733314990997,0.921931585545822,1
qwen14B-int4_retail_50runs,bf16,58fe29bf-e3df-41e2-9842-9b7466ee7bca,54,62,agent,149,17,0.30481830282820543,0.30766033174453533,1.321530264966628,0.8820848837218304,1
qwen14B-int4_retail_50runs,bf16,58fe29bf-e3df-41e2-9842-9b7466ee7bca,56,62,agent,194,38,0.456925153806824,0.4591467073257586,1.2038568158290888,0.7793713247129116,1
qwen14B-int4_retail_50runs,bf16,58fe29bf-e3df-41e2-9842-9b7466ee7bca,58,62,agent,90,12,0.31060743680407804,0.3956457288083738,1.2247630183895428,0.8431743764395947,1
qwen14B-int4_retail_50runs,bf16,58fe29bf-e3df-41e2-9842-9b7466ee7bca,60,62,agent,47,5,0.15537799544788433,0.1493744404415859,0.5350069224834442,0.8945420554498373,1
qwen14B-int4_retail_50runs,bf16,7c138f16-b535-45be-a8e4-7b8960cefff4,2,28,agent,49,19,3.5942671894345217,4.308620818142886,5.1778821043278045,0.39176780585975474,0
qwen14B-int4_retail_50runs,bf16,7c138f16-b535-45be-a8e4-7b8960cefff4,4,28,agent,61,17,3.904595614039289,3.6422893117775117,6.9885316806681015,0.4250956107794258,0
qwen14B-int4_retail_50runs,bf16,7c138f16-b535-45be-a8e4-7b8960cefff4,6,28,agent,73,14,0.6840343475993327,0.7942975611069001,1.4938593639859132,0.7248892660184727,0
qwen14B-int4_retail_50runs,bf16,7c138f16-b535-45be-a8e4-7b8960cefff4,8,28,agent,31,17,1.4405323425869996,1.629299023902852,2.0384335000725353,0.5527014784357965,0
qwen14B-int4_retail_50runs,bf16,7c138f16-b535-45be-a8e4-7b8960cefff4,10,28,agent,66,13,0.23299079147365925,0.22104576890543895,0.558312191412999,0.8420459726667493,0
qwen14B-int4_retail_50runs,bf16,7c138f16-b535-45be-a8e4-7b8960cefff4,12,28,agent,20,8,0.516284440558195,0.4899069478040993,0.8189688120037317,0.72348264286515,0
qwen14B-int4_retail_50runs,bf16,7c138f16-b535-45be-a8e4-7b8960cefff4,14,28,agent,75,14,0.4169891509584275,0.4338267176661722,1.2725348696112633,0.7759927129900627,0
qwen14B-int4_retail_50runs,bf16,7c138f16-b535-45be-a8e4-7b8960cefff4,16,28,agent,116,21,0.39481156960761277,0.32471291908042005,1.033464476466179,0.7912722926607536,0
qwen14B-int4_retail_50runs,bf16,7c138f16-b535-45be-a8e4-7b8960cefff4,18,28,agent,168,33,0.5560148821498619,0.5526939676757426,1.6693486047513557,0.7426257725751203,0
qwen14B-int4_retail_50runs,bf16,7c138f16-b535-45be-a8e4-7b8960cefff4,20,28,agent,38,10,0.37650996894502037,0.3824689500957137,0.8488490596413613,0.785281999552458,0
qwen14B-int4_retail_50runs,bf16,7c138f16-b535-45be-a8e4-7b8960cefff4,22,28,agent,69,4,0.07793809293907158,0.08807495146399241,0.543176669627428,0.9423534666320017,0
qwen14B-int4_retail_50runs,bf16,7c138f16-b535-45be-a8e4-7b8960cefff4,24,28,agent,110,27,0.6455953578213821,0.5994437226232529,1.3862544938370034,0.718616359704363,0
qwen14B-int4_retail_50runs,bf16,7c138f16-b535-45be-a8e4-7b8960cefff4,26,28,agent,35,1,0.28407179994466736,0.10196718616113186,0.5997381210327148,0.8925542881982734,0
qwen14B-int4_retail_50runs,bf16,384e5c3d-1313-423a-b01a-f7b1cbbe58ec,2,26,agent,61,18,1.9478569823030232,2.2579448009379237,3.3685564481549792,0.4917981347185635,1
qwen14B-int4_retail_50runs,bf16,384e5c3d-1313-423a-b01a-f7b1cbbe58ec,4,26,agent,73,19,3.4945754353602174,3.3528387682834695,6.654667960970025,0.44514623259463443,1
qwen14B-int4_retail_50runs,bf16,384e5c3d-1313-423a-b01a-f7b1cbbe58ec,6,26,agent,43,15,0.9309791096979465,1.416356503104494,1.659196182092031,0.6287807342983022,1
qwen14B-int4_retail_50runs,bf16,384e5c3d-1313-423a-b01a-f7b1cbbe58ec,8,26,agent,88,27,0.9116778878981985,1.0801416047560446,1.334277338727757,0.6058813158834538,1
qwen14B-int4_retail_50runs,bf16,384e5c3d-1313-423a-b01a-f7b1cbbe58ec,10,26,agent,26,3,0.3921879824777593,0.6173438266897782,2.1237112482388816,0.8275648494458981,1
qwen14B-int4_retail_50runs,bf16,384e5c3d-1313-423a-b01a-f7b1cbbe58ec,12,26,agent,63,17,0.5884495099677539,0.5647550392895934,1.1332094196011038,0.6986468020193768,1
qwen14B-int4_retail_50runs,bf16,384e5c3d-1313-423a-b01a-f7b1cbbe58ec,14,26,agent,111,30,0.9814711464251702,1.1920905959370347,2.132801688214143,0.621443912065598,1
qwen14B-int4_retail_50runs,bf16,384e5c3d-1313-423a-b01a-f7b1cbbe58ec,16,26,agent,123,35,0.9701661719143893,1.1436775651581164,2.0105680478470664,0.659212371063311,1
qwen14B-int4_retail_50runs,bf16,384e5c3d-1313-423a-b01a-f7b1cbbe58ec,18,26,agent,122,17,0.32276614400809567,0.31141019443825646,1.1254621305886436,0.8292126972842355,1
qwen14B-int4_retail_50runs,bf16,384e5c3d-1313-423a-b01a-f7b1cbbe58ec,20,26,agent,108,28,0.6478725514392993,0.7933347403866766,1.5071268020463842,0.7104868542310672,1
qwen14B-int4_retail_50runs,bf16,384e5c3d-1313-423a-b01a-f7b1cbbe58ec,22,26,agent,62,9,0.39683869246293785,0.4223536043722603,1.7386329008473291,0.8387989105196467,1
qwen14B-int4_retail_50runs,bf16,384e5c3d-1313-423a-b01a-f7b1cbbe58ec,24,26,agent,112,15,0.3783792474381791,0.4194091820550203,0.997252024213473,0.8147260002464863,1
qwen14B-int4_retail_50runs,bf16,26f116fa-3b13-457b-bb29-002dbfc115f9,2,50,agent,79,28,2.5411730575359788,2.7372563431930086,4.147864991532905,0.5025338789845696,0
qwen14B-int4_retail_50runs,bf16,26f116fa-3b13-457b-bb29-002dbfc115f9,4,50,agent,60,16,3.9868224512020576,3.8087491878493185,7.638989791274071,0.42483397002704,0
qwen14B-int4_retail_50runs,bf16,26f116fa-3b13-457b-bb29-002dbfc115f9,6,50,agent,45,7,0.5992175458527769,0.7436518215354433,0.590393283537456,0.8115274643556059,0
qwen14B-int4_retail_50runs,bf16,26f116fa-3b13-457b-bb29-002dbfc115f9,8,50,agent,135,30,0.7118152356570417,0.6835400748217707,1.5398720962305863,0.7326333606672412,0
qwen14B-int4_retail_50runs,bf16,26f116fa-3b13-457b-bb29-002dbfc115f9,10,50,agent,93,24,1.403320264431899,1.0672503833038494,2.185339060922464,0.5923676750814528,0
qwen14B-int4_retail_50runs,bf16,26f116fa-3b13-457b-bb29-002dbfc115f9,12,50,agent,64,14,3.0146872602654327,2.8386057445107387,7.5956846709762305,0.5481716769928592,0
qwen14B-int4_retail_50runs,bf16,26f116fa-3b13-457b-bb29-002dbfc115f9,14,50,agent,53,13,0.47920480952489886,0.4601204223352261,1.001068888948514,0.7272628463334003,0
qwen14B-int4_retail_50runs,bf16,26f116fa-3b13-457b-bb29-002dbfc115f9,16,50,agent,103,21,0.41698949558244264,0.42870353212043893,1.1384804177851904,0.7721537563073464,0
qwen14B-int4_retail_50runs,bf16,26f116fa-3b13-457b-bb29-002dbfc115f9,18,50,agent,100,13,0.2840034200342412,0.172176623697079,0.5035132032174331,0.8583837485832475,0
qwen14B-int4_retail_50runs,bf16,26f116fa-3b13-457b-bb29-002dbfc115f9,20,50,agent,66,11,3.0351718124377904,2.838223210755006,9.252528840845281,0.5606098430544417,0
qwen14B-int4_retail_50runs,bf16,26f116fa-3b13-457b-bb29-002dbfc115f9,22,50,agent,85,18,0.41439137447016483,0.42594426235324245,0.927265166822407,0.7602621368479197,0
qwen14B-int4_retail_50runs,bf16,26f116fa-3b13-457b-bb29-002dbfc115f9,24,50,agent,138,26,0.34941115686177837,0.3638329683318487,0.7834720623034698,0.7910801516512262,0
qwen14B-int4_retail_50runs,bf16,26f116fa-3b13-457b-bb29-002dbfc115f9,26,50,agent,76,18,0.32215160826186945,0.2944241454688786,0.6847899514767859,0.8115907831408551,0
qwen14B-int4_retail_50runs,bf16,26f116fa-3b13-457b-bb29-002dbfc115f9,28,50,agent,149,23,0.2381000688932315,0.22658712512653773,0.629026337162308,0.8402404893312022,0
qwen14B-int4_retail_50runs,bf16,26f116fa-3b13-457b-bb29-002dbfc115f9,30,50,agent,129,27,0.36973656020046325,0.3634492475264016,0.8718918217001138,0.7874327444361835,0
qwen14B-int4_retail_50runs,bf16,26f116fa-3b13-457b-bb29-002dbfc115f9,32,50,agent,86,20,0.2960911320727606,0.31978538450523075,0.6087421137839556,0.8083065312213531,0
qwen14B-int4_retail_50runs,bf16,26f116fa-3b13-457b-bb29-002dbfc115f9,34,50,agent,76,13,0.3372868275396716,0.30768258851769703,0.9074797481298447,0.7967232584315085,0
qwen14B-int4_retail_50runs,bf16,26f116fa-3b13-457b-bb29-002dbfc115f9,36,50,agent,145,11,0.08842323583833532,0.07641015615717292,0.41954715617678384,0.9380185628725021,0
qwen14B-int4_retail_50runs,bf16,26f116fa-3b13-457b-bb29-002dbfc115f9,38,50,agent,55,18,0.6252689533432162,0.8112798066453354,1.214018212010463,0.6782294309166746,0
qwen14B-int4_retail_50runs,bf16,26f116fa-3b13-457b-bb29-002dbfc115f9,40,50,agent,205,24,0.21769375220317844,0.21222700638292902,0.9686680392672619,0.8715870622629319,0
qwen14B-int4_retail_50runs,bf16,26f116fa-3b13-457b-bb29-002dbfc115f9,42,50,agent,122,17,0.2476014330700124,0.18296594828333723,0.7634970835026573,0.8539978799216476,0
qwen14B-int4_retail_50runs,bf16,26f116fa-3b13-457b-bb29-002dbfc115f9,44,50,agent,242,18,0.12831851328526514,0.09349711905007718,0.6448949972788492,0.9179572620888781,0
qwen14B-int4_retail_50runs,bf16,26f116fa-3b13-457b-bb29-002dbfc115f9,46,50,agent,155,20,0.4401320729102992,0.40245365522933235,0.9691322017461061,0.8237238457740322,0
qwen14B-int4_retail_50runs,bf16,26f116fa-3b13-457b-bb29-002dbfc115f9,48,50,agent,147,17,0.27136151223155086,0.2271936845107048,1.2349351267604267,0.8826612923106465,0
qwen14B-int4_retail_50runs,bf16,e406559f-7492-4cad-90f2-8e1f7a4d7b53,2,14,agent,64,22,1.8808219556754002,2.2910593772211647,3.229438360103152,0.5510447184800006,1
qwen14B-int4_retail_50runs,bf16,e406559f-7492-4cad-90f2-8e1f7a4d7b53,4,14,agent,103,14,0.5829923389266649,0.5387820963307839,1.6486661210656166,0.8269868628061096,1
qwen14B-int4_retail_50runs,bf16,e406559f-7492-4cad-90f2-8e1f7a4d7b53,6,14,agent,74,6,0.1963000994241622,0.14832977335778347,1.2372851272424061,0.8993251918669761,1
qwen14B-int4_retail_50runs,bf16,e406559f-7492-4cad-90f2-8e1f7a4d7b53,8,14,agent,101,16,2.0028438947693306,1.8876554413994509,6.87471042573452,0.7020056635723058,1
qwen14B-int4_retail_50runs,bf16,e406559f-7492-4cad-90f2-8e1f7a4d7b53,10,14,agent,66,12,0.26885427385926414,0.24389281739820948,0.8467455394566059,0.8470977265678461,1
qwen14B-int4_retail_50runs,bf16,e406559f-7492-4cad-90f2-8e1f7a4d7b53,12,14,agent,29,3,0.1783518382824868,0.09978259179592897,0.5262844463189443,0.8978046947697668,1
qwen14B-int4_retail_50runs,bf16,afc6f595-3313-4a04-8c88-11f7d5375781,2,42,agent,80,24,1.9355336579967684,2.651996221167538,3.7772323355699577,0.5603543939532923,1
qwen14B-int4_retail_50runs,bf16,afc6f595-3313-4a04-8c88-11f7d5375781,4,42,agent,72,19,3.369572931356337,3.1360043006820812,6.025697177962253,0.49770574826894354,1
qwen14B-int4_retail_50runs,bf16,afc6f595-3313-4a04-8c88-11f7d5375781,6,42,agent,53,11,0.4564056333871064,0.5841836880290808,1.3605839596553282,0.7753902515354928,1
qwen14B-int4_retail_50runs,bf16,afc6f595-3313-4a04-8c88-11f7d5375781,8,42,agent,51,16,0.8544363591877924,0.9179283128375367,1.556262864265591,0.6642944416626811,1
qwen14B-int4_retail_50runs,bf16,afc6f595-3313-4a04-8c88-11f7d5375781,10,42,agent,44,13,0.7553034325334612,1.0840710448244342,1.4927965906950145,0.6823547257568091,1
qwen14B-int4_retail_50runs,bf16,afc6f595-3313-4a04-8c88-11f7d5375781,12,42,agent,97,21,0.4049309920723027,0.4182762331679663,0.9553359150886536,0.7876180547250272,1
qwen14B-int4_retail_50runs,bf16,afc6f595-3313-4a04-8c88-11f7d5375781,14,42,agent,87,15,0.5523047920932216,0.5206789101060808,1.8829016278187434,0.8055024751157822,1
qwen14B-int4_retail_50runs,bf16,afc6f595-3313-4a04-8c88-11f7d5375781,16,42,agent,76,16,0.25386812539614195,0.24570025018786576,0.8769964231178164,0.8482284988470786,1
qwen14B-int4_retail_50runs,bf16,afc6f595-3313-4a04-8c88-11f7d5375781,18,42,agent,129,38,0.5205830068713468,0.6204535553964302,1.1259383563148349,0.7035507709032901,1
qwen14B-int4_retail_50runs,bf16,afc6f595-3313-4a04-8c88-11f7d5375781,20,42,agent,229,49,0.45622700997449583,0.4678257650008576,1.276634004955389,0.7694792557432125,1
qwen14B-int4_retail_50runs,bf16,afc6f595-3313-4a04-8c88-11f7d5375781,22,42,agent,165,20,0.47841410024904285,0.4800683390859708,1.8428930327296258,0.8461142429486479,1
qwen14B-int4_retail_50runs,bf16,afc6f595-3313-4a04-8c88-11f7d5375781,24,42,agent,113,23,0.3884881840444643,0.2853324192330987,0.6679844276412673,0.7999976358769804,1
qwen14B-int4_retail_50runs,bf16,afc6f595-3313-4a04-8c88-11f7d5375781,26,42,agent,63,13,3.5388505074896086,3.322964288070623,9.661311312363697,0.5539938840772544,1
qwen14B-int4_retail_50runs,bf16,afc6f595-3313-4a04-8c88-11f7d5375781,28,42,agent,74,11,0.18290467624341025,0.19403297439221967,0.38792886246334424,0.8783499018288647,1
qwen14B-int4_retail_50runs,bf16,afc6f595-3313-4a04-8c88-11f7d5375781,30,42,agent,158,17,0.18332671376995785,0.14032020810867402,0.8562849256045678,0.905711795069039,1
qwen14B-int4_retail_50runs,bf16,afc6f595-3313-4a04-8c88-11f7d5375781,32,42,agent,73,5,0.18936393565018272,0.16289642787661593,0.9777460485696793,0.8906762348388926,1
qwen14B-int4_retail_50runs,bf16,afc6f595-3313-4a04-8c88-11f7d5375781,34,42,agent,66,10,3.04168561074234,2.8183259644002865,9.297423553466796,0.5613290530493141,1
qwen14B-int4_retail_50runs,bf16,afc6f595-3313-4a04-8c88-11f7d5375781,36,42,agent,170,28,0.5469151035833186,0.5948955025734785,2.2434977484600886,0.7971551456767362,1
qwen14B-int4_retail_50runs,bf16,afc6f595-3313-4a04-8c88-11f7d5375781,38,42,agent,185,27,0.23366996434307166,0.24028257672520062,0.7831113208775167,0.868947090591551,1
qwen14B-int4_retail_50runs,bf16,afc6f595-3313-4a04-8c88-11f7d5375781,40,42,agent,201,22,0.26861225258986055,0.1929697508685543,0.9852199364792217,0.8769965732147051,1
qwen14B-int4_retail_50runs,bf16,3950ffb1-2ef7-4b68-a832-a504f5fd873c,2,26,agent,115,45,2.166850296278959,2.4768256330824148,3.156655608614286,0.4605336392728676,1
qwen14B-int4_retail_50runs,bf16,3950ffb1-2ef7-4b68-a832-a504f5fd873c,4,26,agent,72,21,3.3468642486342213,3.1887638642409644,5.4845504104381515,0.4795116734132573,1
qwen14B-int4_retail_50runs,bf16,3950ffb1-2ef7-4b68-a832-a504f5fd873c,6,26,agent,102,26,0.7168452819374811,0.7811283971159502,1.4131873722832937,0.6922390196868696,1
qwen14B-int4_retail_50runs,bf16,3950ffb1-2ef7-4b68-a832-a504f5fd873c,8,26,agent,43,10,0.5821158134406916,0.8317640475097816,2.0391086876392364,0.7929491408304835,1
qwen14B-int4_retail_50runs,bf16,3950ffb1-2ef7-4b68-a832-a504f5fd873c,10,26,agent,81,15,0.35895146394874783,0.3272036394754961,1.0305642689267793,0.7976466010895629,1
qwen14B-int4_retail_50runs,bf16,3950ffb1-2ef7-4b68-a832-a504f5fd873c,12,26,agent,229,57,0.7065325058054424,0.688838702486941,1.4268542061510838,0.7014306987957382,1
qwen14B-int4_retail_50runs,bf16,3950ffb1-2ef7-4b68-a832-a504f5fd873c,14,26,agent,205,57,0.7165171295713968,0.7219819148481267,1.3783037333112014,0.6787015958509156,1
qwen14B-int4_retail_50runs,bf16,3950ffb1-2ef7-4b68-a832-a504f5fd873c,16,26,agent,45,18,1.3083783404943663,1.5228038089143983,2.1341114681628017,0.5505511855980907,1
qwen14B-int4_retail_50runs,bf16,3950ffb1-2ef7-4b68-a832-a504f5fd873c,18,26,agent,521,22,0.06826572092143272,0.058554902738664975,0.9826705984093926,0.9579049026340822,1
qwen14B-int4_retail_50runs,bf16,3950ffb1-2ef7-4b68-a832-a504f5fd873c,20,26,agent,213,29,0.2814991573234065,0.22509792246607055,1.228639695151099,0.8714330587502506,1
qwen14B-int4_retail_50runs,bf16,3950ffb1-2ef7-4b68-a832-a504f5fd873c,22,26,agent,109,15,0.3495992447567879,0.35522808980383436,1.9079935103654861,0.881095645842268,1
qwen14B-int4_retail_50runs,bf16,3950ffb1-2ef7-4b68-a832-a504f5fd873c,24,26,agent,156,20,0.32066815325355275,0.28949550711748756,1.2192310355603695,0.8541632225731837,1
qwen14B-int4_retail_50runs,bf16,34f6654e-56ac-40bf-b76a-6593e08b55f5,2,34,agent,99,35,1.5860109611056192,2.120086656276626,3.21778182217053,0.5638338949452526,1
qwen14B-int4_retail_50runs,bf16,34f6654e-56ac-40bf-b76a-6593e08b55f5,4,34,agent,77,29,2.112210846611111,2.9474484437352815,3.9978745554027886,0.5213930594457281,1
qwen14B-int4_retail_50runs,bf16,34f6654e-56ac-40bf-b76a-6593e08b55f5,6,34,agent,70,19,3.658913449967419,3.540923652099304,6.8157530772058585,0.4911698735383695,1
qwen14B-int4_retail_50runs,bf16,34f6654e-56ac-40bf-b76a-6593e08b55f5,8,34,agent,87,28,0.685449280879577,0.8144618770009465,1.3494804573378392,0.6735787212869654,1
qwen14B-int4_retail_50runs,bf16,34f6654e-56ac-40bf-b76a-6593e08b55f5,10,34,agent,32,7,0.4722314814501516,0.48821863504948243,1.3568985632487707,0.7572387265160758,1
qwen14B-int4_retail_50runs,bf16,34f6654e-56ac-40bf-b76a-6593e08b55f5,12,34,agent,72,11,0.19747548286372485,0.18614484936826733,0.701922625980594,0.878883383589442,1
qwen14B-int4_retail_50runs,bf16,34f6654e-56ac-40bf-b76a-6593e08b55f5,15,34,agent,118,36,0.6868477767970174,0.7592502354166395,1.432533859171801,0.6751355973769958,1
qwen14B-int4_retail_50runs,bf16,34f6654e-56ac-40bf-b76a-6593e08b55f5,18,34,agent,488,45,0.2236894101068744,0.17030690623628134,0.999379990167088,0.8811838803341806,1
qwen14B-int4_retail_50runs,bf16,34f6654e-56ac-40bf-b76a-6593e08b55f5,20,34,agent,249,29,0.4228421144174236,0.35054865119580764,2.095939141666067,0.8591328869070783,1
qwen14B-int4_retail_50runs,bf16,34f6654e-56ac-40bf-b76a-6593e08b55f5,22,34,agent,55,15,0.5293950302002104,0.7318475556360642,1.4738732362786928,0.761273736890428,1
qwen14B-int4_retail_50runs,bf16,34f6654e-56ac-40bf-b76a-6593e08b55f5,25,34,agent,113,33,0.48635956779636313,0.49173048039240724,0.6965822360732339,0.7441225228967483,1
qwen14B-int4_retail_50runs,bf16,34f6654e-56ac-40bf-b76a-6593e08b55f5,28,34,agent,129,25,0.3528167012477454,0.3713984201836684,0.7919810393452644,0.7993898185008409,1
qwen14B-int4_retail_50runs,bf16,34f6654e-56ac-40bf-b76a-6593e08b55f5,30,34,agent,85,10,0.2750741181033529,0.29913694450109174,1.1805063039064407,0.8435450391543217,1
qwen14B-int4_retail_50runs,bf16,34f6654e-56ac-40bf-b76a-6593e08b55f5,32,34,agent,74,13,0.33315215644137675,0.4087015260435379,0.7563007233234552,0.8057065650910521,1
qwen14B-int4_retail_50runs,bf16,6208fc0f-dc43-4b48-b20f-56f3dcce43fe,2,20,agent,78,29,1.7424664700293573,2.0818593417325193,2.8928623291952857,0.5305621269571409,1
qwen14B-int4_retail_50runs,bf16,6208fc0f-dc43-4b48-b20f-56f3dcce43fe,4,20,agent,93,27,0.8124552476191177,0.7235452470190599,1.5686213070595707,0.7253470481837313,1
qwen14B-int4_retail_50runs,bf16,6208fc0f-dc43-4b48-b20f-56f3dcce43fe,6,20,agent,89,14,0.5421393166333016,0.5887002240179934,1.7120194169027465,0.7833599346441239,1
qwen14B-int4_retail_50runs,bf16,6208fc0f-dc43-4b48-b20f-56f3dcce43fe,8,20,agent,101,22,2.879128012340903,2.7552545642996393,7.04553705250675,0.6059016250168858,1
qwen14B-int4_retail_50runs,bf16,6208fc0f-dc43-4b48-b20f-56f3dcce43fe,10,20,agent,44,16,1.993643808573898,3.024825639826304,4.512932866811752,0.641251718515155,1
qwen14B-int4_retail_50runs,bf16,6208fc0f-dc43-4b48-b20f-56f3dcce43fe,12,20,agent,74,19,3.0096029424786344,2.821473290005303,6.348233724503141,0.5559625996657254,1
qwen14B-int4_retail_50runs,bf16,6208fc0f-dc43-4b48-b20f-56f3dcce43fe,14,20,agent,104,26,0.36345939641397734,0.37134338774806025,0.9641301540228037,0.8001872051332618,1
qwen14B-int4_retail_50runs,bf16,6208fc0f-dc43-4b48-b20f-56f3dcce43fe,16,20,agent,106,14,1.922940604619325,1.7802184780593724,7.630572987454278,0.7026996214985363,1
qwen14B-int4_retail_50runs,bf16,6208fc0f-dc43-4b48-b20f-56f3dcce43fe,18,20,agent,47,5,0.4291537514547523,0.40513734966485354,2.2019356727600097,0.8406154041150428,1
qwen14B-int4_retail_50runs,bf16,107eed96-b4f5-4c6e-b0db-df346e67068c,2,38,agent,39,13,3.550077574918993,4.1829869341650605,5.845002569831335,0.442781628371865,1
qwen14B-int4_retail_50runs,bf16,107eed96-b4f5-4c6e-b0db-df346e67068c,4,38,agent,69,26,1.4136102973909865,1.4999475548080095,2.024060942232609,0.5466229860263573,1
qwen14B-int4_retail_50runs,bf16,107eed96-b4f5-4c6e-b0db-df346e67068c,6,38,agent,75,19,3.185020644714148,3.0199397223618174,5.7699839974704545,0.48735728937806705,1
qwen14B-int4_retail_50runs,bf16,107eed96-b4f5-4c6e-b0db-df346e67068c,8,38,agent,147,33,0.5199715815610907,0.5686847188781113,1.4486954627615032,0.7427440518526968,1
qwen14B-int4_retail_50runs,bf16,107eed96-b4f5-4c6e-b0db-df346e67068c,10,38,agent,137,28,2.140909942454521,2.0803203820006235,5.340939172144447,0.5911710328268589,1
qwen14B-int4_retail_50runs,bf16,107eed96-b4f5-4c6e-b0db-df346e67068c,12,38,agent,83,14,0.41401402929832615,0.37601710780022346,1.0089609404759747,0.7984954653850745,1
qwen14B-int4_retail_50runs,bf16,107eed96-b4f5-4c6e-b0db-df346e67068c,14,38,agent,58,13,3.6836223212147248,3.511435502264248,9.070299020180336,0.4852965984854649,1
qwen14B-int4_retail_50runs,bf16,107eed96-b4f5-4c6e-b0db-df346e67068c,16,38,agent,73,21,0.5568412254907139,0.6293956287387179,1.1319146156311035,0.7054228670989384,1
qwen14B-int4_retail_50runs,bf16,107eed96-b4f5-4c6e-b0db-df346e67068c,18,38,agent,134,11,1.4173903812636377,1.3216990268736146,8.601692026311701,0.7831856054822837,1
qwen14B-int4_retail_50runs,bf16,107eed96-b4f5-4c6e-b0db-df346e67068c,20,38,agent,88,19,0.40741379927660853,0.35484513350089325,0.7547420976977599,0.7658470365467135,1
qwen14B-int4_retail_50runs,bf16,107eed96-b4f5-4c6e-b0db-df346e67068c,22,38,agent,89,13,0.2661833513268014,0.23010178888430852,0.6460198450546998,0.831657064223436,1
qwen14B-int4_retail_50runs,bf16,107eed96-b4f5-4c6e-b0db-df346e67068c,24,38,agent,114,20,0.3518443943667389,0.2728914983443478,0.5783752627670765,0.7872913084170842,1
qwen14B-int4_retail_50runs,bf16,107eed96-b4f5-4c6e-b0db-df346e67068c,26,38,agent,133,17,0.22462644316485697,0.2071556296613965,0.6156221119796529,0.8558109014123445,1
qwen14B-int4_retail_50runs,bf16,107eed96-b4f5-4c6e-b0db-df346e67068c,28,38,agent,144,18,0.19663519755637932,0.20238631231525359,0.4662344869640138,0.8723919250713141,1
qwen14B-int4_retail_50runs,bf16,107eed96-b4f5-4c6e-b0db-df346e67068c,30,38,agent,132,24,0.24489539390310125,0.24204961114498744,0.5857424835364023,0.8417052307094532,1
qwen14B-int4_retail_50runs,bf16,107eed96-b4f5-4c6e-b0db-df346e67068c,32,38,agent,144,5,0.06085559640337474,0.05731637599163017,0.3314745783805847,0.9532723379545662,1
qwen14B-int4_retail_50runs,bf16,107eed96-b4f5-4c6e-b0db-df346e67068c,34,38,agent,144,4,0.041444841048444335,0.04470589728572261,0.5143718682229519,0.9678427457354268,1
qwen14B-int4_retail_50runs,bf16,107eed96-b4f5-4c6e-b0db-df346e67068c,36,38,agent,144,3,0.04200591005191829,0.056263993727494764,0.9906284411748251,0.9715078054562772,1
qwen14B-int4_retail_50runs,bf16,ee2fcce5-2dad-424c-8e64-83b6ed6d43ec,2,32,agent,79,25,2.2974653717107723,2.8261284586629203,3.902080476284027,0.5128499537562724,1
qwen14B-int4_retail_50runs,bf16,ee2fcce5-2dad-424c-8e64-83b6ed6d43ec,4,32,agent,74,22,3.372768303781465,3.2247291869062966,5.87928681820631,0.5000185675963126,1
qwen14B-int4_retail_50runs,bf16,ee2fcce5-2dad-424c-8e64-83b6ed6d43ec,6,32,agent,71,23,0.6949061130889834,0.9328590017720694,1.224182335578877,0.643696086051498,1
qwen14B-int4_retail_50runs,bf16,ee2fcce5-2dad-424c-8e64-83b6ed6d43ec,8,32,agent,116,19,2.543677717481718,2.477584517142952,6.88948359928633,0.5277936784114674,1
qwen14B-int4_retail_50runs,bf16,ee2fcce5-2dad-424c-8e64-83b6ed6d43ec,11,32,agent,49,14,0.6034601671719558,0.4718238481847428,0.8514113671013287,0.6755663911475469,1
qwen14B-int4_retail_50runs,bf16,ee2fcce5-2dad-424c-8e64-83b6ed6d43ec,13,32,agent,62,13,3.7486226176226984,3.6447902811222344,9.138848694471212,0.44806828115197256,1
qwen14B-int4_retail_50runs,bf16,ee2fcce5-2dad-424c-8e64-83b6ed6d43ec,15,32,agent,109,16,0.24765899632201013,0.2706163156403352,1.3656616806983948,0.8738063312935201,1
qwen14B-int4_retail_50runs,bf16,ee2fcce5-2dad-424c-8e64-83b6ed6d43ec,17,32,agent,110,15,2.269202083664091,2.134468012647695,8.814127874374389,0.6436364894295488,1
qwen14B-int4_retail_50runs,bf16,ee2fcce5-2dad-424c-8e64-83b6ed6d43ec,20,32,agent,174,24,0.49896410461323226,0.4338217576896963,1.0113878585398197,0.8313003243902439,1
qwen14B-int4_retail_50runs,bf16,ee2fcce5-2dad-424c-8e64-83b6ed6d43ec,22,32,agent,142,38,1.2027645768204562,1.5405566260829036,3.0156104925431704,0.6463545884177796,1
qwen14B-int4_retail_50runs,bf16,ee2fcce5-2dad-424c-8e64-83b6ed6d43ec,24,32,agent,93,19,0.5161065084048263,0.5339469439987057,1.1689066212428243,0.7192112552838409,1
qwen14B-int4_retail_50runs,bf16,ee2fcce5-2dad-424c-8e64-83b6ed6d43ec,26,32,agent,68,21,0.4489607106523861,0.517274858393119,1.1443775643905003,0.7520431311523589,1
qwen14B-int4_retail_50runs,bf16,ee2fcce5-2dad-424c-8e64-83b6ed6d43ec,28,32,agent,137,8,0.22254997416709402,0.14741700543767788,0.5615306813269854,0.9041707162232855,1
qwen14B-int4_retail_50runs,bf16,ee2fcce5-2dad-424c-8e64-83b6ed6d43ec,30,32,agent,46,8,0.2669706599207945,0.3087214481527351,0.8757322523742914,0.8329283707812287,1
qwen14B-int4_retail_50runs,bf16,0f083d05-23c6-4d28-a48a-5e3c91c3862e,2,46,agent,67,22,2.062985156141253,2.4376662327880956,3.5318614041263405,0.5014062785465607,1
qwen14B-int4_retail_50runs,bf16,0f083d05-23c6-4d28-a48a-5e3c91c3862e,4,46,agent,77,19,3.362122825595326,3.1858800065460575,5.839684216599715,0.4884020114418621,1
qwen14B-int4_retail_50runs,bf16,0f083d05-23c6-4d28-a48a-5e3c91c3862e,6,46,agent,44,11,0.7660645338390514,1.0738054257981444,2.197524118152532,0.717751313779829,1
qwen14B-int4_retail_50runs,bf16,0f083d05-23c6-4d28-a48a-5e3c91c3862e,8,46,agent,28,11,2.3116703157388008,3.580117651486459,3.8585969399322164,0.44490886260678686,1
qwen14B-int4_retail_50runs,bf16,0f083d05-23c6-4d28-a48a-5e3c91c3862e,12,46,agent,55,15,0.6461976930745137,0.5090393779636153,0.8833096971114477,0.6735233225600594,1
qwen14B-int4_retail_50runs,bf16,0f083d05-23c6-4d28-a48a-5e3c91c3862e,14,46,agent,100,23,0.9011897928263229,0.9946571675220662,3.1943503106417865,0.7724017446238081,1
qwen14B-int4_retail_50runs,bf16,0f083d05-23c6-4d28-a48a-5e3c91c3862e,16,46,agent,45,10,0.5265220657607036,0.6735794065427035,1.1481275342404842,0.7542174700942348,1
qwen14B-int4_retail_50runs,bf16,0f083d05-23c6-4d28-a48a-5e3c91c3862e,18,46,agent,286,61,0.5067575273529528,0.5372864891386683,1.9172196708253173,0.8174946258818475,1
qwen14B-int4_retail_50runs,bf16,0f083d05-23c6-4d28-a48a-5e3c91c3862e,20,46,agent,46,15,0.5306500403484447,0.6255565598091337,1.243547123670578,0.7242284996715193,1
qwen14B-int4_retail_50runs,bf16,0f083d05-23c6-4d28-a48a-5e3c91c3862e,22,46,agent,191,24,0.19580895623392505,0.16709946510056434,0.7807266917079687,0.8729583640450773,1
qwen14B-int4_retail_50runs,bf16,0f083d05-23c6-4d28-a48a-5e3c91c3862e,24,46,agent,109,15,0.17337808672454902,0.17481215114033374,0.7588128780325254,0.8894070723150885,1
qwen14B-int4_retail_50runs,bf16,0f083d05-23c6-4d28-a48a-5e3c91c3862e,26,46,agent,102,24,0.3565573723741124,0.37671215131228414,0.9172040127838651,0.7952539375222647,1
qwen14B-int4_retail_50runs,bf16,0f083d05-23c6-4d28-a48a-5e3c91c3862e,28,46,agent,132,32,0.30531922827559277,0.3012768226379739,0.6210209117271006,0.8042751666417697,1
qwen14B-int4_retail_50runs,bf16,0f083d05-23c6-4d28-a48a-5e3c91c3862e,30,46,agent,127,10,0.17251281581057368,0.12839266961339138,0.8738433793187141,0.8855826710105602,1
qwen14B-int4_retail_50runs,bf16,0f083d05-23c6-4d28-a48a-5e3c91c3862e,32,46,agent,112,21,0.29690646963761946,0.2776595148620181,0.7872420052687327,0.8085674405448374,1
qwen14B-int4_retail_50runs,bf16,0f083d05-23c6-4d28-a48a-5e3c91c3862e,34,46,agent,217,28,0.3468538759825347,0.41888941710985145,1.9904108654175485,0.8822025588555436,1
qwen14B-int4_retail_50runs,bf16,0f083d05-23c6-4d28-a48a-5e3c91c3862e,36,46,agent,84,23,0.9871785310998836,1.075554623318764,2.7433014803606532,0.7114402409493363,1
qwen14B-int4_retail_50runs,bf16,0f083d05-23c6-4d28-a48a-5e3c91c3862e,38,46,agent,87,17,0.28750633915967944,0.258418886349132,0.7563046817393864,0.8562767986897962,1
qwen14B-int4_retail_50runs,bf16,0f083d05-23c6-4d28-a48a-5e3c91c3862e,40,46,agent,246,33,0.2581156864361272,0.24845020411715632,1.131291008808396,0.8818878396397106,1
qwen14B-int4_retail_50runs,bf16,0f083d05-23c6-4d28-a48a-5e3c91c3862e,42,46,agent,95,1,0.01926974699663378,0.0220898793410574,1.3135313987731934,0.9870387321142703,1
qwen14B-int4_retail_50runs,bf16,0f083d05-23c6-4d28-a48a-5e3c91c3862e,44,46,agent,257,17,0.13502760261663405,0.1024929620783187,0.9490029040504905,0.9238733521508478,1
qwen14B-int4_retail_50runs,bf16,032f1145-941d-421d-b9e5-36f035e561a5,2,30,agent,77,25,1.8883547542058245,2.3429643303602354,3.0670909360051155,0.5671217713059554,1
qwen14B-int4_retail_50runs,bf16,032f1145-941d-421d-b9e5-36f035e561a5,4,30,agent,75,19,3.3361641197327434,3.1891242360581353,6.5486810238737805,0.4850083341742759,1
qwen14B-int4_retail_50runs,bf16,032f1145-941d-421d-b9e5-36f035e561a5,6,30,agent,62,15,0.7258931197921552,0.9139530808285599,1.7407753020524979,0.7243392792746441,1
qwen14B-int4_retail_50runs,bf16,032f1145-941d-421d-b9e5-36f035e561a5,8,30,agent,55,18,0.744536015018457,0.9679003498693477,1.5242659623424213,0.63787451976007,1
qwen14B-int4_retail_50runs,bf16,032f1145-941d-421d-b9e5-36f035e561a5,10,30,agent,34,15,1.9185177092535606,2.7303939763876857,3.6286844074726106,0.5260676513211499,1
qwen14B-int4_retail_50runs,bf16,032f1145-941d-421d-b9e5-36f035e561a5,12,30,agent,112,19,0.40902865740504907,0.3722284364058859,1.2576006356822818,0.795874528224326,1
qwen14B-int4_retail_50runs,bf16,032f1145-941d-421d-b9e5-36f035e561a5,14,30,agent,43,13,0.30392544574833874,0.26747336983680725,0.5295182122634008,0.7903955814242684,1
qwen14B-int4_retail_50runs,bf16,032f1145-941d-421d-b9e5-36f035e561a5,16,30,agent,255,33,0.30026022305986944,0.24616210151503348,1.2126307528127322,0.8406491478994923,1
qwen14B-int4_retail_50runs,bf16,032f1145-941d-421d-b9e5-36f035e561a5,18,30,agent,84,13,0.16245621731821727,0.1498944537051503,0.521730546767895,0.8765740363408548,1
qwen14B-int4_retail_50runs,bf16,032f1145-941d-421d-b9e5-36f035e561a5,20,30,agent,69,6,0.20621481996912547,0.1667352415495852,0.9651973098516464,0.8715085513821259,1
qwen14B-int4_retail_50runs,bf16,032f1145-941d-421d-b9e5-36f035e561a5,22,30,agent,206,26,0.22865340771713052,0.2016471256015706,1.0564512229309633,0.8673697809328581,1
qwen14B-int4_retail_50runs,bf16,032f1145-941d-421d-b9e5-36f035e561a5,24,30,agent,116,19,0.28373263967049506,0.29770724592129444,1.2575541271975166,0.8853843207221004,1
qwen14B-int4_retail_50runs,bf16,032f1145-941d-421d-b9e5-36f035e561a5,26,30,agent,413,32,0.15801696667983633,0.12884927945754676,1.0476241162978113,0.9175113593469582,1
qwen14B-int4_retail_50runs,bf16,032f1145-941d-421d-b9e5-36f035e561a5,28,30,agent,302,32,0.17616331874093596,0.16510478101440976,0.7507692475337535,0.8943211488990496,1
qwen14B-int4_retail_50runs,bf16,243d4ea7-cad6-4a97-b79b-a910c6f574f6,2,32,agent,86,29,2.2131497357383925,2.912202679547709,3.817209530493309,0.5453259578991946,0
qwen14B-int4_retail_50runs,bf16,243d4ea7-cad6-4a97-b79b-a910c6f574f6,4,32,agent,74,19,3.3082000259375035,3.1813420091737794,6.222989223505321,0.48221300293430425,0
qwen14B-int4_retail_50runs,bf16,243d4ea7-cad6-4a97-b79b-a910c6f574f6,6,32,agent,53,16,0.8172793002119656,0.8456111242018277,1.3578786496073008,0.648232795716322,0
qwen14B-int4_retail_50runs,bf16,243d4ea7-cad6-4a97-b79b-a910c6f574f6,8,32,agent,75,14,0.3951841954647656,0.3585418262109191,0.7396468254072326,0.776773304850432,0
qwen14B-int4_retail_50runs,bf16,243d4ea7-cad6-4a97-b79b-a910c6f574f6,10,32,agent,116,33,0.5483321667315731,0.5251151217000017,0.9425551755861803,0.6935194051101208,0
qwen14B-int4_retail_50runs,bf16,243d4ea7-cad6-4a97-b79b-a910c6f574f6,12,32,agent,61,14,3.7558731073692684,3.56111430298997,7.735962317458221,0.4180744357112439,0
qwen14B-int4_retail_50runs,bf16,243d4ea7-cad6-4a97-b79b-a910c6f574f6,14,32,agent,100,33,0.5968887582018941,0.7659454961193644,1.153085394339128,0.6846886819948884,0
qwen14B-int4_retail_50runs,bf16,243d4ea7-cad6-4a97-b79b-a910c6f574f6,16,32,agent,122,33,0.396206577993547,0.3956832102213609,0.8770826269279827,0.7882732634694927,0
qwen14B-int4_retail_50runs,bf16,243d4ea7-cad6-4a97-b79b-a910c6f574f6,18,32,agent,128,26,0.5437542735578533,0.49189893355668624,1.3493033074415648,0.7464922065916226,0
qwen14B-int4_retail_50runs,bf16,243d4ea7-cad6-4a97-b79b-a910c6f574f6,20,32,agent,98,15,0.5427139866843721,0.4915162390113594,2.023779000341892,0.8123952827943138,0
qwen14B-int4_retail_50runs,bf16,243d4ea7-cad6-4a97-b79b-a910c6f574f6,22,32,agent,127,24,0.48307957605162355,0.42063819248885015,1.048921615506212,0.759376665376267,0
qwen14B-int4_retail_50runs,bf16,243d4ea7-cad6-4a97-b79b-a910c6f574f6,24,32,agent,143,27,0.31481349844198836,0.339927384793306,0.833698022696707,0.8127580937746673,0
qwen14B-int4_retail_50runs,bf16,243d4ea7-cad6-4a97-b79b-a910c6f574f6,26,32,agent,211,53,0.4014643355792502,0.473209190652751,0.9281653640967495,0.7610072789629121,0
qwen14B-int4_retail_50runs,bf16,243d4ea7-cad6-4a97-b79b-a910c6f574f6,28,32,agent,270,49,0.2735462017431506,0.2911221200085494,0.7143024967945352,0.819721006162544,0
qwen14B-int4_retail_50runs,bf16,243d4ea7-cad6-4a97-b79b-a910c6f574f6,30,32,agent,318,54,0.21508612905128363,0.23343772346717637,0.6932751602596707,0.859532946345905,0
qwen14B-int4_retail_50runs,bf16,782162b3-cbcb-42d9-9f26-8e43b99a5a8e,2,34,agent,75,27,2.4758004744034605,3.2920210839629513,4.619247751655402,0.5266052963723771,1
qwen14B-int4_retail_50runs,bf16,782162b3-cbcb-42d9-9f26-8e43b99a5a8e,4,34,agent,72,19,3.437293641904864,3.281586544658729,6.570453746538413,0.5099606784875851,1
qwen14B-int4_retail_50runs,bf16,782162b3-cbcb-42d9-9f26-8e43b99a5a8e,6,34,agent,81,16,0.8439679269626642,1.1019472751597685,2.947089221328497,0.73990701331424,1
qwen14B-int4_retail_50runs,bf16,782162b3-cbcb-42d9-9f26-8e43b99a5a8e,8,34,agent,43,14,0.8540818228018928,1.026285204575218,1.7713551255209106,0.7003583688913888,1
qwen14B-int4_retail_50runs,bf16,782162b3-cbcb-42d9-9f26-8e43b99a5a8e,10,34,agent,125,37,0.6384803602665704,0.6579604187995103,1.1935082098116745,0.6802312617543567,1
qwen14B-int4_retail_50runs,bf16,782162b3-cbcb-42d9-9f26-8e43b99a5a8e,12,34,agent,59,17,3.8408052482539072,3.710847372098493,8.048330961781389,0.4724975006163821,1
qwen14B-int4_retail_50runs,bf16,782162b3-cbcb-42d9-9f26-8e43b99a5a8e,14,34,agent,219,28,0.19954982013071285,0.1684162791026393,0.7505477720073291,0.8709897659177647,1
qwen14B-int4_retail_50runs,bf16,782162b3-cbcb-42d9-9f26-8e43b99a5a8e,16,34,agent,133,25,0.5783992088281074,0.555337475252327,1.8849105805158615,0.7593100632430344,1
qwen14B-int4_retail_50runs,bf16,782162b3-cbcb-42d9-9f26-8e43b99a5a8e,18,34,agent,111,15,0.3035071422312255,0.2186451125178021,0.9195735156536102,0.828840269920235,1
qwen14B-int4_retail_50runs,bf16,782162b3-cbcb-42d9-9f26-8e43b99a5a8e,20,34,agent,186,44,0.4337400055647631,0.4355110786281959,1.0183329563587904,0.763065283374729,1
qwen14B-int4_retail_50runs,bf16,782162b3-cbcb-42d9-9f26-8e43b99a5a8e,22,34,agent,226,38,0.33005699405921923,0.2983395331778081,1.0387113631555909,0.8347355405795231,1
qwen14B-int4_retail_50runs,bf16,782162b3-cbcb-42d9-9f26-8e43b99a5a8e,24,34,agent,306,57,0.28846107716028074,0.28580583102929624,0.8038479134178999,0.8255792063117658,1
qwen14B-int4_retail_50runs,bf16,782162b3-cbcb-42d9-9f26-8e43b99a5a8e,26,34,agent,121,20,0.32256091144544174,0.27175632971461744,1.0838155277073382,0.8604279503216207,1
qwen14B-int4_retail_50runs,bf16,782162b3-cbcb-42d9-9f26-8e43b99a5a8e,28,34,agent,74,7,0.21390620186869702,0.21309829535740613,1.3418657268796648,0.8976847453648713,1
qwen14B-int4_retail_50runs,bf16,782162b3-cbcb-42d9-9f26-8e43b99a5a8e,30,34,agent,142,10,0.3628854625746479,0.2643297776607149,1.473426102101803,0.8649854303384616,1
qwen14B-int4_retail_50runs,bf16,782162b3-cbcb-42d9-9f26-8e43b99a5a8e,32,34,agent,45,4,0.14321122005447728,0.1982387270211842,0.6268009096384048,0.9047814647562382,1
qwen14B-int4_retail_50runs,bf16,fd27577f-9382-4326-9b88-ef406386ea21,2,54,agent,72,23,2.16957586638504,2.9056712162601634,4.549677233333173,0.5150004934374157,1
qwen14B-int4_retail_50runs,bf16,fd27577f-9382-4326-9b88-ef406386ea21,4,54,agent,74,20,3.463080973522325,3.3166667391463722,6.266852213442325,0.4889551693561037,1
qwen14B-int4_retail_50runs,bf16,fd27577f-9382-4326-9b88-ef406386ea21,6,54,agent,101,29,1.0853327719749593,1.4152469871854914,3.003343915887948,0.6988871416124496,1
qwen14B-int4_retail_50runs,bf16,fd27577f-9382-4326-9b88-ef406386ea21,8,54,agent,272,43,1.5551117461954354,1.5164955001236373,4.64507868885994,0.6573335640190254,1
qwen14B-int4_retail_50runs,bf16,fd27577f-9382-4326-9b88-ef406386ea21,12,54,agent,73,14,0.6905307589128065,0.8624679198422577,1.847628400261913,0.7189806580917496,1
qwen14B-int4_retail_50runs,bf16,fd27577f-9382-4326-9b88-ef406386ea21,14,54,agent,274,19,1.088601891672973,1.0163015664383166,6.68412221968174,0.7824777073135621,1
qwen14B-int4_retail_50runs,bf16,fd27577f-9382-4326-9b88-ef406386ea21,18,54,agent,75,14,0.4802269718760846,0.4598111136142091,0.7181458558355059,0.7487825338358428,1
qwen14B-int4_retail_50runs,bf16,fd27577f-9382-4326-9b88-ef406386ea21,20,54,agent,59,19,0.6134883420301381,0.7536768097839902,1.3053590274955098,0.7344143679786743,1
qwen14B-int4_retail_50runs,bf16,fd27577f-9382-4326-9b88-ef406386ea21,22,54,agent,68,18,0.5197522884224836,0.4666093426335571,0.8523102154334387,0.7289497244767276,1
qwen14B-int4_retail_50runs,bf16,fd27577f-9382-4326-9b88-ef406386ea21,24,54,agent,108,23,0.6183566467385221,0.584326459896343,1.3581627872974977,0.7172354956540024,1
qwen14B-int4_retail_50runs,bf16,fd27577f-9382-4326-9b88-ef406386ea21,26,54,agent,60,14,3.69051321860637,3.5001470623019815,7.738452918827534,0.4665910719200775,1
qwen14B-int4_retail_50runs,bf16,fd27577f-9382-4326-9b88-ef406386ea21,28,54,agent,134,21,0.39820650407104,0.43527483878158824,1.3500477245875768,0.8053051632925339,1
qwen14B-int4_retail_50runs,bf16,fd27577f-9382-4326-9b88-ef406386ea21,30,54,agent,69,13,0.6068009154561959,0.7372852606626328,2.149588841658372,0.7927678911140312,1
qwen14B-int4_retail_50runs,bf16,fd27577f-9382-4326-9b88-ef406386ea21,32,54,agent,65,14,0.2910232375581889,0.2770972704919664,0.6751195990613529,0.8075581529144411,1
qwen14B-int4_retail_50runs,bf16,fd27577f-9382-4326-9b88-ef406386ea21,34,54,agent,106,22,0.4157577650897937,0.49058939406015384,1.2091308249668642,0.7680253332778827,1
qwen14B-int4_retail_50runs,bf16,fd27577f-9382-4326-9b88-ef406386ea21,36,54,agent,98,29,0.44286495801912545,0.5115543450482669,0.8073894422629784,0.74247088712189,1
qwen14B-int4_retail_50runs,bf16,fd27577f-9382-4326-9b88-ef406386ea21,38,54,agent,79,20,0.297392848218865,0.3090256642505752,0.4502740167081356,0.8039093702556674,1
qwen14B-int4_retail_50runs,bf16,fd27577f-9382-4326-9b88-ef406386ea21,40,54,agent,80,8,0.22245108415277715,0.16284687301621886,0.5294504128396511,0.8543054712489431,1
qwen14B-int4_retail_50runs,bf16,fd27577f-9382-4326-9b88-ef406386ea21,42,54,agent,112,27,0.3399767121401018,0.3390604416754269,0.7253785202348674,0.776997121944399,1
qwen14B-int4_retail_50runs,bf16,fd27577f-9382-4326-9b88-ef406386ea21,44,54,agent,96,19,0.3646175812395878,0.3451353173914413,0.9119631016724988,0.7728721022430355,1
qwen14B-int4_retail_50runs,bf16,fd27577f-9382-4326-9b88-ef406386ea21,46,54,agent,115,9,0.1405491502189671,0.13659210379209952,0.7398638427257538,0.9124462407774689,1
qwen14B-int4_retail_50runs,bf16,fd27577f-9382-4326-9b88-ef406386ea21,48,54,agent,152,18,0.37561316144943174,0.47559432823095926,2.160085320058796,0.8634816870968589,1
qwen14B-int4_retail_50runs,bf16,fd27577f-9382-4326-9b88-ef406386ea21,50,54,agent,46,11,0.5066313524755404,0.5544431532740186,0.7269770028916273,0.7541042691029882,1
qwen14B-int4_retail_50runs,bf16,fd27577f-9382-4326-9b88-ef406386ea21,52,54,agent,18,2,3.5616553591401234,2.479990716312528,6.830822467803955,0.606237697113486,1
qwen14B-int4_retail_50runs,bf16,4eb9b777-7328-46e8-94e6-38bd7094ea82,2,12,agent,36,12,2.9571421386352506,4.093641781557648,6.0383479197820025,0.503813959222509,1
qwen14B-int4_retail_50runs,bf16,4eb9b777-7328-46e8-94e6-38bd7094ea82,4,12,agent,74,22,0.855226536781953,1.1303885698743568,2.1059604216028345,0.6864242240876876,1
qwen14B-int4_retail_50runs,bf16,4eb9b777-7328-46e8-94e6-38bd7094ea82,6,12,agent,130,40,0.7767976810361115,0.9126368213416095,1.5663261665031314,0.6587905171647043,1
qwen14B-int4_retail_50runs,bf16,4eb9b777-7328-46e8-94e6-38bd7094ea82,8,12,agent,71,20,3.5987831310298084,3.7026684485178167,6.537819390371442,0.42843075902089395,1
qwen14B-int4_retail_50runs,bf16,4eb9b777-7328-46e8-94e6-38bd7094ea82,10,12,agent,18,2,3.0463165854436616,1.768635620765611,4.3547141551971436,0.5924593653803572,1
qwen14B-int4_retail_50runs,bf16,a0ad3af6-0bcf-4313-8763-9314bd89a510,2,46,agent,103,31,1.8099727421490501,2.674093052571119,4.294577627172393,0.6458152339256126,1
qwen14B-int4_retail_50runs,bf16,a0ad3af6-0bcf-4313-8763-9314bd89a510,4,46,agent,73,20,3.4814978951511,3.2782327960126514,6.054885117709636,0.4862201907745329,1
qwen14B-int4_retail_50runs,bf16,a0ad3af6-0bcf-4313-8763-9314bd89a510,6,46,agent,53,14,0.6938822529531301,0.8712176418345233,1.0946209473269326,0.6719794446097355,1
qwen14B-int4_retail_50runs,bf16,a0ad3af6-0bcf-4313-8763-9314bd89a510,8,46,agent,54,17,0.767255008079082,0.8754318649334323,1.2408804306212593,0.6481046832651669,1
qwen14B-int4_retail_50runs,bf16,a0ad3af6-0bcf-4313-8763-9314bd89a510,10,46,agent,28,6,0.6316598430204365,0.8464356788339256,1.3272651880979538,0.7378633735967053,1
qwen14B-int4_retail_50runs,bf16,a0ad3af6-0bcf-4313-8763-9314bd89a510,12,46,agent,59,25,0.7186411190832278,0.8720534944372239,1.1328295058012008,0.6085147279744567,1
qwen14B-int4_retail_50runs,bf16,a0ad3af6-0bcf-4313-8763-9314bd89a510,14,46,agent,75,17,0.2802506264173462,0.24504631569748198,0.5712788595872766,0.8188167041695305,1
qwen14B-int4_retail_50runs,bf16,a0ad3af6-0bcf-4313-8763-9314bd89a510,16,46,agent,67,9,0.2074256320204647,0.2211151813261383,0.8286922756168578,0.8670307250992619,1
qwen14B-int4_retail_50runs,bf16,a0ad3af6-0bcf-4313-8763-9314bd89a510,18,46,agent,123,17,0.43742548113938046,0.3270921923985589,1.3957954215652801,0.8314173651981154,1
qwen14B-int4_retail_50runs,bf16,a0ad3af6-0bcf-4313-8763-9314bd89a510,20,46,agent,136,38,0.8634721317217983,1.14200266045146,1.8387583170674349,0.6721347261551438,1
qwen14B-int4_retail_50runs,bf16,a0ad3af6-0bcf-4313-8763-9314bd89a510,22,46,agent,195,35,0.4422115004697033,0.5725282611237197,1.6343691161700657,0.7970690674261234,1
qwen14B-int4_retail_50runs,bf16,a0ad3af6-0bcf-4313-8763-9314bd89a510,24,46,agent,141,21,0.3435487569386722,0.41444663095042894,1.1508039101248695,0.841802361043527,1
qwen14B-int4_retail_50runs,bf16,a0ad3af6-0bcf-4313-8763-9314bd89a510,26,46,agent,151,17,0.2497545596126282,0.35790659912161543,1.5750610372599434,0.8872626140155573,1
qwen14B-int4_retail_50runs,bf16,a0ad3af6-0bcf-4313-8763-9314bd89a510,28,46,agent,79,13,0.471570892404611,0.5391275585365287,1.0069546149327204,0.8243318763401428,1
qwen14B-int4_retail_50runs,bf16,a0ad3af6-0bcf-4313-8763-9314bd89a510,30,46,agent,96,19,0.2554104465990366,0.35975962248531146,0.8455378185761603,0.8374635388629302,1
qwen14B-int4_retail_50runs,bf16,a0ad3af6-0bcf-4313-8763-9314bd89a510,32,46,agent,138,22,0.21970363880895227,0.20302923151960703,0.6652846305885098,0.8603949029621168,1
qwen14B-int4_retail_50runs,bf16,a0ad3af6-0bcf-4313-8763-9314bd89a510,34,46,agent,176,32,0.2699156253121592,0.2679966835570349,0.5272105913609266,0.8376655514139899,1
qwen14B-int4_retail_50runs,bf16,a0ad3af6-0bcf-4313-8763-9314bd89a510,36,46,agent,180,30,0.3372077185066845,0.3900215034342028,1.1559712320566178,0.8249098252396203,1
qwen14B-int4_retail_50runs,bf16,a0ad3af6-0bcf-4313-8763-9314bd89a510,38,46,agent,116,20,0.25519297325370127,0.2812364069012239,0.8732165273278951,0.8400758681087398,1
qwen14B-int4_retail_50runs,bf16,a0ad3af6-0bcf-4313-8763-9314bd89a510,40,46,agent,53,10,0.2919714368428142,0.4091636464184715,1.089695431292057,0.849364610490626,1
qwen14B-int4_retail_50runs,bf16,a0ad3af6-0bcf-4313-8763-9314bd89a510,42,46,agent,243,27,0.17376822052913812,0.18510279349601358,1.0084299676948123,0.9087924236401643,1
qwen14B-int4_retail_50runs,bf16,a0ad3af6-0bcf-4313-8763-9314bd89a510,44,46,agent,49,8,0.20914638732409802,0.2371762192356755,0.8387083392590284,0.8772678028468415,1
qwen14B-int4_retail_50runs,bf16,04d56ec0-a0b9-435c-be53-a39f73f05d9a,2,52,agent,78,25,2.188438000691914,2.775899939140719,3.7969963902235033,0.5529180645835696,1
qwen14B-int4_retail_50runs,bf16,04d56ec0-a0b9-435c-be53-a39f73f05d9a,4,52,agent,74,21,3.191822437638822,2.977026481149593,5.337455817631313,0.49194674925391413,1
qwen14B-int4_retail_50runs,bf16,04d56ec0-a0b9-435c-be53-a39f73f05d9a,6,52,agent,145,43,0.5734280279885979,0.6881159695629276,1.1185578847693842,0.7048867115295265,1
qwen14B-int4_retail_50runs,bf16,04d56ec0-a0b9-435c-be53-a39f73f05d9a,8,52,agent,60,16,4.0328759003722645,3.798943096201701,7.9480650294572115,0.44739508528021016,1
qwen14B-int4_retail_50runs,bf16,04d56ec0-a0b9-435c-be53-a39f73f05d9a,10,52,agent,116,13,0.16317531513932937,0.1491448677006609,0.7182306228921964,0.898956695763377,1
qwen14B-int4_retail_50runs,bf16,04d56ec0-a0b9-435c-be53-a39f73f05d9a,12,52,agent,59,12,3.413976846305591,3.164926088900518,7.582733616232872,0.4919099244039023,1
qwen14B-int4_retail_50runs,bf16,04d56ec0-a0b9-435c-be53-a39f73f05d9a,14,52,agent,62,11,0.4200963551696209,0.4012467905985358,1.2725420526482842,0.7798093325216534,1
qwen14B-int4_retail_50runs,bf16,04d56ec0-a0b9-435c-be53-a39f73f05d9a,16,52,agent,141,13,0.1817619964389917,0.13461340843210304,0.34639625480541814,0.8945810413710082,1
qwen14B-int4_retail_50runs,bf16,04d56ec0-a0b9-435c-be53-a39f73f05d9a,18,52,agent,102,13,0.1650143637567273,0.13559538012563785,0.6725624421468148,0.8898081734548091,1
qwen14B-int4_retail_50runs,bf16,04d56ec0-a0b9-435c-be53-a39f73f05d9a,20,52,agent,181,21,0.23211932736405563,0.1858140676659947,0.8736332207918167,0.8787264515913641,1
qwen14B-int4_retail_50runs,bf16,04d56ec0-a0b9-435c-be53-a39f73f05d9a,22,52,agent,96,28,0.8636696919804946,0.9673233035161518,1.5667402951845102,0.6303887953069157,1
qwen14B-int4_retail_50runs,bf16,04d56ec0-a0b9-435c-be53-a39f73f05d9a,24,52,agent,94,19,2.4272864420443905,2.2946159196237854,6.337720784701799,0.6125141388746078,1
qwen14B-int4_retail_50runs,bf16,04d56ec0-a0b9-435c-be53-a39f73f05d9a,26,52,agent,97,16,0.3350810718730362,0.30738887414419286,0.8362228637561202,0.8008416601417458,1
qwen14B-int4_retail_50runs,bf16,04d56ec0-a0b9-435c-be53-a39f73f05d9a,28,52,agent,62,11,0.2692887026290322,0.3129740773490105,0.8717752139676701,0.8237275036192082,1
qwen14B-int4_retail_50runs,bf16,04d56ec0-a0b9-435c-be53-a39f73f05d9a,30,52,agent,105,13,0.1668615400739754,0.148501682844802,0.594940687601383,0.8851833932764352,1
qwen14B-int4_retail_50runs,bf16,04d56ec0-a0b9-435c-be53-a39f73f05d9a,32,52,agent,122,10,0.14203639440241558,0.09487120391012868,0.7685070276260376,0.9090497554835967,1
qwen14B-int4_retail_50runs,bf16,04d56ec0-a0b9-435c-be53-a39f73f05d9a,34,52,agent,149,15,0.17044309690959852,0.1450427535873677,0.8415485739707946,0.8897488402095346,1
qwen14B-int4_retail_50runs,bf16,04d56ec0-a0b9-435c-be53-a39f73f05d9a,36,52,agent,197,21,0.17588948365361895,0.17458880253527517,0.7280629671045712,0.8947312311373061,1
qwen14B-int4_retail_50runs,bf16,04d56ec0-a0b9-435c-be53-a39f73f05d9a,38,52,agent,79,13,0.5929961993990818,0.5017293090864996,1.6130386751431685,0.8063072389625439,1
qwen14B-int4_retail_50runs,bf16,04d56ec0-a0b9-435c-be53-a39f73f05d9a,40,52,agent,67,13,3.0841373187426853,2.852916733236083,8.006209309284504,0.52585412847651,1
qwen14B-int4_retail_50runs,bf16,04d56ec0-a0b9-435c-be53-a39f73f05d9a,42,52,agent,96,5,0.09353183982432411,0.05639012169292909,0.44741834700107574,0.9420574550548854,1
qwen14B-int4_retail_50runs,bf16,04d56ec0-a0b9-435c-be53-a39f73f05d9a,44,52,agent,65,10,3.1230567607671174,2.91207656419851,10.386802554130554,0.5800555676886718,1
qwen14B-int4_retail_50runs,bf16,04d56ec0-a0b9-435c-be53-a39f73f05d9a,46,52,agent,99,9,0.11308413217838104,0.1451777270072386,1.0571427312162187,0.9421442380134157,1
qwen14B-int4_retail_50runs,bf16,04d56ec0-a0b9-435c-be53-a39f73f05d9a,48,52,agent,95,13,2.0999901386200537,1.9092481127236258,6.669518761909925,0.6524010848887313,1
qwen14B-int4_retail_50runs,bf16,04d56ec0-a0b9-435c-be53-a39f73f05d9a,50,52,agent,152,18,0.224070414089528,0.17843846737338806,0.8687374898129039,0.8960544755774159,1
qwen14B-int4_retail_50runs,bf16,003fed17-8eb2-41fc-9d14-e76d51a40da1,2,24,agent,42,15,2.25824745412024,3.3559903302714864,3.8986515005429587,0.5169726734525917,1
qwen14B-int4_retail_50runs,bf16,003fed17-8eb2-41fc-9d14-e76d51a40da1,4,24,agent,44,14,1.060427479394584,1.0481692325839977,1.2176649964281492,0.538222158198423,1
qwen14B-int4_retail_50runs,bf16,003fed17-8eb2-41fc-9d14-e76d51a40da1,6,24,agent,72,15,2.825446479303066,2.6355596656003497,7.277415533860524,0.5951341885391849,1
qwen14B-int4_retail_50runs,bf16,003fed17-8eb2-41fc-9d14-e76d51a40da1,8,24,agent,82,28,0.7034020863567972,0.9714586365954574,1.1151364826198136,0.664356926239916,1
qwen14B-int4_retail_50runs,bf16,003fed17-8eb2-41fc-9d14-e76d51a40da1,10,24,agent,66,25,0.8754853071427946,1.0617804528359556,1.4755543783307075,0.5861662412413629,1
qwen14B-int4_retail_50runs,bf16,003fed17-8eb2-41fc-9d14-e76d51a40da1,12,24,agent,96,21,0.3848364530079241,0.4273778174132469,1.1732133215381986,0.7806207333726342,1
qwen14B-int4_retail_50runs,bf16,003fed17-8eb2-41fc-9d14-e76d51a40da1,14,24,agent,57,14,3.4898438020068436,3.2615800569464186,7.8052491801125665,0.4905188179794775,1
qwen14B-int4_retail_50runs,bf16,003fed17-8eb2-41fc-9d14-e76d51a40da1,16,24,agent,83,17,0.49332827238969124,0.5033332507305421,1.0099758974769537,0.748472809084811,1
qwen14B-int4_retail_50runs,bf16,003fed17-8eb2-41fc-9d14-e76d51a40da1,18,24,agent,97,16,0.3687634489465567,0.41631940765242614,1.0804009977728128,0.8289202152123103,1
qwen14B-int4_retail_50runs,bf16,003fed17-8eb2-41fc-9d14-e76d51a40da1,20,24,agent,102,18,2.122643555487288,1.9887358921722489,6.666923155387242,0.7056664351054106,1
qwen14B-int4_retail_50runs,bf16,003fed17-8eb2-41fc-9d14-e76d51a40da1,22,24,agent,62,5,0.231754987101755,0.1655164725768786,0.5127439796924591,0.8989488204974853,1
qwen14B-int4_retail_50runs,bf16,f95e5f31-7650-49d1-aedf-3a92dd1e1680,2,48,agent,74,18,3.6240075201944135,3.4690803854489767,7.1120271318488655,0.46892013017183604,1
qwen14B-int4_retail_50runs,bf16,f95e5f31-7650-49d1-aedf-3a92dd1e1680,4,48,agent,69,23,1.1486871436679107,1.313405557693362,1.7041580988013225,0.5782842084123496,1
qwen14B-int4_retail_50runs,bf16,f95e5f31-7650-49d1-aedf-3a92dd1e1680,6,48,agent,113,23,2.721124431557188,2.649431473369234,6.347064222978509,0.4958874942447313,1
qwen14B-int4_retail_50runs,bf16,f95e5f31-7650-49d1-aedf-3a92dd1e1680,9,48,agent,76,22,0.5175435298031488,0.5862827498070933,1.0977081168781628,0.7050862734960557,1
qwen14B-int4_retail_50runs,bf16,f95e5f31-7650-49d1-aedf-3a92dd1e1680,11,48,agent,58,12,3.305773698050477,3.0735254157674037,8.207252234220505,0.49064620725557745,1
qwen14B-int4_retail_50runs,bf16,f95e5f31-7650-49d1-aedf-3a92dd1e1680,13,48,agent,126,40,0.6827137006656856,0.6641816861970815,0.9033444479107857,0.6533920035260307,1
qwen14B-int4_retail_50runs,bf16,f95e5f31-7650-49d1-aedf-3a92dd1e1680,15,48,agent,107,18,0.21510265204270798,0.20707117852250936,0.7525835475987859,0.8648586423953515,1
qwen14B-int4_retail_50runs,bf16,f95e5f31-7650-49d1-aedf-3a92dd1e1680,17,48,agent,154,35,0.43114196848590436,0.4835588267877299,1.135754118008273,0.777074412070512,1
qwen14B-int4_retail_50runs,bf16,f95e5f31-7650-49d1-aedf-3a92dd1e1680,19,48,agent,352,51,0.36626311752957547,0.3174576806673673,1.4385591759985568,0.8417177755313461,1
qwen14B-int4_retail_50runs,bf16,f95e5f31-7650-49d1-aedf-3a92dd1e1680,21,48,agent,199,37,0.34790684214333806,0.27452515497152663,0.9858875971388172,0.8195897751134157,1
qwen14B-int4_retail_50runs,bf16,f95e5f31-7650-49d1-aedf-3a92dd1e1680,23,48,agent,108,21,2.192121959749029,2.073855394872382,6.471827359426589,0.653256471784107,1
qwen14B-int4_retail_50runs,bf16,f95e5f31-7650-49d1-aedf-3a92dd1e1680,25,48,agent,60,18,0.9602046809052477,1.259457442396328,1.949270526568095,0.6803582910766882,1
qwen14B-int4_retail_50runs,bf16,f95e5f31-7650-49d1-aedf-3a92dd1e1680,28,48,agent,88,19,0.4341534380445296,0.44878573118899034,1.1578206176820554,0.7617687717444013,1
qwen14B-int4_retail_50runs,bf16,f95e5f31-7650-49d1-aedf-3a92dd1e1680,30,48,agent,110,26,0.4662470259103798,0.48482642364465645,1.2412103792795768,0.74620597501157,1
qwen14B-int4_retail_50runs,bf16,f95e5f31-7650-49d1-aedf-3a92dd1e1680,32,48,agent,98,9,2.1811104264207506,1.9903025457127959,10.2324341668023,0.6911351062380074,1
qwen14B-int4_retail_50runs,bf16,f95e5f31-7650-49d1-aedf-3a92dd1e1680,34,48,agent,134,31,0.3221996093983972,0.3535950119887943,0.7843122931738054,0.7972584507667589,1
qwen14B-int4_retail_50runs,bf16,f95e5f31-7650-49d1-aedf-3a92dd1e1680,36,48,agent,128,30,0.8874155436885449,0.9896292339874264,2.02760492960612,0.7271070599692235,1
qwen14B-int4_retail_50runs,bf16,f95e5f31-7650-49d1-aedf-3a92dd1e1680,38,48,agent,65,14,2.95921720794683,2.8192157734357615,7.542287524789572,0.5404792530263375,1
qwen14B-int4_retail_50runs,bf16,f95e5f31-7650-49d1-aedf-3a92dd1e1680,40,48,agent,105,20,0.3011569777342533,0.33968318578545703,0.914293411001563,0.8192412803603882,1
qwen14B-int4_retail_50runs,bf16,f95e5f31-7650-49d1-aedf-3a92dd1e1680,42,48,agent,161,19,0.24229080729178082,0.20123308461259246,0.8994587902960024,0.8554008451917163,1
qwen14B-int4_retail_50runs,bf16,f95e5f31-7650-49d1-aedf-3a92dd1e1680,44,48,agent,295,48,0.34525258871438597,0.35458052423182845,1.1497232262045145,0.8323181514933184,1
qwen14B-int4_retail_50runs,bf16,f95e5f31-7650-49d1-aedf-3a92dd1e1680,46,48,agent,482,28,0.10869233662792106,0.0856562460321301,0.6995030173233577,0.9341541118418257,1
qwen14B-int4_retail_50runs,bf16,2aa28f78-37e6-45c0-8f76-66cc05777eb8,2,36,agent,198,55,0.8886837951280212,0.9627053379803047,1.8890488980845972,0.6748467899088547,1
qwen14B-int4_retail_50runs,bf16,2aa28f78-37e6-45c0-8f76-66cc05777eb8,4,36,agent,60,17,4.280952106474021,4.0262524368004335,7.899771497530096,0.42352905145009995,1
qwen14B-int4_retail_50runs,bf16,2aa28f78-37e6-45c0-8f76-66cc05777eb8,6,36,agent,40,11,1.5404519076354517,2.0565236612769695,3.849441297352314,0.5778790902016089,1
qwen14B-int4_retail_50runs,bf16,2aa28f78-37e6-45c0-8f76-66cc05777eb8,8,36,agent,73,13,2.915747020664597,2.6576123687909603,8.16317952137727,0.5683310033385006,1
qwen14B-int4_retail_50runs,bf16,2aa28f78-37e6-45c0-8f76-66cc05777eb8,10,36,agent,83,21,0.5613297987829047,0.642461622470355,1.3973763790868579,0.7513221911441448,1
qwen14B-int4_retail_50runs,bf16,2aa28f78-37e6-45c0-8f76-66cc05777eb8,12,36,agent,59,15,3.657912616283571,3.4137324200399584,7.724407890439034,0.47494544021708096,1
qwen14B-int4_retail_50runs,bf16,2aa28f78-37e6-45c0-8f76-66cc05777eb8,14,36,agent,53,11,0.3277710861134865,0.3140726638255271,0.5761527500369332,0.7914219651917648,1
qwen14B-int4_retail_50runs,bf16,2aa28f78-37e6-45c0-8f76-66cc05777eb8,16,36,agent,178,16,0.4953339878196748,0.49787455223855154,1.5418818593025208,0.8679350904141467,1
qwen14B-int4_retail_50runs,bf16,2aa28f78-37e6-45c0-8f76-66cc05777eb8,18,36,agent,203,36,1.6187178032432499,1.5442820322205135,5.386614799499512,0.6995206840049233,1
qwen14B-int4_retail_50runs,bf16,2aa28f78-37e6-45c0-8f76-66cc05777eb8,21,36,agent,64,14,0.39517988858179853,0.364668756047157,0.8818605159010205,0.7678612360934564,1
qwen14B-int4_retail_50runs,bf16,2aa28f78-37e6-45c0-8f76-66cc05777eb8,23,36,agent,99,12,2.150525142114986,1.9704742415951009,8.194774406651655,0.6666640924895216,1
qwen14B-int4_retail_50runs,bf16,2aa28f78-37e6-45c0-8f76-66cc05777eb8,25,36,agent,90,20,0.49085497355248564,0.5705253035758789,1.3559097189456224,0.7625691686586406,1
qwen14B-int4_retail_50runs,bf16,2aa28f78-37e6-45c0-8f76-66cc05777eb8,27,36,agent,195,23,1.360756926278262,1.2686637383409962,5.636985866919808,0.7587293882883853,1
qwen14B-int4_retail_50runs,bf16,2aa28f78-37e6-45c0-8f76-66cc05777eb8,30,36,agent,81,18,0.6057719479891646,0.5840303030849593,1.363754563861423,0.7206963584938175,1
qwen14B-int4_retail_50runs,bf16,2aa28f78-37e6-45c0-8f76-66cc05777eb8,32,36,agent,65,15,3.5197496715790098,3.1637412942502774,7.548359763622284,0.4949826388766971,1
qwen14B-int4_retail_50runs,bf16,2aa28f78-37e6-45c0-8f76-66cc05777eb8,34,36,agent,87,16,0.3725419009203647,0.4364015882498869,1.3466473347507417,0.8394271690277723,1
qwen14B-int4_retail_50runs,bf16,3f366797-67a0-479e-a62a-81f3752f44be,2,40,agent,141,58,1.6738643795289259,2.139006626164328,2.5341296840844483,0.5281807177514976,1
qwen14B-int4_retail_50runs,bf16,3f366797-67a0-479e-a62a-81f3752f44be,4,40,agent,59,17,3.982125802910253,3.7348540546014113,7.055050196016536,0.43059107325701557,1
qwen14B-int4_retail_50runs,bf16,3f366797-67a0-479e-a62a-81f3752f44be,6,40,agent,55,19,1.202683372858833,1.2682484632948365,1.9386980988477405,0.5502363392010096,1
qwen14B-int4_retail_50runs,bf16,3f366797-67a0-479e-a62a-81f3752f44be,8,40,agent,74,18,2.797773386673878,2.5857236547757014,5.56569271037976,0.5601419134405847,1
qwen14B-int4_retail_50runs,bf16,3f366797-67a0-479e-a62a-81f3752f44be,10,40,agent,61,19,0.5649565983825742,0.7424891191076313,0.9048522699036097,0.720701511464841,1
qwen14B-int4_retail_50runs,bf16,3f366797-67a0-479e-a62a-81f3752f44be,12,40,agent,119,34,0.6716643701838658,0.7502728390626903,1.2414713734213043,0.6806583784513361,1
qwen14B-int4_retail_50runs,bf16,3f366797-67a0-479e-a62a-81f3752f44be,14,40,agent,182,40,0.40036354509069305,0.4484799246286705,0.9056301200762391,0.7680723223451181,1
qwen14B-int4_retail_50runs,bf16,3f366797-67a0-479e-a62a-81f3752f44be,16,40,agent,78,16,0.3493060027583863,0.4620134808686079,1.1972584007307887,0.8144649652873361,1
qwen14B-int4_retail_50runs,bf16,3f366797-67a0-479e-a62a-81f3752f44be,18,40,agent,57,11,3.663529362700928,3.399115272111699,9.502313659949737,0.5035474677308968,1
qwen14B-int4_retail_50runs,bf16,3f366797-67a0-479e-a62a-81f3752f44be,20,40,agent,72,9,0.19877705408670782,0.2387208436976216,0.9339441623952653,0.8801860135328808,1
qwen14B-int4_retail_50runs,bf16,3f366797-67a0-479e-a62a-81f3752f44be,22,40,agent,73,7,0.09958056963735111,0.08204315373196602,0.4299552994115012,0.9334886486869393,1
qwen14B-int4_retail_50runs,bf16,3f366797-67a0-479e-a62a-81f3752f44be,24,40,agent,58,9,3.5963379941307005,3.352319969962746,11.046510934829712,0.5033586029361372,1
qwen14B-int4_retail_50runs,bf16,3f366797-67a0-479e-a62a-81f3752f44be,26,40,agent,89,15,0.27021321275861837,0.3298609709162571,0.9501924837629,0.8507610383150396,1
qwen14B-int4_retail_50runs,bf16,3f366797-67a0-479e-a62a-81f3752f44be,28,40,agent,119,20,0.38794319266106503,0.47297853665635603,1.3428622093051672,0.8240869447687629,1
qwen14B-int4_retail_50runs,bf16,3f366797-67a0-479e-a62a-81f3752f44be,30,40,agent,137,34,1.3030933852707405,1.471028339372888,3.489122551153688,0.6993797984367655,1
qwen14B-int4_retail_50runs,bf16,3f366797-67a0-479e-a62a-81f3752f44be,32,40,agent,122,18,0.2773200839443843,0.2883710940412843,0.6785225768884023,0.8388999233331065,1
qwen14B-int4_retail_50runs,bf16,3f366797-67a0-479e-a62a-81f3752f44be,34,40,agent,115,27,0.9022477542997439,1.192388481940804,2.3663039124674268,0.7190006070809141,1
qwen14B-int4_retail_50runs,bf16,3f366797-67a0-479e-a62a-81f3752f44be,36,40,agent,74,22,3.2109558041518578,3.210917563421568,5.220720904794606,0.5000683687765762,1
qwen14B-int4_retail_50runs,bf16,3f366797-67a0-479e-a62a-81f3752f44be,38,40,agent,18,2,3.786876377469979,2.4527064887770194,7.142642021179199,0.6042052777528649,1
qwen14B-int4_retail_50runs,bf16,005936d1-ef9e-4ce6-a2c0-a9fcf93c54db,2,22,agent,79,23,1.728549776935094,2.1383209099482716,3.7464970155902533,0.5607328528592097,1
qwen14B-int4_retail_50runs,bf16,005936d1-ef9e-4ce6-a2c0-a9fcf93c54db,4,22,agent,117,25,2.7094288843389047,2.5993653228052658,5.4113944625854495,0.47775911494071666,1
qwen14B-int4_retail_50runs,bf16,005936d1-ef9e-4ce6-a2c0-a9fcf93c54db,7,22,agent,126,29,0.929335397725677,1.0007420309284583,2.2270371564503373,0.6602372988483757,1
qwen14B-int4_retail_50runs,bf16,005936d1-ef9e-4ce6-a2c0-a9fcf93c54db,9,22,agent,147,28,1.898856640034053,1.8528796936450334,5.290559978357384,0.6280069825673099,1
qwen14B-int4_retail_50runs,bf16,005936d1-ef9e-4ce6-a2c0-a9fcf93c54db,12,22,agent,69,13,0.5200237610375624,0.5151089338966858,1.2465752500754137,0.7646132519524582,1
qwen14B-int4_retail_50runs,bf16,005936d1-ef9e-4ce6-a2c0-a9fcf93c54db,14,22,agent,61,15,0.5224574825360413,0.5461822097414462,1.2715451180934907,0.7471041692326635,1
qwen14B-int4_retail_50runs,bf16,005936d1-ef9e-4ce6-a2c0-a9fcf93c54db,16,22,agent,102,23,0.4491532841911637,0.42770061894040556,1.166166801167571,0.7556916494381142,1
qwen14B-int4_retail_50runs,bf16,005936d1-ef9e-4ce6-a2c0-a9fcf93c54db,18,22,agent,92,20,0.3881174986441815,0.4472493250341008,1.248331145197153,0.7866898455785001,1
qwen14B-int4_retail_50runs,bf16,005936d1-ef9e-4ce6-a2c0-a9fcf93c54db,20,22,agent,75,16,0.6467619920195494,0.7044985194326796,1.8360478207468987,0.751012109001884,1
qwen14B-int4_retail_50runs,bf16,0423cdbf-983d-4c0f-9e94-554b15a1d897,2,44,agent,97,27,1.830543884801997,1.469232863798075,2.5214871162617647,0.54328875614698,0
qwen14B-int4_retail_50runs,bf16,0423cdbf-983d-4c0f-9e94-554b15a1d897,4,44,agent,37,16,3.3720857631948533,4.713577261063392,5.951750153675675,0.443535512209535,0
qwen14B-int4_retail_50runs,bf16,0423cdbf-983d-4c0f-9e94-554b15a1d897,6,44,agent,77,22,1.1941504543103216,1.4352220070714288,2.783729685978456,0.6471150550945816,0
qwen14B-int4_retail_50runs,bf16,0423cdbf-983d-4c0f-9e94-554b15a1d897,8,44,agent,73,18,2.944494267304134,2.700927607049903,6.2062796536419125,0.5392078160087718,0
qwen14B-int4_retail_50runs,bf16,0423cdbf-983d-4c0f-9e94-554b15a1d897,10,44,agent,58,14,0.4740118101980421,0.5979291975737808,1.2449634735073363,0.7737841506823303,0
qwen14B-int4_retail_50runs,bf16,0423cdbf-983d-4c0f-9e94-554b15a1d897,12,44,agent,99,17,0.5354163071749699,0.5749896018922911,1.5515788517454092,0.7619433972082682,0
qwen14B-int4_retail_50runs,bf16,0423cdbf-983d-4c0f-9e94-554b15a1d897,14,44,agent,29,7,0.5315515390842482,0.790706717105874,1.4950192740985326,0.7790843544677628,0
qwen14B-int4_retail_50runs,bf16,0423cdbf-983d-4c0f-9e94-554b15a1d897,16,44,agent,103,18,0.5130931459729395,0.6765711135478572,1.7518731231490772,0.8032533404178634,0
qwen14B-int4_retail_50runs,bf16,0423cdbf-983d-4c0f-9e94-554b15a1d897,18,44,agent,50,12,0.42287957479763405,0.4364612846103127,1.0968298713366191,0.7822689196308168,0
qwen14B-int4_retail_50runs,bf16,0423cdbf-983d-4c0f-9e94-554b15a1d897,20,44,agent,54,8,0.34518412800135323,0.40098990000926876,0.7680468801409006,0.8261502456206352,0
qwen14B-int4_retail_50runs,bf16,0423cdbf-983d-4c0f-9e94-554b15a1d897,22,44,agent,96,13,0.2847437435976936,0.2363804010029156,0.8024987996770785,0.8263924360544396,0
qwen14B-int4_retail_50runs,bf16,0423cdbf-983d-4c0f-9e94-554b15a1d897,24,44,agent,40,15,1.1293597225612528,0.9783024456787798,1.5914919237295786,0.5891437477771384,0
qwen14B-int4_retail_50runs,bf16,0423cdbf-983d-4c0f-9e94-554b15a1d897,26,44,agent,78,16,0.4633072889879669,0.500673346761441,1.3204287821426988,0.7908556136362447,0
qwen14B-int4_retail_50runs,bf16,0423cdbf-983d-4c0f-9e94-554b15a1d897,28,44,agent,49,20,2.709402190523415,3.545907729122291,5.263285271823406,0.5062387292863907,0
qwen14B-int4_retail_50runs,bf16,0423cdbf-983d-4c0f-9e94-554b15a1d897,30,44,agent,86,23,0.9902592468858601,0.9821781641554093,1.8393459307110829,0.6841730871636592,0
qwen14B-int4_retail_50runs,bf16,0423cdbf-983d-4c0f-9e94-554b15a1d897,32,44,agent,61,20,0.5341072473325597,0.6417895948725335,0.931751748919487,0.7212381645490047,0
qwen14B-int4_retail_50runs,bf16,0423cdbf-983d-4c0f-9e94-554b15a1d897,34,44,agent,72,24,0.45159621194757105,0.5203644834757591,0.7791070199261109,0.7261676613870314,0
qwen14B-int4_retail_50runs,bf16,0423cdbf-983d-4c0f-9e94-554b15a1d897,36,44,agent,80,21,0.3934941580913601,0.4867994267426696,0.9735309126831236,0.7684499470417326,0
qwen14B-int4_retail_50runs,bf16,0423cdbf-983d-4c0f-9e94-554b15a1d897,38,44,agent,132,38,0.42324183315271624,0.5296938937947536,1.015438389229147,0.7745778341508999,0
qwen14B-int4_retail_50runs,bf16,0423cdbf-983d-4c0f-9e94-554b15a1d897,40,44,agent,75,16,0.3952286280619218,0.4284802870856205,1.0887552434578538,0.7830480713676933,0
qwen14B-int4_retail_50runs,bf16,0423cdbf-983d-4c0f-9e94-554b15a1d897,42,44,agent,170,30,0.36747740069998197,0.4244677670119592,1.323019573589166,0.8038360497200373,0
qwen14B-int4_retail_50runs,bf16,2bd50efc-7428-4ab1-a65b-f3d4d9ca8405,2,24,agent,95,29,1.7756646482338,2.3620214304773524,3.6093966292923896,0.5404592235879219,1
qwen14B-int4_retail_50runs,bf16,2bd50efc-7428-4ab1-a65b-f3d4d9ca8405,4,24,agent,60,18,3.9681319886010744,3.7732759366676283,7.114634420308802,0.4826496278388232,1
qwen14B-int4_retail_50runs,bf16,2bd50efc-7428-4ab1-a65b-f3d4d9ca8405,6,24,agent,100,23,0.5420235592152818,0.5086890710844358,1.2398884727255157,0.7657150842618742,1
qwen14B-int4_retail_50runs,bf16,2bd50efc-7428-4ab1-a65b-f3d4d9ca8405,8,24,agent,21,3,0.9240748208858782,1.5507636659947985,2.0775054891904197,0.673358373639582,1
qwen14B-int4_retail_50runs,bf16,2bd50efc-7428-4ab1-a65b-f3d4d9ca8405,10,24,agent,150,32,0.47220633959732095,0.44719526823734956,1.27195507241413,0.7592394449499512,1
qwen14B-int4_retail_50runs,bf16,2bd50efc-7428-4ab1-a65b-f3d4d9ca8405,12,24,agent,155,42,0.7560113278349623,0.8458011897896408,1.5763373358973436,0.6759169441159097,1
qwen14B-int4_retail_50runs,bf16,2bd50efc-7428-4ab1-a65b-f3d4d9ca8405,14,24,agent,105,26,0.9538804782811743,0.991647286128976,1.8211464303044171,0.6537240327497105,1
qwen14B-int4_retail_50runs,bf16,2bd50efc-7428-4ab1-a65b-f3d4d9ca8405,16,24,agent,58,16,3.6640808145215926,3.4195419608138633,6.586481528822333,0.4528442161733109,1
qwen14B-int4_retail_50runs,bf16,2bd50efc-7428-4ab1-a65b-f3d4d9ca8405,18,24,agent,103,19,0.537653386347449,0.5745663530338803,1.199907912235511,0.7680167072544507,1
qwen14B-int4_retail_50runs,bf16,2bd50efc-7428-4ab1-a65b-f3d4d9ca8405,20,24,agent,78,10,2.6300493654057666,2.452632674326807,9.050231885910033,0.5659555197490348,1
qwen14B-int4_retail_50runs,bf16,2bd50efc-7428-4ab1-a65b-f3d4d9ca8405,22,24,agent,90,23,0.3619718426279657,0.3740490513336793,0.7672856239520985,0.789979570296525,1
qwen14B-int4_retail_50runs,bf16,26dd4046-c7be-4167-8a7b-1d2bd0564ce0,2,18,agent,35,12,2.9505176522537244,3.947703905572598,5.29930217564106,0.442011706362562,1
qwen14B-int4_retail_50runs,bf16,26dd4046-c7be-4167-8a7b-1d2bd0564ce0,4,18,agent,127,40,0.6659493078938408,0.8301018291953475,1.3254215314984321,0.6875147391007281,1
qwen14B-int4_retail_50runs,bf16,26dd4046-c7be-4167-8a7b-1d2bd0564ce0,6,18,agent,89,30,0.5220125454242894,0.6097937121733835,0.9054526120424271,0.7118252947140395,1
qwen14B-int4_retail_50runs,bf16,26dd4046-c7be-4167-8a7b-1d2bd0564ce0,8,18,agent,80,9,0.3113903821967937,0.29069085130799815,1.1363234751754336,0.8353298489234481,1
qwen14B-int4_retail_50runs,bf16,26dd4046-c7be-4167-8a7b-1d2bd0564ce0,10,18,agent,147,33,0.4812961824348146,0.45205528678299717,0.8948405168273232,0.7135150563441188,1
qwen14B-int4_retail_50runs,bf16,26dd4046-c7be-4167-8a7b-1d2bd0564ce0,12,18,agent,141,26,0.4140014794828786,0.39271829460554436,1.0565841963084845,0.7854961645402452,1
qwen14B-int4_retail_50runs,bf16,26dd4046-c7be-4167-8a7b-1d2bd0564ce0,14,18,agent,127,22,0.45921016858969066,0.405244563173774,1.1389151256192813,0.769051189904557,1
qwen14B-int4_retail_50runs,bf16,26dd4046-c7be-4167-8a7b-1d2bd0564ce0,16,18,agent,83,16,0.3042347910478924,0.31484808805454373,0.6721846479922533,0.8079086062352495,1
qwen14B-int4_retail_50runs,bf16,0914f922-08c7-4483-a6b2-2736351582e9,2,24,agent,77,27,2.316635692126487,2.756689568715007,3.959330177969403,0.49461833108909065,1
qwen14B-int4_retail_50runs,bf16,0914f922-08c7-4483-a6b2-2736351582e9,4,24,agent,73,19,3.4787497655785344,3.2673590613912786,6.162269112310912,0.48610574184091876,1
qwen14B-int4_retail_50runs,bf16,0914f922-08c7-4483-a6b2-2736351582e9,6,24,agent,93,30,1.0847023106095623,1.2520820623144877,2.1819214041034383,0.6082437582085931,1
qwen14B-int4_retail_50runs,bf16,0914f922-08c7-4483-a6b2-2736351582e9,8,24,agent,82,18,0.48822658765389093,0.5123893891093667,1.1848048211799727,0.7774024102396101,1
qwen14B-int4_retail_50runs,bf16,0914f922-08c7-4483-a6b2-2736351582e9,10,24,agent,33,11,0.9098175321370435,1.2172557248384634,1.8745031031695278,0.6371948200581894,1
qwen14B-int4_retail_50runs,bf16,0914f922-08c7-4483-a6b2-2736351582e9,12,24,agent,132,26,0.4626021168358364,0.4216333488414767,1.4115398655144067,0.8049540617062129,1
qwen14B-int4_retail_50runs,bf16,0914f922-08c7-4483-a6b2-2736351582e9,14,24,agent,94,21,0.8051162439902818,0.7476038401469384,1.4274351447820663,0.6784625958553245,1
qwen14B-int4_retail_50runs,bf16,0914f922-08c7-4483-a6b2-2736351582e9,16,24,agent,100,35,0.8080664199506051,0.957685176866316,1.5563778293984276,0.6642792954012464,1
qwen14B-int4_retail_50runs,bf16,0914f922-08c7-4483-a6b2-2736351582e9,18,24,agent,53,24,0.9896270009267027,1.1471917953149386,1.644018246481816,0.6344740340436146,1
qwen14B-int4_retail_50runs,bf16,0914f922-08c7-4483-a6b2-2736351582e9,20,24,agent,146,29,0.3006118103046111,0.2942171750106089,0.9816173882833843,0.8338850587535688,1
qwen14B-int4_retail_50runs,bf16,0914f922-08c7-4483-a6b2-2736351582e9,22,24,agent,56,11,0.49218986871259396,0.7431093000372736,1.4581805643710224,0.8046744777023493,1
qwen14B-int4_retail_50runs,bf16,546c839d-2b9a-426a-8875-378e518db9bc,2,41,agent,148,48,1.6964972235533857,2.0609583957224773,2.981519349850714,0.5404686167143073,1
qwen14B-int4_retail_50runs,bf16,546c839d-2b9a-426a-8875-378e518db9bc,4,41,agent,58,15,4.064075877724737,3.910211653344009,6.778814834356308,0.41249854378136896,1
qwen14B-int4_retail_50runs,bf16,546c839d-2b9a-426a-8875-378e518db9bc,6,41,agent,99,24,1.0153915763865422,1.2379914828530068,2.8518408555537462,0.7362112834053419,1
qwen14B-int4_retail_50runs,bf16,546c839d-2b9a-426a-8875-378e518db9bc,8,41,agent,72,19,3.3195452594510235,3.1100348523386616,6.945429558032437,0.5004316714868369,1
qwen14B-int4_retail_50runs,bf16,546c839d-2b9a-426a-8875-378e518db9bc,10,41,agent,57,15,3.7927544179915,3.5635381703068822,7.396583899358908,0.46881935021100996,1
qwen14B-int4_retail_50runs,bf16,546c839d-2b9a-426a-8875-378e518db9bc,12,41,agent,286,54,0.5166358163261747,0.49852223688856173,1.3477684234579403,0.752393302548786,1
qwen14B-int4_retail_50runs,bf16,546c839d-2b9a-426a-8875-378e518db9bc,14,41,agent,64,18,0.6209651790263067,0.6424528966921684,1.1955393221643236,0.709318578904387,1
qwen14B-int4_retail_50runs,bf16,546c839d-2b9a-426a-8875-378e518db9bc,16,41,agent,155,25,0.5253787293977272,0.5399957496810041,1.9216573792696,0.818660157075312,1
qwen14B-int4_retail_50runs,bf16,546c839d-2b9a-426a-8875-378e518db9bc,18,41,agent,115,13,0.3441420645374702,0.36325764827912654,1.411300275188226,0.8401527751873956,1
qwen14B-int4_retail_50runs,bf16,546c839d-2b9a-426a-8875-378e518db9bc,20,41,agent,92,28,0.8355813663223037,0.9550866454479676,1.6280558457864183,0.6733529175380853,1
qwen14B-int4_retail_50runs,bf16,546c839d-2b9a-426a-8875-378e518db9bc,22,41,agent,74,13,0.43588875617224054,0.36010263711595986,1.0980199781747966,0.7702513346803933,1
qwen14B-int4_retail_50runs,bf16,546c839d-2b9a-426a-8875-378e518db9bc,24,41,agent,126,27,0.5354384698709401,0.5566507077497935,1.3426799685866744,0.7624509875302996,1
qwen14B-int4_retail_50runs,bf16,546c839d-2b9a-426a-8875-378e518db9bc,26,41,agent,115,25,0.35238049662058885,0.45263189484771493,1.0654783141613007,0.8077549748323335,1
qwen14B-int4_retail_50runs,bf16,546c839d-2b9a-426a-8875-378e518db9bc,28,41,agent,114,23,0.27200769170176275,0.3340048016246458,0.8365247644807982,0.8277987971934251,1
qwen14B-int4_retail_50runs,bf16,546c839d-2b9a-426a-8875-378e518db9bc,30,41,agent,144,27,0.21773401961900019,0.2851344291269539,0.7092685749133428,0.8664442467382281,1
qwen14B-int4_retail_50runs,bf16,546c839d-2b9a-426a-8875-378e518db9bc,32,41,agent,46,6,0.16653960979842106,0.1629586407671629,0.4598806674281756,0.8743472638478267,1
qwen14B-int4_retail_50runs,bf16,546c839d-2b9a-426a-8875-378e518db9bc,35,41,agent,172,28,0.17853214743491638,0.18649549140437519,0.5439583156257868,0.8754775341105933,1
qwen14B-int4_retail_50runs,bf16,546c839d-2b9a-426a-8875-378e518db9bc,37,41,agent,36,6,0.2524213224200634,0.358048297924315,0.8454398127893606,0.8770073712680859,1
qwen14B-int4_retail_50runs,bf16,546c839d-2b9a-426a-8875-378e518db9bc,39,41,agent,178,17,0.13156135910828054,0.1521340599301424,0.5514792738591924,0.9179514850229533,1
qwen14B-int4_retail_50runs,bf16,f41b2b27-cc89-447d-85db-850f263d1838,2,26,agent,29,7,3.1089169767476106,4.093469713686447,4.875158993261201,0.6416669600344105,1
qwen14B-int4_retail_50runs,bf16,f41b2b27-cc89-447d-85db-850f263d1838,4,26,agent,46,7,0.8539636976455884,0.7050381308114492,1.1086119306938989,0.7808429742694184,1
qwen14B-int4_retail_50runs,bf16,f41b2b27-cc89-447d-85db-850f263d1838,6,26,agent,40,11,1.896353666181153,1.9657778900053182,3.126257026060061,0.5707925322461909,1
qwen14B-int4_retail_50runs,bf16,f41b2b27-cc89-447d-85db-850f263d1838,8,26,agent,19,3,0.5380016320888995,0.4024902597139932,1.1480684876441956,0.7634375655554692,1
qwen14B-int4_retail_50runs,bf16,f41b2b27-cc89-447d-85db-850f263d1838,10,26,agent,50,8,0.5411102446071433,0.31380332523218907,1.2505124229937792,0.8206292528584269,1
qwen14B-int4_retail_50runs,bf16,f41b2b27-cc89-447d-85db-850f263d1838,12,26,agent,56,10,0.5489759507267328,0.5858181928098821,0.7600769758224487,0.7787214219490418,1
qwen14B-int4_retail_50runs,bf16,f41b2b27-cc89-447d-85db-850f263d1838,14,26,agent,121,25,0.4274969909899702,0.42710264382949353,1.1425638180971145,0.7697408008551277,1
qwen14B-int4_retail_50runs,bf16,f41b2b27-cc89-447d-85db-850f263d1838,16,26,agent,61,16,0.8788745919396428,0.9426445346221869,2.314687012694776,0.6911868669988851,1
qwen14B-int4_retail_50runs,bf16,f41b2b27-cc89-447d-85db-850f263d1838,18,26,agent,123,18,0.46205678147115237,0.364088823926796,0.989715711110168,0.7707818926017388,1
qwen14B-int4_retail_50runs,bf16,f41b2b27-cc89-447d-85db-850f263d1838,20,26,agent,142,29,0.48072897452233737,0.4593472504075936,1.2288489511300777,0.7591815066200488,1
qwen14B-int4_retail_50runs,bf16,f41b2b27-cc89-447d-85db-850f263d1838,22,26,agent,94,11,0.2825241961851382,0.32797669158274406,1.094589340415868,0.8387544595475125,1
qwen14B-int4_retail_50runs,bf16,f41b2b27-cc89-447d-85db-850f263d1838,24,26,agent,53,12,0.4134240498708769,0.44201436230403035,0.8137677845855554,0.7832267673630979,1
qwen14B-int4_retail_50runs,bf16,d1fb6031-b9eb-45b5-a7e3-694341882e09,2,20,agent,76,25,1.725721695053149,2.091272529812444,2.915477660894394,0.5496916842849312,1
qwen14B-int4_retail_50runs,bf16,d1fb6031-b9eb-45b5-a7e3-694341882e09,4,20,agent,71,20,3.588669591306207,3.381549687814962,6.3313611701130865,0.48143781921132495,1
qwen14B-int4_retail_50runs,bf16,d1fb6031-b9eb-45b5-a7e3-694341882e09,6,20,agent,87,25,0.9411287440411794,1.0262033824465349,1.8911720940470695,0.6571494983779224,1
qwen14B-int4_retail_50runs,bf16,d1fb6031-b9eb-45b5-a7e3-694341882e09,8,20,agent,91,22,0.5913288040607446,0.6782924078711314,1.465669437226924,0.729215153042554,1
qwen14B-int4_retail_50runs,bf16,d1fb6031-b9eb-45b5-a7e3-694341882e09,10,20,agent,112,22,0.3314308776599178,0.34671602763693143,0.8613552908328447,0.8096302457545212,1
qwen14B-int4_retail_50runs,bf16,d1fb6031-b9eb-45b5-a7e3-694341882e09,12,20,agent,124,21,0.2576072784097463,0.3338884802792335,1.029214084857986,0.8619909863896716,1
qwen14B-int4_retail_50runs,bf16,d1fb6031-b9eb-45b5-a7e3-694341882e09,14,20,agent,159,25,0.4050336012714418,0.5081215443885861,1.5991391563415527,0.8350728972875553,1
qwen14B-int4_retail_50runs,bf16,d1fb6031-b9eb-45b5-a7e3-694341882e09,16,20,agent,64,13,0.34317499312944655,0.3923812712242205,0.6564641692317449,0.8031773685823045,1
qwen14B-int4_retail_50runs,bf16,d1fb6031-b9eb-45b5-a7e3-694341882e09,18,20,agent,18,2,3.0559485330943192,1.3490830264684714,2.450339674949646,0.6174299945891704,1
qwen14B-int4_retail_50runs,bf16,0083e08f-a7b5-43f4-aa0b-6a9b83041eaa,2,14,agent,75,28,2.402080213904319,2.841357644807754,3.896505339869431,0.5139605279812294,1
qwen14B-int4_retail_50runs,bf16,0083e08f-a7b5-43f4-aa0b-6a9b83041eaa,4,14,agent,71,18,3.3439308086003248,3.1212988853547436,6.250230441490809,0.4889938045688124,1
qwen14B-int4_retail_50runs,bf16,0083e08f-a7b5-43f4-aa0b-6a9b83041eaa,6,14,agent,115,36,0.9921426424636235,1.1873608763727241,2.011638098499841,0.6574820195080289,1
qwen14B-int4_retail_50runs,bf16,0083e08f-a7b5-43f4-aa0b-6a9b83041eaa,8,14,agent,133,35,0.7338096411818338,0.9126093922361497,1.6329608087028775,0.6902924356899549,1
qwen14B-int4_retail_50runs,bf16,0083e08f-a7b5-43f4-aa0b-6a9b83041eaa,10,14,agent,136,30,0.4689635453994546,0.5050837880028892,1.1236229543884595,0.7672482602476405,1
qwen14B-int4_retail_50runs,bf16,0083e08f-a7b5-43f4-aa0b-6a9b83041eaa,12,14,agent,161,40,0.4654253156584899,0.5119070702653994,0.9102327467873692,0.748070255944368,1
qwen14B-int4_retail_50runs,bf16,63a2ac60-d58f-46fa-a1cc-72fb2c4f479f,2,28,agent,49,17,2.834008145600476,3.6031416777941727,4.372897774857633,0.4317718693568387,0
qwen14B-int4_retail_50runs,bf16,63a2ac60-d58f-46fa-a1cc-72fb2c4f479f,4,28,agent,72,19,3.77305944173984,3.6087798337678403,7.361701284584246,0.47762234187615404,0
qwen14B-int4_retail_50runs,bf16,63a2ac60-d58f-46fa-a1cc-72fb2c4f479f,6,28,agent,65,20,0.7087661991685117,0.9322158729537684,1.5387224059551954,0.7071039782783993,0
qwen14B-int4_retail_50runs,bf16,63a2ac60-d58f-46fa-a1cc-72fb2c4f479f,8,28,agent,72,19,0.6208021685063514,0.7255191200973667,1.3260371904624135,0.7000687202806327,0
qwen14B-int4_retail_50runs,bf16,63a2ac60-d58f-46fa-a1cc-72fb2c4f479f,10,28,agent,284,28,1.3808145812443278,1.3512243252374645,5.908523444086313,0.6966142023219891,0
qwen14B-int4_retail_50runs,bf16,63a2ac60-d58f-46fa-a1cc-72fb2c4f479f,16,28,agent,168,33,0.3565284058307718,0.31106324551855435,0.8779199468818578,0.7916634258801041,0
qwen14B-int4_retail_50runs,bf16,63a2ac60-d58f-46fa-a1cc-72fb2c4f479f,18,28,agent,77,27,0.8852160540011449,0.8640944697217011,1.2668849033889946,0.6363013786541357,0
qwen14B-int4_retail_50runs,bf16,63a2ac60-d58f-46fa-a1cc-72fb2c4f479f,20,28,agent,174,22,0.23060172853386635,0.21480143712951646,0.903169075873765,0.8553999874250539,0
qwen14B-int4_retail_50runs,bf16,63a2ac60-d58f-46fa-a1cc-72fb2c4f479f,22,28,agent,180,23,0.3433435646683089,0.31031991876202947,1.276609155146972,0.8480076546997158,0
qwen14B-int4_retail_50runs,bf16,63a2ac60-d58f-46fa-a1cc-72fb2c4f479f,24,28,agent,111,21,2.1225178034162897,1.9815137524918844,5.802051739323707,0.6553608326266739,0
qwen14B-int4_retail_50runs,bf16,63a2ac60-d58f-46fa-a1cc-72fb2c4f479f,26,28,agent,239,30,0.24894021892544152,0.24917161827535864,1.3973026745021344,0.8860979979608952,0
