cell,precision,traj_id,step_idx,n_steps,actor,n_tokens,n_content_tokens,U_all,U_stopfilter,U_content,mean_prob,label_fail
qwen14B-int4_retail_50runs,int4,4410334e-ace0-4df5-83e4-02fec4bb7d2f,2,22,agent,105,32,1.5810588844078557,1.8354008438365796,3.048558488022536,0.5930518736248791,0
qwen14B-int4_retail_50runs,int4,4410334e-ace0-4df5-83e4-02fec4bb7d2f,4,22,agent,74,17,3.1937541454612455,3.0436140928873767,6.1408103704452515,0.5092948847051519,0
qwen14B-int4_retail_50runs,int4,4410334e-ace0-4df5-83e4-02fec4bb7d2f,6,22,agent,52,19,0.953716432650113,1.219497810039735,1.3170308807962818,0.6871451519845795,0
qwen14B-int4_retail_50runs,int4,4410334e-ace0-4df5-83e4-02fec4bb7d2f,8,22,agent,227,67,0.6090071487856574,0.5929668663657077,1.1889450743572036,0.7036284727971811,0
qwen14B-int4_retail_50runs,int4,4410334e-ace0-4df5-83e4-02fec4bb7d2f,10,22,agent,62,15,3.4351953294673514,3.2753272982593686,6.128438356518745,0.4558729583894251,0
qwen14B-int4_retail_50runs,int4,4410334e-ace0-4df5-83e4-02fec4bb7d2f,12,22,agent,160,32,0.3071747535230156,0.29874462765066095,0.8879354777745903,0.8201978884758481,0
qwen14B-int4_retail_50runs,int4,4410334e-ace0-4df5-83e4-02fec4bb7d2f,14,22,agent,248,49,0.4583779410142648,0.36859631620764877,1.1225447840228373,0.7878401550400094,0
qwen14B-int4_retail_50runs,int4,4410334e-ace0-4df5-83e4-02fec4bb7d2f,16,22,agent,283,34,0.3149444690843415,0.23214764869072524,1.0785150002030766,0.85710021000133,0
qwen14B-int4_retail_50runs,int4,4410334e-ace0-4df5-83e4-02fec4bb7d2f,18,22,agent,135,18,1.6938398579537626,1.6314039023289242,6.368501929773225,0.7300453191821373,0
qwen14B-int4_retail_50runs,int4,4410334e-ace0-4df5-83e4-02fec4bb7d2f,20,22,agent,175,31,0.4137185554824029,0.4183425940258968,1.2289966839936473,0.8149795241888909,0
qwen14B-int4_retail_50runs,int4,6d320d4a-98b5-42a1-b9d5-05305aef3ae9,2,26,agent,37,14,4.177411915144271,5.210442712150412,5.888978340796062,0.37865059528993844,1
qwen14B-int4_retail_50runs,int4,6d320d4a-98b5-42a1-b9d5-05305aef3ae9,4,26,agent,62,18,0.39586684424317975,0.37241733751819894,0.6920976440111796,0.7597418994922539,1
qwen14B-int4_retail_50runs,int4,6d320d4a-98b5-42a1-b9d5-05305aef3ae9,6,26,agent,67,21,0.9645192691547773,1.033370865979662,1.585981514482271,0.5996728633164488,1
qwen14B-int4_retail_50runs,int4,6d320d4a-98b5-42a1-b9d5-05305aef3ae9,8,26,agent,130,35,0.961141249050981,1.1511452513148945,2.160707282594272,0.6395573572853753,1
qwen14B-int4_retail_50runs,int4,6d320d4a-98b5-42a1-b9d5-05305aef3ae9,10,26,agent,83,28,0.9611912824104409,1.2974808224111516,2.0957082491368055,0.6572451329053214,1
qwen14B-int4_retail_50runs,int4,6d320d4a-98b5-42a1-b9d5-05305aef3ae9,12,26,agent,61,14,0.3133593867373151,0.35039853225764134,0.9053252051983561,0.8203019063375344,1
qwen14B-int4_retail_50runs,int4,6d320d4a-98b5-42a1-b9d5-05305aef3ae9,14,26,agent,63,23,0.4536002307839308,0.4760655297883425,0.7390449986509655,0.7219976855322704,1
qwen14B-int4_retail_50runs,int4,6d320d4a-98b5-42a1-b9d5-05305aef3ae9,16,26,agent,257,28,0.15940606893375278,0.12793534641311233,0.7373182616595712,0.9034518235864374,1
qwen14B-int4_retail_50runs,int4,6d320d4a-98b5-42a1-b9d5-05305aef3ae9,18,26,agent,51,10,0.40217878594100775,0.45168359996985347,1.2571728363633157,0.7868805305391816,1
qwen14B-int4_retail_50runs,int4,6d320d4a-98b5-42a1-b9d5-05305aef3ae9,20,26,agent,153,21,0.3918955723526613,0.35585378864076384,0.7981253550166175,0.8387318977181282,1
qwen14B-int4_retail_50runs,int4,6d320d4a-98b5-42a1-b9d5-05305aef3ae9,22,26,agent,113,16,0.5914380810820585,0.652381437141633,3.2997843264602125,0.853959296958446,1
qwen14B-int4_retail_50runs,int4,6d320d4a-98b5-42a1-b9d5-05305aef3ae9,24,26,agent,125,15,0.34870673190828183,0.3079629205268468,1.203847841421763,0.8569096915671557,1
qwen14B-int4_retail_50runs,int4,8ef40c5b-9d9e-45d0-9c12-38c78c1420b5,2,28,agent,78,26,1.9710799029597137,2.5544076421107964,4.102323761926248,0.5226999387365783,1
qwen14B-int4_retail_50runs,int4,8ef40c5b-9d9e-45d0-9c12-38c78c1420b5,4,28,agent,72,19,3.3210468749758713,3.2084564543339638,6.554673122732263,0.5132838435661559,1
qwen14B-int4_retail_50runs,int4,8ef40c5b-9d9e-45d0-9c12-38c78c1420b5,6,28,agent,64,22,0.8647030203858277,0.9758097888214167,1.6423776339400897,0.6450856980490083,1
qwen14B-int4_retail_50runs,int4,8ef40c5b-9d9e-45d0-9c12-38c78c1420b5,8,28,agent,77,24,1.1981986514795449,1.5188278927961478,1.5221775850902002,0.6092926796805714,1
qwen14B-int4_retail_50runs,int4,8ef40c5b-9d9e-45d0-9c12-38c78c1420b5,10,28,agent,66,25,1.1188842914774741,1.5782675358454863,2.246289003491402,0.606614796183622,1
qwen14B-int4_retail_50runs,int4,8ef40c5b-9d9e-45d0-9c12-38c78c1420b5,12,28,agent,55,19,1.1327744399675277,1.4087446940693003,1.7446859126028262,0.5917673811578391,1
qwen14B-int4_retail_50runs,int4,8ef40c5b-9d9e-45d0-9c12-38c78c1420b5,14,28,agent,67,17,0.5565473216043167,0.43108065084411157,0.912525871220757,0.7207011794537168,1
qwen14B-int4_retail_50runs,int4,8ef40c5b-9d9e-45d0-9c12-38c78c1420b5,16,28,agent,45,16,1.0339338869369448,1.2956773325176103,2.4756255485117435,0.6886415491616402,1
qwen14B-int4_retail_50runs,int4,8ef40c5b-9d9e-45d0-9c12-38c78c1420b5,18,28,agent,50,9,0.19005797505557895,0.1368328544804691,0.3785335504346424,0.8579275560911666,1
qwen14B-int4_retail_50runs,int4,8ef40c5b-9d9e-45d0-9c12-38c78c1420b5,20,28,agent,90,21,0.3560673660751838,0.33711015154920043,0.7486696555500939,0.7951965513131773,1
qwen14B-int4_retail_50runs,int4,8ef40c5b-9d9e-45d0-9c12-38c78c1420b5,22,28,agent,65,22,0.44759859025853777,0.46354319794508053,0.8090122816237536,0.7404820916817118,1
qwen14B-int4_retail_50runs,int4,8ef40c5b-9d9e-45d0-9c12-38c78c1420b5,24,28,agent,60,5,0.13714648650422798,0.11137011175798159,0.5070407509803772,0.899211923650982,1
qwen14B-int4_retail_50runs,int4,8ef40c5b-9d9e-45d0-9c12-38c78c1420b5,26,28,agent,122,20,0.44054283603682176,0.49488928664716586,1.5536701302975415,0.8312628328741715,1
qwen14B-int4_retail_50runs,int4,f6190ee4-cbd0-4223-ad2d-c58745b16076,2,28,agent,105,39,1.8198230087517508,2.2720393790678495,2.733515413143696,0.5552898776759189,1
qwen14B-int4_retail_50runs,int4,f6190ee4-cbd0-4223-ad2d-c58745b16076,4,28,agent,50,13,1.1266889699615397,1.1107374431994652,2.1894075240080175,0.6711141863544906,1
qwen14B-int4_retail_50runs,int4,f6190ee4-cbd0-4223-ad2d-c58745b16076,6,28,agent,118,31,0.6363507521050386,0.5124270224456685,1.016132924585573,0.7031888405688013,1
qwen14B-int4_retail_50runs,int4,f6190ee4-cbd0-4223-ad2d-c58745b16076,8,28,agent,61,15,1.211186427577119,1.8160390686780754,3.2094778339068095,0.5975432806375838,1
qwen14B-int4_retail_50runs,int4,f6190ee4-cbd0-4223-ad2d-c58745b16076,10,28,agent,75,19,3.209943655495669,3.111844468618459,6.396798396581097,0.529802008039689,1
qwen14B-int4_retail_50runs,int4,f6190ee4-cbd0-4223-ad2d-c58745b16076,12,28,agent,47,13,0.46730745348727887,0.4496807116832518,0.8021087182255892,0.7458117706967258,1
qwen14B-int4_retail_50runs,int4,f6190ee4-cbd0-4223-ad2d-c58745b16076,14,28,agent,72,17,0.31481043881320836,0.36989136813955587,0.7437777330770212,0.8090543063231385,1
qwen14B-int4_retail_50runs,int4,f6190ee4-cbd0-4223-ad2d-c58745b16076,16,28,agent,129,19,0.30456649520442414,0.23920313635148224,0.729706631679284,0.8094216233717705,1
qwen14B-int4_retail_50runs,int4,f6190ee4-cbd0-4223-ad2d-c58745b16076,18,28,agent,58,11,3.7540104579710047,3.6540095573544837,9.876705001701009,0.5104403332059989,1
qwen14B-int4_retail_50runs,int4,f6190ee4-cbd0-4223-ad2d-c58745b16076,20,28,agent,184,52,0.80855463720078,0.9644194912197738,2.068189189554407,0.6930230540496952,1
qwen14B-int4_retail_50runs,int4,f6190ee4-cbd0-4223-ad2d-c58745b16076,22,28,agent,180,33,0.41960254365283556,0.3811869339599174,1.2708838365294717,0.819011189773955,1
qwen14B-int4_retail_50runs,int4,f6190ee4-cbd0-4223-ad2d-c58745b16076,24,28,agent,107,20,2.1207665690351347,2.0240383358955985,6.846187050268054,0.6824262024022882,1
qwen14B-int4_retail_50runs,int4,f6190ee4-cbd0-4223-ad2d-c58745b16076,26,28,agent,155,21,0.221678263231835,0.19802138361629767,0.7661666777871904,0.878218896348822,1
qwen14B-int4_retail_50runs,int4,ff0c06f9-baa8-44c4-bcdf-150028fa2a2f,2,30,agent,76,28,2.7270435466917946,3.7292158434458202,4.913353186632905,0.47696122238634314,1
qwen14B-int4_retail_50runs,int4,ff0c06f9-baa8-44c4-bcdf-150028fa2a2f,4,30,agent,73,19,3.407680784113558,3.336114120407724,6.8369286154445845,0.5124006050061243,1
qwen14B-int4_retail_50runs,int4,ff0c06f9-baa8-44c4-bcdf-150028fa2a2f,6,30,agent,73,20,0.9259270470774617,0.8772265771358558,1.6333785638213159,0.6396133943578681,1
qwen14B-int4_retail_50runs,int4,ff0c06f9-baa8-44c4-bcdf-150028fa2a2f,8,30,agent,43,18,1.103731163816736,1.2656476662262415,1.5358669641945097,0.5853280289792965,1
qwen14B-int4_retail_50runs,int4,ff0c06f9-baa8-44c4-bcdf-150028fa2a2f,10,30,agent,67,15,0.42173398680324076,0.4315280801332243,0.9382150262594223,0.7458286791156982,1
qwen14B-int4_retail_50runs,int4,ff0c06f9-baa8-44c4-bcdf-150028fa2a2f,12,30,agent,91,23,0.7854939797863131,0.7839183783288395,1.8103237148860227,0.6843222576364213,1
qwen14B-int4_retail_50runs,int4,ff0c06f9-baa8-44c4-bcdf-150028fa2a2f,14,30,agent,56,17,3.793216348622882,3.6637179297450824,7.577678040546529,0.49689143880199893,1
qwen14B-int4_retail_50runs,int4,ff0c06f9-baa8-44c4-bcdf-150028fa2a2f,16,30,agent,70,13,0.279185408828338,0.29550455850614893,0.64216081568828,0.8127302355743331,1
qwen14B-int4_retail_50runs,int4,ff0c06f9-baa8-44c4-bcdf-150028fa2a2f,18,30,agent,109,24,0.3152861365858062,0.3019598451966916,0.5953864200661579,0.8133383965398228,1
qwen14B-int4_retail_50runs,int4,ff0c06f9-baa8-44c4-bcdf-150028fa2a2f,20,30,agent,59,14,3.649331345129116,3.530332010812197,7.089458998824869,0.5059384993988646,1
qwen14B-int4_retail_50runs,int4,ff0c06f9-baa8-44c4-bcdf-150028fa2a2f,22,30,agent,84,15,0.23477875336339982,0.2039837422921699,0.4834921876589457,0.8356724611271732,1
qwen14B-int4_retail_50runs,int4,ff0c06f9-baa8-44c4-bcdf-150028fa2a2f,24,30,agent,128,37,0.38117828683228966,0.36935961435910125,0.7392386544395138,0.7683200885243936,1
qwen14B-int4_retail_50runs,int4,ff0c06f9-baa8-44c4-bcdf-150028fa2a2f,26,30,agent,114,18,0.2521567450148097,0.15414158185888654,0.4369930062029097,0.8344718640545985,1
qwen14B-int4_retail_50runs,int4,ff0c06f9-baa8-44c4-bcdf-150028fa2a2f,28,30,agent,104,10,0.1801804825729876,0.14921978624877755,0.7579278036952019,0.9055944124966087,1
qwen14B-int4_retail_50runs,int4,1b3fc6a3-ec12-49ae-b727-5fab3bf08d28,2,44,agent,49,20,5.878537027554409,5.631209954977824,7.643410959839821,0.2710104119301181,1
qwen14B-int4_retail_50runs,int4,1b3fc6a3-ec12-49ae-b727-5fab3bf08d28,4,44,agent,31,9,2.0290193073169465,1.9217496293283782,2.090491827991274,0.567031212825646,1
qwen14B-int4_retail_50runs,int4,1b3fc6a3-ec12-49ae-b727-5fab3bf08d28,6,44,agent,54,15,0.5901323165999486,0.6858488053788423,1.1437234928210576,0.7409811835477936,1
qwen14B-int4_retail_50runs,int4,1b3fc6a3-ec12-49ae-b727-5fab3bf08d28,8,44,agent,88,13,0.30532604720420853,0.27457402344538273,1.1975889572730432,0.8436373190465312,1
qwen14B-int4_retail_50runs,int4,1b3fc6a3-ec12-49ae-b727-5fab3bf08d28,10,44,agent,73,22,1.291709753972755,1.3831404523402007,2.072523534297943,0.6326620966515494,1
qwen14B-int4_retail_50runs,int4,1b3fc6a3-ec12-49ae-b727-5fab3bf08d28,12,44,agent,58,16,1.1675127151094142,1.8198379597475474,3.2826939886435866,0.6337793227110281,1
qwen14B-int4_retail_50runs,int4,1b3fc6a3-ec12-49ae-b727-5fab3bf08d28,14,44,agent,44,11,1.1672912569345184,1.365999027307955,3.1266190714456816,0.7196842624218337,1
qwen14B-int4_retail_50runs,int4,1b3fc6a3-ec12-49ae-b727-5fab3bf08d28,16,44,agent,60,15,0.623595689772436,0.8187478447784253,1.6561823606491088,0.7291178836419453,1
qwen14B-int4_retail_50runs,int4,1b3fc6a3-ec12-49ae-b727-5fab3bf08d28,18,44,agent,90,31,0.68920389049079,0.8477368362794293,1.1841358874113328,0.6648107332728479,1
qwen14B-int4_retail_50runs,int4,1b3fc6a3-ec12-49ae-b727-5fab3bf08d28,20,44,agent,97,26,0.5964103638477797,0.6852152437912086,1.297869429565393,0.6812402950365563,1
qwen14B-int4_retail_50runs,int4,1b3fc6a3-ec12-49ae-b727-5fab3bf08d28,22,44,agent,70,11,0.42058026084810285,0.3952909873332977,0.8180256079543721,0.7817817852822315,1
qwen14B-int4_retail_50runs,int4,1b3fc6a3-ec12-49ae-b727-5fab3bf08d28,24,44,agent,58,13,3.5754016965798874,3.4906508921705415,7.759167925669597,0.49808237084912166,1
qwen14B-int4_retail_50runs,int4,1b3fc6a3-ec12-49ae-b727-5fab3bf08d28,26,44,agent,68,8,0.16371116525130316,0.13146413397159995,0.4667573720216751,0.8810873616822493,1
qwen14B-int4_retail_50runs,int4,1b3fc6a3-ec12-49ae-b727-5fab3bf08d28,28,44,agent,59,11,3.211277240424564,3.1470721487451465,8.98946703564037,0.5142978946030712,1
qwen14B-int4_retail_50runs,int4,1b3fc6a3-ec12-49ae-b727-5fab3bf08d28,30,44,agent,58,4,0.037865208656168915,0.036043413661606925,0.16833923943340778,0.9653637812245774,1
qwen14B-int4_retail_50runs,int4,1b3fc6a3-ec12-49ae-b727-5fab3bf08d28,32,44,agent,59,14,3.409922003475751,3.2894519955253396,7.773243901985032,0.504380742162288,1
qwen14B-int4_retail_50runs,int4,1b3fc6a3-ec12-49ae-b727-5fab3bf08d28,34,44,agent,122,25,0.38233981979836085,0.3671329389762197,0.996304839849472,0.7914684312024104,1
qwen14B-int4_retail_50runs,int4,1b3fc6a3-ec12-49ae-b727-5fab3bf08d28,36,44,agent,176,31,0.29889211174160885,0.3081449618687315,0.8723704430364794,0.8296311828937771,1
qwen14B-int4_retail_50runs,int4,1b3fc6a3-ec12-49ae-b727-5fab3bf08d28,38,44,agent,353,61,0.28056576046848364,0.31609678226720006,0.9044512671525361,0.8327078384728341,1
qwen14B-int4_retail_50runs,int4,1b3fc6a3-ec12-49ae-b727-5fab3bf08d28,40,44,agent,322,67,0.3296252602614842,0.3521438737230627,0.8736579920818557,0.7923026734116778,1
qwen14B-int4_retail_50runs,int4,1b3fc6a3-ec12-49ae-b727-5fab3bf08d28,42,44,agent,214,34,0.4131265024126135,0.40557944650132427,1.5311113950960777,0.8148460385373275,1
qwen14B-int4_retail_50runs,int4,4287708a-772a-45c1-850f-0bed0fd939be,2,38,agent,40,13,3.2914020240234096,4.4952814593815,6.266853478092414,0.4663695526737732,1
qwen14B-int4_retail_50runs,int4,4287708a-772a-45c1-850f-0bed0fd939be,4,38,agent,73,21,3.37460194002598,3.290201041796535,5.965726720435279,0.4931191679370711,1
qwen14B-int4_retail_50runs,int4,4287708a-772a-45c1-850f-0bed0fd939be,6,38,agent,129,46,0.91496507800052,1.175028453585226,1.9386410144684108,0.6419613032848448,1
qwen14B-int4_retail_50runs,int4,4287708a-772a-45c1-850f-0bed0fd939be,8,38,agent,19,7,1.4779621836925412,1.7049461548837517,2.6439990997314453,0.4690905148621257,1
qwen14B-int4_retail_50runs,int4,4287708a-772a-45c1-850f-0bed0fd939be,10,38,agent,51,13,0.49219379671031177,0.5976035934757614,1.3424265797321613,0.7388456608481407,1
qwen14B-int4_retail_50runs,int4,4287708a-772a-45c1-850f-0bed0fd939be,12,38,agent,58,15,0.38793326877132484,0.35742700657242604,0.6606489996115367,0.7483249249809334,1
qwen14B-int4_retail_50runs,int4,4287708a-772a-45c1-850f-0bed0fd939be,14,38,agent,68,19,0.5179582243084468,0.5609909199676657,1.204255395813992,0.7334099919572084,1
qwen14B-int4_retail_50runs,int4,4287708a-772a-45c1-850f-0bed0fd939be,16,38,agent,58,9,0.31981535119049614,0.25858050206701727,0.9037283360958099,0.8504047422122338,1
qwen14B-int4_retail_50runs,int4,4287708a-772a-45c1-850f-0bed0fd939be,18,38,agent,207,40,0.3559336158946343,0.3498804906056279,1.019186245277524,0.8104987894492423,1
qwen14B-int4_retail_50runs,int4,4287708a-772a-45c1-850f-0bed0fd939be,20,38,agent,55,16,0.9098666331671251,0.8359456070587837,1.7947892118245363,0.6861469911222381,1
qwen14B-int4_retail_50runs,int4,4287708a-772a-45c1-850f-0bed0fd939be,22,38,agent,178,25,0.2097897697228578,0.18960739729679432,0.6449577683210372,0.8729039266893509,1
qwen14B-int4_retail_50runs,int4,4287708a-772a-45c1-850f-0bed0fd939be,24,38,agent,76,14,0.43277721716021433,0.3722587279650845,1.2391662602978093,0.8239263652211087,1
qwen14B-int4_retail_50runs,int4,4287708a-772a-45c1-850f-0bed0fd939be,26,38,agent,203,5,0.35289320631215126,0.4424639331990259,13.132617461681367,0.9571269869266417,1
qwen14B-int4_retail_50runs,int4,4287708a-772a-45c1-850f-0bed0fd939be,28,38,agent,158,33,0.5360080629841328,0.5008452924678799,1.6332511870246944,0.7848053232138003,1
qwen14B-int4_retail_50runs,int4,4287708a-772a-45c1-850f-0bed0fd939be,30,38,agent,104,20,0.39936206657185996,0.3052221001378505,1.1615744538605213,0.829807382008614,1
qwen14B-int4_retail_50runs,int4,4287708a-772a-45c1-850f-0bed0fd939be,32,38,agent,97,16,0.5407924154188078,0.3546414064203312,1.27463323995471,0.7970000184424152,1
qwen14B-int4_retail_50runs,int4,4287708a-772a-45c1-850f-0bed0fd939be,34,38,agent,152,15,0.2427615226512726,0.16579613593739065,0.8982669149835905,0.8708909933793282,1
qwen14B-int4_retail_50runs,int4,4287708a-772a-45c1-850f-0bed0fd939be,36,38,agent,163,17,0.36720782121562445,0.34887119375341596,2.1091433737207863,0.8706730403818798,1
qwen14B-int4_retail_50runs,int4,780d34d9-b407-4a4c-9dfe-ec2798dfc3ce,2,35,agent,40,14,3.315521500358045,4.5889975064504975,5.996694107140813,0.46990057120282813,1
qwen14B-int4_retail_50runs,int4,780d34d9-b407-4a4c-9dfe-ec2798dfc3ce,4,35,agent,75,20,3.449253652010734,3.3613093072291558,5.870265616476535,0.4763679357951801,1
qwen14B-int4_retail_50runs,int4,780d34d9-b407-4a4c-9dfe-ec2798dfc3ce,6,35,agent,86,31,0.9940785207274065,1.1005432056676832,1.5820090405402645,0.58686499419289,1
qwen14B-int4_retail_50runs,int4,780d34d9-b407-4a4c-9dfe-ec2798dfc3ce,8,35,agent,61,16,3.7914354943549697,3.720035594675086,7.593748241662979,0.4333185466309609,1
qwen14B-int4_retail_50runs,int4,780d34d9-b407-4a4c-9dfe-ec2798dfc3ce,10,35,agent,55,12,0.45705957875992737,0.6063329069575487,1.3631652953724067,0.769573101021532,1
qwen14B-int4_retail_50runs,int4,780d34d9-b407-4a4c-9dfe-ec2798dfc3ce,12,35,agent,67,16,0.447031489151013,0.3792011434787196,0.8345957929268479,0.7334357182166851,1
qwen14B-int4_retail_50runs,int4,780d34d9-b407-4a4c-9dfe-ec2798dfc3ce,14,35,agent,34,7,0.31717777991605756,0.3656632753859629,0.7904523994241442,0.7956535634356807,1
qwen14B-int4_retail_50runs,int4,780d34d9-b407-4a4c-9dfe-ec2798dfc3ce,16,35,agent,64,17,0.6359814859137884,0.7048430031056862,1.1179540639414507,0.6618810637283226,1
qwen14B-int4_retail_50runs,int4,780d34d9-b407-4a4c-9dfe-ec2798dfc3ce,18,35,agent,34,14,0.4383907337818902,0.5501843594221327,0.8292687311768532,0.7120124729933673,1
qwen14B-int4_retail_50runs,int4,780d34d9-b407-4a4c-9dfe-ec2798dfc3ce,20,35,agent,52,13,0.3660074326583596,0.42510112565547126,0.8102599072914857,0.7677439754224212,1
qwen14B-int4_retail_50runs,int4,780d34d9-b407-4a4c-9dfe-ec2798dfc3ce,22,35,agent,30,10,0.45478601882398756,0.48105021891907046,0.8732147745788097,0.7295750495640365,1
qwen14B-int4_retail_50runs,int4,780d34d9-b407-4a4c-9dfe-ec2798dfc3ce,24,35,agent,86,23,0.5677641808251177,0.5410936181740494,1.2010238423295643,0.6893204753307386,1
qwen14B-int4_retail_50runs,int4,780d34d9-b407-4a4c-9dfe-ec2798dfc3ce,26,35,agent,63,22,0.469276441745831,0.48568693843250316,0.7910882495343685,0.7070043588710054,1
qwen14B-int4_retail_50runs,int4,780d34d9-b407-4a4c-9dfe-ec2798dfc3ce,28,35,agent,99,30,0.7767362120004215,1.0442220016344925,1.6606325581669807,0.6744943162303906,1
qwen14B-int4_retail_50runs,int4,780d34d9-b407-4a4c-9dfe-ec2798dfc3ce,30,35,agent,134,41,2.7147182036662088,2.7414570911205143,4.674248434784936,0.531936914567052,1
qwen14B-int4_retail_50runs,int4,780d34d9-b407-4a4c-9dfe-ec2798dfc3ce,33,35,agent,18,0,0.590409733852758,0.6343645870701499,,0.8865117400682129,1
qwen14B-int4_retail_50runs,int4,387e6df6-f634-464f-ad06-830d7863d98e,2,44,agent,76,28,2.657919900138567,3.650417513426239,4.783885606697628,0.473980480578954,0
qwen14B-int4_retail_50runs,int4,387e6df6-f634-464f-ad06-830d7863d98e,4,44,agent,71,19,3.543665278604642,3.4989493859088,6.906624287366867,0.5193477546137412,0
qwen14B-int4_retail_50runs,int4,387e6df6-f634-464f-ad06-830d7863d98e,6,44,agent,87,27,0.6399722637586688,0.7297173413035781,1.2918984178039763,0.7046953920074284,0
qwen14B-int4_retail_50runs,int4,387e6df6-f634-464f-ad06-830d7863d98e,8,44,agent,23,11,1.5559059179023556,2.0904147936962545,2.746306304227222,0.5069253148049208,0
qwen14B-int4_retail_50runs,int4,387e6df6-f634-464f-ad06-830d7863d98e,10,44,agent,78,12,0.3505301019124602,0.26293626835972433,1.100024614483118,0.833637235289454,0
qwen14B-int4_retail_50runs,int4,387e6df6-f634-464f-ad06-830d7863d98e,12,44,agent,41,10,0.7022380860537749,0.885702286805594,2.6590064793825148,0.7875726345822289,0
qwen14B-int4_retail_50runs,int4,387e6df6-f634-464f-ad06-830d7863d98e,14,44,agent,75,15,0.3756304330133935,0.2734205518995261,0.7043505763014157,0.7573567252964524,0
qwen14B-int4_retail_50runs,int4,387e6df6-f634-464f-ad06-830d7863d98e,16,44,agent,36,6,0.15973278432867685,0.20988602966109332,0.8256257921457291,0.9008100681849736,0
qwen14B-int4_retail_50runs,int4,387e6df6-f634-464f-ad06-830d7863d98e,18,44,agent,96,23,0.3225853769535206,0.29969694592965446,0.6645217622103898,0.814354990136815,0
qwen14B-int4_retail_50runs,int4,387e6df6-f634-464f-ad06-830d7863d98e,20,44,agent,119,31,0.39787147744042695,0.4302461624438111,0.866722650585636,0.7613271859691161,0
qwen14B-int4_retail_50runs,int4,387e6df6-f634-464f-ad06-830d7863d98e,22,44,agent,83,15,0.29448875876756453,0.3424665240742414,1.2892734045783678,0.8506638945475721,0
qwen14B-int4_retail_50runs,int4,387e6df6-f634-464f-ad06-830d7863d98e,24,44,agent,106,18,0.20408243591132486,0.2166171406944856,0.5989025756716728,0.8611711899925579,0
qwen14B-int4_retail_50runs,int4,387e6df6-f634-464f-ad06-830d7863d98e,26,44,agent,61,10,0.14522824437081586,0.15799342277522696,0.6077220678329468,0.8993206265457229,0
qwen14B-int4_retail_50runs,int4,387e6df6-f634-464f-ad06-830d7863d98e,28,44,agent,166,27,0.3606360258016223,0.3777228689042598,1.669538289308548,0.8516530102098803,0
qwen14B-int4_retail_50runs,int4,387e6df6-f634-464f-ad06-830d7863d98e,30,44,agent,172,16,0.30637491077674445,0.31947258088230823,2.2254637824371457,0.887298158711243,0
qwen14B-int4_retail_50runs,int4,387e6df6-f634-464f-ad06-830d7863d98e,32,44,agent,212,41,0.6137573024428264,0.7225419698288037,2.35526439456678,0.7759465741618711,0
qwen14B-int4_retail_50runs,int4,387e6df6-f634-464f-ad06-830d7863d98e,34,44,agent,149,37,0.6934023010168606,0.7666292744577908,1.3276103988692567,0.686156019441531,0
qwen14B-int4_retail_50runs,int4,387e6df6-f634-464f-ad06-830d7863d98e,36,44,agent,54,17,0.36617085557897416,0.43101665857757165,0.7151927330038127,0.7809222563019925,0
qwen14B-int4_retail_50runs,int4,387e6df6-f634-464f-ad06-830d7863d98e,38,44,agent,126,18,0.28679046486939674,0.25111796898619015,0.944878463115957,0.8278602657033134,0
qwen14B-int4_retail_50runs,int4,387e6df6-f634-464f-ad06-830d7863d98e,40,44,agent,136,12,0.19835741589268996,0.1763859050747859,0.8844848138590654,0.8878032312083635,0
qwen14B-int4_retail_50runs,int4,387e6df6-f634-464f-ad06-830d7863d98e,42,44,agent,170,25,0.3231489842031637,0.34685450044894384,1.521901947259903,0.8650194763193186,0
qwen14B-int4_retail_50runs,int4,275b79d1-c1ec-4b4b-9c8d-46aa3e584c55,2,12,agent,40,13,3.2551328409852487,4.50499448297738,5.914452066788306,0.46735741328640723,0
qwen14B-int4_retail_50runs,int4,275b79d1-c1ec-4b4b-9c8d-46aa3e584c55,4,12,agent,62,15,4.133937083203007,3.9344485092055828,8.335134275754292,0.41608810910494115,0
qwen14B-int4_retail_50runs,int4,275b79d1-c1ec-4b4b-9c8d-46aa3e584c55,6,12,agent,45,16,0.7856528186426657,0.9257595765299941,1.4775819648057222,0.6818568913412629,0
qwen14B-int4_retail_50runs,int4,275b79d1-c1ec-4b4b-9c8d-46aa3e584c55,8,12,agent,45,14,0.75294900863648,1.0197447090693978,1.7276983362223421,0.7165478860116862,0
qwen14B-int4_retail_50runs,int4,275b79d1-c1ec-4b4b-9c8d-46aa3e584c55,10,12,agent,77,22,0.754830005098386,0.8786470844890252,1.416609871793877,0.6772529588620252,0
qwen14B-int4_retail_50runs,int4,846c3587-2700-45ff-b242-d538fbd13335,2,26,agent,116,40,2.0226807508438585,2.7529560592243327,3.6339135084301235,0.49625489375763887,1
qwen14B-int4_retail_50runs,int4,846c3587-2700-45ff-b242-d538fbd13335,4,26,agent,61,18,3.9785832326926296,3.8539420191453027,7.325370911094877,0.4302395707829148,1
qwen14B-int4_retail_50runs,int4,846c3587-2700-45ff-b242-d538fbd13335,6,26,agent,119,30,0.6167539742750312,0.7597225903972489,1.0970686006049315,0.7089660970728507,1
qwen14B-int4_retail_50runs,int4,846c3587-2700-45ff-b242-d538fbd13335,8,26,agent,81,13,0.31778858908118424,0.28034429316603404,0.8878938681804217,0.8087674895172215,1
qwen14B-int4_retail_50runs,int4,846c3587-2700-45ff-b242-d538fbd13335,10,26,agent,73,10,0.3137261548635978,0.26629927902818984,0.9938185773789883,0.8440895867033197,1
qwen14B-int4_retail_50runs,int4,846c3587-2700-45ff-b242-d538fbd13335,12,26,agent,116,24,0.5297181749633469,0.45168955318824233,1.016989912216862,0.7314536139512405,1
qwen14B-int4_retail_50runs,int4,846c3587-2700-45ff-b242-d538fbd13335,14,26,agent,334,33,0.23094409109436034,0.15283301162421467,0.8121116608381271,0.8755769592057732,1
qwen14B-int4_retail_50runs,int4,846c3587-2700-45ff-b242-d538fbd13335,16,26,agent,117,22,1.812091052514633,1.754909391529357,5.425115470181812,0.6987324932714217,1
qwen14B-int4_retail_50runs,int4,846c3587-2700-45ff-b242-d538fbd13335,18,26,agent,138,35,0.45576061958565006,0.5305935789745537,1.0013319454022815,0.7677898987524102,1
qwen14B-int4_retail_50runs,int4,846c3587-2700-45ff-b242-d538fbd13335,20,26,agent,254,42,1.5390411732336282,1.5285116819604359,4.892766411460581,0.6915360043063057,1
qwen14B-int4_retail_50runs,int4,846c3587-2700-45ff-b242-d538fbd13335,24,26,agent,96,26,1.1472058352326837,0.7474986848929054,1.3092524019571452,0.6823891850915746,1
qwen14B-int4_retail_50runs,int4,e3ebc6e9-2d8e-4557-893c-f9fb6366c8c3,2,48,agent,76,27,2.711237324183266,3.6387736609733197,4.9254744643414465,0.4760820209956968,1
qwen14B-int4_retail_50runs,int4,e3ebc6e9-2d8e-4557-893c-f9fb6366c8c3,4,48,agent,75,19,3.237712355400172,3.142994644754062,5.911081038023296,0.49263755295983125,1
qwen14B-int4_retail_50runs,int4,e3ebc6e9-2d8e-4557-893c-f9fb6366c8c3,6,48,agent,110,36,0.7167024332438702,0.8298478170484749,1.3736179566217794,0.672373768701249,1
qwen14B-int4_retail_50runs,int4,e3ebc6e9-2d8e-4557-893c-f9fb6366c8c3,8,48,agent,76,24,0.7644091056128092,0.9263592546863936,1.4416983456661303,0.6490271195561302,1
qwen14B-int4_retail_50runs,int4,e3ebc6e9-2d8e-4557-893c-f9fb6366c8c3,10,48,agent,59,17,4.0166130585346345,3.879640960915249,6.618014847531038,0.4300991166632491,1
qwen14B-int4_retail_50runs,int4,e3ebc6e9-2d8e-4557-893c-f9fb6366c8c3,12,48,agent,80,13,0.4024641209578227,0.4136266323324118,1.0973230325258696,0.7741435926941049,1
qwen14B-int4_retail_50runs,int4,e3ebc6e9-2d8e-4557-893c-f9fb6366c8c3,14,48,agent,57,13,3.613136490041829,3.504201665373866,8.683144874297655,0.5306202697664457,1
qwen14B-int4_retail_50runs,int4,e3ebc6e9-2d8e-4557-893c-f9fb6366c8c3,16,48,agent,78,13,0.2671267412692825,0.24857696379769215,0.8326853078145248,0.8357638644285982,1
qwen14B-int4_retail_50runs,int4,e3ebc6e9-2d8e-4557-893c-f9fb6366c8c3,18,48,agent,148,33,0.5047325831646157,0.5353791365201722,1.0311465308521732,0.7386939696243099,1
qwen14B-int4_retail_50runs,int4,e3ebc6e9-2d8e-4557-893c-f9fb6366c8c3,20,48,agent,61,16,3.1792714578539347,3.0617047888379014,5.493648478295654,0.47959294417634785,1
qwen14B-int4_retail_50runs,int4,e3ebc6e9-2d8e-4557-893c-f9fb6366c8c3,22,48,agent,109,23,0.3497367243263426,0.3750229107319889,0.9038662871588832,0.7904424311378958,1
qwen14B-int4_retail_50runs,int4,e3ebc6e9-2d8e-4557-893c-f9fb6366c8c3,24,48,agent,60,12,3.2013295837770217,3.150607689341639,8.050865543385347,0.49211522074178177,1
qwen14B-int4_retail_50runs,int4,e3ebc6e9-2d8e-4557-893c-f9fb6366c8c3,26,48,agent,106,20,0.36114743608125394,0.38258433093092903,0.7899531833827496,0.774948814499654,1
qwen14B-int4_retail_50runs,int4,e3ebc6e9-2d8e-4557-893c-f9fb6366c8c3,28,48,agent,149,31,0.3560785829976244,0.3304801024502636,0.888966205139314,0.7921600424638578,1
qwen14B-int4_retail_50runs,int4,e3ebc6e9-2d8e-4557-893c-f9fb6366c8c3,30,48,agent,79,30,0.5998898515067919,0.6831050343741367,0.9686530595024426,0.678612491008153,1
qwen14B-int4_retail_50runs,int4,e3ebc6e9-2d8e-4557-893c-f9fb6366c8c3,32,48,agent,96,15,0.202325134731143,0.19716549312993661,0.5794825156529745,0.8573388249189874,1
qwen14B-int4_retail_50runs,int4,e3ebc6e9-2d8e-4557-893c-f9fb6366c8c3,34,48,agent,92,7,0.1280670200609281,0.09147020138379247,0.47922581540686743,0.9118086328391124,1
qwen14B-int4_retail_50runs,int4,e3ebc6e9-2d8e-4557-893c-f9fb6366c8c3,36,48,agent,125,20,0.2227853073133005,0.2519626783903367,0.7847772877663374,0.8549123306599176,1
qwen14B-int4_retail_50runs,int4,e3ebc6e9-2d8e-4557-893c-f9fb6366c8c3,38,48,agent,116,32,0.3553978407492097,0.36012977555720077,0.7215632952284068,0.7683973332318638,1
qwen14B-int4_retail_50runs,int4,e3ebc6e9-2d8e-4557-893c-f9fb6366c8c3,40,48,agent,124,14,0.20328866778318092,0.18310979833534263,0.8330943999545914,0.8715823683028094,1
qwen14B-int4_retail_50runs,int4,e3ebc6e9-2d8e-4557-893c-f9fb6366c8c3,42,48,agent,128,35,0.5432473274827432,0.6968890732650702,1.275769821873733,0.769532465823306,1
qwen14B-int4_retail_50runs,int4,e3ebc6e9-2d8e-4557-893c-f9fb6366c8c3,44,48,agent,77,24,3.1139732573256884,3.302730748792311,4.639094896924992,0.48405580410898363,1
qwen14B-int4_retail_50runs,int4,e3ebc6e9-2d8e-4557-893c-f9fb6366c8c3,46,48,agent,18,2,3.0225744721985013,1.8544996796770075,4.572676658630371,0.5995310371164577,1
qwen14B-int4_retail_50runs,int4,58fe29bf-e3df-41e2-9842-9b7466ee7bca,2,62,agent,57,14,2.1774716921347705,2.885975908509863,5.239654572946685,0.6007054051498892,1
qwen14B-int4_retail_50runs,int4,58fe29bf-e3df-41e2-9842-9b7466ee7bca,4,62,agent,62,17,4.312989603639501,4.149483958416071,8.534325571621165,0.429628442754084,1
qwen14B-int4_retail_50runs,int4,58fe29bf-e3df-41e2-9842-9b7466ee7bca,6,62,agent,44,11,0.7971170465379228,1.1183513861592824,2.5047549375078897,0.6974262582826758,1
qwen14B-int4_retail_50runs,int4,58fe29bf-e3df-41e2-9842-9b7466ee7bca,8,62,agent,87,22,0.7978449363844387,0.8344326449593468,1.6591980457305908,0.7312251821230409,1
qwen14B-int4_retail_50runs,int4,58fe29bf-e3df-41e2-9842-9b7466ee7bca,10,62,agent,57,13,0.5960575774522866,0.7291365496094873,1.2502435027406766,0.7178638123607732,1
qwen14B-int4_retail_50runs,int4,58fe29bf-e3df-41e2-9842-9b7466ee7bca,12,62,agent,35,8,0.39398238644602573,0.3835082753980532,0.5116637535393238,0.7544487883646039,1
qwen14B-int4_retail_50runs,int4,58fe29bf-e3df-41e2-9842-9b7466ee7bca,14,62,agent,76,21,0.47551128782784874,0.5167291947948672,1.1516935843087377,0.76208928986961,1
qwen14B-int4_retail_50runs,int4,58fe29bf-e3df-41e2-9842-9b7466ee7bca,16,62,agent,111,20,0.35606062712609676,0.3757591744584497,0.8703962568193674,0.8114104069760021,1
qwen14B-int4_retail_50runs,int4,58fe29bf-e3df-41e2-9842-9b7466ee7bca,18,62,agent,106,25,0.621760728254579,0.732359904791288,1.3382515501976013,0.7001362709674953,1
qwen14B-int4_retail_50runs,int4,58fe29bf-e3df-41e2-9842-9b7466ee7bca,20,62,agent,70,21,0.5077679781709581,0.5586707545766,1.289124614426068,0.7438123047814434,1
qwen14B-int4_retail_50runs,int4,58fe29bf-e3df-41e2-9842-9b7466ee7bca,22,62,agent,115,27,0.3563864899633648,0.42586773068516764,0.9552665805375135,0.7969820310670597,1
qwen14B-int4_retail_50runs,int4,58fe29bf-e3df-41e2-9842-9b7466ee7bca,24,62,agent,136,33,0.3542923131134374,0.4966316950653522,1.0244285342368213,0.7986832104249537,1
qwen14B-int4_retail_50runs,int4,58fe29bf-e3df-41e2-9842-9b7466ee7bca,26,62,agent,78,19,0.5397064518201281,0.6551510412349382,1.6648647989097394,0.780587181326927,1
qwen14B-int4_retail_50runs,int4,58fe29bf-e3df-41e2-9842-9b7466ee7bca,28,62,agent,161,32,0.24987876016627372,0.27605640643484475,0.6274192309938371,0.8340556417270489,1
qwen14B-int4_retail_50runs,int4,58fe29bf-e3df-41e2-9842-9b7466ee7bca,30,62,agent,117,25,0.7215106565258157,0.7262232621703107,1.7216273576021195,0.7234145805797142,1
qwen14B-int4_retail_50runs,int4,58fe29bf-e3df-41e2-9842-9b7466ee7bca,32,62,agent,74,25,3.5991681478488418,3.4586107948767775,5.893494923114776,0.447057200245874,1
qwen14B-int4_retail_50runs,int4,58fe29bf-e3df-41e2-9842-9b7466ee7bca,34,62,agent,98,15,0.2937595083914057,0.24299108581927506,0.9536581476529439,0.8605566610223442,1
qwen14B-int4_retail_50runs,int4,58fe29bf-e3df-41e2-9842-9b7466ee7bca,36,62,agent,145,13,1.899932967716636,1.7951384976337523,9.262290037595308,0.6966954467369295,1
qwen14B-int4_retail_50runs,int4,58fe29bf-e3df-41e2-9842-9b7466ee7bca,39,62,agent,125,6,0.10446459626182161,0.10561843620745148,0.7581044857700666,0.9285852347518442,1
qwen14B-int4_retail_50runs,int4,58fe29bf-e3df-41e2-9842-9b7466ee7bca,41,62,agent,138,13,0.1490012840915559,0.16995075588682912,0.7662720273320491,0.907171884951306,1
qwen14B-int4_retail_50runs,int4,58fe29bf-e3df-41e2-9842-9b7466ee7bca,43,62,agent,141,16,1.8871381003855785,1.8272940931163804,8.009007120504975,0.7140579970061379,1
qwen14B-int4_retail_50runs,int4,58fe29bf-e3df-41e2-9842-9b7466ee7bca,46,62,agent,125,6,0.06510714991231964,0.09297959431056882,0.5745843475063642,0.9541852290085391,1
qwen14B-int4_retail_50runs,int4,58fe29bf-e3df-41e2-9842-9b7466ee7bca,48,62,agent,118,26,0.2950611193788187,0.309762450710249,0.8383145343798858,0.831408785224268,1
qwen14B-int4_retail_50runs,int4,58fe29bf-e3df-41e2-9842-9b7466ee7bca,50,62,agent,106,12,0.2723329104573077,0.2858639317903384,1.4437307715415955,0.8699105662568885,1
qwen14B-int4_retail_50runs,int4,58fe29bf-e3df-41e2-9842-9b7466ee7bca,52,62,agent,108,7,0.18234148875562145,0.17432725163435814,1.2664036069597517,0.9270932287396747,1
qwen14B-int4_retail_50runs,int4,58fe29bf-e3df-41e2-9842-9b7466ee7bca,54,62,agent,149,14,0.23333217156285332,0.2282397755689547,1.057698806481702,0.8957821587224595,1
qwen14B-int4_retail_50runs,int4,58fe29bf-e3df-41e2-9842-9b7466ee7bca,56,62,agent,194,38,0.38098818066223566,0.37872230462465134,0.9869811129021017,0.7969146659658023,1
qwen14B-int4_retail_50runs,int4,58fe29bf-e3df-41e2-9842-9b7466ee7bca,58,62,agent,90,12,0.2929383392828656,0.32664091997019024,0.9665737338364124,0.8413843883711524,1
qwen14B-int4_retail_50runs,int4,58fe29bf-e3df-41e2-9842-9b7466ee7bca,60,62,agent,47,3,0.189969183181533,0.19892949612770158,0.9125439623991648,0.8838774701307486,1
qwen14B-int4_retail_50runs,int4,7c138f16-b535-45be-a8e4-7b8960cefff4,2,28,agent,49,18,3.297762629132435,4.175882435265801,5.39810934704211,0.4064695517384507,0
qwen14B-int4_retail_50runs,int4,7c138f16-b535-45be-a8e4-7b8960cefff4,4,28,agent,61,17,3.9720103653828143,3.717949627931088,6.99715139410075,0.43110792965315997,0
qwen14B-int4_retail_50runs,int4,7c138f16-b535-45be-a8e4-7b8960cefff4,6,28,agent,73,14,0.6510506017690041,0.7314266204133768,1.4019835995776313,0.7280676234616917,0
qwen14B-int4_retail_50runs,int4,7c138f16-b535-45be-a8e4-7b8960cefff4,8,28,agent,31,18,1.7688842215725344,1.8630195050076799,2.172043231626352,0.512137803453806,0
qwen14B-int4_retail_50runs,int4,7c138f16-b535-45be-a8e4-7b8960cefff4,10,28,agent,66,12,0.24357168492363132,0.2282752152564743,0.5592418921490511,0.8364998852950164,0
qwen14B-int4_retail_50runs,int4,7c138f16-b535-45be-a8e4-7b8960cefff4,12,28,agent,20,8,0.46512818413390844,0.44247533171541625,0.7445206893607974,0.7234101092247006,0
qwen14B-int4_retail_50runs,int4,7c138f16-b535-45be-a8e4-7b8960cefff4,14,28,agent,75,15,0.43422542340376963,0.4628457174900448,1.2736978113651276,0.7701934700388513,0
qwen14B-int4_retail_50runs,int4,7c138f16-b535-45be-a8e4-7b8960cefff4,16,28,agent,116,23,0.37185098266714595,0.30907572659800836,0.9128643640357516,0.8009256254399344,0
qwen14B-int4_retail_50runs,int4,7c138f16-b535-45be-a8e4-7b8960cefff4,18,28,agent,168,32,0.49364614608661483,0.4928939370738218,1.5173173351213336,0.7630253908767628,0
qwen14B-int4_retail_50runs,int4,7c138f16-b535-45be-a8e4-7b8960cefff4,20,28,agent,38,10,0.4943036091212171,0.48615448929847155,0.9964607663452625,0.7534982549425611,0
qwen14B-int4_retail_50runs,int4,7c138f16-b535-45be-a8e4-7b8960cefff4,22,28,agent,69,4,0.07076281019828602,0.07711073229371096,0.5425169207155704,0.9465661034153245,0
qwen14B-int4_retail_50runs,int4,7c138f16-b535-45be-a8e4-7b8960cefff4,24,28,agent,110,27,0.5496453805867992,0.5030489678320315,1.1791510002480612,0.7385226039076943,0
qwen14B-int4_retail_50runs,int4,7c138f16-b535-45be-a8e4-7b8960cefff4,26,28,agent,35,1,0.27286815760971855,0.11631236924539527,0.7391455173492432,0.8884176342354835,0
qwen14B-int4_retail_50runs,int4,384e5c3d-1313-423a-b01a-f7b1cbbe58ec,2,26,agent,61,18,1.6595357076372148,1.855782543418407,2.7136380622784295,0.4904221523997827,1
qwen14B-int4_retail_50runs,int4,384e5c3d-1313-423a-b01a-f7b1cbbe58ec,4,26,agent,73,19,3.5187759243602654,3.3755006697120833,6.648343500338103,0.456692778436195,1
qwen14B-int4_retail_50runs,int4,384e5c3d-1313-423a-b01a-f7b1cbbe58ec,6,26,agent,43,15,0.9650449062909406,1.4943263809225094,1.620771085222562,0.6388529712354174,1
qwen14B-int4_retail_50runs,int4,384e5c3d-1313-423a-b01a-f7b1cbbe58ec,8,26,agent,88,28,0.8344023913199536,0.9673128939707716,1.0815444429005896,0.6147352204062533,1
qwen14B-int4_retail_50runs,int4,384e5c3d-1313-423a-b01a-f7b1cbbe58ec,10,26,agent,26,3,0.409044577856268,0.6297529817919505,2.1636051336924234,0.8129248587619499,1
qwen14B-int4_retail_50runs,int4,384e5c3d-1313-423a-b01a-f7b1cbbe58ec,12,26,agent,63,17,0.5303316915607197,0.5675846877624047,1.0900883543140747,0.7122950263838184,1
qwen14B-int4_retail_50runs,int4,384e5c3d-1313-423a-b01a-f7b1cbbe58ec,14,26,agent,111,29,0.9350932306324815,1.151072751182259,2.171337411835276,0.6345690309711673,1
qwen14B-int4_retail_50runs,int4,384e5c3d-1313-423a-b01a-f7b1cbbe58ec,16,26,agent,123,34,0.9025694211036017,1.1092648168595327,2.0083494409918785,0.6652810637287321,1
qwen14B-int4_retail_50runs,int4,384e5c3d-1313-423a-b01a-f7b1cbbe58ec,18,26,agent,122,17,0.34092841626620224,0.32586405317543016,1.1632440975483727,0.8246959250819734,1
qwen14B-int4_retail_50runs,int4,384e5c3d-1313-423a-b01a-f7b1cbbe58ec,20,26,agent,108,27,0.6336333155789262,0.8028671066234883,1.5866360760949276,0.7181201945900108,1
qwen14B-int4_retail_50runs,int4,384e5c3d-1313-423a-b01a-f7b1cbbe58ec,22,26,agent,62,11,0.35340401270364424,0.36440855696706653,1.214913508431478,0.8397675278035053,1
qwen14B-int4_retail_50runs,int4,384e5c3d-1313-423a-b01a-f7b1cbbe58ec,24,26,agent,112,15,0.3209292903345186,0.3441632269337118,0.9077959676583608,0.8224800791777847,1
qwen14B-int4_retail_50runs,int4,26f116fa-3b13-457b-bb29-002dbfc115f9,2,50,agent,79,28,2.61156809705289,3.0186033271475226,4.6583246894712955,0.512816237395937,0
qwen14B-int4_retail_50runs,int4,26f116fa-3b13-457b-bb29-002dbfc115f9,4,50,agent,60,16,4.290701545624547,4.118317520566525,8.595933124423027,0.4181865016107531,0
qwen14B-int4_retail_50runs,int4,26f116fa-3b13-457b-bb29-002dbfc115f9,6,50,agent,45,8,0.566420939157237,0.6900785994494455,0.5238560475409031,0.8145197067685465,0
qwen14B-int4_retail_50runs,int4,26f116fa-3b13-457b-bb29-002dbfc115f9,8,50,agent,135,27,0.7444118091548131,0.740921701820704,1.8573310756021075,0.7222135931730185,0
qwen14B-int4_retail_50runs,int4,26f116fa-3b13-457b-bb29-002dbfc115f9,10,50,agent,93,25,1.355741222085504,1.04544698114944,2.1078304997086525,0.5946755503051558,0
qwen14B-int4_retail_50runs,int4,26f116fa-3b13-457b-bb29-002dbfc115f9,12,50,agent,64,16,2.851461564993693,2.7395116884829513,6.583554872311652,0.568911548225002,0
qwen14B-int4_retail_50runs,int4,26f116fa-3b13-457b-bb29-002dbfc115f9,14,50,agent,53,12,0.4164064919315871,0.4091223966485506,0.9600310288369656,0.747312008714537,0
qwen14B-int4_retail_50runs,int4,26f116fa-3b13-457b-bb29-002dbfc115f9,16,50,agent,103,20,0.44401269405024246,0.45154397499767607,1.2210108473896981,0.7726781134616771,0
qwen14B-int4_retail_50runs,int4,26f116fa-3b13-457b-bb29-002dbfc115f9,18,50,agent,100,12,0.23918222937022315,0.14776094010515742,0.4875637212147315,0.8699155856427768,0
qwen14B-int4_retail_50runs,int4,26f116fa-3b13-457b-bb29-002dbfc115f9,20,50,agent,66,13,3.0145817527107273,2.9034915129645666,7.499351200002891,0.5581616317349237,0
qwen14B-int4_retail_50runs,int4,26f116fa-3b13-457b-bb29-002dbfc115f9,22,50,agent,85,20,0.4218201146294828,0.451021320550024,0.7987999118864536,0.7577387777681774,0
qwen14B-int4_retail_50runs,int4,26f116fa-3b13-457b-bb29-002dbfc115f9,24,50,agent,138,26,0.30578286834313023,0.31971075597994025,0.6954749174989187,0.801549984937102,0
qwen14B-int4_retail_50runs,int4,26f116fa-3b13-457b-bb29-002dbfc115f9,26,50,agent,76,17,0.24455562889830212,0.22507070658940506,0.5493179984829005,0.826420619649159,0
qwen14B-int4_retail_50runs,int4,26f116fa-3b13-457b-bb29-002dbfc115f9,28,50,agent,149,22,0.21809320759815246,0.21504500600470833,0.6179723946208303,0.8476335642171456,0
qwen14B-int4_retail_50runs,int4,26f116fa-3b13-457b-bb29-002dbfc115f9,30,50,agent,129,27,0.34100055520550265,0.341655913411922,0.8431074208131543,0.7924805174987771,0
qwen14B-int4_retail_50runs,int4,26f116fa-3b13-457b-bb29-002dbfc115f9,32,50,agent,86,19,0.3055881532292623,0.313593598405783,0.5760374618204016,0.7981904373193077,0
qwen14B-int4_retail_50runs,int4,26f116fa-3b13-457b-bb29-002dbfc115f9,34,50,agent,76,15,0.3066352086459913,0.2949746749234766,0.7633900215228399,0.8051602372489249,0
qwen14B-int4_retail_50runs,int4,26f116fa-3b13-457b-bb29-002dbfc115f9,36,50,agent,145,11,0.0928847745553268,0.0805530749133241,0.4275916503234343,0.9387116140837923,0
qwen14B-int4_retail_50runs,int4,26f116fa-3b13-457b-bb29-002dbfc115f9,38,50,agent,55,17,0.5958409026291602,0.7504854927744506,1.240856070728863,0.6798906221813888,0
qwen14B-int4_retail_50runs,int4,26f116fa-3b13-457b-bb29-002dbfc115f9,40,50,agent,205,24,0.22635856012304645,0.2189354249761129,0.9827476472904285,0.8664901784587193,0
qwen14B-int4_retail_50runs,int4,26f116fa-3b13-457b-bb29-002dbfc115f9,42,50,agent,122,18,0.2072738960905597,0.15279523643938103,0.5729785197310977,0.867431555397831,0
qwen14B-int4_retail_50runs,int4,26f116fa-3b13-457b-bb29-002dbfc115f9,44,50,agent,242,17,0.1314309518636938,0.10465130004737948,0.7645460323375814,0.9131788303330685,0
qwen14B-int4_retail_50runs,int4,26f116fa-3b13-457b-bb29-002dbfc115f9,46,50,agent,155,21,0.37955805139991045,0.35715991504778805,0.7385976094575155,0.8355316104408147,0
qwen14B-int4_retail_50runs,int4,26f116fa-3b13-457b-bb29-002dbfc115f9,48,50,agent,147,18,0.2500673791270759,0.22696267381759497,1.1674588840040896,0.8882900059908518,0
qwen14B-int4_retail_50runs,int4,e406559f-7492-4cad-90f2-8e1f7a4d7b53,2,14,agent,64,21,1.6944886373843895,2.1045827853925543,2.980372136547452,0.584221924821613,1
qwen14B-int4_retail_50runs,int4,e406559f-7492-4cad-90f2-8e1f7a4d7b53,4,14,agent,103,13,0.5068389240660984,0.4455621727941853,1.1364365506630678,0.8314054942806876,1
qwen14B-int4_retail_50runs,int4,e406559f-7492-4cad-90f2-8e1f7a4d7b53,6,14,agent,74,7,0.17388961011663712,0.15031748818384666,1.1186926535197668,0.9034979585694397,1
qwen14B-int4_retail_50runs,int4,e406559f-7492-4cad-90f2-8e1f7a4d7b53,8,14,agent,101,17,2.102677605500337,2.040074893290368,7.070856407284737,0.6958850003529318,1
qwen14B-int4_retail_50runs,int4,e406559f-7492-4cad-90f2-8e1f7a4d7b53,10,14,agent,66,12,0.27029482348287653,0.2567517572067109,0.9219834345082442,0.8494707422599064,1
qwen14B-int4_retail_50runs,int4,e406559f-7492-4cad-90f2-8e1f7a4d7b53,12,14,agent,29,3,0.21017169332478441,0.07062891297937313,0.3233867436647415,0.898312675323907,1
qwen14B-int4_retail_50runs,int4,afc6f595-3313-4a04-8c88-11f7d5375781,2,42,agent,80,24,1.8997334178785636,2.59647769209441,3.860645533849796,0.5640930122731894,1
qwen14B-int4_retail_50runs,int4,afc6f595-3313-4a04-8c88-11f7d5375781,4,42,agent,72,20,3.4790328933750305,3.319363721050482,6.004986705631017,0.486693228263267,1
qwen14B-int4_retail_50runs,int4,afc6f595-3313-4a04-8c88-11f7d5375781,6,42,agent,53,13,0.5366089339832746,0.6755854703058863,1.2068503791323075,0.7408938222902232,1
qwen14B-int4_retail_50runs,int4,afc6f595-3313-4a04-8c88-11f7d5375781,8,42,agent,51,16,0.6561048626957833,0.7858599389062016,1.3103207862004638,0.6898964533060541,1
qwen14B-int4_retail_50runs,int4,afc6f595-3313-4a04-8c88-11f7d5375781,10,42,agent,44,15,0.8041693624661804,1.1349709936129626,1.4103177696466447,0.6897876073372474,1
qwen14B-int4_retail_50runs,int4,afc6f595-3313-4a04-8c88-11f7d5375781,12,42,agent,97,21,0.37673888376579434,0.3575880040932869,0.8793693500615302,0.7920976444250951,1
qwen14B-int4_retail_50runs,int4,afc6f595-3313-4a04-8c88-11f7d5375781,14,42,agent,87,16,0.5486052811570012,0.5408754925703788,1.9568552458658814,0.8055707107194383,1
qwen14B-int4_retail_50runs,int4,afc6f595-3313-4a04-8c88-11f7d5375781,16,42,agent,76,16,0.23624621103421717,0.21988666915184882,0.7778502679429948,0.8545689546636115,1
qwen14B-int4_retail_50runs,int4,afc6f595-3313-4a04-8c88-11f7d5375781,18,42,agent,129,38,0.4919380202677883,0.5849954061448529,1.0438190835871195,0.7020490956047433,1
qwen14B-int4_retail_50runs,int4,afc6f595-3313-4a04-8c88-11f7d5375781,20,42,agent,229,50,0.4157641266232147,0.4142364466495127,1.0908340026438237,0.7744769383221926,1
qwen14B-int4_retail_50runs,int4,afc6f595-3313-4a04-8c88-11f7d5375781,22,42,agent,165,21,0.47983640944570083,0.4497626610960548,1.694753273611977,0.8383738749313623,1
qwen14B-int4_retail_50runs,int4,afc6f595-3313-4a04-8c88-11f7d5375781,24,42,agent,113,23,0.37924117108761046,0.27910744097264484,0.6985133675777394,0.8097680349440249,1
qwen14B-int4_retail_50runs,int4,afc6f595-3313-4a04-8c88-11f7d5375781,26,42,agent,63,16,3.6384005039198843,3.5095597417575264,7.848567602224648,0.5499656199470471,1
qwen14B-int4_retail_50runs,int4,afc6f595-3313-4a04-8c88-11f7d5375781,28,42,agent,74,8,0.1778249033859154,0.1859147822804608,0.49345704168081284,0.8820237183771837,1
qwen14B-int4_retail_50runs,int4,afc6f595-3313-4a04-8c88-11f7d5375781,30,42,agent,158,18,0.19388751565802578,0.1642578456922068,1.0062213449014559,0.8973568864596972,1
qwen14B-int4_retail_50runs,int4,afc6f595-3313-4a04-8c88-11f7d5375781,32,42,agent,73,5,0.1684537038687407,0.15026148429049485,1.1493332237005234,0.9053625868548546,1
qwen14B-int4_retail_50runs,int4,afc6f595-3313-4a04-8c88-11f7d5375781,34,42,agent,66,12,2.999769626579871,2.8746050311742732,7.359706107527018,0.5648200441032782,1
qwen14B-int4_retail_50runs,int4,afc6f595-3313-4a04-8c88-11f7d5375781,36,42,agent,170,28,0.562995113987955,0.5999232413767512,2.257523530295917,0.7951151460322338,1
qwen14B-int4_retail_50runs,int4,afc6f595-3313-4a04-8c88-11f7d5375781,38,42,agent,185,29,0.22146450714696178,0.22558487962427445,0.689750370280496,0.8713782493339384,1
qwen14B-int4_retail_50runs,int4,afc6f595-3313-4a04-8c88-11f7d5375781,40,42,agent,201,21,0.25653401105062945,0.17273403163456538,0.9246288506048066,0.8808724766997315,1
qwen14B-int4_retail_50runs,int4,3950ffb1-2ef7-4b68-a832-a504f5fd873c,2,26,agent,115,45,2.0933885859487575,2.3355033935906993,2.995080577664905,0.46079603014213466,1
qwen14B-int4_retail_50runs,int4,3950ffb1-2ef7-4b68-a832-a504f5fd873c,4,26,agent,72,20,3.316059448711607,3.2189081320499793,5.470148971676826,0.48472718154208266,1
qwen14B-int4_retail_50runs,int4,3950ffb1-2ef7-4b68-a832-a504f5fd873c,6,26,agent,102,27,0.7149666803638878,0.7504879076471256,1.3044829128517046,0.6965628005515668,1
qwen14B-int4_retail_50runs,int4,3950ffb1-2ef7-4b68-a832-a504f5fd873c,8,26,agent,43,10,0.6959591667481462,0.9951158796541447,2.357567586004734,0.7586553627652609,1
qwen14B-int4_retail_50runs,int4,3950ffb1-2ef7-4b68-a832-a504f5fd873c,10,26,agent,81,12,0.36357453231403375,0.3174087092799414,1.2131796057025592,0.8059378723649058,1
qwen14B-int4_retail_50runs,int4,3950ffb1-2ef7-4b68-a832-a504f5fd873c,12,26,agent,229,55,0.6747967121841272,0.6485588106486421,1.4151575032960284,0.7082779055793585,1
qwen14B-int4_retail_50runs,int4,3950ffb1-2ef7-4b68-a832-a504f5fd873c,14,26,agent,205,56,0.6967323237259905,0.6838656079865102,1.3627571103030018,0.6841501701189525,1
qwen14B-int4_retail_50runs,int4,3950ffb1-2ef7-4b68-a832-a504f5fd873c,16,26,agent,45,18,1.3679555841538886,1.566133049139656,2.1903663592206106,0.5489081493966302,1
qwen14B-int4_retail_50runs,int4,3950ffb1-2ef7-4b68-a832-a504f5fd873c,18,26,agent,521,22,0.06564261066728613,0.05600861718614233,0.9176315821029923,0.9589136429176883,1
qwen14B-int4_retail_50runs,int4,3950ffb1-2ef7-4b68-a832-a504f5fd873c,20,26,agent,213,26,0.24547710972591824,0.19667511809676155,1.1857172703513732,0.8808975392891509,1
qwen14B-int4_retail_50runs,int4,3950ffb1-2ef7-4b68-a832-a504f5fd873c,22,26,agent,109,14,0.3489536776351966,0.35320750309824933,1.9962385616132192,0.881008022951932,1
qwen14B-int4_retail_50runs,int4,3950ffb1-2ef7-4b68-a832-a504f5fd873c,24,26,agent,156,18,0.32091918954314347,0.2971876943915651,1.4549315588341818,0.8582945760861432,1
qwen14B-int4_retail_50runs,int4,34f6654e-56ac-40bf-b76a-6593e08b55f5,2,34,agent,99,36,1.4972908065396042,1.972086174768424,2.8979106773104935,0.5583714925978529,1
qwen14B-int4_retail_50runs,int4,34f6654e-56ac-40bf-b76a-6593e08b55f5,4,34,agent,77,27,2.136011159036156,3.03114436145963,4.447274321759188,0.5230879291017406,1
qwen14B-int4_retail_50runs,int4,34f6654e-56ac-40bf-b76a-6593e08b55f5,6,34,agent,70,18,3.5970127355060795,3.5253432324592406,6.989773286713494,0.5059339065126041,1
qwen14B-int4_retail_50runs,int4,34f6654e-56ac-40bf-b76a-6593e08b55f5,8,34,agent,87,30,0.6832092605941528,0.8326828030769097,1.2574208041032156,0.6696855161348086,1
qwen14B-int4_retail_50runs,int4,34f6654e-56ac-40bf-b76a-6593e08b55f5,10,34,agent,32,7,0.5916824800007132,0.6369616199574788,1.6218204966613226,0.7218800706341776,1
qwen14B-int4_retail_50runs,int4,34f6654e-56ac-40bf-b76a-6593e08b55f5,12,34,agent,72,10,0.2083952374294688,0.19903805415400938,0.7513480007648468,0.8667307206529429,1
qwen14B-int4_retail_50runs,int4,34f6654e-56ac-40bf-b76a-6593e08b55f5,15,34,agent,118,35,0.6658785716293508,0.7128818792871184,1.3726393256868634,0.6828110629553175,1
qwen14B-int4_retail_50runs,int4,34f6654e-56ac-40bf-b76a-6593e08b55f5,18,34,agent,488,46,0.20125568136225822,0.15676895464719165,0.9355764772904955,0.8861892583431011,1
qwen14B-int4_retail_50runs,int4,34f6654e-56ac-40bf-b76a-6593e08b55f5,20,34,agent,249,28,0.42698991363440286,0.3552850894296956,2.2157835321766988,0.8604503774935406,1
qwen14B-int4_retail_50runs,int4,34f6654e-56ac-40bf-b76a-6593e08b55f5,22,34,agent,55,13,0.4950746135038668,0.684132934298316,1.5443711716395159,0.7709147058904834,1
qwen14B-int4_retail_50runs,int4,34f6654e-56ac-40bf-b76a-6593e08b55f5,25,34,agent,113,30,0.4751593339047656,0.4644115630925885,0.7587845236063003,0.7504260888551509,1
qwen14B-int4_retail_50runs,int4,34f6654e-56ac-40bf-b76a-6593e08b55f5,28,34,agent,129,24,0.3333620022740179,0.3245947533991885,0.7442493640507261,0.8002263315149637,1
qwen14B-int4_retail_50runs,int4,34f6654e-56ac-40bf-b76a-6593e08b55f5,30,34,agent,85,11,0.2400172040702375,0.2730729978498747,0.9723719615827907,0.8507111402751433,1
qwen14B-int4_retail_50runs,int4,34f6654e-56ac-40bf-b76a-6593e08b55f5,32,34,agent,74,11,0.26519446151171194,0.28778909911892764,0.6909224079413847,0.8264919891802829,1
qwen14B-int4_retail_50runs,int4,6208fc0f-dc43-4b48-b20f-56f3dcce43fe,2,20,agent,78,29,1.7043349211477903,1.9622602268153413,2.8135525851414123,0.5594149374050341,1
qwen14B-int4_retail_50runs,int4,6208fc0f-dc43-4b48-b20f-56f3dcce43fe,4,20,agent,93,25,0.7678727450593309,0.6599585350630226,1.5654526916146279,0.7237700585641927,1
qwen14B-int4_retail_50runs,int4,6208fc0f-dc43-4b48-b20f-56f3dcce43fe,6,20,agent,89,14,0.5173064272371537,0.5333885358384122,1.5526616238057613,0.7836267682782231,1
qwen14B-int4_retail_50runs,int4,6208fc0f-dc43-4b48-b20f-56f3dcce43fe,8,20,agent,101,21,2.857323990538777,2.7682857077696044,6.946003993707044,0.6189228864842684,1
qwen14B-int4_retail_50runs,int4,6208fc0f-dc43-4b48-b20f-56f3dcce43fe,10,20,agent,44,15,1.9990290756874485,3.0826249548645137,4.878953935702642,0.6341415748937417,1
qwen14B-int4_retail_50runs,int4,6208fc0f-dc43-4b48-b20f-56f3dcce43fe,12,20,agent,74,20,2.9631414491908985,2.860580306699314,5.813282877951861,0.550052390662729,1
qwen14B-int4_retail_50runs,int4,6208fc0f-dc43-4b48-b20f-56f3dcce43fe,14,20,agent,104,22,0.32759046974157147,0.33452398401000893,0.9554717696525834,0.8041876780752042,1
qwen14B-int4_retail_50runs,int4,6208fc0f-dc43-4b48-b20f-56f3dcce43fe,16,20,agent,106,14,1.929848527194317,1.8314534254040642,7.741915685789926,0.6971111084322517,1
qwen14B-int4_retail_50runs,int4,6208fc0f-dc43-4b48-b20f-56f3dcce43fe,18,20,agent,47,7,0.4315809065435525,0.42153135307445383,1.6089016539709908,0.8318669326985847,1
qwen14B-int4_retail_50runs,int4,107eed96-b4f5-4c6e-b0db-df346e67068c,2,38,agent,39,13,3.4457524657937495,4.084663851287864,5.989883343760784,0.43867374061029296,1
qwen14B-int4_retail_50runs,int4,107eed96-b4f5-4c6e-b0db-df346e67068c,4,38,agent,69,27,1.4994918981269292,1.6589100946105495,2.128686899388278,0.5488586461062,1
qwen14B-int4_retail_50runs,int4,107eed96-b4f5-4c6e-b0db-df346e67068c,6,38,agent,75,20,3.351618656941918,3.246923501882619,5.945070475712418,0.4897365579548706,1
qwen14B-int4_retail_50runs,int4,107eed96-b4f5-4c6e-b0db-df346e67068c,8,38,agent,147,34,0.4946660606729946,0.542373297425992,1.3247304887456053,0.7439687909365166,1
qwen14B-int4_retail_50runs,int4,107eed96-b4f5-4c6e-b0db-df346e67068c,10,38,agent,137,28,2.0785666965929943,2.0802097733244986,5.249310325831175,0.591162748599737,1
qwen14B-int4_retail_50runs,int4,107eed96-b4f5-4c6e-b0db-df346e67068c,12,38,agent,83,15,0.41270925469033726,0.3901615458701916,0.9593297695120175,0.7823863700721394,1
qwen14B-int4_retail_50runs,int4,107eed96-b4f5-4c6e-b0db-df346e67068c,14,38,agent,58,15,3.487642936546492,3.368095698014452,7.447534030675888,0.5083503272948163,1
qwen14B-int4_retail_50runs,int4,107eed96-b4f5-4c6e-b0db-df346e67068c,16,38,agent,73,21,0.5490186658107733,0.6232953610299653,1.1361670884348096,0.705937373858823,1
qwen14B-int4_retail_50runs,int4,107eed96-b4f5-4c6e-b0db-df346e67068c,18,38,agent,134,11,1.4143336009981773,1.3634826056404077,9.011497752232986,0.7851777295748215,1
qwen14B-int4_retail_50runs,int4,107eed96-b4f5-4c6e-b0db-df346e67068c,20,38,agent,88,19,0.3805747066814588,0.41650605960919107,0.8952961975806638,0.768172953416348,1
qwen14B-int4_retail_50runs,int4,107eed96-b4f5-4c6e-b0db-df346e67068c,22,38,agent,89,12,0.2679865233574449,0.22033819314933176,0.6330550002555052,0.829924347671589,1
qwen14B-int4_retail_50runs,int4,107eed96-b4f5-4c6e-b0db-df346e67068c,24,38,agent,114,23,0.31885278934373273,0.27804104418997855,0.540766667412675,0.794741213318373,1
qwen14B-int4_retail_50runs,int4,107eed96-b4f5-4c6e-b0db-df346e67068c,26,38,agent,133,16,0.20780069988910665,0.1955853318652883,0.5983243649825454,0.8565472816666312,1
qwen14B-int4_retail_50runs,int4,107eed96-b4f5-4c6e-b0db-df346e67068c,28,38,agent,144,16,0.16525412987034704,0.17238778788080428,0.4084604508243501,0.8834042901232084,1
qwen14B-int4_retail_50runs,int4,107eed96-b4f5-4c6e-b0db-df346e67068c,30,38,agent,132,23,0.2281648915961377,0.2316833212748596,0.5907261167531428,0.8473058536434087,1
qwen14B-int4_retail_50runs,int4,107eed96-b4f5-4c6e-b0db-df346e67068c,32,38,agent,144,6,0.07152835693942958,0.07151564940895838,0.35248279944062233,0.9479526052488221,1
qwen14B-int4_retail_50runs,int4,107eed96-b4f5-4c6e-b0db-df346e67068c,34,38,agent,144,3,0.04436043992450925,0.0491865153655023,0.6512654523054758,0.965759644576987,1
qwen14B-int4_retail_50runs,int4,107eed96-b4f5-4c6e-b0db-df346e67068c,36,38,agent,144,3,0.042094281259449584,0.05196417592727601,0.8983425498008728,0.9700242558811618,1
qwen14B-int4_retail_50runs,int4,ee2fcce5-2dad-424c-8e64-83b6ed6d43ec,2,32,agent,79,24,2.232188434278068,2.8263837427379754,4.072553110619386,0.518055796474137,1
qwen14B-int4_retail_50runs,int4,ee2fcce5-2dad-424c-8e64-83b6ed6d43ec,4,32,agent,74,21,3.32183805564603,3.2158961450622474,6.3172168135643005,0.4951770940301188,1
qwen14B-int4_retail_50runs,int4,ee2fcce5-2dad-424c-8e64-83b6ed6d43ec,6,32,agent,71,21,0.684347029707699,0.9104019532621861,1.2335743237109411,0.6449364543717246,1
qwen14B-int4_retail_50runs,int4,ee2fcce5-2dad-424c-8e64-83b6ed6d43ec,8,32,agent,116,19,2.5722663538695123,2.527552662958373,7.293701984380421,0.5337856346067656,1
qwen14B-int4_retail_50runs,int4,ee2fcce5-2dad-424c-8e64-83b6ed6d43ec,11,32,agent,49,15,0.5984173406328984,0.5187262116469356,0.8420379241307576,0.665016328872448,1
qwen14B-int4_retail_50runs,int4,ee2fcce5-2dad-424c-8e64-83b6ed6d43ec,13,32,agent,62,12,3.475364260993816,3.4013690366849736,9.44842745612065,0.48538118314810663,1
qwen14B-int4_retail_50runs,int4,ee2fcce5-2dad-424c-8e64-83b6ed6d43ec,15,32,agent,109,18,0.22172692935252764,0.23432011504693714,1.0428741752273507,0.8786584830430183,1
qwen14B-int4_retail_50runs,int4,ee2fcce5-2dad-424c-8e64-83b6ed6d43ec,17,32,agent,110,17,2.2515637762537315,2.161174223422056,7.5660456335719894,0.6450423585250559,1
qwen14B-int4_retail_50runs,int4,ee2fcce5-2dad-424c-8e64-83b6ed6d43ec,20,32,agent,174,24,0.3276448547398486,0.21538517356951503,0.9058532994240522,0.8409892532187208,1
qwen14B-int4_retail_50runs,int4,ee2fcce5-2dad-424c-8e64-83b6ed6d43ec,22,32,agent,142,40,1.1010226447076723,1.3965134862905262,2.5294866345822813,0.6455134429595865,1
qwen14B-int4_retail_50runs,int4,ee2fcce5-2dad-424c-8e64-83b6ed6d43ec,24,32,agent,93,20,0.42503314607331255,0.4283036957633822,0.827325165644288,0.7390065799463968,1
qwen14B-int4_retail_50runs,int4,ee2fcce5-2dad-424c-8e64-83b6ed6d43ec,26,32,agent,68,23,0.46935278878338876,0.537747145257363,1.059045192340146,0.7306794097934509,1
qwen14B-int4_retail_50runs,int4,ee2fcce5-2dad-424c-8e64-83b6ed6d43ec,28,32,agent,137,9,0.18426963691922424,0.0935482995244682,0.5867586566342248,0.9052246353379437,1
qwen14B-int4_retail_50runs,int4,ee2fcce5-2dad-424c-8e64-83b6ed6d43ec,30,32,agent,46,6,0.2445331846271944,0.30242225419708657,1.0911732812722523,0.8415135436695244,1
qwen14B-int4_retail_50runs,int4,0f083d05-23c6-4d28-a48a-5e3c91c3862e,2,46,agent,67,22,2.089686490244815,2.4001207472054893,3.6764836324886843,0.5119130874381165,1
qwen14B-int4_retail_50runs,int4,0f083d05-23c6-4d28-a48a-5e3c91c3862e,4,46,agent,77,19,3.2744239880712978,3.1565284636068367,5.880937533943277,0.4858611141141988,1
qwen14B-int4_retail_50runs,int4,0f083d05-23c6-4d28-a48a-5e3c91c3862e,6,46,agent,44,12,0.6694020264886521,0.9151070440242014,1.7017211504280567,0.7371445105048291,1
qwen14B-int4_retail_50runs,int4,0f083d05-23c6-4d28-a48a-5e3c91c3862e,8,46,agent,28,11,2.2734034270958676,3.5363757257000543,3.6555793434381485,0.45721581101520015,1
qwen14B-int4_retail_50runs,int4,0f083d05-23c6-4d28-a48a-5e3c91c3862e,12,46,agent,55,14,0.5738572845490787,0.35866011163203176,0.6250010090214866,0.6973656337500761,1
qwen14B-int4_retail_50runs,int4,0f083d05-23c6-4d28-a48a-5e3c91c3862e,14,46,agent,100,23,0.7334987999137781,0.8025924496302037,2.7661645341178644,0.7881338012773736,1
qwen14B-int4_retail_50runs,int4,0f083d05-23c6-4d28-a48a-5e3c91c3862e,16,46,agent,45,9,0.4541350981850277,0.5562128959147958,0.8614874449041154,0.7711774367833508,1
qwen14B-int4_retail_50runs,int4,0f083d05-23c6-4d28-a48a-5e3c91c3862e,18,46,agent,286,59,0.5283005093603971,0.5573232074095341,2.070316233624846,0.8164151642435745,1
qwen14B-int4_retail_50runs,int4,0f083d05-23c6-4d28-a48a-5e3c91c3862e,20,46,agent,46,16,0.6069856585550191,0.7061480098033073,1.2938142037019134,0.714204236042001,1
qwen14B-int4_retail_50runs,int4,0f083d05-23c6-4d28-a48a-5e3c91c3862e,22,46,agent,191,22,0.19463530886435695,0.16533735600130653,0.8599648556926034,0.8766240054021045,1
qwen14B-int4_retail_50runs,int4,0f083d05-23c6-4d28-a48a-5e3c91c3862e,24,46,agent,109,16,0.17703337506421163,0.1793352401678174,0.717684003058821,0.8835547250458605,1
qwen14B-int4_retail_50runs,int4,0f083d05-23c6-4d28-a48a-5e3c91c3862e,26,46,agent,102,22,0.34409267765575263,0.3559686703288424,0.9429961666464806,0.7904387500773052,1
qwen14B-int4_retail_50runs,int4,0f083d05-23c6-4d28-a48a-5e3c91c3862e,28,46,agent,132,32,0.30078411230824975,0.29725043200109896,0.6523591137956828,0.8072211175783897,1
qwen14B-int4_retail_50runs,int4,0f083d05-23c6-4d28-a48a-5e3c91c3862e,30,46,agent,127,11,0.1602402435480925,0.11792175836665887,0.6234097954901782,0.8857575312598117,1
qwen14B-int4_retail_50runs,int4,0f083d05-23c6-4d28-a48a-5e3c91c3862e,32,46,agent,112,22,0.2953664768347926,0.26988386898815964,0.6179318380626765,0.8108638130705763,1
qwen14B-int4_retail_50runs,int4,0f083d05-23c6-4d28-a48a-5e3c91c3862e,34,46,agent,217,27,0.3388677138179962,0.4056418717057499,2.035520705911848,0.8776682893027977,1
qwen14B-int4_retail_50runs,int4,0f083d05-23c6-4d28-a48a-5e3c91c3862e,36,46,agent,84,23,0.9067671337558125,0.9868268465876059,2.556130785657012,0.725093639372665,1
qwen14B-int4_retail_50runs,int4,0f083d05-23c6-4d28-a48a-5e3c91c3862e,38,46,agent,87,19,0.28577944326192867,0.2578763346615612,0.706675294198488,0.8506870387884852,1
qwen14B-int4_retail_50runs,int4,0f083d05-23c6-4d28-a48a-5e3c91c3862e,40,46,agent,246,36,0.28027524960177325,0.2719465601528024,1.1927934462825458,0.8770991941072801,1
qwen14B-int4_retail_50runs,int4,0f083d05-23c6-4d28-a48a-5e3c91c3862e,42,46,agent,95,1,0.014398349827746041,0.01474651591552411,0.6189181804656982,0.9876193877295216,1
qwen14B-int4_retail_50runs,int4,0f083d05-23c6-4d28-a48a-5e3c91c3862e,44,46,agent,257,17,0.13590817431548957,0.10750917727902301,1.001121576218044,0.9232749121219298,1
qwen14B-int4_retail_50runs,int4,032f1145-941d-421d-b9e5-36f035e561a5,2,30,agent,77,24,1.7530500245822458,2.221680198916179,2.924790307569007,0.5840082779057318,1
qwen14B-int4_retail_50runs,int4,032f1145-941d-421d-b9e5-36f035e561a5,4,30,agent,75,19,3.3599863950427773,3.2645702762164257,6.599755513040643,0.470028040583539,1
qwen14B-int4_retail_50runs,int4,032f1145-941d-421d-b9e5-36f035e561a5,6,30,agent,62,17,0.6841078379726061,0.8403754789789666,1.3369924031636293,0.7266829673835903,1
qwen14B-int4_retail_50runs,int4,032f1145-941d-421d-b9e5-36f035e561a5,8,30,agent,55,20,0.772253829642068,0.9934973059186426,1.4364194307476281,0.6388513226965811,1
qwen14B-int4_retail_50runs,int4,032f1145-941d-421d-b9e5-36f035e561a5,10,30,agent,34,15,1.7580800095142057,2.448400429326977,3.1627014021078748,0.5509136754312021,1
qwen14B-int4_retail_50runs,int4,032f1145-941d-421d-b9e5-36f035e561a5,12,30,agent,112,21,0.3593659510828987,0.32110053863377747,1.0187599854100318,0.8059573223379924,1
qwen14B-int4_retail_50runs,int4,032f1145-941d-421d-b9e5-36f035e561a5,14,30,agent,43,13,0.3082700025139317,0.30153078873020905,0.6295322833152918,0.7925101889153591,1
qwen14B-int4_retail_50runs,int4,032f1145-941d-421d-b9e5-36f035e561a5,16,30,agent,255,33,0.2898913485781697,0.23381831400837813,1.1765873508922982,0.8449231469895819,1
qwen14B-int4_retail_50runs,int4,032f1145-941d-421d-b9e5-36f035e561a5,18,30,agent,84,14,0.17874593043395212,0.15973435993578614,0.5174088196030685,0.8737180752586924,1
qwen14B-int4_retail_50runs,int4,032f1145-941d-421d-b9e5-36f035e561a5,20,30,agent,69,8,0.22994610835888055,0.18740770231266568,0.912177637219429,0.856503791334859,1
qwen14B-int4_retail_50runs,int4,032f1145-941d-421d-b9e5-36f035e561a5,22,30,agent,206,29,0.22560776415716452,0.19055506681080045,0.8830895066775125,0.866388955449101,1
qwen14B-int4_retail_50runs,int4,032f1145-941d-421d-b9e5-36f035e561a5,24,30,agent,116,18,0.27358969327388455,0.27879970612469707,1.2196854398482375,0.888127441550353,1
qwen14B-int4_retail_50runs,int4,032f1145-941d-421d-b9e5-36f035e561a5,26,30,agent,413,33,0.15772260179245717,0.13023004966303206,1.0433217013875644,0.9203393165135255,1
qwen14B-int4_retail_50runs,int4,032f1145-941d-421d-b9e5-36f035e561a5,28,30,agent,302,33,0.17479307195773539,0.16253827568908874,0.7011065340854905,0.890898653388827,1
qwen14B-int4_retail_50runs,int4,243d4ea7-cad6-4a97-b79b-a910c6f574f6,2,32,agent,86,30,1.9707398088302037,2.5945017618303057,3.3161397273341815,0.5604542066349298,0
qwen14B-int4_retail_50runs,int4,243d4ea7-cad6-4a97-b79b-a910c6f574f6,4,32,agent,74,19,3.471641000328094,3.3683907459615874,6.677316527617605,0.47201562083597093,0
qwen14B-int4_retail_50runs,int4,243d4ea7-cad6-4a97-b79b-a910c6f574f6,6,32,agent,53,17,0.793793681302913,0.8880006127254728,1.1598016492584173,0.6494907294799971,0
qwen14B-int4_retail_50runs,int4,243d4ea7-cad6-4a97-b79b-a910c6f574f6,8,32,agent,75,15,0.42458385305141744,0.35328822554057343,0.6473685294389725,0.7658909644588747,0
qwen14B-int4_retail_50runs,int4,243d4ea7-cad6-4a97-b79b-a910c6f574f6,10,32,agent,116,33,0.5230723704145199,0.47632290801940996,0.8480829467827623,0.6887399456821228,0
qwen14B-int4_retail_50runs,int4,243d4ea7-cad6-4a97-b79b-a910c6f574f6,12,32,agent,61,15,3.7954333064207177,3.6942448819973426,7.525796081622442,0.4356595343849431,0
qwen14B-int4_retail_50runs,int4,243d4ea7-cad6-4a97-b79b-a910c6f574f6,14,32,agent,100,31,0.6077405972225823,0.7653769492576198,1.272248014807701,0.6771852626491728,0
qwen14B-int4_retail_50runs,int4,243d4ea7-cad6-4a97-b79b-a910c6f574f6,16,32,agent,122,34,0.41816675259234115,0.42552291627453326,0.9227847034002051,0.7860019626855164,0
qwen14B-int4_retail_50runs,int4,243d4ea7-cad6-4a97-b79b-a910c6f574f6,18,32,agent,128,27,0.5429418297145443,0.475221905038355,1.2484687351518207,0.7422592583813946,0
qwen14B-int4_retail_50runs,int4,243d4ea7-cad6-4a97-b79b-a910c6f574f6,20,32,agent,98,16,0.5206950348770082,0.4881744931179208,1.8619586573913693,0.8074514791801923,0
qwen14B-int4_retail_50runs,int4,243d4ea7-cad6-4a97-b79b-a910c6f574f6,22,32,agent,127,24,0.41789001514799046,0.3491419227484518,0.8432657557229201,0.7709113779643131,0
qwen14B-int4_retail_50runs,int4,243d4ea7-cad6-4a97-b79b-a910c6f574f6,24,32,agent,143,26,0.30374273878505287,0.3356842375425241,0.8478601824205655,0.8121934108421381,0
qwen14B-int4_retail_50runs,int4,243d4ea7-cad6-4a97-b79b-a910c6f574f6,26,32,agent,211,54,0.39434270760489826,0.45519078148574416,0.8818122210601965,0.7617781060673818,0
qwen14B-int4_retail_50runs,int4,243d4ea7-cad6-4a97-b79b-a910c6f574f6,28,32,agent,270,52,0.2588477893345468,0.2730007158976939,0.5901875136276851,0.8255062958536684,0
qwen14B-int4_retail_50runs,int4,243d4ea7-cad6-4a97-b79b-a910c6f574f6,30,32,agent,318,56,0.1997165555875388,0.21471963930971386,0.6253263418163572,0.8638706408191443,0
qwen14B-int4_retail_50runs,int4,782162b3-cbcb-42d9-9f26-8e43b99a5a8e,2,34,agent,75,26,2.482484269579933,3.426724304286472,5.131183885611021,0.5360003698723502,1
qwen14B-int4_retail_50runs,int4,782162b3-cbcb-42d9-9f26-8e43b99a5a8e,4,34,agent,72,19,3.46334072290057,3.389853416220079,6.932740740085903,0.5145141597656014,1
qwen14B-int4_retail_50runs,int4,782162b3-cbcb-42d9-9f26-8e43b99a5a8e,6,34,agent,81,18,0.8325600961629466,1.053343639304515,2.459400643905004,0.7387572740489147,1
qwen14B-int4_retail_50runs,int4,782162b3-cbcb-42d9-9f26-8e43b99a5a8e,8,34,agent,43,13,0.7748159661610071,0.8951823555348357,1.6607478914352565,0.7001351993057064,1
qwen14B-int4_retail_50runs,int4,782162b3-cbcb-42d9-9f26-8e43b99a5a8e,10,34,agent,125,36,0.6085509496103036,0.6400426568954044,1.1997103904270463,0.6866173370142055,1
qwen14B-int4_retail_50runs,int4,782162b3-cbcb-42d9-9f26-8e43b99a5a8e,12,34,agent,59,17,4.046623387550501,3.961134703506294,8.172547308837666,0.45994098114239407,1
qwen14B-int4_retail_50runs,int4,782162b3-cbcb-42d9-9f26-8e43b99a5a8e,14,34,agent,219,30,0.1913906098726952,0.1634499291075455,0.7336857100327809,0.8717435481125521,1
qwen14B-int4_retail_50runs,int4,782162b3-cbcb-42d9-9f26-8e43b99a5a8e,16,34,agent,133,25,0.5311544284454162,0.5428640970795513,1.8002946603298187,0.7685938302061357,1
qwen14B-int4_retail_50runs,int4,782162b3-cbcb-42d9-9f26-8e43b99a5a8e,18,34,agent,111,15,0.2875194527192617,0.20977229171905684,0.8575758139292399,0.8275935758860705,1
qwen14B-int4_retail_50runs,int4,782162b3-cbcb-42d9-9f26-8e43b99a5a8e,20,34,agent,186,43,0.3984620097169974,0.3962445714005618,0.9667253646739694,0.7738546192053714,1
qwen14B-int4_retail_50runs,int4,782162b3-cbcb-42d9-9f26-8e43b99a5a8e,22,34,agent,226,40,0.3081175818309948,0.28427647701410763,0.9617847768589854,0.842856528022486,1
qwen14B-int4_retail_50runs,int4,782162b3-cbcb-42d9-9f26-8e43b99a5a8e,24,34,agent,306,57,0.28575821861066136,0.2798860502380697,0.7898085607509864,0.8243555145484209,1
qwen14B-int4_retail_50runs,int4,782162b3-cbcb-42d9-9f26-8e43b99a5a8e,26,34,agent,121,21,0.30701651195351415,0.25876985827668014,1.0089163049345924,0.8628360643883007,1
qwen14B-int4_retail_50runs,int4,782162b3-cbcb-42d9-9f26-8e43b99a5a8e,28,34,agent,74,7,0.17487753410089935,0.15086487516866398,0.9468359244721276,0.9007173530312677,1
qwen14B-int4_retail_50runs,int4,782162b3-cbcb-42d9-9f26-8e43b99a5a8e,30,34,agent,142,13,0.34582714856380237,0.2554563753353964,1.1972867691746125,0.866430804245385,1
qwen14B-int4_retail_50runs,int4,782162b3-cbcb-42d9-9f26-8e43b99a5a8e,32,34,agent,45,5,0.1585585505092837,0.20714918793474563,0.6899104505777359,0.9001247265842665,1
qwen14B-int4_retail_50runs,int4,fd27577f-9382-4326-9b88-ef406386ea21,2,54,agent,72,21,2.1854485404000363,2.9822520838558453,5.125307409536271,0.512184478219184,1
qwen14B-int4_retail_50runs,int4,fd27577f-9382-4326-9b88-ef406386ea21,4,54,agent,74,20,3.425783625972455,3.3350845226008516,6.322858928143978,0.4911775639486209,1
qwen14B-int4_retail_50runs,int4,fd27577f-9382-4326-9b88-ef406386ea21,6,54,agent,101,28,1.0087569842805018,1.3188480611838502,2.8681023759501323,0.7031285777455457,1
qwen14B-int4_retail_50runs,int4,fd27577f-9382-4326-9b88-ef406386ea21,8,54,agent,272,44,1.5166398862704056,1.493246478111474,4.559233366765759,0.6614173960060801,1
qwen14B-int4_retail_50runs,int4,fd27577f-9382-4326-9b88-ef406386ea21,12,54,agent,73,13,0.6269643544447182,0.7561208511079468,1.8119658804856813,0.7304065598704284,1
qwen14B-int4_retail_50runs,int4,fd27577f-9382-4326-9b88-ef406386ea21,14,54,agent,274,20,1.0895763996008097,1.0457532631114066,6.156222319602966,0.7823075715462812,1
qwen14B-int4_retail_50runs,int4,fd27577f-9382-4326-9b88-ef406386ea21,18,54,agent,75,14,0.4162903202419936,0.38840342262499855,0.6590174319488662,0.7746273077844428,1
qwen14B-int4_retail_50runs,int4,fd27577f-9382-4326-9b88-ef406386ea21,20,54,agent,59,17,0.5346023179543531,0.6977284579568023,1.3379239851937574,0.7524775938940105,1
qwen14B-int4_retail_50runs,int4,fd27577f-9382-4326-9b88-ef406386ea21,22,54,agent,68,18,0.42801372178170494,0.3979801549609219,0.8031903016898367,0.754267940270554,1
qwen14B-int4_retail_50runs,int4,fd27577f-9382-4326-9b88-ef406386ea21,24,54,agent,108,24,0.5601092426035408,0.5043908411664746,1.1251706207791965,0.7213673381499466,1
qwen14B-int4_retail_50runs,int4,fd27577f-9382-4326-9b88-ef406386ea21,26,54,agent,60,15,3.7347092518612164,3.6503579235703216,7.663379516204198,0.4800083141548779,1
qwen14B-int4_retail_50runs,int4,fd27577f-9382-4326-9b88-ef406386ea21,28,54,agent,134,22,0.3695988737191827,0.4029342824916638,1.2108463285998865,0.8079576160417224,1
qwen14B-int4_retail_50runs,int4,fd27577f-9382-4326-9b88-ef406386ea21,30,54,agent,69,12,0.5516954203219958,0.6925511953457075,2.150890494386355,0.7976015410166103,1
qwen14B-int4_retail_50runs,int4,fd27577f-9382-4326-9b88-ef406386ea21,32,54,agent,65,14,0.29876323392829557,0.2853722685686067,0.698291715234518,0.8064817660688305,1
qwen14B-int4_retail_50runs,int4,fd27577f-9382-4326-9b88-ef406386ea21,34,54,agent,106,21,0.36039355519535216,0.3872749375064694,0.9786491457905088,0.7745097656341576,1
qwen14B-int4_retail_50runs,int4,fd27577f-9382-4326-9b88-ef406386ea21,36,54,agent,98,27,0.3965503001951122,0.426913949736191,0.7356061281429397,0.7510722570438428,1
qwen14B-int4_retail_50runs,int4,fd27577f-9382-4326-9b88-ef406386ea21,38,54,agent,79,16,0.2436731846003593,0.2607391063720381,0.45796025171875954,0.8255742330305663,1
qwen14B-int4_retail_50runs,int4,fd27577f-9382-4326-9b88-ef406386ea21,40,54,agent,80,8,0.18531589490705686,0.15425574698318098,0.626165134832263,0.8723034754765955,1
qwen14B-int4_retail_50runs,int4,fd27577f-9382-4326-9b88-ef406386ea21,42,54,agent,112,28,0.33355182448017145,0.3173753915201516,0.6545596245144095,0.7810146369315474,1
qwen14B-int4_retail_50runs,int4,fd27577f-9382-4326-9b88-ef406386ea21,44,54,agent,96,19,0.35722657478000164,0.32938267527609055,0.8759802093631343,0.7738714322790137,1
qwen14B-int4_retail_50runs,int4,fd27577f-9382-4326-9b88-ef406386ea21,46,54,agent,115,10,0.11723664218458466,0.10315195509019431,0.6871516712009906,0.9168360170748198,1
qwen14B-int4_retail_50runs,int4,fd27577f-9382-4326-9b88-ef406386ea21,48,54,agent,152,19,0.36349672142536493,0.4451124669175273,1.926316558922592,0.8648857736045121,1
qwen14B-int4_retail_50runs,int4,fd27577f-9382-4326-9b88-ef406386ea21,50,54,agent,46,9,0.4469230020831155,0.45925765860456436,0.7466684016916487,0.7706197088664603,1
qwen14B-int4_retail_50runs,int4,fd27577f-9382-4326-9b88-ef406386ea21,52,54,agent,18,3,3.3357235519218653,2.144676262786774,3.8489543919761977,0.5862988915589062,1
qwen14B-int4_retail_50runs,int4,4eb9b777-7328-46e8-94e6-38bd7094ea82,2,12,agent,36,13,2.823381865897204,3.9279615914943986,5.376936371509846,0.48610553185471833,1
qwen14B-int4_retail_50runs,int4,4eb9b777-7328-46e8-94e6-38bd7094ea82,4,12,agent,74,22,0.8915105877525054,1.1813912054257802,2.211018492552367,0.6829998180468099,1
qwen14B-int4_retail_50runs,int4,4eb9b777-7328-46e8-94e6-38bd7094ea82,6,12,agent,130,40,0.7674380628938156,0.9169452359803288,1.5791431153193116,0.6602969016569066,1
qwen14B-int4_retail_50runs,int4,4eb9b777-7328-46e8-94e6-38bd7094ea82,8,12,agent,71,19,3.5593434977633507,3.7496140039210206,6.593368828296661,0.42700528732690685,1
qwen14B-int4_retail_50runs,int4,4eb9b777-7328-46e8-94e6-38bd7094ea82,10,12,agent,18,2,3.0689980104139125,1.84042057379392,4.261865735054016,0.5961104311988631,1
qwen14B-int4_retail_50runs,int4,a0ad3af6-0bcf-4313-8763-9314bd89a510,2,46,agent,103,28,1.7823495978424146,2.631920061674191,4.718691834913833,0.6397313536408223,1
qwen14B-int4_retail_50runs,int4,a0ad3af6-0bcf-4313-8763-9314bd89a510,4,46,agent,73,20,3.4560465998140613,3.320875405185376,5.904014939069748,0.47988769954527405,1
qwen14B-int4_retail_50runs,int4,a0ad3af6-0bcf-4313-8763-9314bd89a510,6,46,agent,53,15,0.7146283294684448,0.9936040702191166,1.2074971730510393,0.6574110667041894,1
qwen14B-int4_retail_50runs,int4,a0ad3af6-0bcf-4313-8763-9314bd89a510,8,46,agent,54,17,0.7039744084948312,0.7969217461515541,0.983809727956267,0.6413300794870566,1
qwen14B-int4_retail_50runs,int4,a0ad3af6-0bcf-4313-8763-9314bd89a510,10,46,agent,28,7,0.7623426741328468,1.1541326444796383,1.2655572699648994,0.7395975743267265,1
qwen14B-int4_retail_50runs,int4,a0ad3af6-0bcf-4313-8763-9314bd89a510,12,46,agent,59,26,0.7499899427797172,0.8992310009428031,1.1422610864616358,0.6052080797503134,1
qwen14B-int4_retail_50runs,int4,a0ad3af6-0bcf-4313-8763-9314bd89a510,14,46,agent,75,17,0.2682219315202216,0.21540989283044154,0.5019297801396426,0.8236036380387549,1
qwen14B-int4_retail_50runs,int4,a0ad3af6-0bcf-4313-8763-9314bd89a510,16,46,agent,67,9,0.20931599563251937,0.2298211057127755,0.9534930504030652,0.8676151626569987,1
qwen14B-int4_retail_50runs,int4,a0ad3af6-0bcf-4313-8763-9314bd89a510,18,46,agent,123,17,0.4177603713471405,0.3580748087180572,1.5495561869705425,0.8341385526572755,1
qwen14B-int4_retail_50runs,int4,a0ad3af6-0bcf-4313-8763-9314bd89a510,20,46,agent,136,38,0.8173215206332864,1.0665657920948486,1.7190163353163945,0.6681558438510343,1
qwen14B-int4_retail_50runs,int4,a0ad3af6-0bcf-4313-8763-9314bd89a510,22,46,agent,195,34,0.42535355128908064,0.5445524365539992,1.6241188345148283,0.8012157272793052,1
qwen14B-int4_retail_50runs,int4,a0ad3af6-0bcf-4313-8763-9314bd89a510,24,46,agent,141,18,0.34673704996203525,0.40534524646465814,1.2026516637868352,0.8432938896217467,1
qwen14B-int4_retail_50runs,int4,a0ad3af6-0bcf-4313-8763-9314bd89a510,26,46,agent,151,15,0.2028259737500253,0.28553419375464145,1.424271747469902,0.8932065868633767,1
qwen14B-int4_retail_50runs,int4,a0ad3af6-0bcf-4313-8763-9314bd89a510,28,46,agent,79,13,0.4546516016721552,0.5435770188374045,1.0759531878508055,0.8149435185843389,1
qwen14B-int4_retail_50runs,int4,a0ad3af6-0bcf-4313-8763-9314bd89a510,30,46,agent,96,21,0.25475687266947283,0.34958116406140577,0.7786256834155038,0.8335287383419315,1
qwen14B-int4_retail_50runs,int4,a0ad3af6-0bcf-4313-8763-9314bd89a510,32,46,agent,138,22,0.22147418939778085,0.19328539757453847,0.6407836756922982,0.8573546586890743,1
qwen14B-int4_retail_50runs,int4,a0ad3af6-0bcf-4313-8763-9314bd89a510,34,46,agent,176,27,0.26267406888922545,0.2458714789887742,0.5361522016701875,0.8398403623594902,1
qwen14B-int4_retail_50runs,int4,a0ad3af6-0bcf-4313-8763-9314bd89a510,36,46,agent,180,33,0.2876726864452984,0.2825822012570722,0.7221675772558559,0.8247068838718087,1
qwen14B-int4_retail_50runs,int4,a0ad3af6-0bcf-4313-8763-9314bd89a510,38,46,agent,116,20,0.23254918722120407,0.26043598393397904,0.8112636186182499,0.8467689682719459,1
qwen14B-int4_retail_50runs,int4,a0ad3af6-0bcf-4313-8763-9314bd89a510,40,46,agent,53,9,0.3352626322518542,0.4710778544441927,1.4166383925411437,0.8319372698518884,1
qwen14B-int4_retail_50runs,int4,a0ad3af6-0bcf-4313-8763-9314bd89a510,42,46,agent,243,29,0.16129583049606253,0.17387052523590038,0.8702165204389342,0.9092292230780036,1
qwen14B-int4_retail_50runs,int4,a0ad3af6-0bcf-4313-8763-9314bd89a510,44,46,agent,49,8,0.21217846300061471,0.22374946825765676,0.8040795549750328,0.8624584507504409,1
qwen14B-int4_retail_50runs,int4,04d56ec0-a0b9-435c-be53-a39f73f05d9a,2,52,agent,78,27,2.116863594577015,2.7890714326792576,3.6671337623287132,0.5676757076588818,1
qwen14B-int4_retail_50runs,int4,04d56ec0-a0b9-435c-be53-a39f73f05d9a,4,52,agent,74,20,3.2235163346319413,3.0707797996785366,5.513948403298855,0.4905768895665235,1
qwen14B-int4_retail_50runs,int4,04d56ec0-a0b9-435c-be53-a39f73f05d9a,6,52,agent,145,44,0.5543408199916443,0.6294631681104149,1.0010017327625642,0.7092804744465238,1
qwen14B-int4_retail_50runs,int4,04d56ec0-a0b9-435c-be53-a39f73f05d9a,8,52,agent,60,17,3.846460657157289,3.7055699591291025,6.936769655522178,0.4335521006597631,1
qwen14B-int4_retail_50runs,int4,04d56ec0-a0b9-435c-be53-a39f73f05d9a,10,52,agent,116,13,0.15158129254149233,0.14786830929036654,0.7348211889083569,0.9020120955902067,1
qwen14B-int4_retail_50runs,int4,04d56ec0-a0b9-435c-be53-a39f73f05d9a,12,52,agent,59,13,3.267565529808044,3.106259300600955,6.620049366584191,0.5051238575011718,1
qwen14B-int4_retail_50runs,int4,04d56ec0-a0b9-435c-be53-a39f73f05d9a,14,52,agent,62,9,0.3237202628986379,0.2564113967129214,0.9871634112464057,0.8036329400452653,1
qwen14B-int4_retail_50runs,int4,04d56ec0-a0b9-435c-be53-a39f73f05d9a,16,52,agent,141,13,0.17393217251599433,0.1335114131188651,0.29175219570214933,0.895545971594434,1
qwen14B-int4_retail_50runs,int4,04d56ec0-a0b9-435c-be53-a39f73f05d9a,18,52,agent,102,14,0.1692779672093968,0.13525611973291843,0.5870747539613929,0.8896212893996115,1
qwen14B-int4_retail_50runs,int4,04d56ec0-a0b9-435c-be53-a39f73f05d9a,20,52,agent,181,21,0.22584082072365852,0.18718098423889454,0.9165623507329396,0.8838516913340401,1
qwen14B-int4_retail_50runs,int4,04d56ec0-a0b9-435c-be53-a39f73f05d9a,22,52,agent,96,30,0.7694765195069712,0.8363336931274636,1.2997730841239294,0.6474640150364513,1
qwen14B-int4_retail_50runs,int4,04d56ec0-a0b9-435c-be53-a39f73f05d9a,24,52,agent,94,20,2.3590998123031177,2.2373399714997206,5.865169855952263,0.6189391275721523,1
qwen14B-int4_retail_50runs,int4,04d56ec0-a0b9-435c-be53-a39f73f05d9a,26,52,agent,97,18,0.32473487416503116,0.29405502120991917,0.7551729012694623,0.8041031052420359,1
qwen14B-int4_retail_50runs,int4,04d56ec0-a0b9-435c-be53-a39f73f05d9a,28,52,agent,62,12,0.23071135200270354,0.25594088414415544,0.634815069536368,0.83261274495085,1
qwen14B-int4_retail_50runs,int4,04d56ec0-a0b9-435c-be53-a39f73f05d9a,30,52,agent,105,12,0.15425043730887697,0.14151981962511198,0.5491664744913578,0.8889203884189022,1
qwen14B-int4_retail_50runs,int4,04d56ec0-a0b9-435c-be53-a39f73f05d9a,32,52,agent,122,9,0.13005714833527585,0.08191305325013444,0.6486549741692014,0.914563542654613,1
qwen14B-int4_retail_50runs,int4,04d56ec0-a0b9-435c-be53-a39f73f05d9a,34,52,agent,149,13,0.14379709127967608,0.11893816803942577,0.7360375087994796,0.899316331607031,1
qwen14B-int4_retail_50runs,int4,04d56ec0-a0b9-435c-be53-a39f73f05d9a,36,52,agent,197,18,0.1712024678960266,0.1685076768005662,0.7288330424990919,0.8947109021668062,1
qwen14B-int4_retail_50runs,int4,04d56ec0-a0b9-435c-be53-a39f73f05d9a,38,52,agent,79,12,0.60771064885167,0.5448669654253179,2.0048737886051335,0.8091136153044802,1
qwen14B-int4_retail_50runs,int4,04d56ec0-a0b9-435c-be53-a39f73f05d9a,40,52,agent,67,15,2.7918554348587854,2.5047294615377957,6.131780330340067,0.5295607792730701,1
qwen14B-int4_retail_50runs,int4,04d56ec0-a0b9-435c-be53-a39f73f05d9a,42,52,agent,96,6,0.08945958025138727,0.06276386992115009,0.36448444426059723,0.9399632080396936,1
qwen14B-int4_retail_50runs,int4,04d56ec0-a0b9-435c-be53-a39f73f05d9a,44,52,agent,65,12,2.8581902113833104,2.7313688911313707,7.708877156178157,0.5927626452069041,1
qwen14B-int4_retail_50runs,int4,04d56ec0-a0b9-435c-be53-a39f73f05d9a,46,52,agent,99,8,0.10520726466500248,0.1359609797635495,1.078517496585846,0.942916382191472,1
qwen14B-int4_retail_50runs,int4,04d56ec0-a0b9-435c-be53-a39f73f05d9a,48,52,agent,95,13,1.9230662218686,1.775274879013579,6.594788283109665,0.6591449367117297,1
qwen14B-int4_retail_50runs,int4,04d56ec0-a0b9-435c-be53-a39f73f05d9a,50,52,agent,152,17,0.2369984854302576,0.15957913929642695,0.7234043724396649,0.8880979387867773,1
qwen14B-int4_retail_50runs,int4,003fed17-8eb2-41fc-9d14-e76d51a40da1,2,24,agent,42,15,2.017313398559912,3.172595557841594,3.8032188018163047,0.5451378234544733,1
qwen14B-int4_retail_50runs,int4,003fed17-8eb2-41fc-9d14-e76d51a40da1,4,24,agent,44,14,0.8781069861769363,0.9345136651036524,1.0834189695971352,0.5754289203966322,1
qwen14B-int4_retail_50runs,int4,003fed17-8eb2-41fc-9d14-e76d51a40da1,6,24,agent,72,13,2.996975395962654,2.8582904072007613,9.265680303940407,0.607690946401489,1
qwen14B-int4_retail_50runs,int4,003fed17-8eb2-41fc-9d14-e76d51a40da1,8,24,agent,82,27,0.7410960655407485,0.9569852566821996,1.14300230835323,0.6471653099156847,1
qwen14B-int4_retail_50runs,int4,003fed17-8eb2-41fc-9d14-e76d51a40da1,10,24,agent,66,28,0.8098738517296487,0.9934468152176124,1.2357759201633078,0.5950143741095573,1
qwen14B-int4_retail_50runs,int4,003fed17-8eb2-41fc-9d14-e76d51a40da1,12,24,agent,96,20,0.3761330064882233,0.42908186938252424,1.2246349930763245,0.7897810799515378,1
qwen14B-int4_retail_50runs,int4,003fed17-8eb2-41fc-9d14-e76d51a40da1,14,24,agent,57,15,3.508219475418467,3.399573521025087,7.307925075292587,0.5028614171361654,1
qwen14B-int4_retail_50runs,int4,003fed17-8eb2-41fc-9d14-e76d51a40da1,16,24,agent,83,17,0.4769929614088228,0.4773272829458233,0.9108025282621384,0.7455032567378904,1
qwen14B-int4_retail_50runs,int4,003fed17-8eb2-41fc-9d14-e76d51a40da1,18,24,agent,97,17,0.38486312238277065,0.4195358147392997,0.9784647506826064,0.8272796316456333,1
qwen14B-int4_retail_50runs,int4,003fed17-8eb2-41fc-9d14-e76d51a40da1,20,24,agent,102,18,2.2248249058431724,2.1520811705438034,7.480402357048458,0.7026421705007326,1
qwen14B-int4_retail_50runs,int4,003fed17-8eb2-41fc-9d14-e76d51a40da1,22,24,agent,62,5,0.2507358053975513,0.17529466256330115,0.6308101356029511,0.8841860553581538,1
qwen14B-int4_retail_50runs,int4,f95e5f31-7650-49d1-aedf-3a92dd1e1680,2,48,agent,74,19,3.7200919617810384,3.6323887758168203,7.762836362186231,0.4600089311799601,1
qwen14B-int4_retail_50runs,int4,f95e5f31-7650-49d1-aedf-3a92dd1e1680,4,48,agent,69,23,1.1162629623777889,1.2081881746508818,1.5786915784296782,0.5768043501459438,1
qwen14B-int4_retail_50runs,int4,f95e5f31-7650-49d1-aedf-3a92dd1e1680,6,48,agent,113,22,2.8249587586098373,2.77236049742665,6.8180556365034795,0.49764302006071975,1
qwen14B-int4_retail_50runs,int4,f95e5f31-7650-49d1-aedf-3a92dd1e1680,9,48,agent,76,21,0.5101930485634556,0.5876724014854665,1.1764303907042457,0.7075322063479131,1
qwen14B-int4_retail_50runs,int4,f95e5f31-7650-49d1-aedf-3a92dd1e1680,11,48,agent,58,12,3.692465217646534,3.5517240813414497,8.848791169623533,0.49726307719941015,1
qwen14B-int4_retail_50runs,int4,f95e5f31-7650-49d1-aedf-3a92dd1e1680,13,48,agent,126,40,0.6022529498851789,0.5444518476471367,0.7333863936364651,0.6712272922249588,1
qwen14B-int4_retail_50runs,int4,f95e5f31-7650-49d1-aedf-3a92dd1e1680,15,48,agent,107,20,0.20958094960446225,0.2045439370101908,0.6675043817609548,0.8668883804601961,1
qwen14B-int4_retail_50runs,int4,f95e5f31-7650-49d1-aedf-3a92dd1e1680,17,48,agent,154,33,0.4298189167957476,0.46571768372898953,1.148424670100212,0.7794961040421128,1
qwen14B-int4_retail_50runs,int4,f95e5f31-7650-49d1-aedf-3a92dd1e1680,19,48,agent,352,48,0.3494317967336466,0.29854203394714207,1.41437899445494,0.8415957175470935,1
qwen14B-int4_retail_50runs,int4,f95e5f31-7650-49d1-aedf-3a92dd1e1680,21,48,agent,199,34,0.28209343144540583,0.2275831540852957,0.8754240506712128,0.8372338756955223,1
qwen14B-int4_retail_50runs,int4,f95e5f31-7650-49d1-aedf-3a92dd1e1680,23,48,agent,108,22,2.2151303986772337,2.1383346475237985,6.159816931594502,0.6578350477868118,1
qwen14B-int4_retail_50runs,int4,f95e5f31-7650-49d1-aedf-3a92dd1e1680,25,48,agent,60,19,0.8563869938028783,1.1236381073934947,1.6291078368299885,0.687767468060221,1
qwen14B-int4_retail_50runs,int4,f95e5f31-7650-49d1-aedf-3a92dd1e1680,28,48,agent,88,17,0.35805343054368133,0.3642516429707242,1.0272187800968395,0.7794926679729066,1
qwen14B-int4_retail_50runs,int4,f95e5f31-7650-49d1-aedf-3a92dd1e1680,30,48,agent,110,25,0.4091673519487027,0.4030422906497369,1.0831832706928253,0.7645494058074629,1
qwen14B-int4_retail_50runs,int4,f95e5f31-7650-49d1-aedf-3a92dd1e1680,32,48,agent,98,10,2.159333118239791,2.0360158278973017,9.660891908407212,0.6936392066397243,1
qwen14B-int4_retail_50runs,int4,f95e5f31-7650-49d1-aedf-3a92dd1e1680,34,48,agent,134,30,0.3143911413905783,0.3345032324874629,0.782278944303592,0.7985247252598607,1
qwen14B-int4_retail_50runs,int4,f95e5f31-7650-49d1-aedf-3a92dd1e1680,36,48,agent,128,28,0.8218415754191657,0.9418789337567245,1.9781297759285994,0.7385296948783449,1
qwen14B-int4_retail_50runs,int4,f95e5f31-7650-49d1-aedf-3a92dd1e1680,38,48,agent,65,17,3.0022929403992116,2.899375072964726,6.396619391791961,0.547045835717425,1
qwen14B-int4_retail_50runs,int4,f95e5f31-7650-49d1-aedf-3a92dd1e1680,40,48,agent,105,21,0.26808772557506494,0.28932351158189346,0.7306516276938575,0.8303960299928962,1
qwen14B-int4_retail_50runs,int4,f95e5f31-7650-49d1-aedf-3a92dd1e1680,42,48,agent,161,19,0.19668617364445898,0.15670806305044893,0.6732522900167265,0.871316265511971,1
qwen14B-int4_retail_50runs,int4,f95e5f31-7650-49d1-aedf-3a92dd1e1680,44,48,agent,295,43,0.3110807332466969,0.29966971235487283,1.1298275565685227,0.8425418304521438,1
qwen14B-int4_retail_50runs,int4,f95e5f31-7650-49d1-aedf-3a92dd1e1680,46,48,agent,482,31,0.11312821057376318,0.09180575982851065,0.7561454503766952,0.9311506702030246,1
qwen14B-int4_retail_50runs,int4,2aa28f78-37e6-45c0-8f76-66cc05777eb8,2,36,agent,198,59,0.8770988632674462,0.9826021891927951,1.7951430044436858,0.6697767510858307,1
qwen14B-int4_retail_50runs,int4,2aa28f78-37e6-45c0-8f76-66cc05777eb8,4,36,agent,60,17,4.377207970767552,4.193472484215924,8.457399494507733,0.4129155182836182,1
qwen14B-int4_retail_50runs,int4,2aa28f78-37e6-45c0-8f76-66cc05777eb8,6,36,agent,40,13,1.4328365922476223,1.870120038530634,3.006537701648015,0.5691294782669013,1
qwen14B-int4_retail_50runs,int4,2aa28f78-37e6-45c0-8f76-66cc05777eb8,8,36,agent,73,14,2.9435735515918386,2.7850351780213165,7.279330159936633,0.5795692924456876,1
qwen14B-int4_retail_50runs,int4,2aa28f78-37e6-45c0-8f76-66cc05777eb8,10,36,agent,83,20,0.5446648345548094,0.6072228926694967,1.3847611717879773,0.7591347624445381,1
qwen14B-int4_retail_50runs,int4,2aa28f78-37e6-45c0-8f76-66cc05777eb8,12,36,agent,59,16,3.5174724803615747,3.388827754554905,7.186557276174426,0.4703027628315804,1
qwen14B-int4_retail_50runs,int4,2aa28f78-37e6-45c0-8f76-66cc05777eb8,14,36,agent,53,12,0.3899677755293937,0.33836536900927666,0.5635769491394361,0.7646164725498497,1
qwen14B-int4_retail_50runs,int4,2aa28f78-37e6-45c0-8f76-66cc05777eb8,16,36,agent,178,15,0.29721319969407856,0.2457474693999033,1.4534166485071183,0.8729995583525759,1
qwen14B-int4_retail_50runs,int4,2aa28f78-37e6-45c0-8f76-66cc05777eb8,18,36,agent,203,38,1.5941290243738497,1.5426563704548635,5.106143458109153,0.7010849165440445,1
qwen14B-int4_retail_50runs,int4,2aa28f78-37e6-45c0-8f76-66cc05777eb8,21,36,agent,64,15,0.36196357576006377,0.34788817099134645,0.7702872167030971,0.7735238417570682,1
qwen14B-int4_retail_50runs,int4,2aa28f78-37e6-45c0-8f76-66cc05777eb8,23,36,agent,99,14,1.9704810560944606,1.827327924842984,6.169584474393299,0.6684451307895597,1
qwen14B-int4_retail_50runs,int4,2aa28f78-37e6-45c0-8f76-66cc05777eb8,25,36,agent,90,18,0.4549253877626422,0.5501751513022616,1.4630698594782088,0.7814691471339643,1
qwen14B-int4_retail_50runs,int4,2aa28f78-37e6-45c0-8f76-66cc05777eb8,27,36,agent,195,22,1.2970190717814143,1.219080785717482,5.74603691493923,0.772829222599777,1
qwen14B-int4_retail_50runs,int4,2aa28f78-37e6-45c0-8f76-66cc05777eb8,30,36,agent,81,18,0.5064434739199494,0.5096468928713704,1.2905936497781012,0.733667673935054,1
qwen14B-int4_retail_50runs,int4,2aa28f78-37e6-45c0-8f76-66cc05777eb8,32,36,agent,65,17,3.5497768609012486,3.2419608950276633,7.2136044213000465,0.49712101926570357,1
qwen14B-int4_retail_50runs,int4,2aa28f78-37e6-45c0-8f76-66cc05777eb8,34,36,agent,87,17,0.3723923472579407,0.458042130478252,1.365009036134271,0.8313150160584947,1
qwen14B-int4_retail_50runs,int4,3f366797-67a0-479e-a62a-81f3752f44be,2,40,agent,141,53,1.6611055907826007,2.0791258910172603,2.6756766042057074,0.5287544743318138,1
qwen14B-int4_retail_50runs,int4,3f366797-67a0-479e-a62a-81f3752f44be,4,40,agent,59,17,4.108875005226966,3.8432308406722777,7.188436907880447,0.4229298028851468,1
qwen14B-int4_retail_50runs,int4,3f366797-67a0-479e-a62a-81f3752f44be,6,40,agent,55,19,1.127589309981861,1.2106934395442415,1.7736226335952157,0.5725964936811151,1
qwen14B-int4_retail_50runs,int4,3f366797-67a0-479e-a62a-81f3752f44be,8,40,agent,74,18,2.759568014312876,2.603110226962755,5.322347063985136,0.5780143398700417,1
qwen14B-int4_retail_50runs,int4,3f366797-67a0-479e-a62a-81f3752f44be,10,40,agent,61,18,0.5781161218796924,0.7763139236267305,1.0232127155694697,0.7012497551893753,1
qwen14B-int4_retail_50runs,int4,3f366797-67a0-479e-a62a-81f3752f44be,12,40,agent,119,33,0.6613457982636012,0.727326454294543,1.2295935740976622,0.681211671680587,1
qwen14B-int4_retail_50runs,int4,3f366797-67a0-479e-a62a-81f3752f44be,14,40,agent,182,41,0.40380746465025885,0.4582535986895264,0.8965061853935079,0.7658551752514993,1
qwen14B-int4_retail_50runs,int4,3f366797-67a0-479e-a62a-81f3752f44be,16,40,agent,78,17,0.29865133836540114,0.36625376612614013,0.8301830545944326,0.8268714862234796,1
qwen14B-int4_retail_50runs,int4,3f366797-67a0-479e-a62a-81f3752f44be,18,40,agent,57,13,3.7515537774392276,3.5764607249646723,7.8514986003820715,0.49944881163169097,1
qwen14B-int4_retail_50runs,int4,3f366797-67a0-479e-a62a-81f3752f44be,20,40,agent,72,8,0.21231396115265966,0.2614424527273143,1.040312822908163,0.8707013491084397,1
qwen14B-int4_retail_50runs,int4,3f366797-67a0-479e-a62a-81f3752f44be,22,40,agent,73,6,0.09021714369541785,0.08190729562509033,0.4546823824445407,0.9323016926388109,1
qwen14B-int4_retail_50runs,int4,3f366797-67a0-479e-a62a-81f3752f44be,24,40,agent,58,9,3.3197621637753594,3.1919495260889295,10.814567804336548,0.5084621446654028,1
qwen14B-int4_retail_50runs,int4,3f366797-67a0-479e-a62a-81f3752f44be,26,40,agent,89,13,0.2034254320050135,0.2176646421645569,0.6958938733889506,0.8717745160088617,1
qwen14B-int4_retail_50runs,int4,3f366797-67a0-479e-a62a-81f3752f44be,28,40,agent,119,19,0.2888307341938126,0.33508004318829476,0.9984445422887802,0.8519106213666614,1
qwen14B-int4_retail_50runs,int4,3f366797-67a0-479e-a62a-81f3752f44be,30,40,agent,137,35,1.229357488380387,1.384569818324264,3.203355156949588,0.7064455481235644,1
qwen14B-int4_retail_50runs,int4,3f366797-67a0-479e-a62a-81f3752f44be,32,40,agent,122,21,0.22159919748534884,0.22050524021641899,0.39157754289252417,0.860949626634895,1
qwen14B-int4_retail_50runs,int4,3f366797-67a0-479e-a62a-81f3752f44be,34,40,agent,115,25,0.7531580173634466,1.0015578840535084,2.0702543327212335,0.7272885691010953,1
qwen14B-int4_retail_50runs,int4,3f366797-67a0-479e-a62a-81f3752f44be,36,40,agent,74,22,3.178459228245395,3.2059837108422933,4.699770850214091,0.4844356476030086,1
qwen14B-int4_retail_50runs,int4,3f366797-67a0-479e-a62a-81f3752f44be,38,40,agent,18,2,3.4335985590698073,2.128459587604356,5.252676725387573,0.5877456619160996,1
qwen14B-int4_retail_50runs,int4,005936d1-ef9e-4ce6-a2c0-a9fcf93c54db,2,22,agent,79,24,1.6659138042202324,2.158317714540565,3.5906802602112293,0.5647756997036829,1
qwen14B-int4_retail_50runs,int4,005936d1-ef9e-4ce6-a2c0-a9fcf93c54db,4,22,agent,117,24,2.821257820803976,2.729382116174781,5.425001836071412,0.4783130145142919,1
qwen14B-int4_retail_50runs,int4,005936d1-ef9e-4ce6-a2c0-a9fcf93c54db,7,22,agent,126,30,0.8839867283306526,0.952272521012141,2.0993566130598387,0.6629938153216502,1
qwen14B-int4_retail_50runs,int4,005936d1-ef9e-4ce6-a2c0-a9fcf93c54db,9,22,agent,147,29,1.8939514024268438,1.8597540173909064,4.918375088736929,0.6277500668748001,1
qwen14B-int4_retail_50runs,int4,005936d1-ef9e-4ce6-a2c0-a9fcf93c54db,12,22,agent,69,13,0.6180368791777947,0.6302226075936671,1.4832833317609935,0.7467468618899654,1
qwen14B-int4_retail_50runs,int4,005936d1-ef9e-4ce6-a2c0-a9fcf93c54db,14,22,agent,61,16,0.4685503174635025,0.4933279406175295,1.0781406126916409,0.7549254356870162,1
qwen14B-int4_retail_50runs,int4,005936d1-ef9e-4ce6-a2c0-a9fcf93c54db,16,22,agent,102,23,0.4201688644346061,0.392768369006727,1.055419342349405,0.7636308947004934,1
qwen14B-int4_retail_50runs,int4,005936d1-ef9e-4ce6-a2c0-a9fcf93c54db,18,22,agent,92,20,0.36767229333288004,0.414031202754459,1.1668030373752116,0.7873611201759027,1
qwen14B-int4_retail_50runs,int4,005936d1-ef9e-4ce6-a2c0-a9fcf93c54db,20,22,agent,75,18,0.5731173325976758,0.5938237363753395,1.3589485362172127,0.7561242497654628,1
qwen14B-int4_retail_50runs,int4,0423cdbf-983d-4c0f-9e94-554b15a1d897,2,44,agent,97,31,1.757751224020739,1.4670238398516982,2.1992849397563163,0.5429889413534743,0
qwen14B-int4_retail_50runs,int4,0423cdbf-983d-4c0f-9e94-554b15a1d897,4,44,agent,37,15,3.1995994519664825,4.450744685631662,5.98860531449318,0.4419042758641501,0
qwen14B-int4_retail_50runs,int4,0423cdbf-983d-4c0f-9e94-554b15a1d897,6,44,agent,77,23,1.1689492784634854,1.4513374575437006,2.717627872591433,0.6408446254782069,0
qwen14B-int4_retail_50runs,int4,0423cdbf-983d-4c0f-9e94-554b15a1d897,8,44,agent,73,19,2.9606227365966307,2.7882159643497877,5.605813296217668,0.5485361686572531,0
qwen14B-int4_retail_50runs,int4,0423cdbf-983d-4c0f-9e94-554b15a1d897,10,44,agent,58,14,0.4244434130797959,0.5462593731253484,1.0130461720483643,0.7830187276411338,0
qwen14B-int4_retail_50runs,int4,0423cdbf-983d-4c0f-9e94-554b15a1d897,12,44,agent,99,17,0.5221276162114187,0.5503634234312111,1.4919102362850134,0.774240859387338,0
qwen14B-int4_retail_50runs,int4,0423cdbf-983d-4c0f-9e94-554b15a1d897,14,44,agent,29,7,0.6936147801621457,1.0038934079927613,1.9247193400348936,0.7616390981478218,0
qwen14B-int4_retail_50runs,int4,0423cdbf-983d-4c0f-9e94-554b15a1d897,16,44,agent,103,20,0.4729296239910092,0.6186176096484624,1.3850648015737534,0.8099789751259594,0
qwen14B-int4_retail_50runs,int4,0423cdbf-983d-4c0f-9e94-554b15a1d897,18,44,agent,50,12,0.3787011584608604,0.36562516460966704,0.9195867522309223,0.7970967320544071,0
qwen14B-int4_retail_50runs,int4,0423cdbf-983d-4c0f-9e94-554b15a1d897,20,44,agent,54,8,0.3427066010538844,0.3396299254406697,0.6882938761264086,0.8323436078147688,0
qwen14B-int4_retail_50runs,int4,0423cdbf-983d-4c0f-9e94-554b15a1d897,22,44,agent,96,12,0.28618841206539963,0.25509761414448356,0.965885765850544,0.829422852019424,0
qwen14B-int4_retail_50runs,int4,0423cdbf-983d-4c0f-9e94-554b15a1d897,24,44,agent,40,16,1.0790624711220116,0.9305591437163266,1.3568233596161008,0.5963076064785755,0
qwen14B-int4_retail_50runs,int4,0423cdbf-983d-4c0f-9e94-554b15a1d897,26,44,agent,78,16,0.43418840243257445,0.4230041979503044,1.0467778271995485,0.796250764069554,0
qwen14B-int4_retail_50runs,int4,0423cdbf-983d-4c0f-9e94-554b15a1d897,28,44,agent,49,20,2.736735443290873,3.454786233112221,4.935991687327624,0.49231141601548956,0
qwen14B-int4_retail_50runs,int4,0423cdbf-983d-4c0f-9e94-554b15a1d897,30,44,agent,86,25,0.9363627895962419,0.9574053581591896,1.6937403404712676,0.6785950434821962,0
qwen14B-int4_retail_50runs,int4,0423cdbf-983d-4c0f-9e94-554b15a1d897,32,44,agent,61,18,0.46980018259240247,0.5414658657581527,0.8028112666474448,0.7315376195406008,0
qwen14B-int4_retail_50runs,int4,0423cdbf-983d-4c0f-9e94-554b15a1d897,34,44,agent,72,22,0.41011295868436204,0.4702253461629274,0.7756640440361067,0.7378628153696378,0
qwen14B-int4_retail_50runs,int4,0423cdbf-983d-4c0f-9e94-554b15a1d897,36,44,agent,80,21,0.3718022355592476,0.426461526322192,0.8590604052657173,0.7708967919601859,0
qwen14B-int4_retail_50runs,int4,0423cdbf-983d-4c0f-9e94-554b15a1d897,38,44,agent,132,35,0.3940443606873686,0.4993180842760021,1.030067738039153,0.7776611990634885,0
qwen14B-int4_retail_50runs,int4,0423cdbf-983d-4c0f-9e94-554b15a1d897,40,44,agent,75,17,0.3849584989285951,0.4063621064407178,0.9802040063283023,0.7869487274602915,0
qwen14B-int4_retail_50runs,int4,0423cdbf-983d-4c0f-9e94-554b15a1d897,42,44,agent,170,31,0.3856221151955223,0.41543847726897026,1.2071909813150283,0.792898126397946,0
qwen14B-int4_retail_50runs,int4,2bd50efc-7428-4ab1-a65b-f3d4d9ca8405,2,24,agent,95,29,1.6044011632118231,2.2388029505806695,3.496113220679349,0.5759276926088744,1
qwen14B-int4_retail_50runs,int4,2bd50efc-7428-4ab1-a65b-f3d4d9ca8405,4,24,agent,60,17,4.049006138644552,3.9063480862570956,7.923180215498981,0.4757784299466372,1
qwen14B-int4_retail_50runs,int4,2bd50efc-7428-4ab1-a65b-f3d4d9ca8405,6,24,agent,100,22,0.4554671131642863,0.4014852093939837,0.9947111101990397,0.781022938679625,1
qwen14B-int4_retail_50runs,int4,2bd50efc-7428-4ab1-a65b-f3d4d9ca8405,8,24,agent,21,5,0.9601648359592738,1.6053759089395911,1.5728217273950578,0.6787112727423041,1
qwen14B-int4_retail_50runs,int4,2bd50efc-7428-4ab1-a65b-f3d4d9ca8405,10,24,agent,150,32,0.43048239306349123,0.4227266591244975,1.2315086391754448,0.7710222073103598,1
qwen14B-int4_retail_50runs,int4,2bd50efc-7428-4ab1-a65b-f3d4d9ca8405,12,24,agent,155,43,0.7338046875740093,0.8108986860561345,1.4850874676607375,0.6657746421208445,1
qwen14B-int4_retail_50runs,int4,2bd50efc-7428-4ab1-a65b-f3d4d9ca8405,14,24,agent,105,28,1.0252493707690693,1.1216443759075885,1.9546351342328958,0.6416560779831106,1
qwen14B-int4_retail_50runs,int4,2bd50efc-7428-4ab1-a65b-f3d4d9ca8405,16,24,agent,58,17,3.514348903284748,3.3575785476041022,5.603128435857156,0.45947593798831515,1
qwen14B-int4_retail_50runs,int4,2bd50efc-7428-4ab1-a65b-f3d4d9ca8405,18,24,agent,103,19,0.5007667571950706,0.5214726962203328,1.1045709024918706,0.7747434345898676,1
qwen14B-int4_retail_50runs,int4,2bd50efc-7428-4ab1-a65b-f3d4d9ca8405,20,24,agent,78,12,2.596846805300099,2.441523181733701,7.219844970852137,0.5693335297058411,1
qwen14B-int4_retail_50runs,int4,2bd50efc-7428-4ab1-a65b-f3d4d9ca8405,22,24,agent,90,22,0.3551533426203143,0.36796966837654554,0.8281259929591959,0.7953184322937539,1
qwen14B-int4_retail_50runs,int4,26dd4046-c7be-4167-8a7b-1d2bd0564ce0,2,18,agent,35,12,2.711144643418915,3.598120772411858,4.8018229603767395,0.4514026321715048,1
qwen14B-int4_retail_50runs,int4,26dd4046-c7be-4167-8a7b-1d2bd0564ce0,4,18,agent,127,41,0.5922709861626525,0.7365568286300065,1.160053030383296,0.7092693418444306,1
qwen14B-int4_retail_50runs,int4,26dd4046-c7be-4167-8a7b-1d2bd0564ce0,6,18,agent,89,26,0.4048736788759637,0.4524889126994158,0.7384256906807423,0.7431205776138035,1
qwen14B-int4_retail_50runs,int4,26dd4046-c7be-4167-8a7b-1d2bd0564ce0,8,18,agent,80,10,0.3192432591996874,0.2928675667866363,0.9199362844228745,0.8333710726633431,1
qwen14B-int4_retail_50runs,int4,26dd4046-c7be-4167-8a7b-1d2bd0564ce0,10,18,agent,147,32,0.496820882447779,0.4558183807376829,0.9558530813083053,0.7082890780825535,1
qwen14B-int4_retail_50runs,int4,26dd4046-c7be-4167-8a7b-1d2bd0564ce0,12,18,agent,141,24,0.42237950874185204,0.3658117914348338,1.089635057374835,0.78973322797596,1
qwen14B-int4_retail_50runs,int4,26dd4046-c7be-4167-8a7b-1d2bd0564ce0,14,18,agent,127,20,0.44401844621712383,0.40374282222390706,1.2695809949189425,0.7761846065707745,1
qwen14B-int4_retail_50runs,int4,26dd4046-c7be-4167-8a7b-1d2bd0564ce0,16,18,agent,83,16,0.26544644952032037,0.24649354212245883,0.5535829234868288,0.823831383945102,1
qwen14B-int4_retail_50runs,int4,0914f922-08c7-4483-a6b2-2736351582e9,2,24,agent,77,29,2.2043497098967975,2.732135365593936,3.703228307181391,0.5151840716168654,1
qwen14B-int4_retail_50runs,int4,0914f922-08c7-4483-a6b2-2736351582e9,4,24,agent,73,19,3.3495101840927584,3.2291748108598597,5.859436831976238,0.48700877417403254,1
qwen14B-int4_retail_50runs,int4,0914f922-08c7-4483-a6b2-2736351582e9,6,24,agent,93,31,1.075665979055364,1.2555225625871713,2.1002309990506016,0.6104713612120679,1
qwen14B-int4_retail_50runs,int4,0914f922-08c7-4483-a6b2-2736351582e9,8,24,agent,82,18,0.5014117168042104,0.49655641263215333,1.228839787344138,0.7689646251468403,1
qwen14B-int4_retail_50runs,int4,0914f922-08c7-4483-a6b2-2736351582e9,10,24,agent,33,12,0.904036036844342,1.1947765177554175,1.6960493388275306,0.6290052159967328,1
qwen14B-int4_retail_50runs,int4,0914f922-08c7-4483-a6b2-2736351582e9,12,24,agent,132,26,0.3980528096957032,0.35130491919211476,1.1441503258851857,0.8158022639077972,1
qwen14B-int4_retail_50runs,int4,0914f922-08c7-4483-a6b2-2736351582e9,14,24,agent,94,23,0.7809201885515741,0.7534553930472588,1.293621092710806,0.6651173133040663,1
qwen14B-int4_retail_50runs,int4,0914f922-08c7-4483-a6b2-2736351582e9,16,24,agent,100,32,0.7462623161309466,0.8599141658962383,1.5430267015472054,0.6711777034345049,1
qwen14B-int4_retail_50runs,int4,0914f922-08c7-4483-a6b2-2736351582e9,18,24,agent,53,21,0.9557858675258136,1.185165014452953,1.9363210045156025,0.647993195133474,1
qwen14B-int4_retail_50runs,int4,0914f922-08c7-4483-a6b2-2736351582e9,20,24,agent,146,26,0.29781774609841705,0.29696119169899493,1.0964417560742452,0.8317303435122683,1
qwen14B-int4_retail_50runs,int4,0914f922-08c7-4483-a6b2-2736351582e9,22,24,agent,56,11,0.4778468591484731,0.706612670843477,1.7466742125424473,0.799085524041228,1
qwen14B-int4_retail_50runs,int4,546c839d-2b9a-426a-8875-378e518db9bc,2,41,agent,148,49,1.6415421212446524,2.0249856549925176,2.9115096987510216,0.5391634143252436,1
qwen14B-int4_retail_50runs,int4,546c839d-2b9a-426a-8875-378e518db9bc,4,41,agent,58,15,3.855706512296023,3.734842897935667,6.1905044655005135,0.4201742913132953,1
qwen14B-int4_retail_50runs,int4,546c839d-2b9a-426a-8875-378e518db9bc,6,41,agent,99,25,0.9688808836573854,1.2172471714841473,2.6906769132614134,0.7449046661370603,1
qwen14B-int4_retail_50runs,int4,546c839d-2b9a-426a-8875-378e518db9bc,8,41,agent,72,20,3.2941576965057013,3.170229085136785,6.451857805252075,0.5051579422049397,1
qwen14B-int4_retail_50runs,int4,546c839d-2b9a-426a-8875-378e518db9bc,10,41,agent,57,14,3.63889881242645,3.5417509723546843,7.283032112887928,0.470037788546691,1
qwen14B-int4_retail_50runs,int4,546c839d-2b9a-426a-8875-378e518db9bc,12,41,agent,286,53,0.5015158718544668,0.47013543837365535,1.2635592773275555,0.7558586729497866,1
qwen14B-int4_retail_50runs,int4,546c839d-2b9a-426a-8875-378e518db9bc,14,41,agent,64,16,0.6558733741238355,0.6800540504829653,1.4553936989977956,0.7041265330415435,1
qwen14B-int4_retail_50runs,int4,546c839d-2b9a-426a-8875-378e518db9bc,16,41,agent,155,25,0.5062449335492727,0.5196636804929061,1.8074469631910324,0.8218391059251212,1
qwen14B-int4_retail_50runs,int4,546c839d-2b9a-426a-8875-378e518db9bc,18,41,agent,115,13,0.3189140489262585,0.3257886693981553,1.3707298269638648,0.8490405501661021,1
qwen14B-int4_retail_50runs,int4,546c839d-2b9a-426a-8875-378e518db9bc,20,41,agent,92,28,0.876410001566911,1.020964556142733,1.7332568322973592,0.6623558642763822,1
qwen14B-int4_retail_50runs,int4,546c839d-2b9a-426a-8875-378e518db9bc,22,41,agent,74,13,0.37903731944275404,0.3076038870955731,0.9154470952657553,0.7796293757704499,1
qwen14B-int4_retail_50runs,int4,546c839d-2b9a-426a-8875-378e518db9bc,24,41,agent,126,28,0.4921157172833761,0.5431575125383916,1.2581832211996828,0.7666665545669212,1
qwen14B-int4_retail_50runs,int4,546c839d-2b9a-426a-8875-378e518db9bc,26,41,agent,115,26,0.300695697664047,0.379163634644376,0.8624682933665239,0.8163648089890699,1
qwen14B-int4_retail_50runs,int4,546c839d-2b9a-426a-8875-378e518db9bc,28,41,agent,114,22,0.2311450489970735,0.27973361161315397,0.7020902081646703,0.8473531066036772,1
qwen14B-int4_retail_50runs,int4,546c839d-2b9a-426a-8875-378e518db9bc,30,41,agent,144,22,0.1704915167849994,0.21121081889531257,0.6141422567042437,0.8864305267870438,1
qwen14B-int4_retail_50runs,int4,546c839d-2b9a-426a-8875-378e518db9bc,32,41,agent,46,6,0.15757267774800757,0.14157024736741353,0.4022994389136632,0.8829571361474728,1
qwen14B-int4_retail_50runs,int4,546c839d-2b9a-426a-8875-378e518db9bc,35,41,agent,172,25,0.1493485168571399,0.15018459618415636,0.45168652534484866,0.890221798255372,1
qwen14B-int4_retail_50runs,int4,546c839d-2b9a-426a-8875-378e518db9bc,37,41,agent,36,4,0.28982578284735994,0.40898464756624203,1.4301257878541946,0.8720906558289031,1
qwen14B-int4_retail_50runs,int4,546c839d-2b9a-426a-8875-378e518db9bc,39,41,agent,178,14,0.11261446154985841,0.13409399077077044,0.6269937455654144,0.9249037292036703,1
qwen14B-int4_retail_50runs,int4,f41b2b27-cc89-447d-85db-850f263d1838,2,26,agent,29,7,2.846862143526495,3.7325899108846414,4.591733981456075,0.6386554373619737,1
qwen14B-int4_retail_50runs,int4,f41b2b27-cc89-447d-85db-850f263d1838,4,26,agent,46,8,0.7454940250795764,0.673204976292643,1.0627271607518196,0.7733581145857336,1
qwen14B-int4_retail_50runs,int4,f41b2b27-cc89-447d-85db-850f263d1838,6,26,agent,40,10,1.768295825550581,1.894941780110292,3.4301120683550836,0.5672861311345141,1
qwen14B-int4_retail_50runs,int4,f41b2b27-cc89-447d-85db-850f263d1838,8,26,agent,19,3,0.3032782414848043,0.24510196660134276,1.2014147490262985,0.8348621716871202,1
qwen14B-int4_retail_50runs,int4,f41b2b27-cc89-447d-85db-850f263d1838,10,26,agent,50,7,0.3235847953227629,0.1838681208780129,0.8316682683570045,0.8357828344577891,1
qwen14B-int4_retail_50runs,int4,f41b2b27-cc89-447d-85db-850f263d1838,12,26,agent,56,10,0.48735341122898684,0.4842521774427599,0.758024774491787,0.7895470575183737,1
qwen14B-int4_retail_50runs,int4,f41b2b27-cc89-447d-85db-850f263d1838,14,26,agent,121,24,0.44023177148060344,0.4398371815136631,1.2167868263398607,0.758148019065714,1
qwen14B-int4_retail_50runs,int4,f41b2b27-cc89-447d-85db-850f263d1838,16,26,agent,61,16,0.8021267036093053,0.8595354640351188,2.0725023918785155,0.6994660508230501,1
qwen14B-int4_retail_50runs,int4,f41b2b27-cc89-447d-85db-850f263d1838,18,26,agent,123,18,0.430554051847755,0.33608336071817124,0.8504121539493402,0.7743693410828025,1
qwen14B-int4_retail_50runs,int4,f41b2b27-cc89-447d-85db-850f263d1838,20,26,agent,142,24,0.39977799315761203,0.37908729588401213,1.1327371271327138,0.7774349694712287,1
qwen14B-int4_retail_50runs,int4,f41b2b27-cc89-447d-85db-850f263d1838,22,26,agent,94,12,0.22404244291115924,0.27393748123848,0.8105551190674305,0.8654708603750031,1
qwen14B-int4_retail_50runs,int4,f41b2b27-cc89-447d-85db-850f263d1838,24,26,agent,53,13,0.3762162895655873,0.38110861385497025,0.6431176249797528,0.7837223923287292,1
qwen14B-int4_retail_50runs,int4,d1fb6031-b9eb-45b5-a7e3-694341882e09,2,20,agent,76,26,1.597291930385323,2.063019233162766,2.9164231657408752,0.5647297692841878,1
qwen14B-int4_retail_50runs,int4,d1fb6031-b9eb-45b5-a7e3-694341882e09,4,20,agent,71,21,3.6453875463170973,3.499442867762112,5.999766582534427,0.4729478556429694,1
qwen14B-int4_retail_50runs,int4,d1fb6031-b9eb-45b5-a7e3-694341882e09,6,20,agent,87,27,0.8953860121914332,1.0208922900475292,1.7418960680564244,0.6704431375539283,1
qwen14B-int4_retail_50runs,int4,d1fb6031-b9eb-45b5-a7e3-694341882e09,8,20,agent,91,23,0.556550525625705,0.6563359021614431,1.3311198139968126,0.7311846497108702,1
qwen14B-int4_retail_50runs,int4,d1fb6031-b9eb-45b5-a7e3-694341882e09,10,20,agent,112,22,0.301131613875106,0.3205500150983794,0.7505979629402811,0.8140074352873,1
qwen14B-int4_retail_50runs,int4,d1fb6031-b9eb-45b5-a7e3-694341882e09,12,20,agent,124,19,0.2495224613797743,0.3317063842513678,1.1167826981920945,0.8641216750824948,1
qwen14B-int4_retail_50runs,int4,d1fb6031-b9eb-45b5-a7e3-694341882e09,14,20,agent,159,24,0.37580299593057764,0.4787124254540192,1.6092107786486547,0.8465103209801462,1
qwen14B-int4_retail_50runs,int4,d1fb6031-b9eb-45b5-a7e3-694341882e09,16,20,agent,64,13,0.33883364403800886,0.374222430825057,0.6858821431031594,0.8081887481946008,1
qwen14B-int4_retail_50runs,int4,d1fb6031-b9eb-45b5-a7e3-694341882e09,18,20,agent,18,3,2.926868226406062,1.3544592977126513,1.6410802205403645,0.5712403710742179,1
qwen14B-int4_retail_50runs,int4,0083e08f-a7b5-43f4-aa0b-6a9b83041eaa,2,14,agent,75,28,2.3335844999686866,2.806803067139117,3.972371013036796,0.5225435038500206,1
qwen14B-int4_retail_50runs,int4,0083e08f-a7b5-43f4-aa0b-6a9b83041eaa,4,14,agent,71,18,3.3170614562497085,3.171696749849907,6.104184064600203,0.4877555204687555,1
qwen14B-int4_retail_50runs,int4,0083e08f-a7b5-43f4-aa0b-6a9b83041eaa,6,14,agent,115,31,0.984165597533872,1.2002171003860456,2.3857102358052806,0.665407705403685,1
qwen14B-int4_retail_50runs,int4,0083e08f-a7b5-43f4-aa0b-6a9b83041eaa,8,14,agent,133,35,0.6908725267192121,0.878332050745804,1.557148509791919,0.6937250825585296,1
qwen14B-int4_retail_50runs,int4,0083e08f-a7b5-43f4-aa0b-6a9b83041eaa,10,14,agent,136,28,0.45684155466394216,0.49674515216479875,1.1472080360565866,0.7566790618814297,1
qwen14B-int4_retail_50runs,int4,0083e08f-a7b5-43f4-aa0b-6a9b83041eaa,12,14,agent,161,39,0.4519877039316381,0.49196823962426356,0.8789594752284197,0.7544505825589578,1
qwen14B-int4_retail_50runs,int4,63a2ac60-d58f-46fa-a1cc-72fb2c4f479f,2,28,agent,49,17,2.7736358720154217,3.460458652161008,4.144012126852484,0.4275256453588352,0
qwen14B-int4_retail_50runs,int4,63a2ac60-d58f-46fa-a1cc-72fb2c4f479f,4,28,agent,72,19,3.6003660001936972,3.482694389708,6.73298704624176,0.4824876164490177,0
qwen14B-int4_retail_50runs,int4,63a2ac60-d58f-46fa-a1cc-72fb2c4f479f,6,28,agent,65,19,0.6946578781656276,0.8722537039016423,1.5814049141971689,0.7043159238544887,0
qwen14B-int4_retail_50runs,int4,63a2ac60-d58f-46fa-a1cc-72fb2c4f479f,8,28,agent,72,20,0.5939317975589972,0.6794518260928718,1.1424246236681939,0.6941780282038276,0
qwen14B-int4_retail_50runs,int4,63a2ac60-d58f-46fa-a1cc-72fb2c4f479f,10,28,agent,284,28,1.4284441360666644,1.4117726545072122,6.234997112836156,0.6935168730120534,0
qwen14B-int4_retail_50runs,int4,63a2ac60-d58f-46fa-a1cc-72fb2c4f479f,16,28,agent,168,34,0.3619047859409847,0.3107166376536341,0.8847927295548075,0.788464572305877,0
qwen14B-int4_retail_50runs,int4,63a2ac60-d58f-46fa-a1cc-72fb2c4f479f,18,28,agent,77,26,0.8447435263354705,0.8030398267578166,1.2311043796631007,0.6313240022372084,0
qwen14B-int4_retail_50runs,int4,63a2ac60-d58f-46fa-a1cc-72fb2c4f479f,20,28,agent,174,24,0.23278061647927414,0.2203790363648002,0.8726499443873763,0.8556161328937151,0
qwen14B-int4_retail_50runs,int4,63a2ac60-d58f-46fa-a1cc-72fb2c4f479f,22,28,agent,180,25,0.33082202132074,0.3014722787731098,1.1538000336289407,0.8495655110111171,0
qwen14B-int4_retail_50runs,int4,63a2ac60-d58f-46fa-a1cc-72fb2c4f479f,24,28,agent,111,23,2.093278176308541,2.002791601820608,5.400671642759572,0.6539691303306937,0
qwen14B-int4_retail_50runs,int4,63a2ac60-d58f-46fa-a1cc-72fb2c4f479f,26,28,agent,239,32,0.2978842782804009,0.28353348800122774,1.4553528924006969,0.872057760500508,0
